fold,epoch,mse_train
0,0,0.07670862146283416
0,1,0.040358202348653276
0,2,0.030644331616599203
0,3,0.02786204763111295
0,4,0.02703957598467289
0,5,0.02679358922278494
0,6,0.026721131596053268
0,7,0.026701316783131458
0,8,0.026697172735546164
0,9,0.02669733759271096
0,10,0.026698398333989008
0,11,0.026699413309094366
0,12,0.026700188699642368
0,13,0.026700737169730353
0,14,0.0267011131960379
0,15,0.026701367715239996
0,16,0.026701539167691756
0,17,0.026701654500345805
0,18,0.02670173206428093
0,19,0.026701784224900212
0,20,0.026701819291878977
0,21,0.026701842851732934
0,22,0.0267018586648963
0,23,0.026701869265251574
0,24,0.026701876360973903
0,25,0.026701881103382327
0,26,0.026701884267887815
0,27,0.026701886376109603
0,28,0.026701887778420114
0,29,0.026701888709771845
0,30,0.02670188932744087
0,31,0.02670188973651809
0,32,0.026701890007100073
0,33,0.02670189018586154
0,34,0.02670189030383035
0,35,0.02670189038160073
0,36,0.02670189043282187
0,37,0.026701890466527763
0,38,0.026701890488689973
0,39,0.02670189050325123
0,40,0.02670189051281194
0,41,0.026701890519085548
0,42,0.026701890523199844
0,43,0.02670189052589661
0,44,0.02670189052766346
0,45,0.026701890528820528
0,46,0.026701890529577988
0,47,0.02670189053007367
0,48,0.026701890530397916
0,49,0.026701890530609982
0,50,0.026701890530748656
0,51,0.02670189053083932
0,52,0.026701890530898515
0,53,0.02670189053093721
0,54,0.026701890530962537
0,55,0.026701890530979027
0,56,0.02670189053098988
0,57,0.026701890530996898
0,58,0.0267018905310015
0,59,0.026701890531004517
0,60,0.026701890531006443
0,61,0.026701890531007723
0,62,0.026701890531008556
0,63,0.026701890531009086
0,64,0.02670189053100944
0,65,0.0267018905310097
0,66,0.026701890531009874
0,67,0.02670189053100997
0,68,0.026701890531010054
0,69,0.0267018905310101
0,70,0.02670189053101013
0,71,0.02670189053101014
0,72,0.02670189053101015
0,73,0.026701890531010162
0,74,0.026701890531010165
0,75,0.026701890531010165
0,76,0.026701890531010172
0,77,0.026701890531010172
0,78,0.026701890531010172
0,79,0.02670189053101018
0,80,0.02670189053101018
0,81,0.02670189053101018
0,82,0.02670189053101018
0,83,0.026701890531010172
0,84,0.02670189053101018
0,85,0.02670189053101018
0,86,0.02670189053101018
0,87,0.026701890531010172
0,88,0.026701890531010172
0,89,0.026701890531010172
0,90,0.026701890531010172
0,91,0.026701890531010172
0,92,0.026701890531010172
0,93,0.026701890531010172
0,94,0.026701890531010172
0,95,0.026701890531010172
0,96,0.026701890531010172
0,97,0.026701890531010172
0,98,0.026701890531010172
0,99,0.026701890531010172
0,100,0.026701890531010172
0,101,0.026701890531010172
0,102,0.026701890531010172
0,103,0.026701890531010172
0,104,0.026701890531010172
0,105,0.026701890531010172
0,106,0.026701890531010172
0,107,0.026701890531010172
0,108,0.026701890531010172
0,109,0.026701890531010172
0,110,0.026701890531010172
0,111,0.026701890531010172
0,112,0.026701890531010172
0,113,0.026701890531010172
0,114,0.026701890531010172
0,115,0.026701890531010172
0,116,0.026701890531010172
0,117,0.026701890531010172
0,118,0.026701890531010172
0,119,0.026701890531010172
0,120,0.026701890531010172
0,121,0.026701890531010172
0,122,0.026701890531010172
0,123,0.026701890531010172
0,124,0.026701890531010172
0,125,0.026701890531010172
0,126,0.026701890531010172
0,127,0.026701890531010172
0,128,0.026701890531010172
0,129,0.026701890531010172
0,130,0.026701890531010172
0,131,0.026701890531010172
0,132,0.026701890531010172
0,133,0.026701890531010172
0,134,0.026701890531010172
0,135,0.026701890531010172
0,136,0.026701890531010172
0,137,0.026701890531010172
0,138,0.026701890531010172
0,139,0.026701890531010172
0,140,0.026701890531010172
0,141,0.026701890531010172
0,142,0.026701890531010172
0,143,0.026701890531010172
0,144,0.026701890531010172
0,145,0.026701890531010172
0,146,0.026701890531010172
0,147,0.026701890531010172
0,148,0.026701890531010172
0,149,0.026701890531010172
0,150,0.026701890531010172
0,151,0.026701890531010172
0,152,0.026701890531010172
0,153,0.026701890531010172
0,154,0.026701890531010172
0,155,0.026701890531010172
0,156,0.026701890531010172
0,157,0.026701890531010172
0,158,0.026701890531010172
0,159,0.026701890531010172
0,160,0.026701890531010172
0,161,0.026701890531010172
0,162,0.026701890531010172
0,163,0.026701890531010172
0,164,0.026701890531010172
0,165,0.026701890531010172
0,166,0.026701890531010172
0,167,0.026701890531010172
0,168,0.026701890531010172
0,169,0.026701890531010172
0,170,0.026701890531010172
0,171,0.026701890531010172
0,172,0.026701890531010172
0,173,0.026701890531010172
0,174,0.026701890531010172
0,175,0.026701890531010172
0,176,0.026701890531010172
0,177,0.026701890531010172
0,178,0.026701890531010172
0,179,0.026701890531010172
0,180,0.026701890531010172
0,181,0.026701890531010172
0,182,0.026701890531010172
0,183,0.026701890531010172
0,184,0.026701890531010172
0,185,0.026701890531010172
0,186,0.026701890531010172
0,187,0.026701890531010172
0,188,0.026701890531010172
0,189,0.026701890531010172
0,190,0.026701890531010172
0,191,0.026701890531010172
0,192,0.026701890531010172
0,193,0.026701890531010172
0,194,0.026701890531010172
0,195,0.026701890531010172
0,196,0.026701890531010172
0,197,0.026701890531010172
0,198,0.026701890531010172
0,199,0.026701890531010172
0,200,0.026701890531010172
0,201,0.026701890531010172
0,202,0.026701890531010172
0,203,0.026701890531010172
0,204,0.026701890531010172
0,205,0.026701890531010172
0,206,0.026701890531010172
0,207,0.026701890531010172
0,208,0.026701890531010172
0,209,0.026701890531010172
0,210,0.026701890531010172
0,211,0.026701890531010172
0,212,0.026701890531010172
0,213,0.026701890531010172
0,214,0.026701890531010172
0,215,0.026701890531010172
0,216,0.026701890531010172
0,217,0.026701890531010172
0,218,0.026701890531010172
0,219,0.026701890531010172
0,220,0.026701890531010172
0,221,0.026701890531010172
0,222,0.026701890531010172
0,223,0.026701890531010172
0,224,0.026701890531010172
0,225,0.026701890531010172
0,226,0.026701890531010172
0,227,0.026701890531010172
0,228,0.026701890531010172
0,229,0.026701890531010172
0,230,0.026701890531010172
0,231,0.026701890531010172
0,232,0.026701890531010172
0,233,0.026701890531010172
0,234,0.026701890531010172
0,235,0.026701890531010172
0,236,0.026701890531010172
0,237,0.026701890531010172
0,238,0.026701890531010172
0,239,0.026701890531010172
0,240,0.026701890531010172
0,241,0.026701890531010172
0,242,0.026701890531010172
0,243,0.026701890531010172
0,244,0.026701890531010172
0,245,0.026701890531010172
0,246,0.026701890531010172
0,247,0.026701890531010172
0,248,0.026701890531010172
0,249,0.026701890531010172
0,250,0.026701890531010172
0,251,0.026701890531010172
0,252,0.026701890531010172
0,253,0.026701890531010172
0,254,0.026701890531010172
0,255,0.026701890531010172
0,256,0.026701890531010172
0,257,0.026701890531010172
0,258,0.026701890531010172
0,259,0.026701890531010172
0,260,0.026701890531010172
0,261,0.026701890531010172
0,262,0.026701890531010172
0,263,0.026701890531010172
0,264,0.026701890531010172
0,265,0.026701890531010172
0,266,0.026701890531010172
0,267,0.026701890531010172
0,268,0.026701890531010172
0,269,0.026701890531010172
0,270,0.026701890531010172
0,271,0.026701890531010172
0,272,0.026701890531010172
0,273,0.026701890531010172
0,274,0.026701890531010172
0,275,0.026701890531010172
0,276,0.026701890531010172
0,277,0.026701890531010172
0,278,0.026701890531010172
0,279,0.026701890531010172
0,280,0.026701890531010172
0,281,0.026701890531010172
0,282,0.026701890531010172
0,283,0.026701890531010172
0,284,0.026701890531010172
0,285,0.026701890531010172
0,286,0.026701890531010172
0,287,0.026701890531010172
0,288,0.026701890531010172
0,289,0.026701890531010172
0,290,0.026701890531010172
0,291,0.026701890531010172
0,292,0.026701890531010172
0,293,0.026701890531010172
0,294,0.026701890531010172
0,295,0.026701890531010172
0,296,0.026701890531010172
0,297,0.026701890531010172
0,298,0.026701890531010172
0,299,0.026701890531010172
0,300,0.026701890531010172
0,301,0.026701890531010172
0,302,0.026701890531010172
0,303,0.026701890531010172
0,304,0.026701890531010172
0,305,0.026701890531010172
0,306,0.026701890531010172
0,307,0.026701890531010172
0,308,0.026701890531010172
0,309,0.026701890531010172
0,310,0.026701890531010172
0,311,0.026701890531010172
0,312,0.026701890531010172
0,313,0.026701890531010172
0,314,0.026701890531010172
0,315,0.026701890531010172
0,316,0.026701890531010172
0,317,0.026701890531010172
0,318,0.026701890531010172
0,319,0.026701890531010172
0,320,0.026701890531010172
0,321,0.026701890531010172
0,322,0.026701890531010172
0,323,0.026701890531010172
0,324,0.026701890531010172
0,325,0.026701890531010172
0,326,0.026701890531010172
0,327,0.026701890531010172
0,328,0.026701890531010172
0,329,0.026701890531010172
0,330,0.026701890531010172
0,331,0.026701890531010172
0,332,0.026701890531010172
0,333,0.026701890531010172
0,334,0.026701890531010172
0,335,0.026701890531010172
0,336,0.026701890531010172
0,337,0.026701890531010172
0,338,0.026701890531010172
0,339,0.026701890531010172
0,340,0.026701890531010172
0,341,0.026701890531010172
0,342,0.026701890531010172
0,343,0.026701890531010172
0,344,0.026701890531010172
0,345,0.026701890531010172
0,346,0.026701890531010172
0,347,0.026701890531010172
0,348,0.026701890531010172
0,349,0.026701890531010172
0,350,0.026701890531010172
0,351,0.026701890531010172
0,352,0.026701890531010172
0,353,0.026701890531010172
0,354,0.026701890531010172
0,355,0.026701890531010172
0,356,0.026701890531010172
0,357,0.026701890531010172
0,358,0.026701890531010172
0,359,0.026701890531010172
0,360,0.026701890531010172
0,361,0.026701890531010172
0,362,0.026701890531010172
0,363,0.026701890531010172
0,364,0.026701890531010172
0,365,0.026701890531010172
0,366,0.026701890531010172
0,367,0.026701890531010172
0,368,0.026701890531010172
0,369,0.026701890531010172
0,370,0.026701890531010172
0,371,0.026701890531010172
0,372,0.026701890531010172
0,373,0.026701890531010172
0,374,0.026701890531010172
0,375,0.026701890531010172
0,376,0.026701890531010172
0,377,0.026701890531010172
0,378,0.026701890531010172
0,379,0.026701890531010172
0,380,0.026701890531010172
0,381,0.026701890531010172
0,382,0.026701890531010172
0,383,0.026701890531010172
0,384,0.026701890531010172
0,385,0.026701890531010172
0,386,0.026701890531010172
0,387,0.026701890531010172
0,388,0.026701890531010172
0,389,0.026701890531010172
0,390,0.026701890531010172
0,391,0.026701890531010172
0,392,0.026701890531010172
0,393,0.026701890531010172
0,394,0.026701890531010172
0,395,0.026701890531010172
0,396,0.026701890531010172
0,397,0.026701890531010172
0,398,0.026701890531010172
0,399,0.026701890531010172
0,400,0.026701890531010172
0,401,0.026701890531010172
0,402,0.026701890531010172
0,403,0.026701890531010172
0,404,0.026701890531010172
0,405,0.026701890531010172
0,406,0.026701890531010172
0,407,0.026701890531010172
0,408,0.026701890531010172
0,409,0.026701890531010172
0,410,0.026701890531010172
0,411,0.026701890531010172
0,412,0.026701890531010172
0,413,0.026701890531010172
0,414,0.026701890531010172
0,415,0.026701890531010172
0,416,0.026701890531010172
0,417,0.026701890531010172
0,418,0.026701890531010172
0,419,0.026701890531010172
0,420,0.026701890531010172
0,421,0.026701890531010172
0,422,0.026701890531010172
0,423,0.026701890531010172
0,424,0.026701890531010172
0,425,0.026701890531010172
0,426,0.026701890531010172
0,427,0.026701890531010172
0,428,0.026701890531010172
0,429,0.026701890531010172
0,430,0.026701890531010172
0,431,0.026701890531010172
0,432,0.026701890531010172
0,433,0.026701890531010172
0,434,0.026701890531010172
0,435,0.026701890531010172
0,436,0.026701890531010172
0,437,0.026701890531010172
0,438,0.026701890531010172
0,439,0.026701890531010172
0,440,0.026701890531010172
0,441,0.026701890531010172
0,442,0.026701890531010172
0,443,0.026701890531010172
0,444,0.026701890531010172
0,445,0.026701890531010172
0,446,0.026701890531010172
0,447,0.026701890531010172
0,448,0.026701890531010172
0,449,0.026701890531010172
0,450,0.026701890531010172
0,451,0.026701890531010172
0,452,0.026701890531010172
0,453,0.026701890531010172
0,454,0.026701890531010172
0,455,0.026701890531010172
0,456,0.026701890531010172
0,457,0.026701890531010172
0,458,0.026701890531010172
0,459,0.026701890531010172
0,460,0.026701890531010172
0,461,0.026701890531010172
0,462,0.026701890531010172
0,463,0.026701890531010172
0,464,0.026701890531010172
0,465,0.026701890531010172
0,466,0.026701890531010172
0,467,0.026701890531010172
0,468,0.026701890531010172
0,469,0.026701890531010172
0,470,0.026701890531010172
0,471,0.026701890531010172
0,472,0.026701890531010172
0,473,0.026701890531010172
0,474,0.026701890531010172
0,475,0.026701890531010172
0,476,0.026701890531010172
0,477,0.026701890531010172
0,478,0.026701890531010172
0,479,0.026701890531010172
0,480,0.026701890531010172
0,481,0.026701890531010172
0,482,0.026701890531010172
0,483,0.026701890531010172
0,484,0.026701890531010172
0,485,0.026701890531010172
0,486,0.026701890531010172
0,487,0.026701890531010172
0,488,0.026701890531010172
0,489,0.026701890531010172
0,490,0.026701890531010172
0,491,0.026701890531010172
0,492,0.026701890531010172
0,493,0.026701890531010172
0,494,0.026701890531010172
0,495,0.026701890531010172
0,496,0.026701890531010172
0,497,0.026701890531010172
0,498,0.026701890531010172
0,499,0.026701890531010172
1,0,0.08369009466307041
1,1,0.04070961122027969
1,2,0.03021048986593986
1,3,0.027320684761524737
1,4,0.026507056965996194
1,5,0.026291393955205283
1,6,0.02624855377635796
1,7,0.02625237289127347
1,8,0.026265560335102835
1,9,0.026277858064334008
1,10,0.026287170610922193
1,11,0.026293692027115664
1,12,0.026298094968589293
1,13,0.026301012473857875
1,14,0.0263029266170843
1,15,0.026304175960308495
1,16,0.02630498931510518
1,17,0.026305518271245255
1,18,0.026305862198323413
1,19,0.026306085873889128
1,20,0.02630623141165318
1,21,0.02630632616171948
1,22,0.026306387883553974
1,23,0.02630642811305881
1,24,0.02630645434796749
1,25,0.026306471464768458
1,26,0.02630648263732864
1,27,0.026306489932744568
1,28,0.02630649469811757
1,29,0.026306497811824498
1,30,0.026306499846894132
1,31,0.026306501177318885
1,32,0.026306502047283124
1,33,0.02630650261627315
1,34,0.02630650298848783
1,35,0.026306503232023413
1,36,0.0263065033913935
1,37,0.026306503495702734
1,38,0.026306503563984923
1,39,0.026306503608690066
1,40,0.026306503637963243
1,41,0.026306503657134186
1,42,0.026306503669690975
1,43,0.026306503677916582
1,44,0.026306503683305664
1,45,0.026306503686836832
1,46,0.026306503689150867
1,47,0.026306503690667518
1,48,0.02630650369166164
1,49,0.026306503692313323
1,50,0.026306503692740586
1,51,0.02630650369302076
1,52,0.026306503693204496
1,53,0.02630650369332501
1,54,0.026306503693404037
1,55,0.02630650369345592
1,56,0.026306503693489944
1,57,0.02630650369351223
1,58,0.02630650369352686
1,59,0.026306503693536477
1,60,0.026306503693542784
1,61,0.02630650369354692
1,62,0.026306503693549674
1,63,0.026306503693551433
1,64,0.026306503693552603
1,65,0.02630650369355337
1,66,0.026306503693553876
1,67,0.026306503693554202
1,68,0.026306503693554414
1,69,0.026306503693554553
1,70,0.026306503693554632
1,71,0.02630650369355471
1,72,0.02630650369355475
1,73,0.026306503693554778
1,74,0.026306503693554792
1,75,0.026306503693554802
1,76,0.02630650369355481
1,77,0.02630650369355482
1,78,0.02630650369355482
1,79,0.026306503693554827
1,80,0.026306503693554827
1,81,0.026306503693554827
1,82,0.026306503693554827
1,83,0.026306503693554827
1,84,0.026306503693554827
1,85,0.026306503693554827
1,86,0.026306503693554827
1,87,0.026306503693554827
1,88,0.026306503693554827
1,89,0.026306503693554827
1,90,0.026306503693554827
1,91,0.026306503693554827
1,92,0.026306503693554827
1,93,0.026306503693554827
1,94,0.026306503693554827
1,95,0.026306503693554827
1,96,0.026306503693554827
1,97,0.026306503693554827
1,98,0.026306503693554827
1,99,0.026306503693554827
1,100,0.026306503693554827
1,101,0.026306503693554827
1,102,0.026306503693554827
1,103,0.026306503693554827
1,104,0.026306503693554827
1,105,0.026306503693554827
1,106,0.026306503693554827
1,107,0.026306503693554827
1,108,0.026306503693554827
1,109,0.026306503693554827
1,110,0.026306503693554827
1,111,0.026306503693554827
1,112,0.026306503693554827
1,113,0.026306503693554827
1,114,0.026306503693554827
1,115,0.026306503693554827
1,116,0.026306503693554827
1,117,0.026306503693554827
1,118,0.026306503693554827
1,119,0.026306503693554827
1,120,0.026306503693554827
1,121,0.026306503693554827
1,122,0.026306503693554827
1,123,0.026306503693554827
1,124,0.026306503693554827
1,125,0.026306503693554827
1,126,0.026306503693554827
1,127,0.026306503693554827
1,128,0.026306503693554827
1,129,0.026306503693554827
1,130,0.026306503693554827
1,131,0.026306503693554827
1,132,0.026306503693554827
1,133,0.026306503693554827
1,134,0.026306503693554827
1,135,0.026306503693554827
1,136,0.026306503693554827
1,137,0.026306503693554827
1,138,0.026306503693554827
1,139,0.026306503693554827
1,140,0.026306503693554827
1,141,0.026306503693554827
1,142,0.026306503693554827
1,143,0.026306503693554827
1,144,0.026306503693554827
1,145,0.026306503693554827
1,146,0.026306503693554827
1,147,0.026306503693554827
1,148,0.026306503693554827
1,149,0.026306503693554827
1,150,0.026306503693554827
1,151,0.026306503693554827
1,152,0.026306503693554827
1,153,0.026306503693554827
1,154,0.026306503693554827
1,155,0.026306503693554827
1,156,0.026306503693554827
1,157,0.026306503693554827
1,158,0.026306503693554827
1,159,0.026306503693554827
1,160,0.026306503693554827
1,161,0.026306503693554827
1,162,0.026306503693554827
1,163,0.026306503693554827
1,164,0.026306503693554827
1,165,0.026306503693554827
1,166,0.026306503693554827
1,167,0.026306503693554827
1,168,0.026306503693554827
1,169,0.026306503693554827
1,170,0.026306503693554827
1,171,0.026306503693554827
1,172,0.026306503693554827
1,173,0.026306503693554827
1,174,0.026306503693554827
1,175,0.026306503693554827
1,176,0.026306503693554827
1,177,0.026306503693554827
1,178,0.026306503693554827
1,179,0.026306503693554827
1,180,0.026306503693554827
1,181,0.026306503693554827
1,182,0.026306503693554827
1,183,0.026306503693554827
1,184,0.026306503693554827
1,185,0.026306503693554827
1,186,0.026306503693554827
1,187,0.026306503693554827
1,188,0.026306503693554827
1,189,0.026306503693554827
1,190,0.026306503693554827
1,191,0.026306503693554827
1,192,0.026306503693554827
1,193,0.026306503693554827
1,194,0.026306503693554827
1,195,0.026306503693554827
1,196,0.026306503693554827
1,197,0.026306503693554827
1,198,0.026306503693554827
1,199,0.026306503693554827
1,200,0.026306503693554827
1,201,0.026306503693554827
1,202,0.026306503693554827
1,203,0.026306503693554827
1,204,0.026306503693554827
1,205,0.026306503693554827
1,206,0.026306503693554827
1,207,0.026306503693554827
1,208,0.026306503693554827
1,209,0.026306503693554827
1,210,0.026306503693554827
1,211,0.026306503693554827
1,212,0.026306503693554827
1,213,0.026306503693554827
1,214,0.026306503693554827
1,215,0.026306503693554827
1,216,0.026306503693554827
1,217,0.026306503693554827
1,218,0.026306503693554827
1,219,0.026306503693554827
1,220,0.026306503693554827
1,221,0.026306503693554827
1,222,0.026306503693554827
1,223,0.026306503693554827
1,224,0.026306503693554827
1,225,0.026306503693554827
1,226,0.026306503693554827
1,227,0.026306503693554827
1,228,0.026306503693554827
1,229,0.026306503693554827
1,230,0.026306503693554827
1,231,0.026306503693554827
1,232,0.026306503693554827
1,233,0.026306503693554827
1,234,0.026306503693554827
1,235,0.026306503693554827
1,236,0.026306503693554827
1,237,0.026306503693554827
1,238,0.026306503693554827
1,239,0.026306503693554827
1,240,0.026306503693554827
1,241,0.026306503693554827
1,242,0.026306503693554827
1,243,0.026306503693554827
1,244,0.026306503693554827
1,245,0.026306503693554827
1,246,0.026306503693554827
1,247,0.026306503693554827
1,248,0.026306503693554827
1,249,0.026306503693554827
1,250,0.026306503693554827
1,251,0.026306503693554827
1,252,0.026306503693554827
1,253,0.026306503693554827
1,254,0.026306503693554827
1,255,0.026306503693554827
1,256,0.026306503693554827
1,257,0.026306503693554827
1,258,0.026306503693554827
1,259,0.026306503693554827
1,260,0.026306503693554827
1,261,0.026306503693554827
1,262,0.026306503693554827
1,263,0.026306503693554827
1,264,0.026306503693554827
1,265,0.026306503693554827
1,266,0.026306503693554827
1,267,0.026306503693554827
1,268,0.026306503693554827
1,269,0.026306503693554827
1,270,0.026306503693554827
1,271,0.026306503693554827
1,272,0.026306503693554827
1,273,0.026306503693554827
1,274,0.026306503693554827
1,275,0.026306503693554827
1,276,0.026306503693554827
1,277,0.026306503693554827
1,278,0.026306503693554827
1,279,0.026306503693554827
1,280,0.026306503693554827
1,281,0.026306503693554827
1,282,0.026306503693554827
1,283,0.026306503693554827
1,284,0.026306503693554827
1,285,0.026306503693554827
1,286,0.026306503693554827
1,287,0.026306503693554827
1,288,0.026306503693554827
1,289,0.026306503693554827
1,290,0.026306503693554827
1,291,0.026306503693554827
1,292,0.026306503693554827
1,293,0.026306503693554827
1,294,0.026306503693554827
1,295,0.026306503693554827
1,296,0.026306503693554827
1,297,0.026306503693554827
1,298,0.026306503693554827
1,299,0.026306503693554827
1,300,0.026306503693554827
1,301,0.026306503693554827
1,302,0.026306503693554827
1,303,0.026306503693554827
1,304,0.026306503693554827
1,305,0.026306503693554827
1,306,0.026306503693554827
1,307,0.026306503693554827
1,308,0.026306503693554827
1,309,0.026306503693554827
1,310,0.026306503693554827
1,311,0.026306503693554827
1,312,0.026306503693554827
1,313,0.026306503693554827
1,314,0.026306503693554827
1,315,0.026306503693554827
1,316,0.026306503693554827
1,317,0.026306503693554827
1,318,0.026306503693554827
1,319,0.026306503693554827
1,320,0.026306503693554827
1,321,0.026306503693554827
1,322,0.026306503693554827
1,323,0.026306503693554827
1,324,0.026306503693554827
1,325,0.026306503693554827
1,326,0.026306503693554827
1,327,0.026306503693554827
1,328,0.026306503693554827
1,329,0.026306503693554827
1,330,0.026306503693554827
1,331,0.026306503693554827
1,332,0.026306503693554827
1,333,0.026306503693554827
1,334,0.026306503693554827
1,335,0.026306503693554827
1,336,0.026306503693554827
1,337,0.026306503693554827
1,338,0.026306503693554827
1,339,0.026306503693554827
1,340,0.026306503693554827
1,341,0.026306503693554827
1,342,0.026306503693554827
1,343,0.026306503693554827
1,344,0.026306503693554827
1,345,0.026306503693554827
1,346,0.026306503693554827
1,347,0.026306503693554827
1,348,0.026306503693554827
1,349,0.026306503693554827
1,350,0.026306503693554827
1,351,0.026306503693554827
1,352,0.026306503693554827
1,353,0.026306503693554827
1,354,0.026306503693554827
1,355,0.026306503693554827
1,356,0.026306503693554827
1,357,0.026306503693554827
1,358,0.026306503693554827
1,359,0.026306503693554827
1,360,0.026306503693554827
1,361,0.026306503693554827
1,362,0.026306503693554827
1,363,0.026306503693554827
1,364,0.026306503693554827
1,365,0.026306503693554827
1,366,0.026306503693554827
1,367,0.026306503693554827
1,368,0.026306503693554827
1,369,0.026306503693554827
1,370,0.026306503693554827
1,371,0.026306503693554827
1,372,0.026306503693554827
1,373,0.026306503693554827
1,374,0.026306503693554827
1,375,0.026306503693554827
1,376,0.026306503693554827
1,377,0.026306503693554827
1,378,0.026306503693554827
1,379,0.026306503693554827
1,380,0.026306503693554827
1,381,0.026306503693554827
1,382,0.026306503693554827
1,383,0.026306503693554827
1,384,0.026306503693554827
1,385,0.026306503693554827
1,386,0.026306503693554827
1,387,0.026306503693554827
1,388,0.026306503693554827
1,389,0.026306503693554827
1,390,0.026306503693554827
1,391,0.026306503693554827
1,392,0.026306503693554827
1,393,0.026306503693554827
1,394,0.026306503693554827
1,395,0.026306503693554827
1,396,0.026306503693554827
1,397,0.026306503693554827
1,398,0.026306503693554827
1,399,0.026306503693554827
1,400,0.026306503693554827
1,401,0.026306503693554827
1,402,0.026306503693554827
1,403,0.026306503693554827
1,404,0.026306503693554827
1,405,0.026306503693554827
1,406,0.026306503693554827
1,407,0.026306503693554827
1,408,0.026306503693554827
1,409,0.026306503693554827
1,410,0.026306503693554827
1,411,0.026306503693554827
1,412,0.026306503693554827
1,413,0.026306503693554827
1,414,0.026306503693554827
1,415,0.026306503693554827
1,416,0.026306503693554827
1,417,0.026306503693554827
1,418,0.026306503693554827
1,419,0.026306503693554827
1,420,0.026306503693554827
1,421,0.026306503693554827
1,422,0.026306503693554827
1,423,0.026306503693554827
1,424,0.026306503693554827
1,425,0.026306503693554827
1,426,0.026306503693554827
1,427,0.026306503693554827
1,428,0.026306503693554827
1,429,0.026306503693554827
1,430,0.026306503693554827
1,431,0.026306503693554827
1,432,0.026306503693554827
1,433,0.026306503693554827
1,434,0.026306503693554827
1,435,0.026306503693554827
1,436,0.026306503693554827
1,437,0.026306503693554827
1,438,0.026306503693554827
1,439,0.026306503693554827
1,440,0.026306503693554827
1,441,0.026306503693554827
1,442,0.026306503693554827
1,443,0.026306503693554827
1,444,0.026306503693554827
1,445,0.026306503693554827
1,446,0.026306503693554827
1,447,0.026306503693554827
1,448,0.026306503693554827
1,449,0.026306503693554827
1,450,0.026306503693554827
1,451,0.026306503693554827
1,452,0.026306503693554827
1,453,0.026306503693554827
1,454,0.026306503693554827
1,455,0.026306503693554827
1,456,0.026306503693554827
1,457,0.026306503693554827
1,458,0.026306503693554827
1,459,0.026306503693554827
1,460,0.026306503693554827
1,461,0.026306503693554827
1,462,0.026306503693554827
1,463,0.026306503693554827
1,464,0.026306503693554827
1,465,0.026306503693554827
1,466,0.026306503693554827
1,467,0.026306503693554827
1,468,0.026306503693554827
1,469,0.026306503693554827
1,470,0.026306503693554827
1,471,0.026306503693554827
1,472,0.026306503693554827
1,473,0.026306503693554827
1,474,0.026306503693554827
1,475,0.026306503693554827
1,476,0.026306503693554827
1,477,0.026306503693554827
1,478,0.026306503693554827
1,479,0.026306503693554827
1,480,0.026306503693554827
1,481,0.026306503693554827
1,482,0.026306503693554827
1,483,0.026306503693554827
1,484,0.026306503693554827
1,485,0.026306503693554827
1,486,0.026306503693554827
1,487,0.026306503693554827
1,488,0.026306503693554827
1,489,0.026306503693554827
1,490,0.026306503693554827
1,491,0.026306503693554827
1,492,0.026306503693554827
1,493,0.026306503693554827
1,494,0.026306503693554827
1,495,0.026306503693554827
1,496,0.026306503693554827
1,497,0.026306503693554827
1,498,0.026306503693554827
1,499,0.026306503693554827
2,0,0.10238416920944937
2,1,0.043854468841249584
2,2,0.030599079573235165
2,3,0.027307140516658203
2,4,0.026485141554164468
2,5,0.026290433804705516
2,6,0.0262514812261636
2,7,0.026248119102638363
2,8,0.026251001717671182
2,9,0.026253788715571984
2,10,0.026255608152242968
2,11,0.026256670691545848
2,12,0.026257268269118172
2,13,0.02625760262096225
2,14,0.026257792238003404
2,15,0.026257902523073876
2,16,0.02625796873360652
2,17,0.02625800982842991
2,18,0.026258036129806494
2,19,0.02625805339668883
2,20,0.026258064951446308
2,21,0.026258072785916426
2,22,0.02625807814120356
2,23,0.026258081817603626
2,24,0.02625808434545118
2,25,0.02625808608314964
2,26,0.026258087276007414
2,27,0.026258088093140754
2,28,0.026258088651515923
2,29,0.02625808903207284
2,30,0.026258089290753964
2,31,0.02625808946613783
2,32,0.026258089584754254
2,33,0.026258089664791606
2,34,0.026258089718680745
2,35,0.026258089754891748
2,36,0.026258089779178928
2,37,0.026258089795441062
2,38,0.026258089806312907
2,39,0.026258089813570817
2,40,0.026258089818409786
2,41,0.026258089821632233
2,42,0.026258089823775855
2,43,0.026258089825200403
2,44,0.026258089826146254
2,45,0.026258089826773762
2,46,0.02625808982718972
2,47,0.026258089827465296
2,48,0.026258089827647747
2,49,0.026258089827768494
2,50,0.026258089827848313
2,51,0.026258089827901142
2,52,0.026258089827936027
2,53,0.026258089827959054
2,54,0.026258089827974222
2,55,0.026258089827984273
2,56,0.026258089827990928
2,57,0.026258089827995323
2,58,0.026258089827998193
2,59,0.026258089828000052
2,60,0.026258089828001343
2,61,0.026258089828002155
2,62,0.026258089828002693
2,63,0.026258089828003053
2,64,0.026258089828003296
2,65,0.026258089828003466
2,66,0.026258089828003574
2,67,0.026258089828003633
2,68,0.026258089828003685
2,69,0.02625808982800371
2,70,0.026258089828003726
2,71,0.026258089828003737
2,72,0.026258089828003747
2,73,0.02625808982800376
2,74,0.026258089828003765
2,75,0.026258089828003768
2,76,0.02625808982800377
2,77,0.02625808982800378
2,78,0.02625808982800378
2,79,0.02625808982800378
2,80,0.02625808982800378
2,81,0.026258089828003782
2,82,0.026258089828003782
2,83,0.026258089828003782
2,84,0.02625808982800378
2,85,0.02625808982800378
2,86,0.02625808982800378
2,87,0.026258089828003782
2,88,0.02625808982800378
2,89,0.026258089828003782
2,90,0.02625808982800378
2,91,0.026258089828003782
2,92,0.02625808982800378
2,93,0.026258089828003782
2,94,0.02625808982800378
2,95,0.026258089828003782
2,96,0.02625808982800378
2,97,0.026258089828003782
2,98,0.02625808982800378
2,99,0.026258089828003782
2,100,0.02625808982800378
2,101,0.026258089828003782
2,102,0.02625808982800378
2,103,0.026258089828003782
2,104,0.02625808982800378
2,105,0.026258089828003782
2,106,0.02625808982800378
2,107,0.026258089828003782
2,108,0.02625808982800378
2,109,0.026258089828003782
2,110,0.02625808982800378
2,111,0.026258089828003782
2,112,0.02625808982800378
2,113,0.026258089828003782
2,114,0.02625808982800378
2,115,0.026258089828003782
2,116,0.02625808982800378
2,117,0.026258089828003782
2,118,0.02625808982800378
2,119,0.026258089828003782
2,120,0.02625808982800378
2,121,0.026258089828003782
2,122,0.02625808982800378
2,123,0.026258089828003782
2,124,0.02625808982800378
2,125,0.026258089828003782
2,126,0.02625808982800378
2,127,0.026258089828003782
2,128,0.02625808982800378
2,129,0.026258089828003782
2,130,0.02625808982800378
2,131,0.026258089828003782
2,132,0.02625808982800378
2,133,0.026258089828003782
2,134,0.02625808982800378
2,135,0.026258089828003782
2,136,0.02625808982800378
2,137,0.026258089828003782
2,138,0.02625808982800378
2,139,0.026258089828003782
2,140,0.02625808982800378
2,141,0.026258089828003782
2,142,0.02625808982800378
2,143,0.026258089828003782
2,144,0.02625808982800378
2,145,0.026258089828003782
2,146,0.02625808982800378
2,147,0.026258089828003782
2,148,0.02625808982800378
2,149,0.026258089828003782
2,150,0.02625808982800378
2,151,0.026258089828003782
2,152,0.02625808982800378
2,153,0.026258089828003782
2,154,0.02625808982800378
2,155,0.026258089828003782
2,156,0.02625808982800378
2,157,0.026258089828003782
2,158,0.02625808982800378
2,159,0.026258089828003782
2,160,0.02625808982800378
2,161,0.026258089828003782
2,162,0.02625808982800378
2,163,0.026258089828003782
2,164,0.02625808982800378
2,165,0.026258089828003782
2,166,0.02625808982800378
2,167,0.026258089828003782
2,168,0.02625808982800378
2,169,0.026258089828003782
2,170,0.02625808982800378
2,171,0.026258089828003782
2,172,0.02625808982800378
2,173,0.026258089828003782
2,174,0.02625808982800378
2,175,0.026258089828003782
2,176,0.02625808982800378
2,177,0.026258089828003782
2,178,0.02625808982800378
2,179,0.026258089828003782
2,180,0.02625808982800378
2,181,0.026258089828003782
2,182,0.02625808982800378
2,183,0.026258089828003782
2,184,0.02625808982800378
2,185,0.026258089828003782
2,186,0.02625808982800378
2,187,0.026258089828003782
2,188,0.02625808982800378
2,189,0.026258089828003782
2,190,0.02625808982800378
2,191,0.026258089828003782
2,192,0.02625808982800378
2,193,0.026258089828003782
2,194,0.02625808982800378
2,195,0.026258089828003782
2,196,0.02625808982800378
2,197,0.026258089828003782
2,198,0.02625808982800378
2,199,0.026258089828003782
2,200,0.02625808982800378
2,201,0.026258089828003782
2,202,0.02625808982800378
2,203,0.026258089828003782
2,204,0.02625808982800378
2,205,0.026258089828003782
2,206,0.02625808982800378
2,207,0.026258089828003782
2,208,0.02625808982800378
2,209,0.026258089828003782
2,210,0.02625808982800378
2,211,0.026258089828003782
2,212,0.02625808982800378
2,213,0.026258089828003782
2,214,0.02625808982800378
2,215,0.026258089828003782
2,216,0.02625808982800378
2,217,0.026258089828003782
2,218,0.02625808982800378
2,219,0.026258089828003782
2,220,0.02625808982800378
2,221,0.026258089828003782
2,222,0.02625808982800378
2,223,0.026258089828003782
2,224,0.02625808982800378
2,225,0.026258089828003782
2,226,0.02625808982800378
2,227,0.026258089828003782
2,228,0.02625808982800378
2,229,0.026258089828003782
2,230,0.02625808982800378
2,231,0.026258089828003782
2,232,0.02625808982800378
2,233,0.026258089828003782
2,234,0.02625808982800378
2,235,0.026258089828003782
2,236,0.02625808982800378
2,237,0.026258089828003782
2,238,0.02625808982800378
2,239,0.026258089828003782
2,240,0.02625808982800378
2,241,0.026258089828003782
2,242,0.02625808982800378
2,243,0.026258089828003782
2,244,0.02625808982800378
2,245,0.026258089828003782
2,246,0.02625808982800378
2,247,0.026258089828003782
2,248,0.02625808982800378
2,249,0.026258089828003782
2,250,0.02625808982800378
2,251,0.026258089828003782
2,252,0.02625808982800378
2,253,0.026258089828003782
2,254,0.02625808982800378
2,255,0.026258089828003782
2,256,0.02625808982800378
2,257,0.026258089828003782
2,258,0.02625808982800378
2,259,0.026258089828003782
2,260,0.02625808982800378
2,261,0.026258089828003782
2,262,0.02625808982800378
2,263,0.026258089828003782
2,264,0.02625808982800378
2,265,0.026258089828003782
2,266,0.02625808982800378
2,267,0.026258089828003782
2,268,0.02625808982800378
2,269,0.026258089828003782
2,270,0.02625808982800378
2,271,0.026258089828003782
2,272,0.02625808982800378
2,273,0.026258089828003782
2,274,0.02625808982800378
2,275,0.026258089828003782
2,276,0.02625808982800378
2,277,0.026258089828003782
2,278,0.02625808982800378
2,279,0.026258089828003782
2,280,0.02625808982800378
2,281,0.026258089828003782
2,282,0.02625808982800378
2,283,0.026258089828003782
2,284,0.02625808982800378
2,285,0.026258089828003782
2,286,0.02625808982800378
2,287,0.026258089828003782
2,288,0.02625808982800378
2,289,0.026258089828003782
2,290,0.02625808982800378
2,291,0.026258089828003782
2,292,0.02625808982800378
2,293,0.026258089828003782
2,294,0.02625808982800378
2,295,0.026258089828003782
2,296,0.02625808982800378
2,297,0.026258089828003782
2,298,0.02625808982800378
2,299,0.026258089828003782
2,300,0.02625808982800378
2,301,0.026258089828003782
2,302,0.02625808982800378
2,303,0.026258089828003782
2,304,0.02625808982800378
2,305,0.026258089828003782
2,306,0.02625808982800378
2,307,0.026258089828003782
2,308,0.02625808982800378
2,309,0.026258089828003782
2,310,0.02625808982800378
2,311,0.026258089828003782
2,312,0.02625808982800378
2,313,0.026258089828003782
2,314,0.02625808982800378
2,315,0.026258089828003782
2,316,0.02625808982800378
2,317,0.026258089828003782
2,318,0.02625808982800378
2,319,0.026258089828003782
2,320,0.02625808982800378
2,321,0.026258089828003782
2,322,0.02625808982800378
2,323,0.026258089828003782
2,324,0.02625808982800378
2,325,0.026258089828003782
2,326,0.02625808982800378
2,327,0.026258089828003782
2,328,0.02625808982800378
2,329,0.026258089828003782
2,330,0.02625808982800378
2,331,0.026258089828003782
2,332,0.02625808982800378
2,333,0.026258089828003782
2,334,0.02625808982800378
2,335,0.026258089828003782
2,336,0.02625808982800378
2,337,0.026258089828003782
2,338,0.02625808982800378
2,339,0.026258089828003782
2,340,0.02625808982800378
2,341,0.026258089828003782
2,342,0.02625808982800378
2,343,0.026258089828003782
2,344,0.02625808982800378
2,345,0.026258089828003782
2,346,0.02625808982800378
2,347,0.026258089828003782
2,348,0.02625808982800378
2,349,0.026258089828003782
2,350,0.02625808982800378
2,351,0.026258089828003782
2,352,0.02625808982800378
2,353,0.026258089828003782
2,354,0.02625808982800378
2,355,0.026258089828003782
2,356,0.02625808982800378
2,357,0.026258089828003782
2,358,0.02625808982800378
2,359,0.026258089828003782
2,360,0.02625808982800378
2,361,0.026258089828003782
2,362,0.02625808982800378
2,363,0.026258089828003782
2,364,0.02625808982800378
2,365,0.026258089828003782
2,366,0.02625808982800378
2,367,0.026258089828003782
2,368,0.02625808982800378
2,369,0.026258089828003782
2,370,0.02625808982800378
2,371,0.026258089828003782
2,372,0.02625808982800378
2,373,0.026258089828003782
2,374,0.02625808982800378
2,375,0.026258089828003782
2,376,0.02625808982800378
2,377,0.026258089828003782
2,378,0.02625808982800378
2,379,0.026258089828003782
2,380,0.02625808982800378
2,381,0.026258089828003782
2,382,0.02625808982800378
2,383,0.026258089828003782
2,384,0.02625808982800378
2,385,0.026258089828003782
2,386,0.02625808982800378
2,387,0.026258089828003782
2,388,0.02625808982800378
2,389,0.026258089828003782
2,390,0.02625808982800378
2,391,0.026258089828003782
2,392,0.02625808982800378
2,393,0.026258089828003782
2,394,0.02625808982800378
2,395,0.026258089828003782
2,396,0.02625808982800378
2,397,0.026258089828003782
2,398,0.02625808982800378
2,399,0.026258089828003782
2,400,0.02625808982800378
2,401,0.026258089828003782
2,402,0.02625808982800378
2,403,0.026258089828003782
2,404,0.02625808982800378
2,405,0.026258089828003782
2,406,0.02625808982800378
2,407,0.026258089828003782
2,408,0.02625808982800378
2,409,0.026258089828003782
2,410,0.02625808982800378
2,411,0.026258089828003782
2,412,0.02625808982800378
2,413,0.026258089828003782
2,414,0.02625808982800378
2,415,0.026258089828003782
2,416,0.02625808982800378
2,417,0.026258089828003782
2,418,0.02625808982800378
2,419,0.026258089828003782
2,420,0.02625808982800378
2,421,0.026258089828003782
2,422,0.02625808982800378
2,423,0.026258089828003782
2,424,0.02625808982800378
2,425,0.026258089828003782
2,426,0.02625808982800378
2,427,0.026258089828003782
2,428,0.02625808982800378
2,429,0.026258089828003782
2,430,0.02625808982800378
2,431,0.026258089828003782
2,432,0.02625808982800378
2,433,0.026258089828003782
2,434,0.02625808982800378
2,435,0.026258089828003782
2,436,0.02625808982800378
2,437,0.026258089828003782
2,438,0.02625808982800378
2,439,0.026258089828003782
2,440,0.02625808982800378
2,441,0.026258089828003782
2,442,0.02625808982800378
2,443,0.026258089828003782
2,444,0.02625808982800378
2,445,0.026258089828003782
2,446,0.02625808982800378
2,447,0.026258089828003782
2,448,0.02625808982800378
2,449,0.026258089828003782
2,450,0.02625808982800378
2,451,0.026258089828003782
2,452,0.02625808982800378
2,453,0.026258089828003782
2,454,0.02625808982800378
2,455,0.026258089828003782
2,456,0.02625808982800378
2,457,0.026258089828003782
2,458,0.02625808982800378
2,459,0.026258089828003782
2,460,0.02625808982800378
2,461,0.026258089828003782
2,462,0.02625808982800378
2,463,0.026258089828003782
2,464,0.02625808982800378
2,465,0.026258089828003782
2,466,0.02625808982800378
2,467,0.026258089828003782
2,468,0.02625808982800378
2,469,0.026258089828003782
2,470,0.02625808982800378
2,471,0.026258089828003782
2,472,0.02625808982800378
2,473,0.026258089828003782
2,474,0.02625808982800378
2,475,0.026258089828003782
2,476,0.02625808982800378
2,477,0.026258089828003782
2,478,0.02625808982800378
2,479,0.026258089828003782
2,480,0.02625808982800378
2,481,0.026258089828003782
2,482,0.02625808982800378
2,483,0.026258089828003782
2,484,0.02625808982800378
2,485,0.026258089828003782
2,486,0.02625808982800378
2,487,0.026258089828003782
2,488,0.02625808982800378
2,489,0.026258089828003782
2,490,0.02625808982800378
2,491,0.026258089828003782
2,492,0.02625808982800378
2,493,0.026258089828003782
2,494,0.02625808982800378
2,495,0.026258089828003782
2,496,0.02625808982800378
2,497,0.026258089828003782
2,498,0.02625808982800378
2,499,0.026258089828003782
3,0,0.08327640637579521
3,1,0.04181272234750996
3,2,0.030957629569242768
3,3,0.027914238836736178
3,4,0.027031562157357896
3,5,0.026770656428080627
3,6,0.026693434519498488
3,7,0.026671362711250923
3,8,0.02666583291280441
3,9,0.026665081018870496
3,10,0.026665535249373956
3,11,0.02666615490344107
3,12,0.02666667599967507
3,13,0.02666706232543537
3,14,0.02666733549655028
3,15,0.026667524947084124
3,16,0.026667655286314543
3,17,0.02666774465254727
3,18,0.026667805816569634
3,19,0.02666784761763162
3,20,0.026667876139418494
3,21,0.0266678955634236
3,22,0.026667908763027066
3,23,0.02666791771185952
3,24,0.026667923764113314
3,25,0.026667927847382287
3,26,0.02666793059564921
3,27,0.02666793244112128
3,28,0.02666793367764555
3,29,0.026667934504444473
3,30,0.026667935056213864
3,31,0.02666793542377933
3,32,0.026667935668228723
3,33,0.026667935830550226
3,34,0.02666793593818383
3,35,0.026667936009461705
3,36,0.02666793605660735
3,37,0.026667936087756854
3,38,0.026667936108316904
3,39,0.02666793612187485
3,40,0.026667936130807843
3,41,0.02666793613668897
3,42,0.02666793614055817
3,43,0.02666793614310203
3,44,0.026667936144773488
3,45,0.026667936145871117
3,46,0.02666793614659161
3,47,0.026667936147064326
3,48,0.026667936147374324
3,49,0.026667936147577547
3,50,0.026667936147710746
3,51,0.02666793614779802
3,52,0.026667936147855186
3,53,0.026667936147892625
3,54,0.0266679361479171
3,55,0.026667936147933093
3,56,0.026667936147943626
3,57,0.026667936147950464
3,58,0.02666793614795496
3,59,0.02666793614795788
3,60,0.026667936147959807
3,61,0.026667936147961056
3,62,0.026667936147961903
3,63,0.026667936147962396
3,64,0.026667936147962732
3,65,0.026667936147962968
3,66,0.026667936147963093
3,67,0.026667936147963187
3,68,0.026667936147963256
3,69,0.02666793614796328
3,70,0.026667936147963315
3,71,0.02666793614796333
3,72,0.02666793614796334
3,73,0.026667936147963353
3,74,0.026667936147963357
3,75,0.026667936147963357
3,76,0.026667936147963357
3,77,0.026667936147963357
3,78,0.026667936147963357
3,79,0.026667936147963357
3,80,0.026667936147963364
3,81,0.02666793614796336
3,82,0.02666793614796336
3,83,0.02666793614796336
3,84,0.026667936147963364
3,85,0.026667936147963364
3,86,0.026667936147963364
3,87,0.026667936147963364
3,88,0.02666793614796336
3,89,0.026667936147963364
3,90,0.026667936147963364
3,91,0.026667936147963364
3,92,0.026667936147963364
3,93,0.02666793614796336
3,94,0.026667936147963364
3,95,0.026667936147963364
3,96,0.026667936147963364
3,97,0.026667936147963364
3,98,0.02666793614796336
3,99,0.026667936147963364
3,100,0.026667936147963364
3,101,0.026667936147963364
3,102,0.026667936147963364
3,103,0.02666793614796336
3,104,0.026667936147963364
3,105,0.026667936147963364
3,106,0.026667936147963364
3,107,0.026667936147963364
3,108,0.02666793614796336
3,109,0.026667936147963364
3,110,0.026667936147963364
3,111,0.026667936147963364
3,112,0.026667936147963364
3,113,0.02666793614796336
3,114,0.026667936147963364
3,115,0.026667936147963364
3,116,0.026667936147963364
3,117,0.026667936147963364
3,118,0.02666793614796336
3,119,0.026667936147963364
3,120,0.026667936147963364
3,121,0.026667936147963364
3,122,0.026667936147963364
3,123,0.02666793614796336
3,124,0.026667936147963364
3,125,0.026667936147963364
3,126,0.026667936147963364
3,127,0.026667936147963364
3,128,0.02666793614796336
3,129,0.026667936147963364
3,130,0.026667936147963364
3,131,0.026667936147963364
3,132,0.026667936147963364
3,133,0.02666793614796336
3,134,0.026667936147963364
3,135,0.026667936147963364
3,136,0.026667936147963364
3,137,0.026667936147963364
3,138,0.02666793614796336
3,139,0.026667936147963364
3,140,0.026667936147963364
3,141,0.026667936147963364
3,142,0.026667936147963364
3,143,0.02666793614796336
3,144,0.026667936147963364
3,145,0.026667936147963364
3,146,0.026667936147963364
3,147,0.026667936147963364
3,148,0.02666793614796336
3,149,0.026667936147963364
3,150,0.026667936147963364
3,151,0.026667936147963364
3,152,0.026667936147963364
3,153,0.02666793614796336
3,154,0.026667936147963364
3,155,0.026667936147963364
3,156,0.026667936147963364
3,157,0.026667936147963364
3,158,0.02666793614796336
3,159,0.026667936147963364
3,160,0.026667936147963364
3,161,0.026667936147963364
3,162,0.026667936147963364
3,163,0.02666793614796336
3,164,0.026667936147963364
3,165,0.026667936147963364
3,166,0.026667936147963364
3,167,0.026667936147963364
3,168,0.02666793614796336
3,169,0.026667936147963364
3,170,0.026667936147963364
3,171,0.026667936147963364
3,172,0.026667936147963364
3,173,0.02666793614796336
3,174,0.026667936147963364
3,175,0.026667936147963364
3,176,0.026667936147963364
3,177,0.026667936147963364
3,178,0.02666793614796336
3,179,0.026667936147963364
3,180,0.026667936147963364
3,181,0.026667936147963364
3,182,0.026667936147963364
3,183,0.02666793614796336
3,184,0.026667936147963364
3,185,0.026667936147963364
3,186,0.026667936147963364
3,187,0.026667936147963364
3,188,0.02666793614796336
3,189,0.026667936147963364
3,190,0.026667936147963364
3,191,0.026667936147963364
3,192,0.026667936147963364
3,193,0.02666793614796336
3,194,0.026667936147963364
3,195,0.026667936147963364
3,196,0.026667936147963364
3,197,0.026667936147963364
3,198,0.02666793614796336
3,199,0.026667936147963364
3,200,0.026667936147963364
3,201,0.026667936147963364
3,202,0.026667936147963364
3,203,0.02666793614796336
3,204,0.026667936147963364
3,205,0.026667936147963364
3,206,0.026667936147963364
3,207,0.026667936147963364
3,208,0.02666793614796336
3,209,0.026667936147963364
3,210,0.026667936147963364
3,211,0.026667936147963364
3,212,0.026667936147963364
3,213,0.02666793614796336
3,214,0.026667936147963364
3,215,0.026667936147963364
3,216,0.026667936147963364
3,217,0.026667936147963364
3,218,0.02666793614796336
3,219,0.026667936147963364
3,220,0.026667936147963364
3,221,0.026667936147963364
3,222,0.026667936147963364
3,223,0.02666793614796336
3,224,0.026667936147963364
3,225,0.026667936147963364
3,226,0.026667936147963364
3,227,0.026667936147963364
3,228,0.02666793614796336
3,229,0.026667936147963364
3,230,0.026667936147963364
3,231,0.026667936147963364
3,232,0.026667936147963364
3,233,0.02666793614796336
3,234,0.026667936147963364
3,235,0.026667936147963364
3,236,0.026667936147963364
3,237,0.026667936147963364
3,238,0.02666793614796336
3,239,0.026667936147963364
3,240,0.026667936147963364
3,241,0.026667936147963364
3,242,0.026667936147963364
3,243,0.02666793614796336
3,244,0.026667936147963364
3,245,0.026667936147963364
3,246,0.026667936147963364
3,247,0.026667936147963364
3,248,0.02666793614796336
3,249,0.026667936147963364
3,250,0.026667936147963364
3,251,0.026667936147963364
3,252,0.026667936147963364
3,253,0.02666793614796336
3,254,0.026667936147963364
3,255,0.026667936147963364
3,256,0.026667936147963364
3,257,0.026667936147963364
3,258,0.02666793614796336
3,259,0.026667936147963364
3,260,0.026667936147963364
3,261,0.026667936147963364
3,262,0.026667936147963364
3,263,0.02666793614796336
3,264,0.026667936147963364
3,265,0.026667936147963364
3,266,0.026667936147963364
3,267,0.026667936147963364
3,268,0.02666793614796336
3,269,0.026667936147963364
3,270,0.026667936147963364
3,271,0.026667936147963364
3,272,0.026667936147963364
3,273,0.02666793614796336
3,274,0.026667936147963364
3,275,0.026667936147963364
3,276,0.026667936147963364
3,277,0.026667936147963364
3,278,0.02666793614796336
3,279,0.026667936147963364
3,280,0.026667936147963364
3,281,0.026667936147963364
3,282,0.026667936147963364
3,283,0.02666793614796336
3,284,0.026667936147963364
3,285,0.026667936147963364
3,286,0.026667936147963364
3,287,0.026667936147963364
3,288,0.02666793614796336
3,289,0.026667936147963364
3,290,0.026667936147963364
3,291,0.026667936147963364
3,292,0.026667936147963364
3,293,0.02666793614796336
3,294,0.026667936147963364
3,295,0.026667936147963364
3,296,0.026667936147963364
3,297,0.026667936147963364
3,298,0.02666793614796336
3,299,0.026667936147963364
3,300,0.026667936147963364
3,301,0.026667936147963364
3,302,0.026667936147963364
3,303,0.02666793614796336
3,304,0.026667936147963364
3,305,0.026667936147963364
3,306,0.026667936147963364
3,307,0.026667936147963364
3,308,0.02666793614796336
3,309,0.026667936147963364
3,310,0.026667936147963364
3,311,0.026667936147963364
3,312,0.026667936147963364
3,313,0.02666793614796336
3,314,0.026667936147963364
3,315,0.026667936147963364
3,316,0.026667936147963364
3,317,0.026667936147963364
3,318,0.02666793614796336
3,319,0.026667936147963364
3,320,0.026667936147963364
3,321,0.026667936147963364
3,322,0.026667936147963364
3,323,0.02666793614796336
3,324,0.026667936147963364
3,325,0.026667936147963364
3,326,0.026667936147963364
3,327,0.026667936147963364
3,328,0.02666793614796336
3,329,0.026667936147963364
3,330,0.026667936147963364
3,331,0.026667936147963364
3,332,0.026667936147963364
3,333,0.02666793614796336
3,334,0.026667936147963364
3,335,0.026667936147963364
3,336,0.026667936147963364
3,337,0.026667936147963364
3,338,0.02666793614796336
3,339,0.026667936147963364
3,340,0.026667936147963364
3,341,0.026667936147963364
3,342,0.026667936147963364
3,343,0.02666793614796336
3,344,0.026667936147963364
3,345,0.026667936147963364
3,346,0.026667936147963364
3,347,0.026667936147963364
3,348,0.02666793614796336
3,349,0.026667936147963364
3,350,0.026667936147963364
3,351,0.026667936147963364
3,352,0.026667936147963364
3,353,0.02666793614796336
3,354,0.026667936147963364
3,355,0.026667936147963364
3,356,0.026667936147963364
3,357,0.026667936147963364
3,358,0.02666793614796336
3,359,0.026667936147963364
3,360,0.026667936147963364
3,361,0.026667936147963364
3,362,0.026667936147963364
3,363,0.02666793614796336
3,364,0.026667936147963364
3,365,0.026667936147963364
3,366,0.026667936147963364
3,367,0.026667936147963364
3,368,0.02666793614796336
3,369,0.026667936147963364
3,370,0.026667936147963364
3,371,0.026667936147963364
3,372,0.026667936147963364
3,373,0.02666793614796336
3,374,0.026667936147963364
3,375,0.026667936147963364
3,376,0.026667936147963364
3,377,0.026667936147963364
3,378,0.02666793614796336
3,379,0.026667936147963364
3,380,0.026667936147963364
3,381,0.026667936147963364
3,382,0.026667936147963364
3,383,0.02666793614796336
3,384,0.026667936147963364
3,385,0.026667936147963364
3,386,0.026667936147963364
3,387,0.026667936147963364
3,388,0.02666793614796336
3,389,0.026667936147963364
3,390,0.026667936147963364
3,391,0.026667936147963364
3,392,0.026667936147963364
3,393,0.02666793614796336
3,394,0.026667936147963364
3,395,0.026667936147963364
3,396,0.026667936147963364
3,397,0.026667936147963364
3,398,0.02666793614796336
3,399,0.026667936147963364
3,400,0.026667936147963364
3,401,0.026667936147963364
3,402,0.026667936147963364
3,403,0.02666793614796336
3,404,0.026667936147963364
3,405,0.026667936147963364
3,406,0.026667936147963364
3,407,0.026667936147963364
3,408,0.02666793614796336
3,409,0.026667936147963364
3,410,0.026667936147963364
3,411,0.026667936147963364
3,412,0.026667936147963364
3,413,0.02666793614796336
3,414,0.026667936147963364
3,415,0.026667936147963364
3,416,0.026667936147963364
3,417,0.026667936147963364
3,418,0.02666793614796336
3,419,0.026667936147963364
3,420,0.026667936147963364
3,421,0.026667936147963364
3,422,0.026667936147963364
3,423,0.02666793614796336
3,424,0.026667936147963364
3,425,0.026667936147963364
3,426,0.026667936147963364
3,427,0.026667936147963364
3,428,0.02666793614796336
3,429,0.026667936147963364
3,430,0.026667936147963364
3,431,0.026667936147963364
3,432,0.026667936147963364
3,433,0.02666793614796336
3,434,0.026667936147963364
3,435,0.026667936147963364
3,436,0.026667936147963364
3,437,0.026667936147963364
3,438,0.02666793614796336
3,439,0.026667936147963364
3,440,0.026667936147963364
3,441,0.026667936147963364
3,442,0.026667936147963364
3,443,0.02666793614796336
3,444,0.026667936147963364
3,445,0.026667936147963364
3,446,0.026667936147963364
3,447,0.026667936147963364
3,448,0.02666793614796336
3,449,0.026667936147963364
3,450,0.026667936147963364
3,451,0.026667936147963364
3,452,0.026667936147963364
3,453,0.02666793614796336
3,454,0.026667936147963364
3,455,0.026667936147963364
3,456,0.026667936147963364
3,457,0.026667936147963364
3,458,0.02666793614796336
3,459,0.026667936147963364
3,460,0.026667936147963364
3,461,0.026667936147963364
3,462,0.026667936147963364
3,463,0.02666793614796336
3,464,0.026667936147963364
3,465,0.026667936147963364
3,466,0.026667936147963364
3,467,0.026667936147963364
3,468,0.02666793614796336
3,469,0.026667936147963364
3,470,0.026667936147963364
3,471,0.026667936147963364
3,472,0.026667936147963364
3,473,0.02666793614796336
3,474,0.026667936147963364
3,475,0.026667936147963364
3,476,0.026667936147963364
3,477,0.026667936147963364
3,478,0.02666793614796336
3,479,0.026667936147963364
3,480,0.026667936147963364
3,481,0.026667936147963364
3,482,0.026667936147963364
3,483,0.02666793614796336
3,484,0.026667936147963364
3,485,0.026667936147963364
3,486,0.026667936147963364
3,487,0.026667936147963364
3,488,0.02666793614796336
3,489,0.026667936147963364
3,490,0.026667936147963364
3,491,0.026667936147963364
3,492,0.026667936147963364
3,493,0.02666793614796336
3,494,0.026667936147963364
3,495,0.026667936147963364
3,496,0.026667936147963364
3,497,0.026667936147963364
3,498,0.02666793614796336
3,499,0.026667936147963364
4,0,0.07206699921907299
4,1,0.037508987991929886
4,2,0.029169662162744518
4,3,0.02695142242573059
4,4,0.026366919997696994
4,5,0.02623321887914374
4,6,0.026220058427171032
4,7,0.026234307048229377
4,8,0.026250787579906527
4,9,0.02626380951166676
4,10,0.026273004036118673
4,11,0.02627919942080183
4,12,0.026283282836932285
4,13,0.026285945066297018
4,14,0.026287671513511458
4,15,0.026288788429309116
4,16,0.026289510419711802
4,17,0.026289977134412626
4,18,0.026290278967704157
4,19,0.026290474295461806
4,20,0.026290600789777737
4,21,0.02629068276578542
4,22,0.026290735926929328
4,23,0.02629077042304183
4,24,0.026290792820002917
4,25,0.026290807368794467
4,26,0.026290816823797133
4,27,0.026290822970950367
4,28,0.026290826968994156
4,29,0.026290829570161163
4,30,0.02629083126303433
4,31,0.026290832365097192
4,32,0.026290833082736106
4,33,0.02629083355016608
4,34,0.02629083385469763
4,35,0.026290834053146552
4,36,0.026290834182495136
4,37,0.02629083426682234
4,38,0.026290834321809866
4,39,0.026290834357672946
4,40,0.026290834381067593
4,41,0.026290834396331682
4,42,0.02629083440629268
4,43,0.026290834412794194
4,44,0.026290834417038507
4,45,0.02629083441980977
4,46,0.02629083442161951
4,47,0.026290834422801543
4,48,0.026290834423573734
4,49,0.02629083442407826
4,50,0.026290834424407956
4,51,0.026290834424623436
4,52,0.026290834424764296
4,53,0.026290834424856368
4,54,0.02629083442491657
4,55,0.026290834424955934
4,56,0.02629083442498171
4,57,0.026290834424998542
4,58,0.026290834425009582
4,59,0.026290834425016795
4,60,0.02629083442502152
4,61,0.026290834425024622
4,62,0.02629083442502665
4,63,0.026290834425027963
4,64,0.02629083442502886
4,65,0.0262908344250294
4,66,0.02629083442502975
4,67,0.026290834425029993
4,68,0.02629083442503015
4,69,0.026290834425030257
4,70,0.026290834425030316
4,71,0.026290834425030368
4,72,0.026290834425030395
4,73,0.026290834425030416
4,74,0.026290834425030437
4,75,0.02629083442503045
4,76,0.02629083442503045
4,77,0.026290834425030454
4,78,0.026290834425030458
4,79,0.026290834425030458
4,80,0.026290834425030458
4,81,0.026290834425030458
4,82,0.026290834425030458
4,83,0.026290834425030458
4,84,0.026290834425030458
4,85,0.026290834425030458
4,86,0.026290834425030458
4,87,0.026290834425030458
4,88,0.026290834425030458
4,89,0.026290834425030458
4,90,0.026290834425030458
4,91,0.026290834425030458
4,92,0.026290834425030458
4,93,0.026290834425030458
4,94,0.026290834425030458
4,95,0.026290834425030458
4,96,0.026290834425030458
4,97,0.026290834425030458
4,98,0.026290834425030458
4,99,0.026290834425030458
4,100,0.026290834425030458
4,101,0.026290834425030458
4,102,0.026290834425030458
4,103,0.026290834425030458
4,104,0.026290834425030458
4,105,0.026290834425030458
4,106,0.026290834425030458
4,107,0.026290834425030458
4,108,0.026290834425030458
4,109,0.026290834425030458
4,110,0.026290834425030458
4,111,0.026290834425030458
4,112,0.026290834425030458
4,113,0.026290834425030458
4,114,0.026290834425030458
4,115,0.026290834425030458
4,116,0.026290834425030458
4,117,0.026290834425030458
4,118,0.026290834425030458
4,119,0.026290834425030458
4,120,0.026290834425030458
4,121,0.026290834425030458
4,122,0.026290834425030458
4,123,0.026290834425030458
4,124,0.026290834425030458
4,125,0.026290834425030458
4,126,0.026290834425030458
4,127,0.026290834425030458
4,128,0.026290834425030458
4,129,0.026290834425030458
4,130,0.026290834425030458
4,131,0.026290834425030458
4,132,0.026290834425030458
4,133,0.026290834425030458
4,134,0.026290834425030458
4,135,0.026290834425030458
4,136,0.026290834425030458
4,137,0.026290834425030458
4,138,0.026290834425030458
4,139,0.026290834425030458
4,140,0.026290834425030458
4,141,0.026290834425030458
4,142,0.026290834425030458
4,143,0.026290834425030458
4,144,0.026290834425030458
4,145,0.026290834425030458
4,146,0.026290834425030458
4,147,0.026290834425030458
4,148,0.026290834425030458
4,149,0.026290834425030458
4,150,0.026290834425030458
4,151,0.026290834425030458
4,152,0.026290834425030458
4,153,0.026290834425030458
4,154,0.026290834425030458
4,155,0.026290834425030458
4,156,0.026290834425030458
4,157,0.026290834425030458
4,158,0.026290834425030458
4,159,0.026290834425030458
4,160,0.026290834425030458
4,161,0.026290834425030458
4,162,0.026290834425030458
4,163,0.026290834425030458
4,164,0.026290834425030458
4,165,0.026290834425030458
4,166,0.026290834425030458
4,167,0.026290834425030458
4,168,0.026290834425030458
4,169,0.026290834425030458
4,170,0.026290834425030458
4,171,0.026290834425030458
4,172,0.026290834425030458
4,173,0.026290834425030458
4,174,0.026290834425030458
4,175,0.026290834425030458
4,176,0.026290834425030458
4,177,0.026290834425030458
4,178,0.026290834425030458
4,179,0.026290834425030458
4,180,0.026290834425030458
4,181,0.026290834425030458
4,182,0.026290834425030458
4,183,0.026290834425030458
4,184,0.026290834425030458
4,185,0.026290834425030458
4,186,0.026290834425030458
4,187,0.026290834425030458
4,188,0.026290834425030458
4,189,0.026290834425030458
4,190,0.026290834425030458
4,191,0.026290834425030458
4,192,0.026290834425030458
4,193,0.026290834425030458
4,194,0.026290834425030458
4,195,0.026290834425030458
4,196,0.026290834425030458
4,197,0.026290834425030458
4,198,0.026290834425030458
4,199,0.026290834425030458
4,200,0.026290834425030458
4,201,0.026290834425030458
4,202,0.026290834425030458
4,203,0.026290834425030458
4,204,0.026290834425030458
4,205,0.026290834425030458
4,206,0.026290834425030458
4,207,0.026290834425030458
4,208,0.026290834425030458
4,209,0.026290834425030458
4,210,0.026290834425030458
4,211,0.026290834425030458
4,212,0.026290834425030458
4,213,0.026290834425030458
4,214,0.026290834425030458
4,215,0.026290834425030458
4,216,0.026290834425030458
4,217,0.026290834425030458
4,218,0.026290834425030458
4,219,0.026290834425030458
4,220,0.026290834425030458
4,221,0.026290834425030458
4,222,0.026290834425030458
4,223,0.026290834425030458
4,224,0.026290834425030458
4,225,0.026290834425030458
4,226,0.026290834425030458
4,227,0.026290834425030458
4,228,0.026290834425030458
4,229,0.026290834425030458
4,230,0.026290834425030458
4,231,0.026290834425030458
4,232,0.026290834425030458
4,233,0.026290834425030458
4,234,0.026290834425030458
4,235,0.026290834425030458
4,236,0.026290834425030458
4,237,0.026290834425030458
4,238,0.026290834425030458
4,239,0.026290834425030458
4,240,0.026290834425030458
4,241,0.026290834425030458
4,242,0.026290834425030458
4,243,0.026290834425030458
4,244,0.026290834425030458
4,245,0.026290834425030458
4,246,0.026290834425030458
4,247,0.026290834425030458
4,248,0.026290834425030458
4,249,0.026290834425030458
4,250,0.026290834425030458
4,251,0.026290834425030458
4,252,0.026290834425030458
4,253,0.026290834425030458
4,254,0.026290834425030458
4,255,0.026290834425030458
4,256,0.026290834425030458
4,257,0.026290834425030458
4,258,0.026290834425030458
4,259,0.026290834425030458
4,260,0.026290834425030458
4,261,0.026290834425030458
4,262,0.026290834425030458
4,263,0.026290834425030458
4,264,0.026290834425030458
4,265,0.026290834425030458
4,266,0.026290834425030458
4,267,0.026290834425030458
4,268,0.026290834425030458
4,269,0.026290834425030458
4,270,0.026290834425030458
4,271,0.026290834425030458
4,272,0.026290834425030458
4,273,0.026290834425030458
4,274,0.026290834425030458
4,275,0.026290834425030458
4,276,0.026290834425030458
4,277,0.026290834425030458
4,278,0.026290834425030458
4,279,0.026290834425030458
4,280,0.026290834425030458
4,281,0.026290834425030458
4,282,0.026290834425030458
4,283,0.026290834425030458
4,284,0.026290834425030458
4,285,0.026290834425030458
4,286,0.026290834425030458
4,287,0.026290834425030458
4,288,0.026290834425030458
4,289,0.026290834425030458
4,290,0.026290834425030458
4,291,0.026290834425030458
4,292,0.026290834425030458
4,293,0.026290834425030458
4,294,0.026290834425030458
4,295,0.026290834425030458
4,296,0.026290834425030458
4,297,0.026290834425030458
4,298,0.026290834425030458
4,299,0.026290834425030458
4,300,0.026290834425030458
4,301,0.026290834425030458
4,302,0.026290834425030458
4,303,0.026290834425030458
4,304,0.026290834425030458
4,305,0.026290834425030458
4,306,0.026290834425030458
4,307,0.026290834425030458
4,308,0.026290834425030458
4,309,0.026290834425030458
4,310,0.026290834425030458
4,311,0.026290834425030458
4,312,0.026290834425030458
4,313,0.026290834425030458
4,314,0.026290834425030458
4,315,0.026290834425030458
4,316,0.026290834425030458
4,317,0.026290834425030458
4,318,0.026290834425030458
4,319,0.026290834425030458
4,320,0.026290834425030458
4,321,0.026290834425030458
4,322,0.026290834425030458
4,323,0.026290834425030458
4,324,0.026290834425030458
4,325,0.026290834425030458
4,326,0.026290834425030458
4,327,0.026290834425030458
4,328,0.026290834425030458
4,329,0.026290834425030458
4,330,0.026290834425030458
4,331,0.026290834425030458
4,332,0.026290834425030458
4,333,0.026290834425030458
4,334,0.026290834425030458
4,335,0.026290834425030458
4,336,0.026290834425030458
4,337,0.026290834425030458
4,338,0.026290834425030458
4,339,0.026290834425030458
4,340,0.026290834425030458
4,341,0.026290834425030458
4,342,0.026290834425030458
4,343,0.026290834425030458
4,344,0.026290834425030458
4,345,0.026290834425030458
4,346,0.026290834425030458
4,347,0.026290834425030458
4,348,0.026290834425030458
4,349,0.026290834425030458
4,350,0.026290834425030458
4,351,0.026290834425030458
4,352,0.026290834425030458
4,353,0.026290834425030458
4,354,0.026290834425030458
4,355,0.026290834425030458
4,356,0.026290834425030458
4,357,0.026290834425030458
4,358,0.026290834425030458
4,359,0.026290834425030458
4,360,0.026290834425030458
4,361,0.026290834425030458
4,362,0.026290834425030458
4,363,0.026290834425030458
4,364,0.026290834425030458
4,365,0.026290834425030458
4,366,0.026290834425030458
4,367,0.026290834425030458
4,368,0.026290834425030458
4,369,0.026290834425030458
4,370,0.026290834425030458
4,371,0.026290834425030458
4,372,0.026290834425030458
4,373,0.026290834425030458
4,374,0.026290834425030458
4,375,0.026290834425030458
4,376,0.026290834425030458
4,377,0.026290834425030458
4,378,0.026290834425030458
4,379,0.026290834425030458
4,380,0.026290834425030458
4,381,0.026290834425030458
4,382,0.026290834425030458
4,383,0.026290834425030458
4,384,0.026290834425030458
4,385,0.026290834425030458
4,386,0.026290834425030458
4,387,0.026290834425030458
4,388,0.026290834425030458
4,389,0.026290834425030458
4,390,0.026290834425030458
4,391,0.026290834425030458
4,392,0.026290834425030458
4,393,0.026290834425030458
4,394,0.026290834425030458
4,395,0.026290834425030458
4,396,0.026290834425030458
4,397,0.026290834425030458
4,398,0.026290834425030458
4,399,0.026290834425030458
4,400,0.026290834425030458
4,401,0.026290834425030458
4,402,0.026290834425030458
4,403,0.026290834425030458
4,404,0.026290834425030458
4,405,0.026290834425030458
4,406,0.026290834425030458
4,407,0.026290834425030458
4,408,0.026290834425030458
4,409,0.026290834425030458
4,410,0.026290834425030458
4,411,0.026290834425030458
4,412,0.026290834425030458
4,413,0.026290834425030458
4,414,0.026290834425030458
4,415,0.026290834425030458
4,416,0.026290834425030458
4,417,0.026290834425030458
4,418,0.026290834425030458
4,419,0.026290834425030458
4,420,0.026290834425030458
4,421,0.026290834425030458
4,422,0.026290834425030458
4,423,0.026290834425030458
4,424,0.026290834425030458
4,425,0.026290834425030458
4,426,0.026290834425030458
4,427,0.026290834425030458
4,428,0.026290834425030458
4,429,0.026290834425030458
4,430,0.026290834425030458
4,431,0.026290834425030458
4,432,0.026290834425030458
4,433,0.026290834425030458
4,434,0.026290834425030458
4,435,0.026290834425030458
4,436,0.026290834425030458
4,437,0.026290834425030458
4,438,0.026290834425030458
4,439,0.026290834425030458
4,440,0.026290834425030458
4,441,0.026290834425030458
4,442,0.026290834425030458
4,443,0.026290834425030458
4,444,0.026290834425030458
4,445,0.026290834425030458
4,446,0.026290834425030458
4,447,0.026290834425030458
4,448,0.026290834425030458
4,449,0.026290834425030458
4,450,0.026290834425030458
4,451,0.026290834425030458
4,452,0.026290834425030458
4,453,0.026290834425030458
4,454,0.026290834425030458
4,455,0.026290834425030458
4,456,0.026290834425030458
4,457,0.026290834425030458
4,458,0.026290834425030458
4,459,0.026290834425030458
4,460,0.026290834425030458
4,461,0.026290834425030458
4,462,0.026290834425030458
4,463,0.026290834425030458
4,464,0.026290834425030458
4,465,0.026290834425030458
4,466,0.026290834425030458
4,467,0.026290834425030458
4,468,0.026290834425030458
4,469,0.026290834425030458
4,470,0.026290834425030458
4,471,0.026290834425030458
4,472,0.026290834425030458
4,473,0.026290834425030458
4,474,0.026290834425030458
4,475,0.026290834425030458
4,476,0.026290834425030458
4,477,0.026290834425030458
4,478,0.026290834425030458
4,479,0.026290834425030458
4,480,0.026290834425030458
4,481,0.026290834425030458
4,482,0.026290834425030458
4,483,0.026290834425030458
4,484,0.026290834425030458
4,485,0.026290834425030458
4,486,0.026290834425030458
4,487,0.026290834425030458
4,488,0.026290834425030458
4,489,0.026290834425030458
4,490,0.026290834425030458
4,491,0.026290834425030458
4,492,0.026290834425030458
4,493,0.026290834425030458
4,494,0.026290834425030458
4,495,0.026290834425030458
4,496,0.026290834425030458
4,497,0.026290834425030458
4,498,0.026290834425030458
4,499,0.026290834425030458
5,0,0.07170011323773072
5,1,0.03776444357270179
5,2,0.029465373089522465
5,3,0.027375285938808457
5,4,0.02686332062008573
5,5,0.026750270777926206
5,6,0.0267331288306087
5,7,0.02673585412386175
5,8,0.02674070287957405
5,9,0.026744346455475895
5,10,0.02674667525194788
5,11,0.026748091404757545
5,12,0.026748942259590586
5,13,0.02674945522732483
5,14,0.026749767537919685
5,15,0.026749959955068365
5,16,0.026750079910779344
5,17,0.02675015549387298
5,18,0.02675020355331716
5,19,0.026750234340938015
5,20,0.026750254181755445
5,21,0.026750267027471224
5,22,0.026750275373864835
5,23,0.026750280811388884
5,24,0.02675028436089649
5,25,0.026750286681346384
5,26,0.02675028819994393
5,27,0.026750289194556364
5,28,0.026750289846357394
5,29,0.026750290273685983
5,30,0.026750290553939335
5,31,0.026750290737784677
5,32,0.026750290858413083
5,33,0.026750290937577692
5,34,0.02675029098954064
5,35,0.02675029102365479
5,36,0.02675029104605528
5,37,0.0267502910607671
5,38,0.026750291070431205
5,39,0.026750291076780817
5,40,0.026750291080953746
5,41,0.026750291083696708
5,42,0.0267502910855002
5,43,0.026750291086686282
5,44,0.0267502910874665
5,45,0.026750291087979855
5,46,0.02675029108831775
5,47,0.02675029108854017
5,48,0.026750291088686658
5,49,0.026750291088783136
5,50,0.02675029108884672
5,51,0.0267502910888886
5,52,0.02675029108891621
5,53,0.026750291088934387
5,54,0.02675029108894638
5,55,0.02675029108895433
5,56,0.026750291088959575
5,57,0.026750291088963044
5,58,0.026750291088965282
5,59,0.02675029108896674
5,60,0.026750291088967766
5,61,0.026750291088968432
5,62,0.0267502910889689
5,63,0.02675029108896918
5,64,0.02675029108896934
5,65,0.026750291088969477
5,66,0.02675029108896955
5,67,0.026750291088969612
5,68,0.026750291088969647
5,69,0.026750291088969657
5,70,0.02675029108896967
5,71,0.026750291088969688
5,72,0.02675029108896969
5,73,0.02675029108896969
5,74,0.02675029108896969
5,75,0.02675029108896969
5,76,0.02675029108896969
5,77,0.026750291088969695
5,78,0.026750291088969695
5,79,0.026750291088969695
5,80,0.026750291088969695
5,81,0.026750291088969695
5,82,0.026750291088969695
5,83,0.026750291088969695
5,84,0.026750291088969695
5,85,0.026750291088969695
5,86,0.026750291088969695
5,87,0.026750291088969695
5,88,0.026750291088969695
5,89,0.026750291088969695
5,90,0.026750291088969695
5,91,0.026750291088969695
5,92,0.026750291088969695
5,93,0.026750291088969695
5,94,0.026750291088969695
5,95,0.026750291088969695
5,96,0.026750291088969695
5,97,0.026750291088969695
5,98,0.026750291088969695
5,99,0.026750291088969695
5,100,0.026750291088969695
5,101,0.026750291088969695
5,102,0.026750291088969695
5,103,0.026750291088969695
5,104,0.026750291088969695
5,105,0.026750291088969695
5,106,0.026750291088969695
5,107,0.026750291088969695
5,108,0.026750291088969695
5,109,0.026750291088969695
5,110,0.026750291088969695
5,111,0.026750291088969695
5,112,0.026750291088969695
5,113,0.026750291088969695
5,114,0.026750291088969695
5,115,0.026750291088969695
5,116,0.026750291088969695
5,117,0.026750291088969695
5,118,0.026750291088969695
5,119,0.026750291088969695
5,120,0.026750291088969695
5,121,0.026750291088969695
5,122,0.026750291088969695
5,123,0.026750291088969695
5,124,0.026750291088969695
5,125,0.026750291088969695
5,126,0.026750291088969695
5,127,0.026750291088969695
5,128,0.026750291088969695
5,129,0.026750291088969695
5,130,0.026750291088969695
5,131,0.026750291088969695
5,132,0.026750291088969695
5,133,0.026750291088969695
5,134,0.026750291088969695
5,135,0.026750291088969695
5,136,0.026750291088969695
5,137,0.026750291088969695
5,138,0.026750291088969695
5,139,0.026750291088969695
5,140,0.026750291088969695
5,141,0.026750291088969695
5,142,0.026750291088969695
5,143,0.026750291088969695
5,144,0.026750291088969695
5,145,0.026750291088969695
5,146,0.026750291088969695
5,147,0.026750291088969695
5,148,0.026750291088969695
5,149,0.026750291088969695
5,150,0.026750291088969695
5,151,0.026750291088969695
5,152,0.026750291088969695
5,153,0.026750291088969695
5,154,0.026750291088969695
5,155,0.026750291088969695
5,156,0.026750291088969695
5,157,0.026750291088969695
5,158,0.026750291088969695
5,159,0.026750291088969695
5,160,0.026750291088969695
5,161,0.026750291088969695
5,162,0.026750291088969695
5,163,0.026750291088969695
5,164,0.026750291088969695
5,165,0.026750291088969695
5,166,0.026750291088969695
5,167,0.026750291088969695
5,168,0.026750291088969695
5,169,0.026750291088969695
5,170,0.026750291088969695
5,171,0.026750291088969695
5,172,0.026750291088969695
5,173,0.026750291088969695
5,174,0.026750291088969695
5,175,0.026750291088969695
5,176,0.026750291088969695
5,177,0.026750291088969695
5,178,0.026750291088969695
5,179,0.026750291088969695
5,180,0.026750291088969695
5,181,0.026750291088969695
5,182,0.026750291088969695
5,183,0.026750291088969695
5,184,0.026750291088969695
5,185,0.026750291088969695
5,186,0.026750291088969695
5,187,0.026750291088969695
5,188,0.026750291088969695
5,189,0.026750291088969695
5,190,0.026750291088969695
5,191,0.026750291088969695
5,192,0.026750291088969695
5,193,0.026750291088969695
5,194,0.026750291088969695
5,195,0.026750291088969695
5,196,0.026750291088969695
5,197,0.026750291088969695
5,198,0.026750291088969695
5,199,0.026750291088969695
5,200,0.026750291088969695
5,201,0.026750291088969695
5,202,0.026750291088969695
5,203,0.026750291088969695
5,204,0.026750291088969695
5,205,0.026750291088969695
5,206,0.026750291088969695
5,207,0.026750291088969695
5,208,0.026750291088969695
5,209,0.026750291088969695
5,210,0.026750291088969695
5,211,0.026750291088969695
5,212,0.026750291088969695
5,213,0.026750291088969695
5,214,0.026750291088969695
5,215,0.026750291088969695
5,216,0.026750291088969695
5,217,0.026750291088969695
5,218,0.026750291088969695
5,219,0.026750291088969695
5,220,0.026750291088969695
5,221,0.026750291088969695
5,222,0.026750291088969695
5,223,0.026750291088969695
5,224,0.026750291088969695
5,225,0.026750291088969695
5,226,0.026750291088969695
5,227,0.026750291088969695
5,228,0.026750291088969695
5,229,0.026750291088969695
5,230,0.026750291088969695
5,231,0.026750291088969695
5,232,0.026750291088969695
5,233,0.026750291088969695
5,234,0.026750291088969695
5,235,0.026750291088969695
5,236,0.026750291088969695
5,237,0.026750291088969695
5,238,0.026750291088969695
5,239,0.026750291088969695
5,240,0.026750291088969695
5,241,0.026750291088969695
5,242,0.026750291088969695
5,243,0.026750291088969695
5,244,0.026750291088969695
5,245,0.026750291088969695
5,246,0.026750291088969695
5,247,0.026750291088969695
5,248,0.026750291088969695
5,249,0.026750291088969695
5,250,0.026750291088969695
5,251,0.026750291088969695
5,252,0.026750291088969695
5,253,0.026750291088969695
5,254,0.026750291088969695
5,255,0.026750291088969695
5,256,0.026750291088969695
5,257,0.026750291088969695
5,258,0.026750291088969695
5,259,0.026750291088969695
5,260,0.026750291088969695
5,261,0.026750291088969695
5,262,0.026750291088969695
5,263,0.026750291088969695
5,264,0.026750291088969695
5,265,0.026750291088969695
5,266,0.026750291088969695
5,267,0.026750291088969695
5,268,0.026750291088969695
5,269,0.026750291088969695
5,270,0.026750291088969695
5,271,0.026750291088969695
5,272,0.026750291088969695
5,273,0.026750291088969695
5,274,0.026750291088969695
5,275,0.026750291088969695
5,276,0.026750291088969695
5,277,0.026750291088969695
5,278,0.026750291088969695
5,279,0.026750291088969695
5,280,0.026750291088969695
5,281,0.026750291088969695
5,282,0.026750291088969695
5,283,0.026750291088969695
5,284,0.026750291088969695
5,285,0.026750291088969695
5,286,0.026750291088969695
5,287,0.026750291088969695
5,288,0.026750291088969695
5,289,0.026750291088969695
5,290,0.026750291088969695
5,291,0.026750291088969695
5,292,0.026750291088969695
5,293,0.026750291088969695
5,294,0.026750291088969695
5,295,0.026750291088969695
5,296,0.026750291088969695
5,297,0.026750291088969695
5,298,0.026750291088969695
5,299,0.026750291088969695
5,300,0.026750291088969695
5,301,0.026750291088969695
5,302,0.026750291088969695
5,303,0.026750291088969695
5,304,0.026750291088969695
5,305,0.026750291088969695
5,306,0.026750291088969695
5,307,0.026750291088969695
5,308,0.026750291088969695
5,309,0.026750291088969695
5,310,0.026750291088969695
5,311,0.026750291088969695
5,312,0.026750291088969695
5,313,0.026750291088969695
5,314,0.026750291088969695
5,315,0.026750291088969695
5,316,0.026750291088969695
5,317,0.026750291088969695
5,318,0.026750291088969695
5,319,0.026750291088969695
5,320,0.026750291088969695
5,321,0.026750291088969695
5,322,0.026750291088969695
5,323,0.026750291088969695
5,324,0.026750291088969695
5,325,0.026750291088969695
5,326,0.026750291088969695
5,327,0.026750291088969695
5,328,0.026750291088969695
5,329,0.026750291088969695
5,330,0.026750291088969695
5,331,0.026750291088969695
5,332,0.026750291088969695
5,333,0.026750291088969695
5,334,0.026750291088969695
5,335,0.026750291088969695
5,336,0.026750291088969695
5,337,0.026750291088969695
5,338,0.026750291088969695
5,339,0.026750291088969695
5,340,0.026750291088969695
5,341,0.026750291088969695
5,342,0.026750291088969695
5,343,0.026750291088969695
5,344,0.026750291088969695
5,345,0.026750291088969695
5,346,0.026750291088969695
5,347,0.026750291088969695
5,348,0.026750291088969695
5,349,0.026750291088969695
5,350,0.026750291088969695
5,351,0.026750291088969695
5,352,0.026750291088969695
5,353,0.026750291088969695
5,354,0.026750291088969695
5,355,0.026750291088969695
5,356,0.026750291088969695
5,357,0.026750291088969695
5,358,0.026750291088969695
5,359,0.026750291088969695
5,360,0.026750291088969695
5,361,0.026750291088969695
5,362,0.026750291088969695
5,363,0.026750291088969695
5,364,0.026750291088969695
5,365,0.026750291088969695
5,366,0.026750291088969695
5,367,0.026750291088969695
5,368,0.026750291088969695
5,369,0.026750291088969695
5,370,0.026750291088969695
5,371,0.026750291088969695
5,372,0.026750291088969695
5,373,0.026750291088969695
5,374,0.026750291088969695
5,375,0.026750291088969695
5,376,0.026750291088969695
5,377,0.026750291088969695
5,378,0.026750291088969695
5,379,0.026750291088969695
5,380,0.026750291088969695
5,381,0.026750291088969695
5,382,0.026750291088969695
5,383,0.026750291088969695
5,384,0.026750291088969695
5,385,0.026750291088969695
5,386,0.026750291088969695
5,387,0.026750291088969695
5,388,0.026750291088969695
5,389,0.026750291088969695
5,390,0.026750291088969695
5,391,0.026750291088969695
5,392,0.026750291088969695
5,393,0.026750291088969695
5,394,0.026750291088969695
5,395,0.026750291088969695
5,396,0.026750291088969695
5,397,0.026750291088969695
5,398,0.026750291088969695
5,399,0.026750291088969695
5,400,0.026750291088969695
5,401,0.026750291088969695
5,402,0.026750291088969695
5,403,0.026750291088969695
5,404,0.026750291088969695
5,405,0.026750291088969695
5,406,0.026750291088969695
5,407,0.026750291088969695
5,408,0.026750291088969695
5,409,0.026750291088969695
5,410,0.026750291088969695
5,411,0.026750291088969695
5,412,0.026750291088969695
5,413,0.026750291088969695
5,414,0.026750291088969695
5,415,0.026750291088969695
5,416,0.026750291088969695
5,417,0.026750291088969695
5,418,0.026750291088969695
5,419,0.026750291088969695
5,420,0.026750291088969695
5,421,0.026750291088969695
5,422,0.026750291088969695
5,423,0.026750291088969695
5,424,0.026750291088969695
5,425,0.026750291088969695
5,426,0.026750291088969695
5,427,0.026750291088969695
5,428,0.026750291088969695
5,429,0.026750291088969695
5,430,0.026750291088969695
5,431,0.026750291088969695
5,432,0.026750291088969695
5,433,0.026750291088969695
5,434,0.026750291088969695
5,435,0.026750291088969695
5,436,0.026750291088969695
5,437,0.026750291088969695
5,438,0.026750291088969695
5,439,0.026750291088969695
5,440,0.026750291088969695
5,441,0.026750291088969695
5,442,0.026750291088969695
5,443,0.026750291088969695
5,444,0.026750291088969695
5,445,0.026750291088969695
5,446,0.026750291088969695
5,447,0.026750291088969695
5,448,0.026750291088969695
5,449,0.026750291088969695
5,450,0.026750291088969695
5,451,0.026750291088969695
5,452,0.026750291088969695
5,453,0.026750291088969695
5,454,0.026750291088969695
5,455,0.026750291088969695
5,456,0.026750291088969695
5,457,0.026750291088969695
5,458,0.026750291088969695
5,459,0.026750291088969695
5,460,0.026750291088969695
5,461,0.026750291088969695
5,462,0.026750291088969695
5,463,0.026750291088969695
5,464,0.026750291088969695
5,465,0.026750291088969695
5,466,0.026750291088969695
5,467,0.026750291088969695
5,468,0.026750291088969695
5,469,0.026750291088969695
5,470,0.026750291088969695
5,471,0.026750291088969695
5,472,0.026750291088969695
5,473,0.026750291088969695
5,474,0.026750291088969695
5,475,0.026750291088969695
5,476,0.026750291088969695
5,477,0.026750291088969695
5,478,0.026750291088969695
5,479,0.026750291088969695
5,480,0.026750291088969695
5,481,0.026750291088969695
5,482,0.026750291088969695
5,483,0.026750291088969695
5,484,0.026750291088969695
5,485,0.026750291088969695
5,486,0.026750291088969695
5,487,0.026750291088969695
5,488,0.026750291088969695
5,489,0.026750291088969695
5,490,0.026750291088969695
5,491,0.026750291088969695
5,492,0.026750291088969695
5,493,0.026750291088969695
5,494,0.026750291088969695
5,495,0.026750291088969695
5,496,0.026750291088969695
5,497,0.026750291088969695
5,498,0.026750291088969695
5,499,0.026750291088969695
6,0,0.0903946428545363
6,1,0.0426574483709418
6,2,0.0308382749933553
6,3,0.02769078669281739
6,4,0.026831526914044983
6,5,0.026595591883451036
6,6,0.026531605742556807
6,7,0.026515055712430676
6,8,0.026511352480570006
6,9,0.02651093111074684
6,10,0.0265112141998378
6,11,0.026511556559266323
6,12,0.0265118285418071
6,13,0.026512025480376282
6,14,0.02651216519970692
6,15,0.026512264389919563
6,16,0.026512335138388667
6,17,0.02651238574878166
6,18,0.02651242195091457
6,19,0.026512447778591297
6,20,0.026512466124714827
6,21,0.02651247908743462
6,22,0.026512488194366343
6,23,0.02651249455595323
6,24,0.026512498975394063
6,25,0.026512502029767564
6,26,0.026512504130637733
6,27,0.026512505569353313
6,28,0.02651250655069985
6,29,0.026512507217668783
6,30,0.02651250766950054
6,31,0.02651250797469382
6,32,0.026512508180295408
6,33,0.026512508318475334
6,34,0.026512508411143994
6,35,0.02651250847317109
6,36,0.026512508514616194
6,37,0.02651250854226529
6,38,0.026512508560684492
6,39,0.026512508572939207
6,40,0.02651250858108304
6,41,0.026512508586489302
6,42,0.026512508590074788
6,43,0.02651250859245065
6,44,0.026512508594023765
6,45,0.026512508595064616
6,46,0.026512508595752816
6,47,0.026512508596207605
6,48,0.026512508596507948
6,49,0.02651250859670623
6,50,0.026512508596837066
6,51,0.026512508596923334
6,52,0.02651250859698027
6,53,0.026512508597017773
6,54,0.026512508597042503
6,55,0.026512508597058792
6,56,0.02651250859706954
6,57,0.02651250859707661
6,58,0.02651250859708126
6,59,0.02651250859708434
6,60,0.02651250859708631
6,61,0.02651250859708763
6,62,0.026512508597088483
6,63,0.026512508597089066
6,64,0.026512508597089417
6,65,0.02651250859708968
6,66,0.02651250859708985
6,67,0.026512508597089996
6,68,0.026512508597090083
6,69,0.026512508597090135
6,70,0.026512508597090177
6,71,0.026512508597090177
6,72,0.02651250859709019
6,73,0.026512508597090194
6,74,0.0265125085970902
6,75,0.0265125085970902
6,76,0.026512508597090208
6,77,0.02651250859709021
6,78,0.02651250859709021
6,79,0.026512508597090215
6,80,0.02651250859709021
6,81,0.026512508597090215
6,82,0.02651250859709021
6,83,0.02651250859709021
6,84,0.02651250859709021
6,85,0.02651250859709021
6,86,0.02651250859709021
6,87,0.02651250859709021
6,88,0.02651250859709021
6,89,0.02651250859709021
6,90,0.02651250859709021
6,91,0.02651250859709021
6,92,0.02651250859709021
6,93,0.02651250859709021
6,94,0.02651250859709021
6,95,0.02651250859709021
6,96,0.02651250859709021
6,97,0.02651250859709021
6,98,0.02651250859709021
6,99,0.02651250859709021
6,100,0.02651250859709021
6,101,0.02651250859709021
6,102,0.02651250859709021
6,103,0.02651250859709021
6,104,0.02651250859709021
6,105,0.02651250859709021
6,106,0.02651250859709021
6,107,0.02651250859709021
6,108,0.02651250859709021
6,109,0.02651250859709021
6,110,0.02651250859709021
6,111,0.02651250859709021
6,112,0.02651250859709021
6,113,0.02651250859709021
6,114,0.02651250859709021
6,115,0.02651250859709021
6,116,0.02651250859709021
6,117,0.02651250859709021
6,118,0.02651250859709021
6,119,0.02651250859709021
6,120,0.02651250859709021
6,121,0.02651250859709021
6,122,0.02651250859709021
6,123,0.02651250859709021
6,124,0.02651250859709021
6,125,0.02651250859709021
6,126,0.02651250859709021
6,127,0.02651250859709021
6,128,0.02651250859709021
6,129,0.02651250859709021
6,130,0.02651250859709021
6,131,0.02651250859709021
6,132,0.02651250859709021
6,133,0.02651250859709021
6,134,0.02651250859709021
6,135,0.02651250859709021
6,136,0.02651250859709021
6,137,0.02651250859709021
6,138,0.02651250859709021
6,139,0.02651250859709021
6,140,0.02651250859709021
6,141,0.02651250859709021
6,142,0.02651250859709021
6,143,0.02651250859709021
6,144,0.02651250859709021
6,145,0.02651250859709021
6,146,0.02651250859709021
6,147,0.02651250859709021
6,148,0.02651250859709021
6,149,0.02651250859709021
6,150,0.02651250859709021
6,151,0.02651250859709021
6,152,0.02651250859709021
6,153,0.02651250859709021
6,154,0.02651250859709021
6,155,0.02651250859709021
6,156,0.02651250859709021
6,157,0.02651250859709021
6,158,0.02651250859709021
6,159,0.02651250859709021
6,160,0.02651250859709021
6,161,0.02651250859709021
6,162,0.02651250859709021
6,163,0.02651250859709021
6,164,0.02651250859709021
6,165,0.02651250859709021
6,166,0.02651250859709021
6,167,0.02651250859709021
6,168,0.02651250859709021
6,169,0.02651250859709021
6,170,0.02651250859709021
6,171,0.02651250859709021
6,172,0.02651250859709021
6,173,0.02651250859709021
6,174,0.02651250859709021
6,175,0.02651250859709021
6,176,0.02651250859709021
6,177,0.02651250859709021
6,178,0.02651250859709021
6,179,0.02651250859709021
6,180,0.02651250859709021
6,181,0.02651250859709021
6,182,0.02651250859709021
6,183,0.02651250859709021
6,184,0.02651250859709021
6,185,0.02651250859709021
6,186,0.02651250859709021
6,187,0.02651250859709021
6,188,0.02651250859709021
6,189,0.02651250859709021
6,190,0.02651250859709021
6,191,0.02651250859709021
6,192,0.02651250859709021
6,193,0.02651250859709021
6,194,0.02651250859709021
6,195,0.02651250859709021
6,196,0.02651250859709021
6,197,0.02651250859709021
6,198,0.02651250859709021
6,199,0.02651250859709021
6,200,0.02651250859709021
6,201,0.02651250859709021
6,202,0.02651250859709021
6,203,0.02651250859709021
6,204,0.02651250859709021
6,205,0.02651250859709021
6,206,0.02651250859709021
6,207,0.02651250859709021
6,208,0.02651250859709021
6,209,0.02651250859709021
6,210,0.02651250859709021
6,211,0.02651250859709021
6,212,0.02651250859709021
6,213,0.02651250859709021
6,214,0.02651250859709021
6,215,0.02651250859709021
6,216,0.02651250859709021
6,217,0.02651250859709021
6,218,0.02651250859709021
6,219,0.02651250859709021
6,220,0.02651250859709021
6,221,0.02651250859709021
6,222,0.02651250859709021
6,223,0.02651250859709021
6,224,0.02651250859709021
6,225,0.02651250859709021
6,226,0.02651250859709021
6,227,0.02651250859709021
6,228,0.02651250859709021
6,229,0.02651250859709021
6,230,0.02651250859709021
6,231,0.02651250859709021
6,232,0.02651250859709021
6,233,0.02651250859709021
6,234,0.02651250859709021
6,235,0.02651250859709021
6,236,0.02651250859709021
6,237,0.02651250859709021
6,238,0.02651250859709021
6,239,0.02651250859709021
6,240,0.02651250859709021
6,241,0.02651250859709021
6,242,0.02651250859709021
6,243,0.02651250859709021
6,244,0.02651250859709021
6,245,0.02651250859709021
6,246,0.02651250859709021
6,247,0.02651250859709021
6,248,0.02651250859709021
6,249,0.02651250859709021
6,250,0.02651250859709021
6,251,0.02651250859709021
6,252,0.02651250859709021
6,253,0.02651250859709021
6,254,0.02651250859709021
6,255,0.02651250859709021
6,256,0.02651250859709021
6,257,0.02651250859709021
6,258,0.02651250859709021
6,259,0.02651250859709021
6,260,0.02651250859709021
6,261,0.02651250859709021
6,262,0.02651250859709021
6,263,0.02651250859709021
6,264,0.02651250859709021
6,265,0.02651250859709021
6,266,0.02651250859709021
6,267,0.02651250859709021
6,268,0.02651250859709021
6,269,0.02651250859709021
6,270,0.02651250859709021
6,271,0.02651250859709021
6,272,0.02651250859709021
6,273,0.02651250859709021
6,274,0.02651250859709021
6,275,0.02651250859709021
6,276,0.02651250859709021
6,277,0.02651250859709021
6,278,0.02651250859709021
6,279,0.02651250859709021
6,280,0.02651250859709021
6,281,0.02651250859709021
6,282,0.02651250859709021
6,283,0.02651250859709021
6,284,0.02651250859709021
6,285,0.02651250859709021
6,286,0.02651250859709021
6,287,0.02651250859709021
6,288,0.02651250859709021
6,289,0.02651250859709021
6,290,0.02651250859709021
6,291,0.02651250859709021
6,292,0.02651250859709021
6,293,0.02651250859709021
6,294,0.02651250859709021
6,295,0.02651250859709021
6,296,0.02651250859709021
6,297,0.02651250859709021
6,298,0.02651250859709021
6,299,0.02651250859709021
6,300,0.02651250859709021
6,301,0.02651250859709021
6,302,0.02651250859709021
6,303,0.02651250859709021
6,304,0.02651250859709021
6,305,0.02651250859709021
6,306,0.02651250859709021
6,307,0.02651250859709021
6,308,0.02651250859709021
6,309,0.02651250859709021
6,310,0.02651250859709021
6,311,0.02651250859709021
6,312,0.02651250859709021
6,313,0.02651250859709021
6,314,0.02651250859709021
6,315,0.02651250859709021
6,316,0.02651250859709021
6,317,0.02651250859709021
6,318,0.02651250859709021
6,319,0.02651250859709021
6,320,0.02651250859709021
6,321,0.02651250859709021
6,322,0.02651250859709021
6,323,0.02651250859709021
6,324,0.02651250859709021
6,325,0.02651250859709021
6,326,0.02651250859709021
6,327,0.02651250859709021
6,328,0.02651250859709021
6,329,0.02651250859709021
6,330,0.02651250859709021
6,331,0.02651250859709021
6,332,0.02651250859709021
6,333,0.02651250859709021
6,334,0.02651250859709021
6,335,0.02651250859709021
6,336,0.02651250859709021
6,337,0.02651250859709021
6,338,0.02651250859709021
6,339,0.02651250859709021
6,340,0.02651250859709021
6,341,0.02651250859709021
6,342,0.02651250859709021
6,343,0.02651250859709021
6,344,0.02651250859709021
6,345,0.02651250859709021
6,346,0.02651250859709021
6,347,0.02651250859709021
6,348,0.02651250859709021
6,349,0.02651250859709021
6,350,0.02651250859709021
6,351,0.02651250859709021
6,352,0.02651250859709021
6,353,0.02651250859709021
6,354,0.02651250859709021
6,355,0.02651250859709021
6,356,0.02651250859709021
6,357,0.02651250859709021
6,358,0.02651250859709021
6,359,0.02651250859709021
6,360,0.02651250859709021
6,361,0.02651250859709021
6,362,0.02651250859709021
6,363,0.02651250859709021
6,364,0.02651250859709021
6,365,0.02651250859709021
6,366,0.02651250859709021
6,367,0.02651250859709021
6,368,0.02651250859709021
6,369,0.02651250859709021
6,370,0.02651250859709021
6,371,0.02651250859709021
6,372,0.02651250859709021
6,373,0.02651250859709021
6,374,0.02651250859709021
6,375,0.02651250859709021
6,376,0.02651250859709021
6,377,0.02651250859709021
6,378,0.02651250859709021
6,379,0.02651250859709021
6,380,0.02651250859709021
6,381,0.02651250859709021
6,382,0.02651250859709021
6,383,0.02651250859709021
6,384,0.02651250859709021
6,385,0.02651250859709021
6,386,0.02651250859709021
6,387,0.02651250859709021
6,388,0.02651250859709021
6,389,0.02651250859709021
6,390,0.02651250859709021
6,391,0.02651250859709021
6,392,0.02651250859709021
6,393,0.02651250859709021
6,394,0.02651250859709021
6,395,0.02651250859709021
6,396,0.02651250859709021
6,397,0.02651250859709021
6,398,0.02651250859709021
6,399,0.02651250859709021
6,400,0.02651250859709021
6,401,0.02651250859709021
6,402,0.02651250859709021
6,403,0.02651250859709021
6,404,0.02651250859709021
6,405,0.02651250859709021
6,406,0.02651250859709021
6,407,0.02651250859709021
6,408,0.02651250859709021
6,409,0.02651250859709021
6,410,0.02651250859709021
6,411,0.02651250859709021
6,412,0.02651250859709021
6,413,0.02651250859709021
6,414,0.02651250859709021
6,415,0.02651250859709021
6,416,0.02651250859709021
6,417,0.02651250859709021
6,418,0.02651250859709021
6,419,0.02651250859709021
6,420,0.02651250859709021
6,421,0.02651250859709021
6,422,0.02651250859709021
6,423,0.02651250859709021
6,424,0.02651250859709021
6,425,0.02651250859709021
6,426,0.02651250859709021
6,427,0.02651250859709021
6,428,0.02651250859709021
6,429,0.02651250859709021
6,430,0.02651250859709021
6,431,0.02651250859709021
6,432,0.02651250859709021
6,433,0.02651250859709021
6,434,0.02651250859709021
6,435,0.02651250859709021
6,436,0.02651250859709021
6,437,0.02651250859709021
6,438,0.02651250859709021
6,439,0.02651250859709021
6,440,0.02651250859709021
6,441,0.02651250859709021
6,442,0.02651250859709021
6,443,0.02651250859709021
6,444,0.02651250859709021
6,445,0.02651250859709021
6,446,0.02651250859709021
6,447,0.02651250859709021
6,448,0.02651250859709021
6,449,0.02651250859709021
6,450,0.02651250859709021
6,451,0.02651250859709021
6,452,0.02651250859709021
6,453,0.02651250859709021
6,454,0.02651250859709021
6,455,0.02651250859709021
6,456,0.02651250859709021
6,457,0.02651250859709021
6,458,0.02651250859709021
6,459,0.02651250859709021
6,460,0.02651250859709021
6,461,0.02651250859709021
6,462,0.02651250859709021
6,463,0.02651250859709021
6,464,0.02651250859709021
6,465,0.02651250859709021
6,466,0.02651250859709021
6,467,0.02651250859709021
6,468,0.02651250859709021
6,469,0.02651250859709021
6,470,0.02651250859709021
6,471,0.02651250859709021
6,472,0.02651250859709021
6,473,0.02651250859709021
6,474,0.02651250859709021
6,475,0.02651250859709021
6,476,0.02651250859709021
6,477,0.02651250859709021
6,478,0.02651250859709021
6,479,0.02651250859709021
6,480,0.02651250859709021
6,481,0.02651250859709021
6,482,0.02651250859709021
6,483,0.02651250859709021
6,484,0.02651250859709021
6,485,0.02651250859709021
6,486,0.02651250859709021
6,487,0.02651250859709021
6,488,0.02651250859709021
6,489,0.02651250859709021
6,490,0.02651250859709021
6,491,0.02651250859709021
6,492,0.02651250859709021
6,493,0.02651250859709021
6,494,0.02651250859709021
6,495,0.02651250859709021
6,496,0.02651250859709021
6,497,0.02651250859709021
6,498,0.02651250859709021
6,499,0.02651250859709021
7,0,0.0891285934680324
7,1,0.04288346690125175
7,2,0.030839411796683584
7,3,0.027645915740445177
7,4,0.026809915340962977
7,5,0.026605481153282127
7,6,0.02656686586807644
7,7,0.026568348532908206
7,8,0.026576863171738314
7,9,0.02658452510698095
7,10,0.026590080021100575
7,11,0.02659382771440264
7,12,0.02659628466242034
7,13,0.02659787702133135
7,14,0.026598905144254073
7,15,0.02659956884684875
7,16,0.02659999792883427
7,17,0.026600275918083813
7,18,0.02660045642619109
7,19,0.02660057388738684
7,20,0.026600650467839732
7,21,0.026600700476661087
7,22,0.02660073317763202
7,23,0.026600754584354104
7,24,0.026600768609882742
7,25,0.02660077780562345
7,26,0.02660078383796033
7,27,0.026600787796741365
7,28,0.02660079039552996
7,29,0.026600792101925546
7,30,0.02660079322255244
7,31,0.026600793958580397
7,32,0.026600794442044086
7,33,0.026600794759627656
7,34,0.026600794968253405
7,35,0.026600795105306073
7,36,0.026600795195341254
7,37,0.02660079525448918
7,38,0.026600795293346104
7,39,0.026600795318872855
7,40,0.026600795335642493
7,41,0.02660079534665913
7,42,0.026600795353896485
7,43,0.026600795358651036
7,44,0.02660079536177451
7,45,0.026600795363826518
7,46,0.02660079536517459
7,47,0.026600795366060276
7,48,0.02660079536664215
7,49,0.026600795367024407
7,50,0.026600795367275606
7,51,0.026600795367440633
7,52,0.026600795367549054
7,53,0.02660079536762029
7,54,0.026600795367667077
7,55,0.026600795367697855
7,56,0.026600795367718085
7,57,0.026600795367731408
7,58,0.026600795367740113
7,59,0.026600795367745875
7,60,0.02660079536774964
7,61,0.026600795367752103
7,62,0.02660079536775374
7,63,0.026600795367754792
7,64,0.026600795367755482
7,65,0.02660079536775597
7,66,0.026600795367756266
7,67,0.026600795367756454
7,68,0.02660079536775658
7,69,0.02660079536775666
7,70,0.0266007953677567
7,71,0.026600795367756738
7,72,0.026600795367756763
7,73,0.02660079536775678
7,74,0.02660079536775679
7,75,0.0266007953677568
7,76,0.026600795367756804
7,77,0.0266007953677568
7,78,0.026600795367756804
7,79,0.0266007953677568
7,80,0.026600795367756804
7,81,0.026600795367756804
7,82,0.026600795367756804
7,83,0.026600795367756804
7,84,0.026600795367756804
7,85,0.026600795367756804
7,86,0.026600795367756804
7,87,0.026600795367756804
7,88,0.026600795367756804
7,89,0.026600795367756804
7,90,0.026600795367756804
7,91,0.026600795367756804
7,92,0.026600795367756804
7,93,0.026600795367756804
7,94,0.026600795367756804
7,95,0.026600795367756804
7,96,0.026600795367756804
7,97,0.026600795367756804
7,98,0.026600795367756804
7,99,0.026600795367756804
7,100,0.026600795367756804
7,101,0.026600795367756804
7,102,0.026600795367756804
7,103,0.026600795367756804
7,104,0.026600795367756804
7,105,0.026600795367756804
7,106,0.026600795367756804
7,107,0.026600795367756804
7,108,0.026600795367756804
7,109,0.026600795367756804
7,110,0.026600795367756804
7,111,0.026600795367756804
7,112,0.026600795367756804
7,113,0.026600795367756804
7,114,0.026600795367756804
7,115,0.026600795367756804
7,116,0.026600795367756804
7,117,0.026600795367756804
7,118,0.026600795367756804
7,119,0.026600795367756804
7,120,0.026600795367756804
7,121,0.026600795367756804
7,122,0.026600795367756804
7,123,0.026600795367756804
7,124,0.026600795367756804
7,125,0.026600795367756804
7,126,0.026600795367756804
7,127,0.026600795367756804
7,128,0.026600795367756804
7,129,0.026600795367756804
7,130,0.026600795367756804
7,131,0.026600795367756804
7,132,0.026600795367756804
7,133,0.026600795367756804
7,134,0.026600795367756804
7,135,0.026600795367756804
7,136,0.026600795367756804
7,137,0.026600795367756804
7,138,0.026600795367756804
7,139,0.026600795367756804
7,140,0.026600795367756804
7,141,0.026600795367756804
7,142,0.026600795367756804
7,143,0.026600795367756804
7,144,0.026600795367756804
7,145,0.026600795367756804
7,146,0.026600795367756804
7,147,0.026600795367756804
7,148,0.026600795367756804
7,149,0.026600795367756804
7,150,0.026600795367756804
7,151,0.026600795367756804
7,152,0.026600795367756804
7,153,0.026600795367756804
7,154,0.026600795367756804
7,155,0.026600795367756804
7,156,0.026600795367756804
7,157,0.026600795367756804
7,158,0.026600795367756804
7,159,0.026600795367756804
7,160,0.026600795367756804
7,161,0.026600795367756804
7,162,0.026600795367756804
7,163,0.026600795367756804
7,164,0.026600795367756804
7,165,0.026600795367756804
7,166,0.026600795367756804
7,167,0.026600795367756804
7,168,0.026600795367756804
7,169,0.026600795367756804
7,170,0.026600795367756804
7,171,0.026600795367756804
7,172,0.026600795367756804
7,173,0.026600795367756804
7,174,0.026600795367756804
7,175,0.026600795367756804
7,176,0.026600795367756804
7,177,0.026600795367756804
7,178,0.026600795367756804
7,179,0.026600795367756804
7,180,0.026600795367756804
7,181,0.026600795367756804
7,182,0.026600795367756804
7,183,0.026600795367756804
7,184,0.026600795367756804
7,185,0.026600795367756804
7,186,0.026600795367756804
7,187,0.026600795367756804
7,188,0.026600795367756804
7,189,0.026600795367756804
7,190,0.026600795367756804
7,191,0.026600795367756804
7,192,0.026600795367756804
7,193,0.026600795367756804
7,194,0.026600795367756804
7,195,0.026600795367756804
7,196,0.026600795367756804
7,197,0.026600795367756804
7,198,0.026600795367756804
7,199,0.026600795367756804
7,200,0.026600795367756804
7,201,0.026600795367756804
7,202,0.026600795367756804
7,203,0.026600795367756804
7,204,0.026600795367756804
7,205,0.026600795367756804
7,206,0.026600795367756804
7,207,0.026600795367756804
7,208,0.026600795367756804
7,209,0.026600795367756804
7,210,0.026600795367756804
7,211,0.026600795367756804
7,212,0.026600795367756804
7,213,0.026600795367756804
7,214,0.026600795367756804
7,215,0.026600795367756804
7,216,0.026600795367756804
7,217,0.026600795367756804
7,218,0.026600795367756804
7,219,0.026600795367756804
7,220,0.026600795367756804
7,221,0.026600795367756804
7,222,0.026600795367756804
7,223,0.026600795367756804
7,224,0.026600795367756804
7,225,0.026600795367756804
7,226,0.026600795367756804
7,227,0.026600795367756804
7,228,0.026600795367756804
7,229,0.026600795367756804
7,230,0.026600795367756804
7,231,0.026600795367756804
7,232,0.026600795367756804
7,233,0.026600795367756804
7,234,0.026600795367756804
7,235,0.026600795367756804
7,236,0.026600795367756804
7,237,0.026600795367756804
7,238,0.026600795367756804
7,239,0.026600795367756804
7,240,0.026600795367756804
7,241,0.026600795367756804
7,242,0.026600795367756804
7,243,0.026600795367756804
7,244,0.026600795367756804
7,245,0.026600795367756804
7,246,0.026600795367756804
7,247,0.026600795367756804
7,248,0.026600795367756804
7,249,0.026600795367756804
7,250,0.026600795367756804
7,251,0.026600795367756804
7,252,0.026600795367756804
7,253,0.026600795367756804
7,254,0.026600795367756804
7,255,0.026600795367756804
7,256,0.026600795367756804
7,257,0.026600795367756804
7,258,0.026600795367756804
7,259,0.026600795367756804
7,260,0.026600795367756804
7,261,0.026600795367756804
7,262,0.026600795367756804
7,263,0.026600795367756804
7,264,0.026600795367756804
7,265,0.026600795367756804
7,266,0.026600795367756804
7,267,0.026600795367756804
7,268,0.026600795367756804
7,269,0.026600795367756804
7,270,0.026600795367756804
7,271,0.026600795367756804
7,272,0.026600795367756804
7,273,0.026600795367756804
7,274,0.026600795367756804
7,275,0.026600795367756804
7,276,0.026600795367756804
7,277,0.026600795367756804
7,278,0.026600795367756804
7,279,0.026600795367756804
7,280,0.026600795367756804
7,281,0.026600795367756804
7,282,0.026600795367756804
7,283,0.026600795367756804
7,284,0.026600795367756804
7,285,0.026600795367756804
7,286,0.026600795367756804
7,287,0.026600795367756804
7,288,0.026600795367756804
7,289,0.026600795367756804
7,290,0.026600795367756804
7,291,0.026600795367756804
7,292,0.026600795367756804
7,293,0.026600795367756804
7,294,0.026600795367756804
7,295,0.026600795367756804
7,296,0.026600795367756804
7,297,0.026600795367756804
7,298,0.026600795367756804
7,299,0.026600795367756804
7,300,0.026600795367756804
7,301,0.026600795367756804
7,302,0.026600795367756804
7,303,0.026600795367756804
7,304,0.026600795367756804
7,305,0.026600795367756804
7,306,0.026600795367756804
7,307,0.026600795367756804
7,308,0.026600795367756804
7,309,0.026600795367756804
7,310,0.026600795367756804
7,311,0.026600795367756804
7,312,0.026600795367756804
7,313,0.026600795367756804
7,314,0.026600795367756804
7,315,0.026600795367756804
7,316,0.026600795367756804
7,317,0.026600795367756804
7,318,0.026600795367756804
7,319,0.026600795367756804
7,320,0.026600795367756804
7,321,0.026600795367756804
7,322,0.026600795367756804
7,323,0.026600795367756804
7,324,0.026600795367756804
7,325,0.026600795367756804
7,326,0.026600795367756804
7,327,0.026600795367756804
7,328,0.026600795367756804
7,329,0.026600795367756804
7,330,0.026600795367756804
7,331,0.026600795367756804
7,332,0.026600795367756804
7,333,0.026600795367756804
7,334,0.026600795367756804
7,335,0.026600795367756804
7,336,0.026600795367756804
7,337,0.026600795367756804
7,338,0.026600795367756804
7,339,0.026600795367756804
7,340,0.026600795367756804
7,341,0.026600795367756804
7,342,0.026600795367756804
7,343,0.026600795367756804
7,344,0.026600795367756804
7,345,0.026600795367756804
7,346,0.026600795367756804
7,347,0.026600795367756804
7,348,0.026600795367756804
7,349,0.026600795367756804
7,350,0.026600795367756804
7,351,0.026600795367756804
7,352,0.026600795367756804
7,353,0.026600795367756804
7,354,0.026600795367756804
7,355,0.026600795367756804
7,356,0.026600795367756804
7,357,0.026600795367756804
7,358,0.026600795367756804
7,359,0.026600795367756804
7,360,0.026600795367756804
7,361,0.026600795367756804
7,362,0.026600795367756804
7,363,0.026600795367756804
7,364,0.026600795367756804
7,365,0.026600795367756804
7,366,0.026600795367756804
7,367,0.026600795367756804
7,368,0.026600795367756804
7,369,0.026600795367756804
7,370,0.026600795367756804
7,371,0.026600795367756804
7,372,0.026600795367756804
7,373,0.026600795367756804
7,374,0.026600795367756804
7,375,0.026600795367756804
7,376,0.026600795367756804
7,377,0.026600795367756804
7,378,0.026600795367756804
7,379,0.026600795367756804
7,380,0.026600795367756804
7,381,0.026600795367756804
7,382,0.026600795367756804
7,383,0.026600795367756804
7,384,0.026600795367756804
7,385,0.026600795367756804
7,386,0.026600795367756804
7,387,0.026600795367756804
7,388,0.026600795367756804
7,389,0.026600795367756804
7,390,0.026600795367756804
7,391,0.026600795367756804
7,392,0.026600795367756804
7,393,0.026600795367756804
7,394,0.026600795367756804
7,395,0.026600795367756804
7,396,0.026600795367756804
7,397,0.026600795367756804
7,398,0.026600795367756804
7,399,0.026600795367756804
7,400,0.026600795367756804
7,401,0.026600795367756804
7,402,0.026600795367756804
7,403,0.026600795367756804
7,404,0.026600795367756804
7,405,0.026600795367756804
7,406,0.026600795367756804
7,407,0.026600795367756804
7,408,0.026600795367756804
7,409,0.026600795367756804
7,410,0.026600795367756804
7,411,0.026600795367756804
7,412,0.026600795367756804
7,413,0.026600795367756804
7,414,0.026600795367756804
7,415,0.026600795367756804
7,416,0.026600795367756804
7,417,0.026600795367756804
7,418,0.026600795367756804
7,419,0.026600795367756804
7,420,0.026600795367756804
7,421,0.026600795367756804
7,422,0.026600795367756804
7,423,0.026600795367756804
7,424,0.026600795367756804
7,425,0.026600795367756804
7,426,0.026600795367756804
7,427,0.026600795367756804
7,428,0.026600795367756804
7,429,0.026600795367756804
7,430,0.026600795367756804
7,431,0.026600795367756804
7,432,0.026600795367756804
7,433,0.026600795367756804
7,434,0.026600795367756804
7,435,0.026600795367756804
7,436,0.026600795367756804
7,437,0.026600795367756804
7,438,0.026600795367756804
7,439,0.026600795367756804
7,440,0.026600795367756804
7,441,0.026600795367756804
7,442,0.026600795367756804
7,443,0.026600795367756804
7,444,0.026600795367756804
7,445,0.026600795367756804
7,446,0.026600795367756804
7,447,0.026600795367756804
7,448,0.026600795367756804
7,449,0.026600795367756804
7,450,0.026600795367756804
7,451,0.026600795367756804
7,452,0.026600795367756804
7,453,0.026600795367756804
7,454,0.026600795367756804
7,455,0.026600795367756804
7,456,0.026600795367756804
7,457,0.026600795367756804
7,458,0.026600795367756804
7,459,0.026600795367756804
7,460,0.026600795367756804
7,461,0.026600795367756804
7,462,0.026600795367756804
7,463,0.026600795367756804
7,464,0.026600795367756804
7,465,0.026600795367756804
7,466,0.026600795367756804
7,467,0.026600795367756804
7,468,0.026600795367756804
7,469,0.026600795367756804
7,470,0.026600795367756804
7,471,0.026600795367756804
7,472,0.026600795367756804
7,473,0.026600795367756804
7,474,0.026600795367756804
7,475,0.026600795367756804
7,476,0.026600795367756804
7,477,0.026600795367756804
7,478,0.026600795367756804
7,479,0.026600795367756804
7,480,0.026600795367756804
7,481,0.026600795367756804
7,482,0.026600795367756804
7,483,0.026600795367756804
7,484,0.026600795367756804
7,485,0.026600795367756804
7,486,0.026600795367756804
7,487,0.026600795367756804
7,488,0.026600795367756804
7,489,0.026600795367756804
7,490,0.026600795367756804
7,491,0.026600795367756804
7,492,0.026600795367756804
7,493,0.026600795367756804
7,494,0.026600795367756804
7,495,0.026600795367756804
7,496,0.026600795367756804
7,497,0.026600795367756804
7,498,0.026600795367756804
7,499,0.026600795367756804
8,0,0.06891835556326854
8,1,0.03694020375408763
8,2,0.02946808825492087
8,3,0.027474281903474472
8,4,0.026901841241151404
8,5,0.026721861283136587
8,6,0.026656576631632258
8,7,0.02662800108224034
8,8,0.02661305872065186
8,9,0.02660424962261106
8,10,0.026598727337717985
8,11,0.026595177734482743
8,12,0.026592879710996803
8,13,0.026591392726006555
8,14,0.026590433813527093
8,15,0.026589818033681198
8,16,0.026589424231329723
8,17,0.026589173324657066
8,18,0.02658901397848733
8,19,0.02658891305849979
8,20,0.0265888492896245
8,21,0.026588809073486066
8,22,0.026588783751932726
8,23,0.02658876783008131
8,24,0.026588757829979718
8,25,0.02658875155518192
8,26,0.026588747621115797
8,27,0.026588745156325814
8,28,0.026588743613012705
8,29,0.026588742647195424
8,30,0.026588742043070657
8,31,0.02658874166535336
8,32,0.02658874142928988
8,33,0.026588741281813853
8,34,0.026588741189715874
8,35,0.026588741132222562
8,36,0.02658874109634507
8,37,0.02658874107396491
8,38,0.026588741060009732
8,39,0.026588741051311406
8,40,0.026588741045892
8,41,0.02658874104251701
8,42,0.02658874104041621
8,43,0.02658874103910913
8,44,0.026588741038296355
8,45,0.026588741037791217
8,46,0.026588741037477482
8,47,0.026588741037282763
8,48,0.026588741037161998
8,49,0.02658874103708714
8,50,0.026588741037040762
8,51,0.026588741037012073
8,52,0.02658874103699429
8,53,0.026588741036983384
8,54,0.026588741036976612
8,55,0.02658874103697246
8,56,0.026588741036969857
8,57,0.026588741036968316
8,58,0.026588741036967366
8,59,0.026588741036966793
8,60,0.026588741036966432
8,61,0.026588741036966203
8,62,0.02658874103696606
8,63,0.026588741036965978
8,64,0.026588741036965926
8,65,0.02658874103696592
8,66,0.02658874103696589
8,67,0.02658874103696588
8,68,0.02658874103696588
8,69,0.026588741036965874
8,70,0.02658874103696587
8,71,0.026588741036965874
8,72,0.026588741036965874
8,73,0.026588741036965874
8,74,0.026588741036965874
8,75,0.026588741036965874
8,76,0.02658874103696588
8,77,0.026588741036965874
8,78,0.026588741036965874
8,79,0.026588741036965874
8,80,0.026588741036965874
8,81,0.026588741036965874
8,82,0.026588741036965874
8,83,0.026588741036965874
8,84,0.02658874103696588
8,85,0.02658874103696588
8,86,0.02658874103696588
8,87,0.02658874103696588
8,88,0.02658874103696588
8,89,0.02658874103696588
8,90,0.02658874103696588
8,91,0.02658874103696588
8,92,0.02658874103696588
8,93,0.02658874103696588
8,94,0.02658874103696588
8,95,0.02658874103696588
8,96,0.02658874103696588
8,97,0.02658874103696588
8,98,0.02658874103696588
8,99,0.02658874103696588
8,100,0.02658874103696588
8,101,0.02658874103696588
8,102,0.02658874103696588
8,103,0.02658874103696588
8,104,0.02658874103696588
8,105,0.02658874103696588
8,106,0.02658874103696588
8,107,0.02658874103696588
8,108,0.02658874103696588
8,109,0.02658874103696588
8,110,0.02658874103696588
8,111,0.02658874103696588
8,112,0.02658874103696588
8,113,0.02658874103696588
8,114,0.02658874103696588
8,115,0.02658874103696588
8,116,0.02658874103696588
8,117,0.02658874103696588
8,118,0.02658874103696588
8,119,0.02658874103696588
8,120,0.02658874103696588
8,121,0.02658874103696588
8,122,0.02658874103696588
8,123,0.02658874103696588
8,124,0.02658874103696588
8,125,0.02658874103696588
8,126,0.02658874103696588
8,127,0.02658874103696588
8,128,0.02658874103696588
8,129,0.02658874103696588
8,130,0.02658874103696588
8,131,0.02658874103696588
8,132,0.02658874103696588
8,133,0.02658874103696588
8,134,0.02658874103696588
8,135,0.02658874103696588
8,136,0.02658874103696588
8,137,0.02658874103696588
8,138,0.02658874103696588
8,139,0.02658874103696588
8,140,0.02658874103696588
8,141,0.02658874103696588
8,142,0.02658874103696588
8,143,0.02658874103696588
8,144,0.02658874103696588
8,145,0.02658874103696588
8,146,0.02658874103696588
8,147,0.02658874103696588
8,148,0.02658874103696588
8,149,0.02658874103696588
8,150,0.02658874103696588
8,151,0.02658874103696588
8,152,0.02658874103696588
8,153,0.02658874103696588
8,154,0.02658874103696588
8,155,0.02658874103696588
8,156,0.02658874103696588
8,157,0.02658874103696588
8,158,0.02658874103696588
8,159,0.02658874103696588
8,160,0.02658874103696588
8,161,0.02658874103696588
8,162,0.02658874103696588
8,163,0.02658874103696588
8,164,0.02658874103696588
8,165,0.02658874103696588
8,166,0.02658874103696588
8,167,0.02658874103696588
8,168,0.02658874103696588
8,169,0.02658874103696588
8,170,0.02658874103696588
8,171,0.02658874103696588
8,172,0.02658874103696588
8,173,0.02658874103696588
8,174,0.02658874103696588
8,175,0.02658874103696588
8,176,0.02658874103696588
8,177,0.02658874103696588
8,178,0.02658874103696588
8,179,0.02658874103696588
8,180,0.02658874103696588
8,181,0.02658874103696588
8,182,0.02658874103696588
8,183,0.02658874103696588
8,184,0.02658874103696588
8,185,0.02658874103696588
8,186,0.02658874103696588
8,187,0.02658874103696588
8,188,0.02658874103696588
8,189,0.02658874103696588
8,190,0.02658874103696588
8,191,0.02658874103696588
8,192,0.02658874103696588
8,193,0.02658874103696588
8,194,0.02658874103696588
8,195,0.02658874103696588
8,196,0.02658874103696588
8,197,0.02658874103696588
8,198,0.02658874103696588
8,199,0.02658874103696588
8,200,0.02658874103696588
8,201,0.02658874103696588
8,202,0.02658874103696588
8,203,0.02658874103696588
8,204,0.02658874103696588
8,205,0.02658874103696588
8,206,0.02658874103696588
8,207,0.02658874103696588
8,208,0.02658874103696588
8,209,0.02658874103696588
8,210,0.02658874103696588
8,211,0.02658874103696588
8,212,0.02658874103696588
8,213,0.02658874103696588
8,214,0.02658874103696588
8,215,0.02658874103696588
8,216,0.02658874103696588
8,217,0.02658874103696588
8,218,0.02658874103696588
8,219,0.02658874103696588
8,220,0.02658874103696588
8,221,0.02658874103696588
8,222,0.02658874103696588
8,223,0.02658874103696588
8,224,0.02658874103696588
8,225,0.02658874103696588
8,226,0.02658874103696588
8,227,0.02658874103696588
8,228,0.02658874103696588
8,229,0.02658874103696588
8,230,0.02658874103696588
8,231,0.02658874103696588
8,232,0.02658874103696588
8,233,0.02658874103696588
8,234,0.02658874103696588
8,235,0.02658874103696588
8,236,0.02658874103696588
8,237,0.02658874103696588
8,238,0.02658874103696588
8,239,0.02658874103696588
8,240,0.02658874103696588
8,241,0.02658874103696588
8,242,0.02658874103696588
8,243,0.02658874103696588
8,244,0.02658874103696588
8,245,0.02658874103696588
8,246,0.02658874103696588
8,247,0.02658874103696588
8,248,0.02658874103696588
8,249,0.02658874103696588
8,250,0.02658874103696588
8,251,0.02658874103696588
8,252,0.02658874103696588
8,253,0.02658874103696588
8,254,0.02658874103696588
8,255,0.02658874103696588
8,256,0.02658874103696588
8,257,0.02658874103696588
8,258,0.02658874103696588
8,259,0.02658874103696588
8,260,0.02658874103696588
8,261,0.02658874103696588
8,262,0.02658874103696588
8,263,0.02658874103696588
8,264,0.02658874103696588
8,265,0.02658874103696588
8,266,0.02658874103696588
8,267,0.02658874103696588
8,268,0.02658874103696588
8,269,0.02658874103696588
8,270,0.02658874103696588
8,271,0.02658874103696588
8,272,0.02658874103696588
8,273,0.02658874103696588
8,274,0.02658874103696588
8,275,0.02658874103696588
8,276,0.02658874103696588
8,277,0.02658874103696588
8,278,0.02658874103696588
8,279,0.02658874103696588
8,280,0.02658874103696588
8,281,0.02658874103696588
8,282,0.02658874103696588
8,283,0.02658874103696588
8,284,0.02658874103696588
8,285,0.02658874103696588
8,286,0.02658874103696588
8,287,0.02658874103696588
8,288,0.02658874103696588
8,289,0.02658874103696588
8,290,0.02658874103696588
8,291,0.02658874103696588
8,292,0.02658874103696588
8,293,0.02658874103696588
8,294,0.02658874103696588
8,295,0.02658874103696588
8,296,0.02658874103696588
8,297,0.02658874103696588
8,298,0.02658874103696588
8,299,0.02658874103696588
8,300,0.02658874103696588
8,301,0.02658874103696588
8,302,0.02658874103696588
8,303,0.02658874103696588
8,304,0.02658874103696588
8,305,0.02658874103696588
8,306,0.02658874103696588
8,307,0.02658874103696588
8,308,0.02658874103696588
8,309,0.02658874103696588
8,310,0.02658874103696588
8,311,0.02658874103696588
8,312,0.02658874103696588
8,313,0.02658874103696588
8,314,0.02658874103696588
8,315,0.02658874103696588
8,316,0.02658874103696588
8,317,0.02658874103696588
8,318,0.02658874103696588
8,319,0.02658874103696588
8,320,0.02658874103696588
8,321,0.02658874103696588
8,322,0.02658874103696588
8,323,0.02658874103696588
8,324,0.02658874103696588
8,325,0.02658874103696588
8,326,0.02658874103696588
8,327,0.02658874103696588
8,328,0.02658874103696588
8,329,0.02658874103696588
8,330,0.02658874103696588
8,331,0.02658874103696588
8,332,0.02658874103696588
8,333,0.02658874103696588
8,334,0.02658874103696588
8,335,0.02658874103696588
8,336,0.02658874103696588
8,337,0.02658874103696588
8,338,0.02658874103696588
8,339,0.02658874103696588
8,340,0.02658874103696588
8,341,0.02658874103696588
8,342,0.02658874103696588
8,343,0.02658874103696588
8,344,0.02658874103696588
8,345,0.02658874103696588
8,346,0.02658874103696588
8,347,0.02658874103696588
8,348,0.02658874103696588
8,349,0.02658874103696588
8,350,0.02658874103696588
8,351,0.02658874103696588
8,352,0.02658874103696588
8,353,0.02658874103696588
8,354,0.02658874103696588
8,355,0.02658874103696588
8,356,0.02658874103696588
8,357,0.02658874103696588
8,358,0.02658874103696588
8,359,0.02658874103696588
8,360,0.02658874103696588
8,361,0.02658874103696588
8,362,0.02658874103696588
8,363,0.02658874103696588
8,364,0.02658874103696588
8,365,0.02658874103696588
8,366,0.02658874103696588
8,367,0.02658874103696588
8,368,0.02658874103696588
8,369,0.02658874103696588
8,370,0.02658874103696588
8,371,0.02658874103696588
8,372,0.02658874103696588
8,373,0.02658874103696588
8,374,0.02658874103696588
8,375,0.02658874103696588
8,376,0.02658874103696588
8,377,0.02658874103696588
8,378,0.02658874103696588
8,379,0.02658874103696588
8,380,0.02658874103696588
8,381,0.02658874103696588
8,382,0.02658874103696588
8,383,0.02658874103696588
8,384,0.02658874103696588
8,385,0.02658874103696588
8,386,0.02658874103696588
8,387,0.02658874103696588
8,388,0.02658874103696588
8,389,0.02658874103696588
8,390,0.02658874103696588
8,391,0.02658874103696588
8,392,0.02658874103696588
8,393,0.02658874103696588
8,394,0.02658874103696588
8,395,0.02658874103696588
8,396,0.02658874103696588
8,397,0.02658874103696588
8,398,0.02658874103696588
8,399,0.02658874103696588
8,400,0.02658874103696588
8,401,0.02658874103696588
8,402,0.02658874103696588
8,403,0.02658874103696588
8,404,0.02658874103696588
8,405,0.02658874103696588
8,406,0.02658874103696588
8,407,0.02658874103696588
8,408,0.02658874103696588
8,409,0.02658874103696588
8,410,0.02658874103696588
8,411,0.02658874103696588
8,412,0.02658874103696588
8,413,0.02658874103696588
8,414,0.02658874103696588
8,415,0.02658874103696588
8,416,0.02658874103696588
8,417,0.02658874103696588
8,418,0.02658874103696588
8,419,0.02658874103696588
8,420,0.02658874103696588
8,421,0.02658874103696588
8,422,0.02658874103696588
8,423,0.02658874103696588
8,424,0.02658874103696588
8,425,0.02658874103696588
8,426,0.02658874103696588
8,427,0.02658874103696588
8,428,0.02658874103696588
8,429,0.02658874103696588
8,430,0.02658874103696588
8,431,0.02658874103696588
8,432,0.02658874103696588
8,433,0.02658874103696588
8,434,0.02658874103696588
8,435,0.02658874103696588
8,436,0.02658874103696588
8,437,0.02658874103696588
8,438,0.02658874103696588
8,439,0.02658874103696588
8,440,0.02658874103696588
8,441,0.02658874103696588
8,442,0.02658874103696588
8,443,0.02658874103696588
8,444,0.02658874103696588
8,445,0.02658874103696588
8,446,0.02658874103696588
8,447,0.02658874103696588
8,448,0.02658874103696588
8,449,0.02658874103696588
8,450,0.02658874103696588
8,451,0.02658874103696588
8,452,0.02658874103696588
8,453,0.02658874103696588
8,454,0.02658874103696588
8,455,0.02658874103696588
8,456,0.02658874103696588
8,457,0.02658874103696588
8,458,0.02658874103696588
8,459,0.02658874103696588
8,460,0.02658874103696588
8,461,0.02658874103696588
8,462,0.02658874103696588
8,463,0.02658874103696588
8,464,0.02658874103696588
8,465,0.02658874103696588
8,466,0.02658874103696588
8,467,0.02658874103696588
8,468,0.02658874103696588
8,469,0.02658874103696588
8,470,0.02658874103696588
8,471,0.02658874103696588
8,472,0.02658874103696588
8,473,0.02658874103696588
8,474,0.02658874103696588
8,475,0.02658874103696588
8,476,0.02658874103696588
8,477,0.02658874103696588
8,478,0.02658874103696588
8,479,0.02658874103696588
8,480,0.02658874103696588
8,481,0.02658874103696588
8,482,0.02658874103696588
8,483,0.02658874103696588
8,484,0.02658874103696588
8,485,0.02658874103696588
8,486,0.02658874103696588
8,487,0.02658874103696588
8,488,0.02658874103696588
8,489,0.02658874103696588
8,490,0.02658874103696588
8,491,0.02658874103696588
8,492,0.02658874103696588
8,493,0.02658874103696588
8,494,0.02658874103696588
8,495,0.02658874103696588
8,496,0.02658874103696588
8,497,0.02658874103696588
8,498,0.02658874103696588
8,499,0.02658874103696588
9,0,0.06832448754956219
9,1,0.03752591409594496
9,2,0.029452315950463222
9,3,0.0272125239714875
9,4,0.026596181116562395
9,5,0.026443897039559378
9,6,0.026421998561514164
9,7,0.02643283143995725
9,8,0.02644839661588893
9,9,0.02646153255959131
9,10,0.026471178203129647
9,11,0.026477866823316272
9,12,0.026482377938558257
9,13,0.02648537648325291
9,14,0.026487353961622117
9,15,0.026488652501155868
9,16,0.026489503294410258
9,17,0.02649006012743344
9,18,0.026490424418718735
9,19,0.026490662738228907
9,20,0.0264908186743654
9,21,0.026490920734384138
9,22,0.026490987554336102
9,23,0.026491031317033155
9,24,0.0264910599883552
9,25,0.026491078778576618
9,26,0.026491091096860334
9,27,0.026491099174718077
9,28,0.02649110447335358
9,29,0.026491107949905373
9,30,0.02649111023153965
9,31,0.026491111729335545
9,32,0.026491112712816282
9,33,0.026491113358743507
9,34,0.026491113783073887
9,35,0.026491114061895252
9,36,0.0264911142451471
9,37,0.026491114365614594
9,38,0.026491114444826422
9,39,0.02649111449692283
9,40,0.02649111453119349
9,41,0.02649111455374279
9,42,0.026491114568582937
9,43,0.026491114578351675
9,44,0.026491114584783447
9,45,0.026491114589019062
9,46,0.026491114591809018
9,47,0.02649111459364708
9,48,0.026491114594858273
9,49,0.026491114595656555
9,50,0.026491114596182804
9,51,0.026491114596529773
9,52,0.02649111459675862
9,53,0.026491114596909535
9,54,0.026491114597009115
9,55,0.026491114597074785
9,56,0.026491114597118167
9,57,0.026491114597146807
9,58,0.026491114597165688
9,59,0.026491114597178143
9,60,0.02649111459718636
9,61,0.02649111459719182
9,62,0.026491114597195435
9,63,0.026491114597197815
9,64,0.026491114597199376
9,65,0.026491114597200417
9,66,0.02649111459720109
9,67,0.026491114597201524
9,68,0.026491114597201805
9,69,0.02649111459720203
9,70,0.026491114597202194
9,71,0.02649111459720229
9,72,0.026491114597202343
9,73,0.02649111459720237
9,74,0.026491114597202384
9,75,0.026491114597202402
9,76,0.02649111459720241
9,77,0.026491114597202426
9,78,0.026491114597202436
9,79,0.026491114597202433
9,80,0.026491114597202436
9,81,0.026491114597202443
9,82,0.026491114597202443
9,83,0.026491114597202443
9,84,0.026491114597202443
9,85,0.026491114597202443
9,86,0.026491114597202443
9,87,0.026491114597202443
9,88,0.026491114597202443
9,89,0.026491114597202443
9,90,0.026491114597202443
9,91,0.026491114597202443
9,92,0.026491114597202443
9,93,0.026491114597202443
9,94,0.026491114597202443
9,95,0.026491114597202443
9,96,0.026491114597202443
9,97,0.026491114597202443
9,98,0.026491114597202443
9,99,0.026491114597202443
9,100,0.026491114597202443
9,101,0.026491114597202443
9,102,0.026491114597202443
9,103,0.026491114597202443
9,104,0.026491114597202443
9,105,0.026491114597202443
9,106,0.026491114597202443
9,107,0.026491114597202443
9,108,0.026491114597202443
9,109,0.026491114597202443
9,110,0.026491114597202443
9,111,0.026491114597202443
9,112,0.026491114597202443
9,113,0.026491114597202443
9,114,0.026491114597202443
9,115,0.026491114597202443
9,116,0.026491114597202443
9,117,0.026491114597202443
9,118,0.026491114597202443
9,119,0.026491114597202443
9,120,0.026491114597202443
9,121,0.026491114597202443
9,122,0.026491114597202443
9,123,0.026491114597202443
9,124,0.026491114597202443
9,125,0.026491114597202443
9,126,0.026491114597202443
9,127,0.026491114597202443
9,128,0.026491114597202443
9,129,0.026491114597202443
9,130,0.026491114597202443
9,131,0.026491114597202443
9,132,0.026491114597202443
9,133,0.026491114597202443
9,134,0.026491114597202443
9,135,0.026491114597202443
9,136,0.026491114597202443
9,137,0.026491114597202443
9,138,0.026491114597202443
9,139,0.026491114597202443
9,140,0.026491114597202443
9,141,0.026491114597202443
9,142,0.026491114597202443
9,143,0.026491114597202443
9,144,0.026491114597202443
9,145,0.026491114597202443
9,146,0.026491114597202443
9,147,0.026491114597202443
9,148,0.026491114597202443
9,149,0.026491114597202443
9,150,0.026491114597202443
9,151,0.026491114597202443
9,152,0.026491114597202443
9,153,0.026491114597202443
9,154,0.026491114597202443
9,155,0.026491114597202443
9,156,0.026491114597202443
9,157,0.026491114597202443
9,158,0.026491114597202443
9,159,0.026491114597202443
9,160,0.026491114597202443
9,161,0.026491114597202443
9,162,0.026491114597202443
9,163,0.026491114597202443
9,164,0.026491114597202443
9,165,0.026491114597202443
9,166,0.026491114597202443
9,167,0.026491114597202443
9,168,0.026491114597202443
9,169,0.026491114597202443
9,170,0.026491114597202443
9,171,0.026491114597202443
9,172,0.026491114597202443
9,173,0.026491114597202443
9,174,0.026491114597202443
9,175,0.026491114597202443
9,176,0.026491114597202443
9,177,0.026491114597202443
9,178,0.026491114597202443
9,179,0.026491114597202443
9,180,0.026491114597202443
9,181,0.026491114597202443
9,182,0.026491114597202443
9,183,0.026491114597202443
9,184,0.026491114597202443
9,185,0.026491114597202443
9,186,0.026491114597202443
9,187,0.026491114597202443
9,188,0.026491114597202443
9,189,0.026491114597202443
9,190,0.026491114597202443
9,191,0.026491114597202443
9,192,0.026491114597202443
9,193,0.026491114597202443
9,194,0.026491114597202443
9,195,0.026491114597202443
9,196,0.026491114597202443
9,197,0.026491114597202443
9,198,0.026491114597202443
9,199,0.026491114597202443
9,200,0.026491114597202443
9,201,0.026491114597202443
9,202,0.026491114597202443
9,203,0.026491114597202443
9,204,0.026491114597202443
9,205,0.026491114597202443
9,206,0.026491114597202443
9,207,0.026491114597202443
9,208,0.026491114597202443
9,209,0.026491114597202443
9,210,0.026491114597202443
9,211,0.026491114597202443
9,212,0.026491114597202443
9,213,0.026491114597202443
9,214,0.026491114597202443
9,215,0.026491114597202443
9,216,0.026491114597202443
9,217,0.026491114597202443
9,218,0.026491114597202443
9,219,0.026491114597202443
9,220,0.026491114597202443
9,221,0.026491114597202443
9,222,0.026491114597202443
9,223,0.026491114597202443
9,224,0.026491114597202443
9,225,0.026491114597202443
9,226,0.026491114597202443
9,227,0.026491114597202443
9,228,0.026491114597202443
9,229,0.026491114597202443
9,230,0.026491114597202443
9,231,0.026491114597202443
9,232,0.026491114597202443
9,233,0.026491114597202443
9,234,0.026491114597202443
9,235,0.026491114597202443
9,236,0.026491114597202443
9,237,0.026491114597202443
9,238,0.026491114597202443
9,239,0.026491114597202443
9,240,0.026491114597202443
9,241,0.026491114597202443
9,242,0.026491114597202443
9,243,0.026491114597202443
9,244,0.026491114597202443
9,245,0.026491114597202443
9,246,0.026491114597202443
9,247,0.026491114597202443
9,248,0.026491114597202443
9,249,0.026491114597202443
9,250,0.026491114597202443
9,251,0.026491114597202443
9,252,0.026491114597202443
9,253,0.026491114597202443
9,254,0.026491114597202443
9,255,0.026491114597202443
9,256,0.026491114597202443
9,257,0.026491114597202443
9,258,0.026491114597202443
9,259,0.026491114597202443
9,260,0.026491114597202443
9,261,0.026491114597202443
9,262,0.026491114597202443
9,263,0.026491114597202443
9,264,0.026491114597202443
9,265,0.026491114597202443
9,266,0.026491114597202443
9,267,0.026491114597202443
9,268,0.026491114597202443
9,269,0.026491114597202443
9,270,0.026491114597202443
9,271,0.026491114597202443
9,272,0.026491114597202443
9,273,0.026491114597202443
9,274,0.026491114597202443
9,275,0.026491114597202443
9,276,0.026491114597202443
9,277,0.026491114597202443
9,278,0.026491114597202443
9,279,0.026491114597202443
9,280,0.026491114597202443
9,281,0.026491114597202443
9,282,0.026491114597202443
9,283,0.026491114597202443
9,284,0.026491114597202443
9,285,0.026491114597202443
9,286,0.026491114597202443
9,287,0.026491114597202443
9,288,0.026491114597202443
9,289,0.026491114597202443
9,290,0.026491114597202443
9,291,0.026491114597202443
9,292,0.026491114597202443
9,293,0.026491114597202443
9,294,0.026491114597202443
9,295,0.026491114597202443
9,296,0.026491114597202443
9,297,0.026491114597202443
9,298,0.026491114597202443
9,299,0.026491114597202443
9,300,0.026491114597202443
9,301,0.026491114597202443
9,302,0.026491114597202443
9,303,0.026491114597202443
9,304,0.026491114597202443
9,305,0.026491114597202443
9,306,0.026491114597202443
9,307,0.026491114597202443
9,308,0.026491114597202443
9,309,0.026491114597202443
9,310,0.026491114597202443
9,311,0.026491114597202443
9,312,0.026491114597202443
9,313,0.026491114597202443
9,314,0.026491114597202443
9,315,0.026491114597202443
9,316,0.026491114597202443
9,317,0.026491114597202443
9,318,0.026491114597202443
9,319,0.026491114597202443
9,320,0.026491114597202443
9,321,0.026491114597202443
9,322,0.026491114597202443
9,323,0.026491114597202443
9,324,0.026491114597202443
9,325,0.026491114597202443
9,326,0.026491114597202443
9,327,0.026491114597202443
9,328,0.026491114597202443
9,329,0.026491114597202443
9,330,0.026491114597202443
9,331,0.026491114597202443
9,332,0.026491114597202443
9,333,0.026491114597202443
9,334,0.026491114597202443
9,335,0.026491114597202443
9,336,0.026491114597202443
9,337,0.026491114597202443
9,338,0.026491114597202443
9,339,0.026491114597202443
9,340,0.026491114597202443
9,341,0.026491114597202443
9,342,0.026491114597202443
9,343,0.026491114597202443
9,344,0.026491114597202443
9,345,0.026491114597202443
9,346,0.026491114597202443
9,347,0.026491114597202443
9,348,0.026491114597202443
9,349,0.026491114597202443
9,350,0.026491114597202443
9,351,0.026491114597202443
9,352,0.026491114597202443
9,353,0.026491114597202443
9,354,0.026491114597202443
9,355,0.026491114597202443
9,356,0.026491114597202443
9,357,0.026491114597202443
9,358,0.026491114597202443
9,359,0.026491114597202443
9,360,0.026491114597202443
9,361,0.026491114597202443
9,362,0.026491114597202443
9,363,0.026491114597202443
9,364,0.026491114597202443
9,365,0.026491114597202443
9,366,0.026491114597202443
9,367,0.026491114597202443
9,368,0.026491114597202443
9,369,0.026491114597202443
9,370,0.026491114597202443
9,371,0.026491114597202443
9,372,0.026491114597202443
9,373,0.026491114597202443
9,374,0.026491114597202443
9,375,0.026491114597202443
9,376,0.026491114597202443
9,377,0.026491114597202443
9,378,0.026491114597202443
9,379,0.026491114597202443
9,380,0.026491114597202443
9,381,0.026491114597202443
9,382,0.026491114597202443
9,383,0.026491114597202443
9,384,0.026491114597202443
9,385,0.026491114597202443
9,386,0.026491114597202443
9,387,0.026491114597202443
9,388,0.026491114597202443
9,389,0.026491114597202443
9,390,0.026491114597202443
9,391,0.026491114597202443
9,392,0.026491114597202443
9,393,0.026491114597202443
9,394,0.026491114597202443
9,395,0.026491114597202443
9,396,0.026491114597202443
9,397,0.026491114597202443
9,398,0.026491114597202443
9,399,0.026491114597202443
9,400,0.026491114597202443
9,401,0.026491114597202443
9,402,0.026491114597202443
9,403,0.026491114597202443
9,404,0.026491114597202443
9,405,0.026491114597202443
9,406,0.026491114597202443
9,407,0.026491114597202443
9,408,0.026491114597202443
9,409,0.026491114597202443
9,410,0.026491114597202443
9,411,0.026491114597202443
9,412,0.026491114597202443
9,413,0.026491114597202443
9,414,0.026491114597202443
9,415,0.026491114597202443
9,416,0.026491114597202443
9,417,0.026491114597202443
9,418,0.026491114597202443
9,419,0.026491114597202443
9,420,0.026491114597202443
9,421,0.026491114597202443
9,422,0.026491114597202443
9,423,0.026491114597202443
9,424,0.026491114597202443
9,425,0.026491114597202443
9,426,0.026491114597202443
9,427,0.026491114597202443
9,428,0.026491114597202443
9,429,0.026491114597202443
9,430,0.026491114597202443
9,431,0.026491114597202443
9,432,0.026491114597202443
9,433,0.026491114597202443
9,434,0.026491114597202443
9,435,0.026491114597202443
9,436,0.026491114597202443
9,437,0.026491114597202443
9,438,0.026491114597202443
9,439,0.026491114597202443
9,440,0.026491114597202443
9,441,0.026491114597202443
9,442,0.026491114597202443
9,443,0.026491114597202443
9,444,0.026491114597202443
9,445,0.026491114597202443
9,446,0.026491114597202443
9,447,0.026491114597202443
9,448,0.026491114597202443
9,449,0.026491114597202443
9,450,0.026491114597202443
9,451,0.026491114597202443
9,452,0.026491114597202443
9,453,0.026491114597202443
9,454,0.026491114597202443
9,455,0.026491114597202443
9,456,0.026491114597202443
9,457,0.026491114597202443
9,458,0.026491114597202443
9,459,0.026491114597202443
9,460,0.026491114597202443
9,461,0.026491114597202443
9,462,0.026491114597202443
9,463,0.026491114597202443
9,464,0.026491114597202443
9,465,0.026491114597202443
9,466,0.026491114597202443
9,467,0.026491114597202443
9,468,0.026491114597202443
9,469,0.026491114597202443
9,470,0.026491114597202443
9,471,0.026491114597202443
9,472,0.026491114597202443
9,473,0.026491114597202443
9,474,0.026491114597202443
9,475,0.026491114597202443
9,476,0.026491114597202443
9,477,0.026491114597202443
9,478,0.026491114597202443
9,479,0.026491114597202443
9,480,0.026491114597202443
9,481,0.026491114597202443
9,482,0.026491114597202443
9,483,0.026491114597202443
9,484,0.026491114597202443
9,485,0.026491114597202443
9,486,0.026491114597202443
9,487,0.026491114597202443
9,488,0.026491114597202443
9,489,0.026491114597202443
9,490,0.026491114597202443
9,491,0.026491114597202443
9,492,0.026491114597202443
9,493,0.026491114597202443
9,494,0.026491114597202443
9,495,0.026491114597202443
9,496,0.026491114597202443
9,497,0.026491114597202443
9,498,0.026491114597202443
9,499,0.026491114597202443
