fold,epoch,mse_train,mse_test
0,0,0.015712999035239997,0.01532534006803657
0,1,0.012764601540615941,0.012619511634417631
0,2,0.011781202725973178,0.011741518724772568
0,3,0.011359839920320962,0.011378289877558859
0,4,0.011158654609015141,0.011211733092190574
0,5,0.011056390598335228,0.011131185248918821
0,6,0.011002214263258777,0.011091206737243016
0,7,0.010972659100784982,0.011071254693084679
0,8,0.010956178595809784,0.011061448896388633
0,9,0.010946829242689029,0.011056839734866819
0,10,0.010941448967259078,0.011054882869234098
0,11,0.010938313322325645,0.01105425207025308
0,12,0.010936463854442156,0.011054253864637415
0,13,0.010935359826182734,0.011054528662971871
0,14,0.010934692421154423,0.01105489431390614
0,15,0.0109342834265561,0.01105526283231545
0,16,0.010934029026623337,0.0110555956485493
0,17,0.01093386819583711,0.011055879489904734
0,18,0.010933764730172258,0.011056113437188231
0,19,0.010933696938821557,0.01105630206809697
0,20,0.010933651684212488,0.011056451916098812
0,21,0.01093362091155188,0.011056569724178898
0,22,0.010933599614109682,0.01105666165670426
0,23,0.010933584631860154,0.011056733009855784
0,24,0.01093357393676122,0.011056788170106989
0,25,0.010933566203917574,0.011056830686164922
0,26,0.010933560551759128,0.011056863383879014
0,27,0.010933556382845022,0.01105688848876173
0,28,0.01093355328505837,0.011056907739742822
0,29,0.010933550969383131,0.011056922487778079
0,30,0.01093354923008238,0.011056933777985157
0,31,0.010933547918766995,0.011056942416347365
0,32,0.010933546927201191,0.011056949022972686
0,33,0.01093354617569105,0.011056954074118925
0,34,0.010933545605102594,0.011056957935076665
0,35,0.010933545171282177,0.011056960885742154
0,36,0.010933544841096217,0.011056963140416137
0,37,0.010933544589582163,0.011056964863081296
0,38,0.010933544397874913,0.011056966179161564
0,39,0.010933544251682813,0.011056967184556519
0,40,0.010933544140158517,0.011056967952572537
0,41,0.010933544055056924,0.011056968539234614
0,42,0.010933543990103845,0.011056968987353902
0,43,0.010933543940520754,0.01105696932964062
0,44,0.01093354390266583,0.011056969591085038
0,45,0.010933543873762159,0.011056969790778262
0,46,0.010933543851691475,0.011056969943304018
0,47,0.010933543834837472,0.011056970059802397
0,48,0.01093354382196657,0.01105697014878276
0,49,0.01093354381213712,0.011056970216744835
0,50,0.010933543804630222,0.011056970268653241
0,51,0.010933543798896982,0.011056970308299992
0,52,0.010933543794518276,0.01105697033858146
0,53,0.010933543791174042,0.011056970361709854
0,54,0.010933543788619864,0.011056970379374849
0,55,0.010933543786669083,0.011056970392867004
0,56,0.010933543785179143,0.011056970403172018
0,57,0.010933543784041178,0.011056970411042758
0,58,0.010933543783172035,0.011056970417054257
0,59,0.010933543782508208,0.011056970421645707
0,60,0.010933543782001195,0.011056970425152553
0,61,0.010933543781613953,0.011056970427830999
0,62,0.010933543781318186,0.011056970429876743
0,63,0.010933543781092285,0.01105697043143923
0,64,0.010933543780919751,0.011056970432632636
0,65,0.010933543780787971,0.011056970433544115
0,66,0.010933543780687319,0.011056970434240287
0,67,0.010933543780610447,0.01105697043477201
0,68,0.010933543780551733,0.011056970435178124
0,69,0.01093354378050689,0.011056970435488304
0,70,0.010933543780472637,0.011056970435725209
0,71,0.010933543780446477,0.011056970435906163
0,72,0.010933543780426495,0.011056970436044361
0,73,0.010933543780411234,0.011056970436149921
0,74,0.01093354378039958,0.011056970436230539
0,75,0.010933543780390678,0.011056970436292116
0,76,0.01093354378038388,0.01105697043633915
0,77,0.010933543780378684,0.011056970436375069
0,78,0.010933543780374717,0.011056970436402509
0,79,0.010933543780371686,0.011056970436423456
0,80,0.010933543780369372,0.011056970436439464
0,81,0.010933543780367604,0.011056970436451683
0,82,0.010933543780366256,0.01105697043646102
0,83,0.010933543780365226,0.011056970436468158
0,84,0.01093354378036444,0.0110569704364736
0,85,0.010933543780363836,0.01105697043647776
0,86,0.010933543780363377,0.011056970436480936
0,87,0.010933543780363028,0.011056970436483364
0,88,0.010933543780362757,0.011056970436485215
0,89,0.010933543780362555,0.011056970436486629
0,90,0.010933543780362398,0.01105697043648771
0,91,0.01093354378036228,0.011056970436488539
0,92,0.010933543780362187,0.011056970436489164
0,93,0.010933543780362116,0.011056970436489646
0,94,0.010933543780362064,0.011056970436490015
0,95,0.010933543780362024,0.011056970436490298
0,96,0.01093354378036199,0.011056970436490513
0,97,0.01093354378036197,0.011056970436490685
0,98,0.010933543780361953,0.011056970436490808
0,99,0.010933543780361935,0.01105697043649091
0,100,0.010933543780361925,0.011056970436490978
0,101,0.01093354378036192,0.011056970436491039
0,102,0.010933543780361914,0.011056970436491075
0,103,0.010933543780361907,0.011056970436491105
0,104,0.010933543780361902,0.011056970436491127
0,105,0.0109335437803619,0.011056970436491146
0,106,0.0109335437803619,0.011056970436491162
0,107,0.010933543780361899,0.011056970436491172
0,108,0.010933543780361899,0.01105697043649118
0,109,0.010933543780361895,0.01105697043649119
0,110,0.010933543780361895,0.011056970436491195
0,111,0.010933543780361894,0.011056970436491197
0,112,0.010933543780361894,0.011056970436491204
0,113,0.010933543780361894,0.011056970436491204
0,114,0.010933543780361894,0.011056970436491205
0,115,0.010933543780361894,0.011056970436491209
0,116,0.010933543780361892,0.01105697043649121
0,117,0.010933543780361892,0.011056970436491214
0,118,0.010933543780361892,0.011056970436491214
0,119,0.010933543780361892,0.011056970436491214
0,120,0.010933543780361892,0.011056970436491214
0,121,0.010933543780361892,0.011056970436491214
0,122,0.010933543780361892,0.011056970436491214
0,123,0.010933543780361894,0.011056970436491214
0,124,0.010933543780361894,0.011056970436491214
0,125,0.010933543780361892,0.011056970436491214
0,126,0.010933543780361892,0.011056970436491214
0,127,0.010933543780361892,0.011056970436491214
0,128,0.010933543780361892,0.011056970436491214
0,129,0.010933543780361892,0.011056970436491214
0,130,0.010933543780361894,0.011056970436491214
0,131,0.010933543780361894,0.011056970436491214
0,132,0.010933543780361892,0.011056970436491214
0,133,0.010933543780361892,0.011056970436491214
0,134,0.010933543780361894,0.011056970436491214
0,135,0.010933543780361892,0.011056970436491214
0,136,0.010933543780361892,0.011056970436491214
0,137,0.010933543780361894,0.011056970436491214
0,138,0.010933543780361894,0.011056970436491214
0,139,0.010933543780361894,0.011056970436491214
0,140,0.010933543780361892,0.011056970436491214
0,141,0.010933543780361894,0.011056970436491214
0,142,0.010933543780361894,0.011056970436491214
0,143,0.010933543780361892,0.011056970436491214
0,144,0.010933543780361892,0.011056970436491214
0,145,0.010933543780361894,0.011056970436491214
0,146,0.010933543780361892,0.011056970436491214
0,147,0.010933543780361892,0.011056970436491214
0,148,0.010933543780361894,0.011056970436491214
0,149,0.010933543780361894,0.011056970436491214
0,150,0.010933543780361894,0.011056970436491214
0,151,0.010933543780361892,0.011056970436491214
0,152,0.010933543780361894,0.011056970436491214
0,153,0.010933543780361894,0.011056970436491214
0,154,0.010933543780361892,0.011056970436491214
0,155,0.010933543780361892,0.011056970436491214
0,156,0.010933543780361894,0.011056970436491214
0,157,0.010933543780361892,0.011056970436491214
0,158,0.010933543780361892,0.011056970436491214
0,159,0.010933543780361894,0.011056970436491214
0,160,0.010933543780361894,0.011056970436491214
0,161,0.010933543780361894,0.011056970436491214
0,162,0.010933543780361892,0.011056970436491214
0,163,0.010933543780361894,0.011056970436491214
0,164,0.010933543780361894,0.011056970436491214
0,165,0.010933543780361892,0.011056970436491214
0,166,0.010933543780361892,0.011056970436491214
0,167,0.010933543780361894,0.011056970436491214
0,168,0.010933543780361892,0.011056970436491214
0,169,0.010933543780361892,0.011056970436491214
0,170,0.010933543780361894,0.011056970436491214
0,171,0.010933543780361894,0.011056970436491214
0,172,0.010933543780361894,0.011056970436491214
0,173,0.010933543780361892,0.011056970436491214
0,174,0.010933543780361894,0.011056970436491214
0,175,0.010933543780361894,0.011056970436491214
0,176,0.010933543780361892,0.011056970436491214
0,177,0.010933543780361892,0.011056970436491214
0,178,0.010933543780361894,0.011056970436491214
0,179,0.010933543780361892,0.011056970436491214
0,180,0.010933543780361892,0.011056970436491214
0,181,0.010933543780361894,0.011056970436491214
0,182,0.010933543780361894,0.011056970436491214
0,183,0.010933543780361894,0.011056970436491214
0,184,0.010933543780361892,0.011056970436491214
0,185,0.010933543780361894,0.011056970436491214
0,186,0.010933543780361894,0.011056970436491214
0,187,0.010933543780361892,0.011056970436491214
0,188,0.010933543780361892,0.011056970436491214
0,189,0.010933543780361894,0.011056970436491214
0,190,0.010933543780361892,0.011056970436491214
0,191,0.010933543780361892,0.011056970436491214
0,192,0.010933543780361894,0.011056970436491214
0,193,0.010933543780361894,0.011056970436491214
0,194,0.010933543780361894,0.011056970436491214
0,195,0.010933543780361892,0.011056970436491214
0,196,0.010933543780361894,0.011056970436491214
0,197,0.010933543780361894,0.011056970436491214
0,198,0.010933543780361892,0.011056970436491214
0,199,0.010933543780361892,0.011056970436491214
0,200,0.010933543780361894,0.011056970436491214
0,201,0.010933543780361892,0.011056970436491214
0,202,0.010933543780361892,0.011056970436491214
0,203,0.010933543780361894,0.011056970436491214
0,204,0.010933543780361894,0.011056970436491214
0,205,0.010933543780361894,0.011056970436491214
0,206,0.010933543780361892,0.011056970436491214
0,207,0.010933543780361894,0.011056970436491214
0,208,0.010933543780361894,0.011056970436491214
0,209,0.010933543780361892,0.011056970436491214
0,210,0.010933543780361892,0.011056970436491214
0,211,0.010933543780361894,0.011056970436491214
0,212,0.010933543780361892,0.011056970436491214
0,213,0.010933543780361892,0.011056970436491214
0,214,0.010933543780361894,0.011056970436491214
0,215,0.010933543780361894,0.011056970436491214
0,216,0.010933543780361894,0.011056970436491214
0,217,0.010933543780361892,0.011056970436491214
0,218,0.010933543780361894,0.011056970436491214
0,219,0.010933543780361894,0.011056970436491214
0,220,0.010933543780361892,0.011056970436491214
0,221,0.010933543780361892,0.011056970436491214
0,222,0.010933543780361894,0.011056970436491214
0,223,0.010933543780361892,0.011056970436491214
0,224,0.010933543780361892,0.011056970436491214
0,225,0.010933543780361894,0.011056970436491214
0,226,0.010933543780361894,0.011056970436491214
0,227,0.010933543780361894,0.011056970436491214
0,228,0.010933543780361892,0.011056970436491214
0,229,0.010933543780361894,0.011056970436491214
0,230,0.010933543780361894,0.011056970436491214
0,231,0.010933543780361892,0.011056970436491214
0,232,0.010933543780361892,0.011056970436491214
0,233,0.010933543780361894,0.011056970436491214
0,234,0.010933543780361892,0.011056970436491214
0,235,0.010933543780361892,0.011056970436491214
0,236,0.010933543780361894,0.011056970436491214
0,237,0.010933543780361894,0.011056970436491214
0,238,0.010933543780361894,0.011056970436491214
0,239,0.010933543780361892,0.011056970436491214
0,240,0.010933543780361894,0.011056970436491214
0,241,0.010933543780361894,0.011056970436491214
0,242,0.010933543780361892,0.011056970436491214
0,243,0.010933543780361892,0.011056970436491214
0,244,0.010933543780361894,0.011056970436491214
0,245,0.010933543780361892,0.011056970436491214
0,246,0.010933543780361892,0.011056970436491214
0,247,0.010933543780361894,0.011056970436491214
0,248,0.010933543780361894,0.011056970436491214
0,249,0.010933543780361894,0.011056970436491214
0,250,0.010933543780361892,0.011056970436491214
0,251,0.010933543780361894,0.011056970436491214
0,252,0.010933543780361894,0.011056970436491214
0,253,0.010933543780361892,0.011056970436491214
0,254,0.010933543780361892,0.011056970436491214
0,255,0.010933543780361894,0.011056970436491214
0,256,0.010933543780361892,0.011056970436491214
0,257,0.010933543780361892,0.011056970436491214
0,258,0.010933543780361894,0.011056970436491214
0,259,0.010933543780361894,0.011056970436491214
0,260,0.010933543780361894,0.011056970436491214
0,261,0.010933543780361892,0.011056970436491214
0,262,0.010933543780361894,0.011056970436491214
0,263,0.010933543780361894,0.011056970436491214
0,264,0.010933543780361892,0.011056970436491214
0,265,0.010933543780361892,0.011056970436491214
0,266,0.010933543780361894,0.011056970436491214
0,267,0.010933543780361892,0.011056970436491214
0,268,0.010933543780361892,0.011056970436491214
0,269,0.010933543780361894,0.011056970436491214
0,270,0.010933543780361894,0.011056970436491214
0,271,0.010933543780361894,0.011056970436491214
0,272,0.010933543780361892,0.011056970436491214
0,273,0.010933543780361894,0.011056970436491214
0,274,0.010933543780361894,0.011056970436491214
0,275,0.010933543780361892,0.011056970436491214
0,276,0.010933543780361892,0.011056970436491214
0,277,0.010933543780361894,0.011056970436491214
0,278,0.010933543780361892,0.011056970436491214
0,279,0.010933543780361892,0.011056970436491214
0,280,0.010933543780361894,0.011056970436491214
0,281,0.010933543780361894,0.011056970436491214
0,282,0.010933543780361894,0.011056970436491214
0,283,0.010933543780361892,0.011056970436491214
0,284,0.010933543780361894,0.011056970436491214
0,285,0.010933543780361894,0.011056970436491214
0,286,0.010933543780361892,0.011056970436491214
0,287,0.010933543780361892,0.011056970436491214
0,288,0.010933543780361894,0.011056970436491214
0,289,0.010933543780361892,0.011056970436491214
0,290,0.010933543780361892,0.011056970436491214
0,291,0.010933543780361894,0.011056970436491214
0,292,0.010933543780361894,0.011056970436491214
0,293,0.010933543780361894,0.011056970436491214
0,294,0.010933543780361892,0.011056970436491214
0,295,0.010933543780361894,0.011056970436491214
0,296,0.010933543780361894,0.011056970436491214
0,297,0.010933543780361892,0.011056970436491214
0,298,0.010933543780361892,0.011056970436491214
0,299,0.010933543780361894,0.011056970436491214
0,300,0.010933543780361892,0.011056970436491214
0,301,0.010933543780361892,0.011056970436491214
0,302,0.010933543780361894,0.011056970436491214
0,303,0.010933543780361894,0.011056970436491214
0,304,0.010933543780361894,0.011056970436491214
0,305,0.010933543780361892,0.011056970436491214
0,306,0.010933543780361894,0.011056970436491214
0,307,0.010933543780361894,0.011056970436491214
0,308,0.010933543780361892,0.011056970436491214
0,309,0.010933543780361892,0.011056970436491214
0,310,0.010933543780361894,0.011056970436491214
0,311,0.010933543780361892,0.011056970436491214
0,312,0.010933543780361892,0.011056970436491214
0,313,0.010933543780361894,0.011056970436491214
0,314,0.010933543780361894,0.011056970436491214
0,315,0.010933543780361894,0.011056970436491214
0,316,0.010933543780361892,0.011056970436491214
0,317,0.010933543780361894,0.011056970436491214
0,318,0.010933543780361894,0.011056970436491214
0,319,0.010933543780361892,0.011056970436491214
0,320,0.010933543780361892,0.011056970436491214
0,321,0.010933543780361894,0.011056970436491214
0,322,0.010933543780361892,0.011056970436491214
0,323,0.010933543780361892,0.011056970436491214
0,324,0.010933543780361894,0.011056970436491214
0,325,0.010933543780361894,0.011056970436491214
0,326,0.010933543780361894,0.011056970436491214
0,327,0.010933543780361892,0.011056970436491214
0,328,0.010933543780361894,0.011056970436491214
0,329,0.010933543780361894,0.011056970436491214
0,330,0.010933543780361892,0.011056970436491214
0,331,0.010933543780361892,0.011056970436491214
0,332,0.010933543780361894,0.011056970436491214
0,333,0.010933543780361892,0.011056970436491214
0,334,0.010933543780361892,0.011056970436491214
0,335,0.010933543780361894,0.011056970436491214
0,336,0.010933543780361894,0.011056970436491214
0,337,0.010933543780361894,0.011056970436491214
0,338,0.010933543780361892,0.011056970436491214
0,339,0.010933543780361894,0.011056970436491214
0,340,0.010933543780361894,0.011056970436491214
0,341,0.010933543780361892,0.011056970436491214
0,342,0.010933543780361892,0.011056970436491214
0,343,0.010933543780361894,0.011056970436491214
0,344,0.010933543780361892,0.011056970436491214
0,345,0.010933543780361892,0.011056970436491214
0,346,0.010933543780361894,0.011056970436491214
0,347,0.010933543780361894,0.011056970436491214
0,348,0.010933543780361894,0.011056970436491214
0,349,0.010933543780361892,0.011056970436491214
0,350,0.010933543780361894,0.011056970436491214
0,351,0.010933543780361894,0.011056970436491214
0,352,0.010933543780361892,0.011056970436491214
0,353,0.010933543780361892,0.011056970436491214
0,354,0.010933543780361894,0.011056970436491214
0,355,0.010933543780361892,0.011056970436491214
0,356,0.010933543780361892,0.011056970436491214
0,357,0.010933543780361894,0.011056970436491214
0,358,0.010933543780361894,0.011056970436491214
0,359,0.010933543780361894,0.011056970436491214
0,360,0.010933543780361892,0.011056970436491214
0,361,0.010933543780361894,0.011056970436491214
0,362,0.010933543780361894,0.011056970436491214
0,363,0.010933543780361892,0.011056970436491214
0,364,0.010933543780361892,0.011056970436491214
0,365,0.010933543780361894,0.011056970436491214
0,366,0.010933543780361892,0.011056970436491214
0,367,0.010933543780361892,0.011056970436491214
0,368,0.010933543780361894,0.011056970436491214
0,369,0.010933543780361894,0.011056970436491214
0,370,0.010933543780361894,0.011056970436491214
0,371,0.010933543780361892,0.011056970436491214
0,372,0.010933543780361894,0.011056970436491214
0,373,0.010933543780361894,0.011056970436491214
0,374,0.010933543780361892,0.011056970436491214
0,375,0.010933543780361892,0.011056970436491214
0,376,0.010933543780361894,0.011056970436491214
0,377,0.010933543780361892,0.011056970436491214
0,378,0.010933543780361892,0.011056970436491214
0,379,0.010933543780361894,0.011056970436491214
0,380,0.010933543780361894,0.011056970436491214
0,381,0.010933543780361894,0.011056970436491214
0,382,0.010933543780361892,0.011056970436491214
0,383,0.010933543780361894,0.011056970436491214
0,384,0.010933543780361894,0.011056970436491214
0,385,0.010933543780361892,0.011056970436491214
0,386,0.010933543780361892,0.011056970436491214
0,387,0.010933543780361894,0.011056970436491214
0,388,0.010933543780361892,0.011056970436491214
0,389,0.010933543780361892,0.011056970436491214
0,390,0.010933543780361894,0.011056970436491214
0,391,0.010933543780361894,0.011056970436491214
0,392,0.010933543780361894,0.011056970436491214
0,393,0.010933543780361892,0.011056970436491214
0,394,0.010933543780361894,0.011056970436491214
0,395,0.010933543780361894,0.011056970436491214
0,396,0.010933543780361892,0.011056970436491214
0,397,0.010933543780361892,0.011056970436491214
0,398,0.010933543780361894,0.011056970436491214
0,399,0.010933543780361892,0.011056970436491214
0,400,0.010933543780361892,0.011056970436491214
0,401,0.010933543780361894,0.011056970436491214
0,402,0.010933543780361894,0.011056970436491214
0,403,0.010933543780361894,0.011056970436491214
0,404,0.010933543780361892,0.011056970436491214
0,405,0.010933543780361894,0.011056970436491214
0,406,0.010933543780361894,0.011056970436491214
0,407,0.010933543780361892,0.011056970436491214
0,408,0.010933543780361892,0.011056970436491214
0,409,0.010933543780361894,0.011056970436491214
0,410,0.010933543780361892,0.011056970436491214
0,411,0.010933543780361892,0.011056970436491214
0,412,0.010933543780361894,0.011056970436491214
0,413,0.010933543780361894,0.011056970436491214
0,414,0.010933543780361894,0.011056970436491214
0,415,0.010933543780361892,0.011056970436491214
0,416,0.010933543780361894,0.011056970436491214
0,417,0.010933543780361894,0.011056970436491214
0,418,0.010933543780361892,0.011056970436491214
0,419,0.010933543780361892,0.011056970436491214
0,420,0.010933543780361894,0.011056970436491214
0,421,0.010933543780361892,0.011056970436491214
0,422,0.010933543780361892,0.011056970436491214
0,423,0.010933543780361894,0.011056970436491214
0,424,0.010933543780361894,0.011056970436491214
0,425,0.010933543780361894,0.011056970436491214
0,426,0.010933543780361892,0.011056970436491214
0,427,0.010933543780361894,0.011056970436491214
0,428,0.010933543780361894,0.011056970436491214
0,429,0.010933543780361892,0.011056970436491214
0,430,0.010933543780361892,0.011056970436491214
0,431,0.010933543780361894,0.011056970436491214
0,432,0.010933543780361892,0.011056970436491214
0,433,0.010933543780361892,0.011056970436491214
0,434,0.010933543780361894,0.011056970436491214
0,435,0.010933543780361894,0.011056970436491214
0,436,0.010933543780361894,0.011056970436491214
0,437,0.010933543780361892,0.011056970436491214
0,438,0.010933543780361894,0.011056970436491214
0,439,0.010933543780361894,0.011056970436491214
0,440,0.010933543780361892,0.011056970436491214
0,441,0.010933543780361892,0.011056970436491214
0,442,0.010933543780361894,0.011056970436491214
0,443,0.010933543780361892,0.011056970436491214
0,444,0.010933543780361892,0.011056970436491214
0,445,0.010933543780361894,0.011056970436491214
0,446,0.010933543780361894,0.011056970436491214
0,447,0.010933543780361894,0.011056970436491214
0,448,0.010933543780361892,0.011056970436491214
0,449,0.010933543780361894,0.011056970436491214
0,450,0.010933543780361894,0.011056970436491214
0,451,0.010933543780361892,0.011056970436491214
0,452,0.010933543780361892,0.011056970436491214
0,453,0.010933543780361894,0.011056970436491214
0,454,0.010933543780361892,0.011056970436491214
0,455,0.010933543780361892,0.011056970436491214
0,456,0.010933543780361894,0.011056970436491214
0,457,0.010933543780361894,0.011056970436491214
0,458,0.010933543780361894,0.011056970436491214
0,459,0.010933543780361892,0.011056970436491214
0,460,0.010933543780361894,0.011056970436491214
0,461,0.010933543780361894,0.011056970436491214
0,462,0.010933543780361892,0.011056970436491214
0,463,0.010933543780361892,0.011056970436491214
0,464,0.010933543780361894,0.011056970436491214
0,465,0.010933543780361892,0.011056970436491214
0,466,0.010933543780361892,0.011056970436491214
0,467,0.010933543780361894,0.011056970436491214
0,468,0.010933543780361894,0.011056970436491214
0,469,0.010933543780361894,0.011056970436491214
0,470,0.010933543780361892,0.011056970436491214
0,471,0.010933543780361894,0.011056970436491214
0,472,0.010933543780361894,0.011056970436491214
0,473,0.010933543780361892,0.011056970436491214
0,474,0.010933543780361892,0.011056970436491214
0,475,0.010933543780361894,0.011056970436491214
0,476,0.010933543780361892,0.011056970436491214
0,477,0.010933543780361892,0.011056970436491214
0,478,0.010933543780361894,0.011056970436491214
0,479,0.010933543780361894,0.011056970436491214
0,480,0.010933543780361894,0.011056970436491214
0,481,0.010933543780361892,0.011056970436491214
0,482,0.010933543780361894,0.011056970436491214
0,483,0.010933543780361894,0.011056970436491214
0,484,0.010933543780361892,0.011056970436491214
0,485,0.010933543780361892,0.011056970436491214
0,486,0.010933543780361894,0.011056970436491214
0,487,0.010933543780361892,0.011056970436491214
0,488,0.010933543780361892,0.011056970436491214
0,489,0.010933543780361894,0.011056970436491214
0,490,0.010933543780361894,0.011056970436491214
0,491,0.010933543780361894,0.011056970436491214
0,492,0.010933543780361892,0.011056970436491214
0,493,0.010933543780361894,0.011056970436491214
0,494,0.010933543780361894,0.011056970436491214
0,495,0.010933543780361892,0.011056970436491214
0,496,0.010933543780361892,0.011056970436491214
0,497,0.010933543780361894,0.011056970436491214
0,498,0.010933543780361892,0.011056970436491214
0,499,0.010933543780361892,0.011056970436491214
1,0,0.01618715883845325,0.01632108920021049
1,1,0.012939459347391448,0.013252532011653542
1,2,0.011826475422709197,0.01223722528546122
1,3,0.011341815981461915,0.01181213321045994
1,4,0.011107294056925222,0.01161579426526754
1,5,0.010986586329484708,0.011520596567066005
1,6,0.010921865018858614,0.011473486057467643
1,7,0.010886148583630349,0.011450239222537083
1,8,0.010866017910700061,0.011439111789425424
1,9,0.01085448842136045,0.011434181217878476
1,10,0.010847801134383711,0.011432387025548205
1,11,0.010843881788698568,0.011432128564225864
1,12,0.010841563806333478,0.011432568598128467
1,13,0.010840181392468376,0.011433275161923362
1,14,0.01083935014416428,0.011434032713555
1,15,0.010838846041244646,0.011434740867736612
1,16,0.010838537507440082,0.011435359578743646
1,17,0.010838346732949233,0.011435879402025968
1,18,0.010838227412209894,0.011436305454817566
1,19,0.010838151816979346,0.01143664890298011
1,20,0.010838103236174318,0.01143692258174498
1,21,0.010838071527773063,0.011437138870886654
1,22,0.010838050487984207,0.011437308779649087
1,23,0.010838036287735444,0.011437441661846546
1,24,0.010838026539111898,0.011437545242133489
1,25,0.010838019735231843,0.011437625780636139
1,26,0.010838014912410354,0.011437688284918892
1,27,0.010838011445183222,0.011437736723623984
1,28,0.01083800892108547,0.011437774220901078
1,29,0.010838007063535937,0.011437803223925475
1,30,0.010838005683898507,0.011437825642510679
1,31,0.010838004651353457,0.011437842962965182
1,32,0.01083800387372374,0.0114378563395756
1,33,0.010838003285100366,0.011437866667345115
1,34,0.010838002837732178,0.011437874639390732
1,35,0.010838002496622973,0.011437880791983344
1,36,0.010838002235871017,0.011437885539744765
1,37,0.010838002036147041,0.011437889203067575
1,38,0.01083800188292818,0.01143789202942612
1,39,0.010838001765242394,0.01143789420991025
1,40,0.010838001674763361,0.011437895892035215
1,41,0.010838001605150131,0.011437897189656305
1,42,0.010838001551560133,0.011437898190636394
1,43,0.010838001510286972,0.011437898962772126
1,44,0.010838001478488932,0.011437899558372105
1,45,0.010838001453984319,0.011437900017792364
1,46,0.010838001435096402,0.011437900372165941
1,47,0.010838001420535476,0.011437900645509742
1,48,0.010838001409308917,0.011437900856350505
1,49,0.010838001400652353,0.011437901018979497
1,50,0.01083800139397698,0.011437901144420589
1,51,0.010838001388829075,0.011437901241177167
1,52,0.010838001384858959,0.011437901315808355
1,53,0.010838001381797054,0.011437901373373478
1,54,0.010838001379435538,0.011437901417775015
1,55,0.010838001377614172,0.01143790145202309
1,56,0.010838001376209376,0.011437901478439509
1,57,0.01083800137512587,0.011437901498815168
1,58,0.010838001374290163,0.011437901514531418
1,59,0.010838001373645573,0.011437901526653749
1,60,0.010838001373148396,0.011437901536004005
1,61,0.010838001372764916,0.01143790154321608
1,62,0.010838001372469134,0.011437901548778934
1,63,0.010838001372240993,0.011437901553069693
1,64,0.010838001372065023,0.011437901556379264
1,65,0.010838001371929293,0.011437901558932014
1,66,0.0108380013718246,0.011437901560901005
1,67,0.01083800137174385,0.011437901562419741
1,68,0.010838001371681566,0.011437901563591178
1,69,0.010838001371633524,0.011437901564494733
1,70,0.010838001371596472,0.011437901565191673
1,71,0.01083800137156789,0.011437901565729236
1,72,0.01083800137154584,0.011437901566143868
1,73,0.010838001371528837,0.011437901566463689
1,74,0.01083800137151572,0.011437901566710368
1,75,0.010838001371505602,0.011437901566900641
1,76,0.010838001371497803,0.01143790156704741
1,77,0.01083800137149178,0.011437901567160609
1,78,0.010838001371487143,0.011437901567247924
1,79,0.010838001371483559,0.01143790156731527
1,80,0.010838001371480797,0.01143790156736722
1,81,0.010838001371478669,0.01143790156740729
1,82,0.010838001371477023,0.011437901567438194
1,83,0.010838001371475755,0.011437901567462033
1,84,0.01083800137147478,0.011437901567480419
1,85,0.010838001371474027,0.011437901567494597
1,86,0.010838001371473444,0.011437901567505534
1,87,0.010838001371472993,0.01143790156751397
1,88,0.010838001371472648,0.011437901567520482
1,89,0.010838001371472382,0.011437901567525501
1,90,0.010838001371472174,0.011437901567529371
1,91,0.010838001371472018,0.01143790156753236
1,92,0.010838001371471895,0.01143790156753466
1,93,0.0108380013714718,0.011437901567536444
1,94,0.010838001371471728,0.011437901567537812
1,95,0.010838001371471673,0.011437901567538872
1,96,0.01083800137147163,0.011437901567539682
1,97,0.010838001371471596,0.011437901567540314
1,98,0.010838001371471567,0.011437901567540796
1,99,0.01083800137147155,0.011437901567541172
1,100,0.010838001371471532,0.011437901567541459
1,101,0.01083800137147152,0.011437901567541686
1,102,0.010838001371471511,0.011437901567541858
1,103,0.010838001371471506,0.011437901567541984
1,104,0.0108380013714715,0.011437901567542087
1,105,0.010838001371471494,0.011437901567542168
1,106,0.010838001371471489,0.011437901567542227
1,107,0.010838001371471489,0.011437901567542274
1,108,0.010838001371471487,0.011437901567542312
1,109,0.010838001371471487,0.011437901567542338
1,110,0.010838001371471482,0.011437901567542362
1,111,0.010838001371471482,0.011437901567542376
1,112,0.010838001371471482,0.011437901567542388
1,113,0.010838001371471482,0.011437901567542397
1,114,0.010838001371471482,0.011437901567542404
1,115,0.010838001371471482,0.011437901567542411
1,116,0.010838001371471482,0.011437901567542416
1,117,0.010838001371471482,0.011437901567542418
1,118,0.010838001371471482,0.011437901567542421
1,119,0.010838001371471482,0.011437901567542423
1,120,0.010838001371471482,0.011437901567542425
1,121,0.010838001371471482,0.011437901567542425
1,122,0.010838001371471482,0.011437901567542425
1,123,0.01083800137147148,0.011437901567542428
1,124,0.010838001371471482,0.011437901567542428
1,125,0.010838001371471482,0.01143790156754243
1,126,0.010838001371471482,0.01143790156754243
1,127,0.010838001371471482,0.01143790156754243
1,128,0.010838001371471482,0.01143790156754243
1,129,0.010838001371471482,0.01143790156754243
1,130,0.010838001371471482,0.01143790156754243
1,131,0.01083800137147148,0.01143790156754243
1,132,0.010838001371471482,0.01143790156754243
1,133,0.01083800137147148,0.01143790156754243
1,134,0.010838001371471482,0.01143790156754243
1,135,0.010838001371471482,0.01143790156754243
1,136,0.01083800137147148,0.01143790156754243
1,137,0.010838001371471482,0.01143790156754243
1,138,0.010838001371471482,0.01143790156754243
1,139,0.010838001371471482,0.01143790156754243
1,140,0.010838001371471482,0.011437901567542434
1,141,0.01083800137147148,0.011437901567542434
1,142,0.01083800137147148,0.01143790156754243
1,143,0.01083800137147148,0.01143790156754243
1,144,0.01083800137147148,0.01143790156754243
1,145,0.010838001371471482,0.01143790156754243
1,146,0.01083800137147148,0.01143790156754243
1,147,0.01083800137147148,0.01143790156754243
1,148,0.01083800137147148,0.01143790156754243
1,149,0.01083800137147148,0.01143790156754243
1,150,0.01083800137147148,0.01143790156754243
1,151,0.01083800137147148,0.01143790156754243
1,152,0.01083800137147148,0.01143790156754243
1,153,0.01083800137147148,0.01143790156754243
1,154,0.01083800137147148,0.01143790156754243
1,155,0.01083800137147148,0.01143790156754243
1,156,0.01083800137147148,0.01143790156754243
1,157,0.01083800137147148,0.01143790156754243
1,158,0.01083800137147148,0.01143790156754243
1,159,0.01083800137147148,0.01143790156754243
1,160,0.01083800137147148,0.01143790156754243
1,161,0.01083800137147148,0.01143790156754243
1,162,0.01083800137147148,0.01143790156754243
1,163,0.01083800137147148,0.01143790156754243
1,164,0.01083800137147148,0.01143790156754243
1,165,0.01083800137147148,0.01143790156754243
1,166,0.01083800137147148,0.01143790156754243
1,167,0.01083800137147148,0.01143790156754243
1,168,0.01083800137147148,0.01143790156754243
1,169,0.01083800137147148,0.01143790156754243
1,170,0.01083800137147148,0.01143790156754243
1,171,0.01083800137147148,0.01143790156754243
1,172,0.01083800137147148,0.01143790156754243
1,173,0.01083800137147148,0.01143790156754243
1,174,0.01083800137147148,0.01143790156754243
1,175,0.01083800137147148,0.01143790156754243
1,176,0.01083800137147148,0.01143790156754243
1,177,0.01083800137147148,0.01143790156754243
1,178,0.01083800137147148,0.01143790156754243
1,179,0.01083800137147148,0.01143790156754243
1,180,0.01083800137147148,0.01143790156754243
1,181,0.01083800137147148,0.01143790156754243
1,182,0.01083800137147148,0.01143790156754243
1,183,0.01083800137147148,0.01143790156754243
1,184,0.01083800137147148,0.01143790156754243
1,185,0.01083800137147148,0.01143790156754243
1,186,0.01083800137147148,0.01143790156754243
1,187,0.01083800137147148,0.01143790156754243
1,188,0.01083800137147148,0.01143790156754243
1,189,0.01083800137147148,0.01143790156754243
1,190,0.01083800137147148,0.01143790156754243
1,191,0.01083800137147148,0.01143790156754243
1,192,0.01083800137147148,0.01143790156754243
1,193,0.01083800137147148,0.01143790156754243
1,194,0.01083800137147148,0.01143790156754243
1,195,0.01083800137147148,0.01143790156754243
1,196,0.01083800137147148,0.01143790156754243
1,197,0.01083800137147148,0.01143790156754243
1,198,0.01083800137147148,0.01143790156754243
1,199,0.01083800137147148,0.01143790156754243
1,200,0.01083800137147148,0.01143790156754243
1,201,0.01083800137147148,0.01143790156754243
1,202,0.01083800137147148,0.01143790156754243
1,203,0.01083800137147148,0.01143790156754243
1,204,0.01083800137147148,0.01143790156754243
1,205,0.01083800137147148,0.01143790156754243
1,206,0.01083800137147148,0.01143790156754243
1,207,0.01083800137147148,0.01143790156754243
1,208,0.01083800137147148,0.01143790156754243
1,209,0.01083800137147148,0.01143790156754243
1,210,0.01083800137147148,0.01143790156754243
1,211,0.01083800137147148,0.01143790156754243
1,212,0.01083800137147148,0.01143790156754243
1,213,0.01083800137147148,0.01143790156754243
1,214,0.01083800137147148,0.01143790156754243
1,215,0.01083800137147148,0.01143790156754243
1,216,0.01083800137147148,0.01143790156754243
1,217,0.01083800137147148,0.01143790156754243
1,218,0.01083800137147148,0.01143790156754243
1,219,0.01083800137147148,0.01143790156754243
1,220,0.01083800137147148,0.01143790156754243
1,221,0.01083800137147148,0.01143790156754243
1,222,0.01083800137147148,0.01143790156754243
1,223,0.01083800137147148,0.01143790156754243
1,224,0.01083800137147148,0.01143790156754243
1,225,0.01083800137147148,0.01143790156754243
1,226,0.01083800137147148,0.01143790156754243
1,227,0.01083800137147148,0.01143790156754243
1,228,0.01083800137147148,0.01143790156754243
1,229,0.01083800137147148,0.01143790156754243
1,230,0.01083800137147148,0.01143790156754243
1,231,0.01083800137147148,0.01143790156754243
1,232,0.01083800137147148,0.01143790156754243
1,233,0.01083800137147148,0.01143790156754243
1,234,0.01083800137147148,0.01143790156754243
1,235,0.01083800137147148,0.01143790156754243
1,236,0.01083800137147148,0.01143790156754243
1,237,0.01083800137147148,0.01143790156754243
1,238,0.01083800137147148,0.01143790156754243
1,239,0.01083800137147148,0.01143790156754243
1,240,0.01083800137147148,0.01143790156754243
1,241,0.01083800137147148,0.01143790156754243
1,242,0.01083800137147148,0.01143790156754243
1,243,0.01083800137147148,0.01143790156754243
1,244,0.01083800137147148,0.01143790156754243
1,245,0.01083800137147148,0.01143790156754243
1,246,0.01083800137147148,0.01143790156754243
1,247,0.01083800137147148,0.01143790156754243
1,248,0.01083800137147148,0.01143790156754243
1,249,0.01083800137147148,0.01143790156754243
1,250,0.01083800137147148,0.01143790156754243
1,251,0.01083800137147148,0.01143790156754243
1,252,0.01083800137147148,0.01143790156754243
1,253,0.01083800137147148,0.01143790156754243
1,254,0.01083800137147148,0.01143790156754243
1,255,0.01083800137147148,0.01143790156754243
1,256,0.01083800137147148,0.01143790156754243
1,257,0.01083800137147148,0.01143790156754243
1,258,0.01083800137147148,0.01143790156754243
1,259,0.01083800137147148,0.01143790156754243
1,260,0.01083800137147148,0.01143790156754243
1,261,0.01083800137147148,0.01143790156754243
1,262,0.01083800137147148,0.01143790156754243
1,263,0.01083800137147148,0.01143790156754243
1,264,0.01083800137147148,0.01143790156754243
1,265,0.01083800137147148,0.01143790156754243
1,266,0.01083800137147148,0.01143790156754243
1,267,0.01083800137147148,0.01143790156754243
1,268,0.01083800137147148,0.01143790156754243
1,269,0.01083800137147148,0.01143790156754243
1,270,0.01083800137147148,0.01143790156754243
1,271,0.01083800137147148,0.01143790156754243
1,272,0.01083800137147148,0.01143790156754243
1,273,0.01083800137147148,0.01143790156754243
1,274,0.01083800137147148,0.01143790156754243
1,275,0.01083800137147148,0.01143790156754243
1,276,0.01083800137147148,0.01143790156754243
1,277,0.01083800137147148,0.01143790156754243
1,278,0.01083800137147148,0.01143790156754243
1,279,0.01083800137147148,0.01143790156754243
1,280,0.01083800137147148,0.01143790156754243
1,281,0.01083800137147148,0.01143790156754243
1,282,0.01083800137147148,0.01143790156754243
1,283,0.01083800137147148,0.01143790156754243
1,284,0.01083800137147148,0.01143790156754243
1,285,0.01083800137147148,0.01143790156754243
1,286,0.01083800137147148,0.01143790156754243
1,287,0.01083800137147148,0.01143790156754243
1,288,0.01083800137147148,0.01143790156754243
1,289,0.01083800137147148,0.01143790156754243
1,290,0.01083800137147148,0.01143790156754243
1,291,0.01083800137147148,0.01143790156754243
1,292,0.01083800137147148,0.01143790156754243
1,293,0.01083800137147148,0.01143790156754243
1,294,0.01083800137147148,0.01143790156754243
1,295,0.01083800137147148,0.01143790156754243
1,296,0.01083800137147148,0.01143790156754243
1,297,0.01083800137147148,0.01143790156754243
1,298,0.01083800137147148,0.01143790156754243
1,299,0.01083800137147148,0.01143790156754243
1,300,0.01083800137147148,0.01143790156754243
1,301,0.01083800137147148,0.01143790156754243
1,302,0.01083800137147148,0.01143790156754243
1,303,0.01083800137147148,0.01143790156754243
1,304,0.01083800137147148,0.01143790156754243
1,305,0.01083800137147148,0.01143790156754243
1,306,0.01083800137147148,0.01143790156754243
1,307,0.01083800137147148,0.01143790156754243
1,308,0.01083800137147148,0.01143790156754243
1,309,0.01083800137147148,0.01143790156754243
1,310,0.01083800137147148,0.01143790156754243
1,311,0.01083800137147148,0.01143790156754243
1,312,0.01083800137147148,0.01143790156754243
1,313,0.01083800137147148,0.01143790156754243
1,314,0.01083800137147148,0.01143790156754243
1,315,0.01083800137147148,0.01143790156754243
1,316,0.01083800137147148,0.01143790156754243
1,317,0.01083800137147148,0.01143790156754243
1,318,0.01083800137147148,0.01143790156754243
1,319,0.01083800137147148,0.01143790156754243
1,320,0.01083800137147148,0.01143790156754243
1,321,0.01083800137147148,0.01143790156754243
1,322,0.01083800137147148,0.01143790156754243
1,323,0.01083800137147148,0.01143790156754243
1,324,0.01083800137147148,0.01143790156754243
1,325,0.01083800137147148,0.01143790156754243
1,326,0.01083800137147148,0.01143790156754243
1,327,0.01083800137147148,0.01143790156754243
1,328,0.01083800137147148,0.01143790156754243
1,329,0.01083800137147148,0.01143790156754243
1,330,0.01083800137147148,0.01143790156754243
1,331,0.01083800137147148,0.01143790156754243
1,332,0.01083800137147148,0.01143790156754243
1,333,0.01083800137147148,0.01143790156754243
1,334,0.01083800137147148,0.01143790156754243
1,335,0.01083800137147148,0.01143790156754243
1,336,0.01083800137147148,0.01143790156754243
1,337,0.01083800137147148,0.01143790156754243
1,338,0.01083800137147148,0.01143790156754243
1,339,0.01083800137147148,0.01143790156754243
1,340,0.01083800137147148,0.01143790156754243
1,341,0.01083800137147148,0.01143790156754243
1,342,0.01083800137147148,0.01143790156754243
1,343,0.01083800137147148,0.01143790156754243
1,344,0.01083800137147148,0.01143790156754243
1,345,0.01083800137147148,0.01143790156754243
1,346,0.01083800137147148,0.01143790156754243
1,347,0.01083800137147148,0.01143790156754243
1,348,0.01083800137147148,0.01143790156754243
1,349,0.01083800137147148,0.01143790156754243
1,350,0.01083800137147148,0.01143790156754243
1,351,0.01083800137147148,0.01143790156754243
1,352,0.01083800137147148,0.01143790156754243
1,353,0.01083800137147148,0.01143790156754243
1,354,0.01083800137147148,0.01143790156754243
1,355,0.01083800137147148,0.01143790156754243
1,356,0.01083800137147148,0.01143790156754243
1,357,0.01083800137147148,0.01143790156754243
1,358,0.01083800137147148,0.01143790156754243
1,359,0.01083800137147148,0.01143790156754243
1,360,0.01083800137147148,0.01143790156754243
1,361,0.01083800137147148,0.01143790156754243
1,362,0.01083800137147148,0.01143790156754243
1,363,0.01083800137147148,0.01143790156754243
1,364,0.01083800137147148,0.01143790156754243
1,365,0.01083800137147148,0.01143790156754243
1,366,0.01083800137147148,0.01143790156754243
1,367,0.01083800137147148,0.01143790156754243
1,368,0.01083800137147148,0.01143790156754243
1,369,0.01083800137147148,0.01143790156754243
1,370,0.01083800137147148,0.01143790156754243
1,371,0.01083800137147148,0.01143790156754243
1,372,0.01083800137147148,0.01143790156754243
1,373,0.01083800137147148,0.01143790156754243
1,374,0.01083800137147148,0.01143790156754243
1,375,0.01083800137147148,0.01143790156754243
1,376,0.01083800137147148,0.01143790156754243
1,377,0.01083800137147148,0.01143790156754243
1,378,0.01083800137147148,0.01143790156754243
1,379,0.01083800137147148,0.01143790156754243
1,380,0.01083800137147148,0.01143790156754243
1,381,0.01083800137147148,0.01143790156754243
1,382,0.01083800137147148,0.01143790156754243
1,383,0.01083800137147148,0.01143790156754243
1,384,0.01083800137147148,0.01143790156754243
1,385,0.01083800137147148,0.01143790156754243
1,386,0.01083800137147148,0.01143790156754243
1,387,0.01083800137147148,0.01143790156754243
1,388,0.01083800137147148,0.01143790156754243
1,389,0.01083800137147148,0.01143790156754243
1,390,0.01083800137147148,0.01143790156754243
1,391,0.01083800137147148,0.01143790156754243
1,392,0.01083800137147148,0.01143790156754243
1,393,0.01083800137147148,0.01143790156754243
1,394,0.01083800137147148,0.01143790156754243
1,395,0.01083800137147148,0.01143790156754243
1,396,0.01083800137147148,0.01143790156754243
1,397,0.01083800137147148,0.01143790156754243
1,398,0.01083800137147148,0.01143790156754243
1,399,0.01083800137147148,0.01143790156754243
1,400,0.01083800137147148,0.01143790156754243
1,401,0.01083800137147148,0.01143790156754243
1,402,0.01083800137147148,0.01143790156754243
1,403,0.01083800137147148,0.01143790156754243
1,404,0.01083800137147148,0.01143790156754243
1,405,0.01083800137147148,0.01143790156754243
1,406,0.01083800137147148,0.01143790156754243
1,407,0.01083800137147148,0.01143790156754243
1,408,0.01083800137147148,0.01143790156754243
1,409,0.01083800137147148,0.01143790156754243
1,410,0.01083800137147148,0.01143790156754243
1,411,0.01083800137147148,0.01143790156754243
1,412,0.01083800137147148,0.01143790156754243
1,413,0.01083800137147148,0.01143790156754243
1,414,0.01083800137147148,0.01143790156754243
1,415,0.01083800137147148,0.01143790156754243
1,416,0.01083800137147148,0.01143790156754243
1,417,0.01083800137147148,0.01143790156754243
1,418,0.01083800137147148,0.01143790156754243
1,419,0.01083800137147148,0.01143790156754243
1,420,0.01083800137147148,0.01143790156754243
1,421,0.01083800137147148,0.01143790156754243
1,422,0.01083800137147148,0.01143790156754243
1,423,0.01083800137147148,0.01143790156754243
1,424,0.01083800137147148,0.01143790156754243
1,425,0.01083800137147148,0.01143790156754243
1,426,0.01083800137147148,0.01143790156754243
1,427,0.01083800137147148,0.01143790156754243
1,428,0.01083800137147148,0.01143790156754243
1,429,0.01083800137147148,0.01143790156754243
1,430,0.01083800137147148,0.01143790156754243
1,431,0.01083800137147148,0.01143790156754243
1,432,0.01083800137147148,0.01143790156754243
1,433,0.01083800137147148,0.01143790156754243
1,434,0.01083800137147148,0.01143790156754243
1,435,0.01083800137147148,0.01143790156754243
1,436,0.01083800137147148,0.01143790156754243
1,437,0.01083800137147148,0.01143790156754243
1,438,0.01083800137147148,0.01143790156754243
1,439,0.01083800137147148,0.01143790156754243
1,440,0.01083800137147148,0.01143790156754243
1,441,0.01083800137147148,0.01143790156754243
1,442,0.01083800137147148,0.01143790156754243
1,443,0.01083800137147148,0.01143790156754243
1,444,0.01083800137147148,0.01143790156754243
1,445,0.01083800137147148,0.01143790156754243
1,446,0.01083800137147148,0.01143790156754243
1,447,0.01083800137147148,0.01143790156754243
1,448,0.01083800137147148,0.01143790156754243
1,449,0.01083800137147148,0.01143790156754243
1,450,0.01083800137147148,0.01143790156754243
1,451,0.01083800137147148,0.01143790156754243
1,452,0.01083800137147148,0.01143790156754243
1,453,0.01083800137147148,0.01143790156754243
1,454,0.01083800137147148,0.01143790156754243
1,455,0.01083800137147148,0.01143790156754243
1,456,0.01083800137147148,0.01143790156754243
1,457,0.01083800137147148,0.01143790156754243
1,458,0.01083800137147148,0.01143790156754243
1,459,0.01083800137147148,0.01143790156754243
1,460,0.01083800137147148,0.01143790156754243
1,461,0.01083800137147148,0.01143790156754243
1,462,0.01083800137147148,0.01143790156754243
1,463,0.01083800137147148,0.01143790156754243
1,464,0.01083800137147148,0.01143790156754243
1,465,0.01083800137147148,0.01143790156754243
1,466,0.01083800137147148,0.01143790156754243
1,467,0.01083800137147148,0.01143790156754243
1,468,0.01083800137147148,0.01143790156754243
1,469,0.01083800137147148,0.01143790156754243
1,470,0.01083800137147148,0.01143790156754243
1,471,0.01083800137147148,0.01143790156754243
1,472,0.01083800137147148,0.01143790156754243
1,473,0.01083800137147148,0.01143790156754243
1,474,0.01083800137147148,0.01143790156754243
1,475,0.01083800137147148,0.01143790156754243
1,476,0.01083800137147148,0.01143790156754243
1,477,0.01083800137147148,0.01143790156754243
1,478,0.01083800137147148,0.01143790156754243
1,479,0.01083800137147148,0.01143790156754243
1,480,0.01083800137147148,0.01143790156754243
1,481,0.01083800137147148,0.01143790156754243
1,482,0.01083800137147148,0.01143790156754243
1,483,0.01083800137147148,0.01143790156754243
1,484,0.01083800137147148,0.01143790156754243
1,485,0.01083800137147148,0.01143790156754243
1,486,0.01083800137147148,0.01143790156754243
1,487,0.01083800137147148,0.01143790156754243
1,488,0.01083800137147148,0.01143790156754243
1,489,0.01083800137147148,0.01143790156754243
1,490,0.01083800137147148,0.01143790156754243
1,491,0.01083800137147148,0.01143790156754243
1,492,0.01083800137147148,0.01143790156754243
1,493,0.01083800137147148,0.01143790156754243
1,494,0.01083800137147148,0.01143790156754243
1,495,0.01083800137147148,0.01143790156754243
1,496,0.01083800137147148,0.01143790156754243
1,497,0.01083800137147148,0.01143790156754243
1,498,0.01083800137147148,0.01143790156754243
1,499,0.01083800137147148,0.01143790156754243
2,0,0.0159756933620177,0.015590729585200282
2,1,0.013071172619177843,0.012532274470848752
2,2,0.012061623980131822,0.011404732928378588
2,3,0.011618353160335194,0.010878517876095633
2,4,0.011402150302000522,0.010604738292451748
2,5,0.0112899998456552,0.010452105143487876
2,6,0.011229410672267775,0.010362562716238264
2,7,0.011195729000940374,0.010307844650814357
2,8,0.011176609258520116,0.01027323665621882
2,9,0.011165581726053996,0.010250682511887287
2,10,0.011159141079839022,0.01023558977215182
2,11,0.011155340197981867,0.010225250399076534
2,12,0.011153076809454987,0.01021801950195154
2,13,0.011151717705405033,0.01021287072849939
2,14,0.011150894907338886,0.010209147459920707
2,15,0.011150392563788103,0.010206419613230345
2,16,0.0111500830655495,0.010204399167123781
2,17,0.011149890453985026,0.010202889196883112
2,18,0.011149769229247085,0.010201752467169856
2,19,0.011149691968129372,0.010200891675563465
2,20,0.011149642036874111,0.010200236770777887
2,21,0.011149609276451372,0.01019973664737721
2,22,0.011149587434331693,0.010199353598307221
2,23,0.011149572628432091,0.010199059537879474
2,24,0.011149562424112882,0.010198833382904568
2,25,0.011149555276898333,0.0101986592058327
2,26,0.011149550194274023,0.01019852491214547
2,27,0.011149546529250562,0.010198421280187473
2,28,0.011149543853517869,0.01019834125583127
2,29,0.011149541878899341,0.010198279429111083
2,30,0.011149540408273468,0.010198231642606892
2,31,0.011149539304584783,0.010198194696381899
2,32,0.011149538471040709,0.010198166124415934
2,33,0.011149537838284904,0.010198144024443186
2,34,0.011149537355965586,0.010198126927969613
2,35,0.011149536987104773,0.010198113700697625
2,36,0.011149536704275957,0.010198103466072712
2,37,0.011149536486966516,0.010198095546478533
2,38,0.01114953631972827,0.010198089417943824
2,39,0.011149536190861103,0.010198084675218603
2,40,0.011149536091462986,0.010198081004822826
2,41,0.011149536014735917,0.010198078164234011
2,42,0.011149535955473501,0.01019807596580722
2,43,0.011149535909679093,0.010198074264346355
2,44,0.011149535874279142,0.010198072947494821
2,45,0.011149535846906625,0.010198071928304162
2,46,0.011149535825736601,0.010198071139485827
2,47,0.011149535809360851,0.010198070528964527
2,48,0.011149535796691977,0.010198070056437778
2,49,0.011149535786889885,0.01019806969071388
2,50,0.011149535779305272,0.010198069407652036
2,51,0.011149535773436133,0.010198069188568307
2,52,0.011149535768894245,0.010198069019001998
2,53,0.011149535765379344,0.010198068887761006
2,54,0.011149535762659127,0.010198068786182974
2,55,0.011149535760553884,0.010198068707563457
2,56,0.011149535758924555,0.010198068646713373
2,57,0.011149535757663538,0.010198068599616484
2,58,0.011149535756687565,0.01019806856316432
2,59,0.0111495357559322,0.010198068534950975
2,60,0.011149535755347571,0.010198068513114335
2,61,0.011149535754895086,0.010198068496213145
2,62,0.011149535754544873,0.010198068483131918
2,63,0.01114953575427382,0.010198068473007263
2,64,0.011149535754064029,0.01019806846517094
2,65,0.011149535753901655,0.01019806845910577
2,66,0.011149535753775981,0.010198068454411438
2,67,0.011149535753678712,0.0101980684507781
2,68,0.011149535753603428,0.01019806844796594
2,69,0.01114953575354516,0.010198068445789393
2,70,0.011149535753500061,0.010198068444104777
2,71,0.011149535753465152,0.010198068442800919
2,72,0.011149535753438139,0.010198068441791736
2,73,0.011149535753417227,0.010198068441010658
2,74,0.011149535753401045,0.010198068440406122
2,75,0.011149535753388517,0.010198068439938208
2,76,0.011149535753378823,0.01019806843957607
2,77,0.011149535753371315,0.010198068439295776
2,78,0.011149535753365507,0.010198068439078825
2,79,0.011149535753361013,0.010198068438910904
2,80,0.011149535753357535,0.010198068438780945
2,81,0.01114953575335484,0.010198068438680357
2,82,0.011149535753352759,0.0101980684386025
2,83,0.011149535753351146,0.01019806843854224
2,84,0.0111495357533499,0.0101980684384956
2,85,0.011149535753348929,0.0101980684384595
2,86,0.011149535753348183,0.01019806843843157
2,87,0.011149535753347602,0.010198068438409952
2,88,0.011149535753347154,0.010198068438393213
2,89,0.011149535753346805,0.010198068438380265
2,90,0.011149535753346542,0.010198068438370232
2,91,0.011149535753346335,0.010198068438362476
2,92,0.011149535753346172,0.01019806843835646
2,93,0.011149535753346046,0.010198068438351816
2,94,0.011149535753345948,0.010198068438348223
2,95,0.011149535753345872,0.010198068438345451
2,96,0.011149535753345818,0.010198068438343286
2,97,0.011149535753345773,0.010198068438341609
2,98,0.01114953575334574,0.010198068438340327
2,99,0.011149535753345713,0.010198068438339328
2,100,0.01114953575334569,0.010198068438338547
2,101,0.011149535753345674,0.010198068438337954
2,102,0.011149535753345664,0.010198068438337487
2,103,0.011149535753345654,0.010198068438337125
2,104,0.011149535753345645,0.010198068438336844
2,105,0.011149535753345641,0.010198068438336629
2,106,0.011149535753345636,0.010198068438336464
2,107,0.011149535753345631,0.01019806843833634
2,108,0.01114953575334563,0.010198068438336252
2,109,0.011149535753345626,0.010198068438336176
2,110,0.011149535753345624,0.010198068438336113
2,111,0.011149535753345624,0.010198068438336072
2,112,0.011149535753345622,0.010198068438336039
2,113,0.011149535753345622,0.010198068438336013
2,114,0.011149535753345622,0.010198068438335988
2,115,0.011149535753345622,0.010198068438335971
2,116,0.011149535753345622,0.01019806843833596
2,117,0.011149535753345622,0.01019806843833595
2,118,0.011149535753345619,0.010198068438335938
2,119,0.011149535753345619,0.010198068438335933
2,120,0.011149535753345619,0.010198068438335933
2,121,0.011149535753345619,0.010198068438335926
2,122,0.011149535753345622,0.010198068438335922
2,123,0.011149535753345622,0.010198068438335919
2,124,0.011149535753345622,0.010198068438335916
2,125,0.011149535753345622,0.010198068438335914
2,126,0.011149535753345622,0.010198068438335912
2,127,0.011149535753345619,0.010198068438335912
2,128,0.011149535753345619,0.010198068438335912
2,129,0.011149535753345619,0.010198068438335912
2,130,0.011149535753345619,0.010198068438335912
2,131,0.011149535753345622,0.010198068438335912
2,132,0.011149535753345622,0.010198068438335912
2,133,0.011149535753345619,0.010198068438335912
2,134,0.011149535753345622,0.010198068438335912
2,135,0.011149535753345622,0.01019806843833591
2,136,0.011149535753345622,0.01019806843833591
2,137,0.011149535753345622,0.010198068438335909
2,138,0.011149535753345622,0.010198068438335909
2,139,0.011149535753345622,0.01019806843833591
2,140,0.011149535753345622,0.010198068438335909
2,141,0.011149535753345622,0.010198068438335909
2,142,0.011149535753345622,0.010198068438335909
2,143,0.011149535753345622,0.010198068438335909
2,144,0.011149535753345622,0.010198068438335909
2,145,0.011149535753345622,0.010198068438335909
2,146,0.011149535753345622,0.010198068438335909
2,147,0.011149535753345622,0.010198068438335909
2,148,0.011149535753345622,0.010198068438335909
2,149,0.011149535753345622,0.010198068438335909
2,150,0.011149535753345622,0.010198068438335909
2,151,0.011149535753345622,0.010198068438335909
2,152,0.011149535753345622,0.010198068438335909
2,153,0.011149535753345622,0.010198068438335909
2,154,0.011149535753345622,0.010198068438335909
2,155,0.011149535753345622,0.010198068438335909
2,156,0.011149535753345622,0.010198068438335909
2,157,0.011149535753345622,0.010198068438335909
2,158,0.011149535753345622,0.010198068438335909
2,159,0.011149535753345622,0.010198068438335909
2,160,0.011149535753345622,0.010198068438335909
2,161,0.011149535753345622,0.010198068438335909
2,162,0.011149535753345622,0.010198068438335909
2,163,0.011149535753345622,0.010198068438335909
2,164,0.011149535753345622,0.010198068438335909
2,165,0.011149535753345622,0.010198068438335909
2,166,0.011149535753345622,0.010198068438335909
2,167,0.011149535753345622,0.010198068438335909
2,168,0.011149535753345622,0.010198068438335909
2,169,0.011149535753345622,0.010198068438335909
2,170,0.011149535753345622,0.010198068438335909
2,171,0.011149535753345622,0.010198068438335909
2,172,0.011149535753345622,0.010198068438335909
2,173,0.011149535753345622,0.010198068438335909
2,174,0.011149535753345622,0.010198068438335909
2,175,0.011149535753345622,0.010198068438335909
2,176,0.011149535753345622,0.010198068438335909
2,177,0.011149535753345622,0.010198068438335909
2,178,0.011149535753345622,0.010198068438335909
2,179,0.011149535753345622,0.010198068438335909
2,180,0.011149535753345622,0.010198068438335909
2,181,0.011149535753345622,0.010198068438335909
2,182,0.011149535753345622,0.010198068438335909
2,183,0.011149535753345622,0.010198068438335909
2,184,0.011149535753345622,0.010198068438335909
2,185,0.011149535753345622,0.010198068438335909
2,186,0.011149535753345622,0.010198068438335909
2,187,0.011149535753345622,0.010198068438335909
2,188,0.011149535753345622,0.010198068438335909
2,189,0.011149535753345622,0.010198068438335909
2,190,0.011149535753345622,0.010198068438335909
2,191,0.011149535753345622,0.010198068438335909
2,192,0.011149535753345622,0.010198068438335909
2,193,0.011149535753345622,0.010198068438335909
2,194,0.011149535753345622,0.010198068438335909
2,195,0.011149535753345622,0.010198068438335909
2,196,0.011149535753345622,0.010198068438335909
2,197,0.011149535753345622,0.010198068438335909
2,198,0.011149535753345622,0.010198068438335909
2,199,0.011149535753345622,0.010198068438335909
2,200,0.011149535753345622,0.010198068438335909
2,201,0.011149535753345622,0.010198068438335909
2,202,0.011149535753345622,0.010198068438335909
2,203,0.011149535753345622,0.010198068438335909
2,204,0.011149535753345622,0.010198068438335909
2,205,0.011149535753345622,0.010198068438335909
2,206,0.011149535753345622,0.010198068438335909
2,207,0.011149535753345622,0.010198068438335909
2,208,0.011149535753345622,0.010198068438335909
2,209,0.011149535753345622,0.010198068438335909
2,210,0.011149535753345622,0.010198068438335909
2,211,0.011149535753345622,0.010198068438335909
2,212,0.011149535753345622,0.010198068438335909
2,213,0.011149535753345622,0.010198068438335909
2,214,0.011149535753345622,0.010198068438335909
2,215,0.011149535753345622,0.010198068438335909
2,216,0.011149535753345622,0.010198068438335909
2,217,0.011149535753345622,0.010198068438335909
2,218,0.011149535753345622,0.010198068438335909
2,219,0.011149535753345622,0.010198068438335909
2,220,0.011149535753345622,0.010198068438335909
2,221,0.011149535753345622,0.010198068438335909
2,222,0.011149535753345622,0.010198068438335909
2,223,0.011149535753345622,0.010198068438335909
2,224,0.011149535753345622,0.010198068438335909
2,225,0.011149535753345622,0.010198068438335909
2,226,0.011149535753345622,0.010198068438335909
2,227,0.011149535753345622,0.010198068438335909
2,228,0.011149535753345622,0.010198068438335909
2,229,0.011149535753345622,0.010198068438335909
2,230,0.011149535753345622,0.010198068438335909
2,231,0.011149535753345622,0.010198068438335909
2,232,0.011149535753345622,0.010198068438335909
2,233,0.011149535753345622,0.010198068438335909
2,234,0.011149535753345622,0.010198068438335909
2,235,0.011149535753345622,0.010198068438335909
2,236,0.011149535753345622,0.010198068438335909
2,237,0.011149535753345622,0.010198068438335909
2,238,0.011149535753345622,0.010198068438335909
2,239,0.011149535753345622,0.010198068438335909
2,240,0.011149535753345622,0.010198068438335909
2,241,0.011149535753345622,0.010198068438335909
2,242,0.011149535753345622,0.010198068438335909
2,243,0.011149535753345622,0.010198068438335909
2,244,0.011149535753345622,0.010198068438335909
2,245,0.011149535753345622,0.010198068438335909
2,246,0.011149535753345622,0.010198068438335909
2,247,0.011149535753345622,0.010198068438335909
2,248,0.011149535753345622,0.010198068438335909
2,249,0.011149535753345622,0.010198068438335909
2,250,0.011149535753345622,0.010198068438335909
2,251,0.011149535753345622,0.010198068438335909
2,252,0.011149535753345622,0.010198068438335909
2,253,0.011149535753345622,0.010198068438335909
2,254,0.011149535753345622,0.010198068438335909
2,255,0.011149535753345622,0.010198068438335909
2,256,0.011149535753345622,0.010198068438335909
2,257,0.011149535753345622,0.010198068438335909
2,258,0.011149535753345622,0.010198068438335909
2,259,0.011149535753345622,0.010198068438335909
2,260,0.011149535753345622,0.010198068438335909
2,261,0.011149535753345622,0.010198068438335909
2,262,0.011149535753345622,0.010198068438335909
2,263,0.011149535753345622,0.010198068438335909
2,264,0.011149535753345622,0.010198068438335909
2,265,0.011149535753345622,0.010198068438335909
2,266,0.011149535753345622,0.010198068438335909
2,267,0.011149535753345622,0.010198068438335909
2,268,0.011149535753345622,0.010198068438335909
2,269,0.011149535753345622,0.010198068438335909
2,270,0.011149535753345622,0.010198068438335909
2,271,0.011149535753345622,0.010198068438335909
2,272,0.011149535753345622,0.010198068438335909
2,273,0.011149535753345622,0.010198068438335909
2,274,0.011149535753345622,0.010198068438335909
2,275,0.011149535753345622,0.010198068438335909
2,276,0.011149535753345622,0.010198068438335909
2,277,0.011149535753345622,0.010198068438335909
2,278,0.011149535753345622,0.010198068438335909
2,279,0.011149535753345622,0.010198068438335909
2,280,0.011149535753345622,0.010198068438335909
2,281,0.011149535753345622,0.010198068438335909
2,282,0.011149535753345622,0.010198068438335909
2,283,0.011149535753345622,0.010198068438335909
2,284,0.011149535753345622,0.010198068438335909
2,285,0.011149535753345622,0.010198068438335909
2,286,0.011149535753345622,0.010198068438335909
2,287,0.011149535753345622,0.010198068438335909
2,288,0.011149535753345622,0.010198068438335909
2,289,0.011149535753345622,0.010198068438335909
2,290,0.011149535753345622,0.010198068438335909
2,291,0.011149535753345622,0.010198068438335909
2,292,0.011149535753345622,0.010198068438335909
2,293,0.011149535753345622,0.010198068438335909
2,294,0.011149535753345622,0.010198068438335909
2,295,0.011149535753345622,0.010198068438335909
2,296,0.011149535753345622,0.010198068438335909
2,297,0.011149535753345622,0.010198068438335909
2,298,0.011149535753345622,0.010198068438335909
2,299,0.011149535753345622,0.010198068438335909
2,300,0.011149535753345622,0.010198068438335909
2,301,0.011149535753345622,0.010198068438335909
2,302,0.011149535753345622,0.010198068438335909
2,303,0.011149535753345622,0.010198068438335909
2,304,0.011149535753345622,0.010198068438335909
2,305,0.011149535753345622,0.010198068438335909
2,306,0.011149535753345622,0.010198068438335909
2,307,0.011149535753345622,0.010198068438335909
2,308,0.011149535753345622,0.010198068438335909
2,309,0.011149535753345622,0.010198068438335909
2,310,0.011149535753345622,0.010198068438335909
2,311,0.011149535753345622,0.010198068438335909
2,312,0.011149535753345622,0.010198068438335909
2,313,0.011149535753345622,0.010198068438335909
2,314,0.011149535753345622,0.010198068438335909
2,315,0.011149535753345622,0.010198068438335909
2,316,0.011149535753345622,0.010198068438335909
2,317,0.011149535753345622,0.010198068438335909
2,318,0.011149535753345622,0.010198068438335909
2,319,0.011149535753345622,0.010198068438335909
2,320,0.011149535753345622,0.010198068438335909
2,321,0.011149535753345622,0.010198068438335909
2,322,0.011149535753345622,0.010198068438335909
2,323,0.011149535753345622,0.010198068438335909
2,324,0.011149535753345622,0.010198068438335909
2,325,0.011149535753345622,0.010198068438335909
2,326,0.011149535753345622,0.010198068438335909
2,327,0.011149535753345622,0.010198068438335909
2,328,0.011149535753345622,0.010198068438335909
2,329,0.011149535753345622,0.010198068438335909
2,330,0.011149535753345622,0.010198068438335909
2,331,0.011149535753345622,0.010198068438335909
2,332,0.011149535753345622,0.010198068438335909
2,333,0.011149535753345622,0.010198068438335909
2,334,0.011149535753345622,0.010198068438335909
2,335,0.011149535753345622,0.010198068438335909
2,336,0.011149535753345622,0.010198068438335909
2,337,0.011149535753345622,0.010198068438335909
2,338,0.011149535753345622,0.010198068438335909
2,339,0.011149535753345622,0.010198068438335909
2,340,0.011149535753345622,0.010198068438335909
2,341,0.011149535753345622,0.010198068438335909
2,342,0.011149535753345622,0.010198068438335909
2,343,0.011149535753345622,0.010198068438335909
2,344,0.011149535753345622,0.010198068438335909
2,345,0.011149535753345622,0.010198068438335909
2,346,0.011149535753345622,0.010198068438335909
2,347,0.011149535753345622,0.010198068438335909
2,348,0.011149535753345622,0.010198068438335909
2,349,0.011149535753345622,0.010198068438335909
2,350,0.011149535753345622,0.010198068438335909
2,351,0.011149535753345622,0.010198068438335909
2,352,0.011149535753345622,0.010198068438335909
2,353,0.011149535753345622,0.010198068438335909
2,354,0.011149535753345622,0.010198068438335909
2,355,0.011149535753345622,0.010198068438335909
2,356,0.011149535753345622,0.010198068438335909
2,357,0.011149535753345622,0.010198068438335909
2,358,0.011149535753345622,0.010198068438335909
2,359,0.011149535753345622,0.010198068438335909
2,360,0.011149535753345622,0.010198068438335909
2,361,0.011149535753345622,0.010198068438335909
2,362,0.011149535753345622,0.010198068438335909
2,363,0.011149535753345622,0.010198068438335909
2,364,0.011149535753345622,0.010198068438335909
2,365,0.011149535753345622,0.010198068438335909
2,366,0.011149535753345622,0.010198068438335909
2,367,0.011149535753345622,0.010198068438335909
2,368,0.011149535753345622,0.010198068438335909
2,369,0.011149535753345622,0.010198068438335909
2,370,0.011149535753345622,0.010198068438335909
2,371,0.011149535753345622,0.010198068438335909
2,372,0.011149535753345622,0.010198068438335909
2,373,0.011149535753345622,0.010198068438335909
2,374,0.011149535753345622,0.010198068438335909
2,375,0.011149535753345622,0.010198068438335909
2,376,0.011149535753345622,0.010198068438335909
2,377,0.011149535753345622,0.010198068438335909
2,378,0.011149535753345622,0.010198068438335909
2,379,0.011149535753345622,0.010198068438335909
2,380,0.011149535753345622,0.010198068438335909
2,381,0.011149535753345622,0.010198068438335909
2,382,0.011149535753345622,0.010198068438335909
2,383,0.011149535753345622,0.010198068438335909
2,384,0.011149535753345622,0.010198068438335909
2,385,0.011149535753345622,0.010198068438335909
2,386,0.011149535753345622,0.010198068438335909
2,387,0.011149535753345622,0.010198068438335909
2,388,0.011149535753345622,0.010198068438335909
2,389,0.011149535753345622,0.010198068438335909
2,390,0.011149535753345622,0.010198068438335909
2,391,0.011149535753345622,0.010198068438335909
2,392,0.011149535753345622,0.010198068438335909
2,393,0.011149535753345622,0.010198068438335909
2,394,0.011149535753345622,0.010198068438335909
2,395,0.011149535753345622,0.010198068438335909
2,396,0.011149535753345622,0.010198068438335909
2,397,0.011149535753345622,0.010198068438335909
2,398,0.011149535753345622,0.010198068438335909
2,399,0.011149535753345622,0.010198068438335909
2,400,0.011149535753345622,0.010198068438335909
2,401,0.011149535753345622,0.010198068438335909
2,402,0.011149535753345622,0.010198068438335909
2,403,0.011149535753345622,0.010198068438335909
2,404,0.011149535753345622,0.010198068438335909
2,405,0.011149535753345622,0.010198068438335909
2,406,0.011149535753345622,0.010198068438335909
2,407,0.011149535753345622,0.010198068438335909
2,408,0.011149535753345622,0.010198068438335909
2,409,0.011149535753345622,0.010198068438335909
2,410,0.011149535753345622,0.010198068438335909
2,411,0.011149535753345622,0.010198068438335909
2,412,0.011149535753345622,0.010198068438335909
2,413,0.011149535753345622,0.010198068438335909
2,414,0.011149535753345622,0.010198068438335909
2,415,0.011149535753345622,0.010198068438335909
2,416,0.011149535753345622,0.010198068438335909
2,417,0.011149535753345622,0.010198068438335909
2,418,0.011149535753345622,0.010198068438335909
2,419,0.011149535753345622,0.010198068438335909
2,420,0.011149535753345622,0.010198068438335909
2,421,0.011149535753345622,0.010198068438335909
2,422,0.011149535753345622,0.010198068438335909
2,423,0.011149535753345622,0.010198068438335909
2,424,0.011149535753345622,0.010198068438335909
2,425,0.011149535753345622,0.010198068438335909
2,426,0.011149535753345622,0.010198068438335909
2,427,0.011149535753345622,0.010198068438335909
2,428,0.011149535753345622,0.010198068438335909
2,429,0.011149535753345622,0.010198068438335909
2,430,0.011149535753345622,0.010198068438335909
2,431,0.011149535753345622,0.010198068438335909
2,432,0.011149535753345622,0.010198068438335909
2,433,0.011149535753345622,0.010198068438335909
2,434,0.011149535753345622,0.010198068438335909
2,435,0.011149535753345622,0.010198068438335909
2,436,0.011149535753345622,0.010198068438335909
2,437,0.011149535753345622,0.010198068438335909
2,438,0.011149535753345622,0.010198068438335909
2,439,0.011149535753345622,0.010198068438335909
2,440,0.011149535753345622,0.010198068438335909
2,441,0.011149535753345622,0.010198068438335909
2,442,0.011149535753345622,0.010198068438335909
2,443,0.011149535753345622,0.010198068438335909
2,444,0.011149535753345622,0.010198068438335909
2,445,0.011149535753345622,0.010198068438335909
2,446,0.011149535753345622,0.010198068438335909
2,447,0.011149535753345622,0.010198068438335909
2,448,0.011149535753345622,0.010198068438335909
2,449,0.011149535753345622,0.010198068438335909
2,450,0.011149535753345622,0.010198068438335909
2,451,0.011149535753345622,0.010198068438335909
2,452,0.011149535753345622,0.010198068438335909
2,453,0.011149535753345622,0.010198068438335909
2,454,0.011149535753345622,0.010198068438335909
2,455,0.011149535753345622,0.010198068438335909
2,456,0.011149535753345622,0.010198068438335909
2,457,0.011149535753345622,0.010198068438335909
2,458,0.011149535753345622,0.010198068438335909
2,459,0.011149535753345622,0.010198068438335909
2,460,0.011149535753345622,0.010198068438335909
2,461,0.011149535753345622,0.010198068438335909
2,462,0.011149535753345622,0.010198068438335909
2,463,0.011149535753345622,0.010198068438335909
2,464,0.011149535753345622,0.010198068438335909
2,465,0.011149535753345622,0.010198068438335909
2,466,0.011149535753345622,0.010198068438335909
2,467,0.011149535753345622,0.010198068438335909
2,468,0.011149535753345622,0.010198068438335909
2,469,0.011149535753345622,0.010198068438335909
2,470,0.011149535753345622,0.010198068438335909
2,471,0.011149535753345622,0.010198068438335909
2,472,0.011149535753345622,0.010198068438335909
2,473,0.011149535753345622,0.010198068438335909
2,474,0.011149535753345622,0.010198068438335909
2,475,0.011149535753345622,0.010198068438335909
2,476,0.011149535753345622,0.010198068438335909
2,477,0.011149535753345622,0.010198068438335909
2,478,0.011149535753345622,0.010198068438335909
2,479,0.011149535753345622,0.010198068438335909
2,480,0.011149535753345622,0.010198068438335909
2,481,0.011149535753345622,0.010198068438335909
2,482,0.011149535753345622,0.010198068438335909
2,483,0.011149535753345622,0.010198068438335909
2,484,0.011149535753345622,0.010198068438335909
2,485,0.011149535753345622,0.010198068438335909
2,486,0.011149535753345622,0.010198068438335909
2,487,0.011149535753345622,0.010198068438335909
2,488,0.011149535753345622,0.010198068438335909
2,489,0.011149535753345622,0.010198068438335909
2,490,0.011149535753345622,0.010198068438335909
2,491,0.011149535753345622,0.010198068438335909
2,492,0.011149535753345622,0.010198068438335909
2,493,0.011149535753345622,0.010198068438335909
2,494,0.011149535753345622,0.010198068438335909
2,495,0.011149535753345622,0.010198068438335909
2,496,0.011149535753345622,0.010198068438335909
2,497,0.011149535753345622,0.010198068438335909
2,498,0.011149535753345622,0.010198068438335909
2,499,0.011149535753345622,0.010198068438335909
3,0,0.015961434914308587,0.016110000229534682
3,1,0.012937438758063028,0.013057323199609826
3,2,0.011873698534535506,0.012045545373583802
3,3,0.011396960730992795,0.011628412653976248
3,4,0.011160137483768921,0.011442563041634017
3,5,0.01103522463662285,0.011358162179105501
3,6,0.010966660991533273,0.011321076597656595
3,7,0.01092795386552407,0.011306672434138685
3,8,0.010905648218440816,0.011303117994491914
3,9,0.010892594112725267,0.011304550889961507
3,10,0.010884862769908589,0.01130803300899036
3,11,0.010880240306504035,0.01131210622942333
3,12,0.010877454997119344,0.011316075157630598
3,13,0.010875765423429499,0.01131963901065738
3,14,0.010874734313902361,0.011322698558427845
3,15,0.010874101406910483,0.01132525375192056
3,16,0.01087371065000893,0.011327349444981621
3,17,0.010873467902361794,0.011329047008933776
3,18,0.010873316075328328,0.011330409982065477
3,19,0.010873220387737656,0.011331497308971653
3,20,0.010873159556169104,0.01133236062867477
3,21,0.010873120499968929,0.011333043658095903
3,22,0.010873095143131868,0.011333582597071668
3,23,0.010873078474628187,0.011334006972320315
3,24,0.01087306736767663,0.011334340612671776
3,25,0.01087305985858153,0.011334602601091206
3,26,0.010873054704817038,0.011334808133370934
3,27,0.010873051113317,0.011334969258700677
3,28,0.010873048572808087,0.011335095500663438
3,29,0.0108730467499244,0.011335194368279242
3,30,0.010873045424538137,0.011335271771100783
3,31,0.010873044449281022,0.011335332353227659
3,32,0.010873043724042901,0.01133537976023662
3,33,0.010873043179783107,0.011335416851413635
3,34,0.010873042768161856,0.011335445867848105
3,35,0.010873042454830733,0.011335468565180298
3,36,0.010873042215040237,0.011335486318200888
3,37,0.010873042030726794,0.011335500203129813
3,38,0.010873041888553755,0.011335511062251937
3,39,0.010873041778574356,0.011335519554640764
3,40,0.010873041693305299,0.011335526195933037
3,41,0.010873041627075116,0.011335531389498348
3,42,0.010873041575559114,0.011335535450853845
3,43,0.010873041535442923,0.011335538626780578
3,44,0.010873041504176034,0.011335541110287084
3,45,0.010873041479789246,0.011335543052319591
3,46,0.010873041460758131,0.011335544570924687
3,47,0.010873041445900072,0.01133554575841749
3,48,0.01087304143429608,0.01133554668698908
3,49,0.010873041425231066,0.011335547413092414
3,50,0.010873041418148013,0.01133554798087284
3,51,0.010873041412612689,0.011335548424850956
3,52,0.010873041408286335,0.011335548772020858
3,53,0.010873041404904573,0.011335549043491006
3,54,0.01087304140226095,0.01133554925576739
3,55,0.01087304140019423,0.011335549421757025
3,56,0.010873041398578436,0.011335549551552622
3,57,0.010873041397315144,0.01133554965304628
3,58,0.010873041396327414,0.011335549732409194
3,59,0.010873041395555125,0.01133554979446697
3,60,0.010873041394951275,0.011335549842992973
3,61,0.010873041394479116,0.011335549880937846
3,62,0.010873041394109929,0.011335549910608794
3,63,0.010873041393821252,0.011335549933809962
3,64,0.010873041393595524,0.011335549951952089
3,65,0.010873041393419025,0.011335549966138312
3,66,0.010873041393281012,0.011335549977231196
3,67,0.010873041393173091,0.011335549985905255
3,68,0.010873041393088707,0.011335549992687925
3,69,0.010873041393022722,0.011335549997991632
3,70,0.010873041392971124,0.011335550002138855
3,71,0.01087304139293078,0.011335550005381782
3,72,0.010873041392899232,0.01133555000791757
3,73,0.010873041392874564,0.011335550009900441
3,74,0.010873041392855273,0.011335550011450929
3,75,0.010873041392840187,0.011335550012663323
3,76,0.010873041392828393,0.011335550013611367
3,77,0.010873041392819173,0.011335550014352694
3,78,0.010873041392811958,0.011335550014932357
3,79,0.010873041392806322,0.011335550015385621
3,80,0.010873041392801914,0.011335550015740069
3,81,0.010873041392798462,0.011335550016017222
3,82,0.010873041392795768,0.011335550016233934
3,83,0.010873041392793657,0.011335550016403396
3,84,0.01087304139279201,0.01133555001653591
3,85,0.01087304139279072,0.011335550016639525
3,86,0.010873041392789714,0.011335550016720547
3,87,0.010873041392788925,0.011335550016783907
3,88,0.010873041392788309,0.011335550016833451
3,89,0.010873041392787827,0.011335550016872186
3,90,0.01087304139278745,0.011335550016902486
3,91,0.010873041392787155,0.011335550016926169
3,92,0.010873041392786926,0.011335550016944694
3,93,0.010873041392786746,0.01133555001695918
3,94,0.010873041392786604,0.011335550016970501
3,95,0.010873041392786494,0.011335550016979364
3,96,0.01087304139278641,0.011335550016986289
3,97,0.010873041392786338,0.011335550016991703
3,98,0.010873041392786286,0.011335550016995927
3,99,0.010873041392786246,0.011335550016999249
3,100,0.010873041392786215,0.011335550017001839
3,101,0.010873041392786189,0.011335550017003863
3,102,0.010873041392786173,0.011335550017005447
3,103,0.010873041392786154,0.011335550017006686
3,104,0.010873041392786142,0.011335550017007643
3,105,0.010873041392786132,0.0113355500170084
3,106,0.010873041392786125,0.011335550017008984
3,107,0.010873041392786116,0.011335550017009439
3,108,0.010873041392786114,0.011335550017009794
3,109,0.010873041392786111,0.011335550017010086
3,110,0.010873041392786106,0.011335550017010306
3,111,0.010873041392786106,0.011335550017010478
3,112,0.010873041392786104,0.011335550017010618
3,113,0.010873041392786104,0.011335550017010728
3,114,0.010873041392786104,0.011335550017010825
3,115,0.010873041392786102,0.011335550017010889
3,116,0.010873041392786102,0.011335550017010938
3,117,0.010873041392786102,0.011335550017010983
3,118,0.010873041392786102,0.011335550017011009
3,119,0.010873041392786102,0.01133555001701104
3,120,0.010873041392786099,0.011335550017011059
3,121,0.010873041392786099,0.011335550017011073
3,122,0.010873041392786099,0.011335550017011087
3,123,0.010873041392786099,0.011335550017011094
3,124,0.010873041392786097,0.0113355500170111
3,125,0.010873041392786102,0.011335550017011106
3,126,0.010873041392786099,0.01133555001701111
3,127,0.010873041392786099,0.011335550017011113
3,128,0.010873041392786099,0.011335550017011118
3,129,0.010873041392786099,0.01133555001701112
3,130,0.010873041392786099,0.01133555001701112
3,131,0.010873041392786099,0.011335550017011125
3,132,0.010873041392786099,0.011335550017011125
3,133,0.010873041392786099,0.011335550017011125
3,134,0.010873041392786099,0.011335550017011125
3,135,0.010873041392786099,0.011335550017011125
3,136,0.010873041392786099,0.011335550017011123
3,137,0.010873041392786099,0.011335550017011125
3,138,0.010873041392786099,0.011335550017011123
3,139,0.010873041392786099,0.011335550017011123
3,140,0.010873041392786099,0.011335550017011125
3,141,0.010873041392786099,0.011335550017011125
3,142,0.010873041392786099,0.011335550017011125
3,143,0.010873041392786099,0.011335550017011125
3,144,0.010873041392786099,0.011335550017011125
3,145,0.010873041392786099,0.011335550017011125
3,146,0.010873041392786099,0.011335550017011125
3,147,0.010873041392786099,0.011335550017011125
3,148,0.010873041392786099,0.011335550017011125
3,149,0.010873041392786099,0.011335550017011125
3,150,0.010873041392786099,0.011335550017011125
3,151,0.010873041392786099,0.011335550017011125
3,152,0.010873041392786099,0.011335550017011125
3,153,0.010873041392786099,0.011335550017011125
3,154,0.010873041392786099,0.011335550017011125
3,155,0.010873041392786099,0.011335550017011125
3,156,0.010873041392786099,0.011335550017011125
3,157,0.010873041392786099,0.011335550017011125
3,158,0.010873041392786099,0.011335550017011125
3,159,0.010873041392786099,0.011335550017011125
3,160,0.010873041392786099,0.011335550017011125
3,161,0.010873041392786099,0.011335550017011125
3,162,0.010873041392786099,0.011335550017011125
3,163,0.010873041392786099,0.011335550017011125
3,164,0.010873041392786099,0.011335550017011125
3,165,0.010873041392786099,0.011335550017011125
3,166,0.010873041392786099,0.011335550017011125
3,167,0.010873041392786099,0.011335550017011125
3,168,0.010873041392786099,0.011335550017011125
3,169,0.010873041392786099,0.011335550017011125
3,170,0.010873041392786099,0.011335550017011125
3,171,0.010873041392786099,0.011335550017011125
3,172,0.010873041392786099,0.011335550017011125
3,173,0.010873041392786099,0.011335550017011125
3,174,0.010873041392786099,0.011335550017011125
3,175,0.010873041392786099,0.011335550017011125
3,176,0.010873041392786099,0.011335550017011125
3,177,0.010873041392786099,0.011335550017011125
3,178,0.010873041392786099,0.011335550017011125
3,179,0.010873041392786099,0.011335550017011125
3,180,0.010873041392786099,0.011335550017011125
3,181,0.010873041392786099,0.011335550017011125
3,182,0.010873041392786099,0.011335550017011125
3,183,0.010873041392786099,0.011335550017011125
3,184,0.010873041392786099,0.011335550017011125
3,185,0.010873041392786099,0.011335550017011125
3,186,0.010873041392786099,0.011335550017011125
3,187,0.010873041392786099,0.011335550017011125
3,188,0.010873041392786099,0.011335550017011125
3,189,0.010873041392786099,0.011335550017011125
3,190,0.010873041392786099,0.011335550017011125
3,191,0.010873041392786099,0.011335550017011125
3,192,0.010873041392786099,0.011335550017011125
3,193,0.010873041392786099,0.011335550017011125
3,194,0.010873041392786099,0.011335550017011125
3,195,0.010873041392786099,0.011335550017011125
3,196,0.010873041392786099,0.011335550017011125
3,197,0.010873041392786099,0.011335550017011125
3,198,0.010873041392786099,0.011335550017011125
3,199,0.010873041392786099,0.011335550017011125
3,200,0.010873041392786099,0.011335550017011125
3,201,0.010873041392786099,0.011335550017011125
3,202,0.010873041392786099,0.011335550017011125
3,203,0.010873041392786099,0.011335550017011125
3,204,0.010873041392786099,0.011335550017011125
3,205,0.010873041392786099,0.011335550017011125
3,206,0.010873041392786099,0.011335550017011125
3,207,0.010873041392786099,0.011335550017011125
3,208,0.010873041392786099,0.011335550017011125
3,209,0.010873041392786099,0.011335550017011125
3,210,0.010873041392786099,0.011335550017011125
3,211,0.010873041392786099,0.011335550017011125
3,212,0.010873041392786099,0.011335550017011125
3,213,0.010873041392786099,0.011335550017011125
3,214,0.010873041392786099,0.011335550017011125
3,215,0.010873041392786099,0.011335550017011125
3,216,0.010873041392786099,0.011335550017011125
3,217,0.010873041392786099,0.011335550017011125
3,218,0.010873041392786099,0.011335550017011125
3,219,0.010873041392786099,0.011335550017011125
3,220,0.010873041392786099,0.011335550017011125
3,221,0.010873041392786099,0.011335550017011125
3,222,0.010873041392786099,0.011335550017011125
3,223,0.010873041392786099,0.011335550017011125
3,224,0.010873041392786099,0.011335550017011125
3,225,0.010873041392786099,0.011335550017011125
3,226,0.010873041392786099,0.011335550017011125
3,227,0.010873041392786099,0.011335550017011125
3,228,0.010873041392786099,0.011335550017011125
3,229,0.010873041392786099,0.011335550017011125
3,230,0.010873041392786099,0.011335550017011125
3,231,0.010873041392786099,0.011335550017011125
3,232,0.010873041392786099,0.011335550017011125
3,233,0.010873041392786099,0.011335550017011125
3,234,0.010873041392786099,0.011335550017011125
3,235,0.010873041392786099,0.011335550017011125
3,236,0.010873041392786099,0.011335550017011125
3,237,0.010873041392786099,0.011335550017011125
3,238,0.010873041392786099,0.011335550017011125
3,239,0.010873041392786099,0.011335550017011125
3,240,0.010873041392786099,0.011335550017011125
3,241,0.010873041392786099,0.011335550017011125
3,242,0.010873041392786099,0.011335550017011125
3,243,0.010873041392786099,0.011335550017011125
3,244,0.010873041392786099,0.011335550017011125
3,245,0.010873041392786099,0.011335550017011125
3,246,0.010873041392786099,0.011335550017011125
3,247,0.010873041392786099,0.011335550017011125
3,248,0.010873041392786099,0.011335550017011125
3,249,0.010873041392786099,0.011335550017011125
3,250,0.010873041392786099,0.011335550017011125
3,251,0.010873041392786099,0.011335550017011125
3,252,0.010873041392786099,0.011335550017011125
3,253,0.010873041392786099,0.011335550017011125
3,254,0.010873041392786099,0.011335550017011125
3,255,0.010873041392786099,0.011335550017011125
3,256,0.010873041392786099,0.011335550017011125
3,257,0.010873041392786099,0.011335550017011125
3,258,0.010873041392786099,0.011335550017011125
3,259,0.010873041392786099,0.011335550017011125
3,260,0.010873041392786099,0.011335550017011125
3,261,0.010873041392786099,0.011335550017011125
3,262,0.010873041392786099,0.011335550017011125
3,263,0.010873041392786099,0.011335550017011125
3,264,0.010873041392786099,0.011335550017011125
3,265,0.010873041392786099,0.011335550017011125
3,266,0.010873041392786099,0.011335550017011125
3,267,0.010873041392786099,0.011335550017011125
3,268,0.010873041392786099,0.011335550017011125
3,269,0.010873041392786099,0.011335550017011125
3,270,0.010873041392786099,0.011335550017011125
3,271,0.010873041392786099,0.011335550017011125
3,272,0.010873041392786099,0.011335550017011125
3,273,0.010873041392786099,0.011335550017011125
3,274,0.010873041392786099,0.011335550017011125
3,275,0.010873041392786099,0.011335550017011125
3,276,0.010873041392786099,0.011335550017011125
3,277,0.010873041392786099,0.011335550017011125
3,278,0.010873041392786099,0.011335550017011125
3,279,0.010873041392786099,0.011335550017011125
3,280,0.010873041392786099,0.011335550017011125
3,281,0.010873041392786099,0.011335550017011125
3,282,0.010873041392786099,0.011335550017011125
3,283,0.010873041392786099,0.011335550017011125
3,284,0.010873041392786099,0.011335550017011125
3,285,0.010873041392786099,0.011335550017011125
3,286,0.010873041392786099,0.011335550017011125
3,287,0.010873041392786099,0.011335550017011125
3,288,0.010873041392786099,0.011335550017011125
3,289,0.010873041392786099,0.011335550017011125
3,290,0.010873041392786099,0.011335550017011125
3,291,0.010873041392786099,0.011335550017011125
3,292,0.010873041392786099,0.011335550017011125
3,293,0.010873041392786099,0.011335550017011125
3,294,0.010873041392786099,0.011335550017011125
3,295,0.010873041392786099,0.011335550017011125
3,296,0.010873041392786099,0.011335550017011125
3,297,0.010873041392786099,0.011335550017011125
3,298,0.010873041392786099,0.011335550017011125
3,299,0.010873041392786099,0.011335550017011125
3,300,0.010873041392786099,0.011335550017011125
3,301,0.010873041392786099,0.011335550017011125
3,302,0.010873041392786099,0.011335550017011125
3,303,0.010873041392786099,0.011335550017011125
3,304,0.010873041392786099,0.011335550017011125
3,305,0.010873041392786099,0.011335550017011125
3,306,0.010873041392786099,0.011335550017011125
3,307,0.010873041392786099,0.011335550017011125
3,308,0.010873041392786099,0.011335550017011125
3,309,0.010873041392786099,0.011335550017011125
3,310,0.010873041392786099,0.011335550017011125
3,311,0.010873041392786099,0.011335550017011125
3,312,0.010873041392786099,0.011335550017011125
3,313,0.010873041392786099,0.011335550017011125
3,314,0.010873041392786099,0.011335550017011125
3,315,0.010873041392786099,0.011335550017011125
3,316,0.010873041392786099,0.011335550017011125
3,317,0.010873041392786099,0.011335550017011125
3,318,0.010873041392786099,0.011335550017011125
3,319,0.010873041392786099,0.011335550017011125
3,320,0.010873041392786099,0.011335550017011125
3,321,0.010873041392786099,0.011335550017011125
3,322,0.010873041392786099,0.011335550017011125
3,323,0.010873041392786099,0.011335550017011125
3,324,0.010873041392786099,0.011335550017011125
3,325,0.010873041392786099,0.011335550017011125
3,326,0.010873041392786099,0.011335550017011125
3,327,0.010873041392786099,0.011335550017011125
3,328,0.010873041392786099,0.011335550017011125
3,329,0.010873041392786099,0.011335550017011125
3,330,0.010873041392786099,0.011335550017011125
3,331,0.010873041392786099,0.011335550017011125
3,332,0.010873041392786099,0.011335550017011125
3,333,0.010873041392786099,0.011335550017011125
3,334,0.010873041392786099,0.011335550017011125
3,335,0.010873041392786099,0.011335550017011125
3,336,0.010873041392786099,0.011335550017011125
3,337,0.010873041392786099,0.011335550017011125
3,338,0.010873041392786099,0.011335550017011125
3,339,0.010873041392786099,0.011335550017011125
3,340,0.010873041392786099,0.011335550017011125
3,341,0.010873041392786099,0.011335550017011125
3,342,0.010873041392786099,0.011335550017011125
3,343,0.010873041392786099,0.011335550017011125
3,344,0.010873041392786099,0.011335550017011125
3,345,0.010873041392786099,0.011335550017011125
3,346,0.010873041392786099,0.011335550017011125
3,347,0.010873041392786099,0.011335550017011125
3,348,0.010873041392786099,0.011335550017011125
3,349,0.010873041392786099,0.011335550017011125
3,350,0.010873041392786099,0.011335550017011125
3,351,0.010873041392786099,0.011335550017011125
3,352,0.010873041392786099,0.011335550017011125
3,353,0.010873041392786099,0.011335550017011125
3,354,0.010873041392786099,0.011335550017011125
3,355,0.010873041392786099,0.011335550017011125
3,356,0.010873041392786099,0.011335550017011125
3,357,0.010873041392786099,0.011335550017011125
3,358,0.010873041392786099,0.011335550017011125
3,359,0.010873041392786099,0.011335550017011125
3,360,0.010873041392786099,0.011335550017011125
3,361,0.010873041392786099,0.011335550017011125
3,362,0.010873041392786099,0.011335550017011125
3,363,0.010873041392786099,0.011335550017011125
3,364,0.010873041392786099,0.011335550017011125
3,365,0.010873041392786099,0.011335550017011125
3,366,0.010873041392786099,0.011335550017011125
3,367,0.010873041392786099,0.011335550017011125
3,368,0.010873041392786099,0.011335550017011125
3,369,0.010873041392786099,0.011335550017011125
3,370,0.010873041392786099,0.011335550017011125
3,371,0.010873041392786099,0.011335550017011125
3,372,0.010873041392786099,0.011335550017011125
3,373,0.010873041392786099,0.011335550017011125
3,374,0.010873041392786099,0.011335550017011125
3,375,0.010873041392786099,0.011335550017011125
3,376,0.010873041392786099,0.011335550017011125
3,377,0.010873041392786099,0.011335550017011125
3,378,0.010873041392786099,0.011335550017011125
3,379,0.010873041392786099,0.011335550017011125
3,380,0.010873041392786099,0.011335550017011125
3,381,0.010873041392786099,0.011335550017011125
3,382,0.010873041392786099,0.011335550017011125
3,383,0.010873041392786099,0.011335550017011125
3,384,0.010873041392786099,0.011335550017011125
3,385,0.010873041392786099,0.011335550017011125
3,386,0.010873041392786099,0.011335550017011125
3,387,0.010873041392786099,0.011335550017011125
3,388,0.010873041392786099,0.011335550017011125
3,389,0.010873041392786099,0.011335550017011125
3,390,0.010873041392786099,0.011335550017011125
3,391,0.010873041392786099,0.011335550017011125
3,392,0.010873041392786099,0.011335550017011125
3,393,0.010873041392786099,0.011335550017011125
3,394,0.010873041392786099,0.011335550017011125
3,395,0.010873041392786099,0.011335550017011125
3,396,0.010873041392786099,0.011335550017011125
3,397,0.010873041392786099,0.011335550017011125
3,398,0.010873041392786099,0.011335550017011125
3,399,0.010873041392786099,0.011335550017011125
3,400,0.010873041392786099,0.011335550017011125
3,401,0.010873041392786099,0.011335550017011125
3,402,0.010873041392786099,0.011335550017011125
3,403,0.010873041392786099,0.011335550017011125
3,404,0.010873041392786099,0.011335550017011125
3,405,0.010873041392786099,0.011335550017011125
3,406,0.010873041392786099,0.011335550017011125
3,407,0.010873041392786099,0.011335550017011125
3,408,0.010873041392786099,0.011335550017011125
3,409,0.010873041392786099,0.011335550017011125
3,410,0.010873041392786099,0.011335550017011125
3,411,0.010873041392786099,0.011335550017011125
3,412,0.010873041392786099,0.011335550017011125
3,413,0.010873041392786099,0.011335550017011125
3,414,0.010873041392786099,0.011335550017011125
3,415,0.010873041392786099,0.011335550017011125
3,416,0.010873041392786099,0.011335550017011125
3,417,0.010873041392786099,0.011335550017011125
3,418,0.010873041392786099,0.011335550017011125
3,419,0.010873041392786099,0.011335550017011125
3,420,0.010873041392786099,0.011335550017011125
3,421,0.010873041392786099,0.011335550017011125
3,422,0.010873041392786099,0.011335550017011125
3,423,0.010873041392786099,0.011335550017011125
3,424,0.010873041392786099,0.011335550017011125
3,425,0.010873041392786099,0.011335550017011125
3,426,0.010873041392786099,0.011335550017011125
3,427,0.010873041392786099,0.011335550017011125
3,428,0.010873041392786099,0.011335550017011125
3,429,0.010873041392786099,0.011335550017011125
3,430,0.010873041392786099,0.011335550017011125
3,431,0.010873041392786099,0.011335550017011125
3,432,0.010873041392786099,0.011335550017011125
3,433,0.010873041392786099,0.011335550017011125
3,434,0.010873041392786099,0.011335550017011125
3,435,0.010873041392786099,0.011335550017011125
3,436,0.010873041392786099,0.011335550017011125
3,437,0.010873041392786099,0.011335550017011125
3,438,0.010873041392786099,0.011335550017011125
3,439,0.010873041392786099,0.011335550017011125
3,440,0.010873041392786099,0.011335550017011125
3,441,0.010873041392786099,0.011335550017011125
3,442,0.010873041392786099,0.011335550017011125
3,443,0.010873041392786099,0.011335550017011125
3,444,0.010873041392786099,0.011335550017011125
3,445,0.010873041392786099,0.011335550017011125
3,446,0.010873041392786099,0.011335550017011125
3,447,0.010873041392786099,0.011335550017011125
3,448,0.010873041392786099,0.011335550017011125
3,449,0.010873041392786099,0.011335550017011125
3,450,0.010873041392786099,0.011335550017011125
3,451,0.010873041392786099,0.011335550017011125
3,452,0.010873041392786099,0.011335550017011125
3,453,0.010873041392786099,0.011335550017011125
3,454,0.010873041392786099,0.011335550017011125
3,455,0.010873041392786099,0.011335550017011125
3,456,0.010873041392786099,0.011335550017011125
3,457,0.010873041392786099,0.011335550017011125
3,458,0.010873041392786099,0.011335550017011125
3,459,0.010873041392786099,0.011335550017011125
3,460,0.010873041392786099,0.011335550017011125
3,461,0.010873041392786099,0.011335550017011125
3,462,0.010873041392786099,0.011335550017011125
3,463,0.010873041392786099,0.011335550017011125
3,464,0.010873041392786099,0.011335550017011125
3,465,0.010873041392786099,0.011335550017011125
3,466,0.010873041392786099,0.011335550017011125
3,467,0.010873041392786099,0.011335550017011125
3,468,0.010873041392786099,0.011335550017011125
3,469,0.010873041392786099,0.011335550017011125
3,470,0.010873041392786099,0.011335550017011125
3,471,0.010873041392786099,0.011335550017011125
3,472,0.010873041392786099,0.011335550017011125
3,473,0.010873041392786099,0.011335550017011125
3,474,0.010873041392786099,0.011335550017011125
3,475,0.010873041392786099,0.011335550017011125
3,476,0.010873041392786099,0.011335550017011125
3,477,0.010873041392786099,0.011335550017011125
3,478,0.010873041392786099,0.011335550017011125
3,479,0.010873041392786099,0.011335550017011125
3,480,0.010873041392786099,0.011335550017011125
3,481,0.010873041392786099,0.011335550017011125
3,482,0.010873041392786099,0.011335550017011125
3,483,0.010873041392786099,0.011335550017011125
3,484,0.010873041392786099,0.011335550017011125
3,485,0.010873041392786099,0.011335550017011125
3,486,0.010873041392786099,0.011335550017011125
3,487,0.010873041392786099,0.011335550017011125
3,488,0.010873041392786099,0.011335550017011125
3,489,0.010873041392786099,0.011335550017011125
3,490,0.010873041392786099,0.011335550017011125
3,491,0.010873041392786099,0.011335550017011125
3,492,0.010873041392786099,0.011335550017011125
3,493,0.010873041392786099,0.011335550017011125
3,494,0.010873041392786099,0.011335550017011125
3,495,0.010873041392786099,0.011335550017011125
3,496,0.010873041392786099,0.011335550017011125
3,497,0.010873041392786099,0.011335550017011125
3,498,0.010873041392786099,0.011335550017011125
3,499,0.010873041392786099,0.011335550017011125
4,0,0.0164018046439974,0.01705844143625999
4,1,0.013182469771736717,0.013622042943095838
4,2,0.012048791956703034,0.012355671404297688
4,3,0.011541016841380626,0.011753405811664386
4,4,0.011288285838794147,0.011433178852490301
4,5,0.011154488158039825,0.01125070143854474
4,6,0.011080683690142364,0.011141304569045645
4,7,0.011038764265830513,0.011073010385371042
4,8,0.011014430902043498,0.011028905300788962
4,9,0.011000065685768005,0.01099957752960325
4,10,0.010991468944353653,0.010979572123437609
4,11,0.010986264741171663,0.010965617440319734
4,12,0.010983081821351824,0.01095569180767009
4,13,0.010981116284754917,0.010948511924464594
4,14,0.010979890889643991,0.010943242807734128
4,15,0.01097911937307064,0.010939328545303417
4,16,0.010978628506357606,0.010936391013238981
4,17,0.010978312636928781,0.010934167863525928
4,18,0.010978106853082951,0.010932473737955025
4,19,0.010977970985379363,0.010931175510404319
4,20,0.010977879990339622,0.010930176168498184
4,21,0.010977818130072467,0.010929404115375737
4,22,0.010977775427790342,0.010928805933980549
4,23,0.01097774549708882,0.01092834140335139
4,24,0.010977724205270458,0.010927980006050641
4,25,0.010977708845664645,0.010927698440668427
4,26,0.010977697622081038,0.010927478823755193
4,27,0.010977689325586595,0.010927307372756163
4,28,0.010977683130368364,0.010927173429977155
4,29,0.010977678463725805,0.010927068731981645
4,30,0.010977674922481674,0.010926986858029317
4,31,0.010977672218655626,0.010926922810707744
4,32,0.010977670143728776,0.010926872695195631
4,33,0.010977668544824898,0.010926833472779967
4,34,0.010977667308608179,0.010926802770698116
4,35,0.010977666350235534,0.01092677873497343
4,36,0.010977665605662063,0.010926759916238107
4,37,0.010977665026201792,0.010926745180971954
4,38,0.010977664574627543,0.010926733642389993
4,39,0.010977664222337022,0.010926724606561597
4,40,0.010977663947268509,0.010926717530362841
4,41,0.010977663732351435,0.010926711988637369
4,42,0.010977663564343685,0.010926707648533466
4,43,0.010977663432952188,0.010926704249439395
4,44,0.01097766333016329,0.01092670158728977
4,45,0.010977663249729978,0.010926699502287142
4,46,0.010977663186777543,0.010926697869293223
4,47,0.010977663137499061,0.010926696590308036
4,48,0.010977663098919658,0.010926695588582357
4,49,0.010977663068713495,0.010926694804008317
4,50,0.010977663045061457,0.010926694189510297
4,51,0.010977663026540338,0.010926693708218815
4,52,0.010977663012036397,0.010926693331257543
4,53,0.01097766300067791,0.01092669303601019
4,54,0.010977662991782463,0.010926692804763369
4,55,0.010977662984815806,0.010926692623643534
4,56,0.010977662979359626,0.010926692481784654
4,57,0.010977662975086368,0.010926692370676129
4,58,0.010977662971739539,0.010926692283652261
4,59,0.010977662969118264,0.010926692215492266
4,60,0.010977662967065245,0.010926692162107066
4,61,0.010977662965457276,0.010926692120293976
4,62,0.01097766296419788,0.010926692087544553
4,63,0.010977662963211484,0.010926692061894085
4,64,0.010977662962438916,0.010926692041803762
4,65,0.01097766296183382,0.010926692026068338
4,66,0.010977662961359887,0.01092669201374382
4,67,0.010977662960988689,0.010926692004090834
4,68,0.010977662960697956,0.010926691996530288
4,69,0.01097766296047024,0.010926691990608606
4,70,0.010977662960291892,0.010926691985970525
4,71,0.0109776629601522,0.01092669198233784
4,72,0.010977662960042787,0.010926691979492593
4,73,0.010977662959957097,0.010926691977264102
4,74,0.010977662959889976,0.010926691975518665
4,75,0.010977662959837407,0.010926691974151583
4,76,0.010977662959796233,0.010926691973080833
4,77,0.010977662959763984,0.01092669197224219
4,78,0.010977662959738727,0.010926691971585328
4,79,0.010977662959718944,0.010926691971070851
4,80,0.010977662959703446,0.010926691970667894
4,81,0.01097766295969131,0.01092669197035229
4,82,0.010977662959681805,0.0109266919701051
4,83,0.010977662959674362,0.010926691969911488
4,84,0.010977662959668528,0.010926691969759846
4,85,0.010977662959663962,0.010926691969641075
4,86,0.010977662959660385,0.010926691969548052
4,87,0.010977662959657582,0.010926691969475199
4,88,0.010977662959655389,0.010926691969418124
4,89,0.01097766295965367,0.010926691969373431
4,90,0.010977662959652324,0.010926691969338426
4,91,0.010977662959651269,0.010926691969311
4,92,0.010977662959650445,0.010926691969289522
4,93,0.010977662959649796,0.010926691969272704
4,94,0.010977662959649291,0.01092669196925953
4,95,0.010977662959648892,0.010926691969249207
4,96,0.010977662959648584,0.010926691969241118
4,97,0.010977662959648339,0.01092669196923479
4,98,0.010977662959648147,0.010926691969229832
4,99,0.010977662959647997,0.010926691969225952
4,100,0.01097766295964788,0.010926691969222909
4,101,0.010977662959647793,0.010926691969220522
4,102,0.010977662959647716,0.010926691969218652
4,103,0.010977662959647663,0.010926691969217193
4,104,0.01097766295964762,0.010926691969216048
4,105,0.010977662959647584,0.01092669196921515
4,106,0.010977662959647558,0.010926691969214452
4,107,0.010977662959647536,0.010926691969213906
4,108,0.01097766295964752,0.010926691969213467
4,109,0.010977662959647505,0.010926691969213136
4,110,0.010977662959647496,0.01092669196921287
4,111,0.010977662959647489,0.010926691969212666
4,112,0.010977662959647479,0.010926691969212508
4,113,0.010977662959647479,0.01092669196921238
4,114,0.010977662959647475,0.010926691969212272
4,115,0.01097766295964747,0.010926691969212192
4,116,0.010977662959647468,0.010926691969212126
4,117,0.010977662959647465,0.010926691969212076
4,118,0.010977662959647465,0.010926691969212041
4,119,0.010977662959647465,0.010926691969212012
4,120,0.010977662959647463,0.01092669196921199
4,121,0.010977662959647463,0.010926691969211973
4,122,0.010977662959647463,0.010926691969211954
4,123,0.010977662959647461,0.01092669196921194
4,124,0.010977662959647461,0.010926691969211932
4,125,0.010977662959647461,0.010926691969211927
4,126,0.010977662959647461,0.010926691969211921
4,127,0.010977662959647461,0.010926691969211918
4,128,0.010977662959647458,0.010926691969211913
4,129,0.010977662959647461,0.010926691969211907
4,130,0.010977662959647461,0.010926691969211906
4,131,0.010977662959647461,0.010926691969211902
4,132,0.010977662959647461,0.010926691969211902
4,133,0.010977662959647461,0.0109266919692119
4,134,0.010977662959647461,0.010926691969211899
4,135,0.010977662959647461,0.010926691969211899
4,136,0.010977662959647458,0.010926691969211899
4,137,0.010977662959647461,0.010926691969211895
4,138,0.010977662959647458,0.010926691969211895
4,139,0.010977662959647461,0.010926691969211895
4,140,0.010977662959647461,0.010926691969211895
4,141,0.010977662959647461,0.010926691969211894
4,142,0.010977662959647458,0.010926691969211894
4,143,0.010977662959647461,0.010926691969211894
4,144,0.010977662959647461,0.010926691969211894
4,145,0.010977662959647461,0.010926691969211894
4,146,0.010977662959647461,0.010926691969211894
4,147,0.010977662959647461,0.010926691969211894
4,148,0.010977662959647461,0.010926691969211894
4,149,0.010977662959647461,0.010926691969211894
4,150,0.010977662959647461,0.01092669196921189
4,151,0.010977662959647461,0.010926691969211894
4,152,0.010977662959647461,0.010926691969211894
4,153,0.010977662959647461,0.010926691969211894
4,154,0.010977662959647461,0.010926691969211894
4,155,0.010977662959647461,0.010926691969211894
4,156,0.010977662959647461,0.010926691969211894
4,157,0.010977662959647461,0.010926691969211894
4,158,0.010977662959647461,0.010926691969211894
4,159,0.010977662959647461,0.010926691969211894
4,160,0.010977662959647461,0.010926691969211894
4,161,0.010977662959647461,0.010926691969211894
4,162,0.010977662959647461,0.010926691969211894
4,163,0.010977662959647461,0.010926691969211894
4,164,0.010977662959647461,0.010926691969211894
4,165,0.010977662959647461,0.010926691969211894
4,166,0.010977662959647461,0.010926691969211894
4,167,0.010977662959647461,0.010926691969211894
4,168,0.010977662959647461,0.010926691969211894
4,169,0.010977662959647461,0.010926691969211894
4,170,0.010977662959647461,0.010926691969211894
4,171,0.010977662959647461,0.010926691969211894
4,172,0.010977662959647461,0.010926691969211894
4,173,0.010977662959647461,0.010926691969211894
4,174,0.010977662959647461,0.010926691969211894
4,175,0.010977662959647461,0.010926691969211894
4,176,0.010977662959647461,0.010926691969211894
4,177,0.010977662959647461,0.010926691969211894
4,178,0.010977662959647461,0.010926691969211894
4,179,0.010977662959647461,0.010926691969211894
4,180,0.010977662959647461,0.010926691969211894
4,181,0.010977662959647461,0.010926691969211894
4,182,0.010977662959647461,0.010926691969211894
4,183,0.010977662959647461,0.010926691969211894
4,184,0.010977662959647461,0.010926691969211894
4,185,0.010977662959647461,0.010926691969211894
4,186,0.010977662959647461,0.010926691969211894
4,187,0.010977662959647461,0.010926691969211894
4,188,0.010977662959647461,0.010926691969211894
4,189,0.010977662959647461,0.010926691969211894
4,190,0.010977662959647461,0.010926691969211894
4,191,0.010977662959647461,0.010926691969211894
4,192,0.010977662959647461,0.010926691969211894
4,193,0.010977662959647461,0.010926691969211894
4,194,0.010977662959647461,0.010926691969211894
4,195,0.010977662959647461,0.010926691969211894
4,196,0.010977662959647461,0.010926691969211894
4,197,0.010977662959647461,0.010926691969211894
4,198,0.010977662959647461,0.010926691969211894
4,199,0.010977662959647461,0.010926691969211894
4,200,0.010977662959647461,0.010926691969211894
4,201,0.010977662959647461,0.010926691969211894
4,202,0.010977662959647461,0.010926691969211894
4,203,0.010977662959647461,0.010926691969211894
4,204,0.010977662959647461,0.010926691969211894
4,205,0.010977662959647461,0.010926691969211894
4,206,0.010977662959647461,0.010926691969211894
4,207,0.010977662959647461,0.010926691969211894
4,208,0.010977662959647461,0.010926691969211894
4,209,0.010977662959647461,0.010926691969211894
4,210,0.010977662959647461,0.010926691969211894
4,211,0.010977662959647461,0.010926691969211894
4,212,0.010977662959647461,0.010926691969211894
4,213,0.010977662959647461,0.010926691969211894
4,214,0.010977662959647461,0.010926691969211894
4,215,0.010977662959647461,0.010926691969211894
4,216,0.010977662959647461,0.010926691969211894
4,217,0.010977662959647461,0.010926691969211894
4,218,0.010977662959647461,0.010926691969211894
4,219,0.010977662959647461,0.010926691969211894
4,220,0.010977662959647461,0.010926691969211894
4,221,0.010977662959647461,0.010926691969211894
4,222,0.010977662959647461,0.010926691969211894
4,223,0.010977662959647461,0.010926691969211894
4,224,0.010977662959647461,0.010926691969211894
4,225,0.010977662959647461,0.010926691969211894
4,226,0.010977662959647461,0.010926691969211894
4,227,0.010977662959647461,0.010926691969211894
4,228,0.010977662959647461,0.010926691969211894
4,229,0.010977662959647461,0.010926691969211894
4,230,0.010977662959647461,0.010926691969211894
4,231,0.010977662959647461,0.010926691969211894
4,232,0.010977662959647461,0.010926691969211894
4,233,0.010977662959647461,0.010926691969211894
4,234,0.010977662959647461,0.010926691969211894
4,235,0.010977662959647461,0.010926691969211894
4,236,0.010977662959647461,0.010926691969211894
4,237,0.010977662959647461,0.010926691969211894
4,238,0.010977662959647461,0.010926691969211894
4,239,0.010977662959647461,0.010926691969211894
4,240,0.010977662959647461,0.010926691969211894
4,241,0.010977662959647461,0.010926691969211894
4,242,0.010977662959647461,0.010926691969211894
4,243,0.010977662959647461,0.010926691969211894
4,244,0.010977662959647461,0.010926691969211894
4,245,0.010977662959647461,0.010926691969211894
4,246,0.010977662959647461,0.010926691969211894
4,247,0.010977662959647461,0.010926691969211894
4,248,0.010977662959647461,0.010926691969211894
4,249,0.010977662959647461,0.010926691969211894
4,250,0.010977662959647461,0.010926691969211894
4,251,0.010977662959647461,0.010926691969211894
4,252,0.010977662959647461,0.010926691969211894
4,253,0.010977662959647461,0.010926691969211894
4,254,0.010977662959647461,0.010926691969211894
4,255,0.010977662959647461,0.010926691969211894
4,256,0.010977662959647461,0.010926691969211894
4,257,0.010977662959647461,0.010926691969211894
4,258,0.010977662959647461,0.010926691969211894
4,259,0.010977662959647461,0.010926691969211894
4,260,0.010977662959647461,0.010926691969211894
4,261,0.010977662959647461,0.010926691969211894
4,262,0.010977662959647461,0.010926691969211894
4,263,0.010977662959647461,0.010926691969211894
4,264,0.010977662959647461,0.010926691969211894
4,265,0.010977662959647461,0.010926691969211894
4,266,0.010977662959647461,0.010926691969211894
4,267,0.010977662959647461,0.010926691969211894
4,268,0.010977662959647461,0.010926691969211894
4,269,0.010977662959647461,0.010926691969211894
4,270,0.010977662959647461,0.010926691969211894
4,271,0.010977662959647461,0.010926691969211894
4,272,0.010977662959647461,0.010926691969211894
4,273,0.010977662959647461,0.010926691969211894
4,274,0.010977662959647461,0.010926691969211894
4,275,0.010977662959647461,0.010926691969211894
4,276,0.010977662959647461,0.010926691969211894
4,277,0.010977662959647461,0.010926691969211894
4,278,0.010977662959647461,0.010926691969211894
4,279,0.010977662959647461,0.010926691969211894
4,280,0.010977662959647461,0.010926691969211894
4,281,0.010977662959647461,0.010926691969211894
4,282,0.010977662959647461,0.010926691969211894
4,283,0.010977662959647461,0.010926691969211894
4,284,0.010977662959647461,0.010926691969211894
4,285,0.010977662959647461,0.010926691969211894
4,286,0.010977662959647461,0.010926691969211894
4,287,0.010977662959647461,0.010926691969211894
4,288,0.010977662959647461,0.010926691969211894
4,289,0.010977662959647461,0.010926691969211894
4,290,0.010977662959647461,0.010926691969211894
4,291,0.010977662959647461,0.010926691969211894
4,292,0.010977662959647461,0.010926691969211894
4,293,0.010977662959647461,0.010926691969211894
4,294,0.010977662959647461,0.010926691969211894
4,295,0.010977662959647461,0.010926691969211894
4,296,0.010977662959647461,0.010926691969211894
4,297,0.010977662959647461,0.010926691969211894
4,298,0.010977662959647461,0.010926691969211894
4,299,0.010977662959647461,0.010926691969211894
4,300,0.010977662959647461,0.010926691969211894
4,301,0.010977662959647461,0.010926691969211894
4,302,0.010977662959647461,0.010926691969211894
4,303,0.010977662959647461,0.010926691969211894
4,304,0.010977662959647461,0.010926691969211894
4,305,0.010977662959647461,0.010926691969211894
4,306,0.010977662959647461,0.010926691969211894
4,307,0.010977662959647461,0.010926691969211894
4,308,0.010977662959647461,0.010926691969211894
4,309,0.010977662959647461,0.010926691969211894
4,310,0.010977662959647461,0.010926691969211894
4,311,0.010977662959647461,0.010926691969211894
4,312,0.010977662959647461,0.010926691969211894
4,313,0.010977662959647461,0.010926691969211894
4,314,0.010977662959647461,0.010926691969211894
4,315,0.010977662959647461,0.010926691969211894
4,316,0.010977662959647461,0.010926691969211894
4,317,0.010977662959647461,0.010926691969211894
4,318,0.010977662959647461,0.010926691969211894
4,319,0.010977662959647461,0.010926691969211894
4,320,0.010977662959647461,0.010926691969211894
4,321,0.010977662959647461,0.010926691969211894
4,322,0.010977662959647461,0.010926691969211894
4,323,0.010977662959647461,0.010926691969211894
4,324,0.010977662959647461,0.010926691969211894
4,325,0.010977662959647461,0.010926691969211894
4,326,0.010977662959647461,0.010926691969211894
4,327,0.010977662959647461,0.010926691969211894
4,328,0.010977662959647461,0.010926691969211894
4,329,0.010977662959647461,0.010926691969211894
4,330,0.010977662959647461,0.010926691969211894
4,331,0.010977662959647461,0.010926691969211894
4,332,0.010977662959647461,0.010926691969211894
4,333,0.010977662959647461,0.010926691969211894
4,334,0.010977662959647461,0.010926691969211894
4,335,0.010977662959647461,0.010926691969211894
4,336,0.010977662959647461,0.010926691969211894
4,337,0.010977662959647461,0.010926691969211894
4,338,0.010977662959647461,0.010926691969211894
4,339,0.010977662959647461,0.010926691969211894
4,340,0.010977662959647461,0.010926691969211894
4,341,0.010977662959647461,0.010926691969211894
4,342,0.010977662959647461,0.010926691969211894
4,343,0.010977662959647461,0.010926691969211894
4,344,0.010977662959647461,0.010926691969211894
4,345,0.010977662959647461,0.010926691969211894
4,346,0.010977662959647461,0.010926691969211894
4,347,0.010977662959647461,0.010926691969211894
4,348,0.010977662959647461,0.010926691969211894
4,349,0.010977662959647461,0.010926691969211894
4,350,0.010977662959647461,0.010926691969211894
4,351,0.010977662959647461,0.010926691969211894
4,352,0.010977662959647461,0.010926691969211894
4,353,0.010977662959647461,0.010926691969211894
4,354,0.010977662959647461,0.010926691969211894
4,355,0.010977662959647461,0.010926691969211894
4,356,0.010977662959647461,0.010926691969211894
4,357,0.010977662959647461,0.010926691969211894
4,358,0.010977662959647461,0.010926691969211894
4,359,0.010977662959647461,0.010926691969211894
4,360,0.010977662959647461,0.010926691969211894
4,361,0.010977662959647461,0.010926691969211894
4,362,0.010977662959647461,0.010926691969211894
4,363,0.010977662959647461,0.010926691969211894
4,364,0.010977662959647461,0.010926691969211894
4,365,0.010977662959647461,0.010926691969211894
4,366,0.010977662959647461,0.010926691969211894
4,367,0.010977662959647461,0.010926691969211894
4,368,0.010977662959647461,0.010926691969211894
4,369,0.010977662959647461,0.010926691969211894
4,370,0.010977662959647461,0.010926691969211894
4,371,0.010977662959647461,0.010926691969211894
4,372,0.010977662959647461,0.010926691969211894
4,373,0.010977662959647461,0.010926691969211894
4,374,0.010977662959647461,0.010926691969211894
4,375,0.010977662959647461,0.010926691969211894
4,376,0.010977662959647461,0.010926691969211894
4,377,0.010977662959647461,0.010926691969211894
4,378,0.010977662959647461,0.010926691969211894
4,379,0.010977662959647461,0.010926691969211894
4,380,0.010977662959647461,0.010926691969211894
4,381,0.010977662959647461,0.010926691969211894
4,382,0.010977662959647461,0.010926691969211894
4,383,0.010977662959647461,0.010926691969211894
4,384,0.010977662959647461,0.010926691969211894
4,385,0.010977662959647461,0.010926691969211894
4,386,0.010977662959647461,0.010926691969211894
4,387,0.010977662959647461,0.010926691969211894
4,388,0.010977662959647461,0.010926691969211894
4,389,0.010977662959647461,0.010926691969211894
4,390,0.010977662959647461,0.010926691969211894
4,391,0.010977662959647461,0.010926691969211894
4,392,0.010977662959647461,0.010926691969211894
4,393,0.010977662959647461,0.010926691969211894
4,394,0.010977662959647461,0.010926691969211894
4,395,0.010977662959647461,0.010926691969211894
4,396,0.010977662959647461,0.010926691969211894
4,397,0.010977662959647461,0.010926691969211894
4,398,0.010977662959647461,0.010926691969211894
4,399,0.010977662959647461,0.010926691969211894
4,400,0.010977662959647461,0.010926691969211894
4,401,0.010977662959647461,0.010926691969211894
4,402,0.010977662959647461,0.010926691969211894
4,403,0.010977662959647461,0.010926691969211894
4,404,0.010977662959647461,0.010926691969211894
4,405,0.010977662959647461,0.010926691969211894
4,406,0.010977662959647461,0.010926691969211894
4,407,0.010977662959647461,0.010926691969211894
4,408,0.010977662959647461,0.010926691969211894
4,409,0.010977662959647461,0.010926691969211894
4,410,0.010977662959647461,0.010926691969211894
4,411,0.010977662959647461,0.010926691969211894
4,412,0.010977662959647461,0.010926691969211894
4,413,0.010977662959647461,0.010926691969211894
4,414,0.010977662959647461,0.010926691969211894
4,415,0.010977662959647461,0.010926691969211894
4,416,0.010977662959647461,0.010926691969211894
4,417,0.010977662959647461,0.010926691969211894
4,418,0.010977662959647461,0.010926691969211894
4,419,0.010977662959647461,0.010926691969211894
4,420,0.010977662959647461,0.010926691969211894
4,421,0.010977662959647461,0.010926691969211894
4,422,0.010977662959647461,0.010926691969211894
4,423,0.010977662959647461,0.010926691969211894
4,424,0.010977662959647461,0.010926691969211894
4,425,0.010977662959647461,0.010926691969211894
4,426,0.010977662959647461,0.010926691969211894
4,427,0.010977662959647461,0.010926691969211894
4,428,0.010977662959647461,0.010926691969211894
4,429,0.010977662959647461,0.010926691969211894
4,430,0.010977662959647461,0.010926691969211894
4,431,0.010977662959647461,0.010926691969211894
4,432,0.010977662959647461,0.010926691969211894
4,433,0.010977662959647461,0.010926691969211894
4,434,0.010977662959647461,0.010926691969211894
4,435,0.010977662959647461,0.010926691969211894
4,436,0.010977662959647461,0.010926691969211894
4,437,0.010977662959647461,0.010926691969211894
4,438,0.010977662959647461,0.010926691969211894
4,439,0.010977662959647461,0.010926691969211894
4,440,0.010977662959647461,0.010926691969211894
4,441,0.010977662959647461,0.010926691969211894
4,442,0.010977662959647461,0.010926691969211894
4,443,0.010977662959647461,0.010926691969211894
4,444,0.010977662959647461,0.010926691969211894
4,445,0.010977662959647461,0.010926691969211894
4,446,0.010977662959647461,0.010926691969211894
4,447,0.010977662959647461,0.010926691969211894
4,448,0.010977662959647461,0.010926691969211894
4,449,0.010977662959647461,0.010926691969211894
4,450,0.010977662959647461,0.010926691969211894
4,451,0.010977662959647461,0.010926691969211894
4,452,0.010977662959647461,0.010926691969211894
4,453,0.010977662959647461,0.010926691969211894
4,454,0.010977662959647461,0.010926691969211894
4,455,0.010977662959647461,0.010926691969211894
4,456,0.010977662959647461,0.010926691969211894
4,457,0.010977662959647461,0.010926691969211894
4,458,0.010977662959647461,0.010926691969211894
4,459,0.010977662959647461,0.010926691969211894
4,460,0.010977662959647461,0.010926691969211894
4,461,0.010977662959647461,0.010926691969211894
4,462,0.010977662959647461,0.010926691969211894
4,463,0.010977662959647461,0.010926691969211894
4,464,0.010977662959647461,0.010926691969211894
4,465,0.010977662959647461,0.010926691969211894
4,466,0.010977662959647461,0.010926691969211894
4,467,0.010977662959647461,0.010926691969211894
4,468,0.010977662959647461,0.010926691969211894
4,469,0.010977662959647461,0.010926691969211894
4,470,0.010977662959647461,0.010926691969211894
4,471,0.010977662959647461,0.010926691969211894
4,472,0.010977662959647461,0.010926691969211894
4,473,0.010977662959647461,0.010926691969211894
4,474,0.010977662959647461,0.010926691969211894
4,475,0.010977662959647461,0.010926691969211894
4,476,0.010977662959647461,0.010926691969211894
4,477,0.010977662959647461,0.010926691969211894
4,478,0.010977662959647461,0.010926691969211894
4,479,0.010977662959647461,0.010926691969211894
4,480,0.010977662959647461,0.010926691969211894
4,481,0.010977662959647461,0.010926691969211894
4,482,0.010977662959647461,0.010926691969211894
4,483,0.010977662959647461,0.010926691969211894
4,484,0.010977662959647461,0.010926691969211894
4,485,0.010977662959647461,0.010926691969211894
4,486,0.010977662959647461,0.010926691969211894
4,487,0.010977662959647461,0.010926691969211894
4,488,0.010977662959647461,0.010926691969211894
4,489,0.010977662959647461,0.010926691969211894
4,490,0.010977662959647461,0.010926691969211894
4,491,0.010977662959647461,0.010926691969211894
4,492,0.010977662959647461,0.010926691969211894
4,493,0.010977662959647461,0.010926691969211894
4,494,0.010977662959647461,0.010926691969211894
4,495,0.010977662959647461,0.010926691969211894
4,496,0.010977662959647461,0.010926691969211894
4,497,0.010977662959647461,0.010926691969211894
4,498,0.010977662959647461,0.010926691969211894
4,499,0.010977662959647461,0.010926691969211894
