fold,row_id,y_bigmodel,flagged_fraud,score
0,6244,0.939329,1,0.8948700388832165
0,6318,0.903478,1,0.9299049244955118
0,447,0.990791,1,0.9887723649832999
0,4794,0.995423,1,0.9935588436071614
0,3667,0.904885,1,0.8175653166714715
0,2777,0.880011,1,0.9316786373008826
0,2176,0.968782,1,0.9556174409748146
0,40,1.0,1,0.9999998866729247
0,339,0.999991,1,0.9999378002150022
0,2674,0.993619,1,0.9898898419375483
0,4373,0.999024,1,0.997966551100847
0,2708,0.999927,1,0.9998257724212475
0,6105,0.998787,1,0.9944666887457827
0,784,0.984276,1,0.9659532547402098
0,7480,0.999997,1,0.9999563055024345
0,7084,0.99974,1,0.9993196694784735
0,2753,1.0,1,0.9999993342080412
0,1019,0.867909,1,0.8896796220281129
0,5880,0.993358,1,0.9761597321407358
0,2989,0.932299,1,0.9143524854172417
0,7353,0.869947,1,0.8925056677129284
0,2483,0.975652,1,0.9371179038542934
0,196,0.947966,1,0.952552453755769
0,3866,0.97509,1,0.9824460537235761
0,4027,0.864413,1,0.9012581829214799
0,2897,0.998956,1,0.9973052908078957
0,1126,0.903082,1,0.8978981005457759
0,4444,0.999013,1,0.9969175669357766
0,6077,0.999243,1,0.9973755483528229
0,4178,0.915886,1,0.9273564654988523
0,4344,0.954866,1,0.9005265677488308
0,1420,0.999994,1,0.99997227172901
0,5862,0.999769,1,0.999202210010318
0,5964,0.999723,1,0.9994388816241782
0,2011,0.999899,1,0.9995712312535008
0,2622,0.999957,1,0.9997949025558535
0,7408,0.999948,1,0.9997501786947707
0,5529,0.999999,1,0.9999980984952013
0,7113,0.994636,1,0.987108897580273
0,7167,0.984683,1,0.9866596439215973
0,750,0.990429,1,0.9802870624340264
0,7476,0.997886,1,0.9960837535388071
0,5563,0.999986,1,0.999945264746921
0,1766,0.999781,1,0.9991195349005909
0,2992,0.998264,1,0.9956058633425819
0,7280,0.994459,1,0.9942466843713232
0,7118,1.0,1,0.9999999946817908
0,2571,0.998264,1,0.9941228954305461
0,4988,1.0,1,0.999999509998945
0,1938,0.999999,1,0.9999945405174819
0,4850,0.997304,1,0.9955672222949478
0,545,0.979302,1,0.9660581392017682
0,3015,0.999346,1,0.9980824985240782
0,352,1.0,1,0.9999986182106044
0,4437,0.999609,1,0.9994721698630674
0,3662,0.878583,1,0.9056056675094933
0,584,0.996801,1,0.9883596698182656
0,4877,0.996877,1,0.9882274623198961
0,2127,0.938348,1,0.9024917486695535
0,621,0.999615,1,0.9990444369701648
0,1260,0.923837,1,0.8363061756274074
0,7067,0.999054,1,0.9957250719860266
0,3479,0.999998,1,0.999992005399257
0,7432,0.988581,1,0.9677721355866957
0,2652,0.999643,1,0.9991267551245568
0,6127,0.99849,1,0.994526257178405
0,3220,0.998037,1,0.9932175572962854
0,1364,0.874149,1,0.7451157792873577
0,3751,0.992251,1,0.9846016606211636
0,160,0.959728,1,0.9656713422206115
0,1023,0.968831,1,0.920235115832866
0,4993,0.996604,1,0.9968187649816863
0,2473,0.999038,1,0.9961674231955681
0,6,0.999576,1,0.9983063848886907
0,4662,0.851319,1,0.6480335869953817
0,5351,0.991697,1,0.989956280027555
0,5225,0.997976,1,0.9941888946227715
0,1323,0.899905,1,0.7252062958656184
0,7203,0.995894,1,0.9844869458641811
0,2159,0.990538,1,0.9878608854621836
0,1800,0.999999,1,0.9999913607144
0,2412,0.999997,1,0.9999802092037535
0,7235,0.895699,1,0.9779864545450998
0,1687,0.999773,1,0.9996706269922576
0,769,0.99998,1,0.9998370418119955
0,5965,0.997998,1,0.9933103879064706
0,32,0.992361,1,0.9934177020187173
0,4600,0.991182,1,0.9773745229157136
0,3621,0.987378,1,0.9662988306274003
0,89,0.999419,1,0.999172735525161
0,3632,0.997249,1,0.9922036985559635
0,6412,0.997566,1,0.9923694656987236
0,1675,0.990883,1,0.9890220818193389
0,1621,0.998845,1,0.9964261710207919
0,222,0.979933,1,0.9883624720853574
0,2295,0.998665,1,0.997988348197653
0,3053,1.0,1,0.9999996678941593
0,1137,0.953752,1,0.9782946428757201
0,1361,0.999063,1,0.9920484082723292
0,6545,0.999996,1,0.9999786651323184
0,1597,0.99999,1,0.9998525427749969
0,2387,0.891413,1,0.8950820967210917
0,807,0.999996,1,0.9999721558821659
0,5135,0.985852,1,0.9777755803305278
0,4433,0.999981,1,0.999919953421037
0,3334,0.969097,1,0.951306613084808
0,836,1.0,1,0.9999987394262736
0,7499,0.999443,1,0.9952141942476693
0,4853,0.999974,1,0.9997142005548291
0,7098,0.887982,1,0.9506885043739394
0,2587,0.999469,1,0.9992862995212598
0,2569,0.993468,1,0.989881710632926
0,1929,0.990957,1,0.9875141155290313
0,1047,0.998043,1,0.9953819803824407
0,840,0.931172,1,0.9372092692175592
0,4836,0.910513,1,0.9452148428709959
0,2060,0.885087,1,0.8576385970165852
0,1212,0.939912,1,0.9383008675903632
0,5010,0.999923,1,0.9997406610360745
0,58,0.996866,1,0.9874549994796127
0,867,0.999901,1,0.9998040919331547
0,4672,0.994534,1,0.9829442127523612
0,3470,1.0,1,0.9999999979182077
0,4695,0.874787,1,0.8589091543416225
0,7425,0.883801,1,0.9060571727696356
0,6253,1.0,1,0.9999999204437943
0,2210,0.999586,1,0.9991681249005587
0,4153,0.868426,1,0.9011933709071538
0,3888,0.997327,1,0.997232320108702
0,6954,0.999976,1,0.9998988426372151
0,5846,0.99999,1,0.9999701823425589
0,947,0.999411,1,0.9983351138868816
0,5661,0.996101,1,0.9834855654682626
0,7079,0.992376,1,0.9838978717934611
0,6179,0.868594,1,0.8187796036886191
0,2251,0.9027,1,0.8489153736873676
0,237,1.0,1,0.9999966985239874
0,4808,0.998877,1,0.9974625682083249
0,2181,0.994957,1,0.9942114938516724
0,4206,0.886752,1,0.9390263759167105
0,1033,0.999987,1,0.9998923791970892
0,6426,0.999916,1,0.9993503099709375
0,3429,0.865263,1,0.8589846387660326
0,6875,0.991308,1,0.985453941058723
0,330,0.996147,1,0.9914551846623989
0,6963,1.0,1,0.9999999997511133
0,4445,0.999944,1,0.9994730849118669
0,401,0.999998,1,0.9999923050758551
0,1854,0.999906,1,0.9998737903889466
0,6689,0.994511,1,0.9957414037974234
0,5993,0.863258,1,0.8473238653468136
0,4876,0.999438,1,0.9973673466582458
0,2187,0.956964,1,0.9723607227191933
0,4863,0.979135,1,0.9633318097583989
0,4212,0.995874,1,0.9931227607611236
0,2591,0.999951,1,0.9998828085689127
0,3049,0.998716,1,0.9951290853832229
0,3123,0.999831,1,0.9996359933936754
0,1455,0.864832,1,0.8682824158569994
0,219,0.947329,1,0.9520395851566759
0,3593,0.987438,1,0.9741730030923117
0,4825,0.87119,1,0.9850512635943671
0,6818,0.989344,1,0.9872132540778666
0,2783,0.993315,1,0.9938272521909591
0,7325,0.999286,1,0.9973455026961818
0,3077,0.982707,1,0.8436709961048193
0,3519,0.99808,1,0.9969539088243414
0,4096,0.999997,1,0.9999922451681678
0,5317,0.982591,1,0.9677606300855599
0,6739,0.991829,1,0.9610609931634214
0,6002,0.999997,1,0.9999745359769131
0,3003,0.999725,1,0.9993700843579897
0,2455,0.989684,1,0.9952371888123598
0,892,0.952012,1,0.8939971060307843
0,5863,0.216297,0,0.34514520114171243
0,3133,0.290888,0,0.32977549590722066
0,3238,0.424439,0,0.34047377525248934
0,655,0.141269,0,0.36232242112317914
0,1018,0.263177,0,0.3524666475210928
0,2285,0.025857,0,0.03430480915138738
0,5640,0.474876,0,0.4342866142123996
0,2881,0.689711,0,0.35018610812787704
0,5959,0.759727,0,0.6501819923819669
0,170,0.010271,0,0.05489107414376582
0,579,0.11825,0,0.21333766972728346
0,2386,0.561677,0,0.3866875104610876
0,4941,0.485003,0,0.32798838218394183
0,771,0.528145,0,0.5252903805929006
0,4955,0.113676,0,0.11844683982972307
0,1086,0.261216,0,0.21386413683594827
0,6776,0.092315,0,0.1598822068332851
0,221,0.091491,0,0.1974200840891517
0,3688,0.811012,0,0.8002286497630478
0,2826,0.277786,0,0.2806228372351251
0,5981,0.010201,0,0.01796572135966748
0,2075,0.319591,0,0.29471346086930106
0,5110,0.614329,0,0.32895982411758906
0,3232,0.327737,0,0.35150642065232734
0,6456,0.061673,0,0.15266999722214053
0,4291,0.004923,0,0.03615173209038694
0,732,0.108737,0,0.27456903544156275
0,66,0.507885,0,0.6137515676726355
0,4459,0.275326,0,0.34959105156145304
0,1196,0.199378,0,0.11013675234510015
0,4242,0.332329,0,0.3291938112364371
0,2442,0.116202,0,0.13532599015540375
0,6833,0.631441,0,0.5884351482936231
0,2276,0.275042,0,0.28717618553402086
0,3136,0.179433,0,0.27930626877201176
0,895,0.836184,0,0.7085759457521281
0,5207,0.448163,0,0.36909617247537757
0,2355,0.453947,0,0.4127371744726793
0,1415,0.115178,0,0.13996817041815385
0,1569,0.514016,0,0.4276171695688095
0,3822,0.683495,0,0.5621986915759785
0,4685,0.397618,0,0.5428994190082087
0,4463,0.312364,0,0.29640475184619003
0,3527,0.254133,0,0.2757515865926316
0,4303,0.017618,0,0.054499342389986764
0,1272,0.056612,0,0.23080635528497756
0,7022,0.598827,0,0.3131806087396391
0,6991,0.528884,0,0.4336872202692534
0,3815,0.148986,0,0.06496352379846984
0,7238,0.071298,0,0.19697590546513538
0,5294,0.074887,0,0.06678802656183706
0,720,0.561416,0,0.6183539949122511
0,5767,0.627346,0,0.593809884475793
0,5278,0.480851,0,0.5846198886406101
0,2128,0.432067,0,0.38284758720395484
0,697,0.168018,0,0.21882816158242502
0,6942,0.088247,0,0.08739563752211243
0,7486,0.347048,0,0.25050436096696566
0,1161,0.218838,0,0.22857352095364797
0,7196,0.067742,0,0.10971545497281243
0,5336,0.665598,0,0.4244855354334934
0,1599,0.151774,0,0.26856032718762635
0,5829,0.375277,0,0.29496254425675483
0,6408,0.156369,0,0.11948570597699637
0,5411,0.410718,0,0.5124306409397411
0,4271,0.182977,0,0.31553523238298303
0,6027,0.123973,0,0.11976556605976302
0,3105,0.099654,0,0.059865545979618365
0,4711,0.04238,0,0.09906432410844651
0,2698,0.377408,0,0.39205439983237234
0,2296,0.268297,0,0.37904834556402806
0,7141,0.197283,0,0.34865980240026134
0,2853,0.337241,0,0.25440960058678175
0,4920,0.042892,0,0.1136020787008164
0,6636,0.212449,0,0.280837992167578
0,1106,0.205339,0,0.2930828343193173
0,1408,0.437853,0,0.19377805533475354
0,5489,0.064468,0,0.07712271147299056
0,3262,0.128094,0,0.14846549678208532
0,255,0.224004,0,0.3755435834800968
0,862,0.574914,0,0.5464813737734528
0,6021,0.191889,0,0.23872377509654152
0,7338,0.548796,0,0.5327817290636292
0,952,0.091513,0,0.09741709969410328
0,6660,0.053576,0,0.055160076560845546
0,30,0.338173,0,0.4330249075911506
0,5537,0.769119,0,0.786031973499172
0,1526,0.427098,0,0.5911115266404096
0,4893,0.434264,0,0.4413774957059232
0,5524,0.161093,0,0.18024300728446985
0,5368,0.369489,0,0.3680929948574963
0,3081,0.707451,0,0.4740036930408037
0,3916,0.469752,0,0.485729378849538
0,3066,0.273286,0,0.1410268094459334
0,6642,0.058436,0,0.05136981635077456
0,3242,0.403241,0,0.36427033903452477
0,4958,0.048333,0,0.06807021840152488
0,1911,0.034208,0,0.08139159766871129
0,6340,0.213058,0,0.24717953070363324
0,7300,0.742216,0,0.7374725339710757
0,4125,0.351974,0,0.22561831502596266
0,7040,0.332139,0,0.4566677015632996
0,2405,0.467174,0,0.3358686147284799
0,626,0.593046,0,0.6168655326925518
0,2905,0.272909,0,0.45500517382969186
0,489,0.350151,0,0.4027257038516792
0,5101,0.301669,0,0.31584575764299766
0,2241,0.722304,0,0.6766353849495422
0,7108,0.264096,0,0.16683015446162427
0,884,0.016809,0,0.016844551331593023
0,2670,0.548853,0,0.48234837650295853
0,4033,0.224728,0,0.21274619587190094
0,3954,0.252245,0,0.5822321905157868
0,2561,0.477501,0,0.44556721304933766
0,3375,0.162426,0,0.37205475712703506
0,6278,0.433417,0,0.49138871973107484
0,5491,0.373273,0,0.25599912719287554
0,5382,0.132347,0,0.2444948728330117
0,2208,0.464147,0,0.7116651116925554
0,2053,0.698077,0,0.6178275508826346
0,6842,0.54731,0,0.5256680877327639
0,3694,0.247429,0,0.38048409278593115
0,4593,0.03977,0,0.06854604322778543
0,5602,0.401006,0,0.3743057276614028
0,5148,0.303804,0,0.2332427270257562
0,6677,0.454697,0,0.5316946944928732
0,3652,0.390342,0,0.3162679427647087
0,7166,0.25977,0,0.3545160101731425
0,2958,0.216227,0,0.2045357544309505
0,4026,0.06445,0,0.11118487005392752
0,6453,0.512642,0,0.42517375074760455
0,3416,0.097872,0,0.22109932590860493
0,2576,0.494532,0,0.41449309967848563
0,1191,0.80465,0,0.7888689058622105
0,5296,0.087859,0,0.24932960795739126
0,1170,0.294359,0,0.3803458720461843
0,2767,0.829448,0,0.6916640677203385
0,5377,0.220224,0,0.04154657011379932
0,5281,0.255221,0,0.2859764169895886
0,7265,0.158648,0,0.2798556528200412
0,3830,0.034141,0,0.07874927824282531
0,6025,0.04569,0,0.07794370719078439
0,4715,0.234396,0,0.20089711940468388
0,3935,0.336199,0,0.3148135133763375
0,6171,0.085955,0,0.08031282841829962
0,6978,0.442986,0,0.4060792866646595
0,6003,0.18575,0,0.2989191160243821
0,4569,0.15011,0,0.3534372893675227
0,5117,0.593127,0,0.6706517298582928
0,2404,0.248664,0,0.1268535463710784
0,7175,0.06284,0,0.09758051072555918
0,4776,0.276725,0,0.1871874525204873
0,3741,0.073524,0,0.14812458876390036
0,3949,0.152729,0,0.23854231306519372
0,5845,0.519812,0,0.5450667139823457
0,4337,0.707347,0,0.7851449062947072
0,5811,0.216525,0,0.31924539524348844
0,2792,0.55866,0,0.697439067728032
0,4112,0.390221,0,0.25703747374198205
0,3091,0.526295,0,0.4661287707739805
0,57,0.126066,0,0.3655644688211193
0,2744,0.196246,0,0.33841879601967395
0,4697,0.455292,0,0.4365513065913138
0,6094,0.176028,0,0.2436605916247167
0,1853,0.626616,0,0.7006993395393003
0,7179,0.213681,0,0.12283857252185311
0,2042,0.782768,0,0.7634742215865121
0,2917,0.70658,0,0.3774122362818395
0,5659,0.813428,0,0.4930988282305636
0,5708,0.197298,0,0.28094835756095193
0,4647,0.144637,0,0.15067836763652134
0,5160,0.0016,0,0.005516512128022626
0,7184,0.443473,0,0.5028782669248043
0,2101,0.715195,0,0.67826931862345
0,5176,0.676534,0,0.5956380449252854
0,4603,0.175677,0,0.15167673415217275
0,39,0.461048,0,0.34176977028640515
0,5283,0.526651,0,0.4881380483959937
0,6585,0.081345,0,0.1554555658647707
0,7088,0.028654,0,0.04546738081875196
0,3131,0.725796,0,0.5748222448387067
0,1584,0.242173,0,0.1346309486583454
0,1391,0.461494,0,0.46215757616440745
0,5783,0.101965,0,0.13659323402443374
0,4230,0.115629,0,0.19759793561863218
0,4410,0.15919,0,0.09825307693877003
0,5217,0.162915,0,0.2361238776257398
0,361,0.613076,0,0.3964278259100576
0,3088,0.436978,0,0.47555500414635343
0,1319,0.764853,0,0.6061745293077944
0,106,0.175388,0,0.23677142705062146
0,6846,0.336114,0,0.28144407455597553
0,6195,0.790759,0,0.9351638316393722
0,4654,0.817836,0,0.7171715727730877
0,2814,0.668139,0,0.6407788159511212
0,5083,0.070402,0,0.11521991734644249
0,169,0.350984,0,0.18501364088893674
0,356,0.602038,0,0.5078857375782975
0,7320,0.055029,0,0.07676289126829175
0,6121,0.385571,0,0.5318693480341184
0,1691,0.483283,0,0.41405236893599423
0,3193,0.166939,0,0.20410813600854005
0,1083,0.600986,0,0.6275814991249181
0,1581,0.217658,0,0.2430219941795798
0,4551,0.128517,0,0.2844866788069874
0,3458,0.640737,0,0.2786169840327037
0,3111,0.513738,0,0.5332611086302149
0,187,0.568719,0,0.5925323300823064
0,3428,0.096989,0,0.08340683562059932
0,324,0.734843,0,0.5650879294781244
0,4022,0.051869,0,0.1331674407329322
0,1728,0.470021,0,0.8700864725115321
0,2190,0.058729,0,0.24444909482276686
0,481,0.31523,0,0.4110893421329694
0,5536,0.469451,0,0.4583144452164013
0,1226,0.658011,0,0.7258192245106528
0,1022,0.007167,0,0.04663553329861073
0,5198,0.355409,0,0.28048904139832026
0,6836,0.786626,0,0.8649237200070251
0,6226,0.004468,0,0.014442027589434171
0,1890,0.07933,0,0.1498953690881745
0,7239,0.238331,0,0.2308672124657567
0,1370,0.176416,0,0.3839154137735997
0,2782,0.706669,0,0.563072165842133
0,2623,0.19034,0,0.22366594910004828
0,6989,0.036745,0,0.12218774779382123
0,4716,0.209726,0,0.2003002363133356
0,3581,0.76163,0,0.6842561150903982
0,2590,0.234017,0,0.14588968453363063
0,7252,0.068087,0,0.11309594959467938
0,5156,0.443148,0,0.4592187269947066
0,835,0.514618,0,0.2197808568382235
0,1378,0.466567,0,0.48520160394075607
0,5081,0.338455,0,0.3109938904760911
0,5456,0.818726,0,0.8652461097188424
0,2007,0.609293,0,0.5023876812952669
0,2840,0.526424,0,0.3827253381408144
0,6941,0.447276,0,0.4525640581088847
0,1857,0.188126,0,0.15531068661309944
0,3938,0.075312,0,0.10844644759889782
0,1400,0.129607,0,0.17256679127125663
0,2845,0.847141,0,0.8996833903632638
0,6535,0.246212,0,0.2549165984737675
0,652,0.564647,0,0.3421561081064428
0,3248,0.310647,0,0.18558198551075683
0,5730,0.737022,0,0.7733850425239379
0,4352,0.108656,0,0.13969110662476436
0,2516,0.627175,0,0.7083134915980427
0,5295,0.181775,0,0.2071226123211555
0,5996,0.619622,0,0.40916555972793445
0,5284,0.32592,0,0.3466990058343005
0,1468,0.435336,0,0.6645567822156805
0,2438,0.826625,0,0.8667105204214851
0,4694,0.778428,0,0.7258145310949309
0,1734,0.027403,0,0.021505292953366246
0,47,0.683085,0,0.57640335827957
0,3546,0.060602,0,0.06422916652869755
0,2484,0.439155,0,0.2959758446999973
0,6106,0.489676,0,0.324345042666894
0,5871,0.017445,0,0.027076809942935733
0,4957,0.109354,0,0.20025561263348007
0,6180,0.151832,0,0.14114005234382065
0,3606,0.737985,0,0.6503212469461793
0,1579,0.508103,0,0.43929416756537554
0,6284,0.404665,0,0.6005333575893427
0,6675,0.237321,0,0.18974502120243128
0,7475,0.230623,0,0.2147729043191603
0,932,0.171805,0,0.23952878619195525
0,105,0.242504,0,0.20208803128616076
0,5899,0.414878,0,0.9864167339384046
0,7106,0.344928,0,0.3858196913483094
0,1780,0.404946,0,0.48884950515516495
0,151,0.431634,0,0.4660982938535245
0,85,0.75007,0,0.6404795365803749
0,6729,0.090691,0,0.12316995743618175
0,880,0.813383,0,0.6771323936656746
0,3713,0.245228,0,0.2502854672294159
0,1932,0.217698,0,0.44477102675397573
0,5608,0.611897,0,0.9291679815017684
0,2979,0.314099,0,0.2441008667305942
0,6455,0.484238,0,0.5640958681447701
0,3206,0.600822,0,0.36559461857890696
0,4010,0.301443,0,0.22705923363043395
0,4526,0.845034,0,0.5858568829464681
0,4644,0.274948,0,0.17449496040813461
0,540,0.663851,0,0.47692687274485623
0,3385,0.06638,0,0.08780965552498396
0,3101,0.298051,0,0.43776985521563605
0,2212,0.397955,0,0.39158469518191363
0,5784,0.231648,0,0.19186054352993173
0,5001,0.242577,0,0.26491883736445826
0,2524,0.272264,0,0.28150316674604564
0,204,0.232964,0,0.2730515902000621
0,4978,0.516334,0,0.5820438693909656
0,747,0.294906,0,0.21011004847271283
0,6055,0.329069,0,0.5796953452705302
0,6341,0.390067,0,0.4503886899900966
0,3025,0.239968,0,0.1378084871498068
0,2192,0.29305,0,0.3144082288358512
0,408,0.353721,0,0.3639120139091732
0,3744,0.158469,0,0.3230511827869618
0,2115,0.088397,0,0.1506605733945051
0,709,0.274781,0,0.3082540143185843
0,3055,0.451974,0,0.30180353874409
0,6160,0.802865,0,0.8537360950048516
0,4351,0.483131,0,0.4198287502036623
0,7269,0.613162,0,0.5044616042330781
0,6918,0.499801,0,0.3102043043720971
0,6805,0.807878,0,0.8567054071784785
0,6058,0.069667,0,0.06830874325070302
0,6152,0.733406,0,0.49368220383566974
0,3399,0.242217,0,0.2711953975204521
0,4866,0.424779,0,0.417132539466059
0,3204,0.087402,0,0.15132711064133064
0,2606,0.432969,0,0.4583038194875925
0,2032,0.133876,0,0.3177126681033169
0,5183,0.25866,0,0.3305141705172025
0,4037,0.77323,0,0.4590660165731417
0,3611,0.031221,0,0.08928584300631476
0,3877,0.53523,0,0.5230250186692174
0,4353,0.109914,0,0.18094414689236277
0,5323,0.228598,0,0.19711108169018937
0,2575,0.102636,0,0.18780239694686054
0,3275,0.201904,0,0.24323543738514225
0,4677,0.498722,0,0.4131302234852139
0,2851,0.387545,0,0.8946628237969633
0,7315,0.673229,0,0.44877604192632425
0,4630,0.588501,0,0.3387084960419084
0,166,0.125329,0,0.20202936881833336
0,1382,0.289423,0,0.269186749034385
0,1655,0.539015,0,0.43423902110467916
0,2168,0.161309,0,0.3738627881994337
0,1628,0.788705,0,0.7822924769471499
0,4859,0.714366,0,0.5525793398137718
0,3692,0.151091,0,0.09572486335979931
0,421,0.236146,0,0.2682930363593598
0,1024,0.08834,0,0.21421145867596647
0,4624,0.757172,0,0.7629120906851928
0,1827,0.243336,0,0.221099229416672
0,2005,0.174194,0,0.18981083485574782
0,5620,0.556018,0,0.6037865656159732
0,6268,0.844203,0,0.7585615597393415
0,6625,0.744872,0,0.7224185199290561
0,4240,0.075481,0,0.11274818381336965
0,1565,0.400949,0,0.37374880014058964
0,4529,0.099658,0,0.1686263466281265
0,5193,0.193014,0,0.266410045267124
0,1301,0.84635,0,0.978218402027766
0,6188,0.452182,0,0.5026208148147874
0,2432,0.693393,0,0.5353516312696804
0,721,0.788046,0,0.859267070951203
0,1717,0.390941,0,0.2634299352281088
0,6337,0.033364,0,0.052256404917644064
0,3499,0.00709,0,0.018410056182155642
0,6396,0.154749,0,0.17618735058795287
0,1111,0.739881,0,0.7826903552200808
0,6307,0.623641,0,0.5930693988224942
0,3968,0.816004,0,0.8470967509167554
0,3020,0.41371,0,0.3933980259322848
0,3471,0.7161,0,0.6172605242547551
0,3677,0.439096,0,0.27085926149013256
0,3103,0.102645,0,0.13663302300126606
0,1431,0.362277,0,0.2638719145242709
0,1623,0.280595,0,0.3771931284288255
0,7366,0.270045,0,0.36038069811295453
0,1600,0.016253,0,0.03630158433707678
0,380,0.293958,0,0.4246733793978307
0,5130,0.243925,0,0.399926212110557
0,5935,0.263123,0,0.15095720278150404
0,5435,0.684155,0,0.48273297822847144
0,6580,0.079326,0,0.20734805340375004
0,2502,0.029097,0,0.05245353778324043
0,1318,0.23214,0,0.2625278992780685
0,5420,0.368034,0,0.28165903417623356
0,5755,0.155564,0,0.21940550991395805
0,578,0.357783,0,0.4238698873265145
0,1795,0.753528,0,0.5775728784835734
0,2340,0.051506,0,0.1479289622981759
0,4610,0.373896,0,0.3815446865214927
0,1937,0.093576,0,0.16862152303837147
0,6959,0.36042,0,0.32668135897302286
0,3656,0.285338,0,0.2503497667600976
0,6377,0.606979,0,0.45755761816536517
0,1608,0.07327,0,0.12090962728598256
0,1125,0.579597,0,0.520588642388422
0,7134,0.202534,0,0.24003920440810475
0,2052,0.247154,0,0.1804987593041423
0,910,0.009355,0,0.05873755536985878
0,3724,0.072333,0,0.07351454491069631
0,759,0.668013,0,0.5922679867660385
0,931,0.756057,0,0.8692672020875821
0,4449,0.237857,0,0.3319076741212815
0,6943,0.305299,0,0.3201113716699621
0,6415,0.164802,0,0.1747230012331394
0,1773,0.063242,0,0.1030882332406473
0,320,0.062074,0,0.0842553095286586
0,3761,0.693627,0,0.7801776672027856
0,6436,0.44598,0,0.19932448049660462
0,5978,0.375556,0,0.4312841484602141
0,5974,0.378139,0,0.3341450762853053
0,434,0.440281,0,0.4463506370722104
0,4635,0.299467,0,0.3080611745366782
0,5391,0.752354,0,0.793117500102955
0,1306,0.233209,0,0.19395399607487754
0,7342,0.079312,0,0.06697572505992788
0,7361,0.607589,0,0.403746185632304
0,599,0.53553,0,0.3337796760084635
0,3899,0.016489,0,0.0745116903078067
0,5441,0.329096,0,0.4813833843797094
0,5466,0.035951,0,0.07285402256357351
0,310,0.113316,0,0.1463122110251907
0,4148,0.336696,0,0.20231321432929814
0,3890,0.60822,0,0.5485382330817237
0,1049,0.38666,0,0.4909086276650308
0,3106,0.301142,0,0.36624845042541043
0,7094,0.826981,0,0.7971147758367321
0,3586,0.27409,0,0.2891069226465832
0,1255,0.069029,0,0.11061456241792643
0,2457,0.234338,0,0.22449062751058885
0,2605,0.323208,0,0.34322392176600014
0,7055,0.212069,0,0.16347609410122454
0,4814,0.019669,0,0.08143348403203944
0,1337,0.020607,0,0.07649420805258861
0,1393,0.035188,0,0.05829969557376293
0,3657,0.380071,0,0.41460924122831183
0,3732,0.190174,0,0.15934131012410213
0,5763,0.766704,0,0.6232136040023901
0,4375,0.605406,0,0.518796273354411
0,2071,0.407453,0,0.3190637427513585
0,6757,0.483965,0,0.718344084445091
0,6059,0.348886,0,0.24624556194656305
0,2906,0.576273,0,0.7199600118790528
0,3765,0.277455,0,0.2614819038275916
0,6076,0.313556,0,0.4741367386151992
0,6717,0.053082,0,0.03133806499971486
0,1554,0.793842,0,0.7498318232081939
0,2377,0.167237,0,0.2637710628073275
0,1637,0.402584,0,0.4365456326179525
0,1605,0.439455,0,0.288952997533746
0,6855,0.634702,0,0.5636439771116853
0,7102,0.295897,0,0.1392316049872862
0,464,0.300352,0,0.3913284219576742
0,3095,0.265562,0,0.31890687373003673
0,156,0.058472,0,0.09444954800108858
0,2802,0.594765,0,0.6013673669120202
0,4586,0.338227,0,0.19188958010661528
0,2722,0.302861,0,0.3339747048357502
0,3988,0.392489,0,0.5585746706451872
0,2770,0.272967,0,0.30203203171977594
0,7326,0.232631,0,0.3445529954037266
0,3207,0.504554,0,0.4443498092485682
0,5622,0.503155,0,0.5661148455019414
0,67,0.462636,0,0.6423296142329167
0,2120,0.0458,0,0.10506891380475991
0,2209,0.211407,0,0.12978957194194043
0,5747,0.790793,0,0.7925647262113995
0,6169,0.40377,0,0.39131312464687285
0,5454,0.471998,0,0.4548809795865407
0,6186,0.48084,0,0.5269500133888275
0,7365,0.495439,0,0.39271441443716526
0,5455,0.568151,0,0.6469194839325402
0,5251,0.636917,0,0.558140603621927
0,4621,0.120615,0,0.17585786142961612
0,7258,0.134935,0,0.164346422870588
0,5786,0.376504,0,0.5131831888337468
0,5740,0.134228,0,0.21979810374683373
0,104,0.427074,0,0.26375029917277387
0,2396,0.690758,0,0.728858796561831
0,110,0.445544,0,0.5317275361180126
0,2366,0.011852,0,0.025024299379301625
0,2058,0.41754,0,0.33956724431354945
0,857,0.114488,0,0.21067351956401165
0,3205,0.192241,0,0.20395048399490626
0,5467,0.036924,0,0.08038359248898329
0,5706,0.67154,0,0.5632288296031719
0,4536,0.724635,0,0.6757219304102616
0,1437,0.671535,0,0.5416501760703696
0,1051,0.758895,0,0.6364482973386524
0,3064,0.377528,0,0.2790464387526967
0,740,0.232514,0,0.19060434785937175
0,4043,0.264904,0,0.1404224538162933
0,3983,0.604652,0,0.6219733109705222
0,865,0.572413,0,0.3749741820252184
0,1767,0.069207,0,0.06727885416563355
0,6666,0.405513,0,0.39526166926420014
0,792,0.128188,0,0.2319650187789489
0,6607,0.0755,0,0.057802708275641185
0,7350,0.369596,0,0.2788230677980924
0,265,0.361079,0,0.4457443569022452
0,3647,0.82631,0,0.8163579164561683
0,1672,0.033868,0,0.05589272084219818
0,5287,0.53819,0,0.5618177811299995
0,5282,0.363635,0,0.2872843217571203
0,5814,0.510067,0,0.5257519326894206
0,5149,0.480892,0,0.46222573812015716
0,803,0.536782,0,0.5786198005302
0,1673,0.708557,0,0.5437148158555247
0,5388,0.43605,0,0.4354132956319609
0,2842,0.290081,0,0.3174844427586147
0,6738,0.061266,0,0.12121088202622103
0,3326,0.180936,0,0.16436255819933093
0,2264,0.325123,0,0.42723404960902467
0,4118,0.156879,0,0.4472557795291567
0,2637,0.221591,0,0.2261195481968305
0,5062,0.484894,0,0.5903175418436419
0,6826,0.16628,0,0.1621718785372882
0,6778,0.223453,0,0.31564020851951835
0,3319,0.414066,0,0.39340408788303044
0,5613,0.310405,0,0.24567560835151603
0,2946,0.177245,0,0.3577466821668446
0,5525,0.498996,0,0.6646817443335045
0,5430,0.727844,0,0.6870045724393258
0,3258,0.823703,0,0.60067480118567
0,7458,0.796945,0,0.8499534769255597
0,2921,0.373853,0,0.27015757137471386
0,4377,0.030897,0,0.0586152005870058
0,1934,0.377888,0,0.31167902044282875
0,1659,0.389941,0,0.23623575680137326
0,2132,0.113057,0,0.12486466690598777
0,841,0.232781,0,0.25648337767170887
0,4484,0.274699,0,0.17894931827568483
0,5956,0.572767,0,0.7651503243988201
0,3622,0.349867,0,0.3454042116758992
0,2493,0.439563,0,0.6098958361875206
0,5092,0.534092,0,0.42102950532722355
0,459,0.359251,0,0.5474024686999871
0,398,0.163294,0,0.11586285304106227
0,2970,0.109924,0,0.16230533454262386
0,5228,0.020041,0,0.01825338525985001
0,3273,0.28406,0,0.24806978107124425
0,2184,0.377038,0,0.3375270934489065
0,1354,0.428485,0,0.28106194703100756
0,1559,0.279948,0,0.16865766429720988
0,173,0.469401,0,0.6359101133322805
0,6940,0.107141,0,0.17794535266866887
0,1425,0.314422,0,0.3294441213279487
0,1231,0.010029,0,0.020186089007623982
0,5912,0.00167,0,0.0059974497512422335
0,4781,0.606007,0,0.6764027070790464
0,6405,0.039646,0,0.21775231282580218
0,6534,0.127205,0,0.11361492932500865
0,917,0.04978,0,0.08542621598978883
0,2973,0.771755,0,0.7667101110430684
0,7127,0.347408,0,0.32821177792500605
0,6208,0.487503,0,0.6496048522581386
0,4209,0.132582,0,0.2632819870501459
0,6725,0.211348,0,0.15642763423540473
0,6214,0.681864,0,0.5848461136402883
0,7056,0.605554,0,0.5050153358240645
0,5877,0.452237,0,0.2615908941230462
0,7043,0.366275,0,0.40993500524533893
0,5044,0.553703,0,0.6552610369278241
0,1099,0.583663,0,0.44460441792278443
0,5621,0.172672,0,0.22990427184872575
0,6371,0.154739,0,0.21459050565276977
0,1801,0.161837,0,0.20508048693307593
0,897,0.715827,0,0.538348447629007
0,1786,0.425422,0,0.36968620958132226
0,6588,0.6836,0,0.6694528607243518
0,5165,0.170696,0,0.1759771215855294
0,5546,0.45851,0,0.6489151202982827
0,3696,0.082807,0,0.1917813997703384
0,3196,0.101513,0,0.11213676662354188
0,1012,0.15835,0,0.27261082250331675
0,3410,0.22917,0,0.172124612084255
0,3367,0.494155,0,0.4366607183208923
0,6824,0.683408,0,0.6932819575949738
0,5670,0.80349,0,0.7210808154552695
0,5925,0.443911,0,0.5304341690220153
0,4872,0.207671,0,0.1981330976037881
0,4070,0.251764,0,0.24370152597232422
0,7396,0.277066,0,0.2401981151720208
0,6859,0.828884,0,0.7662122538002805
0,2717,0.56115,0,0.29363666091199647
0,4113,0.594875,0,0.6846757954436413
0,1788,0.780348,0,0.8869020575367841
0,3056,0.589826,0,0.6462820015863378
0,3152,0.42114,0,0.4873995217258187
0,5999,0.106797,0,0.26165201461850107
0,3090,0.716463,0,0.7259412024662135
0,4478,0.054056,0,0.16851697948115532
0,542,0.102365,0,0.163953469007667
0,279,0.811216,0,0.521199340611644
0,3921,0.188804,0,0.23790523419916282
0,5550,0.350897,0,0.44893310003226006
0,6641,0.69598,0,0.8690604292807875
0,1716,0.292112,0,0.23828275749113184
0,1141,0.255744,0,0.22303126567172474
0,1162,0.429175,0,0.3455352473673512
0,4582,0.451064,0,0.48814603419664104
0,1582,0.083945,0,0.1661143342699653
0,548,0.435627,0,0.39609043596044274
0,5178,0.498126,0,0.39119373298782034
0,1227,0.723757,0,0.43678576331337576
0,7089,0.827792,0,0.958922592782231
0,4248,0.086007,0,0.12951403845353393
0,1347,0.366929,0,0.4098063816516865
0,353,0.564571,0,0.29263274540041406
0,533,0.10284,0,0.18475827251469287
0,645,0.575967,0,0.3796055597862301
0,1326,0.141893,0,0.14267842546044898
0,6770,0.320011,0,0.28760421512365014
0,6375,0.621224,0,0.5250651243024831
0,394,0.130356,0,0.195682750801274
0,4759,0.187115,0,0.34898777537946785
0,6837,0.838637,0,0.790346983868692
0,4107,0.293466,0,0.3197499464074761
0,2090,0.084196,0,0.0646689425104085
0,4731,0.84696,0,0.726160788322601
0,7008,0.714184,0,0.5827449063974818
0,6262,0.84463,0,0.7226402032299867
0,1723,0.359064,0,0.2279598038513861
0,4779,0.135188,0,0.12725672795507592
0,1283,0.318001,0,0.4177786174821124
0,995,0.788497,0,0.66199723048554
0,6910,0.758756,0,0.6660982761183094
0,4182,0.407603,0,0.41907422267566813
0,4430,0.610904,0,0.7096183023166673
0,6573,0.662367,0,0.6459632532636342
0,6427,0.457902,0,0.3952834254575629
0,7111,0.207006,0,0.24834863585948405
0,2615,0.739463,0,0.6752756925914474
0,6957,0.086837,0,0.09664892811164694
0,5051,0.607773,0,0.46030411829221834
0,5625,0.539911,0,0.32819333911986603
0,1994,0.391342,0,0.27479929315622725
0,4371,0.065216,0,0.07754528960065299
0,5393,0.767579,0,0.5357856224643502
0,3128,0.027004,0,0.1465244103452124
0,5357,0.316651,0,0.27367214980528937
0,3512,0.812691,0,0.56464568771724
0,198,0.343901,0,0.30929471946461046
0,2760,0.072599,0,0.0720058398241475
0,2313,0.294693,0,0.35954287743511626
0,7121,0.084602,0,0.14779381681305145
0,4145,0.596381,0,0.44113180732122426
0,6339,0.647582,0,0.44466546732064005
0,2017,0.181013,0,0.15814596128186734
0,4140,0.414694,0,0.37072747147334356
0,126,0.109693,0,0.16908672672803504
0,6355,0.765205,0,0.49949638606086866
0,1327,0.154432,0,0.18239516414605042
0,3865,0.301187,0,0.19633685765953132
0,3176,0.565113,0,0.4063265926881123
0,978,0.355385,0,0.5491809394185133
0,6684,0.09567,0,0.20362416750569304
0,1585,0.093783,0,0.17306296996189385
0,3456,0.156296,0,0.27210669086773426
0,6913,0.157452,0,0.2786485868053142
0,1133,0.820648,0,0.5471407553198855
0,1858,0.180184,0,0.17855667467275343
0,3323,0.509935,0,0.4063024066789853
0,3008,0.207555,0,0.21537759652347863
0,1462,0.366289,0,0.3681651426259273
0,753,0.185173,0,0.24842311049998922
0,2034,0.442066,0,0.539680005708175
0,2582,0.441055,0,0.264169700494319
0,7430,0.47865,0,0.4863024965565584
0,5924,0.070038,0,0.15226299945344374
0,3793,0.7888,0,0.8455530710841681
0,4473,0.113152,0,0.17193221778736026
0,6559,0.150933,0,0.2751657532854345
0,916,0.591452,0,0.6803832859334152
0,516,0.380334,0,0.3509159141354281
0,1925,0.147694,0,0.20614441663518715
0,326,0.566829,0,0.43601359819476304
0,1328,0.395646,0,0.5964184784813764
0,5094,0.562749,0,0.32412265158892395
0,5649,0.294977,0,0.4076933854926654
0,4480,0.63583,0,0.7741866443379424
0,2723,0.191169,0,0.14042347751584
0,3646,0.357256,0,0.36924021914221256
0,6390,0.597741,0,0.55895966499125
0,2370,0.080862,0,0.1838096369756935
0,442,0.273643,0,0.2576859616325672
0,4327,0.524364,0,0.6398944927308328
0,2363,0.029234,0,0.08461028274935323
0,6867,0.091947,0,0.13012306994636225
0,4180,0.05962,0,0.17989388816547627
0,5476,0.292322,0,0.41695076169030537
0,3764,0.063441,0,0.13972155621840035
0,2163,0.396373,0,0.2980543383076289
0,1020,0.543457,0,0.8793365856533811
0,2051,0.64441,0,0.406507200756993
0,1596,0.096431,0,0.11154359655927748
0,6282,0.799456,0,0.7099115375302046
0,7352,0.317311,0,0.22364121013843102
0,7253,0.229477,0,0.5097908674771757
0,2490,0.709289,0,0.6777514846553273
0,6143,0.045865,0,0.10579584599248222
0,1567,0.087453,0,0.07139967458056576
0,6970,0.24567,0,0.18176654493240182
0,3990,0.612637,0,0.3433461000493387
0,4236,0.038376,0,0.04170317992157677
0,5328,0.05057,0,0.07840718819193469
0,3901,0.230803,0,0.4028937640719571
0,699,0.026725,0,0.018132815099844136
0,476,0.735009,0,0.6530837036631816
0,7210,0.698936,0,0.7272910479676973
0,2799,0.26242,0,0.29233549246388263
0,3147,0.084362,0,0.13117271500998154
0,3755,0.113295,0,0.07552050537523995
0,1046,0.378047,0,0.2727777867745637
0,3465,0.6145,0,0.6109824471444592
0,2137,0.695478,0,0.5610852007518949
0,5719,0.180175,0,0.23536286030889034
0,1552,0.425336,0,0.4015887636553156
0,1676,0.496325,0,0.22763669321683208
0,1469,0.013643,0,0.028803065274115035
0,4439,0.093003,0,0.15894393965997192
0,4634,0.446252,0,0.3236018306325391
0,1214,0.283206,0,0.32023595239837666
0,968,0.049367,0,0.07899833143066684
0,7270,0.646344,0,0.7253509511436528
0,1949,0.026346,0,0.039576544574813424
0,980,0.541484,0,0.33042117796690657
0,4063,0.750012,0,0.789453520206168
0,3813,0.301623,0,0.1847828975449981
0,4982,0.106482,0,0.2789692840609124
0,4843,0.587471,0,0.5733168704083698
0,814,0.123519,0,0.08025490995147747
0,3129,0.288364,0,0.3987625774754123
0,4251,0.419267,0,0.502899924921695
0,6687,0.319067,0,0.2614475681336405
0,6411,0.060223,0,0.08394043903407887
0,1373,0.163503,0,0.3167966847540401
0,4648,0.753377,0,0.7186940697560522
0,1229,0.831789,0,0.8752796449966724
0,180,0.318594,0,0.24173167538080917
0,7447,0.118198,0,0.153316811675578
0,5984,0.042526,0,0.07364529005196262
0,99,0.47466,0,0.4977775892693489
0,2534,0.52274,0,0.5038660743442507
0,5398,0.484923,0,0.5974042205452703
0,2413,0.108641,0,0.23697901943072336
0,7374,0.487311,0,0.2601460505056754
0,3460,0.083243,0,0.0925715100684548
0,2130,0.444154,0,0.5665165677693611
0,3597,0.103034,0,0.17890795223705508
0,3438,0.197068,0,0.3653249710742265
0,4041,0.069574,0,0.13778186082474128
0,5693,0.734751,0,0.5250201787785141
0,551,0.475092,0,0.5864896246172457
0,6758,0.335438,0,0.18514714327821802
0,4293,0.772167,0,0.7645615037892451
0,2158,0.126062,0,0.19268987109094834
0,2400,0.660023,0,0.50615964922354
0,2200,0.476857,0,0.4449863464937286
0,3944,0.676185,0,0.5103913188955962
0,1028,0.268754,0,0.19067859455509398
0,1426,0.082751,0,0.04564947931233206
0,3616,0.477471,0,0.330306439995242
0,2195,0.117892,0,0.31482068530969337
0,1281,0.535557,0,0.6019450881147625
0,1711,0.184593,0,0.2699695364111907
0,3096,0.532942,0,0.5058189904218708
0,1550,0.098868,0,0.14385158191407393
0,283,0.299901,0,0.29062186653969785
0,3142,0.65525,0,0.36405983491560845
0,2382,0.391815,0,0.3044049639701854
0,3933,0.024486,0,0.06564491395363516
0,2189,0.518406,0,0.4797775562476115
0,6834,0.026344,0,0.149852574742761
0,3891,0.356658,0,0.5275992820464044
0,6598,0.666176,0,0.5960789237473589
0,74,0.035454,0,0.08671919211269745
0,3874,0.448632,0,0.5712534749304877
0,5288,0.419782,0,0.4065531840854253
0,3002,0.149205,0,0.32634602585685935
0,2679,0.152098,0,0.10142873844648327
0,250,0.528958,0,0.6336615166315847
0,1139,0.276867,0,0.44044792674304234
0,1089,0.409405,0,0.7421118772265402
0,5212,0.156452,0,0.18390765267326384
0,1271,0.363735,0,0.364480534799597
0,5312,0.065315,0,0.14302596520761146
0,1966,0.354388,0,0.2523766341468043
0,761,0.072189,0,0.06660194149630644
0,6032,0.673556,0,0.6970189396185648
0,6565,0.049809,0,0.04577862818067269
0,2458,0.271646,0,0.27912801939799947
0,64,0.045191,0,0.16468091429042372
0,6537,0.583442,0,0.5361734569050822
0,6901,0.066053,0,0.2842279040763003
0,5636,0.111975,0,0.12541507814530797
0,3216,0.356006,0,0.458464820028614
0,2487,0.53171,0,0.49441702151294226
0,5267,0.665608,0,0.9066750764786816
0,5316,0.694676,0,0.5548424560690922
0,2297,0.527828,0,0.42810887965941463
0,6335,0.416938,0,0.6826103925745514
0,1309,0.753108,0,0.7146835757050037
0,1829,0.357655,0,0.3598196350723412
0,7060,0.053859,0,0.17522643683357295
0,4237,0.148747,0,0.13699055163562116
0,145,0.76517,0,0.7847135744613183
0,5646,0.184166,0,0.2924380360499259
0,4752,0.770548,0,0.8111689213431897
0,5229,0.14207,0,0.1416750020549277
0,1518,0.694764,0,0.5567326656008436
0,7191,0.308133,0,0.25914910497693683
0,7244,0.200633,0,0.27553039113180094
0,868,0.105566,0,0.19433874198808657
0,6823,0.601356,0,0.6369689156151452
0,3195,0.670174,0,0.4664491675268973
0,396,0.158737,0,0.29977697265839826
0,3240,0.163595,0,0.10208645904650826
0,6599,0.329886,0,0.3739103433483098
0,4671,0.395096,0,0.32921106510157816
0,6593,0.575811,0,0.36666550814133303
0,4539,0.027514,0,0.03382624301062375
0,4324,0.09612,0,0.14210068614536958
0,3325,0.779529,0,0.8876837067916741
0,3904,0.217039,0,0.18653888235792426
0,6706,0.028246,0,0.1174791807376798
0,5639,0.376912,0,0.5367815275569502
0,1282,0.160969,0,0.3356710201786119
0,2766,0.784515,0,0.8510471847787477
0,1733,0.158287,0,0.24048095521632068
0,3685,0.077071,0,0.17448493790265224
0,1935,0.368649,0,0.3066157382988638
0,762,0.102139,0,0.1176893199969816
0,7188,0.137751,0,0.05909721250227397
0,6290,0.541647,0,0.4351623137046299
0,2233,0.665437,0,0.6156301110337405
0,2459,0.164262,0,0.21455380634315893
0,4235,0.110217,0,0.14980647280015946
0,3790,0.191183,0,0.17102042824775743
0,239,0.80186,0,0.6440600228132505
0,6734,0.100553,0,0.10858106300727564
0,6935,0.231319,0,0.15031390380603135
0,2939,0.2263,0,0.21036895441240933
0,1042,0.047219,0,0.06204648053452829
0,3076,0.177678,0,0.14952553944673924
0,5579,0.140102,0,0.18504327073186058
0,4931,0.491423,0,0.40533078749544627
0,1397,0.253539,0,0.33579192730123564
0,4443,0.11782,0,0.18151257077016392
0,6906,0.299045,0,0.32638746610716524
0,4479,0.472791,0,0.31781164917293864
0,4970,0.348497,0,0.25199034299975054
0,3366,0.125191,0,0.16492800698769342
0,2893,0.058917,0,0.15418479521952058
0,6961,0.281026,0,0.3163106601172045
0,1457,0.107862,0,0.08909158536788032
0,5222,0.34822,0,0.3775074981712417
0,2952,0.166324,0,0.1622540359946557
0,4668,0.0737,0,0.16683523993166394
0,5818,0.46587,0,0.45835976846673715
0,5518,0.838846,0,0.8693765440004648
0,2114,0.808,0,0.604089315795306
0,5167,0.543486,0,0.41623615837318856
0,371,0.111508,0,0.12373039710452688
0,4414,0.644562,0,0.5657865077071348
0,6329,0.161285,0,0.25700294639460475
0,400,0.383776,0,0.45520889913136786
0,4506,0.144563,0,0.226667116792373
0,531,0.748386,0,0.7633639855816357
0,92,0.496354,0,0.4808726026342827
0,2954,0.252479,0,0.25771352703737327
0,5762,0.323497,0,0.40360890874435545
0,6840,0.197293,0,0.22920398524748947
0,1515,0.6766,0,0.6654335093593273
0,4500,0.207217,0,0.16186446247740224
0,2279,0.766605,0,0.5488181766289337
0,2155,0.366485,0,0.3820881493678354
0,3920,0.115172,0,0.14978367361729925
0,2724,0.074342,0,0.18584253368570702
0,4724,0.301554,0,0.38530906814118954
0,3126,0.370751,0,0.24788602591373857
0,6637,0.051178,0,0.16112796240712307
0,4474,0.232808,0,0.2437263401863595
0,1813,0.590475,0,0.45429218715757286
0,918,0.607271,0,0.5077204858507064
0,1146,0.167628,0,0.26360511900486155
0,1314,0.60379,0,0.5967778448414531
0,3454,0.800935,0,0.6238334341098574
0,3682,0.067234,0,0.13050488633246543
0,3851,0.636379,0,0.46353617719299206
0,3548,0.082916,0,0.1571264077404072
0,4651,0.053516,0,0.10359861779787335
0,5233,0.130215,0,0.18855516252300425
0,469,0.472151,0,0.45923572596777734
0,2485,0.124617,0,0.13202528740576108
0,1692,0.263869,0,0.43867890040899554
0,4826,0.537365,0,0.3922666734691074
0,7340,0.466122,0,0.19930697509018167
0,1606,0.034909,0,0.021348365657740946
0,6865,0.419732,0,0.607731310629792
0,95,0.05376,0,0.07116354291019888
0,811,0.303764,0,0.2059482736702365
0,134,0.461521,0,0.21530759647728578
0,3156,0.065159,0,0.10659932055464379
0,6080,0.345732,0,0.32734743212619466
0,3794,0.022228,0,0.04465643049519402
0,7403,0.080252,0,0.17509386078307174
0,1833,0.265041,0,0.1561936460745406
0,6857,0.289455,0,0.3959860880419883
0,4016,0.784437,0,0.8794469351640181
0,6999,0.635054,0,0.5943570552350897
0,7304,0.700339,0,0.7141911865251411
0,3522,0.4593,0,0.29855055625626636
0,1088,0.017307,0,0.10774338964550773
0,6759,0.444256,0,0.34584322932290656
0,5361,0.606734,0,0.5465951947426371
0,3554,0.328524,0,0.6060501568627862
0,5776,0.187113,0,0.15800273434517195
0,2235,0.454122,0,0.31627510162794753
0,3368,0.718394,0,0.6275572150820135
0,7433,0.104356,0,0.11335586665883017
0,2029,0.84656,0,0.7234121661712081
0,2031,0.024828,0,0.05405443934624841
0,2696,0.051809,0,0.0681657916549854
0,472,0.712173,0,0.5981407293931728
0,786,0.267565,0,0.4237239841565289
0,3639,0.445696,0,0.5736081527575502
0,4627,0.278428,0,0.30104147883691784
0,1154,0.63954,0,0.5421566050127888
0,3925,0.165032,0,0.21199333297634804
0,1738,0.804501,0,0.7905270526421108
0,4285,0.208541,0,0.33314220961888313
0,4845,0.266476,0,0.350777962095826
0,1624,0.03551,0,0.06615890932879892
0,5922,0.321671,0,0.252794510694119
0,5667,0.774193,0,0.7202783083513234
0,81,0.257776,0,0.4006016338216608
0,6765,0.561312,0,0.5214644697435722
0,723,0.053115,0,0.20419214438832206
0,6215,0.819137,0,0.8554578617390179
0,3555,0.623112,0,0.6046967323341715
0,1653,0.032692,0,0.11532600267577488
0,3529,0.583877,0,0.5365979860150883
0,3913,0.620013,0,0.4240168178367962
0,6974,0.079259,0,0.19162153896195172
0,1200,0.49496,0,0.37467772105882924
0,1540,0.146087,0,0.2373978305058498
0,2422,0.004793,0,0.018793976621192296
0,3116,0.170818,0,0.3669791101750251
0,6841,0.022361,0,0.0288571897106227
0,4523,0.041377,0,0.04136006373058188
0,38,0.596583,0,0.6750429917863205
0,98,0.129209,0,0.2533739495553468
0,4214,0.397736,0,0.26169405367475734
0,591,0.087608,0,0.10629203852797374
0,124,0.546582,0,0.5018262623547284
0,5037,0.429525,0,0.25400407338814
0,1356,0.581373,0,0.405912358309666
0,923,0.380596,0,0.2753114906702889
0,7400,0.224851,0,0.19270072061447177
0,1609,0.413668,0,0.34557049312192994
0,704,0.342526,0,0.29087525108889195
0,7274,0.152229,0,0.28158518817508155
0,2918,0.071006,0,0.08462991810864062
0,5581,0.779683,0,0.3329304118407266
0,259,0.460873,0,0.4473154617037192
0,1228,0.396825,0,0.40756672816548783
0,5076,0.099378,0,0.18222869515236792
0,992,0.158529,0,0.22699023331772758
0,3229,0.231846,0,0.14158372965068403
0,208,0.276322,0,0.23706368808379397
0,3418,0.343096,0,0.4165294966471946
0,2157,0.839875,0,0.8250428384148368
0,4238,0.129201,0,0.3013303930878615
0,3924,0.035605,0,0.05488094325561934
0,6936,0.777498,0,0.6104056592935095
0,2337,0.00112,0,0.002968905235468285
0,2537,0.180878,0,0.3279124010817102
0,5879,0.182136,0,0.24667174937876518
0,1295,0.245773,0,0.5702616183276569
0,5355,0.062272,0,0.06187215176637277
0,1992,0.133027,0,0.1334591971422552
0,3405,0.213928,0,0.19854905414911067
0,395,0.32401,0,0.3130424793893617
0,6544,0.202422,0,0.19704838037251826
0,2849,0.755989,0,0.7327981375339476
0,7064,0.240714,0,0.4362091810109188
0,5612,0.14918,0,0.11282856902661961
0,363,0.597395,0,0.4585173086475805
0,2170,0.468456,0,0.6217373385158896
0,6711,0.442518,0,0.7129625214931609
0,6440,0.458306,0,0.5677174461193919
0,7288,0.093168,0,0.19737783856733734
0,1115,0.193828,0,0.11636919717126729
0,7117,0.151561,0,0.07142236244712719
0,486,0.15697,0,0.17226494237868514
0,3046,0.414461,0,0.22724700674533138
0,3474,0.251814,0,0.13211834517956703
0,1383,0.476471,0,0.31405994447732605
0,6447,0.029172,0,0.03776717347936172
0,2178,0.069831,0,0.17405733147025823
0,914,0.112049,0,0.323666548539959
0,6130,0.094956,0,0.12769443658933582
0,1529,0.75978,0,0.7194270872370825
0,4750,0.408245,0,0.33609219156145653
0,3777,0.605281,0,0.5075785457411519
0,2555,0.744032,0,0.5804599227583257
0,19,0.328537,0,0.4200279454641859
0,6809,0.165571,0,0.25065054703767997
0,906,0.272458,0,0.3180577787067681
0,6563,0.083669,0,0.22278654067861642
0,2658,0.308141,0,0.28644269437178754
0,2695,0.078328,0,0.053471393381991875
0,3288,0.623108,0,0.4269987764366753
0,1432,0.414312,0,0.4516255228141546
0,3203,0.285996,0,0.28165284549790165
0,171,0.333037,0,0.2389907670122743
0,5240,0.179598,0,0.1094597193106084
0,785,0.281454,0,0.2561652976857707
0,6733,0.180129,0,0.13014086258326563
0,3959,0.362689,0,0.5427819102548347
0,4367,0.057095,0,0.12164950563996149
0,4160,0.625771,0,0.5536315186004385
0,3774,0.675082,0,0.5826291933383281
0,3918,0.413027,0,0.18849548157453488
0,6153,0.630074,0,0.6133561462924257
0,3552,0.1378,0,0.19782012346513128
0,4516,0.805786,0,0.8994550595782655
0,2884,0.148391,0,0.11669040190362617
0,109,0.773087,0,0.7855631156198757
0,6764,0.092943,0,0.10966438707595055
0,3272,0.459092,0,0.4623792322397869
0,264,0.720217,0,0.9495192623174389
0,3285,0.785737,0,0.9632666144017203
0,6200,0.233344,0,0.4367490656887892
0,5425,0.400994,0,0.30199439814184
0,5617,0.628941,0,0.6275606633377284
0,6705,0.096847,0,0.08842902452595296
0,4426,0.514568,0,0.5249909622852618
0,4229,0.351711,0,0.40410925716992024
0,894,0.83848,0,0.9523947035234724
0,3678,0.16627,0,0.16893080328583382
0,263,0.067058,0,0.044391131467344955
0,4505,0.245071,0,0.1983712365193227
0,6079,0.164982,0,0.20522302742481063
0,5806,0.729277,0,0.7216260913794774
0,5903,0.525344,0,0.46985693791250094
0,1969,0.237388,0,0.2857027828082655
0,4080,0.014656,0,0.029633998782459356
0,3807,0.337694,0,0.2884614539536203
0,1444,0.536467,0,0.5746158799618297
0,710,0.024215,0,0.04062740353739449
0,5263,0.510837,0,0.5887473545142794
0,848,0.651629,0,0.43769295148626225
0,243,0.116455,0,0.09828285717787956
0,2671,0.682723,0,0.4209177408012788
0,4588,0.554231,0,0.6342029244682086
0,6162,0.674211,0,0.65116956148551
0,6975,0.149929,0,0.23956501249760012
0,2694,0.424746,0,0.32967840898169765
0,4116,0.190623,0,0.2839392440077175
0,1168,0.220875,0,0.1742920895070004
0,4102,0.713044,0,0.5024023848585117
0,6477,0.145266,0,0.28821558838603983
0,4884,0.056441,0,0.09265967094922108
0,4397,0.408324,0,0.5159516440347934
0,2305,0.554815,0,0.5291550682367469
0,4232,0.138732,0,0.16603067353158935
0,1753,0.617737,0,0.7268910712254083
0,6117,0.066899,0,0.07934027046419888
0,2050,0.500643,0,0.3977560018281747
0,6147,0.649379,0,0.43597361105368077
0,1054,0.19377,0,0.22911162373535998
0,3727,0.735785,0,0.7136436350902683
0,798,0.344738,0,0.41696769987999766
0,6259,0.441814,0,0.5258277377846032
0,4491,0.2782,0,0.15500281170126717
0,573,0.643689,0,0.4998938735612983
0,5623,0.102198,0,0.09483357968744399
0,194,0.435112,0,0.23371519416837405
0,6622,0.097691,0,0.16179389017961834
0,3052,0.381009,0,0.44644055084563394
0,6892,0.083003,0,0.15101532777167617
0,4991,0.421232,0,0.46690591129648873
0,4400,0.040921,0,0.11559087896489253
0,2231,0.090938,0,0.08703766547377972
0,7182,0.755242,0,0.575967308853453
0,6996,0.141809,0,0.15273402114598986
0,3852,0.451484,0,0.36512577377396555
0,5574,0.406121,0,0.50202848467852
0,6280,0.1053,0,0.12426362577768657
0,7066,0.305355,0,0.31619999084639566
0,6309,0.008149,0,0.007825350657223586
0,5812,0.461956,0,0.19234904889510868
0,981,0.148965,0,0.2682253917823375
0,6710,0.8039,0,0.9249280046112252
0,3716,0.031614,0,0.11454629552266675
0,955,0.329057,0,0.6038662674694703
0,6428,0.156878,0,0.1446689378547935
0,1719,0.086091,0,0.11439970518775379
0,225,0.110376,0,0.1576200187753613
0,6494,0.197448,0,0.27237050533792095
0,3645,0.093934,0,0.10374728769105808
0,1516,0.58356,0,0.5220756552895408
0,5920,0.015833,0,0.04606128500047542
0,1617,0.343291,0,0.23126092464777068
0,1380,0.307425,0,0.2863116294045218
0,5928,0.444901,0,0.5404538581226004
0,3099,0.396117,0,0.3278815015866657
0,5074,0.830717,0,0.676185158315178
0,6474,0.766257,0,0.6167447574643049
0,1819,0.347911,0,0.46448523891680815
0,2601,0.106343,0,0.20897293138621714
0,5255,0.104517,0,0.06113885088949707
0,2548,0.645313,0,0.5393955238112529
0,2889,0.679999,0,0.6362887889148313
0,1496,0.509717,0,0.4997297924705679
0,549,0.321967,0,0.27065232655642896
0,6356,0.766324,0,0.6769891676642967
0,2838,0.137581,0,0.2190543848412041
0,6986,0.243966,0,0.2703344374320253
0,3844,0.150534,0,0.2584926644437951
0,624,0.197736,0,0.2816589989179835
0,3967,0.531562,0,0.41225935500406596
0,6207,0.269231,0,0.21623836343716776
0,2942,0.579115,0,0.3491219686216706
0,3702,0.345524,0,0.1334024061703191
0,957,0.361252,0,0.42119754620532307
0,1825,0.12434,0,0.11202810948975704
0,3598,0.562407,0,0.5506236846298084
0,6225,0.292085,0,0.2409646395663532
0,3463,0.008982,0,0.037863916643082106
0,6360,0.222466,0,0.5361217306292103
0,7299,0.666814,0,0.31661644702974845
0,4097,0.306325,0,0.13672204392717516
0,2776,0.44163,0,0.33937052111706767
0,189,0.072665,0,0.1658449907597548
0,1175,0.818363,0,0.5207816701449095
0,4541,0.120782,0,0.35890285044390124
0,6314,0.703272,0,0.6159435621759413
0,5016,0.095441,0,0.33942854991305943
0,6381,0.8296,0,0.8748658432942329
0,5219,0.294865,0,0.26476350759329964
0,1662,0.048192,0,0.0738185054260932
0,557,0.264353,0,0.26279264676852593
0,7465,0.81915,0,0.9692121045958809
0,3282,0.4708,0,0.3248093076949767
0,7441,0.072206,0,0.09333902443160712
0,5180,0.250359,0,0.3415978110704731
0,560,0.740984,0,0.6986093235850991
0,1639,0.132283,0,0.23368675965088592
0,2267,0.176878,0,0.32790055049506983
0,3669,0.31477,0,0.13774979975413756
0,6138,0.401832,0,0.3936717083238454
0,3373,0.125851,0,0.124363648888256
0,6331,0.041534,0,0.05310969851134646
0,5680,0.097402,0,0.24446005524985015
0,2004,0.412848,0,0.4734137106959221
0,3263,0.334698,0,0.2034423758540682
0,4710,0.135825,0,0.17274740466535093
0,5858,0.26573,0,0.28137219545983383
0,1898,0.730228,0,0.6503074431183652
0,7112,0.673344,0,0.8581025563882628
0,4094,0.508816,0,0.37983194259620917
0,4091,0.770337,0,0.6423562258796429
0,491,0.24941,0,0.23737632547691295
0,1246,0.082369,0,0.14346161215617761
0,3629,0.184508,0,0.17445767411873156
0,820,0.263777,0,0.2579725058077752
0,2334,0.272068,0,0.12896916458182273
0,810,0.38088,0,0.5699147544833676
0,5898,0.466824,0,0.45464415277731773
0,384,0.170891,0,0.23821140125184068
0,5459,0.275533,0,0.16912285911967964
0,4725,0.055907,0,0.032412902476778985
0,5587,0.027701,0,0.057690417197063
0,5682,0.728637,0,0.4973717585876732
0,6575,0.202929,0,0.4985683282310152
0,6224,0.331008,0,0.3156139970554106
0,663,0.452727,0,0.4888812418831734
0,806,0.764379,0,0.6524971486518225
0,3446,0.154858,0,0.2338985305366494
0,3289,0.761874,0,0.8494315314102928
0,482,0.198227,0,0.32849960732104366
0,3214,0.06849,0,0.13657901115034324
0,5464,0.315325,0,0.3042901569753243
0,413,0.226571,0,0.15925379934737954
0,3906,0.482643,0,0.38696971986879575
0,5883,0.822969,0,0.8499936971255008
0,3378,0.112634,0,0.13658410249930977
0,3691,0.243323,0,0.0983454399818346
0,5556,0.660956,0,0.596108785371064
0,3587,0.305558,0,0.24435651672554928
0,1270,0.202449,0,0.23382843609972187
0,6232,0.090203,0,0.23067289129714952
0,2291,0.054255,0,0.10696046617702468
0,606,0.593754,0,0.502382565588935
0,1237,0.494724,0,0.4852101829752523
0,1203,0.186714,0,0.2345252720832646
0,3509,0.120014,0,0.09406086848825922
0,856,0.626653,0,0.394092487805265
0,3409,0.733675,0,0.599588454194367
0,1165,0.281549,0,0.3183524077510044
0,3227,0.159435,0,0.19180063674988937
0,2153,0.812944,0,0.7344711079836596
0,1769,0.370531,0,0.3079290676862394
0,4629,0.229165,0,0.31849886397367044
0,2751,0.600286,0,0.3366578728181641
0,182,0.162377,0,0.2276026773528415
0,1435,0.027898,0,0.07012707146444076
0,6797,0.414696,0,0.3165643198790687
0,3636,0.732605,0,0.6475362158717506
0,4926,0.139275,0,0.2133684258452364
0,2258,0.198235,0,0.27312122220779544
0,5968,0.786395,0,0.7067040275112573
0,308,0.045359,0,0.042060820854125706
0,5585,0.296904,0,0.20929215260271175
0,4066,0.069352,0,0.18200153080498022
0,5109,0.15825,0,0.13661950912178322
0,1494,0.140694,0,0.1071652531526726
0,6005,0.609458,0,0.5616191165922804
0,900,0.500464,0,0.5285484162609293
0,816,0.049361,0,0.057277645773978106
0,6763,0.311833,0,0.255969018691127
0,3599,0.34401,0,0.301547267759909
0,312,0.028708,0,0.07567368755557198
0,4578,0.397196,0,0.4868925514537383
0,477,0.545082,0,0.4345017556623877
0,3087,0.27171,0,0.16346153692196946
0,6747,0.733277,0,0.7906330660732092
0,6222,0.191412,0,0.24525333433929983
0,5800,0.231753,0,0.1626222175578947
0,3804,0.320627,0,0.2870937433238006
0,1495,0.237245,0,0.4448977801679306
0,6773,0.339679,0,0.2740541419344267
0,7222,0.177143,0,0.18660624604711745
0,617,0.144854,0,0.10645550379984907
0,2568,0.740922,0,0.5613597610362021
0,6589,0.650516,0,0.6704658978968264
0,117,0.231521,0,0.27962779900992274
0,507,0.008014,0,0.044193411679071516
0,692,0.01848,0,0.03199765885763364
0,1936,0.20336,0,0.23215236564465486
0,577,0.743772,0,0.6994400275343006
0,3014,0.427906,0,0.4894177069885292
0,241,0.306071,0,0.3501650175068903
0,1359,0.058451,0,0.19141980603598846
0,6338,0.529978,0,0.5641683413913992
0,5734,0.154743,0,0.11017534236974595
0,3444,0.071959,0,0.09941286740909998
0,4916,0.036361,0,0.06698052500434291
0,5460,0.059392,0,0.16547131331219483
0,5194,0.137254,0,0.18477562831169206
0,5664,0.235602,0,0.16428213826163318
0,1045,0.773647,0,0.787107612568103
0,2249,0.404114,0,0.5326563876391625
0,3287,0.037016,0,0.13842891932365206
0,6594,0.390409,0,0.4006619771056325
0,3728,0.844191,0,0.733334358693543
0,2494,0.115968,0,0.24674196058036105
0,112,0.558015,0,0.3924320660611468
0,7387,0.07157,0,0.11079973931824862
0,5036,0.080518,0,0.07103618566242882
0,2800,0.395457,0,0.40925395362102557
0,3174,0.829568,0,0.6980135234067808
0,1974,0.515349,0,0.6026717040105581
0,6998,0.342884,0,0.43827348864924454
0,5087,0.35526,0,0.16837736568506448
0,6006,0.587214,0,0.40839380132896563
0,6503,0.278394,0,0.2951460971927311
0,6730,0.096944,0,0.15359167273523142
0,3453,0.018908,0,0.046377440879928934
0,1489,0.189585,0,0.27349450588467994
0,1755,0.401726,0,0.3860992977737962
0,3264,0.228157,0,0.3243329773520669
0,5490,0.562098,0,0.46986239514827205
0,1304,0.503433,0,0.49808781658010487
0,3107,0.277181,0,0.29002925339883057
0,1208,0.432279,0,0.41656127903690926
0,3033,0.024781,0,0.07026297713007065
0,714,0.336264,0,0.284915646487045
0,437,0.360115,0,0.4833115014912016
0,5628,0.144945,0,0.37741748719664964
0,7435,0.141841,0,0.26223546387928975
0,5480,0.314757,0,0.15559680023303524
0,6166,0.127594,0,0.24699957907654563
0,1015,0.650301,0,0.35946069277892023
0,5819,0.787847,0,0.4666277018204786
0,5175,0.694982,0,0.38828540733555583
0,6315,0.491211,0,0.5933654491016682
0,5523,0.762054,0,0.7229781766316355
0,1520,0.631741,0,0.580184106797983
0,414,0.825443,0,0.6216434357435113
0,5771,0.617212,0,0.4902722762214807
0,4718,0.477993,0,0.5136752282583789
0,3782,0.150754,0,0.16340199023525426
0,5433,0.828573,0,0.6721514413211915
0,280,0.765161,0,0.6532417088577251
0,821,0.074208,0,0.07664119221232811
0,2211,0.091738,0,0.10494402164827696
0,2713,0.449286,0,0.21872608989514367
0,611,0.327954,0,0.413167079944314
0,6085,0.058469,0,0.0696724659347314
0,2193,0.219755,0,0.12494941611257938
0,76,0.456231,0,0.46421586272039683
0,4980,0.180028,0,0.20386714509565262
0,5895,0.129265,0,0.09105356331773175
0,3071,0.0266,0,0.04900792482154756
0,541,0.17773,0,0.1855812493910385
0,1059,0.107202,0,0.3547432632134598
0,1846,0.592717,0,0.4876329575184474
0,4298,0.788247,0,0.6913809560131612
0,5907,0.281392,0,0.19520878884535608
0,6093,0.100393,0,0.20027919152234247
0,5199,0.076971,0,0.14303607168666502
0,6061,0.848408,0,0.7663298046442862
0,7041,0.44133,0,0.4471197880373335
0,4329,0.672972,0,0.6709014043891142
0,3222,0.368081,0,0.4152765872131229
0,521,0.609401,0,0.3879508852005006
0,3211,0.104973,0,0.21345225825240924
0,3570,0.64385,0,0.7175423372586788
0,1009,0.166562,0,0.18640008160468716
0,1908,0.128104,0,0.18940824109903212
0,7223,0.568738,0,0.4768959140055766
0,3260,0.739587,0,0.7569103676088583
0,2014,0.73675,0,0.6461780381115252
0,5340,0.362951,0,0.4562204113760702
0,4589,0.440387,0,0.5728690110392243
0,480,0.293876,0,0.30355744015410524
0,3170,0.066682,0,0.11800848678082165
0,1915,0.430889,0,0.557715513616391
0,5152,0.8394,0,0.6179841248543712
0,4310,0.232901,0,0.1979996428810562
0,6977,0.086546,0,0.12457403564014782
0,1040,0.232018,0,0.3341119706120629
0,2126,0.305651,0,0.3231995389816793
0,3720,0.840507,0,0.818158163832601
1,1342,0.977638,1,0.9624744888001583
1,673,0.896139,1,0.7995346359614705
1,7391,0.899882,1,0.7710026221055363
1,724,1.0,1,0.9999999999312057
1,7107,0.9964,1,0.9952006268706806
1,6394,0.999628,1,0.9997046380912332
1,1277,0.86621,1,0.8855661375572814
1,3,0.926975,1,0.7842319372772425
1,5133,0.978359,1,0.9532980805880334
1,822,0.999676,1,0.9992676645109632
1,6217,0.97749,1,0.9134767288870598
1,5256,0.991497,1,0.9737506677631542
1,3376,0.998907,1,0.998613009775885
1,3798,0.994964,1,0.9930897285611873
1,2016,0.940664,1,0.9528990271360777
1,6920,0.943922,1,0.7850640382264163
1,6190,0.892883,1,0.8050778644862492
1,2489,0.994508,1,0.9924105877250097
1,3027,0.8571,1,0.7359154906535035
1,2224,0.999986,1,0.9999312755927381
1,2545,0.999715,1,0.9982905443284603
1,5686,0.902822,1,0.9105025724811202
1,6649,0.998465,1,0.9935761847959084
1,5376,0.999993,1,0.999963059620712
1,1735,0.999553,1,0.9993971780748118
1,5462,0.865586,1,0.8788724336883176
1,4996,0.995321,1,0.9804310842086729
1,5795,0.999998,1,0.9999920051680248
1,399,0.950926,1,0.9440344343858424
1,3957,0.998559,1,0.9960685795478093
1,6968,0.911901,1,0.8451968776468652
1,6722,0.987918,1,0.9765599379710493
1,6154,0.998573,1,0.9935152517863608
1,3679,0.994732,1,0.993765066449516
1,5291,0.856574,1,0.9731278185563079
1,2149,0.99144,1,0.9910260818580463
1,93,0.863108,1,0.664420639951976
1,5007,0.999878,1,0.9994321763249662
1,5790,0.998964,1,0.9968148532832736
1,6008,0.999887,1,0.9995952726082226
1,4870,0.996136,1,0.992987689111235
1,3590,0.999997,1,0.9999774905030788
1,6036,0.999937,1,0.9997061463032253
1,2425,0.992429,1,0.9858845294184175
1,4563,0.996026,1,0.9925526906072852
1,1987,0.999819,1,0.9994286889923416
1,6713,1.0,1,0.9999959888102786
1,6768,0.995536,1,0.9944570336344696
1,7069,0.997493,1,0.995812094092713
1,2049,0.891345,1,0.7739766933738397
1,1352,0.999834,1,0.9994558952723767
1,1522,1.0,1,0.9999999265930305
1,3210,1.0,1,0.9999999959598733
1,2336,0.999731,1,0.9984164422407026
1,7293,0.987839,1,0.9859393090884825
1,2294,0.999989,1,0.999883598539514
1,2167,0.998466,1,0.9975059369807661
1,2549,0.936167,1,0.8723970317357034
1,3549,0.861734,1,0.8034207686683024
1,6697,0.99443,1,0.9938315544374675
1,5725,0.994777,1,0.9924879573946
1,2691,0.994508,1,0.9958554661818072
1,6618,0.999938,1,0.9995330382839295
1,5866,0.999973,1,0.999936962503267
1,3145,0.999998,1,0.9999887323705141
1,3337,0.999545,1,0.9985602196530596
1,6001,0.999997,1,0.9999727278351063
1,1322,0.853154,1,0.8778754065280429
1,7292,0.996454,1,0.9919428194785072
1,1360,0.871858,1,0.6482439051352848
1,2048,0.956252,1,0.9376018489515293
1,5143,0.998033,1,0.9832425031763978
1,5666,0.999983,1,0.9999008126584437
1,547,0.860253,1,0.7553753364127288
1,1844,0.999956,1,0.9996717107363525
1,1923,0.981644,1,0.9428300703651092
1,420,1.0,1,0.9999998296389524
1,5141,0.855524,1,0.8801651537313719
1,7330,0.999651,1,0.9985406563725032
1,6715,0.999852,1,0.9997528110596619
1,7456,0.998009,1,0.994178212118967
1,3987,0.983572,1,0.9894653152299383
1,115,0.994808,1,0.9937188377945146
1,1652,0.991353,1,0.9907871441714653
1,1640,0.996325,1,0.994482543194283
1,3816,0.876799,1,0.8911145978182237
1,2546,0.987982,1,0.9575814245653118
1,5015,0.899764,1,0.6444657749269029
1,1479,0.85247,1,0.8998364301244746
1,4782,0.857506,1,0.9710631377400759
1,49,0.999998,1,0.9999847548795979
1,3562,0.886121,1,0.6496994663038396
1,1797,0.974174,1,0.9846588476718079
1,582,0.87867,1,0.7651328895243567
1,6033,0.998245,1,0.994257973472978
1,2768,0.968146,1,0.9578019125528605
1,5699,0.999169,1,0.9954273566190983
1,5859,0.926221,1,0.9332665483119399
1,2129,0.998963,1,0.9964067357962955
1,5834,0.996861,1,0.9940160543412379
1,7072,0.992276,1,0.9855490933940236
1,2612,1.0,1,0.9999994173346702
1,141,0.972958,1,0.9668090794334386
1,2949,0.89142,1,0.840788712965454
1,2361,0.998535,1,0.9939418487094697
1,6969,0.989517,1,0.979099271029665
1,3393,0.99364,1,0.9891636211834309
1,5827,0.987741,1,0.9846036784016903
1,1699,0.882648,1,0.82009067876653
1,1313,0.996998,1,0.9938615147918235
1,1818,0.865213,1,0.9359855592278135
1,4824,0.997438,1,0.998378015281044
1,6104,1.0,1,0.9999972125783774
1,1109,0.999566,1,0.9982543117006024
1,7136,0.999992,1,0.9999318096283775
1,567,0.962792,1,0.9259390134083407
1,7394,0.976723,1,0.940634998942415
1,7444,0.900173,1,0.6898708259128131
1,5056,0.999851,1,0.9994532518442074
1,4895,0.997987,1,0.9957794889800606
1,2841,0.999162,1,0.9949271122920033
1,604,0.997881,1,0.9972694038349433
1,5000,0.999896,1,0.9996751636558718
1,4616,1.0,1,0.9999983924765634
1,7230,0.883604,1,0.8480846157891987
1,368,0.998577,1,0.99748936460022
1,4434,0.999987,1,0.9999730280798171
1,2934,0.998591,1,0.9948642222312641
1,5785,0.889197,1,0.7651891637924696
1,6577,0.999996,1,0.9999811049092667
1,5234,0.99999,1,0.9999774075331921
1,1234,0.999979,1,0.9999397822639129
1,3236,0.993627,1,0.9867495690139801
1,1307,0.996856,1,0.9869992186876577
1,1060,0.999496,1,0.9984370864157457
1,406,0.972044,1,0.9285474266384914
1,6849,0.999603,1,0.9977382505564353
1,1721,0.99995,1,0.9997581975682699
1,512,0.998025,1,0.9935331711876485
1,5334,0.999716,1,0.9991900559299657
1,3396,0.985543,1,0.9821598500885228
1,3885,0.999589,1,0.9988840038592174
1,6402,0.972231,1,0.9731021114456755
1,3124,0.998926,1,0.9968718720136934
1,5787,0.988237,1,0.9804478020728205
1,5508,0.863908,1,0.8333610786295439
1,1589,0.997232,1,0.9962561695946136
1,6786,0.885497,1,0.8355165460748729
1,6111,0.999954,1,0.9999243871678303
1,1631,0.999243,1,0.9988109547385957
1,5560,0.997091,1,0.9917199733284637
1,4034,0.996031,1,0.9944578044634931
1,5465,0.995738,1,0.9940621085629052
1,6665,0.88349,1,0.898237370632548
1,6810,0.888495,1,0.9582050911360948
1,1324,0.873992,1,0.8873211815208186
1,2834,0.998242,1,0.9936359616924292
1,3557,0.999928,1,0.9997767692491958
1,765,0.995499,1,0.9934156413926128
1,3357,0.999643,1,0.9992707726454149
1,6680,0.997772,1,0.9910875361168191
1,4008,0.998809,1,0.9974456440017085
1,5937,1.0,1,0.9999988947772978
1,2019,0.857266,1,0.777115076629768
1,975,0.999649,1,0.9996929618407817
1,4721,0.863753,1,0.9343589504291213
1,5873,0.914086,1,0.886152671113983
1,4126,0.991216,1,0.9888633703592029
1,5446,0.979822,1,0.9748717685709133
1,7155,0.999002,1,0.9917299750629759
1,1649,0.928071,1,0.9516592931798299
1,5855,0.996245,1,0.9828801192239803
1,3371,0.953198,1,0.9177808251173405
1,5488,0.999996,1,0.9999501145133276
1,3912,0.325862,0,0.2135715199171373
1,2345,0.615024,0,0.5814189607407849
1,6264,0.310319,0,0.23192216004959257
1,4777,0.191574,0,0.18325543708104458
1,6885,0.025396,0,0.09076976180067589
1,3271,0.074856,0,0.2791829545911649
1,4336,0.028737,0,0.10772484593052788
1,6640,0.622239,0,0.6281005524550446
1,5756,0.697953,0,0.46498212293397334
1,5573,0.435169,0,0.5042055128876045
1,1405,0.34909,0,0.26074585344903844
1,6911,0.796549,0,0.6710985687874819
1,5886,0.081958,0,0.12556694726082282
1,4817,0.479906,0,0.43936999400357235
1,5684,0.267913,0,0.33476166472319446
1,1768,0.604842,0,0.5525344236318993
1,1243,0.543717,0,0.720276947734758
1,6553,0.342355,0,0.31260192109022433
1,3828,0.413832,0,0.360735089404049
1,3640,0.672469,0,0.7171962670422131
1,1160,0.07092,0,0.1633091944452445
1,6639,0.010104,0,0.00948452626800333
1,593,0.583104,0,0.5839401324840128
1,2544,0.100129,0,0.0765745323307366
1,4670,0.426019,0,0.34837008457933166
1,2515,0.192277,0,0.1637549951968723
1,2636,0.070554,0,0.08905597296901158
1,6658,0.719407,0,0.5263492365371619
1,2627,0.353687,0,0.16273336995116694
1,2460,0.630238,0,0.6023191181024808
1,6925,0.140804,0,0.2655111324263867
1,7431,0.696973,0,0.6610715140483833
1,812,0.03301,0,0.05157030688865838
1,5916,0.32902,0,0.1394792057750386
1,5023,0.367675,0,0.42271972570944566
1,6781,0.319481,0,0.29343929013257536
1,6101,0.171595,0,0.320693129207356
1,5089,0.241074,0,0.2816089428592329
1,2353,0.002654,0,0.016442862142367065
1,4279,0.697137,0,0.5422391513004475
1,2501,0.226425,0,0.33008075823774147
1,1981,0.23199,0,0.26661782860593813
1,5539,0.209732,0,0.3108680803834599
1,2018,0.522845,0,0.32260577240692995
1,1488,0.1703,0,0.1617594827624794
1,6568,0.515846,0,0.6290242234563596
1,5653,0.323183,0,0.32147944031873554
1,7019,0.12162,0,0.24775400978694842
1,3544,0.698323,0,0.6396060332012147
1,6955,0.579479,0,0.5052209199456914
1,1293,0.582757,0,0.6183751837214889
1,532,0.112612,0,0.19859425367093825
1,1257,0.808188,0,0.7505691504551322
1,3714,0.518169,0,0.36144977032861875
1,2134,0.043509,0,0.06682295828967731
1,543,0.670376,0,0.6192694214918288
1,744,0.208068,0,0.36928863554126423
1,6783,0.832714,0,0.7875781392971116
1,4455,0.254428,0,0.23571295074242973
1,6782,0.465882,0,0.5757225138254173
1,4241,0.249998,0,0.22834653225176166
1,1695,0.401411,0,0.4373957404937098
1,7455,0.602389,0,0.6454620921356609
1,7355,0.187917,0,0.1496497057518515
1,1037,0.556777,0,0.4083921417823695
1,1823,0.814928,0,0.6345437807744367
1,3700,0.046488,0,0.1154692428093084
1,1002,0.205397,0,0.2820722580270837
1,7151,0.320606,0,0.3529243477933773
1,1236,0.083707,0,0.12109267897818038
1,5905,0.78351,0,0.6481971312285945
1,3853,0.288263,0,0.5265789968233431
1,2236,0.207994,0,0.3249842452054629
1,2310,0.228435,0,0.23142128953326355
1,2269,0.065399,0,0.0703606445241213
1,2319,0.352871,0,0.25655633838104963
1,858,0.485351,0,0.5012451993517735
1,3226,0.0857,0,0.1081333062479221
1,1316,0.582206,0,0.2931870476491804
1,3859,0.572364,0,0.5001474029907822
1,5817,0.072755,0,0.13115101728076337
1,6973,0.321943,0,0.2853702833022619
1,7074,0.562473,0,0.8317241059533239
1,2755,0.196759,0,0.26981161503424356
1,1837,0.304355,0,0.29102914596252966
1,4460,0.21704,0,0.29805969159176743
1,736,0.104991,0,0.13898194865144212
1,2774,0.779477,0,0.6237280183853133
1,2092,0.530783,0,0.5658949125749752
1,3281,0.692941,0,0.6307156335613882
1,974,0.286578,0,0.31830454766314864
1,4620,0.773124,0,0.588416697558015
1,5418,0.210049,0,0.14678314728188518
1,1572,0.441827,0,0.580307675173396
1,4918,0.206846,0,0.3876678401500805
1,6488,0.159098,0,0.09885389268116748
1,309,0.845219,0,0.9575321481331472
1,3686,0.01161,0,0.01275389709100585
1,3883,0.187731,0,0.14927112016015381
1,6754,0.336753,0,0.5119956849416843
1,4944,0.464201,0,0.4520402065965157
1,6400,0.52732,0,0.4393923919006824
1,5049,0.28121,0,0.3589059490102589
1,5914,0.220423,0,0.26193859491064403
1,3218,0.687692,0,0.5621927358036899
1,5835,0.828011,0,0.7047809970223562
1,1893,0.221115,0,0.11112292098805819
1,5417,0.228599,0,0.3159666599483608
1,4144,0.791853,0,0.7981392483534356
1,6012,0.776425,0,0.9090636730313063
1,1743,0.580086,0,0.7900653297561027
1,2602,0.728803,0,0.7185187460254601
1,5231,0.247066,0,0.2782244638266032
1,1107,0.382394,0,0.37419871708635266
1,1048,0.055518,0,0.26411944892028555
1,7419,0.605995,0,0.44104775819267383
1,3246,0.06512,0,0.07675683983804905
1,337,0.031943,0,0.1249846545195966
1,7205,0.17582,0,0.25499098172520307
1,2401,0.130188,0,0.2849506075970597
1,6198,0.837881,0,0.6885897586858306
1,3338,0.020329,0,0.041334984593325984
1,6602,0.130163,0,0.30035714120220525
1,2243,0.463016,0,0.44264322761943403
1,7158,0.088485,0,0.07645727593468137
1,2440,0.140747,0,0.1561246413254387
1,1215,0.702692,0,0.8322910580442408
1,2859,0.052883,0,0.10438493500509659
1,5971,0.298877,0,0.39992099533270453
1,1004,0.061301,0,0.1698891555990786
1,998,0.043703,0,0.09151186485804433
1,3084,0.05532,0,0.05435941433550514
1,3363,0.267661,0,0.44741713111825054
1,1351,0.773638,0,0.9235980912015385
1,3526,0.396237,0,0.44300889335436716
1,6409,0.730121,0,0.887679042982829
1,7148,0.390241,0,0.5193325924636579
1,4720,0.539077,0,0.5088379172208616
1,2284,0.412398,0,0.6492540678876316
1,4440,0.333197,0,0.43450217042420514
1,4584,0.186159,0,0.3301131107355618
1,872,0.445214,0,0.3822028360541389
1,5332,0.120686,0,0.05907342973919958
1,1417,0.446022,0,0.6120333510029903
1,1547,0.220651,0,0.30589981670171
1,220,0.272095,0,0.5056090495005264
1,4465,0.57287,0,0.3847892167747877
1,7367,0.019838,0,0.043060763292248457
1,5852,0.038457,0,0.05749334352535381
1,5235,0.518892,0,0.5027871723028622
1,2701,0.798607,0,0.8770094581847528
1,7434,0.06979,0,0.0795944643152505
1,3021,0.106479,0,0.09528675506104439
1,5865,0.08133,0,0.2723058088996124
1,2495,0.296743,0,0.24988746105327903
1,2982,0.259382,0,0.16340583426162125
1,5169,0.551565,0,0.5191828532572474
1,5951,0.352514,0,0.32410735580985334
1,1085,0.174961,0,0.18926711937849194
1,1477,0.018947,0,0.036742242757201345
1,1887,0.616376,0,0.4491326191619326
1,6752,0.842099,0,0.8469574126590361
1,729,0.834867,0,0.5857034351666638
1,6445,0.74314,0,0.8554691199600573
1,6387,0.304351,0,0.4138046626458347
1,328,0.253446,0,0.25307051702438854
1,4538,0.35275,0,0.22158198643070895
1,5171,0.313647,0,0.36590387374711675
1,7379,0.210818,0,0.3480470300575961
1,2950,0.536988,0,0.562972451998453
1,3650,0.469883,0,0.5400295906027748
1,3882,0.042547,0,0.05023236764656795
1,5633,0.562971,0,0.4058987035859859
1,3693,0.46413,0,0.4689921149563574
1,1331,0.260864,0,0.34749115591448454
1,1003,0.104336,0,0.030245794654259327
1,5426,0.432931,0,0.505728056029691
1,6508,0.249365,0,0.25746155138932786
1,7281,0.122608,0,0.16098895053805012
1,7122,0.355112,0,0.3280892812392672
1,4498,0.202092,0,0.253771562093864
1,6760,0.182206,0,0.16982450793621973
1,335,0.120449,0,0.12925584666698492
1,1710,0.228734,0,0.3229759534857086
1,4502,0.702492,0,0.2695256553353342
1,42,0.118683,0,0.10772313103542429
1,2332,0.22593,0,0.18849449141127056
1,2468,0.098325,0,0.12023915127692754
1,6446,0.388783,0,0.5263307020411937
1,2603,0.22585,0,0.2776489409328954
1,972,0.105437,0,0.123083061409855
1,1128,0.183154,0,0.15833488991253017
1,2151,0.059731,0,0.10860414299520615
1,1669,0.25376,0,0.17240796674237324
1,684,0.032748,0,0.04202024585092832
1,2023,0.103654,0,0.28185717459060505
1,1951,0.331068,0,0.3493939628294215
1,5943,0.286097,0,0.35554831669840936
1,4601,0.127899,0,0.20882762920282352
1,7484,0.250875,0,0.17977553262862747
1,6748,0.316621,0,0.14345910678110022
1,174,0.253622,0,0.28605159030405913
1,1296,0.326962,0,0.15316386409719057
1,6592,0.129632,0,0.2239909663417781
1,2275,0.523935,0,0.48211360974307294
1,1274,0.069282,0,0.14394864439993887
1,1386,0.478104,0,0.4921832653854228
1,1375,0.279068,0,0.4451815265947495
1,733,0.120493,0,0.17584137919650436
1,4946,0.144466,0,0.272304147952038
1,6395,0.742839,0,0.6926796765648225
1,5645,0.670107,0,0.7083549372184086
1,5656,0.523702,0,0.5198842524828315
1,7459,0.166784,0,0.20401275757778511
1,871,0.162988,0,0.11996270730013692
1,3328,0.630197,0,0.30082498085663334
1,5014,0.249463,0,0.13589059714421334
1,1806,0.711035,0,0.6605666420817002
1,185,0.06033,0,0.14068323349104142
1,1563,0.062304,0,0.09900159073751263
1,7401,0.138812,0,0.1384853031546387
1,3200,0.307258,0,0.3338460626595117
1,2643,0.311969,0,0.19282526106318995
1,2089,0.239359,0,0.19349169111752615
1,1179,0.699159,0,0.5228258464724381
1,6265,0.564067,0,0.789656845133991
1,546,0.229314,0,0.281191584071583
1,1761,0.544641,0,0.4165335496138041
1,2183,0.125909,0,0.16232390884465003
1,5021,0.441692,0,0.4820720998318763
1,2779,0.5509,0,0.3358934867613991
1,277,0.373009,0,0.45903532593139895
1,4902,0.490385,0,0.43403522488890084
1,6376,0.77687,0,0.90846601842032
1,1050,0.678006,0,0.4825022714825885
1,2761,0.808179,0,0.9473378969605899
1,186,0.802737,0,0.7341567289647443
1,4606,0.149539,0,0.15579357743500202
1,5957,0.206852,0,0.18891432760685584
1,5413,0.589719,0,0.46842527164661596
1,5516,0.839047,0,0.9719949225809633
1,5826,0.841519,0,0.8349265272258253
1,4339,0.325018,0,0.4488284537415588
1,4676,0.271878,0,0.17106557693792515
1,1388,0.233899,0,0.3969014285004944
1,622,0.069395,0,0.11843975977055976
1,4360,0.099793,0,0.2745385960702361
1,2688,0.465401,0,0.4312146019629813
1,2811,0.720839,0,0.47781087247045373
1,728,0.169888,0,0.22518020054623408
1,6903,0.750101,0,0.6982297321915094
1,1263,0.110218,0,0.30385406351448535
1,6272,0.44589,0,0.8844140175139079
1,844,0.33349,0,0.47387535742746606
1,3734,0.077813,0,0.09620034112154056
1,3018,0.453373,0,0.49039035593138713
1,3919,0.402942,0,0.26468401897469523
1,218,0.028265,0,0.05677667863339782
1,4793,0.260305,0,0.19672677237689248
1,7073,0.494505,0,0.38750263641008315
1,120,0.272975,0,0.2899934468267051
1,2369,0.517709,0,0.528691887761752
1,2706,0.367912,0,0.32085093212840304
1,7446,0.037381,0,0.1292123682758505
1,3009,0.312914,0,0.3480230995721841
1,4940,0.765465,0,0.606806923330871
1,530,0.226281,0,0.2344955767393335
1,953,0.283457,0,0.49815552824851556
1,3011,0.592521,0,0.26605063947594254
1,6319,0.421309,0,0.3434469966913913
1,845,0.057495,0,0.17600405124106674
1,7144,0.260067,0,0.4344031402179984
1,2919,0.369814,0,0.31550095673054157
1,6107,0.800473,0,0.7457385480036428
1,3871,0.466634,0,0.4347967095228179
1,274,0.781376,0,0.7653756346232631
1,3787,0.301797,0,0.27672668156598684
1,2198,0.636796,0,0.549211360518559
1,3849,0.075459,0,0.08568655861743656
1,799,0.115898,0,0.18299585200832533
1,7254,0.071759,0,0.08059706318709745
1,6060,0.785117,0,0.7998915524672733
1,7368,0.079898,0,0.12277630954204229
1,668,0.728294,0,0.7031419066346332
1,1807,0.019254,0,0.09986020002855206
1,7032,0.396656,0,0.24106163997427155
1,6617,0.656228,0,0.4627185561119615
1,3614,0.390165,0,0.19766648236241025
1,6880,0.07084,0,0.05630208341672209
1,3937,0.152597,0,0.2640638920028591
1,4287,0.557799,0,0.8743579344107706
1,3171,0.233062,0,0.31410087345263393
1,2398,0.549574,0,0.4738898752240228
1,2754,0.255713,0,0.4606770851515231
1,2441,0.177483,0,0.0997390509455495
1,706,0.533331,0,0.5194069288017898
1,4886,0.443961,0,0.5866341654266991
1,6883,0.618589,0,0.6033847541831705
1,2843,0.089052,0,0.14915835876570152
1,1718,0.223822,0,0.38230482722723325
1,5724,0.669088,0,0.7104998469041612
1,4129,0.369005,0,0.4823697459356703
1,6095,0.005831,0,0.004172627338893536
1,3903,0.365933,0,0.21517904589198622
1,3917,0.073793,0,0.1780852497212403
1,4614,0.533129,0,0.1449464565281302
1,4544,0.014225,0,0.03567105724947496
1,4935,0.610576,0,0.5237189346941911
1,2945,0.185647,0,0.29112330353293103
1,5375,0.526141,0,0.6801097436113778
1,6510,0.157893,0,0.29665699421978586
1,5097,0.515123,0,0.5250571572097796
1,3779,0.695664,0,0.5721437232827967
1,837,0.437838,0,0.5636266479403028
1,4755,0.822689,0,0.7945509075346875
1,2384,0.522312,0,0.48558755791171543
1,168,0.774804,0,0.7727656477897918
1,6532,0.365865,0,0.4807611452303194
1,4778,0.013754,0,0.05148726735591635
1,5934,0.631829,0,0.3427408986518292
1,4156,0.457625,0,0.2253148256351329
1,5168,0.05425,0,0.1073782322307385
1,1104,0.187858,0,0.2445728217583347
1,7054,0.621128,0,0.4475549419660678
1,4195,0.078985,0,0.08139946103012909
1,2424,0.745419,0,0.4732382170307402
1,6442,0.278998,0,0.5923579942879841
1,7345,0.820534,0,0.7471456798645819
1,3400,0.031347,0,0.027590438325958828
1,6230,0.363598,0,0.5118286284980575
1,103,0.251268,0,0.25368454426329395
1,730,0.201829,0,0.2689102915091868
1,3380,0.350146,0,0.5261867350580134
1,1371,0.763022,0,0.7414121705059258
1,3466,0.103743,0,0.14419733119080425
1,1180,0.125036,0,0.21226220991750142
1,3372,0.110372,0,0.14840460473879025
1,1948,0.810712,0,0.9647025783386673
1,5744,0.581522,0,0.4880232841101656
1,5308,0.025983,0,0.03874024247541667
1,2272,0.737033,0,0.7017828282967471
1,4927,0.021611,0,0.07710480149292603
1,5129,0.726039,0,0.7831139865924311
1,6868,0.419725,0,0.5028749848208288
1,6546,0.01383,0,0.02827579462755057
1,1410,0.834986,0,0.8714945937154062
1,4244,0.430401,0,0.32962752408827406
1,5647,0.184927,0,0.4132117637139956
1,2446,0.297401,0,0.2280930223870136
1,4467,0.519627,0,0.4214235666591444
1,6531,0.235613,0,0.10394501244675922
1,1830,0.247759,0,0.25956697481287677
1,315,0.174421,0,0.15121290103228566
1,5116,0.272021,0,0.35853187239992057
1,982,0.144028,0,0.2560793075759654
1,4204,0.156934,0,0.20767624107852545
1,971,0.572371,0,0.39200020088085696
1,355,0.232362,0,0.41570459416944067
1,3486,0.708017,0,0.7007895117584542
1,4881,0.24847,0,0.26408890330115814
1,4448,0.555809,0,0.38409365303965354
1,45,0.188124,0,0.21460063685377967
1,3043,0.820814,0,0.9803343790800563
1,1548,0.246764,0,0.3271904471873325
1,4281,0.309956,0,0.3261836569540775
1,2150,0.107737,0,0.055104887416301714
1,2565,0.753502,0,0.6995242842020607
1,358,0.263188,0,0.3162623372594467
1,80,0.144702,0,0.0943562802078256
1,1302,0.205672,0,0.35347176469081143
1,4299,0.78225,0,0.6978200355251234
1,4666,0.402822,0,0.48619647618416856
1,1396,0.06087,0,0.13491118043251665
1,5616,0.039894,0,0.0744120281490955
1,6443,0.145348,0,0.20631462929500868
1,3331,0.045031,0,0.14947743791291343
1,2646,0.498294,0,0.561255613701489
1,751,0.026484,0,0.07248621210316022
1,4917,0.505269,0,0.3892426218000939
1,1446,0.352568,0,0.37328292802004354
1,2427,0.53221,0,0.4582999618041348
1,2947,0.049697,0,0.08861495340957852
1,16,0.092013,0,0.1721630050500345
1,4461,0.764209,0,0.6898168036113658
1,5650,0.350945,0,0.41072412750656556
1,2558,0.763443,0,0.4669543438583389
1,1740,0.409113,0,0.32562267599089284
1,4688,0.248784,0,0.1604166787591098
1,7370,0.754195,0,0.4761364369016245
1,4534,0.650555,0,0.665608668276216
1,683,0.379413,0,0.1987745446672794
1,7256,0.243514,0,0.19814931181008205
1,3514,0.593703,0,0.38349559709480757
1,1254,0.388338,0,0.3970697377274046
1,5412,0.152347,0,0.16770286940032308
1,6873,0.692806,0,0.45431856432312545
1,4901,0.846105,0,0.7285835480350773
1,3848,0.724144,0,0.5761993942098943
1,4798,0.354051,0,0.25808790772838625
1,6349,0.471128,0,0.1821297217920514
1,1064,0.579068,0,0.5905478910176485
1,4703,0.247432,0,0.248532566102731
1,6951,0.497734,0,0.5173298203781599
1,2990,0.42015,0,0.5131052695844092
1,1094,0.04791,0,0.1310465512632711
1,3730,0.425641,0,0.3531174883436788
1,3138,0.468359,0,0.4398167497550204
1,4040,0.22924,0,0.2968403176621559
1,5847,0.426609,0,0.4689336449564862
1,1638,0.114146,0,0.06742176057518438
1,2738,0.818751,0,0.7565243790011734
1,7496,0.065695,0,0.12423403025036772
1,143,0.638287,0,0.5283081453071927
1,4441,0.13447,0,0.25187285982200325
1,6744,0.500699,0,0.7121545225639397
1,4024,0.176142,0,0.22845357530144567
1,4880,0.034345,0,0.04901014987386821
1,2725,0.475539,0,0.2871569117042641
1,5593,0.493265,0,0.4645518930738166
1,1724,0.692921,0,0.4063777634721718
1,2578,0.090584,0,0.1445674687151899
1,7058,0.038067,0,0.13953177598802297
1,6946,0.295494,0,0.2760408642050409
1,2909,0.489464,0,0.5518065839109957
1,1265,0.144778,0,0.09207410975319445
1,3520,0.313267,0,0.2484129673870291
1,1523,0.502641,0,0.33002000887397037
1,4742,0.591231,0,0.4490430220069849
1,977,0.218096,0,0.15133361055191485
1,3462,0.147511,0,0.17243431749426438
1,433,0.184948,0,0.158905957600019
1,963,0.180941,0,0.13358100417783114
1,4788,0.188384,0,0.37284445494902946
1,5279,0.716921,0,0.8583711952808639
1,4640,0.191906,0,0.18535328581439248
1,2554,0.3417,0,0.30405714072265966
1,7277,0.04232,0,0.09182709397442916
1,2410,0.047952,0,0.0726246373618615
1,5190,0.755996,0,0.7496790676887624
1,3464,0.557838,0,0.5394613319928915
1,1424,0.250498,0,0.1592298206781828
1,6525,0.085739,0,0.13139626196573775
1,5185,0.451668,0,0.816985689879201
1,6469,0.112575,0,0.16176559443201113
1,5561,0.186474,0,0.34857267362231287
1,4914,0.163705,0,0.16783294907939145
1,7024,0.484269,0,0.3856011834787291
1,1484,0.808323,0,0.838490263965537
1,5793,0.335935,0,0.34011157731765956
1,1906,0.567146,0,0.4700188108046951
1,3855,0.573753,0,0.5397755565629893
1,6686,0.025682,0,0.05474996578394526
1,6013,0.104044,0,0.13965856879309968
1,5839,0.414206,0,0.37306062988500976
1,1504,0.149545,0,0.1631844345564699
1,5911,0.299427,0,0.44302011129981933
1,200,0.738991,0,0.9752517070693667
1,4734,0.342863,0,0.5503924205870193
1,6533,0.847533,0,0.9533210074329724
1,5166,0.334401,0,0.230608073340133
1,1636,0.540127,0,0.4802604861604906
1,6097,0.828275,0,0.7363563327998245
1,4048,0.090951,0,0.10491536230198215
1,5461,0.218438,0,0.14163740962397053
1,5024,0.772997,0,0.6459883633952084
1,5950,0.121935,0,0.0873115828189348
1,4053,0.125782,0,0.05469477736978749
1,5809,0.706939,0,0.7056103930089055
1,3666,0.098219,0,0.1501148483580504
1,2682,0.045217,0,0.08933944965565643
1,654,0.798894,0,0.9668352779979875
1,7236,0.20676,0,0.31379729470857315
1,6872,0.143414,0,0.2085048946113296
1,1712,0.327594,0,0.21457014282595507
1,4454,0.077145,0,0.1625637468645644
1,192,0.085199,0,0.1307831872251781
1,5807,0.431588,0,0.364654034591026
1,4803,0.257469,0,0.30735961418951696
1,4481,0.078036,0,0.10828329079286929
1,1278,0.330756,0,0.24391690256662743
1,4849,0.823826,0,0.8605582290303125
1,1778,0.289974,0,0.25428347145098984
1,6270,0.437651,0,0.4822182280372121
1,4829,0.529586,0,0.5152900820622247
1,1121,0.082685,0,0.2033370883145264
1,5254,0.653192,0,0.45753203358536154
1,2613,0.030542,0,0.08633653160941474
1,3047,0.449503,0,0.4808137386374814
1,2234,0.061812,0,0.19501042303521451
1,415,0.653786,0,0.41449885973706724
1,3997,0.40194,0,0.5373204664972233
1,5252,0.639891,0,0.6925206169090664
1,4800,0.371364,0,0.5073996114379671
1,6184,0.843841,0,0.8566083030379488
1,2304,0.264577,0,0.28630104478390733
1,667,0.172912,0,0.2999455816912299
1,6283,0.837096,0,0.6746725998019689
1,509,0.434099,0,0.4241188366237203
1,3290,0.159632,0,0.2159581916992916
1,3809,0.234395,0,0.37492446900625576
1,6325,0.333139,0,0.36162735630283843
1,2639,0.579355,0,0.4315915966796991
1,1167,0.698313,0,0.7983141865901774
1,4052,0.006719,0,0.02737198762113341
1,4530,0.231756,0,0.3018404554902115
1,3302,0.801621,0,0.720554892366671
1,6040,0.620004,0,0.6477739886309366
1,2673,0.067653,0,0.08467832659244441
1,2988,0.023835,0,0.08092577668348988
1,3752,0.14967,0,0.24837350541759148
1,508,0.262,0,0.31640011091442943
1,6931,0.696231,0,0.7751188547211421
1,1982,0.227744,0,0.32122635004460093
1,2399,0.20777,0,0.19090030975360764
1,3884,0.134859,0,0.15492407915128797
1,167,0.426131,0,0.36741825500894904
1,2293,0.530735,0,0.6415725437821205
1,5679,0.773156,0,0.7836623518189997
1,4780,0.183912,0,0.30547607896244966
1,6803,0.131851,0,0.3250040212977988
1,3743,0.571403,0,0.5369812462665382
1,5310,0.110235,0,0.14066759263975384
1,488,0.777099,0,0.6350232327237179
1,457,0.303395,0,0.22077927949083248
1,2511,0.143178,0,0.16868087442118604
1,6540,0.183791,0,0.25858785720202304
1,1971,0.024725,0,0.10844482595563011
1,7216,0.383555,0,0.2684003241071384
1,7241,0.522598,0,0.4587547572773673
1,3584,0.629553,0,0.5299701730657641
1,4908,0.295826,0,0.5655204220948019
1,1372,0.546654,0,0.49391074054907497
1,3299,0.102044,0,0.20358150621712218
1,3078,0.483223,0,0.2331369012095176
1,4995,0.086176,0,0.130210929087755
1,5658,0.259858,0,0.2498362136223463
1,4150,0.3301,0,0.6452002807612055
1,2280,0.074224,0,0.07323713368391478
1,5853,0.332706,0,0.3194249678756473
1,1731,0.610134,0,0.4713721776215653
1,5668,0.534552,0,0.3220179593494908
1,5416,0.073975,0,0.21190812374769177
1,4830,0.024004,0,0.08250332193200963
1,3699,0.178602,0,0.23114008428491298
1,4489,0.441015,0,0.29859198465381503
1,6430,0.68527,0,0.3084826935735565
1,1315,0.768411,0,0.7764787182247551
1,695,0.825966,0,0.7924390172081488
1,7138,0.042724,0,0.23964776659027878
1,5029,0.296754,0,0.1824067048780614
1,2043,0.039336,0,0.09880581809186377
1,3012,0.575432,0,0.6134596833458301
1,1909,0.233179,0,0.13042065859123184
1,51,0.361806,0,0.18099663438743707
1,2063,0.44857,0,0.5326544090648859
1,1840,0.462575,0,0.5123314096674356
1,5923,0.456679,0,0.46314510323193
1,3162,0.458935,0,0.369699833217578
1,4658,0.796566,0,0.6909556267202712
1,5526,0.165947,0,0.18227533390004638
1,4873,0.078241,0,0.07917563680143669
1,7384,0.49426,0,0.37825150238545446
1,3563,0.126738,0,0.15999486764706272
1,3992,0.473514,0,0.3403223802291633
1,4282,0.672931,0,0.8816408276557975
1,6895,0.230375,0,0.4856962019407309
1,4225,0.085115,0,0.12044239717784519
1,214,0.790022,0,0.7988445930792487
1,3492,0.815464,0,0.8034086435613417
1,1298,0.669446,0,0.469972498067139
1,1485,0.208366,0,0.2772985079221997
1,11,0.014805,0,0.0507027248496467
1,23,0.609273,0,0.4129617478203903
1,6787,0.839749,0,0.8648398522366367
1,870,0.165938,0,0.15459273052339823
1,4290,0.409973,0,0.5718044125532563
1,7242,0.125526,0,0.12342225093876848
1,1916,0.119158,0,0.24064449998200393
1,2046,0.394213,0,0.32325713029158865
1,5209,0.332233,0,0.33219440997604
1,920,0.078503,0,0.09785725233142799
1,6558,0.14268,0,0.1811859256282006
1,1135,0.571049,0,0.5822129757246185
1,5824,0.148984,0,0.11737915328503397
1,2579,0.284034,0,0.3087868633293464
1,6251,0.219484,0,0.42392279656966897
1,5280,0.57897,0,0.4495985996506373
1,2667,0.524071,0,0.35915207250118925
1,3387,0.230282,0,0.1835743436988456
1,270,0.107286,0,0.08258407864988224
1,1972,0.112342,0,0.16976065954456906
1,3763,0.3855,0,0.4239064762331724
1,1509,0.443001,0,0.4501979171764512
1,4494,0.351111,0,0.5487895577813455
1,3397,0.140285,0,0.10966369223230388
1,3615,0.484945,0,0.1947869165474006
1,5567,0.081479,0,0.22337229966453745
1,2374,0.297883,0,0.2694655086024625
1,5952,0.131632,0,0.050385435590333046
1,5445,0.17196,0,0.30622889048780333
1,4358,0.844151,0,0.9622705936908502
1,3974,0.071189,0,0.06818592400399863
1,1851,0.288282,0,0.4033789155805656
1,6692,0.477836,0,0.24879417140321344
1,5186,0.830832,0,0.6089444698805515
1,6804,0.742285,0,0.7266965582702476
1,228,0.017357,0,0.046692066526632006
1,3945,0.554497,0,0.4638956122158464
1,6291,0.07052,0,0.08235977179901185
1,4771,0.592137,0,0.6254016957094537
1,3860,0.016804,0,0.07124457072198169
1,392,0.163689,0,0.2474367669912687
1,4768,0.592255,0,0.55336118915824
1,879,0.035088,0,0.08675834428441574
1,3862,0.559967,0,0.48313758501002807
1,3795,0.035844,0,0.08944499359734535
1,1428,0.110746,0,0.2279063699107247
1,1557,0.430337,0,0.5666561450180891
1,1198,0.188747,0,0.13417273805951238
1,1862,0.030441,0,0.07547817938331144
1,26,0.082014,0,0.05673207834363394
1,6228,0.453423,0,0.6316204029224785
1,453,0.214318,0,0.3504834251673478
1,7373,0.285211,0,0.2710183920245981
1,5512,0.194341,0,0.4737854196230767
1,5792,0.301952,0,0.17305739849383545
1,5018,0.82817,0,0.8948571327657971
1,5619,0.462848,0,0.21724387691245364
1,6664,0.066854,0,0.1670355401249247
1,4904,0.463014,0,0.2634423303492985
1,742,0.152355,0,0.26276756990199507
1,5385,0.519597,0,0.42816768076382977
1,5057,0.255277,0,0.23068471863568024
1,6103,0.381085,0,0.1966482456668725
1,6089,0.838124,0,0.44682688013241934
1,1251,0.104978,0,0.0918805211718903
1,3806,0.426876,0,0.5007571878894763
1,3420,0.839414,0,0.7022096946459012
1,4075,0.58711,0,0.4638508497557493
1,6862,0.820383,0,0.8050331922117351
1,5626,0.256783,0,0.2570575991461874
1,4649,0.265968,0,0.14319177355536372
1,989,0.029483,0,0.037993972766373965
1,3896,0.504183,0,0.5827254159822769
1,5374,0.074501,0,0.21993378111577389
1,6042,0.123041,0,0.27330533378862054
1,3005,0.073726,0,0.13195480664203962
1,2638,0.125922,0,0.14406757593093086
1,4035,0.233722,0,0.30865577278350703
1,5309,0.031588,0,0.06109240332885964
1,5381,0.07249,0,0.11686641042415669
1,767,0.769764,0,0.842517940693896
1,6972,0.420422,0,0.16352512553606738
1,2883,0.430863,0,0.2976688556084526
1,5407,0.766498,0,0.7387386909385325
1,2634,0.077416,0,0.11797278655918539
1,4807,0.117965,0,0.23896917741307686
1,4579,0.814498,0,0.979168643529285
1,7331,0.722351,0,0.7605744178040734
1,313,0.682273,0,0.5351000415921435
1,1423,0.349234,0,0.37588019916210746
1,136,0.579058,0,0.5353274676084315
1,478,0.717476,0,0.7791694039322979
1,1763,0.461023,0,0.5805860606978452
1,5440,0.725918,0,0.6642911803845515
1,6806,0.294633,0,0.2561665726682076
1,7423,0.182512,0,0.15777513614132974
1,506,0.628597,0,0.5820374503703076
1,1152,0.375171,0,0.3492184082191121
1,6276,0.134073,0,0.14517643110363304
1,5213,0.131806,0,0.3168880254404819
1,5547,0.17962,0,0.26793247210057075
1,5638,0.618101,0,0.5815895880002946
1,3202,0.196705,0,0.29160530849766536
1,5137,0.390245,0,0.3332860759669216
1,2709,0.110512,0,0.09877509453361924
1,1847,0.270584,0,0.2489703247098125
1,2428,0.374538,0,0.568590358611954
1,1267,0.106212,0,0.05739647279634774
1,5286,0.357965,0,0.3714833555476995
1,325,0.098475,0,0.11109282076555686
1,6083,0.447327,0,0.5987927968061338
1,3942,0.084539,0,0.08543004155938742
1,6591,0.721812,0,0.6860758032511539
1,4707,0.633022,0,0.4264474973026564
1,2160,0.407276,0,0.34400974111489435
1,756,0.068026,0,0.08445101499253106
1,83,0.333023,0,0.44482382440076457
1,5711,0.2033,0,0.19667487175901496
1,707,0.367079,0,0.40869934791532564
1,1939,0.082149,0,0.0674451963340377
1,4971,0.22231,0,0.25285978801031184
1,1856,0.622515,0,0.9647844604989959
1,4900,0.279764,0,0.17948394454404698
1,5017,0.130897,0,0.21620671518360596
1,2436,0.730927,0,0.5267268597238608
1,5239,0.400848,0,0.5144039396278051
1,148,0.069072,0,0.07939782021206296
1,6520,0.715661,0,0.3620789508959066
1,5118,0.109093,0,0.11820616424450815
1,4042,0.195382,0,0.23559959510844328
1,2914,0.091161,0,0.20640798959524698
1,2999,0.251052,0,0.36963453324358714
1,6948,0.840044,0,0.5879960423338453
1,1647,0.193299,0,0.3150920954600496
1,4925,0.176387,0,0.24647896115791706
1,5195,0.572948,0,0.3402792943016283
1,6550,0.825252,0,0.9494159118779163
1,7249,0.810856,0,0.7352816441004382
1,3577,0.065586,0,0.09303436204322674
1,6019,0.069203,0,0.058183570842687146
1,1079,0.446202,0,0.6000616878721341
1,4274,0.189755,0,0.25318516269915636
1,393,0.752175,0,0.8976753849595356
1,700,0.439449,0,0.2320584798491208
1,7228,0.726385,0,0.6661621461795435
1,2867,0.302885,0,0.27391988250138233
1,4193,0.384086,0,0.2239204096323415
1,3908,0.70707,0,0.6720546844390489
1,2786,0.179827,0,0.18553574467341913
1,1092,0.695282,0,0.6467114519215174
1,4305,0.101873,0,0.2881073811836415
1,3016,0.717997,0,0.6359148368933565
1,7343,0.376674,0,0.4402463513901792
1,7029,0.753344,0,0.47360680417226025
1,2567,0.486542,0,0.44182863973118464
1,7416,0.73402,0,0.6218274251280909
1,1555,0.491947,0,0.47528388799392574
1,4137,0.029759,0,0.03249382810673196
1,3166,0.132821,0,0.06744875169803922
1,3491,0.234982,0,0.40705290014600415
1,5386,0.206872,0,0.19379060534901854
1,2844,0.214087,0,0.15822858297634754
1,4764,0.308177,0,0.13019684893180117
1,4457,0.528358,0,0.5294845166827037
1,4761,0.66035,0,0.579066402423634
1,863,0.067744,0,0.06489942846795048
1,6557,0.156872,0,0.13658981800015058
1,1560,0.685792,0,0.6121181680607924
1,1224,0.197176,0,0.26940122926630006
1,6289,0.243098,0,0.1827643300329423
1,3612,0.074607,0,0.07057444575098916
1,5989,0.030837,0,0.1182406467608212
1,1464,0.005807,0,0.01105170803069485
1,4512,0.12544,0,0.14054203024429857
1,2809,0.415618,0,0.3460031925717938
1,773,0.155592,0,0.17377620620166648
1,5651,0.661176,0,0.7001370110435307
1,5598,0.153284,0,0.1600806167547956
1,6000,0.132094,0,0.14851986993324517
1,2274,0.236073,0,0.3189918665926951
1,7290,0.59666,0,0.6101912850397833
1,7013,0.322066,0,0.20434736812002333
1,7306,0.25798,0,0.34831557376107397
1,3130,0.427832,0,0.5640520749773592
1,3683,0.456164,0,0.35159365343040044
1,1439,0.208254,0,0.3433021496703822
1,510,0.061394,0,0.059749232266324497
1,2222,0.738428,0,0.7533697083489443
1,4476,0.811497,0,0.8855837218087104
1,6521,0.111913,0,0.11117958731087263
1,4263,0.306127,0,0.28559022579322985
1,583,0.51106,0,0.6283151985925592
1,6030,0.799143,0,0.8383166824119798
1,1577,0.234306,0,0.17229569798455704
1,7381,0.500016,0,0.5966039582124182
1,6204,0.536088,0,0.4329399667137088
1,471,0.278017,0,0.28649446496640957
1,505,0.046911,0,0.08354703457405105
1,6795,0.139117,0,0.15531933865032646
1,1123,0.210919,0,0.2068777176565696
1,2955,0.309854,0,0.5337410118338999
1,4086,0.847206,0,0.9679670030019624
1,6990,0.841976,0,0.7817135013929167
1,687,0.827518,0,0.7604076945281404
1,20,0.630793,0,0.6956546266979764
1,6362,0.030848,0,0.057347276093274
1,1130,0.17201,0,0.23105558039926896
1,3362,0.463347,0,0.5114208446290814
1,4277,0.03693,0,0.05260914637667858
1,1176,0.305345,0,0.24712778608985442
1,3539,0.304095,0,0.2502906296510299
1,2699,0.587594,0,0.37914701116683597
1,4302,0.735514,0,0.7825352233547977
1,6825,0.018199,0,0.03689885181715893
1,4669,0.630271,0,0.5268165467248402
1,6413,0.774799,0,0.597490960046649
1,4704,0.143431,0,0.3296151115897452
1,1781,0.343027,0,0.490046161213984
1,1885,0.644246,0,0.6251273523267615
1,4992,0.748332,0,0.5103308692780671
1,1325,0.581848,0,0.6777401572627084
1,1138,0.107516,0,0.23222243524754863
1,1471,0.237359,0,0.21633284068286207
1,2139,0.636586,0,0.5944280712141554
1,3004,0.827021,0,0.8158818365181171
1,4157,0.188378,0,0.17886724615803437
1,3771,0.522562,0,0.6801655935401387
1,1748,0.022164,0,0.03820311133311015
1,5562,0.621388,0,0.6428641375626714
1,7037,0.081943,0,0.09961391150351558
1,3093,0.835594,0,0.7738831953162293
1,566,0.751315,0,0.5310292763001335
1,1549,0.060352,0,0.070940039456681
1,601,0.367825,0,0.4841743117591727
1,4942,0.46612,0,0.3788216168430047
1,4341,0.372893,0,0.2551966829741671
1,3346,0.171588,0,0.3147748281091277
1,1289,0.446954,0,0.3530121128414556
1,5315,0.541642,0,0.4644567852608071
1,2872,0.761611,0,0.9841851268719622
1,1202,0.810709,0,0.49858009655042557
1,4490,0.140682,0,0.24191596130148924
1,1467,0.245514,0,0.2802505094918315
1,876,0.021071,0,0.03755767840688569
1,7260,0.741474,0,0.7533878429402185
1,2966,0.198257,0,0.23018544411104175
1,2758,0.45094,0,0.5549560790710728
1,3172,0.087305,0,0.09812955568043967
1,1184,0.059048,0,0.10493880539139501
1,2532,0.031644,0,0.08379766164796772
1,462,0.17972,0,0.22866375468820072
1,7002,0.212332,0,0.43027308953893584
1,7007,0.365783,0,0.45972262231400524
1,7059,0.252649,0,0.161229255959075
1,4382,0.065433,0,0.07069148148213823
1,409,0.657126,0,0.522748432700428
1,7477,0.433362,0,0.46836103307129306
1,1,0.026173,0,0.09735595222131815
1,3247,0.442375,0,0.5300907657611068
1,317,0.078416,0,0.07265042812563573
1,6470,0.779433,0,0.5402595216203138
1,574,0.066465,0,0.25368200913538674
1,266,0.416057,0,0.40210290848821784
1,1850,0.191173,0,0.300735798093715
1,5050,0.647565,0,0.6424161475245282
1,6267,0.043782,0,0.11680882693079872
1,7341,0.20477,0,0.4477400300760222
1,2732,0.811438,0,0.9154798041135044
1,2445,0.167871,0,0.28739493803089156
1,5196,0.245771,0,0.4225975041016865
1,3637,0.66962,0,0.6176499394585927
1,2926,0.156828,0,0.3788048810723665
1,554,0.05592,0,0.0997697596932161
1,6995,0.152897,0,0.19883590851486396
1,7259,0.556551,0,0.47247077189800235
1,6227,0.380314,0,0.3467544214713858
1,3284,0.119041,0,0.0951994293130471
1,5468,0.017871,0,0.06738493043218624
1,1150,0.609444,0,0.6199943402867943
1,6072,0.140582,0,0.1288901629620548
1,3582,0.587273,0,0.6689335281842862
1,2206,0.076883,0,0.11653727958936552
1,1062,0.165842,0,0.3232787461653681
1,6238,0.145569,0,0.15140236439377405
1,5568,0.773001,0,0.7422489664608353
1,2103,0.018622,0,0.022985594350326134
1,4255,0.008453,0,0.013344538481132097
1,373,0.279174,0,0.2838910887977699
1,3452,0.784277,0,0.913653611233342
1,1674,0.117847,0,0.06179773710683506
1,2959,0.395001,0,0.4330485379890474
1,6693,0.834501,0,0.8891241074751949
1,1193,0.10636,0,0.20837178801942194
1,5673,0.416794,0,0.34311458725981137
1,609,0.300516,0,0.3541854996492342
1,1772,0.359052,0,0.21574318065117917
1,2716,0.828109,0,0.7840446522474377
1,7491,0.810478,0,0.8475304228166086
1,1286,0.559419,0,0.45140567356712086
1,7464,0.328476,0,0.32742299384154505
1,1071,0.693533,0,0.7021430203422631
1,1839,0.350622,0,0.2908513556538359
1,6457,0.148524,0,0.09498807677630729
1,5067,0.277743,0,0.22206559688292768
1,2878,0.103275,0,0.04719655418050685
1,6749,0.721289,0,0.6370020625846278
1,3534,0.329422,0,0.350557102633788
1,1574,0.181948,0,0.22698572217454455
1,5674,0.095842,0,0.04952208158743088
1,2803,0.277165,0,0.2342343277435886
1,6332,0.152111,0,0.2073924795189508
1,1997,0.631717,0,0.7211331295454821
1,470,0.048159,0,0.07048509375295264
1,2040,0.202455,0,0.09071542642551286
1,3977,0.346886,0,0.29421899666901136
1,677,0.217282,0,0.22756808562736158
1,7392,0.143984,0,0.19406781770880405
1,1946,0.11315,0,0.14224153068154102
1,3543,0.220726,0,0.19086967017818426
1,4633,0.384164,0,0.1668435241794486
1,878,0.151458,0,0.2158798277360112
1,56,0.094147,0,0.16436881864199282
1,3745,0.491066,0,0.3947209209218774
1,2702,0.761732,0,0.576494230668098
1,7045,0.353947,0,0.3300773049928412
1,6297,0.674667,0,0.5884286784722955
1,3060,0.098651,0,0.19680813908499728
1,1148,0.128246,0,0.2266813279495597
1,1566,0.07478,0,0.14495364051474655
1,2257,0.184126,0,0.2296274956844916
1,6367,0.740132,0,0.7009952253393892
1,4636,0.155149,0,0.15101270181783033
1,6561,0.83693,0,0.9598378100735143
1,3412,0.070944,0,0.13454064416139672
1,4194,0.112458,0,0.21732783380257967
1,6150,0.63037,0,0.7180255095894282
1,1586,0.556397,0,0.4977536325792444
1,3250,0.514552,0,0.5977770054195327
1,7448,0.641108,0,0.6178681182171252
1,7231,0.099415,0,0.14139213150010826
1,988,0.26442,0,0.3252795811380652
1,4025,0.483152,0,0.42423125025242625
1,1422,0.397176,0,0.28646279970042515
1,5891,0.077142,0,0.08172820208092588
1,7243,0.02633,0,0.05018236264123328
1,5849,0.210059,0,0.45600811604411784
1,605,0.421638,0,0.4265765151033669
1,2765,0.170249,0,0.2832926946351239
1,3294,0.454045,0,0.518155836439531
1,5860,0.17289,0,0.3118506034499718
1,4114,0.651531,0,0.5449927561906094
1,5520,0.596807,0,0.4609044864776838
1,3308,0.210769,0,0.23223390191109058
1,3635,0.161407,0,0.29694988528452493
1,5789,0.835603,0,0.8699844312167426
1,4765,0.048954,0,0.054895601455607394
1,996,0.71334,0,0.38820486306116514
1,2186,0.067853,0,0.0753936860562952
1,5264,0.207589,0,0.19251502022668415
1,2314,0.595275,0,0.5076254821584881
1,7033,0.223398,0,0.16747125419311928
1,4265,0.063636,0,0.10756977932400726
1,1346,0.082988,0,0.12475671203965037
1,823,0.741959,0,0.6375432021201509
1,6495,0.446583,0,0.4242439882149763
1,473,0.725418,0,0.3687292623566982
1,3880,0.166507,0,0.2108700425652664
1,6404,0.505903,0,0.5958253358958552
1,4486,0.10516,0,0.19090114438996014
1,5949,0.064332,0,0.0634968633156236
1,2020,0.139535,0,0.16811737931705129
1,523,0.155104,0,0.2782960187830861
1,1882,0.314367,0,0.24251571529832353
1,5889,0.188745,0,0.11336409342481074
1,6294,0.488311,0,0.44338285558657675
1,4104,0.546783,0,0.769139872980843
1,4365,0.066447,0,0.08241920073834066
1,4775,0.294435,0,0.1513060845605004
1,190,0.769271,0,0.5589578983897002
1,6663,0.16232,0,0.23383364015140198
1,3061,0.193469,0,0.4245622718041201
1,6369,0.802141,0,0.8937861335048815
1,6648,0.25719,0,0.23312700923053103
1,3934,0.347161,0,0.39601652279158095
1,5992,0.390041,0,0.5487757311965153
1,4122,0.562028,0,0.3202093032652524
1,5090,0.206065,0,0.210853329474348
1,499,0.103414,0,0.14834139926624357
1,3930,0.320922,0,0.3530280698856016
1,306,0.279364,0,0.46237561060985893
1,3559,0.788841,0,0.6865457976070267
1,6772,0.159453,0,0.23197970811541538
1,6354,0.701465,0,0.4941504800508301
1,346,0.113745,0,0.2583777089180167
1,7307,0.78674,0,0.47079593240598544
1,941,0.652986,0,0.6468053267012472
1,1838,0.551462,0,0.5000589488461753
1,1919,0.03932,0,0.058121244988456416
1,6156,0.012082,0,0.021611349269225102
1,5515,0.563096,0,0.5291398403783953
1,6900,0.161081,0,0.1713731672611954
1,3655,0.686647,0,0.598518223551112
1,3217,0.48792,0,0.4557653585124933
1,3341,0.31894,0,0.3122685105624614
1,1544,0.697101,0,0.4718002239577216
1,3540,0.56156,0,0.5795917107232104
1,2756,0.317563,0,0.5281096403194826
1,3398,0.644029,0,0.42225409773196615
1,431,0.23761,0,0.30298919554244014
1,6014,0.438068,0,0.46884775621249125
1,5780,0.220678,0,0.31326889797917784
1,705,0.290634,0,0.18873207092673694
1,2260,0.370735,0,0.44289708930445254
1,6644,0.171487,0,0.3192198769288715
1,1449,0.201475,0,0.1507327619739185
1,327,0.318587,0,0.3441851977664854
1,3802,0.125444,0,0.17470081349786912
1,6088,0.032261,0,0.058796271668729964
1,5778,0.128186,0,0.4265391429464021
1,372,0.740493,0,0.703137042061612
1,5832,0.237047,0,0.2561097243593289
1,6517,0.844389,0,0.8073641141619029
1,4686,0.547926,0,0.3582930543008636
1,5718,0.330037,0,0.28390591351994393
1,855,0.652249,0,0.6204235083592712
1,7114,0.212156,0,0.3483535277744219
1,6480,0.718847,0,0.6964046136096348
1,5630,0.657941,0,0.6606169432351189
1,1330,0.191998,0,0.14019239663625577
1,195,0.481412,0,0.4423737417359388
1,2409,0.290022,0,0.27360095897050185
1,7398,0.515779,0,0.4161800347223771
1,2962,0.759325,0,0.504667486945675
1,299,0.687174,0,0.6103323627595093
1,3610,0.595435,0,0.64567023672677
1,559,0.344318,0,0.21237982986077275
1,1010,0.37729,0,0.5631393485911707
1,4874,0.409059,0,0.29079462968492115
1,4496,0.793911,0,0.5937756681281373
1,2439,0.150185,0,0.11446206554530221
1,4537,0.8302,0,0.849388970674531
1,5962,0.211256,0,0.2638478368498161
1,6979,0.416121,0,0.44521404734540077
1,2322,0.14163,0,0.19980080803303285
1,6429,0.267104,0,0.2429489448574815
1,3589,0.145992,0,0.14305754828119216
1,1895,0.314344,0,0.19384267033900754
1,4564,0.325666,0,0.3487278333271144
1,3496,0.191305,0,0.17328856884359745
1,1416,0.714207,0,0.678640377832119
1,4889,0.798616,0,0.8360415494555499
1,693,0.294144,0,0.6227110105592394
1,3810,0.250741,0,0.15986182710111527
1,3591,0.347644,0,0.2883008672985997
1,161,0.842745,0,0.8227818650739995
1,2517,0.023438,0,0.05128011714882523
1,2338,0.269192,0,0.2561718249211395
1,6509,0.213174,0,0.2583331850595622
1,2503,0.083475,0,0.09503089095096759
1,883,0.066244,0,0.11790390467949616
1,2991,0.247532,0,0.3009477249863675
1,4962,0.185652,0,0.31812773769712516
1,370,0.339076,0,0.5119538934743977
1,6994,0.786548,0,0.5853135747491909
1,6239,0.348859,0,0.40381261676179514
1,2094,0.423777,0,0.5027243102550871
1,5595,0.220153,0,0.3589643265064592
1,5788,0.766123,0,0.7132587322850272
1,719,0.34066,0,0.20995314878683985
1,4517,0.723755,0,0.7004400190634704
1,451,0.248146,0,0.12201676051666781
1,6886,0.055434,0,0.09939933005936916
1,4898,0.382286,0,0.5285755771256654
1,4998,0.111243,0,0.12478774598990951
1,6334,0.208326,0,0.22356653666634246
1,1998,0.074404,0,0.1480890228389341
1,2143,0.247745,0,0.2491855297429652
1,6653,0.11219,0,0.25568252522613105
1,954,0.55133,0,0.5853230575814318
1,3583,0.794547,0,0.504290900273747
1,7031,0.618051,0,0.5050532040722409
1,1843,0.170336,0,0.18719142963485103
1,1989,0.098849,0,0.19669484495537187
1,650,0.353565,0,0.3890213964833776
1,2797,0.072663,0,0.25417313289315785
1,698,0.29969,0,0.3880837724745615
1,3856,0.22482,0,0.2011121135700279
1,1779,0.124169,0,0.11515906776046504
1,2935,0.532681,0,0.42417118178293267
1,6564,0.52589,0,0.30549603215630267
1,3623,0.547713,0,0.515798228834823
1,4220,0.093875,0,0.12841471999942713
1,6054,0.156487,0,0.20809617393817523
1,6300,0.175676,0,0.22749664487076007
1,5958,0.51286,0,0.46384285699064687
1,3068,0.575054,0,0.38814009096885005
1,4098,0.335161,0,0.6056535839348601
1,5394,0.22122,0,0.24649804106437168
1,6299,0.378932,0,0.33395777416411865
1,842,0.125995,0,0.15088711743582534
1,5712,0.415624,0,0.2447653367569721
1,4119,0.110844,0,0.1129144205442038
1,1074,0.189602,0,0.08706394265440541
1,2734,0.498031,0,0.5085713099284906
1,2504,0.306393,0,0.17642530022145309
1,1722,0.689777,0,0.34016181043528754
1,3117,0.263244,0,0.16003848229613626
1,7213,0.273788,0,0.39416414091515267
1,3690,0.63807,0,0.8152820438840651
1,6113,0.76567,0,0.5099720674061805
1,5326,0.057692,0,0.11943329188167204
1,4085,0.087814,0,0.19566231284842062
1,717,0.122015,0,0.10740882030388813
1,5522,0.689422,0,0.5244815919512968
1,3265,0.232711,0,0.22568117077498742
1,1922,0.406416,0,0.39617537705946676
1,4288,0.574357,0,0.6363924371395251
1,7020,0.250816,0,0.37187650387939686
1,6788,0.175847,0,0.28507725338100437
1,2173,0.380794,0,0.5404001346623593
1,4896,0.12658,0,0.24167392489951275
1,6869,0.831237,0,0.8381466667301299
1,6737,0.374479,0,0.4294417632387471
1,1078,0.12124,0,0.11155091768756406
1,682,0.296263,0,0.39498448313852896
1,1524,0.257511,0,0.25219378493353156
1,6919,0.190656,0,0.23101585486364165
1,6871,0.575489,0,0.42679284445749205
1,1357,0.816607,0,0.9279408780229391
1,6554,0.458885,0,0.41910702141635664
1,964,0.630443,0,0.43003081745422506
1,4147,0.358355,0,0.39263576950719387
1,1611,0.328479,0,0.2282380603466697
1,6807,0.221601,0,0.14175376953880994
1,14,0.049082,0,0.14498192243178595
1,3784,0.26016,0,0.34868497973071483
1,3711,0.052719,0,0.04261354188881608
1,5611,0.812907,0,0.888502065501888
1,6727,0.799055,0,0.7483605428267486
1,1219,0.807409,0,0.64175491320849
1,2008,0.260821,0,0.17358751406789036
1,1279,0.190259,0,0.18609588930478912
1,5796,0.771705,0,0.9169371060030493
1,7042,0.815707,0,0.9628661767201276
1,5496,0.177827,0,0.36127929374495027
1,2414,0.087807,0,0.048632497415531266
1,3291,0.776446,0,0.47225075388566623
1,7229,0.029749,0,0.06753467100040283
1,1532,0.484641,0,0.47507764864242447
1,113,0.830664,0,0.8219200618335755
1,5415,0.193727,0,0.15332094892738785
1,7173,0.146949,0,0.11283628529322892
1,7295,0.188896,0,0.2840547934124407
1,1353,0.101723,0,0.129266705752138
1,2750,0.032297,0,0.054231391333985524
1,6723,0.512221,0,0.4231737759045939
1,3241,0.246055,0,0.3232800641419978
1,4875,0.367467,0,0.2855769046638027
1,1268,0.647237,0,0.5807048624203471
1,1221,0.159008,0,0.19353512558975522
1,1968,0.30445,0,0.24326602025675834
1,2077,0.009544,0,0.01342190140980985
1,1894,0.459896,0,0.5180540131097415
1,3316,0.093458,0,0.06768553509642891
1,1421,0.112026,0,0.14121543914790047
1,4929,0.198305,0,0.21618682015275062
1,1334,0.424209,0,0.45400928425108983
1,2498,0.800635,0,0.5842899829733441
1,3600,0.792542,0,0.8097041585169495
1,6398,0.063534,0,0.11011954377339579
1,2497,0.125945,0,0.3000127346524777
1,2876,0.294086,0,0.2981295311135264
1,4286,0.250081,0,0.23577867255638912
1,4380,0.655851,0,0.5536539205272268
1,1442,0.119944,0,0.09085382972636816
1,5082,0.097254,0,0.18505262670738584
1,2381,0.805491,0,0.5527331846639303
1,2543,0.055894,0,0.23340174674902475
1,1629,0.820868,0,0.8467302666064187
1,4218,0.734504,0,0.6071546121944233
1,1750,0.243418,0,0.30276142746725776
1,2704,0.001238,0,0.002901838113559726
1,4932,0.472858,0,0.2899708640460434
1,7261,0.317183,0,0.1809802464506186
1,5742,0.414891,0,0.383687371001256
1,2367,0.301098,0,0.29669147509099736
1,483,0.378405,0,0.5670575687532342
1,3625,0.038587,0,0.08580785090320572
1,5768,0.539283,0,0.49870485080321497
1,4301,0.042176,0,0.11543363072007724
1,3455,0.296695,0,0.3796022999127736
1,6392,0.781031,0,0.6227402509308287
1,2617,0.153074,0,0.1390567240727855
1,7137,0.827228,0,0.8759384146442108
1,475,0.124073,0,0.13382563976721623
1,4346,0.63714,0,0.44338643186186444
1,2784,0.099436,0,0.11428475663058962
1,1402,0.113428,0,0.07987377075293156
1,5813,0.415053,0,0.4037154206130616
1,1591,0.05745,0,0.11251942139744739
1,3345,0.044672,0,0.050136746537010356
1,6118,0.479851,0,0.468938129751353
1,6296,0.505169,0,0.6714266772080343
1,6139,0.098667,0,0.2510497511914039
1,3146,0.730131,0,0.7451182778319301
1,6274,0.708893,0,0.613266576424877
1,1870,0.495916,0,0.689316421749178
1,3024,0.665657,0,0.5283847092076
1,5378,0.66616,0,0.3994806926413251
1,4661,0.14847,0,0.3382155745939737
1,2451,0.326375,0,0.4189512014600723
1,6388,0.160212,0,0.26236681426007546
1,7318,0.124035,0,0.19281265199011716
1,2435,0.425205,0,0.2985935290650755
1,4770,0.363632,0,0.6285582443181371
1,4395,0.311895,0,0.4555955176412942
1,7462,0.612073,0,0.6945767474256983
1,318,0.757694,0,0.7834501682439712
1,5384,0.343554,0,0.3231560530552452
1,3876,0.087018,0,0.15070633186052584
1,6038,0.04572,0,0.06674365319535368
1,770,0.404849,0,0.4156763659334836
1,788,0.512706,0,0.46409590015971824
1,6604,0.198212,0,0.23444851770218567
1,3641,0.744186,0,0.7808629827427807
1,6011,0.243559,0,0.2505628825139101
1,7289,0.136672,0,0.153232106795034
1,5348,0.244105,0,0.1393053455341485
1,1213,0.68092,0,0.38708582763382965
1,834,0.284326,0,0.5625289323973252
1,702,0.548477,0,0.6149082488834102
1,1993,0.102003,0,0.10916908217716995
1,6374,0.272282,0,0.36168515488579833
1,5392,0.527438,0,0.4016696868009833
1,3502,0.845244,0,0.9412437669843258
1,3505,0.187693,0,0.16157748091714108
1,5987,0.024518,0,0.06407035456668336
1,2665,0.022056,0,0.041036554789778495
1,2364,0.461827,0,0.45066763524545717
1,2085,0.113158,0,0.1380401829168871
1,2378,0.201242,0,0.1316522046476294
1,4738,0.239257,0,0.36012351883467975
1,100,0.35791,0,0.4542299353815701
1,4728,0.623705,0,0.5835733064166442
1,5869,0.843246,0,0.8708150348379982
1,6439,0.209475,0,0.2855054551848892
1,849,0.786072,0,0.6744431546452879
1,5307,0.496008,0,0.4259338451763598
1,2822,0.388242,0,0.46408538609993144
1,7034,0.100638,0,0.09023950075578892
1,7201,0.578783,0,0.5867436272352542
1,5759,0.226449,0,0.24839601715986212
1,4184,0.39833,0,0.19401866570325796
1,2227,0.035961,0,0.12662753354812598
1,919,0.263477,0,0.4764533901641357
1,3000,0.848892,0,0.7845836023710567
1,4813,0.188654,0,0.34773371671670056
1,2635,0.056901,0,0.14883407467603135
1,397,0.089111,0,0.1488450999239338
1,5823,0.19979,0,0.16921246730273054
1,5727,0.055711,0,0.0955751576437604
1,150,0.449536,0,0.3554954003565168
1,1077,0.248434,0,0.2759466095282713
1,537,0.518351,0,0.39543111156532357
1,5606,0.026892,0,0.0779008446751904
1,412,0.05871,0,0.15157706195399537
1,2855,0.637364,0,0.5335586636494026
1,4855,0.501085,0,0.5113047449116599
1,4639,0.304688,0,0.3857733613848795
1,7385,0.346441,0,0.39472121895299667
1,6753,0.061509,0,0.15208757006025656
1,501,0.429365,0,0.5743867951723944
1,2813,0.038517,0,0.08344267661670692
1,504,0.18782,0,0.30179158540414136
1,3478,0.426222,0,0.31248705650973313
1,5861,0.260083,0,0.3245081854043096
1,2898,0.094387,0,0.24118444065854303
1,924,0.077802,0,0.0736949325621728
1,1965,0.427115,0,0.571027030601108
1,3233,0.37628,0,0.49344821937373606
1,3995,0.364714,0,0.3368874971394248
1,2228,0.245389,0,0.2879192771483953
1,2461,0.114287,0,0.17648737336658687
1,2074,0.42845,0,0.4112072874952531
1,5635,0.489571,0,0.6450970181402587
1,5085,0.072406,0,0.05626991010746796
1,7327,0.205677,0,0.22890303837299036
1,281,0.185085,0,0.12581505641061952
1,5802,0.24385,0,0.2429242902123459
1,6515,0.33783,0,0.5147868297836026
1,3439,0.8179,0,0.9757774345436447
1,6363,0.218146,0,0.3417994930292081
1,772,0.123869,0,0.16951648837230068
1,2390,0.278107,0,0.22527998405110183
1,3140,0.269862,0,0.36158877763097075
1,2631,0.147996,0,0.09964022971968094
1,5058,0.73472,0,0.7489379920723067
1,4000,0.286674,0,0.1273761269926051
1,4003,0.562038,0,0.6295037687871899
1,4179,0.633191,0,0.8111284521317881
1,3517,0.202506,0,0.22631157958694498
1,2426,0.314678,0,0.332489202956033
1,2523,0.24752,0,0.35573528130852916
1,245,0.095913,0,0.10871571901617233
1,3808,0.739687,0,0.39658983068859166
1,7460,0.198871,0,0.1298217504746876
1,3602,0.351276,0,0.21607660737912646
1,2349,0.308899,0,0.4223305285733754
1,1177,0.491234,0,0.4447414696434854
1,3940,0.310045,0,0.19719405777798826
1,6567,0.494689,0,0.30907375913640445
1,46,0.800842,0,0.7985696728418057
1,4744,0.766862,0,0.6627644102194172
1,2161,0.463351,0,0.47502143087960075
1,1406,0.833217,0,0.6867583191416574
1,6904,0.425052,0,0.2691081342937978
1,3733,0.034755,0,0.07030044616751155
1,1869,0.546884,0,0.44769683272356264
1,1817,0.468621,0,0.5183682495472094
1,3286,0.512136,0,0.5299916397887869
1,2002,0.377137,0,0.4052823725767637
1,4609,0.384036,0,0.32091266563511567
1,359,0.37773,0,0.5580554261731552
1,7178,0.425818,0,0.4330111861285734
1,3448,0.346209,0,0.22773898974095264
1,2172,0.801217,0,0.7396824273476991
1,2640,0.464309,0,0.55167073328253
1,2333,0.286312,0,0.3428186083903714
1,7163,0.038491,0,0.07110369618318518
1,7386,0.142662,0,0.20839899644741633
1,1774,0.680963,0,0.586414518879638
1,7012,0.188969,0,0.20163042890723357
1,5299,0.222682,0,0.16779653638190195
1,651,0.057084,0,0.128614000738805
1,3186,0.616591,0,0.6542249581858788
1,3803,0.697089,0,0.7740980198400205
1,3948,0.771435,0,0.5501081210889114
1,5102,0.845481,0,0.9066108552731155
1,4507,0.158335,0,0.12089774978299098
1,3922,0.235046,0,0.29697189502036814
1,7097,0.304329,0,0.45569884120514614
1,273,0.193961,0,0.22654626126623958
1,4591,0.70697,0,0.7980846688146234
1,4055,0.697428,0,0.6300144553665186
1,1376,0.799166,0,0.8214048012242751
1,4936,0.421872,0,0.42549447236384963
1,1320,0.175487,0,0.2162558661072344
1,2255,0.009549,0,0.007697939700336946
1,7442,0.046155,0,0.10722504357776408
1,7047,0.600244,0,0.35271229259305376
1,2254,0.4575,0,0.5640892520506378
1,4574,0.046503,0,0.08465906895621063
1,3221,0.316553,0,0.23417829259210032
1,7356,0.028489,0,0.07701960573093937
1,2421,0.635376,0,0.34192483754598024
2,3868,0.994464,1,0.9948500205393368
2,4246,0.978463,1,0.9621326305608778
2,3941,0.99757,1,0.9978075868767868
2,5933,0.90105,1,0.864624994361367
2,838,0.997429,1,0.9918928924751299
2,3295,0.999797,1,0.9987554949067493
2,5820,0.986829,1,0.9651339006492632
2,1880,0.98688,1,0.9899398309204216
2,2597,1.0,1,0.9999999063295087
2,5566,0.998748,1,0.9957164332689503
2,21,0.990704,1,0.9847762470009891
2,3671,0.999663,1,0.9983810097534941
2,5034,0.998593,1,0.9846120494153541
2,1759,0.99997,1,0.9999274106687038
2,5500,0.994311,1,0.9894031747569357
2,741,0.999997,1,0.9999857886210725
2,5510,0.878323,1,0.9327441234315157
2,3756,0.999991,1,0.9999747293578557
2,7070,0.999806,1,0.9989177793280801
2,7038,0.918376,1,0.8925083112093415
2,4438,0.999995,1,0.9999935995497861
2,1861,0.895304,1,0.9092295367108022
2,2940,0.996173,1,0.993596440641679
2,2271,0.99999,1,0.9999638465745452
2,1240,0.965178,1,0.9102832494015993
2,7383,0.975702,1,0.9804376988036801
2,1332,1.0,1,0.999999995799234
2,6074,0.992528,1,0.9791200961972215
2,587,0.999974,1,0.9999253159842627
2,6821,0.999928,1,0.9996509097404451
2,443,0.999946,1,0.9997440511424788
2,800,0.999997,1,0.9999715667129152
2,5390,0.995078,1,0.9869668453510195
2,4159,0.880918,1,0.5249290574064988
2,674,0.999866,1,0.9996627541414258
2,969,0.999251,1,0.9984656809715504
2,2877,0.955963,1,0.963383417214471
2,634,0.979195,1,0.9682729484148412
2,4138,0.999756,1,0.9986393510067466
2,3506,0.859805,1,0.9115772781300787
2,6709,0.893685,1,0.7885044064950919
2,5329,0.890897,1,0.8440829973804805
2,6178,0.880709,1,0.6594360543886457
2,4060,0.999004,1,0.9973663918190334
2,1793,0.900392,1,0.8553299948738055
2,6386,0.997402,1,0.9863575721454421
2,1448,0.939595,1,0.9085010340646335
2,3605,0.86613,1,0.7551533082074603
2,5442,0.999432,1,0.9981689509046181
2,1199,0.997995,1,0.9957792021875903
2,1947,0.999708,1,0.9992054038457069
2,5530,0.984987,1,0.9707726450592394
2,287,0.992501,1,0.9825503187410202
2,1775,0.984537,1,0.9919585485195987
2,7018,0.999999,1,0.9999946739587513
2,4069,0.98885,1,0.9570311399860888
2,3707,0.990537,1,0.9797449737912278
2,5421,0.99995,1,0.9995020714141178
2,6403,0.895925,1,0.7274656996932235
2,4192,1.0,1,0.9999999840351006
2,565,0.955853,1,0.9094658527211954
2,5643,0.998596,1,0.9957806656296404
2,6819,0.996645,1,0.9952602513032114
2,6306,0.998382,1,0.997930329355621
2,6237,0.990489,1,0.9926217749400729
2,390,0.964625,1,0.964362438759919
2,2298,0.999977,1,0.9998478733592604
2,3390,0.998423,1,0.9956826989070698
2,5575,0.880093,1,0.7452302726139393
2,4334,0.959424,1,0.8909790177430099
2,2250,1.0,1,0.9999999778101856
2,6802,0.999999,1,0.9999899291550317
2,5754,0.878941,1,0.8209813078072782
2,4682,1.0,1,0.9999999956460164
2,7474,0.876816,1,0.8049670444907927
2,1896,0.985066,1,0.9823415801721803
2,3736,0.999989,1,0.9999364723418636
2,1114,1.0,1,0.9999971803031218
2,4210,0.964834,1,0.9616395391746935
2,2096,0.998662,1,0.994620615831435
2,2450,0.894386,1,0.9667553757690637
2,1412,0.981618,1,0.9789482016500383
2,6964,0.980429,1,0.9732874587271219
2,6600,0.996264,1,0.9912954511019528
2,4101,0.996001,1,0.9932798406658085
2,4427,0.999651,1,0.998882220672719
2,3160,0.997782,1,0.9899433710550427
2,7061,0.99897,1,0.9946951332845564
2,205,0.924343,1,0.9297386489604308
2,2929,0.878704,1,0.9380948795711489
2,1661,0.993582,1,0.9895436912993965
2,7333,0.98561,1,0.9839287430810111
2,2383,0.999184,1,0.9978841027808265
2,6811,0.992592,1,0.9856502976280492
2,7360,0.985899,1,0.9883567060800713
2,4472,0.862499,1,0.9404806191529868
2,2041,0.997592,1,0.9882426284250674
2,3006,0.996838,1,0.9936656435230273
2,5112,0.999998,1,0.9999869804313622
2,7247,0.874319,1,0.8887206902083262
2,6603,1.0,1,0.9999964583608039
2,760,0.999699,1,0.999218050785869
2,4977,0.999928,1,0.9998071301035373
2,731,0.859767,1,0.8208558445549674
2,3157,0.984246,1,0.9759755532747688
2,4811,0.854789,1,0.7533470860285842
2,419,0.998954,1,0.9923420597962137
2,1506,0.992295,1,0.9855657897737481
2,4347,0.996116,1,0.9963009564867529
2,6583,0.999997,1,0.9999850552679171
2,5055,0.862244,1,0.8177321997152173
2,4659,0.999994,1,0.9999645994983332
2,2463,0.99118,1,0.9896680307744666
2,6902,0.999636,1,0.9992297423656891
2,2288,0.999251,1,0.9965668405350939
2,3792,0.850089,1,0.8078563145330202
2,1490,0.853167,1,0.8325694387146768
2,685,0.998831,1,0.9979279884775638
2,6672,0.880365,1,0.8340087904939383
2,5487,0.854164,1,0.8127735889123187
2,7262,0.988636,1,0.9806502964603844
2,1811,0.999537,1,0.9992066135626775
2,5601,1.0,1,0.9999991139854768
2,6431,0.999946,1,0.9996718911944442
2,5572,0.863236,1,0.934451330608724
2,1192,0.998048,1,0.9960760372319702
2,7351,0.999243,1,0.9975706904314501
2,2513,0.995181,1,0.9909215960716434
2,2535,0.999999,1,0.9999825284322977
2,2082,0.994053,1,0.9900037897368615
2,1835,0.890076,1,0.9872745661982799
2,3628,0.999943,1,0.9998562605277265
2,1029,0.942105,1,0.916246411215306
2,2856,0.999487,1,0.9979344998847968
2,4314,0.948411,1,0.8535865901659189
2,2588,0.98513,1,0.9706939036705206
2,7116,0.99957,1,0.9993163273151788
2,1570,0.99995,1,0.9996890393800139
2,1904,0.993674,1,0.9788968778425201
2,3225,0.915935,1,0.8919409336211623
2,4613,0.998985,1,0.9948207160175365
2,517,0.999368,1,0.9977886225885714
2,6784,0.886216,1,0.8524817591785031
2,6273,0.992285,1,0.9932031626966615
2,5499,0.999933,1,0.9996310305955122
2,6313,0.994301,1,0.9788904599319093
2,4795,0.999008,1,0.9987424690716405
2,5698,0.99981,1,0.999051077055946
2,3112,0.999596,1,0.9983750507738379
2,3872,0.993327,1,0.9869555380519404
2,3192,0.999291,1,0.99879544265627
2,2470,0.902348,1,0.822066071881872
2,2348,0.994206,1,0.9860295460437093
2,749,0.851011,1,0.8221020717492761
2,3029,0.990046,1,0.9852750747644556
2,6611,0.999952,1,0.9997645829531101
2,847,0.972458,1,0.9623763306555834
2,1311,0.996919,1,0.9976285410300009
2,1815,0.97925,1,0.936903056879392
2,1122,0.895749,1,0.8342488824011274
2,6039,0.993627,1,0.9936599429980839
2,6728,0.993743,1,0.982025236561902
2,6181,0.99694,1,0.9949545716100413
2,2685,0.999844,1,0.9987751129931761
2,2194,0.977342,1,0.9730475251794048
2,178,0.861432,1,0.8533076302329288
2,1752,0.994372,1,0.9706328768604002
2,4401,0.999924,1,0.9989700897168953
2,2306,0.999998,1,0.9999801335842771
2,6134,0.936205,1,0.9208642540587735
2,4083,0.998366,1,0.9959840493621441
2,5882,0.999982,1,0.9999030764440806
2,5874,0.998421,1,0.9961089083814695
2,4741,0.99995,1,0.9998356688253179
2,1381,0.088131,0,0.21622092141876204
2,1232,0.689798,0,0.6654158420623918
2,5043,0.22669,0,0.21543203261410585
2,6628,0.133974,0,0.309855674388468
2,4757,0.314647,0,0.22802070467700594
2,1678,0.38053,0,0.32706161118183513
2,4243,0.566181,0,0.536538660766819
2,4296,0.148747,0,0.1561165042056057
2,2068,0.475872,0,0.26396969695017997
2,6344,0.261395,0,0.17951560651052995
2,379,0.58082,0,0.6390596579580599
2,4201,0.240808,0,0.26873180167242544
2,1955,0.202462,0,0.1524918524113073
2,7099,0.11409,0,0.10137784013182004
2,636,0.374122,0,0.16489092480755013
2,6342,0.187378,0,0.2862879169844277
2,3023,0.092403,0,0.10264265478311455
2,7057,0.450463,0,0.309997766837428
2,1603,0.427801,0,0.5971557201731779
2,6182,0.322559,0,0.39206486774696603
2,2262,0.200777,0,0.35511578731528065
2,6793,0.820287,0,0.7204062304708355
2,1670,0.333371,0,0.39702880042384747
2,3042,0.171656,0,0.15220553368231063
2,1530,0.684884,0,0.6977073842506168
2,3829,0.037402,0,0.04519644369245039
2,7006,0.017761,0,0.1383026053136027
2,364,0.581364,0,0.6800078276399495
2,2434,0.312954,0,0.2531887300681064
2,6243,0.6717,0,0.5884327018851566
2,405,0.123841,0,0.13838666125599536
2,7471,0.044434,0,0.08667782362736386
2,2788,0.106165,0,0.10712845785539815
2,4065,0.303377,0,0.3379235332101142
2,295,0.422187,0,0.4950734332027141
2,3342,0.43651,0,0.2811292818504882
2,123,0.442879,0,0.4190510821327277
2,2240,0.553515,0,0.6324225825278957
2,965,0.598744,0,0.726004486297218
2,1978,0.427939,0,0.29351089941141756
2,3340,0.317347,0,0.3032518560049466
2,676,0.070009,0,0.23054063451593457
2,5714,0.090998,0,0.10824068473019695
2,594,0.192539,0,0.27534451028716583
2,3074,0.625968,0,0.5767274067379172
2,5174,0.440909,0,0.43697111876494327
2,3310,0.023546,0,0.04053290923932226
2,2111,0.829335,0,0.6988428864028389
2,4181,0.618909,0,0.5550847927537025
2,2943,0.196815,0,0.5374548159953233
2,6260,0.302406,0,0.376605037177131
2,829,0.479066,0,0.530552756137311
2,4860,0.092196,0,0.15312240198297158
2,4809,0.296703,0,0.4616088995002522
2,3972,0.307618,0,0.24021147572614063
2,3356,0.045348,0,0.12585441690700655
2,1860,0.474737,0,0.30648538476279397
2,780,0.036702,0,0.10675457829004627
2,3897,0.081581,0,0.06712316801379882
2,2462,0.097102,0,0.2413449241419899
2,1491,0.274169,0,0.24773613017325624
2,5401,0.660546,0,0.5805558493347112
2,3254,0.428319,0,0.42213738643931287
2,2683,0.271301,0,0.17246885172640455
2,7246,0.418457,0,0.30582395666579043
2,4258,0.705728,0,0.48081539091854614
2,2315,0.233834,0,0.40188202346534957
2,4713,0.512374,0,0.586030633590277
2,272,0.052408,0,0.08692692901446986
2,2125,0.181426,0,0.25025778529356535
2,5531,0.637746,0,0.7198348842838702
2,4168,0.413489,0,0.48738567964266566
2,7276,0.226223,0,0.21067218686808514
2,84,0.383419,0,0.36568775784000385
2,5931,0.203336,0,0.16098830479778684
2,4638,0.108378,0,0.1890744362056915
2,5599,0.217621,0,0.1958622314841266
2,5009,0.8121,0,0.6460204947892284
2,2547,0.059019,0,0.09025281892694384
2,2326,0.342471,0,0.30160797006269396
2,1310,0.031816,0,0.0385656441443839
2,3082,0.524841,0,0.4807406158076826
2,4223,0.839865,0,0.9767404816073829
2,902,0.441372,0,0.4393480333398881
2,4683,0.511926,0,0.4849016042066081
2,4264,0.577969,0,0.4751445170373304
2,5527,0.202778,0,0.35301697054102094
2,6151,0.825434,0,0.8450883224124793
2,5700,0.138105,0,0.20551234856632344
2,1715,0.765457,0,0.9164187475190856
2,5548,0.777036,0,0.5525744572905634
2,3588,0.827479,0,0.8837290176011074
2,1189,0.033293,0,0.15155717996879142
2,4134,0.586687,0,0.46839219657666614
2,7206,0.165916,0,0.2292873259383379
2,6438,0.051,0,0.10200231246088882
2,5241,0.078382,0,0.12591618385541165
2,4018,0.176974,0,0.2664236095094512
2,6257,0.34841,0,0.29435310026810724
2,3364,0.479758,0,0.656472231377598
2,851,0.523069,0,0.3423234290533699
2,3530,0.35053,0,0.3872722612834611
2,6016,0.301144,0,0.3640923144256413
2,2454,0.651047,0,0.4059728148761822
2,6035,0.185554,0,0.12138305649520695
2,114,0.081548,0,0.11086386860601125
2,3026,0.457841,0,0.25902859353181146
2,4485,0.457223,0,0.38876191775583274
2,2817,0.222939,0,0.1320227257693573
2,4280,0.827222,0,0.7497252917933076
2,3541,0.489452,0,0.45442341742518333
2,1619,0.196212,0,0.17079984177737387
2,3403,0.558599,0,0.3793017161480574
2,2417,0.259496,0,0.16314016113693658
2,1056,0.210728,0,0.308724476318475
2,5371,0.392976,0,0.4296476438232574
2,5215,0.575172,0,0.43530777065036025
2,1798,0.453642,0,0.34465505297356697
2,6275,0.07562,0,0.11219635913530544
2,3870,0.329367,0,0.4425146364976097
2,6702,0.272924,0,0.2572379883797068
2,1252,0.309939,0,0.20003220925404747
2,4934,0.346098,0,0.33590257115282685
2,3630,0.299939,0,0.38590461727080194
2,2411,0.159949,0,0.332399184065622
2,6373,0.053196,0,0.13577654345383866
2,5472,0.729859,0,0.6015732146525009
2,6391,0.563992,0,0.599869803798934
2,1513,0.549731,0,0.4916944599624859
2,4032,0.213238,0,0.10453982751615745
2,6256,0.191385,0,0.2734721205952041
2,6120,0.715688,0,0.9385505525440376
2,1225,0.055006,0,0.17313433529871106
2,494,0.473974,0,0.4753822428839817
2,3633,0.157312,0,0.08309221076569369
2,6241,0.211234,0,0.15904844649193214
2,4413,0.195571,0,0.14128005989731315
2,3188,0.570479,0,0.3693718946676919
2,3738,0.805846,0,0.858931975307821
2,4930,0.069673,0,0.1609181038162957
2,4887,0.437374,0,0.6004089724453856
2,5843,0.05873,0,0.054724843088189416
2,1745,0.767035,0,0.6977081853724804
2,1345,0.084722,0,0.07985414625898314
2,4143,0.100106,0,0.15932042812095235
2,6475,0.614685,0,0.32609735711851745
2,4458,0.030774,0,0.07647354313334571
2,4969,0.181312,0,0.20238228300642
2,7405,0.685695,0,0.6275387614723488
2,5932,0.701384,0,0.8239643437752451
2,154,0.024498,0,0.032686592389013704
2,6484,0.156908,0,0.22395303469130534
2,2081,0.101049,0,0.1284888540665375
2,5988,0.169042,0,0.24849421484919404
2,2214,0.158788,0,0.2400787415000975
2,1878,0.25234,0,0.2127656318388175
2,4645,0.254768,0,0.34713140156311345
2,1374,0.08509,0,0.05546882267854226
2,3768,0.236177,0,0.32744004069684174
2,4868,0.721471,0,0.7864889645964506
2,340,0.079871,0,0.11719783758920892
2,1988,0.716543,0,0.626202924553526
2,3902,0.554399,0,0.7036826361555726
2,2395,0.567892,0,0.49928694846803456
2,455,0.018756,0,0.039471548321379335
2,5596,0.119034,0,0.22385237376219116
2,3092,0.43901,0,0.6034435484982078
2,6057,0.25724,0,0.22100761561182528
2,1953,0.283272,0,0.27501246459339257
2,5521,0.847434,0,0.7280006250405007
2,6483,0.452527,0,0.4211771239728597
2,1510,0.19555,0,0.13687032886710504
2,6271,0.268282,0,0.3615030884529321
2,3931,0.061235,0,0.09342477190594096
2,1871,0.287704,0,0.225474340049988
2,3413,0.080497,0,0.06399150259912054
2,2900,0.180116,0,0.17493924266343475
2,2835,0.084507,0,0.17327826749656158
2,4897,0.071923,0,0.12300866498977354
2,7266,0.448055,0,0.38341285829148214
2,3436,0.506035,0,0.24534539504244937
2,962,0.53576,0,0.6467925127034496
2,1317,0.119219,0,0.20600854939768293
2,6082,0.46794,0,0.34822831411794636
2,3044,0.065166,0,0.15037049400542146
2,5564,0.102826,0,0.09445166186372528
2,3767,0.420241,0,0.37158750109727795
2,911,0.139627,0,0.20379282997985096
2,3814,0.185382,0,0.3254005025984432
2,3489,0.635789,0,0.4985057105397482
2,3487,0.810464,0,0.6921683507344619
2,6655,0.470959,0,0.6253283219871686
2,6384,0.796436,0,0.6996435322067172
2,7192,0.126085,0,0.20394354131675319
2,2520,0.386074,0,0.4353165949654456
2,1389,0.009709,0,0.039944756153454046
2,5258,0.308222,0,0.39979018679560413
2,3114,0.767594,0,0.8143547179880559
2,3595,0.022279,0,0.039530158829010544
2,3035,0.355932,0,0.48894456615084997
2,6816,0.285219,0,0.22240672689152363
2,4390,0.461568,0,0.5419555544220248
2,2687,0.254151,0,0.29383042504370505
2,5872,0.334512,0,0.3393396429525777
2,4077,0.359327,0,0.4082413507806758
2,1142,0.295369,0,0.27925636684177546
2,164,0.084309,0,0.09836170791986462
2,7226,0.305894,0,0.19469480048648397
2,6210,0.057342,0,0.07604927917819078
2,5259,0.387338,0,0.15950229115736472
2,2657,0.435723,0,0.6290419033068738
2,5113,0.152103,0,0.26489713979428925
2,2444,0.194104,0,0.1902285066015761
2,3748,0.016331,0,0.021837673657880106
2,2927,0.202795,0,0.24252324403221437
2,6023,0.174991,0,0.20168351921250322
2,4095,0.129857,0,0.15681225172621274
2,3731,0.279506,0,0.240614189986311
2,3613,0.843661,0,0.9359707830286857
2,6522,0.368065,0,0.3191871390877076
2,1730,0.207991,0,0.14395541731627556
2,6500,0.113876,0,0.13116331355314576
2,886,0.545946,0,0.5981268788441688
2,5985,0.197035,0,0.3999380369355886
2,4402,0.475843,0,0.46716424412311175
2,3201,0.660102,0,0.6026120903624222
2,5746,0.666253,0,0.7827861221444009
2,1580,0.192656,0,0.17993756660066532
2,2430,0.531913,0,0.491872795958089
2,6587,0.582534,0,0.5322133980371907
2,6685,0.013479,0,0.04024988942329818
2,5061,0.040773,0,0.11024325459977834
2,2138,0.408803,0,0.44462722763754287
2,3574,0.419965,0,0.4501204737218266
2,5702,0.401079,0,0.38647696163169504
2,3347,0.074904,0,0.21417025458473918
2,4451,0.65319,0,0.6024427994027136
2,6327,0.074282,0,0.15846372290714353
2,6098,0.191505,0,0.308224481936542
2,5305,0.180208,0,0.2526535841695179
2,5111,0.046106,0,0.026113870699763415
2,7488,0.374191,0,0.45049024309903474
2,7399,0.130099,0,0.11262768952178764
2,3350,0.595706,0,0.6525440630284711
2,2904,0.202175,0,0.27728707161688304
2,2890,0.275374,0,0.2845259635016545
2,2388,0.725069,0,0.703277681954066
2,1303,0.225173,0,0.3930338252989766
2,4928,0.30303,0,0.3228960456212586
2,2692,0.066539,0,0.2661583223214803
2,768,0.09098,0,0.25398283080077255
2,3321,0.291347,0,0.34159544118911983
2,3343,0.180801,0,0.22892535405255157
2,4723,0.044699,0,0.17045847721374144
2,5665,0.687357,0,0.5825685103283382
2,662,0.527962,0,0.44391291722135967
2,4611,0.285386,0,0.5437440351417833
2,4604,0.144144,0,0.18173023342760683
2,745,0.111825,0,0.1887801262456733
2,4557,0.631647,0,0.6486697726016837
2,2975,0.795994,0,0.8861686339852901
2,304,0.590511,0,0.623135734677033
2,1866,0.531242,0,0.45088367986440037
2,4284,0.008252,0,0.01895350436618867
2,5757,0.408431,0,0.30237424811215596
2,2253,0.011034,0,0.029816354627751788
2,238,0.118598,0,0.20231052818742534
2,6720,0.245044,0,0.4050993995667474
2,2740,0.300155,0,0.43294081504730947
2,351,0.023665,0,0.034084058382821504
2,2522,0.841786,0,0.9585309467037675
2,2365,0.184496,0,0.19168154361428608
2,5042,0.022487,0,0.02877546963799471
2,4049,0.198514,0,0.17025072230303606
2,4266,0.259206,0,0.19403944457538047
2,1379,0.461495,0,0.5803242552019705
2,4108,0.235408,0,0.2194303897405622
2,4313,0.086661,0,0.1047901822289519
2,2727,0.821283,0,0.8470131714984726
2,3472,0.143044,0,0.2648250474157317
2,4488,0.071371,0,0.052580239766786774
2,5687,0.779114,0,0.7535047792523613
2,3618,0.13173,0,0.18177567767079061
2,2899,0.196036,0,0.18158042474997765
2,1163,0.528429,0,0.5239274625051759
2,4257,0.747105,0,0.6400101352471452
2,6548,0.264796,0,0.33958588548180674
2,4044,0.101623,0,0.09305350038237939
2,3256,0.106352,0,0.07790216311104509
2,3791,0.083315,0,0.09856576460571591
2,3190,0.122433,0,0.15214962883351105
2,6073,0.145441,0,0.15918841162452568
2,3223,0.037418,0,0.03639156100723474
2,5919,0.336945,0,0.25348720598576147
2,7376,0.843308,0,0.7844348848173213
2,1409,0.826305,0,0.6806336356435382
2,4079,0.797562,0,0.7084863764560176
2,37,0.424879,0,0.5194644058385626
2,102,0.494361,0,0.5227335510407878
2,2757,0.240451,0,0.20004693573289473
2,6894,0.299277,0,0.23041755589001522
2,5218,0.131053,0,0.0776702698103473
2,5838,0.079335,0,0.12806443393436015
2,875,0.226104,0,0.2044242394784866
2,6406,0.477521,0,0.36444958501302854
2,6187,0.534797,0,0.33938820238512885
2,1668,0.520797,0,0.40747508522545345
2,3361,0.645646,0,0.5855687556967085
2,2156,0.592267,0,0.35169554945136616
2,6950,0.247502,0,0.20075737837706267
2,2807,0.678403,0,0.69720535488681
2,5779,0.303757,0,0.36894321403423413
2,3144,0.394771,0,0.4862650180216578
2,1828,0.1248,0,0.2984742623658955
2,1173,0.229257,0,0.16077416090926344
2,5134,0.593957,0,0.34171359885300995
2,3634,0.292897,0,0.2558316040892076
2,766,0.268351,0,0.23631782565419193
2,6866,0.025408,0,0.04674908737093948
2,4432,0.196652,0,0.23996247776712726
2,1116,0.786019,0,0.6721398515495796
2,6572,0.510419,0,0.31139585555047594
2,1285,0.776726,0,0.6108310903441686
2,4398,0.391415,0,0.6104451128916981
2,5103,0.112154,0,0.1552688811519812
2,3846,0.133441,0,0.15637604995030024
2,1770,0.155171,0,0.2416664980825381
2,3735,0.793939,0,0.6982205564525531
2,3155,0.070322,0,0.19701908664523426
2,269,0.239708,0,0.28135910100875783
2,5068,0.133827,0,0.10426550073671001
2,5592,0.11018,0,0.1437183452726379
2,2519,0.339029,0,0.27604953330325965
2,3094,0.761423,0,0.8619539581581461
2,6493,0.279532,0,0.45940246002091006
2,3797,0.437574,0,0.469540869212883
2,5096,0.814563,0,0.7431841244025356
2,6066,0.087298,0,0.2458997210433559
2,6927,0.68156,0,0.7595651933869753
2,2059,0.607234,0,0.5017306497998174
2,734,0.675887,0,0.6902995356159938
2,2259,0.213053,0,0.36222255430099776
2,6556,0.134689,0,0.42423059234445754
2,6487,0.12076,0,0.16177664345201798
2,3528,0.275514,0,0.15432616721113532
2,6479,0.098157,0,0.09899002595508224
2,5114,0.135869,0,0.2704253376067375
2,6703,0.041322,0,0.19456393518627166
2,5594,0.556272,0,0.6732295782385571
2,556,0.07062,0,0.13235014037697368
2,7461,0.003718,0,0.01753053609747848
2,3500,0.516506,0,0.5553990871359004
2,5298,0.142758,0,0.2797033893017154
2,1151,0.127045,0,0.07794255449312136
2,2329,0.742642,0,0.4947057076614774
2,1790,0.066807,0,0.09175884037964362
2,5837,0.329863,0,0.20268167444211174
2,6853,0.608712,0,0.5028940259120461
2,2710,0.697079,0,0.7684741742169885
2,3757,0.518231,0,0.5329649491707851
2,2592,0.415793,0,0.565178480778191
2,3607,0.051633,0,0.07797825470750668
2,5729,0.826902,0,0.7919383257113348
2,7324,0.467608,0,0.42390588462642254
2,6516,0.310179,0,0.30767146141242696
2,7103,0.779549,0,0.7305872295668677
2,2666,0.164179,0,0.1739825711866466
2,6716,0.55868,0,0.5646853020559433
2,1429,0.621476,0,0.5053950420462271
2,2112,0.673913,0,0.5176569250486525
2,6336,0.036683,0,0.11294731131176153
2,6870,0.387072,0,0.39747853323069837
2,6052,0.026909,0,0.04836273895399446
2,4197,0.078928,0,0.1774063515148282
2,3067,0.242757,0,0.39599075539649825
2,3423,0.803718,0,0.7283111354444384
2,754,0.597106,0,0.7011524733451932
2,6698,0.187489,0,0.10828086183391453
2,152,0.333488,0,0.3362929798571321
2,1568,0.464916,0,0.513377664922918
2,5245,0.244107,0,0.32853953166326577
2,6465,0.331745,0,0.32024695624200844
2,1081,0.467084,0,0.512019251855094
2,7427,0.138776,0,0.15399089399011326
2,4202,0.237872,0,0.6353402141960407
2,5514,0.187383,0,0.2905633094785215
2,4714,0.059506,0,0.13876721913843817
2,3579,0.07638,0,0.12336866643652465
2,3776,0.291376,0,0.40859565816648596
2,5163,0.607299,0,0.5387319097803325
2,2191,0.83743,0,0.759681739700009
2,1239,0.236931,0,0.19287808250217742
2,6496,0.459114,0,0.6883332475714392
2,5927,0.426796,0,0.37694857533208703
2,7221,0.791838,0,0.9320697924123418
2,4545,0.528906,0,0.46083056558118174
2,5429,0.32145,0,0.5500037699549152
2,3659,0.205369,0,0.1891259637632925
2,3799,0.436444,0,0.2767932079031121
2,5634,0.39737,0,0.16998900160155458
2,2818,0.035715,0,0.0842268256638182
2,5731,0.061948,0,0.20270710505362574
2,1459,0.514161,0,0.4758134287296259
2,5605,0.38926,0,0.5137733770145078
2,3279,0.422683,0,0.3905767136002374
2,7412,0.133292,0,0.21775359204517872
2,3358,0.383573,0,0.6502086835163375
2,2528,0.183032,0,0.12320721648541874
2,5781,0.672442,0,0.5394350926739211
2,869,0.263473,0,0.45989785636423813
2,5486,0.335668,0,0.37966471852394357
2,2303,0.301801,0,0.3881913296029285
2,202,0.081891,0,0.2631582781011222
2,6634,0.372348,0,0.3830475213674354
2,12,0.456206,0,0.5091586958894601
2,1256,0.029446,0,0.05846293435343172
2,4357,0.657275,0,0.6411924186058308
2,4136,0.146701,0,0.2253711219748188
2,4007,0.29244,0,0.28664284788326194
2,2037,0.142161,0,0.2520272805223668
2,1872,0.288969,0,0.38896486496203353
2,5304,0.417114,0,0.6214486329973072
2,2931,0.147079,0,0.12966036799664443
2,2736,0.125427,0,0.14107484100285592
2,1646,0.092866,0,0.3013194951841068
2,5105,0.328858,0,0.5796071462214828
2,1217,0.174724,0,0.1328731698982591
2,1762,0.2988,0,0.4715961077840596
2,1995,0.064254,0,0.08027380084053887
2,2775,0.093595,0,0.10151185965700552
2,2984,0.745073,0,0.7368216327880261
2,2273,0.235406,0,0.11161450672763343
2,1129,0.761881,0,0.5287905861475706
2,1172,0.04207,0,0.09045965937008706
2,2248,0.005615,0,0.03498303710331227
2,4847,0.502107,0,0.47174928604790717
2,2197,0.221663,0,0.30441748681090214
2,6800,0.701236,0,0.7782824054957483
2,5086,0.178279,0,0.27651758895146633
2,4890,0.687336,0,0.48465006482164874
2,2124,0.046518,0,0.07917344982698153
2,5395,0.325343,0,0.45127731894956574
2,435,0.336443,0,0.4731837665037982
2,2668,0.103093,0,0.13438542705384676
2,1238,0.118978,0,0.10512862917036252
2,6326,0.218285,0,0.44927263616891316
2,1290,0.279347,0,0.29621517628786154
2,4518,0.014919,0,0.07072480647740681
2,1259,0.165703,0,0.32214920749044995
2,6858,0.139484,0,0.10098498917586034
2,4415,0.796263,0,0.8828235383717187
2,5485,0.400353,0,0.44751591998609397
2,3533,0.032971,0,0.03355825616616802
2,2088,0.117986,0,0.26777857686624884
2,2449,0.233532,0,0.20367707770369858
2,6813,0.016145,0,0.04963317565109268
2,4208,0.038095,0,0.08118049903729091
2,4871,0.249433,0,0.3593461288958019
2,4594,0.545714,0,0.45996927930715936
2,3484,0.068907,0,0.10902900721488738
2,1683,0.714027,0,0.5204960486220194
2,6700,0.18846,0,0.312413949256262
2,4717,0.337858,0,0.2941594846667868
2,3245,0.185903,0,0.13101962810688014
2,1959,0.364251,0,0.44942482783841625
2,4073,0.013915,0,0.056747361451585
2,3141,0.194465,0,0.24186701030289517
2,6743,0.498984,0,0.40253604359325545
2,5816,0.481912,0,0.5396823765834806
2,3305,0.256765,0,0.29055857894104936
2,3036,0.292602,0,0.29497457856823295
2,3603,0.540909,0,0.41725335499673916
2,647,0.05698,0,0.16917082715490944
2,3304,0.627105,0,0.8512155351597585
2,3374,0.090621,0,0.11064199888290178
2,2393,0.626717,0,0.4745014385512748
2,6471,0.129056,0,0.25790611942103153
2,3504,0.775599,0,0.3854078186028596
2,3681,0.178713,0,0.11495212279329213
2,511,0.140062,0,0.14710403425577673
2,2781,0.708157,0,0.5436251231522911
2,999,0.529523,0,0.515220654962706
2,234,0.547464,0,0.7029600128222667
2,3395,0.148655,0,0.1277732593328052
2,5939,0.283725,0,0.16878899146107415
2,2610,0.447921,0,0.4637953965440977
2,6899,0.191137,0,0.19058504813457555
2,6123,0.361405,0,0.3008076130436428
2,3482,0.311814,0,0.2118983026705145
2,3565,0.626291,0,0.517115857651905
2,4554,0.136777,0,0.16114298221154996
2,3037,0.257567,0,0.16708800527512352
2,4058,0.19911,0,0.22755851319064846
2,2961,0.341726,0,0.2890389463131517
2,426,0.765746,0,0.6359806337110138
2,1546,0.259358,0,0.2911768284347526
2,2663,0.389634,0,0.27234861864320165
2,1930,0.791088,0,0.6298516695275852
2,1867,0.26083,0,0.23940881730833333
2,5356,0.073301,0,0.23733996069848762
2,5123,0.076714,0,0.07113584755938984
2,5022,0.12595,0,0.23947561326726688
2,5006,0.249058,0,0.25733274009232227
2,4315,0.123788,0,0.1978934990198269
2,3447,0.331722,0,0.3830850241030929
2,6518,0.455758,0,0.11784657724430969
2,1136,0.580789,0,0.7553743350281146
2,322,0.177262,0,0.24699615554316476
2,5716,0.813611,0,0.6426102627854504
2,1933,0.041882,0,0.10640822018529164
2,976,0.166898,0,0.18485559240838942
2,5439,0.131348,0,0.19060531125731775
2,3998,0.014645,0,0.018743337519407707
2,6934,0.099527,0,0.14794324551633425
2,36,0.26221,0,0.22003406295512426
2,2476,0.052002,0,0.10259609322783934
2,1181,0.172124,0,0.3168716082984622
2,3411,0.133643,0,0.12183520222866942
2,4805,0.065487,0,0.045768511905479314
2,2718,0.799044,0,0.8481137824461898
2,3665,0.056801,0,0.14321651747156516
2,4226,0.366018,0,0.3792701052768802
2,4575,0.350854,0,0.4045601165383773
2,991,0.147994,0,0.21820083624982115
2,6890,0.065357,0,0.12560615611215745
2,1703,0.415363,0,0.4797094041885781
2,1118,0.770916,0,0.7108754055102411
2,5946,0.632027,0,0.7018457945865633
2,2087,0.282824,0,0.21363012538763088
2,5692,0.510896,0,0.6300068836859827
2,7452,0.304865,0,0.5375701294778047
2,2317,0.183649,0,0.17220144366066284
2,1901,0.277853,0,0.27729138172375595
2,627,0.37099,0,0.34913784898829403
2,4773,0.598953,0,0.505538444124512
2,801,0.111026,0,0.19201455463236866
2,5990,0.289031,0,0.3989139482193064
2,5591,0.30807,0,0.29221288550750113
2,1182,0.733119,0,0.594607544905042
2,3601,0.028955,0,0.06630730303584839
2,1149,0.26385,0,0.39114909602607745
2,6930,0.024234,0,0.07223154979840037
2,2609,0.070466,0,0.07855530488680053
2,4374,0.131882,0,0.1662430776054236
2,961,0.610921,0,0.583688387001927
2,7272,0.817575,0,0.7043337590254661
2,6881,0.296034,0,0.25519174050157334
2,2793,0.801716,0,0.7016769496805906
2,86,0.43824,0,0.3475502003732209
2,4546,0.370817,0,0.4346958893061024
2,7470,0.544782,0,0.43208939167828575
2,5505,0.180346,0,0.2839404577340837
2,7076,0.344537,0,0.30478579944976364
2,6343,0.751893,0,0.7158932945580713
2,943,0.110312,0,0.13322834239796988
2,5513,0.090755,0,0.20077140213499897
2,69,0.202465,0,0.18261594708839962
2,572,0.187288,0,0.3180737975479325
2,6091,0.360859,0,0.3731348959111924
2,3255,0.280383,0,0.16667521659398338
2,5026,0.198727,0,0.2806570097025119
2,1696,0.443633,0,0.491298282658256
2,5155,0.470061,0,0.5228507937703971
2,2621,0.127048,0,0.21666639046712516
2,1030,0.122863,0,0.10602630033172188
2,3268,0.187969,0,0.2745103534588417
2,642,0.042955,0,0.06844853629265626
2,6345,0.291215,0,0.2641533831160765
2,276,0.119526,0,0.11349071969312799
2,7296,0.041322,0,0.09311429210258312
2,2566,0.367478,0,0.2605458196143354
2,5187,0.32268,0,0.1725163893059747
2,3572,0.355288,0,0.3241526530855258
2,4205,0.259478,0,0.23174347404952994
2,7160,0.118247,0,0.1599381635756026
2,6848,0.079352,0,0.09872739309991886
2,461,0.189715,0,0.1718819808122363
2,199,0.67124,0,0.4911023342606638
2,1536,0.772105,0,0.7510886639443977
2,1910,0.531909,0,0.6297957800418766
2,3843,0.022525,0,0.04739525233361658
2,6063,0.595311,0,0.5135364106947066
2,7250,0.332939,0,0.6250503967846013
2,7358,0.589061,0,0.422444734822415
2,1183,0.279844,0,0.20553127655419648
2,94,0.094416,0,0.11934281900476393
2,2820,0.17795,0,0.31334477805556804
2,2815,0.791782,0,0.8084067552842478
2,3973,0.07389,0,0.06249308146667233
2,6192,0.062448,0,0.15396152638636873
2,3726,0.085137,0,0.11334088998912638
2,4331,0.279842,0,0.30034698560461626
2,664,0.025521,0,0.07439745515044052
2,6159,0.735812,0,0.6817294574696211
2,6018,0.230282,0,0.3716481025110887
2,5578,0.800121,0,0.976069075108408
2,1697,0.68193,0,0.7489917772071102
2,2654,0.794801,0,0.7664457639940299
2,6218,0.199228,0,0.25519508283164366
2,6067,0.154219,0,0.12434269841159144
2,4117,0.210142,0,0.25244436944375803
2,4234,0.234942,0,0.11805786263944895
2,1702,0.554437,0,0.4830785003416239
2,3320,0.589506,0,0.7311998754656239
2,7362,0.677017,0,0.6500286323090336
2,716,0.784836,0,0.7106914826919075
2,2154,0.236136,0,0.247266263102524
2,5158,0.307065,0,0.3671018033397863
2,3150,0.14475,0,0.3229807615590714
2,2318,0.626657,0,0.4676102816903378
2,5320,0.551295,0,0.36651230797299517
2,3569,0.739963,0,0.7189040590431338
2,321,0.074255,0,0.2904960284521118
2,4275,0.136918,0,0.24293870573728896
2,4423,0.776694,0,0.7141650962863401
2,1253,0.214511,0,0.23349934260133487
2,629,0.188569,0,0.15705356726724118
2,1614,0.130849,0,0.2649143350619466
2,4566,0.401061,0,0.3763030803676233
2,5897,0.484653,0,0.6654907822073243
2,1519,0.120582,0,0.314622517606158
2,3824,0.177726,0,0.24794516940958294
2,6459,0.10149,0,0.21742338892239665
2,1205,0.167844,0,0.1342582364248922
2,874,0.691974,0,0.4257234216137263
2,5080,0.289519,0,0.18100630851825436
2,4231,0.579846,0,0.6229882129300689
2,1363,0.106178,0,0.14156697921567446
2,4187,0.702082,0,0.3262859513569849
2,4535,0.270545,0,0.34105238951138916
2,825,0.334367,0,0.5218841080208002
2,3098,0.647088,0,0.4937003527793612
2,467,0.772902,0,0.651472640161081
2,7044,0.735246,0,0.5804832683690351
2,6888,0.831122,0,0.8019138269700101
2,1980,0.600116,0,0.48431260927825603
2,366,0.221459,0,0.24406116226792288
2,2624,0.097982,0,0.15188934485582048
2,4435,0.837586,0,0.92847449907004
2,5208,0.048747,0,0.12259636224022037
2,929,0.292725,0,0.21057061609601602
2,2133,0.124816,0,0.12756467223185802
2,5830,0.606399,0,0.6714333232805803
2,3324,0.806783,0,0.8808982590986265
2,2661,0.607583,0,0.5324096248270195
2,5032,0.674506,0,0.6236387245779976
2,210,0.216476,0,0.3314877403457056
2,236,0.844003,0,0.700867648735022
2,525,0.396661,0,0.35004266073282214
2,7316,0.344045,0,0.2731858095798016
2,4115,0.409056,0,0.3821693764281006
2,3134,0.11875,0,0.18620140569561197
2,5250,0.356472,0,0.27963255986929453
2,6316,0.033382,0,0.07463560313634827
2,4565,0.040159,0,0.08338018915777794
2,4350,0.83608,0,0.8687740197193895
2,2219,0.381169,0,0.4616206777771352
2,4820,0.488668,0,0.4941580327370086
2,6656,0.651591,0,0.44070620468465993
2,7202,0.085653,0,0.16399659294344932
2,4963,0.023077,0,0.030188160220437906
2,2098,0.326657,0,0.32127831731608514
2,1201,0.825947,0,0.9129348603820625
2,7001,0.2271,0,0.44413186715082725
2,602,0.210511,0,0.18403139484060124
2,3928,0.683504,0,0.6831775568507158
2,1842,0.010838,0,0.06705992098865303
2,3953,0.015476,0,0.029382196237394912
2,3518,0.02493,0,0.05050680910727614
2,5841,0.029343,0,0.06383807252359752
2,1920,0.755294,0,0.5264944140988583
2,1789,0.264184,0,0.49434789645188254
2,552,0.307939,0,0.3544426229020417
2,3821,0.08079,0,0.14036700020094173
2,2290,0.462384,0,0.3968002454598674
2,7036,0.390773,0,0.46758666240458613
2,2261,0.104442,0,0.11275060220322956
2,3274,0.195305,0,0.30894756470693435
2,3197,0.08288,0,0.1762428843767202
2,5722,0.828525,0,0.7729101695255328
2,2408,0.150014,0,0.16746254376441388
2,2054,0.132776,0,0.1037008436990458
2,5495,0.413754,0,0.46476635111858394
2,5321,0.36211,0,0.49891478763319536
2,5773,0.813625,0,0.9584516844868226
2,5121,0.616552,0,0.6166532860920361
2,5408,0.490785,0,0.6327440393589764
2,5033,0.404522,0,0.2684400034515999
2,2472,0.032314,0,0.05012835757658822
2,2599,0.143434,0,0.22607160494543338
2,6801,0.595178,0,0.5148160800735965
2,252,0.759806,0,0.7001225048335687
2,2686,0.068497,0,0.09139094291345151
2,5836,0.55983,0,0.4740984594511713
2,5095,0.840016,0,0.8337331244897508
2,289,0.600062,0,0.36525561043235316
2,2902,0.336941,0,0.2686572169830603
2,216,0.205268,0,0.3888988067047354
2,575,0.092332,0,0.07524438683480272
2,1343,0.140195,0,0.20386941320571525
2,1578,0.529337,0,0.5252542663550775
2,2084,0.581372,0,0.34972378493482026
2,1651,0.046456,0,0.11450962047533347
2,4766,0.065485,0,0.09638582283441408
2,1377,0.287961,0,0.3774200241424004
2,3381,0.427672,0,0.6679891464818551
2,3760,0.093559,0,0.1555260809530391
2,1709,0.266096,0,0.33867012603993696
2,5831,0.412757,0,0.33013115755984684
2,1782,0.149688,0,0.1180719138301135
2,6452,0.337308,0,0.2987514071681879
2,701,0.400506,0,0.5858962855437032
2,1284,0.637248,0,0.45375781443611385
2,5969,0.097464,0,0.1705069939829469
2,7139,0.156181,0,0.12021096047766786
2,936,0.439649,0,0.4120130522073349
2,3266,0.333625,0,0.2143434095507979
2,6945,0.827043,0,0.7543654626825483
2,690,0.316858,0,0.4135490340063589
2,6467,0.491325,0,0.4418332262874892
2,5330,0.594674,0,0.543559348659345
2,585,0.301259,0,0.41839512264526924
2,2541,0.406387,0,0.2673502194987902
2,224,0.507009,0,0.3567781909726601
2,7195,0.494856,0,0.6461463864115757
2,5502,0.432082,0,0.25984073655855666
2,6741,0.537576,0,0.31206232781779786
2,904,0.36372,0,0.5377606734732
2,4719,0.544402,0,0.5454274514116841
2,6877,0.753964,0,0.706187964950187
2,7062,0.849347,0,0.951161699458407
2,4531,0.028539,0,0.09013655411879105
2,1613,0.052566,0,0.09040340940747749
2,4608,0.651708,0,0.5772007305923164
2,448,0.190734,0,0.2532016207473632
2,3676,0.042894,0,0.0469798001911932
2,2416,0.236817,0,0.22160464940636046
2,2091,0.596868,0,0.6187095207467336
2,3097,0.510676,0,0.5562159568790853
2,4571,0.421676,0,0.43735860513312813
2,5039,0.802134,0,0.807439499306331
2,3834,0.74524,0,0.5376065404662336
2,6277,0.212191,0,0.5654541720740859
2,5887,0.565656,0,0.40936530746115
2,3312,0.320094,0,0.4140550391418345
2,3327,0.509386,0,0.304548778956561
2,1413,0.118051,0,0.08189957181933964
2,3858,0.046917,0,0.04764752818148352
2,2507,0.610925,0,0.524417036172666
2,4990,0.057427,0,0.2451092072124897
2,1664,0.118474,0,0.09087757933449814
2,7473,0.289075,0,0.3336420343456045
2,3627,0.0636,0,0.21754774992466924
2,3956,0.830102,0,0.6686883977703699
2,7181,0.379062,0,0.4845169275025942
2,3740,0.307195,0,0.5384707884606567
2,4103,0.192626,0,0.31793002840736806
2,4596,0.793833,0,0.6079360718159289
2,555,0.511054,0,0.47769490556304295
2,6976,0.340723,0,0.37180749703058413
2,291,0.111464,0,0.23244537816220384
2,3788,0.070074,0,0.16420405545420083
2,116,0.398637,0,0.3358987936229234
2,1385,0.111881,0,0.17043176734765667
2,1900,0.477369,0,0.3064266920033295
2,5230,0.848682,0,0.9357508368669807
2,7418,0.254761,0,0.1030329750791025
2,4532,0.375729,0,0.25002793379190646
2,7336,0.848325,0,0.9118063071855281
2,2978,0.060833,0,0.12253181282748252
2,5173,0.604605,0,0.6375614970411305
2,3778,0.764544,0,0.5453435282799448
2,5100,0.062303,0,0.07537546176547705
2,1931,0.362171,0,0.32572248022243255
2,515,0.151676,0,0.25727231056682903
2,7395,0.222801,0,0.32913605823290704
2,6683,0.400367,0,0.3200953071212437
2,909,0.088778,0,0.11181761505623103
2,6960,0.057215,0,0.09036867919861019
2,2795,0.617392,0,0.7007355120535055
2,6100,0.802472,0,0.5960891543281862
2,4492,0.011274,0,0.03136482870602867
2,1216,0.536893,0,0.25089689543026095
2,5409,0.522931,0,0.5930484102806594
2,4848,0.219814,0,0.10853286730193373
2,4595,0.291642,0,0.36728100605593417
2,774,0.604083,0,0.4691380823341702
2,5457,0.425208,0,0.33771421107506333
2,6967,0.137468,0,0.11285321835483378
2,213,0.572156,0,0.4683835164890462
2,1679,0.461622,0,0.37561705257323746
2,2346,0.805615,0,0.6500976328308044
2,1537,0.819032,0,0.8092954390757714
2,7015,0.178014,0,0.25805926062973344
2,5065,0.459233,0,0.31352396477770583
2,7463,0.144405,0,0.1319189779476389
2,5976,0.30978,0,0.30502574242335917
2,301,0.571932,0,0.5496453381375609
2,7168,0.186404,0,0.24135738178913235
2,5145,0.267986,0,0.28620776855329205
2,5614,0.402166,0,0.6604567524256173
2,1483,0.451416,0,0.4250862431522391
2,1907,0.167478,0,0.14190336579077975
2,6884,0.067218,0,0.13894777586114718
2,783,0.189819,0,0.2128867253491456
2,711,0.336114,0,0.313750493306083
2,2595,0.193211,0,0.36657815977777897
2,2356,0.02238,0,0.14023593815197272
2,1644,0.170479,0,0.22856384863560775
2,5475,0.043013,0,0.0926706101302641
2,4665,0.129795,0,0.1845739588875422
2,7436,0.840618,0,0.8169467573244474
2,6769,0.341848,0,0.23679080194441476
2,7445,0.170401,0,0.37948234952612353
2,1601,0.068528,0,0.10248977592820761
2,5214,0.256258,0,0.42517404634873196
2,2873,0.177932,0,0.2892482192830768
2,5493,0.105297,0,0.11744580893988694
2,3585,0.361141,0,0.25511506964161773
2,7397,0.359186,0,0.4508043514700475
2,2825,0.078045,0,0.045826303224814006
2,1006,0.12883,0,0.19688904185575115
2,5624,0.443301,0,0.2832391441531897
2,1708,0.553706,0,0.5233644056730996
2,4222,0.216831,0,0.15617945295041494
2,7011,0.215046,0,0.3055193923010205
2,2865,0.547962,0,0.5988563514155812
2,6633,0.842688,0,0.6523240086056431
2,4979,0.696625,0,0.7098202257507622
2,3443,0.028821,0,0.0794121670646326
2,657,0.038456,0,0.1312712734559472
2,1918,0.285454,0,0.30883664915764164
2,2009,0.255561,0,0.23922670087633027
2,1627,0.840035,0,0.7691223146055368
2,6971,0.681734,0,0.7161866782692544
2,6566,0.043603,0,0.13811552251420034
2,2218,0.071977,0,0.10408595840602215
2,1066,0.048559,0,0.15537522973159248
2,5428,0.408651,0,0.30444993278941634
2,3838,0.214796,0,0.2513476483337986
2,4607,0.492111,0,0.5141639237829676
2,686,0.618846,0,0.4852351290653201
2,6047,0.02903,0,0.02710372747136127
2,2238,0.278817,0,0.24589217388158405
2,2808,0.146128,0,0.17905799489032703
2,2475,0.061477,0,0.22144202693039097
2,4093,0.68393,0,0.5920482232760972
2,6851,0.322038,0,0.20252648467138934
2,2908,0.006726,0,0.014395967380062179
2,6767,0.392531,0,0.4464345736150425
2,7165,0.476432,0,0.4259168977749134
2,1876,0.691044,0,0.7172942736732348
2,3631,0.238516,0,0.32849591724207705
2,6424,0.30402,0,0.27960626817801343
2,1527,0.244352,0,0.22968344528944312
2,4615,0.783405,0,0.6722625034057126
2,3596,0.176834,0,0.11881482121746097
2,735,0.337853,0,0.20574479574300547
2,1859,0.290069,0,0.6334230136540691
2,144,0.084619,0,0.12215283288708007
2,7172,0.03692,0,0.08615519781555644
2,307,0.172864,0,0.17076401898921578
2,5867,0.833284,0,0.7297826846557307
2,5701,0.072914,0,0.09767477060066469
2,6623,0.001336,0,0.015449864370476974
2,1188,0.359644,0,0.4865611184116361
2,6512,0.298839,0,0.2561358715849606
2,6820,0.400232,0,0.32449796954196586
2,3073,0.082843,0,0.07367746672553768
2,4684,0.715065,0,0.44983818560309
2,2711,0.536418,0,0.43287712331149447
2,6279,0.020807,0,0.04045347392880576
2,362,0.544319,0,0.37421070519430244
2,6323,0.824551,0,0.6283816120404291
2,3568,0.837182,0,0.6844339190654185
2,3680,0.136777,0,0.33497322571859506
2,329,0.739291,0,0.6819264605979971
2,7219,0.378073,0,0.4287079595946432
2,4525,0.640152,0,0.48918817719863533
2,2948,0.529456,0,0.6010992003843988
2,2994,0.490808,0,0.31020700109376576
2,2854,0.512376,0,0.47111032659368324
2,1865,0.530017,0,0.309345690868057
2,1241,0.309566,0,0.2733198933772684
2,3051,0.008766,0,0.01580778164285121
2,5432,0.553581,0,0.6872101737432649
2,5751,0.296161,0,0.26244541187451237
2,4177,0.075238,0,0.14399310241016672
2,5091,0.593056,0,0.6393861300555883
2,3823,0.670774,0,0.8334608943510036
2,6490,0.517573,0,0.3468291227154885
2,7220,0.325452,0,0.18587800877278812
2,4555,0.353129,0,0.33404169018551727
2,5072,0.132189,0,0.2179399884494964
2,5709,0.430098,0,0.48676612064481306
2,6643,0.211701,0,0.22895297312850152
2,6347,0.380463,0,0.4178576202653177
2,3749,0.492751,0,0.4690769522675204
2,1826,0.002646,0,0.003921762855683236
2,7439,0.138506,0,0.16386771935630964
2,3267,0.380346,0,0.4137647021144189
2,4882,0.592667,0,0.5733274451981801
2,60,0.098221,0,0.12524430874145517
2,4994,0.552268,0,0.5204978623093773
2,7389,0.526508,0,0.5304141089542581
2,181,0.365532,0,0.4961738319468768
2,2331,0.022006,0,0.045804610481864884
2,1367,0.624935,0,0.6299396799977015
2,1521,0.096062,0,0.20123598224468753
2,4487,0.028242,0,0.11181644720770383
2,4424,0.048299,0,0.08041844429772821
2,4417,0.059136,0,0.03688666319847213
2,718,0.12853,0,0.12394923767022947
2,4975,0.500081,0,0.5209701473033891
2,497,0.570545,0,0.43653846206594277
2,3269,0.211934,0,0.28662010819600847
2,1384,0.807433,0,0.8033493892452103
2,4567,0.106324,0,0.07976058506130333
2,88,0.201253,0,0.19993615735337533
2,6610,0.396937,0,0.14603054410869418
2,3110,0.352139,0,0.4187683309975989
2,2148,0.166913,0,0.15642443522571087
2,493,0.480027,0,0.45719818516137256
2,4832,0.34445,0,0.39699732427322926
2,386,0.696055,0,0.8579722387546987
2,2359,0.130139,0,0.20788544994131866
2,54,0.132472,0,0.12099345053748949
2,4802,0.445841,0,0.2443379669881587
2,887,0.068976,0,0.12410286602569197
2,3406,0.115051,0,0.16758692825612378
2,3560,0.346851,0,0.34297802237588654
2,4419,0.238986,0,0.30671782111386825
2,3234,0.019275,0,0.03083448883147378
2,3670,0.791695,0,0.7703900372998281
2,6777,0.065786,0,0.11454370729708843
2,2135,0.605641,0,0.42300626088506943
2,1528,0.506528,0,0.3116314674217569
2,7086,0.232938,0,0.3891375315838199
2,600,0.703452,0,0.6850583924607029
2,1698,0.840488,0,0.855755381185626
2,6109,0.390662,0,0.19850340780021453
2,4183,0.722934,0,0.5624866041245077
2,576,0.102511,0,0.35036278654403635
2,1881,0.219035,0,0.4795545364662519
2,2221,0.306888,0,0.26909760329998134
2,5570,0.028961,0,0.02968340387831626
2,3422,0.031909,0,0.056132819856382486
2,360,0.270941,0,0.3648417224349124
2,2010,0.133652,0,0.12267026020413406
2,4249,0.76739,0,0.8229374219551029
2,5774,0.03148,0,0.04775479309424823
2,4166,0.402936,0,0.41539674902004037
2,7149,0.526031,0,0.451098622532246
2,1466,0.249525,0,0.35191960367836084
2,4838,0.080278,0,0.20984591966152322
2,6448,0.514975,0,0.4379898289869081
2,4475,0.111162,0,0.2573649897467275
2,3861,0.37734,0,0.5191190680805572
2,2263,0.309239,0,0.2065543232113256
2,889,0.71219,0,0.5524436856491417
2,908,0.369587,0,0.46608040606450996
2,1634,0.094222,0,0.13272551492242796
2,4411,0.345989,0,0.3298510600230674
2,1945,0.846625,0,0.7981340952199711
2,1403,0.208909,0,0.23849889068775776
2,4190,0.159057,0,0.23964831335188944
2,6491,0.792371,0,0.64184870626499
2,4354,0.53338,0,0.45513351985612716
2,2689,0.533345,0,0.5727895341513307
2,4513,0.547624,0,0.6172494066341698
2,5977,0.448696,0,0.4925100190495763
2,1414,0.34864,0,0.3059722966333371
2,2033,0.018792,0,0.04612628570225195
2,6828,0.173503,0,0.16454389470883615
2,3770,0.596844,0,0.6174197655092004
2,620,0.385032,0,0.392941603733041
2,3963,0.19659,0,0.1794444121904815
2,4213,0.387602,0,0.3325295726939741
2,3982,0.131975,0,0.13744261949754952
2,6536,0.335993,0,0.5119740595310863
2,2362,0.40222,0,0.531254910865964
2,2996,0.037318,0,0.05663924538915541
2,4854,0.363089,0,0.4373524953717048
2,6861,0.237407,0,0.29116338691916843
2,5106,0.420057,0,0.34864159628460756
2,6110,0.727748,0,0.8392003428801138
2,153,0.15397,0,0.16927615989338934
2,1035,0.688004,0,0.7268167319519243
2,2486,0.189942,0,0.2776363010851726
2,4105,0.848667,0,0.6644572466973334
2,2735,0.849013,0,0.9352936820066934
2,1727,0.724424,0,0.5804661254283313
2,147,0.166524,0,0.3453172371226622
2,5063,0.114589,0,0.18174122320904132
2,852,0.789879,0,0.71066796926529
2,2000,0.762571,0,0.9211784764582485
2,4170,0.053815,0,0.09409269569112008
2,3800,0.591448,0,0.6420856707313662
2,7357,0.214818,0,0.2537292605943222
2,2785,0.396242,0,0.22695581781337545
2,564,0.516341,0,0.5305613284795486
2,4509,0.538842,0,0.6293841954115971
2,5705,0.143038,0,0.14172418787624472
2,2467,0.159591,0,0.1458106068778234
2,3975,0.247688,0,0.18880309651165053
2,2972,0.282014,0,0.4428998227439024
2,2443,0.133834,0,0.10007209461163935
2,3594,0.574961,0,0.6695857344807202
2,5642,0.212562,0,0.19508769890930241
2,2564,0.36432,0,0.2843369598956611
2,1080,0.108768,0,0.16353962971437505
2,3979,0.428165,0,0.41682469306140224
2,5557,0.22058,0,0.3898561579927324
2,986,0.216604,0,0.12771830588949684
2,5733,0.355704,0,0.31673096514908367
2,6385,0.191547,0,0.23860119190384924
2,4950,0.448813,0,0.1912405246934037
2,5766,0.322077,0,0.21404759388702133
2,5293,0.721713,0,0.5968034390500846
2,4294,0.230279,0,0.1916537337841598
2,4559,0.052236,0,0.04661132445810457
2,1917,0.107464,0,0.09782991500440176
2,3831,0.393764,0,0.3390069900728255
2,251,0.421565,0,0.3732770742903666
2,1368,0.074043,0,0.132375052568232
2,5257,0.370555,0,0.3320234863446475
2,752,0.45376,0,0.5428265463100062
2,7227,0.429286,0,0.5392201338636945
2,5216,0.021871,0,0.07440968741583824
2,5365,0.267421,0,0.22301681425756872
2,4921,0.02256,0,0.04002657559599089
2,2281,0.435221,0,0.38330613909185807
2,3673,0.2398,0,0.2642528598693677
2,1159,0.208981,0,0.33870256516014213
2,2116,0.337725,0,0.44448547274342365
2,4045,0.48924,0,0.37511437350708754
2,5020,0.188785,0,0.16683748715047605
2,2196,0.269047,0,0.3025557641078005
2,665,0.449195,0,0.34393485014230435
2,4381,0.03172,0,0.0979881268538073
2,5337,0.606846,0,0.5079097396664299
2,5559,0.176324,0,0.3199531223561505
2,2343,0.11989,0,0.19995900314415138
2,1964,0.182023,0,0.23732198957916764
2,2027,0.021558,0,0.09110594634133312
2,2611,0.138541,0,0.39712182838750654
2,3318,0.113523,0,0.15114032384572068
2,3649,0.239279,0,0.5129106255007252
2,4693,0.347037,0,0.4066915542021746
2,1746,0.24309,0,0.2727667459937398
2,691,0.446427,0,0.5291104681200711
2,6450,0.293857,0,0.29767509759734895
2,162,0.417643,0,0.457259544609554
2,3480,0.042621,0,0.08126411096379467
2,5140,0.360617,0,0.4434547989150145
2,5260,0.47033,0,0.45579040759077316
2,3235,0.365909,0,0.45843022807231515
2,5854,0.663072,0,0.8017912997292294
2,3515,0.562596,0,0.7007333078450716
2,1607,0.560179,0,0.5741510101414439
2,3689,0.252398,0,0.5331075193356971
2,7297,0.290826,0,0.5233196519231453
2,6020,0.199361,0,0.1092703873519534
2,5972,0.257746,0,0.19695456814529202
2,7402,0.122312,0,0.24105866947234025
2,417,0.432911,0,0.4321355544807851
2,4123,0.554078,0,0.5467270182596089
2,1665,0.845947,0,0.6173677754889106
2,298,0.571282,0,0.6137558013137545
2,3947,0.419101,0,0.3725859886258342
2,5144,0.368593,0,0.5265462525326862
2,2372,0.662164,0,0.5468255419959337
2,7478,0.30726,0,0.3101754577665597
2,4405,0.121292,0,0.14655047737385918
2,3717,0.590792,0,0.4635706994042698
2,5139,0.440102,0,0.4340236130116681
2,2742,0.725447,0,0.5948735176669173
2,592,0.644839,0,0.456831103099529
2,2117,0.123805,0,0.1063609804635355
2,6122,0.179681,0,0.26227933544896664
2,2244,0.604497,0,0.603908392117385
2,7354,0.337608,0,0.45293767172844146
2,2596,0.541187,0,0.5163003730745026
2,518,0.215121,0,0.26872360876800777
2,6081,0.602375,0,0.4350287600975833
2,1505,0.33953,0,0.5965383591753418
2,2812,0.589222,0,0.6208320756088359
2,3278,0.68052,0,0.5027738730685373
2,2104,0.810427,0,0.7691870785081716
2,474,0.836762,0,0.7126535043189982
2,1156,0.832663,0,0.8160101615206784
2,5590,0.4663,0,0.5255980513229999
2,7415,0.759886,0,0.5784312840970538
2,6707,0.463026,0,0.4816444945336523
2,6434,0.326882,0,0.4230281881230205
2,5995,0.07105,0,0.21460421487946757
2,4019,0.21458,0,0.21904376833056982
2,7152,0.030263,0,0.06311939289709952
2,5584,0.238807,0,0.2251872493261163
2,7321,0.812442,0,0.7864703356309133
2,4046,0.317886,0,0.3308998102204127
2,5694,0.095915,0,0.10952867798432198
2,2270,0.033752,0,0.16476529497592288
2,2447,0.17078,0,0.17490318804991595
2,6745,0.188452,0,0.20448190713555778
2,589,0.440796,0,0.5220013148444124
2,5236,0.245448,0,0.40383542404145784
2,316,0.828865,0,0.868998391968404
2,2113,0.105192,0,0.06487606569904293
2,7451,0.014174,0,0.05832269021284005
2,527,0.545673,0,0.3852919798974773
2,7187,0.206703,0,0.24283127622769565
2,7492,0.092309,0,0.19401408694176767
2,1615,0.729101,0,0.5643710818582514
2,5405,0.09293,0,0.09835169851937818
2,5941,0.440256,0,0.24666327730468557
2,5944,0.021664,0,0.07704541143842186
2,933,0.519779,0,0.6075570621519295
2,5631,0.038398,0,0.09232470563534667
2,348,0.476179,0,0.11540952577197196
2,2308,0.008278,0,0.01967856605848953
2,7382,0.410166,0,0.4882437401857561
2,6024,0.07894,0,0.08694803227588838
2,18,0.432669,0,0.4391384846927818
2,1441,0.533353,0,0.43983115637893266
2,5875,0.153279,0,0.11025341514580739
2,7,0.477014,0,0.5688629279511103
2,132,0.626254,0,0.4731319806490362
2,805,0.838887,0,0.9409051379890584
2,2533,0.042731,0,0.08271018978528673
2,3032,0.493552,0,0.5124883574707518
2,248,0.063396,0,0.14210602959189825
2,3545,0.131079,0,0.2439325109365244
2,6158,0.208757,0,0.39588104136988467
2,2869,0.444471,0,0.4058247372595177
2,79,0.275191,0,0.20401919687838446
2,3086,0.24802,0,0.20897023421023705
2,5878,0.494589,0,0.31012794158351276
2,4072,0.84516,0,0.8168494082029667
2,4878,0.468963,0,0.6925970932246654
2,4142,0.227003,0,0.354244278396616
2,4394,0.175623,0,0.15385531992803533
2,5132,0.657409,0,0.49836172135746465
2,367,0.671197,0,0.5051240816872982
2,6213,0.401034,0,0.3514818657338245
2,6364,0.058324,0,0.24825861137807
2,2073,0.281026,0,0.27951044435432687
2,2389,0.308909,0,0.29318214909206014
2,3839,0.125544,0,0.15992824256888558
2,2759,0.190827,0,0.17362463985217047
2,444,0.096787,0,0.16100500217052124
2,5202,0.160018,0,0.28275396436790645
2,1620,0.049667,0,0.02936927049647307
2,4933,0.029793,0,0.06846919234424884
2,3445,0.502277,0,0.4188811918265343
2,1757,0.356597,0,0.4577903328868948
2,5885,0.17154,0,0.1306672953345621
2,4227,0.05823,0,0.08989333334785436
2,6048,0.156917,0,0.20995496540085096
2,5353,0.023552,0,0.04041857140064477
2,5272,0.308068,0,0.4319210086778913
2,6993,0.198329,0,0.20096273791664826
2,3780,0.29489,0,0.44527419711657984
2,4002,0.041872,0,0.04918521046409893
2,3538,0.320415,0,0.22857785896573887
2,6878,0.267407,0,0.2533016038821769
2,4259,0.01301,0,0.037129076221364105
2,4121,0.506928,0,0.41818448734157393
2,4319,0.077832,0,0.13448342523851303
2,3958,0.588925,0,0.6347298033587004
2,6560,0.094324,0,0.2867527770322798
2,4389,0.492407,0,0.4878224783351289
2,2819,0.184511,0,0.4638881246887601
2,3493,0.591109,0,0.5440742197794564
2,6646,0.16119,0,0.1736125300201043
2,4833,0.621095,0,0.5939060744367775
2,2216,0.779914,0,0.6944256749895216
2,2352,0.51961,0,0.4102020063659942
2,5060,0.533849,0,0.20692617430353397
2,3729,0.190759,0,0.24550414602117912
2,1453,0.832647,0,0.7393779757414622
2,5892,0.656751,0,0.5345471587147084
2,4663,0.173128,0,0.22751631999644628
2,2030,0.015827,0,0.03577351172405977
2,1220,0.437439,0,0.3012777608999987
2,4540,0.706566,0,0.6518263341879417
2,4892,0.036517,0,0.07452134573445052
2,2287,0.383534,0,0.239996173359046
2,6669,0.745211,0,0.4948856720496473
2,4673,0.468134,0,0.5313937011709206
2,90,0.629209,0,0.5105397049026826
2,2465,0.232044,0,0.4047605982589197
2,2747,0.018932,0,0.03205028074138035
2,4519,0.122903,0,0.12680783824410413
2,3626,0.000897,0,0.002125761165595564
2,334,0.252565,0,0.26648604502586404
2,3469,0.805862,0,0.8246747382036477
2,7494,0.055522,0,0.12666254557359055
2,5136,0.5456,0,0.46702327485531053
2,4061,0.203637,0,0.26411117744996637
2,7185,0.219166,0,0.25836001912651546
2,4292,0.388664,0,0.4208222390295031
2,1573,0.657097,0,0.47883370258306995
2,332,0.83141,0,0.928373480612986
2,3333,0.165789,0,0.35116464701722433
2,7123,0.330999,0,0.2631120926005324
2,925,0.182049,0,0.19818084940201944
2,465,0.270675,0,0.3472690377706098
2,4948,0.097545,0,0.20996681715969687
2,3231,0.464883,0,0.48049714695691376
2,2705,0.145825,0,0.2606606685794816
2,4597,0.051976,0,0.0730501180913815
2,2957,0.322647,0,0.2933237280056319
2,1058,0.751216,0,0.626289883921056
2,3417,0.428623,0,0.22356825951522397
2,6223,0.699595,0,0.36352153239625085
2,3178,0.036662,0,0.0704562028123149
2,6065,0.607624,0,0.6984066866535307
2,4355,0.125118,0,0.15560561786691676
2,4283,0.717398,0,0.724701311479817
2,5715,0.831323,0,0.6414165973580611
2,6312,0.391368,0,0.38755127198182665
2,347,0.029499,0,0.07850382908388039
2,1336,0.703117,0,0.656343938630063
2,135,0.205806,0,0.3795233483984342
2,660,0.578281,0,0.6816571632919443
2,5436,0.083556,0,0.191539978559904
2,6144,0.169745,0,0.23845251207683932
2,6699,0.136121,0,0.14312026507086628
2,1418,0.15504,0,0.10787014331022679
2,4504,0.259283,0,0.42243065273801383
2,4503,0.332226,0,0.36141979367393023
2,282,0.827397,0,0.8452196628459179
2,2789,0.292832,0,0.37915994884009013
2,795,0.488618,0,0.5115112022808825
2,6320,0.506338,0,0.43900821744600904
2,1940,0.142466,0,0.2492239217422481
2,4751,0.315027,0,0.2671507224406328
2,4844,0.277377,0,0.34534628966532627
2,2681,0.210827,0,0.5077451533203639
2,5031,0.388761,0,0.25876875151632267
2,7332,0.724846,0,0.6225463482852835
2,3314,0.139587,0,0.3650862797882507
2,4436,0.424747,0,0.6182139491669884
2,492,0.162318,0,0.11871452250028457
2,4196,0.303996,0,0.21758701754444995
2,2656,0.250253,0,0.22161261080385952
2,7414,0.467241,0,0.4885542227842169
2,2563,0.263325,0,0.46020316203409195
2,4924,0.128174,0,0.09430278661930808
2,536,0.359547,0,0.35355592792832313
2,4068,0.820122,0,0.7853203082517669
2,4233,0.221887,0,0.11752110735666836
2,2147,0.326701,0,0.23853955763414195
2,5046,0.240248,0,0.31931895682348843
2,5910,0.508937,0,0.40400738983512463
2,4330,0.042438,0,0.06670696833238927
2,3135,0.693256,0,0.5584383336959297
2,632,0.630979,0,0.4260579785559599
2,4270,0.26941,0,0.40923848667422846
2,2804,0.226079,0,0.2583117126136845
2,3532,0.506073,0,0.564566528684899
2,1848,0.083613,0,0.14410052624691314
2,1247,0.135763,0,0.17231464643196048
2,1643,0.110559,0,0.3160636367092645
2,3523,0.197878,0,0.1683005989872225
2,5128,0.544924,0,0.3635781751829935
2,3837,0.040795,0,0.048560657712283684
2,4245,0.090206,0,0.09234994203204307
2,1598,0.09711,0,0.13049947726626585
2,382,0.338177,0,0.22654970935303737
2,5271,0.025968,0,0.05967031613429965
2,2748,0.011829,0,0.04717909958731945
2,7000,0.304611,0,0.2515980077358619
2,2885,0.049793,0,0.16879786010407669
2,520,0.467735,0,0.2901851380781777
2,6028,0.589455,0,0.49322680715227857
2,1888,0.15698,0,0.2334300509411579
2,1633,0.077843,0,0.14367710888478
2,708,0.164972,0,0.22617315041093444
2,1419,0.215004,0,0.23606398606891757
2,5431,0.014494,0,0.024572964976099985
2,6997,0.05055,0,0.148965264172657
2,2653,0.412912,0,0.6831781693429214
2,1120,0.786345,0,0.596979855778918
2,1197,0.010176,0,0.016352646314085673
2,6015,0.693703,0,0.5469518879155164
2,2514,0.319552,0,0.28337666553625246
2,4792,0.464685,0,0.4902339553518642
2,6462,0.383609,0,0.17244124271159025
2,1365,0.715639,0,0.6599411761849222
2,2070,0.285712,0,0.3337731877560175
2,2733,0.463595,0,0.4261928417063778
2,177,0.70468,0,0.6411858715513147
2,2205,0.188678,0,0.3671549857823109
2,5618,0.771031,0,0.6360936912692529
2,1558,0.41886,0,0.4793450406702165
2,6361,0.724665,0,0.7139499292741058
2,6141,0.091138,0,0.1744004932908803
2,1461,0.101676,0,0.24316030154956397
2,350,0.022327,0,0.04235415950487588
2,3660,0.561296,0,0.5941574863718724
2,4012,0.21371,0,0.16781940282544205
2,1804,0.212747,0,0.46407787323438304
2,3414,0.19734,0,0.3764543108416611
2,2556,0.265783,0,0.42462740971607094
2,3257,0.424528,0,0.3987790769669613
2,950,0.84834,0,0.829212003210033
2,6914,0.323318,0,0.4481328229104985
2,2965,0.387612,0,0.38977018319918766
2,6235,0.271079,0,0.10308569614279059
2,1032,0.776086,0,0.7740306570669548
2,6933,0.654042,0,0.3724777351011387
2,5159,0.385354,0,0.25539963862721454
2,3038,0.815173,0,0.7354201084815741
2,4587,0.292591,0,0.41495496240585494
2,5153,0.221836,0,0.35255366390625
2,1497,0.033944,0,0.06452504846803445
2,4547,0.026335,0,0.039307056675141394
2,3698,0.108815,0,0.17781012176705963
2,3817,0.107381,0,0.1366085216362986
2,5301,0.090255,0,0.030283637357483822
2,4135,0.383034,0,0.31878245928409
2,538,0.781734,0,0.6424257282675648
2,7472,0.122534,0,0.07524900179617101
2,3100,0.838437,0,0.4911604178972666
3,4842,0.876398,1,0.8947593692691475
3,5997,0.999996,1,0.9999840288108673
3,4462,0.996017,1,0.9861410069356974
3,3758,1.0,1,0.9999998236820382
3,3704,0.976766,1,0.9328810476525378
3,2301,0.999852,1,0.9997175343819237
3,2169,0.919149,1,0.8184411375765068
3,6128,1.0,1,0.999998581365981
3,6046,0.999954,1,0.9998361284259811
3,4746,0.996928,1,0.9968166635975328
3,4278,0.884543,1,0.9457529706822043
3,901,0.855519,1,0.9198466463318224
3,3551,0.996413,1,0.9924825338870015
3,2764,0.860542,1,0.5962526390391638
3,938,0.990036,1,0.9852951022610323
3,6292,0.871297,1,0.8900864974162676
3,6590,0.986811,1,0.9832962151254603
3,6285,0.902652,1,0.7577838452672077
3,3835,0.869366,1,0.9467515579805705
3,4919,0.994001,1,0.9827890541489653
3,253,0.873684,1,0.9374573652126517
3,5003,0.890172,1,0.8457270661488901
3,3252,0.999994,1,0.9999935191362951
3,2252,0.91172,1,0.8263079209322263
3,122,0.998697,1,0.9985526706707066
3,191,0.998649,1,0.9970373786259582
3,3019,0.998523,1,0.9909934736495991
3,5011,0.959107,1,0.9575157258198469
3,3199,0.996613,1,0.9906030494075253
3,7109,0.970355,1,0.9727483152844378
3,5758,0.897275,1,0.8145460236545833
3,4017,0.85054,1,0.7660748612431727
3,138,0.999906,1,0.9997586983850119
3,1502,0.867127,1,0.8205627344936032
3,121,0.994229,1,0.9946337409371035
3,6799,0.998927,1,0.998750065194707
3,2593,0.995637,1,0.9937592593513785
3,7251,0.875541,1,0.9898136947602014
3,4338,0.999818,1,0.9992751576426719
3,2746,0.977861,1,0.951702025107803
3,679,0.999258,1,0.9972630321376552
3,688,0.973849,1,0.9576860589005869
3,4442,1.0,1,0.9999995366480743
3,6708,0.90287,1,0.8095684236913315
3,7214,0.968799,1,0.9453876582714836
3,6896,0.998616,1,0.9987407504817968
3,2464,0.858182,1,0.7188482524824117
3,3964,0.999906,1,0.9998675607769697
3,5161,0.978485,1,0.9541017723363109
3,4087,0.896492,1,0.8229116625685858
3,5346,0.996165,1,0.990209444586673
3,5434,0.901485,1,0.8681798084341968
3,212,0.93131,1,0.904734679050654
3,2223,0.998033,1,0.9961957765766447
3,2509,0.999999,1,0.9999972674132088
3,4200,0.997027,1,0.9966539574229012
3,2307,0.96952,1,0.9808894661262263
3,6119,0.881903,1,0.9542254359882494
3,2204,0.854557,1,0.8102332381298548
3,6912,1.0,1,0.9999986598225006
3,2035,0.998826,1,0.9892281683541071
3,5142,0.870364,1,0.7209460583400706
3,6631,0.992636,1,0.984845796850264
3,2521,1.0,1,0.9999989684288951
3,165,1.0,1,0.9999982139478637
3,1879,0.998111,1,0.9961369235437628
3,797,0.999996,1,0.9999463196790848
3,1355,0.999999,1,0.9999892060551475
3,4268,0.963376,1,0.931968951586582
3,1791,0.991171,1,0.9910807286168858
3,1248,0.981913,1,0.8991770768674529
3,4514,0.995675,1,0.9863567110813457
3,5325,0.99877,1,0.9980487190151477
3,633,0.994724,1,0.9959912601497057
3,4335,0.998924,1,0.9911283000310992
3,6458,0.999982,1,0.9999510499988546
3,4345,0.99655,1,0.9936932013949454
3,6852,1.0,1,0.9999986037947896
3,4453,0.896853,1,0.8906920780661461
3,7339,0.945588,1,0.9477005079057476
3,7174,0.991865,1,0.9881239272526428
3,4660,0.999982,1,0.9999162385441825
3,3034,0.997988,1,0.9963999179634919
3,5414,0.871386,1,0.9160692553429067
3,4320,0.999995,1,0.9999868304191297
3,2066,0.995252,1,0.9865077728692945
3,973,0.986366,1,0.9815115002753588
3,7052,0.995871,1,0.9866393431188685
3,3542,0.997239,1,0.9928303652324165
3,2505,0.999843,1,0.9997115065461415
3,1688,0.990665,1,0.9789474488389728
3,5048,0.883758,1,0.8466979474024715
3,6248,0.852156,1,0.7116957776635828
3,3475,0.995318,1,0.9894750170017232
3,3351,0.999775,1,0.9988386352748991
3,1541,0.937636,1,0.7776877891031083
3,3892,0.999973,1,0.9999080266585824
3,6416,0.866088,1,0.8679976046077111
3,1874,0.99798,1,0.9859497971230973
3,3425,0.965302,1,0.9173031352327228
3,4172,0.972462,1,0.9600793250234256
3,1358,0.963118,1,0.9386465021050661
3,7199,0.89829,1,0.9125560972020532
3,656,0.855018,1,0.7697078176607296
3,2256,0.861487,1,0.8595991791963608
3,349,0.887936,1,0.6018052445416379
3,3674,0.961071,1,0.964474438790843
3,4867,0.999814,1,0.9996765484787595
3,2672,0.936153,1,0.8507735764861192
3,5765,0.898919,1,0.9620594293482094
3,2697,0.99572,1,0.9899196552349715
3,7105,0.999995,1,0.9999628636435777
3,7119,0.999952,1,0.9998729957917899
3,1465,0.998597,1,0.9929569429448375
3,833,0.96718,1,0.95492991115653
3,2976,0.999995,1,0.9999755820890016
3,4300,0.999996,1,0.9999855386468522
3,1650,0.998516,1,0.998141140604684
3,2907,0.868357,1,0.9501616682313594
3,6004,0.999883,1,0.9996958240431014
3,1736,0.869717,1,0.9216601745039587
3,6962,1.0,1,0.9999989177956664
3,2302,0.999317,1,0.9971381102722021
3,3537,0.99935,1,0.9961061352442316
3,2277,0.999955,1,0.9997440617212511
3,6476,0.898358,1,0.8255955004748499
3,2655,0.989653,1,0.9796388308354054
3,2225,0.900873,1,0.8691572210027079
3,7100,0.996686,1,0.9951957382674287
3,5211,0.998898,1,0.9967054180829409
3,4409,0.99553,1,0.9891090138340378
3,727,0.991673,1,0.9718164650973106
3,2164,0.998099,1,0.9932681778768088
3,3180,0.999964,1,0.999829132190808
3,1899,0.999791,1,0.9990482795349283
3,4762,0.999999,1,0.9999918785821144
3,3566,0.947521,1,0.9451192594656479
3,6690,0.999994,1,0.9999133260023942
3,2360,0.99878,1,0.998367728589255
3,97,0.996473,1,0.989573166056607
3,4332,0.984146,1,0.9650363432041433
3,1492,0.996886,1,0.988991352279992
3,3355,0.862358,1,0.8390429360319644
3,1921,0.999994,1,0.9999745369074502
3,1855,0.99813,1,0.9951688022203031
3,5297,0.958097,1,0.9538877606813438
3,997,0.957162,1,0.9206294944675278
3,4412,0.930806,1,0.8873837997620749
3,133,0.90327,1,0.9263591255394246
3,5794,0.999997,1,0.9999872754671881
3,4483,0.999999,1,0.9999888743574995
3,1463,0.999341,1,0.9970188368530029
3,1849,0.99812,1,0.9964405905808716
3,2836,0.996049,1,0.9953854895890316
3,4004,0.999998,1,0.9999840664438879
3,2006,0.998223,1,0.9917564876486968
3,7027,0.873058,1,0.8738215827123298
3,5002,0.999928,1,0.9997863254152991
3,4466,0.998252,1,0.9961884887434497
3,3070,0.931765,1,0.7955180088063725
3,6779,0.866127,1,0.8497179812131809
3,4431,0.997578,1,0.9938241128802273
3,4906,0.937535,1,0.9666491831428834
3,3501,0.999999,1,0.9999931834674963
3,6124,0.995691,1,0.9872917859402344
3,25,0.870034,1,0.8925562448679143
3,831,0.970499,1,0.9558352460156225
3,4837,0.981373,1,0.9678561309241814
3,4215,0.999378,1,0.9965736547498207
3,4364,0.998325,1,0.9982676308240038
3,2707,0.995367,1,0.9841263191074506
3,824,0.879133,1,0.8312903881014765
3,6287,0.99625,1,0.9939382718120612
3,6379,0.9875,1,0.992457817318659
3,4599,0.309649,0,0.4076661739710452
3,6887,0.007889,0,0.011103023125617992
3,2526,0.662258,0,0.6188075814616716
3,4729,0.278765,0,0.3065064943450362
3,888,0.729175,0,0.508720701783041
3,6616,0.252782,0,0.23566238584939134
3,5372,0.284772,0,0.244047946227397
3,3477,0.406581,0,0.44712573162382907
3,2620,0.160874,0,0.20158163021058637
3,6619,0.130268,0,0.05811903447566901
3,2188,0.738384,0,0.5297653380634961
3,860,0.416458,0,0.35395629511742555
3,4851,0.098176,0,0.35922224521948415
3,1542,0.507055,0,0.4607192699861954
3,7025,0.193641,0,0.3224041524986418
3,7317,0.328681,0,0.2861214380497335
3,6523,0.036069,0,0.09981491792642377
3,7130,0.554102,0,0.44848820203732953
3,6606,0.257313,0,0.20755713855950825
3,6541,0.806712,0,0.7130580310831184
3,2938,0.099451,0,0.0759940890928188
3,3721,0.137724,0,0.168661547965609
3,4520,0.642995,0,0.5142368733680174
3,6382,0.529225,0,0.5031954555960789
3,1531,0.063709,0,0.11305598514830732
3,2529,0.586258,0,0.43962915517463536
3,4155,0.197693,0,0.40060527292998166
3,6756,0.263506,0,0.15312137603930404
3,4989,0.441568,0,0.6819885950801489
3,4216,0.166727,0,0.16997490961978515
3,3062,0.083676,0,0.14201035341647228
3,7081,0.049844,0,0.029907320334918594
3,6246,0.249347,0,0.5006780806168998
3,861,0.377987,0,0.4694061649415383
3,4099,0.257263,0,0.14086382333513991
3,6236,0.653225,0,0.6188192462129795
3,6740,0.117692,0,0.184087889797994
3,15,0.781321,0,0.8743915130296577
3,203,0.343279,0,0.22454653176040923
3,6311,0.316198,0,0.24085716548246763
3,1956,0.058738,0,0.06475197540078705
3,4151,0.646352,0,0.5658724102732733
3,2852,0.041235,0,0.11267609211480274
3,3360,0.842456,0,0.9465304379847684
3,3754,0.030015,0,0.10379165708976101
3,827,0.11826,0,0.22394049959741183
3,940,0.782867,0,0.7186157193222029
3,201,0.603084,0,0.6506291906890692
3,5191,0.022107,0,0.07364502374577236
3,7308,0.461557,0,0.4457647243614826
3,1144,0.203194,0,0.27780782329163745
3,487,0.586402,0,0.3502947377476098
3,2527,0.056759,0,0.05785449912433776
3,4689,0.321237,0,0.24241647152312687
3,5333,0.493735,0,0.4619120007119282
3,5402,0.242458,0,0.3625978877207998
3,7479,0.160768,0,0.30194258134031426
3,6172,0.604951,0,0.7087107909116067
3,158,0.621225,0,0.5300967031456804
3,713,0.139933,0,0.04754983498206268
3,5963,0.102987,0,0.16517882472639306
3,2368,0.231941,0,0.15278491270715705
3,5902,0.542356,0,0.4472643681965366
3,4740,0.348717,0,0.27292712654664364
3,3513,0.019688,0,0.09156838939035838
3,6771,0.830558,0,0.7845169512729351
3,5122,0.829399,0,0.9638203693562465
3,1689,0.48438,0,0.6168154654449548
3,2870,0.108333,0,0.17177677490350501
3,1195,0.15997,0,0.19927336084270983
3,948,0.365547,0,0.2442134309446619
3,4910,0.775689,0,0.5338072201570754
3,2045,0.109477,0,0.041549163928858025
3,7469,0.54789,0,0.4958873823767987
3,2731,0.105854,0,0.27259050445166866
3,2583,0.578996,0,0.5633291755037367
3,5206,0.71823,0,0.841285757302551
3,794,0.10651,0,0.25185132888286843
3,2832,0.436806,0,0.18170142925119698
3,6506,0.071917,0,0.11219694812446512
3,1394,0.189853,0,0.22300307051273255
3,7014,0.198543,0,0.2094230463549427
3,5770,0.095502,0,0.14862285237804396
3,2480,0.163276,0,0.14671608597246452
3,4391,0.337115,0,0.48884442989197374
3,3739,0.368186,0,0.3700635936593
3,5662,0.361495,0,0.3367806119893271
3,6732,0.336092,0,0.4364862890263297
3,4349,0.003748,0,0.005452645267178056
3,5797,0.070224,0,0.2156756211688154
3,6029,0.079988,0,0.07601793454043591
3,5350,0.197393,0,0.2453131217092841
3,3161,0.183637,0,0.11961650147697989
3,6357,0.691351,0,0.6165796034268457
3,5075,0.084484,0,0.13430322252189555
3,7156,0.233813,0,0.1535407951991433
3,6953,0.06411,0,0.09711464008043404
3,7347,0.668816,0,0.3925743787882986
3,3384,0.656349,0,0.3832960573745638
3,4369,0.017564,0,0.050629485523399805
3,5552,0.068424,0,0.13476715831291852
3,1517,0.783984,0,0.702264847957463
3,4307,0.383033,0,0.5660592576216988
3,1654,0.615966,0,0.5145933110559751
3,2102,0.280361,0,0.2591497706932611
3,6681,0.236848,0,0.25565091362801806
3,4967,0.070976,0,0.21345551342395572
3,7095,0.271129,0,0.5003378171111494
3,570,0.403256,0,0.6810253283744848
3,1967,0.049141,0,0.04786030112628837
3,3370,0.135753,0,0.11331886358300075
3,2237,0.376675,0,0.30943098079488934
3,1963,0.309872,0,0.15979334866039543
3,6796,0.425827,0,0.5890802509065425
3,4733,0.508224,0,0.4379163612963441
3,3926,0.366393,0,0.2963575861515322
3,2179,0.578849,0,0.44924070781544695
3,91,0.49532,0,0.3596390048102037
3,5970,0.067613,0,0.09579855071746456
3,5840,0.045951,0,0.1250883306677007
3,5544,0.093379,0,0.15474885825284135
3,1545,0.027569,0,0.07506539488070839
3,7053,0.051978,0,0.12062024214176423
3,3978,0.027892,0,0.11851983605007885
3,535,0.251804,0,0.3079232180213889
3,5741,0.305141,0,0.3097919853931428
3,4972,0.434413,0,0.23318519346584568
3,4318,0.34687,0,0.23033435880492753
3,6850,0.543924,0,0.6425336542945617
3,6792,0.598591,0,0.616021354060787
3,3164,0.294808,0,0.4488203847804237
3,1452,0.398629,0,0.3445918185858796
3,7075,0.352483,0,0.313493104079685
3,454,0.580885,0,0.4506542999124128
3,6614,0.278922,0,0.41246657696623007
3,1821,0.320929,0,0.2850224159917786
3,6629,0.659957,0,0.4004135720204874
3,4735,0.058093,0,0.07409668254505172
3,6714,0.585318,0,0.866121175484569
3,7198,0.513629,0,0.5767286805341111
3,6096,0.12257,0,0.23379926229271372
3,2423,0.400083,0,0.34199460110072466
3,5383,0.564293,0,0.4902684244890693
3,2539,0.437337,0,0.46914918812958106
3,873,0.837486,0,0.8728731620081769
3,6670,0.778414,0,0.7679237935178488
3,1873,0.367987,0,0.3807336284842522
3,1117,0.064905,0,0.10384855475288057
3,826,0.311147,0,0.28657783670424225
3,4158,0.408944,0,0.5353353529809278
3,3122,0.103957,0,0.18881630841587485
3,4146,0.345814,0,0.29780609413585996
3,4082,0.833409,0,0.8003970721484592
3,5697,0.372066,0,0.2264042860469635
3,2551,0.125827,0,0.09972315718456944
3,4959,0.820226,0,0.7956942513287234
3,6301,0.815047,0,0.7202051549135451
3,5318,0.308316,0,0.20509709920826172
3,644,0.137629,0,0.1532625659577064
3,4312,0.174177,0,0.2902901768395657
3,4418,0.301019,0,0.21466773531237202
3,3054,0.613704,0,0.577839353636335
3,1039,0.554863,0,0.5178505650049897
3,5888,0.766271,0,0.8329219685536069
3,3109,0.421718,0,0.5509290390527727
3,1174,0.803201,0,0.6494708701902392
3,2581,0.447761,0,0.5992556395020011
3,2600,0.138918,0,0.3301240323962443
3,246,0.329236,0,0.3568672579433723
3,571,0.333524,0,0.4307726050678027
3,3719,0.02692,0,0.0843095586737147
3,903,0.706521,0,0.5317084158275186
3,815,0.260141,0,0.27737454942232564
3,4464,0.788799,0,0.7798735037373877
3,7212,0.693846,0,0.7329378478658735
3,6507,0.807557,0,0.7020942733941977
3,4831,0.20299,0,0.20505201807714984
3,7177,0.46133,0,0.270674078672896
3,7497,0.534514,0,0.7041645064834197
3,3970,0.326858,0,0.20595998404462507
3,1487,0.329616,0,0.3899817008765316
3,1765,0.092987,0,0.20015888991961925
3,233,0.395835,0,0.3791505566253126
3,967,0.768404,0,0.9114642538083596
3,7128,0.073618,0,0.15149160712175183
3,5345,0.39326,0,0.1653393359911225
3,4572,0.760259,0,0.9229081283250691
3,5586,0.18627,0,0.29329243961784607
3,6937,0.314462,0,0.3093903796781197
3,5448,0.047069,0,0.06556685982594398
3,2245,0.063768,0,0.20618229452063133
3,2848,0.805049,0,0.7482505822057125
3,6538,0.092347,0,0.1832332314981863
3,7009,0.465776,0,0.28397745970937144
3,5146,0.099309,0,0.17744899406170045
3,2846,0.815259,0,0.8228572958960776
3,2144,0.148913,0,0.3192627203866881
3,6250,0.671831,0,0.66530161206384
3,1155,0.279731,0,0.2716401449717395
3,4387,0.226818,0,0.4348904761716692
3,7234,0.433574,0,0.2898108864697347
3,3558,0.152831,0,0.2083793898848725
3,5497,0.842916,0,0.6647922324291882
3,2887,0.204439,0,0.3624225484107112
3,1583,0.735637,0,0.637542713901914
3,2076,0.027434,0,0.07157263082687423
3,159,0.181306,0,0.29103604276669914
3,4856,0.355816,0,0.48414273690948056
3,1280,0.119051,0,0.12537195059212622
3,2963,0.046751,0,0.10438564042328917
3,641,0.261134,0,0.1296531824519531
3,6832,0.251032,0,0.31857804347758883
3,6137,0.06103,0,0.22306480625300962
3,1785,0.449984,0,0.5221474522270498
3,2619,0.396667,0,0.26727954732910786
3,3473,0.265089,0,0.37401460498813965
3,2580,0.356192,0,0.39917032223693977
3,7051,0.363666,0,0.8586805347223386
3,672,0.726851,0,0.593778754330702
3,422,0.185771,0,0.37528349249661197
3,5576,0.55584,0,0.4274573744953002
3,2857,0.317073,0,0.46324460618235197
3,7035,0.02532,0,0.06574814037241632
3,4983,0.19517,0,0.25274645387435457
3,5803,0.436683,0,0.3366668171778399
3,5610,0.423508,0,0.40745952343554376
3,6923,0.266176,0,0.09801485023403571
3,590,0.19167,0,0.14303634185939607
3,4558,0.020139,0,0.050336840830450175
3,3832,0.337825,0,0.3636739626551744
3,1892,0.249812,0,0.2644059510171416
3,7422,0.805468,0,0.7835736348060162
3,1556,0.5205,0,0.42232891845424597
3,6148,0.243171,0,0.39502196333284284
3,2875,0.497078,0,0.38442095918931946
3,6229,0.837916,0,0.6320156938054922
3,6099,0.739764,0,0.5323907996993349
3,2968,0.519897,0,0.3964227783901048
3,7481,0.60346,0,0.4695721637488275
3,22,0.683683,0,0.4798799406548066
3,6254,0.20567,0,0.2545979884308219
3,681,0.056497,0,0.06652034877437348
3,6168,0.244007,0,0.32016719084379697
3,7286,0.435527,0,0.3999934358679295
3,3706,0.145049,0,0.10057893317609652
3,2714,0.648872,0,0.37853059271471606
3,3488,0.687089,0,0.5872254434052282
3,4322,0.446787,0,0.3196519633214227
3,4753,0.773154,0,0.5293730141688048
3,7337,0.750296,0,0.746674008853666
3,4247,0.053156,0,0.13310485042676565
3,4664,0.492609,0,0.2713621481850434
3,35,0.288167,0,0.23710735293390636
3,4576,0.843306,0,0.7888896856673905
3,5362,0.327744,0,0.20949565788503688
3,2862,0.789055,0,0.9359020665804824
3,6985,0.110679,0,0.13736429343672288
3,6635,0.652892,0,0.48777481201426837
3,5717,0.552301,0,0.5654898447082635
3,2095,0.074035,0,0.22839584695697368
3,1641,0.810735,0,0.7023865269984678
3,3198,0.358674,0,0.21315322720847665
3,4403,0.120361,0,0.12308517741833
3,1204,0.839748,0,0.9643783244956609
3,1824,0.780387,0,0.8726599883345718
3,262,0.081302,0,0.20555532785460254
3,4954,0.152852,0,0.127156519726253
3,615,0.435525,0,0.2684318913513688
3,391,0.439359,0,0.24668095522190034
3,3437,0.025282,0,0.05334066122802444
3,1970,0.081448,0,0.08505105063148355
3,6505,0.073125,0,0.19728596192401676
3,1820,0.180246,0,0.2934282521701437
3,6333,0.334742,0,0.14122346309069983
3,2025,0.111011,0,0.12711176829634155
3,5604,0.208018,0,0.2063113287248525
3,6378,0.214286,0,0.29495038265944634
3,2452,0.18093,0,0.12171913867928139
3,3511,0.126805,0,0.3011823454117257
3,1038,0.55465,0,0.4092834531284656
3,6657,0.577296,0,0.5308854612902537
3,2882,0.150313,0,0.2174623864400913
3,6295,0.760687,0,0.6730926425456849
3,7329,0.066273,0,0.13530167929529974
3,468,0.064735,0,0.06873704018027686
3,2895,0.762136,0,0.769490001475343
3,5400,0.524859,0,0.30953234696552356
3,3369,0.558759,0,0.46484362933772255
3,4852,0.824914,0,0.8415942361453121
3,5953,0.052232,0,0.12492817872048266
3,2941,0.157107,0,0.24602264434083881
3,5157,0.433321,0,0.48995690652197893
3,5737,0.793234,0,0.7701212541281794
3,2215,0.244427,0,0.31405355426507525
3,1500,0.535387,0,0.5149777006309894
3,534,0.031496,0,0.13049272769428705
3,385,0.567625,0,0.6801062045533027
3,6258,0.507196,0,0.6210133092409812
3,5782,0.079878,0,0.13289090532136097
3,6071,0.426543,0,0.31823716149902365
3,7154,0.162205,0,0.13329022104558996
3,6092,0.304005,0,0.40985320001349845
3,5059,0.04229,0,0.10102632535536607
3,6317,0.226964,0,0.1623162757093055
3,6115,0.473368,0,0.4663462040366308
3,2607,0.807764,0,0.6441450104599251
3,7126,0.144817,0,0.13278389873162744
3,4823,0.068524,0,0.1975967039590324
3,78,0.479962,0,0.3442501602595463
3,3648,0.60109,0,0.5462320072862137
3,146,0.138419,0,0.28265718034373616
3,28,0.773626,0,0.47080067678906573
3,3303,0.460704,0,0.40791124601408685
3,6380,0.141279,0,0.18000872966855652
3,3194,0.486947,0,0.42604653785021374
3,1233,0.010933,0,0.01663342096029155
3,4359,0.306171,0,0.15053973064361523
3,4176,0.121046,0,0.09969311425338342
3,5750,0.10292,0,0.14544080437829746
3,1979,0.849733,0,0.7276020961252683
3,2165,0.686832,0,0.7607949186236228
3,1538,0.367956,0,0.39759091718449224
3,778,0.686378,0,0.3488105864272846
3,4730,0.183959,0,0.28638718175731653
3,944,0.326603,0,0.22090114973583083
3,3313,0.021156,0,0.03983567858354991
3,6915,0.275591,0,0.2465388585668304
3,1132,0.067756,0,0.17811700662836166
3,257,0.058546,0,0.09841370026888416
3,5533,0.136155,0,0.3690680853294314
3,5909,0.154724,0,0.15423535619238987
3,6952,0.678256,0,0.7658859614464668
3,4306,0.082861,0,0.10435038705940808
3,5545,0.146736,0,0.27943622026102793
3,3867,0.449226,0,0.5335357578900557
3,1017,0.835798,0,0.48903338389092743
3,484,0.443158,0,0.5614704485087876
3,7468,0.562232,0,0.436294978592359
3,6761,0.102029,0,0.1341608983567123
3,846,0.11708,0,0.08112693512695328
3,1704,0.098957,0,0.13843220530908615
3,7424,0.166246,0,0.16749480459496197
3,3624,0.756711,0,0.7153040944616684
3,5637,0.474347,0,0.21292622005899314
3,4796,0.234369,0,0.2094210177029115
3,985,0.279499,0,0.2759461955947953
3,1249,0.35625,0,0.4986804098665871
3,7133,0.468429,0,0.31301085807484014
3,107,0.833045,0,0.6395748013694281
3,319,0.311277,0,0.29077262590253483
3,5678,0.462019,0,0.47339599090266854
3,6582,0.177514,0,0.20889139135903836
3,3705,0.306221,0,0.1858277621265997
3,6817,0.070192,0,0.07391044216422678
3,403,0.577073,0,0.5619828431629428
3,1119,0.156551,0,0.1550193191854103
3,1512,0.828036,0,0.6149698168402481
3,2057,0.198257,0,0.16415081719050972
3,7417,0.614572,0,0.5642363118189256
3,2325,0.18229,0,0.2524675417851802
3,446,0.319497,0,0.4725075352058654
3,2530,0.083759,0,0.11439058104520787
3,7142,0.649371,0,0.5216779722617509
3,4262,0.029844,0,0.05430484260298085
3,1864,0.674302,0,0.6489156017756659
3,3571,0.042739,0,0.05198420829789675
3,6163,0.046304,0,0.07354241497016088
3,2868,0.078376,0,0.11194450995520464
3,226,0.151813,0,0.12890744766850065
3,5738,0.454455,0,0.28582154315499175
3,5189,0.03171,0,0.02935017442279955
3,6203,0.196122,0,0.27353419701301773
3,5821,0.571768,0,0.6635172657906719
3,1140,0.126181,0,0.17329455654824782
3,1108,0.43897,0,0.40909695087258086
3,5164,0.322449,0,0.2198440283077675
3,5447,0.3266,0,0.16180795324289143
3,3976,0.096859,0,0.08135270204589751
3,864,0.339424,0,0.4719198129220204
3,5352,0.105944,0,0.1741101861228537
3,2312,0.483316,0,0.5030556046434934
3,4031,0.053834,0,0.043416417168684836
3,4632,0.068781,0,0.10884549763929194
3,4316,0.497032,0,0.4959326502251715
3,5262,0.490834,0,0.5584783257991001
3,2469,0.050248,0,0.10139602661216934
3,3960,0.126469,0,0.15321657419003404
3,3863,0.752287,0,0.6818844247615001
3,2141,0.346637,0,0.44641799700280826
3,7420,0.590504,0,0.6115948028836999
3,5458,0.251702,0,0.20107829680510042
3,588,0.139835,0,0.17993618378178555
3,832,0.419824,0,0.3028895371214779
3,1486,0.091506,0,0.1843914419081154
3,5960,0.10676,0,0.17228273687745282
3,5710,0.035782,0,0.05683474633231083
3,5444,0.055681,0,0.09420576910157744
3,2230,0.647747,0,0.4738296469883932
3,6286,0.551282,0,0.4144168990659924
3,2531,0.622777,0,0.5688093657496509
3,6145,0.158778,0,0.13653670645543253
3,5188,0.110823,0,0.10354001210922566
3,4834,0.268557,0,0.23203417074640423
3,496,0.017523,0,0.04113200075363473
3,859,0.32216,0,0.22236583633679938
3,804,0.183355,0,0.27920140012538425
3,2719,0.096611,0,0.09219138594461608
3,4348,0.110992,0,0.20196673632763046
3,6045,0.479484,0,0.4676319222580631
3,1147,0.819735,0,0.9380366897652999
3,4821,0.71889,0,0.7741241798062023
3,5688,0.837284,0,0.704546280331192
3,2335,0.323823,0,0.43809348503256046
3,6893,0.444404,0,0.22130141079945248
3,2798,0.184002,0,0.19370753576693223
3,5354,0.050089,0,0.08059267420421165
3,4020,0.564963,0,0.30812963485350264
3,781,0.717859,0,0.7110782275713109
3,1571,0.033901,0,0.14659767466423593
3,2930,0.289047,0,0.4068357438355902
3,3796,0.124713,0,0.21368421097517948
3,3845,0.080026,0,0.14316012572863385
3,2379,0.693831,0,0.7781986398789529
3,7030,0.12894,0,0.28266967745578825
3,1841,0.442949,0,0.41830107392817933
3,1990,0.472766,0,0.31569564600855266
3,176,0.289095,0,0.2796715655104883
3,4573,0.299322,0,0.433010753602792
3,3013,0.849022,0,0.827520457586407
3,1157,0.814458,0,0.7492631154420499
3,247,0.015266,0,0.0661983511257422
3,7204,0.543925,0,0.5397448896263514
3,4361,0.242415,0,0.23800579139360817
3,2100,0.042945,0,0.11616936764252414
3,7240,0.609296,0,0.33339599657858643
3,5028,0.09576,0,0.28282618031928214
3,5088,0.162639,0,0.17061684291351673
3,4960,0.440628,0,0.5905821346702765
3,6742,0.413567,0,0.2912087005299252
3,6891,0.220973,0,0.23360301326543056
3,2974,0.327928,0,0.2618947459801162
3,2791,0.418645,0,0.3289388658435451
3,1401,0.075623,0,0.07870252122157215
3,1732,0.676274,0,0.4270373048177467
3,7023,0.318126,0,0.19681462568020525
3,1984,0.612839,0,0.709555756791132
3,3550,0.794976,0,0.960837530546858
3,7225,0.837872,0,0.7159415456784658
3,4631,0.145801,0,0.1772591294773413
3,302,0.460973,0,0.5461452062796656
3,1244,0.324076,0,0.3431138986907055
3,5066,0.119555,0,0.11227651877116814
3,4088,0.290098,0,0.394755660224913
3,3886,0.478383,0,0.6001725430685128
3,2354,0.203933,0,0.35755880291958914
3,2022,0.171931,0,0.180976211719998
3,6847,0.756433,0,0.8935501586294109
3,3419,0.215919,0,0.2628767395388054
3,1503,0.206543,0,0.19032787623990477
3,3687,0.128925,0,0.19191831156230132
3,5064,0.026986,0,0.034349281449289545
3,1164,0.477411,0,0.631759403375913
3,3392,0.517146,0,0.5306138142974827
3,6261,0.44361,0,0.4977954378649398
3,1390,0.157775,0,0.22060411417362705
3,4708,0.333476,0,0.1783805819321809
3,5221,0.728939,0,0.8495566744973865
3,5893,0.358193,0,0.3046040072867251
3,1588,0.378016,0,0.3813593431505892
3,6233,0.091014,0,0.2530862083183644
3,6481,0.494814,0,0.5465072953778444
3,232,0.399466,0,0.41586738708691845
3,7170,0.580981,0,0.3206529338141128
3,6461,0.299813,0,0.20960904461802746
3,1404,0.011883,0,0.03275471813525408
3,1610,0.726223,0,0.6787884868400998
3,1725,0.544377,0,0.3650194070397975
3,2871,0.066425,0,0.06631351906110104
3,5848,0.053249,0,0.08999297011757583
3,3185,0.778716,0,0.631487528184328
3,5389,0.067654,0,0.06573239705428176
3,6898,0.633464,0,0.5292275278469469
3,6615,0.082319,0,0.13733062613012675
3,6393,0.17579,0,0.2371992821890749
3,3946,0.559211,0,0.5627889809941867
3,5246,0.493604,0,0.487088514392439
3,2109,0.240019,0,0.30322864585014747
3,2105,0.056835,0,0.1532266131533286
3,2152,0.436636,0,0.25096611182206063
3,388,0.07943,0,0.08612662199702029
3,4,0.281695,0,0.1841631066603622
3,5150,0.583195,0,0.5844001611319376
3,1914,0.696811,0,0.6238342594186891
3,6552,0.427737,0,0.3790251844156348
3,2341,0.050063,0,0.05887615535051204
3,618,0.055856,0,0.13201216887672698
3,6053,0.79794,0,0.8846005023734446
3,2185,0.140792,0,0.1494909918335573
3,4308,0.026769,0,0.04161774682131761
3,5360,0.090222,0,0.08860518222891299
3,3927,0.071313,0,0.14076312605829136
3,1438,0.310866,0,0.27483055271359563
3,5387,0.682924,0,0.336077364257368
3,4239,0.299048,0,0.25710032894065865
3,3604,0.817364,0,0.8239201632309385
3,1102,0.579496,0,0.3851047505570342
3,6165,0.364916,0,0.38685365024589463
3,3943,0.071353,0,0.15523911888991365
3,3812,0.035806,0,0.06853728980673776
3,1996,0.619576,0,0.5950589119981867
3,4482,0.460703,0,0.3958188118496971
3,3243,0.142114,0,0.0914798430905152
3,2715,0.286276,0,0.2689683272773085
3,6125,0.249933,0,0.19822230028826218
3,4321,0.175935,0,0.16259868691080273
3,4951,0.468055,0,0.4394432199494862
3,2916,0.56071,0,0.4770538897592882
3,5801,0.308561,0,0.2909627763965148
3,2574,0.819351,0,0.8325326638947943
3,3553,0.166976,0,0.3162175117993487
3,7096,0.248846,0,0.3511737593960119
3,5184,0.136728,0,0.16127530670552706
3,5657,0.116515,0,0.1916268706508795
3,3148,0.297998,0,0.2432704341248722
3,3306,0.102377,0,0.2570185738795353
3,2608,0.158962,0,0.21725025516173713
3,6812,0.485124,0,0.39270811868097166
3,5473,0.799441,0,0.7236410396600119
3,3377,0.099391,0,0.13906752513084672
3,2506,0.072897,0,0.10703667135085944
3,1264,0.662364,0,0.6264908841155078
3,6305,0.052835,0,0.06400940407790433
3,7189,0.702755,0,0.5168266558709522
3,1194,0.100339,0,0.12207767004383539
3,1985,0.174,0,0.182359400720368
3,2980,0.077864,0,0.13415042331734428
3,342,0.175726,0,0.14116991479898264
3,240,0.73783,0,0.46831319258315773
3,7090,0.406349,0,0.3699359411339042
3,7010,0.224911,0,0.30452362462237303
3,131,0.293725,0,0.35051889140608505
3,4885,0.282966,0,0.3386755448058907
3,179,0.236824,0,0.2735667093571758
3,4228,0.529958,0,0.4451382019470055
3,1927,0.193354,0,0.2115641923743026
3,3213,0.090175,0,0.1266090587528442
3,2350,0.421779,0,0.2868409692900511
3,6844,0.176553,0,0.2422948921646229
3,2142,0.048836,0,0.08115923588105543
3,5980,0.71829,0,0.5559913094517499
3,1796,0.166532,0,0.21747510981686566
3,2827,0.350325,0,0.24373332799127947
3,2997,0.245314,0,0.2862648166063252
3,1209,0.735629,0,0.5434413702101782
3,271,0.800145,0,0.758907343457515
3,6676,0.05274,0,0.1300804428419122
3,2110,0.275508,0,0.18950120102549284
3,4311,0.010988,0,0.04243346300946967
3,1905,0.575836,0,0.6817249146793891
3,6191,0.083015,0,0.21343782168420608
3,5099,0.103003,0,0.14816699945742753
3,5427,0.827139,0,0.36889435109129887
3,5540,0.346255,0,0.13776781702521954
3,5589,0.3417,0,0.37785261157710237
3,1299,0.379348,0,0.3756602599343666
3,3701,0.382112,0,0.4498705204620022
3,5917,0.213805,0,0.23228663511020006
3,3955,0.348487,0,0.5745252297186043
3,7021,0.15182,0,0.13776350146730343
3,6980,0.48974,0,0.33782920632701696
3,5549,0.256054,0,0.3603718235220695
3,7085,0.070947,0,0.10455906765033456
3,2821,0.086876,0,0.08448220303187273
3,6938,0.278165,0,0.15905893327377096
3,1473,0.090345,0,0.10972230608817028
3,5210,0.079181,0,0.14869717888496317
3,3283,0.114866,0,0.18761294227581107
3,1445,0.473487,0,0.5029798815149202
3,7275,0.014881,0,0.022920932705075923
3,1206,0.739878,0,0.6428536732833191
3,646,0.202837,0,0.18335907205599775
3,1983,0.10824,0,0.1699053179534903
3,1427,0.768774,0,0.9120227919193619
3,942,0.161555,0,0.3212129544535612
3,6129,0.250224,0,0.20429168201904652
3,297,0.13387,0,0.15089080172402927
3,5162,0.220672,0,0.1590575018346269
3,3322,0.683502,0,0.3983992086946543
3,1713,0.6158,0,0.6757661081960729
3,1171,0.24214,0,0.28850218029561703
3,3786,0.329085,0,0.24482888904441033
3,341,0.41264,0,0.5030673616767098
3,7311,0.840954,0,0.7997824926538845
3,6762,0.187027,0,0.2808158733314589
3,1095,0.361594,0,0.5204786588194446
3,3923,0.312463,0,0.1314281936714525
3,1098,0.070238,0,0.07494455496582002
3,458,0.059444,0,0.08970929537354415
3,3811,0.135789,0,0.1796994366635894
3,3965,0.073496,0,0.1351543412979486
3,6916,0.612472,0,0.5942311306936157
3,7176,0.510825,0,0.5313338831074893
3,5244,0.803173,0,0.8422520669728678
3,7028,0.02608,0,0.04336024393974424
3,7411,0.226457,0,0.270124171649406
3,1392,0.568019,0,0.6081290720625153
3,5749,0.146183,0,0.2262489840763372
3,2773,0.634628,0,0.6765650589991836
3,3910,0.32524,0,0.4239650275576304
3,2659,0.007766,0,0.010806142418301462
3,5449,0.107709,0,0.2766355607688525
3,2246,0.291152,0,0.3180384586450678
3,2292,0.289336,0,0.534728051601944
3,4976,0.148885,0,0.33660322829416833
3,1590,0.357209,0,0.6877353464745649
3,2453,0.129131,0,0.2396790319303229
3,6177,0.104029,0,0.20713270188710584
3,877,0.119679,0,0.16260492152432782
3,2162,0.101921,0,0.2030091045157382
3,6696,0.822439,0,0.6487363321463185
3,3887,0.843021,0,0.8858135462934189
3,7313,0.028384,0,0.03113240406668864
3,4054,0.261244,0,0.37645279043632746
3,1007,0.146473,0,0.16352425525533268
3,5528,0.024681,0,0.04289365075437214
3,2323,0.64681,0,0.45334422217648845
3,6827,0.417643,0,0.30757207811812504
3,5748,0.019351,0,0.021704567937359465
3,5822,0.583243,0,0.3382224428865941
3,1926,0.612264,0,0.769061936872165
3,3827,0.493994,0,0.37371503007959916
3,3173,0.511407,0,0.40186218543555685
3,268,0.061477,0,0.06005039771302564
3,4191,0.22908,0,0.23492631967568975
3,1186,0.214017,0,0.3129200246340245
3,4139,0.125782,0,0.2808996427030593
3,75,0.198981,0,0.2885491476156386
3,52,0.04434,0,0.0707375534033934
3,4909,0.406284,0,0.30575843840366734
3,2106,0.600174,0,0.5120931983276525
3,1434,0.231999,0,0.2240822841306956
3,4984,0.036088,0,0.06980716241333915
3,1187,0.070394,0,0.13615300732778976
3,6529,0.50078,0,0.4562987435498164
3,4199,0.549548,0,0.49765771831553474
3,3914,0.226787,0,0.318290019141829
3,6231,0.109562,0,0.20783550143048965
3,6922,0.334768,0,0.5233099010334822
3,6579,0.80083,0,0.835807943072507
3,2577,0.084726,0,0.12344709603902666
3,3069,0.064448,0,0.09106098981533715
3,1694,0.507312,0,0.3296878920301949
3,3330,0.7909,0,0.5983608123230741
3,139,0.414234,0,0.1866990412533309
3,5124,0.284756,0,0.167354276025889
3,5906,0.235793,0,0.25261648278058696
3,1924,0.678698,0,0.9817667390417416
3,4690,0.710667,0,0.7373782569327508
3,927,0.164853,0,0.25549808896816983
3,5609,0.640032,0,0.5624922883138216
3,5482,0.109809,0,0.05326208008502714
3,7104,0.345074,0,0.29039221422769995
3,5739,0.416559,0,0.30111602567354323
3,5777,0.682617,0,0.6431942201700984
3,2061,0.194463,0,0.21131372800263282
3,101,0.302049,0,0.3940543538632486
3,5220,0.793425,0,0.8320562990987549
3,4376,0.704365,0,0.7611858933012882
3,6330,0.725913,0,0.5971557107636869
3,6539,0.104018,0,0.15541226421378085
3,3905,0.842293,0,0.7988389952272867
3,5054,0.272225,0,0.32439539054040467
3,2967,0.551862,0,0.684104936011664
3,2471,0.342025,0,0.5340912772959837
3,4429,0.220544,0,0.13223276053625738
3,2203,0.367557,0,0.41408212268288924
3,7294,0.569681,0,0.38135375388009185
3,3576,0.069872,0,0.1395570820970565
3,1084,0.461708,0,0.5887259372587359
3,6322,0.148931,0,0.10567856786231027
3,5268,0.328783,0,0.38940294497906935
3,374,0.742427,0,0.5863769356823584
3,5181,0.084544,0,0.13084964108094937
3,466,0.214783,0,0.2947048134763959
3,6667,0.017064,0,0.04002184208187961
3,381,0.806834,0,0.9807448700651851
3,1514,0.55374,0,0.6757974109100515
3,63,0.672414,0,0.7772810446485573
3,1852,0.269502,0,0.30430921411465056
3,2585,0.538684,0,0.2788339802507226
3,4846,0.087861,0,0.11034158434784228
3,1814,0.425223,0,0.3529880914566576
3,2557,0.430594,0,0.3789428874072219
3,2213,0.065367,0,0.14053782653504363
3,3969,0.438595,0,0.38648040482450247
3,4446,0.24304,0,0.2320769791228916
3,1069,0.531032,0,0.5071167077937441
3,3993,0.166146,0,0.270880936900036
3,2289,0.357231,0,0.33260710328639725
3,1305,0.213045,0,0.3084450626165358
3,4510,0.19124,0,0.26235926310464275
3,951,0.291173,0,0.32930340218070864
3,930,0.196598,0,0.2499687443169678
3,2680,0.141096,0,0.08608467423935318
3,119,0.29613,0,0.2085551384224173
3,949,0.159916,0,0.3785973240586056
3,7349,0.235765,0,0.4681711849077556
3,4706,0.59872,0,0.5563214017163299
3,2630,0.539172,0,0.5759482708656766
3,1886,0.143328,0,0.11586986046239683
3,2806,0.00963,0,0.04375820711958754
3,6929,0.066613,0,0.12194810151358916
3,1666,0.592883,0,0.540244679590122
3,1143,0.749766,0,0.5906855246939029
3,2433,0.362362,0,0.45653664967238494
3,3672,0.575846,0,0.852214968423472
3,637,0.083808,0,0.1720059851525153
3,8,0.14223,0,0.16958848967030732
3,2721,0.217933,0,0.32780781432936634
3,6854,0.164884,0,0.36947429586235914
3,2729,0.331092,0,0.5629493103396621
3,4899,0.105972,0,0.1527392766106948
3,5243,0.027047,0,0.07917198450284238
3,2415,0.153594,0,0.2643301718639417
3,2831,0.708329,0,0.6994114360829398
3,3695,0.321847,0,0.20229404561667064
3,3567,0.240862,0,0.22145665095139613
3,6569,0.04451,0,0.09577294875436398
3,4081,0.514877,0,0.3736015143866805
3,1072,0.176777,0,0.1379069706621082
3,4783,0.055814,0,0.059169498126226676
3,6352,0.330236,0,0.25461736701132137
3,1551,0.782244,0,0.611729041466553
3,4276,0.27127,0,0.31182228963790487
3,7454,0.609752,0,0.5710630299358002
3,7287,0.76047,0,0.5327603459174751
3,524,0.0128,0,0.023662741973186286
3,2342,0.219731,0,0.23778264342082678
3,3675,0.24587,0,0.2678630647226133
3,5991,0.027916,0,0.06315250368950993
3,6037,0.25895,0,0.3524996786845706
3,4149,0.525292,0,0.4854248984306751
3,1070,0.460736,0,0.5822368576672708
3,2407,0.096683,0,0.138245044694564
3,5772,0.242222,0,0.5075462929829454
3,5177,0.757307,0,0.671580108371337
3,890,0.140186,0,0.19865425455449767
3,3434,0.153115,0,0.3291355868699745
3,4769,0.06673,0,0.09363300239836408
3,1999,0.434749,0,0.47033004538391293
3,3108,0.719999,0,0.34307070093426384
3,5453,0.307748,0,0.47259030113586104
3,314,0.48219,0,0.28587460599337516
3,6167,0.026576,0,0.025914316347654908
3,5955,0.154873,0,0.122847471403887
3,5359,0.229519,0,0.2911880867585671
3,1065,0.378352,0,0.2654462028209489
3,5437,0.255444,0,0.16275639504464448
3,140,0.080949,0,0.19123574745745917
3,2801,0.184982,0,0.1924713139375425
3,3344,0.277405,0,0.3653510471931761
3,881,0.130436,0,0.18799761283047062
3,6612,0.069213,0,0.2066421126343354
3,3842,0.219818,0,0.2804183775158422
3,1340,0.190838,0,0.21405118114099522
3,2510,0.370978,0,0.25565753757993703
3,50,0.158357,0,0.23532714024612095
3,3383,0.310804,0,0.3084101892839648
3,5008,0.190398,0,0.3101696224018091
3,4646,0.82034,0,0.882606929267255
3,4952,0.181356,0,0.2343399489884079
3,1812,0.138152,0,0.18665255158257352
3,1684,0.610846,0,0.31264870442889686
3,5580,0.045353,0,0.07736941437431002
3,1836,0.067675,0,0.1620191875220285
3,5810,0.740445,0,0.7939499197634825
3,2778,0.168037,0,0.17460450735298036
3,6650,0.773902,0,0.7690217306467817
3,1057,0.600556,0,0.5286027060488051
3,6157,0.02525,0,0.06265412983310488
3,7190,0.604584,0,0.4462665234479737
3,323,0.137146,0,0.1817405757373985
3,3881,0.825318,0,0.6913779605595142
3,4816,0.178919,0,0.10432500316274197
3,553,0.049339,0,0.054861375840258124
3,907,0.13384,0,0.22340354032046494
3,7298,0.770186,0,0.5876321772362734
3,108,0.25112,0,0.18453439561765325
3,2594,0.670028,0,0.6265138069211805
3,3030,0.1722,0,0.18139350105639607
3,96,0.686478,0,0.43401933236396695
3,1912,0.19588,0,0.2222968823020207
3,387,0.261631,0,0.383355064128633
3,305,0.438762,0,0.3445124685364044
3,6863,0.234832,0,0.3344660960289361
3,2217,0.243197,0,0.2703394692373565
3,6838,0.7499,0,0.6380599653480661
3,2664,0.792082,0,0.7193718786369119
3,6988,0.096748,0,0.06374730095475206
3,4749,0.719047,0,0.7726986153564115
3,6574,0.592096,0,0.32483519303341346
3,183,0.349642,0,0.19505124723881423
3,3818,0.550488,0,0.46228847212887375
3,3878,0.822239,0,0.7306026664829212
3,6815,0.68684,0,0.6088826537377918
3,3508,0.66666,0,0.5593207509618792
3,5769,0.085479,0,0.14073553361196633
3,3775,0.081562,0,0.1723627041988375
3,898,0.193955,0,0.1949743848352482
3,3041,0.77981,0,0.8954910433151426
3,6678,0.721048,0,0.5660866615702268
3,6009,0.423846,0,0.35856599943628736
3,1756,0.017504,0,0.05358992410652279
3,6829,0.735367,0,0.4784142900203429
3,6780,0.424011,0,0.8787410326099389
3,5093,0.294187,0,0.6507537094078409
3,6209,0.137604,0,0.16430121459722546
3,229,0.234831,0,0.11894740315491092
3,7282,0.643439,0,0.4019867037766
3,6551,0.305416,0,0.21867556904843655
3,4943,0.03664,0,0.12745805026974968
3,2496,0.535266,0,0.5469265720512664
3,1942,0.275582,0,0.33416023233784814
3,5182,0.395596,0,0.37989684100294996
3,4561,0.104328,0,0.16596702416820014
3,3063,0.048934,0,0.0866495856899651
3,4521,0.06339,0,0.10247487401530943
3,6114,0.202472,0,0.25655200802123496
3,2385,0.335092,0,0.26338232611381984
3,6630,0.729524,0,0.6525478743435446
3,429,0.48171,0,0.5042998555080592
3,2644,0.652414,0,0.5346233396062879
3,4556,0.184209,0,0.23399281787856885
3,7065,0.029018,0,0.07842193359752629
3,1101,0.732248,0,0.7527238183198846
3,4915,0.787333,0,0.7710165006480811
3,244,0.273572,0,0.2616782648644125
3,6255,0.749898,0,0.6872288567305186
3,1333,0.512383,0,0.7278611956575951
3,791,0.08196,0,0.08465568546761786
3,3449,0.519483,0,0.6968049392416972
3,7211,0.4675,0,0.4169442043648366
3,6652,0.158721,0,0.1583182279671975
3,4165,0.037043,0,0.05875889306149949
3,5363,0.655083,0,0.6953298402423514
3,4812,0.07401,0,0.05471741582734396
3,3224,0.64028,0,0.3503278770646333
3,1501,0.008691,0,0.01941838603861684
3,1831,0.183188,0,0.29682013772730415
3,4388,0.460267,0,0.42261069053321854
3,6789,0.066707,0,0.13823199739699343
3,2508,0.302131,0,0.5076806532513599
3,623,0.721174,0,0.6856388959053888
3,4774,0.086045,0,0.204278904138402
3,5940,0.551893,0,0.4489314646818943
3,1131,0.037374,0,0.11733796759912472
3,3950,0.272773,0,0.39697607099880544
3,2320,0.128116,0,0.1249875668168274
3,3215,0.57537,0,0.1878072046727133
3,1124,0.447329,0,0.4660131468462583
3,4392,0.503673,0,0.5020809640534437
3,528,0.262943,0,0.2994984657788586
3,5073,0.194854,0,0.2362895718731158
3,416,0.452143,0,0.5847715525977659
3,913,0.769244,0,0.7914001720408959
3,2067,0.332682,0,0.3692845644170953
3,193,0.419849,0,0.49225058457058274
3,5704,0.579123,0,0.5572287871239417
3,5438,0.221965,0,0.14609765821173082
3,6460,0.101454,0,0.20875057302047664
3,790,0.095587,0,0.14371871553984153
3,7004,0.406403,0,0.5155246482983202
3,6932,0.772323,0,0.9281286944750226
3,2662,0.640901,0,0.6074297164197289
3,1493,0.036427,0,0.036761799690536154
3,2675,0.565646,0,0.4225207389051621
3,2933,0.426729,0,0.2507947564484529
3,2482,0.295357,0,0.33064909005918336
3,1943,0.699646,0,0.8149951520461922
3,5986,0.272851,0,0.3496658786354986
3,1543,0.210446,0,0.28288272212693166
3,793,0.453057,0,0.3472561002661353
3,3750,0.068745,0,0.08736456944459066
3,738,0.108353,0,0.25593180270180876
3,2180,0.738176,0,0.5859643856621466
3,2771,0.086314,0,0.19552788063972404
3,4006,0.273932,0,0.13727232496735614
3,5881,0.638735,0,0.518809504102137
3,6492,0.11109,0,0.21288000917116265
3,5369,0.705277,0,0.5936618668269172
3,569,0.046128,0,0.09998587290901267
3,2311,0.787507,0,0.9256037556793597
3,235,0.323042,0,0.1630286615945382
3,6654,0.051487,0,0.10154405833520273
3,3183,0.412684,0,0.34649180862658785
3,2403,0.038905,0,0.06977277499192934
3,5223,0.542604,0,0.4318263517774534
3,5498,0.125497,0,0.17172727731487542
3,4839,0.256407,0,0.35102432648513154
3,5627,0.478831,0,0.29892783204657297
3,3435,0.677153,0,0.7895060286190513
3,2166,0.410137,0,0.33896205753993086
3,3879,0.437383,0,0.46145277925212164
3,1110,0.05989,0,0.21449462394510355
3,3911,0.336674,0,0.34644687458236073
3,4260,0.81803,0,0.6850990388983257
3,33,0.380157,0,0.29453569681718506
3,885,0.318682,0,0.6414803174389596
3,6423,0.319094,0,0.5482708678957781
3,303,0.578946,0,0.4943927098194653
3,3531,0.101606,0,0.18753663985359423
3,513,0.553613,0,0.635135472741245
3,4550,0.244332,0,0.27858785845370304
3,3939,0.570149,0,0.5101425137871926
3,4818,0.636699,0,0.8012679848778134
3,4965,0.143867,0,0.09674396083692341
3,2922,0.155307,0,0.13840645588712194
3,1701,0.608951,0,0.6198313708720808
3,6581,0.0925,0,0.17753842346722276
3,6674,0.20553,0,0.1928395644184071
3,3495,0.017666,0,0.06621290011885815
3,6084,0.132181,0,0.14381695695969682
3,5238,0.097727,0,0.19695499881156733
3,7197,0.231677,0,0.37072735154086095
3,127,0.028005,0,0.08282424445842004
3,3121,0.441555,0,0.5541547142193933
3,5938,0.164167,0,0.14239083209444978
3,983,0.083975,0,0.09908864264716974
3,4021,0.398529,0,0.3745498616256263
3,2924,0.551001,0,0.26914324763906733
3,4062,0.765479,0,0.6732452481445534
3,5025,0.091374,0,0.12339689152339511
3,7453,0.459682,0,0.42641854406773677
3,7271,0.449803,0,0.532771369167783
3,6562,0.020936,0,0.03372768616538447
3,614,0.049266,0,0.16690179944594344
3,6441,0.553965,0,0.45838398728100355
3,7082,0.497158,0,0.4913976574000363
3,3854,0.378939,0,0.27638995852238507
3,1218,0.395958,0,0.526323842976296
3,4524,0.258824,0,0.2995645033759094
3,1952,0.456129,0,0.456774306301685
3,300,0.277725,0,0.2630435831302738
3,7393,0.24885,0,0.33246654505378503
3,2805,0.427876,0,0.2647081447229215
3,4528,0.727342,0,0.6986511861087336
3,5876,0.071345,0,0.08742624593916494
3,5154,0.557977,0,0.49961758981192406
3,1499,0.111078,0,0.2813981879554422
3,4819,0.462241,0,0.2723104325014929
3,6017,0.09276,0,0.18289879327955888
3,7440,0.418817,0,0.5970704924683226
3,5942,0.830065,0,0.6834008914015403
3,6889,0.553963,0,0.577574759998072
3,5079,0.566483,0,0.535927854066472
3,866,0.717161,0,0.8503895058324626
3,3825,0.666309,0,0.4025397465860538
3,285,0.067713,0,0.045193701332792165
3,4533,0.760207,0,0.5253098885450935
3,4174,0.796889,0,0.6419627034157827
3,4687,0.272942,0,0.25107853742237296
3,2993,0.176781,0,0.2758291534704364
3,7263,0.716799,0,0.5798803832705995
3,1067,0.283365,0,0.19874488507848498
3,5519,0.679789,0,0.5743539163862759
3,2720,0.251006,0,0.16272784094233392
3,5338,0.188494,0,0.22890694604142048
3,5864,0.843963,0,0.8073845028073542
3,7291,0.142125,0,0.18768710008707712
3,595,0.287906,0,0.42003559755721875
3,6905,0.599997,0,0.8749706299816913
3,4185,0.277849,0,0.3041148918567395
3,3427,0.355237,0,0.2081645529635598
3,6726,0.061876,0,0.10424936571138899
3,7224,0.414062,0,0.3767361102846524
3,5266,0.799009,0,0.8878155709835509
3,1011,0.306338,0,0.5188318451607589
3,2986,0.374069,0,0.2664598825892329
3,5728,0.03669,0,0.06299143737598804
3,7377,0.062274,0,0.1749743721721106
3,956,0.117351,0,0.09827291395816604
3,5507,0.26912,0,0.3426031896348393
3,4078,0.064871,0,0.2104929032711413
3,5707,0.041459,0,0.058044044480450016
3,3230,0.347385,0,0.4756297195326655
3,2055,0.825808,0,0.9308283243314527
3,2474,0.078959,0,0.1199407976681813
3,5138,0.715464,0,0.7680804052676028
3,6131,0.1734,0,0.5317971561891951
3,5918,0.685597,0,0.7109484689890416
3,6839,0.20276,0,0.29789153168292204
3,2700,0.093203,0,0.11469442363847146
3,5204,0.845954,0,0.9623194691918944
3,1562,0.346032,0,0.3563049464918316
3,6965,0.755185,0,0.6789489819321191
3,2763,0.632711,0,0.753075549909303
3,922,0.755837,0,0.7291080933092847
3,5534,0.434107,0,0.37534156545850833
3,2762,0.367238,0,0.512779798964971
3,4059,0.539723,0,0.3965533954827339
3,4343,0.125282,0,0.16667216064545523
3,2121,0.839234,0,0.611936168651338
3,65,0.657462,0,0.5816838088426637
3,7026,0.759249,0,0.7366618267724341
3,254,0.393529,0,0.3966208804470708
3,4787,0.757144,0,0.6187774837304181
3,7209,0.165813,0,0.2387795522098555
3,5890,0.063112,0,0.1462586519909783
3,4797,0.298156,0,0.40816818185255754
3,5494,0.289975,0,0.4792199973531554
3,3335,0.131785,0,0.13105594755620922
3,4366,0.008816,0,0.04768225468012558
3,6252,0.828588,0,0.6556481932011032
3,3154,0.702079,0,0.7421913904876958
3,2540,0.011003,0,0.028864153391744723
3,6956,0.43578,0,0.6134903263660875
3,4679,0.222796,0,0.23505303872281438
3,4015,0.479248,0,0.38879294291304767
3,3065,0.228776,0,0.28586646521764436
3,1460,0.476084,0,0.3662810264143937
3,610,0.119152,0,0.15378300076285653
3,4515,0.468413,0,0.5390093559055434
3,2466,0.02254,0,0.042210522715154145
3,4681,0.785985,0,0.8222526626249447
3,4804,0.334694,0,0.4802486980946232
3,5979,0.302466,0,0.24588322532776294
3,5463,0.086675,0,0.07683470198272183
3,2232,0.30505,0,0.3770807868375462
3,3850,0.372845,0,0.33490477732907414
3,1604,0.639257,0,0.723631145796112
3,5483,0.144324,0,0.16091342364045097
3,3127,0.109082,0,0.18270451752310096
3,4527,0.610035,0,0.6640533257895065
3,6221,0.670945,0,0.5663886839554018
3,425,0.403448,0,0.34989646767217325
3,1875,0.356836,0,0.36530541591316124
3,6149,0.042373,0,0.09723530050712272
3,440,0.304658,0,0.43337320816835617
3,1454,0.219082,0,0.1702372557556085
3,1877,0.151198,0,0.17952473353461937
3,6908,0.140568,0,0.2349883726246048
3,631,0.117784,0,0.08794165964479908
3,7301,0.159403,0,0.22320210203766166
3,1561,0.082252,0,0.056752770889394843
3,4356,0.195386,0,0.09127126067251179
3,354,0.584883,0,0.7196617705196429
3,3900,0.135021,0,0.1938176188474277
3,6133,0.019839,0,0.015633209555182256
3,5761,0.212958,0,0.3159793249537068
3,5582,0.113017,0,0.1721391093210933
3,5232,0.597962,0,0.7386493784587511
3,1112,0.162939,0,0.1607579718717553
3,68,0.563194,0,0.5215828184801392
3,6463,0.228319,0,0.41682044376282734
3,843,0.779835,0,0.6970048885799812
3,3113,0.429601,0,0.4175904797389838
3,3139,0.562937,0,0.6136112512466299
3,7162,0.76401,0,0.625276813847427
3,6966,0.160547,0,0.24386363875777714
3,5690,0.371214,0,0.4412890610592352
3,7467,0.667137,0,0.6033945566685175
3,2021,0.574986,0,0.8867260715201585
3,4657,0.220813,0,0.33205826679477135
3,2937,0.171978,0,0.28170614509569836
3,6414,0.006292,0,0.005447432212022044
3,4154,0.146914,0,0.24271314071251632
3,6194,0.070147,0,0.08862837703621178
3,4973,0.462921,0,0.4265337697516336
3,4858,0.180725,0,0.19918702364760357
3,3747,0.38057,0,0.6622046870541901
3,3483,0.273269,0,0.29985206122004016
3,1169,0.516247,0,0.3474009312612894
3,5261,0.473663,0,0.48693965589613225
3,6939,0.147542,0,0.25375736016331685
3,2969,0.082009,0,0.12204992863892915
3,1276,0.340513,0,0.1915402127610283
3,2894,0.338587,0,0.457951815502591
3,658,0.503007,0,0.5114425686587698
3,4692,0.714366,0,0.628348870575361
3,1481,0.123843,0,0.145718260617582
3,2645,0.091957,0,0.08325419501167586
3,7319,0.36467,0,0.2755926694102445
3,5125,0.742254,0,0.6906108140896063
3,5982,0.216431,0,0.16437652794570237
3,1399,0.262079,0,0.2765634854864283
3,7132,0.119014,0,0.16959893321714686
3,3658,0.329,0,0.4548257271068369
3,6584,0.073082,0,0.09306908533542982
3,3151,0.055169,0,0.11943248838216605
3,284,0.486433,0,0.5860380704668441
3,1031,0.053952,0,0.13465082449589072
3,1312,0.402253,0,0.24481687947160008
3,2923,0.163942,0,0.17003607101491
3,3907,0.422197,0,0.3086728784359071
3,7245,0.228055,0,0.23556495469929542
3,6662,0.826784,0,0.6199489938512693
3,2357,0.214636,0,0.3154342631832661
3,4252,0.090176,0,0.16562550799986667
3,6719,0.113411,0,0.13207420599455416
3,5224,0.849891,0,0.8156798732456841
3,2351,0.787465,0,0.6597807248005824
3,6864,0.807986,0,0.834963889055591
3,3132,0.167978,0,0.16483310686257213
3,1642,0.8187,0,0.8088728712870047
3,5703,0.466938,0,0.5347651815317419
3,4790,0.598724,0,0.630070909089059
3,3994,0.038399,0,0.13106858726207604
3,5541,0.146875,0,0.10702510642195444
3,3619,0.091713,0,0.2869364851623265
3,4612,0.049144,0,0.059102739839228174
3,4124,0.307961,0,0.5373032437254177
3,6421,0.425868,0,0.39239673722972374
3,70,0.544765,0,0.5073721495331242
3,2525,0.358647,0,0.4621334077120049
3,6701,0.301687,0,0.5353464160988631
3,5349,0.766567,0,0.7558493307109859
3,5324,0.58577,0,0.6140760655187597
3,4618,0.799648,0,0.8555487368331606
3,2327,0.183111,0,0.19051280434400208
3,3421,0.270534,0,0.2729119743248352
3,278,0.265576,0,0.38184359983486127
3,7077,0.010742,0,0.020229016722397245
3,1158,0.603489,0,0.639519704551099
3,207,0.063949,0,0.09525885461953972
3,211,0.102453,0,0.09650005559305083
3,2995,0.514465,0,0.4386374012440433
3,4030,0.116504,0,0.1326932951348383
3,2850,0.363508,0,0.38773310686646506
3,4363,0.191445,0,0.1579988730814918
3,2265,0.476329,0,0.285000166794376
3,260,0.42963,0,0.4313139743716383
3,6435,0.124204,0,0.09333758382587844
3,959,0.39832,0,0.4073862728263538
3,59,0.727835,0,0.788751096703947
3,163,0.78685,0,0.7629286839681487
3,3459,0.814324,0,0.7878040376169
3,4385,0.426821,0,0.39094894001312874
3,3280,0.663842,0,0.7435160503130666
3,1472,0.12876,0,0.315302742555483
3,4057,0.127345,0,0.28225843227183317
3,4841,0.51033,0,0.6339611144917263
3,7322,0.270743,0,0.2404599813869374
3,4743,0.397036,0,0.478060866902415
3,3104,0.140673,0,0.3167240457403695
3,288,0.546532,0,0.47854248747555206
3,6070,0.041542,0,0.06038387751610382
3,4602,0.500459,0,0.499088656364542
3,6755,0.252949,0,0.6771179641044088
3,990,0.162637,0,0.14837307897981494
3,6736,0.547302,0,0.3801230910365598
3,675,0.086335,0,0.06483566434679956
3,7101,0.405447,0,0.36801549484905455
3,5805,0.205431,0,0.22266319834013246
3,5603,0.639822,0,0.4831782376841498
3,5736,0.394312,0,0.37044742718077533
3,1891,0.524783,0,0.6637483566442289
3,5306,0.515294,0,0.47742645803122624
3,3048,0.153476,0,0.1348097082614743
3,3507,0.568807,0,0.5495582695005394
3,3485,0.051164,0,0.07137342708641767
3,4250,0.248787,0,0.18744098831475303
3,7143,0.337052,0,0.1612725925863333
3,2177,0.038003,0,0.08285698882042021
3,5732,0.329554,0,0.36218897940760086
3,6155,0.088742,0,0.1907840495340712
3,1026,0.105227,0,0.19288983161645748
3,1076,0.190818,0,0.31173186055926977
3,5908,0.419198,0,0.23919463641389832
3,4013,0.166753,0,0.2575685778726035
3,7110,0.267294,0,0.33865251186198947
3,6321,0.464859,0,0.24181610664961903
3,6992,0.124605,0,0.14604976636415476
3,6620,0.045205,0,0.08283123269689444
3,188,0.231635,0,0.2630763032480319
3,436,0.263517,0,0.2793709536400909
3,2861,0.154098,0,0.2208484362588
3,1784,0.609217,0,0.7189450428583806
3,3664,0.204729,0,0.29670668341320133
3,4309,0.146008,0,0.4088247215898019
3,3516,0.086524,0,0.10478026348457554
3,1053,0.178868,0,0.128831138898587
3,3985,0.080869,0,0.17658073130253416
3,5726,0.147366,0,0.09924495976320448
3,5921,0.174272,0,0.4620660212148054
3,3237,0.53197,0,0.8030647611641963
3,4986,0.2214,0,0.25124959800678487
3,764,0.069753,0,0.10183297964485172
3,2985,0.114268,0,0.09061883247828195
3,5370,0.32359,0,0.4001851706573913
3,3244,0.012021,0,0.01979988645853196
3,6370,0.074387,0,0.16174607905093602
3,6624,0.431,0,0.2856981577010781
3,1903,0.787475,0,0.6592866495651496
3,563,0.134046,0,0.3276842093036996
3,934,0.088813,0,0.08688351167480438
3,4577,0.273425,0,0.256746138456086
3,1635,0.016061,0,0.033529632016496745
3,3415,0.840011,0,0.8584599797430471
3,1809,0.258087,0,0.2707586452243258
3,4273,0.657848,0,0.5394003344026597
3,5027,0.313881,0,0.2576206598764812
3,1587,0.181502,0,0.2528701429840356
3,5597,0.045068,0,0.0931380984620187
3,4789,0.101812,0,0.20271803871631122
3,1350,0.233028,0,0.26994298297471003
3,7378,0.623064,0,0.485368167434421
3,5311,0.722811,0,0.6411945448854282
3,6205,0.043451,0,0.16011289877785467
3,5868,0.207261,0,0.2595679418793405
3,1868,0.439091,0,0.5061918035592395
3,452,0.142312,0,0.08176799632003555
3,5648,0.844638,0,0.7286872946273173
3,3989,0.310629,0,0.31116311375016925
3,2886,0.522022,0,0.33568411802804266
3,818,0.245453,0,0.24263968005867517
3,3165,0.102033,0,0.233694647473465
3,4767,0.088466,0,0.12065673721330301
3,3251,0.056308,0,0.12699498950428695
3,6397,0.617739,0,0.6133681279285794
3,5172,0.387561,0,0.1675068019236717
3,3536,0.358079,0,0.3141241642443343
3,3773,0.482343,0,0.6129324215405784
3,6245,0.244503,0,0.3502809293903384
3,7208,0.681835,0,0.4214651993139636
3,893,0.65722,0,0.6195060206759279
3,6845,0.503722,0,0.5270321248881854
3,1802,0.033066,0,0.039981420406259835
3,3440,0.657938,0,0.3300779993562769
3,3426,0.257881,0,0.2662054699403208
3,2743,0.134328,0,0.16388469723173188
3,4189,0.78728,0,0.8621912615867888
3,6605,0.110166,0,0.14994553798770546
3,5555,0.780554,0,0.927426414146045
3,6419,0.832417,0,0.7836512611888531
3,5696,0.226729,0,0.29150413299241634
3,6671,0.077133,0,0.08608823574223726
3,1630,0.335581,0,0.2859061334995486
3,2598,0.243679,0,0.2144932103400609
3,3010,0.656867,0,0.724348520661032
3,5799,0.751976,0,0.6765539409592422
3,1954,0.767296,0,0.5113286993381727
3,1632,0.546633,0,0.5445471076568578
3,5237,0.759298,0,0.70177223051939
3,2286,0.104854,0,0.14588625499611368
3,3875,0.49993,0,0.5162066849589886
3,6735,0.743975,0,0.6962949019557547
3,1341,0.482708,0,0.22399473324555716
3,4791,0.102457,0,0.13828961688054026
3,5915,0.729438,0,0.7424596844551961
3,6981,0.5903,0,0.331269580077225
3,3072,0.361196,0,0.48841263057414624
3,4622,0.70348,0,0.5197917864972718
3,3643,0.641604,0,0.5387422399514492
3,3292,0.276913,0,0.3834973152171364
3,175,0.772267,0,0.618150852662132
3,1087,0.138916,0,0.139782885668134
3,3315,0.244565,0,0.21574368462254162
3,519,0.087046,0,0.12008728972066479
3,5901,0.106485,0,0.11625639819947889
3,5511,0.1182,0,0.1986278220675186
3,5084,0.597291,0,0.372453228407606
3,2456,0.492703,0,0.30213301186806474
3,1366,0.479044,0,0.4150974191214795
3,4937,0.205924,0,0.1754772970272837
3,1068,0.34316,0,0.22005600325709065
3,2964,0.555487,0,0.5766908822536343
3,2839,0.58932,0,0.6173094974773975
3,1958,0.289352,0,0.18988189373360803
3,6263,0.26124,0,0.21421807952864091
3,3608,0.10903,0,0.07612040430140901
3,336,0.486022,0,0.5596084597102253
3,6586,0.087639,0,0.06304815024776175
3,4047,0.237708,0,0.2855808908121391
3,7284,0.641261,0,0.5141438151753405
3,6721,0.312578,0,0.22906434559908717
3,1805,0.284158,0,0.3024615272773193
3,4001,0.173454,0,0.1460287756453065
3,3388,0.447583,0,0.1734433534685486
3,6298,0.648937,0,0.6895567927095135
3,6324,0.421199,0,0.4545898085451683
3,292,0.210602,0,0.187063617410473
3,6007,0.449759,0,0.4161890761496129
3,5242,0.39237,0,0.31333461939088675
3,3785,0.126143,0,0.2532173685776551
3,2136,0.418567,0,0.4210589002433453
3,2078,0.753781,0,0.6178880151439575
3,6464,0.490198,0,0.45285767151045864
3,402,0.277566,0,0.14863713804780215
3,2299,0.664465,0,0.6481838363393326
3,669,0.395901,0,0.49228570991344034
3,630,0.719991,0,0.7392404405220263
3,4452,0.120173,0,0.21361549155481946
3,2925,0.481811,0,0.347318049825515
3,1036,0.304959,0,0.3289516562996879
3,619,0.077453,0,0.09816826289662753
3,6358,0.646147,0,0.40576614092634605
3,3857,0.247176,0,0.15580733865469495
3,3697,0.270083,0,0.41131085261100075
3,6528,0.014636,0,0.02954961670448753
3,6303,0.120858,0,0.22705820641991029
3,3668,0.393308,0,0.33085972562843763
3,3354,0.620544,0,0.5365848877563856
3,6645,0.043749,0,0.09750634631429853
3,638,0.731229,0,0.9779391126795559
3,1645,0.287187,0,0.30416198637993275
3,4701,0.34087,0,0.49399537202543164
3,1407,0.617496,0,0.5101161001829708
3,4822,0.301326,0,0.18875302813548728
3,4949,0.264386,0,0.2529449307711198
3,3158,0.585459,0,0.6030634177748863
3,4968,0.016644,0,0.03387764972216478
3,2429,0.675224,0,0.7645437505413676
3,7406,0.346426,0,0.35100549102596285
3,5484,0.339565,0,0.5218017577950251
3,1576,0.127723,0,0.23394652356604145
3,1034,0.247479,0,0.1879619937655113
3,6185,0.180873,0,0.3514396601245905
3,3710,0.179033,0,0.29043989495942374
3,6775,0.731336,0,0.31748713695092406
3,4384,0.716266,0,0.4637689590858584
3,6519,0.136429,0,0.1665247726206105
3,2108,0.12673,0,0.10856361316014326
3,5451,0.247189,0,0.14856584395768813
3,4005,0.375211,0,0.3693523627389994
3,294,0.237934,0,0.2175205373735155
3,5406,0.744494,0,0.564724715183585
4,3336,0.999204,1,0.9983136248424925
4,3386,0.988308,1,0.9741578779097775
4,4862,1.0,1,0.9999999985027113
4,286,0.998226,1,0.996510622985151
4,3293,0.993666,1,0.9958059837312774
4,3080,0.97068,1,0.9425862731193082
4,5808,0.999834,1,0.9994106056359362
4,3915,0.961118,1,0.9746265293434454
4,3801,0.995841,1,0.9931281865034398
4,5543,0.999515,1,0.9991797414834924
4,5501,0.998419,1,0.9948723557427906
4,2026,0.97458,1,0.8896848462343981
4,3137,0.999984,1,0.9998375010669821
4,5553,0.998936,1,0.9960680467072202
4,3561,0.999576,1,0.9972708364780304
4,3898,0.983174,1,0.9698129730848537
4,743,0.997691,1,0.993246384911328
4,6170,0.969069,1,0.9276294001549358
4,6485,0.996862,1,0.9936545906943604
4,3143,0.971627,1,0.9406660230347559
4,2616,0.862403,1,0.908811328234504
4,3893,0.995638,1,0.9913555487906326
4,450,0.999018,1,0.9945582004061427
4,6882,0.900578,1,0.9108860161960595
4,2915,0.9992,1,0.9990971540337454
4,4678,0.934378,1,0.9236756849575138
4,2328,0.961669,1,0.9507939818353918
4,6201,0.994204,1,0.9815712288802475
4,946,0.892228,1,0.6702330158662351
4,1063,0.901969,1,0.928652993860042
4,3382,0.896916,1,0.8341989135227968
4,7450,0.988666,1,0.9614488225566578
4,4628,0.998091,1,0.9973366067076728
4,3270,0.871859,1,0.7439115363203448
4,945,0.991027,1,0.9829054754064371
4,2324,0.993067,1,0.9953975604591601
4,2956,0.99308,1,0.9934025568236257
4,1749,0.999805,1,0.9989834975409492
4,7428,0.988101,1,0.9644542943459651
4,6856,0.882323,1,0.957017953314933
4,365,0.9889,1,0.9879971595240996
4,2891,0.999381,1,0.9940706592096301
4,1742,0.934322,1,0.9203256329377971
4,3431,0.89901,1,0.9011551778436331
4,4543,0.854577,1,0.8400952853131659
4,1747,0.999728,1,0.9994913784841444
4,779,0.99999,1,0.9999857331449311
4,6310,0.999005,1,0.9953791618108291
4,4253,0.990337,1,0.9900859308846965
4,27,0.999999,1,0.9999910769291405
4,5147,0.997213,1,0.987854585096253
4,6068,0.998752,1,0.9952138390087027
4,7159,0.994053,1,0.9846304588489021
4,3833,0.865636,1,0.9642525804111738
4,6766,0.999973,1,0.9999018669959724
4,3277,0.99734,1,0.9931211865969152
4,2816,0.999288,1,0.9986813575653247
4,3040,0.998981,1,0.9986262937716426
4,5071,0.998787,1,0.9977039664185303
4,4393,0.969561,1,0.9638238250304887
4,7217,0.995731,1,0.9910693939611127
4,3175,0.891678,1,0.8494482082647656
4,1014,0.996154,1,0.995837349708036
4,1616,0.999874,1,0.9996921133900889
4,1096,0.951417,1,0.9191822773884389
4,2559,0.989705,1,0.9538484512096825
4,5367,0.9988,1,0.9972403885872272
4,5227,0.999232,1,0.9985877810848355
4,6132,0.998695,1,0.9948291994179461
4,6947,0.875271,1,0.9250255295282553
4,4425,0.994951,1,0.9938324825090032
4,6183,0.992814,1,0.9929755724830609
4,5192,0.999529,1,0.9989494511931786
4,1976,0.999275,1,0.9957731035528016
4,5675,0.968483,1,0.9590446896384889
4,984,0.999818,1,0.9997132604272665
4,4188,0.966327,1,0.9124055526193284
4,4256,0.869686,1,0.8340516197388456
4,2769,1.0,1,0.9999966056148051
4,2437,0.99998,1,0.9999445882678266
4,2420,0.919971,1,0.9777232922397002
4,2987,0.999916,1,0.9996860345713492
4,7171,0.99989,1,0.9994910884705168
4,1739,0.996018,1,0.989406001816943
4,608,0.997855,1,0.9938041157561974
4,7314,0.992641,1,0.9714857827341434
4,5331,0.985614,1,0.9558206933554769
4,5013,0.988823,1,0.981592188072462
4,649,0.998966,1,0.996117375437834
4,3521,0.952756,1,0.9257142195273372
4,5994,0.998943,1,0.9980173032158596
4,5517,0.879921,1,0.9092368439523455
4,1657,0.995114,1,0.9925763660476912
4,6350,0.991613,1,0.9900313205968584
4,7372,0.997376,1,0.9968295732197473
4,1027,0.992232,1,0.9838109648675487
4,5040,0.909041,1,0.9421705161885198
4,3153,0.904122,1,0.9128354634479087
4,71,0.886461,1,0.8196592026610763
4,5481,0.999864,1,0.9994027459330674
4,5825,0.996639,1,0.9879700945885014
4,598,0.894647,1,0.8392991913532271
4,6346,0.894002,1,0.8045837437565424
4,4368,0.993012,1,0.9906223736670589
4,5,0.881451,1,0.89263693105526
4,377,0.868633,1,0.9005727513616248
4,5503,0.85776,1,0.8828723953414281
4,4570,0.987994,1,0.9688753677575556
4,1575,0.999914,1,0.9997620478244449
4,715,0.999207,1,0.9987840414838836
4,2647,1.0,1,0.9999970305657928
4,2536,0.987161,1,0.9818347828629745
4,4378,0.961843,1,0.9415544262548176
4,4323,0.951815,1,0.9573156504725661
4,6193,0.999882,1,0.9982440467663347
4,4709,0.884984,1,0.8249352574164099
4,5551,0.949021,1,0.9053528189234341
4,7087,0.987628,1,0.960128925719157
4,5379,0.937889,1,0.8954822153163614
4,2491,0.900535,1,0.8259220747791121
4,6791,0.897872,1,0.8459657498366143
4,1884,0.996448,1,0.9926578049586042
4,4810,0.999554,1,0.9984040616126104
4,7248,0.985424,1,0.9850533666195374
4,5844,0.883427,1,0.7943351899990548
4,2669,0.999426,1,0.9978879673374116
4,558,1.0,1,0.9999999266636477
4,6876,0.996593,1,0.9929883006736161
4,4652,0.986933,1,0.9836660020112716
4,2380,0.998244,1,0.9957199764458841
4,118,0.99994,1,0.9999020102083327
4,3709,1.0,1,0.999996757313855
4,4383,0.999978,1,0.999917165082474
4,7161,1.0,1,0.9999985668568874
4,5422,0.99999,1,0.9999775017336202
4,1288,1.0,1,0.9999987919322081
4,6086,0.914201,1,0.8418854818498293
4,2481,0.902335,1,0.9502267175607032
4,3894,0.999968,1,0.9998736194653364
4,4568,0.95577,1,0.934051186043754
4,2552,0.956346,1,0.9459063791732893
4,6578,0.991145,1,0.9854254576572271
4,5423,0.952861,1,0.9518777360235349
4,1776,0.999546,1,0.9985158532396469
4,311,0.996941,1,0.9918877321957771
4,2479,0.996521,1,0.9946808929890166
4,2648,0.98864,1,0.9783973723387142
4,4747,0.992609,1,0.97011498420749
4,2824,0.989986,1,0.9910984964533688
4,1690,0.996485,1,0.9933985247917677
4,427,0.882934,1,0.809596241552951
4,4447,0.888122,1,0.8384028385891085
4,899,0.85457,1,0.934985820823723
4,5973,0.999372,1,0.9977977520158821
4,5644,0.997204,1,0.9963117341460253
4,376,0.999579,1,0.9990682310302238
4,4801,0.864481,1,0.742607672477946
4,3115,0.995766,1,0.992632206838594
4,4641,0.996971,1,0.9849633268338432
4,2402,0.999999,1,0.99999507857603
4,5856,0.872413,1,0.7717665512423703
4,7186,0.998614,1,0.9933694165134916
4,2570,0.901799,1,0.7780999807977778
4,1000,0.992901,1,0.9905411620495791
4,6504,0.988781,1,0.9822899220886202
4,3766,0.997743,1,0.9913061551886188
4,4325,0.871905,1,0.8736906328040962
4,4560,0.980325,1,0.9716732000910688
4,1321,0.995524,1,0.9875724092184114
4,6116,0.901023,1,0.7806146785779204
4,4758,0.886366,1,0.7387109640906786
4,5327,0.974782,1,0.9740568195201915
4,5588,0.982156,1,0.9668237782550455
4,748,0.112814,0,0.19995706437638983
4,242,0.06877,0,0.09184932985784157
4,3999,0.636837,0,0.5227174925330411
4,1622,0.129583,0,0.20683451121068153
4,6632,0.699881,0,0.6982383188467812
4,495,0.467052,0,0.43388262714914455
4,1430,0.523839,0,0.484757715307246
4,4014,0.565064,0,0.5311555908930342
4,1041,0.627576,0,0.6569827698567021
4,6987,0.129536,0,0.06247882112795305
4,2998,0.110114,0,0.15441878629387637
4,2500,0.277715,0,0.30381994477250945
4,5870,0.259649,0,0.36345699650260505
4,5542,0.180627,0,0.16927731025629109
4,2003,0.226199,0,0.08711763707051592
4,5569,0.283997,0,0.3746298877879492
4,7426,0.365812,0,0.30834686312305054
4,3169,0.057618,0,0.11564317976295077
4,2932,0.434216,0,0.42334198300590137
4,1061,0.206063,0,0.3302645895521345
4,1973,0.099225,0,0.057310889067888504
4,357,0.066562,0,0.11583716078713459
4,5477,0.310035,0,0.32256017958179417
4,3746,0.783335,0,0.5336501231258628
4,7369,0.337942,0,0.3273834800543477
4,2981,0.153259,0,0.3262572095144652
4,1433,0.050573,0,0.08617063853247109
4,4495,0.133019,0,0.2706893761256347
4,2629,0.148672,0,0.10579704265133247
4,4674,0.264777,0,0.3405505754275097
4,1456,0.25583,0,0.44391225817376484
4,155,0.245103,0,0.26309190719686626
4,737,0.053396,0,0.07974896635723007
4,2199,0.174282,0,0.14339340782082402
4,3118,0.144374,0,0.2390702004650876
4,6422,0.123777,0,0.1395119190972979
4,3468,0.571369,0,0.47868362515590424
4,6220,0.559702,0,0.3731751215523785
4,3083,0.243787,0,0.20484180319106618
4,6142,0.410594,0,0.5685966049561036
4,3498,0.385486,0,0.3903063260096206
4,6570,0.509999,0,0.4369004486990152
4,7371,0.591709,0,0.37583731416232186
4,4727,0.596177,0,0.5840996168193882
4,6695,0.423448,0,0.28260739465954937
4,4861,0.516249,0,0.34679887706421164
4,4131,0.400015,0,0.3308616991605639
4,5735,0.069316,0,0.1425646146403381
4,5347,0.741973,0,0.6935809520704292
4,5403,0.112658,0,0.16773852753932705
4,2677,0.393569,0,0.48063356278412545
4,5474,0.017317,0,0.030784786048365195
4,5115,0.668544,0,0.559256783430225
4,1008,0.118121,0,0.17522331695387977
4,6126,0.60536,0,0.7933710535270841
4,562,0.193647,0,0.15362028012747897
4,612,0.38229,0,0.41337895802453023
4,1339,0.048483,0,0.10049207038231309
4,77,0.427635,0,0.3691121263385692
4,2953,0.432439,0,0.6197044171267331
4,1758,0.705389,0,0.6285269243821151
4,460,0.064399,0,0.20504163364995126
4,4111,0.193437,0,0.25318005112547487
4,4084,0.094432,0,0.18223479493381897
4,4106,0.104834,0,0.19445250854168347
4,7380,0.618654,0,0.4649025639118406
4,6524,0.036055,0,0.08841137990279979
4,6308,0.101226,0,0.12946910313068985
4,2790,0.803297,0,0.6840384273984108
4,722,0.142419,0,0.21385930074594972
4,5998,0.179445,0,0.13459251744017617
4,854,0.648775,0,0.6947028782079571
4,4754,0.294853,0,0.506371598584168
4,1863,0.16546,0,0.21573575209051762
4,502,0.357427,0,0.487142139200036
4,4865,0.281346,0,0.3896133911989965
4,5273,0.110949,0,0.21977396768824323
4,6451,0.848573,0,0.7055234728798281
4,828,0.030966,0,0.05078915365494391
4,3575,0.066653,0,0.08638294053023317
4,6984,0.015339,0,0.039602619032582886
4,5344,0.802102,0,0.5776320733859138
4,939,0.223387,0,0.2784764743756838
4,3836,0.693941,0,0.8232412590655509
4,613,0.318471,0,0.39945652147053723
4,2589,0.291445,0,0.2951025853895363
4,671,0.660053,0,0.32865081600047397
4,2772,0.656558,0,0.8164777823745613
4,7120,0.068191,0,0.1263896287532873
4,7063,0.055256,0,0.11056820312202303
4,6108,0.612665,0,0.5772409538064817
4,2660,0.225954,0,0.46778280132722516
4,3909,0.767516,0,0.5883007396431993
4,3075,0.292708,0,0.4374687563525732
4,4739,0.078948,0,0.1098530726228166
4,418,0.373072,0,0.2725310620447353
4,13,0.408376,0,0.3516260599617833
4,4289,0.34996,0,0.2327202279279347
4,6514,0.35681,0,0.3955743367360528
4,758,0.176745,0,0.28314331487016764
4,3208,0.675034,0,0.5629014853786154
4,6401,0.799733,0,0.7755140284668123
4,1178,0.635843,0,0.5629537262961974
4,3715,0.278657,0,0.31708951632940624
4,1269,0.833254,0,0.6445873457865403
4,5045,0.614618,0,0.6351917516962289
4,3149,0.061421,0,0.07446268056412005
4,296,0.112071,0,0.16082326751097709
4,7091,0.359584,0,0.23589510542713035
4,6595,0.508949,0,0.4083046094083432
4,2207,0.635704,0,0.6235699917990299
4,603,0.104822,0,0.22038677553444444
4,7495,0.112428,0,0.2189646612508015
4,4835,0.439819,0,0.48293130104636156
4,739,0.135,0,0.15092869636583509
4,777,0.227301,0,0.22977288000781826
4,1287,0.438165,0,0.4308589378631192
4,7285,0.705238,0,0.6796233534745872
4,2911,0.165821,0,0.27651970312923246
4,2013,0.519272,0,0.31934538708226756
4,3663,0.104306,0,0.06224460681907851
4,1783,0.118946,0,0.3005519138673633
4,5850,0.642782,0,0.4440348336324055
4,4497,0.796471,0,0.8811647924937014
4,428,0.514483,0,0.6515047077234216
4,4038,0.215708,0,0.24238822875958443
4,5366,0.763668,0,0.7040480517636305
4,2913,0.327776,0,0.2625110629161034
4,7309,0.371492,0,0.22016532100798042
4,882,0.780637,0,0.6202376970574275
4,1682,0.17455,0,0.2009229704496453
4,6454,0.240309,0,0.191257529634744
4,4760,0.412829,0,0.49385507012838564
4,7049,0.526445,0,0.5619449697254227
4,7215,0.283234,0,0.43832758115855625
4,6751,0.640845,0,0.48742227730754406
4,5967,0.587459,0,0.5352322933090149
4,2730,0.068234,0,0.06255053020766436
4,5077,0.099626,0,0.12519342484125964
4,1539,0.837377,0,0.7285817646772623
4,7485,0.024469,0,0.08185420155018958
4,61,0.586481,0,0.42062269415335374
4,2641,0.196141,0,0.3616971124207098
4,2418,0.447464,0,0.3241559299848976
4,2001,0.800102,0,0.7051098156686328
4,5319,0.039746,0,0.13175480056319733
4,5342,0.642027,0,0.5736596514734156
4,6049,0.439643,0,0.3509722426782208
4,3889,0.560561,0,0.5698665809916731
4,2182,0.129753,0,0.2089343458895834
4,7421,0.381308,0,0.3127747500262991
4,6626,0.274609,0,0.3919844236715426
4,5038,0.827026,0,0.8642672269988799
4,1348,0.012019,0,0.01386718617383205
4,1957,0.748412,0,0.7113803658502149
4,1671,0.142339,0,0.18188773716184733
4,1262,0.538517,0,0.46186017845384253
4,6596,0.484183,0,0.5521839088073757
4,6794,0.261689,0,0.16787464767991994
4,5197,0.574215,0,0.3497652763258658
4,1808,0.346545,0,0.4057944048249856
4,1105,0.151537,0,0.06598696520133798
4,7131,0.124329,0,0.15053930821924513
4,5443,0.123446,0,0.2862260480898297
4,3191,0.294165,0,0.2788241201469824
4,935,0.60531,0,0.3277012867318986
4,3297,0.250036,0,0.35019191644726094
4,1482,0.158084,0,0.18549354298709594
4,2282,0.478324,0,0.28761634209265724
4,7124,0.710807,0,0.6767173094026044
4,4655,0.236758,0,0.20083333963725683
4,3039,0.238973,0,0.306181723059072
4,4470,0.660357,0,0.6490713255513325
4,6247,0.213608,0,0.34424926170526143
4,4985,0.050911,0,0.17510842062551296
4,6511,0.555652,0,0.19958221694150222
4,1889,0.293824,0,0.39636799759034735
4,3725,0.269357,0,0.3415225704731724
4,503,0.770281,0,0.5312533321413121
4,5249,0.796627,0,0.5984872536496747
4,4883,0.679623,0,0.43210881356028014
4,2977,0.613152,0,0.7353157579650064
4,3718,0.267798,0,0.256196512052866
4,3703,0.449749,0,0.4253184667879184
4,344,0.042834,0,0.04167629924217738
4,5753,0.254534,0,0.1880300775116755
4,4175,0.544076,0,0.6274534750064219
4,62,0.192697,0,0.15863731193022265
4,3430,0.185436,0,0.27982364255312514
4,267,0.138098,0,0.14864795966225555
4,125,0.561924,0,0.4097670925600894
4,3089,0.084695,0,0.20494725292710775
4,597,0.295089,0,0.22805535861176554
4,5660,0.417873,0,0.6048214524942694
4,1103,0.055607,0,0.14751636713368466
4,5654,0.21496,0,0.49985766609100646
4,1025,0.81486,0,0.5915939182025116
4,2858,0.272292,0,0.2436515115541077
4,6808,0.27187,0,0.30767479894252286
4,1685,0.209064,0,0.31828481443575585
4,5677,0.0759,0,0.19117836691849216
4,7146,0.531554,0,0.5355398721386273
4,5479,0.146961,0,0.13180683178828134
4,3433,0.101104,0,0.15858509446274505
4,3259,0.21447,0,0.17159731225283292
4,2512,0.741936,0,0.45052828816000134
4,48,0.103997,0,0.34103027414059295
4,6673,0.391234,0,0.4028991235432966
4,6136,0.736246,0,0.914486780232762
4,1658,0.279916,0,0.45818317995744046
4,817,0.028987,0,0.06105500194113906
4,2015,0.253701,0,0.34075957509094856
4,6176,0.143626,0,0.1254693530596483
4,926,0.674619,0,0.5553282013226701
4,3379,0.297923,0,0.5709152164068303
4,4619,0.455265,0,0.5216178437781074
4,5478,0.441987,0,0.37527566868633677
4,7303,0.306514,0,0.2950158413543375
4,6174,0.342211,0,0.3927504974704106
4,5005,0.204178,0,0.30011702861765976
4,4333,0.016017,0,0.031066094114721627
4,7194,0.612443,0,0.47846750846963854
4,2874,0.304114,0,0.2885463348898949
4,1443,0.025567,0,0.1865107276327329
4,1090,0.124854,0,0.30596924488532545
4,670,0.46672,0,0.3582837865885963
4,2309,0.200779,0,0.37262345659082585
4,5721,0.293047,0,0.19678738357418246
4,1440,0.732999,0,0.6148220001728042
4,4864,0.391523,0,0.5257850023675865
4,389,0.063804,0,0.12041469222977064
4,2118,0.606169,0,0.6024902892626662
4,2796,0.190049,0,0.13807892360255816
4,4953,0.228835,0,0.18118167522076234
4,3573,0.178299,0,0.33426266859716997
4,7409,0.155524,0,0.28440220274323674
4,1230,0.179753,0,0.3013621739998414
4,7005,0.035947,0,0.09603840247541447
4,3971,0.839411,0,0.8571978551163053
4,1100,0.41615,0,0.4662789802611666
4,4869,0.318057,0,0.4708081371048705
4,4493,0.520582,0,0.3757971781324283
4,5851,0.191308,0,0.26665734963530935
4,5253,0.260826,0,0.16244510309511812
4,1883,0.045474,0,0.059299455521076135
4,1737,0.245581,0,0.3171396972932976
4,1950,0.534754,0,0.3488854856422316
4,2036,0.253238,0,0.28528484839324914
4,4297,0.211371,0,0.3111099248163008
4,2833,0.105009,0,0.10827481798469595
4,44,0.107043,0,0.12073012896602892
4,4499,0.092178,0,0.1525840258996382
4,4162,0.302505,0,0.2687716641435702
4,338,0.794181,0,0.8116316805980799
4,2837,0.176306,0,0.20253396182824368
4,5313,0.158659,0,0.2135577439920802
4,4028,0.522293,0,0.5441570367310732
4,1250,0.765873,0,0.5684708893540316
4,1245,0.080451,0,0.13214664541201887
4,5913,0.26763,0,0.6186949528729957
4,809,0.202619,0,0.19298049723334162
4,3841,0.173499,0,0.24198830367934834
4,2614,0.848866,0,0.9154708615278285
4,994,0.572331,0,0.704940807541136
4,5127,0.182524,0,0.09517186613828417
4,7255,0.562879,0,0.3291863166024277
4,3249,0.581921,0,0.25843935843251237
4,7046,0.419926,0,0.44107900526821603
4,333,0.660052,0,0.4703651005099015
4,5764,0.168906,0,0.30836786072095546
4,7489,0.56638,0,0.521679197920459
4,2122,0.344853,0,0.3391004574716411
4,6949,0.456618,0,0.40499531471341566
4,6189,0.05599,0,0.06489310207903763
4,129,0.082198,0,0.1458071315744506
4,404,0.405778,0,0.4548262011436389
4,4211,0.472037,0,0.49230751517823146
4,2928,0.560464,0,0.5604699885439668
4,1511,0.112221,0,0.1920180519121527
4,3642,0.815214,0,0.6724529984711104
4,2064,0.620888,0,0.5098019468228366
4,1928,0.45539,0,0.2949279094213324
4,1222,0.077517,0,0.13096515368366052
4,5248,0.146304,0,0.16343877316922253
4,5975,0.116834,0,0.09822739545711502
4,6216,0.072273,0,0.21312549911258155
4,7278,0.042693,0,0.18394881594126933
4,6069,0.32661,0,0.398258616733617
4,4745,0.049525,0,0.043177813900037554
4,2901,0.550455,0,0.4930589293819596
4,2093,0.321621,0,0.6605575477920238
4,4511,0.642407,0,0.7011340982173419
4,4702,0.006578,0,0.024232824042531208
4,6661,0.408545,0,0.4698827288626217
4,5452,0.027646,0,0.1010629615196204
4,6161,0.300644,0,0.22623039188530608
4,937,0.104721,0,0.1991307991288161
4,3179,0.417467,0,0.32684804886725904
4,2477,0.64769,0,0.6412473310843325
4,3307,0.30421,0,0.3942697997287762
4,7180,0.194219,0,0.2517089864225531
4,5070,0.12371,0,0.2589981534500617
4,1480,0.209804,0,0.16145274817364355
4,648,0.659254,0,0.7521209830889455
4,4799,0.343899,0,0.38299813582875536
4,2171,0.185234,0,0.2138879819138997
4,249,0.769437,0,0.5139587456569042
4,4163,0.29574,0,0.16379954890495982
4,2823,0.042722,0,0.08229954259090978
4,3684,0.116374,0,0.17886370505224022
4,2392,0.216156,0,0.2925274804097682
4,6206,0.640554,0,0.4848596988395476
4,2062,0.483237,0,0.6245456637960795
4,4748,0.226963,0,0.4602178898385769
4,2684,0.449279,0,0.32284437457973525
4,5983,0.35345,0,0.5595286520390326
4,3556,0.558256,0,0.524323135033231
4,3167,0.267615,0,0.22271799584371338
4,1207,0.171758,0,0.15273382368235422
4,4132,0.133771,0,0.15501533967035117
4,2971,0.394829,0,0.33564661922897987
4,6164,0.326069,0,0.2956284353819584
4,5558,0.365652,0,0.4484879272633111
4,6638,0.196036,0,0.4618758113601539
4,1962,0.337545,0,0.33369498751789856
4,1145,0.420612,0,0.42540888723080955
4,3209,0.38584,0,0.4969496835583546
4,375,0.753102,0,0.7138018283349186
4,1266,0.229178,0,0.22526196251995886
4,5615,0.660321,0,0.6847162082161063
4,2300,0.262323,0,0.15119790952656012
4,5302,0.362872,0,0.5264632210328838
4,2584,0.592204,0,0.6977162024913254
4,3524,0.07831,0,0.1285810898649399
4,4169,0.047658,0,0.13832443953225065
4,6798,0.221267,0,0.20238029901945243
4,1001,0.835228,0,0.9057331399036007
4,1822,0.591184,0,0.5201498133354548
4,3759,0.091345,0,0.04616739217196037
4,6731,0.366074,0,0.2609125755809626
4,2283,0.087268,0,0.159307164431664
4,2347,0.78673,0,0.7008882941812533
4,2044,0.635615,0,0.41785579612662377
4,4254,0.586255,0,0.7033921822202113
4,6034,0.092295,0,0.18637570962671646
4,4667,0.444344,0,0.3743610227809631
4,970,0.201173,0,0.12702719682297106
4,5945,0.570254,0,0.4940940121927494
4,5019,0.176772,0,0.22944605549415673
4,4009,0.725314,0,0.5251070301477356
4,2478,0.55927,0,0.5247081355305468
4,6874,0.135686,0,0.07454373220210796
4,746,0.304902,0,0.20320678247339488
4,445,0.047435,0,0.13887323230052798
4,2079,0.779094,0,0.8319607351309326
4,5205,0.231359,0,0.46913555887819036
4,490,0.035451,0,0.044795154687296376
4,3349,0.483356,0,0.4662897590348717
4,3219,0.6027,0,0.3586114190184646
4,4522,0.597628,0,0.6420915083628936
4,6196,0.078257,0,0.0703981822921655
4,896,0.032657,0,0.10626807073909679
4,7413,0.414974,0,0.4625956330131109
4,2080,0.049485,0,0.076746672585729
4,6050,0.03212,0,0.059273558337607994
4,5607,0.687733,0,0.6868353748726851
4,5671,0.339226,0,0.41472850613331713
4,4161,0.194683,0,0.23542810130850497
4,3228,0.157526,0,0.1779467332554231
4,3789,0.022579,0,0.046363969454535796
4,4428,0.803715,0,0.8803543643243773
4,4342,0.481603,0,0.4374195553338057
4,3820,0.306717,0,0.29970758874476405
4,4456,0.189819,0,0.12759261966228694
4,1810,0.118285,0,0.13083574585737737
4,7080,0.026827,0,0.06121432619075069
4,1534,0.672275,0,0.48036414775927994
4,2829,0.238854,0,0.13616738064033782
4,172,0.24539,0,0.3731016886069163
4,1660,0.054237,0,0.09988340930343713
4,2131,0.337553,0,0.2494090152844505
4,7487,0.266103,0,0.2922867384573858
4,3592,0.089521,0,0.11480275379159974
4,4907,0.36029,0,0.2852148202154435
4,1458,0.200919,0,0.24521355065484665
4,3840,0.633868,0,0.7071404968739791
4,1794,0.659678,0,0.580891572767767
4,5300,0.180047,0,0.1451435637118302
4,2406,0.028378,0,0.07539784788080603
4,5004,0.12218,0,0.10454392742549641
4,4553,0.059054,0,0.07588083781728355
4,3708,0.02676,0,0.07120252822663314
4,5961,0.813597,0,0.8019599343120879
4,2830,0.057135,0,0.10573950725288064
4,3309,0.00463,0,0.012426540481282394
4,6293,0.38552,0,0.5252507795180147
4,6102,0.274321,0,0.31573081366206474
4,6917,0.372849,0,0.4324939063026097
4,5292,0.500448,0,0.5997645795475963
4,7482,0.324264,0,0.4029761680814622
4,7115,0.075476,0,0.25228717846770804
4,1897,0.170104,0,0.14785341141570446
4,4141,0.086187,0,0.28031827362541417
4,544,0.821824,0,0.657093313895086
4,5471,0.745386,0,0.8294039531434564
4,6041,0.140669,0,0.14450359031840246
4,581,0.336558,0,0.45710613075892303
4,7268,0.405629,0,0.3360344778306424
4,5504,0.162511,0,0.22028166514901254
4,3661,0.038688,0,0.10182431118301452
4,4815,0.209408,0,0.0979626716885315
4,4471,0.15563,0,0.1911304432712789
4,1700,0.169207,0,0.31078224472989446
4,2651,0.730709,0,0.752335141124959
4,7193,0.483315,0,0.5462731673740706
4,3365,0.144518,0,0.2117267475403652
4,4036,0.49137,0,0.3335789488450747
4,6417,0.323469,0,0.35008765432890004
4,7346,0.68884,0,0.5484869593820608
4,6924,0.81015,0,0.73933536258875
4,514,0.224827,0,0.3688342846358592
4,2739,0.507185,0,0.9010749357530321
4,4386,0.365444,0,0.44418635431793735
4,6907,0.244283,0,0.2532796258443993
4,1941,0.315109,0,0.35365066504974013
4,0,0.399304,0,0.3981675319919749
4,5098,0.672103,0,0.4788615185097605
4,5269,0.049046,0,0.041525188287193815
4,3936,0.120529,0,0.1743553967035636
4,485,0.253146,0,0.13993176506843769
4,4372,0.519112,0,0.6148675377440261
4,6135,0.269449,0,0.4864814718494121
4,3457,0.39574,0,0.6147873209009346
4,4421,0.057574,0,0.1043562176979902
4,3450,0.545237,0,0.2896176182993832
4,7334,0.151909,0,0.1541913987177808
4,1329,0.212867,0,0.24270650018545512
4,7437,0.140712,0,0.27766120237934144
4,2649,0.32232,0,0.20563286514364937
4,5815,0.169738,0,0.09719113781010918
4,6530,0.018544,0,0.08005899994949894
4,4130,0.101306,0,0.19191296196738591
4,813,0.103968,0,0.14106485430701282
4,5179,0.645276,0,0.3674046880831021
4,1991,0.263237,0,0.35622295300696466
4,4911,0.115769,0,0.078235927150626
4,5270,0.572114,0,0.5099692512776305
4,7078,0.348028,0,0.5117582304648268
4,4152,0.064075,0,0.13380890102438295
4,2499,0.557547,0,0.705278642308031
4,659,0.109081,0,0.10825725726917385
4,6051,0.538893,0,0.2594450640757396
4,6549,0.305497,0,0.32156759400621676
4,4763,0.810668,0,0.5161737538772345
4,24,0.159633,0,0.2885040053538209
4,7302,0.05443,0,0.05334246262054135
4,3503,0.369802,0,0.5499011155399176
4,5685,0.547985,0,0.30093536843258384
4,5884,0.054914,0,0.16655955542630488
4,5535,0.138919,0,0.1959514856198836
4,2562,0.357239,0,0.3608328030324117
4,2278,0.323995,0,0.3986071515472102
4,4295,0.511114,0,0.3849737538284953
4,7390,0.558838,0,0.44358105670286807
4,1134,0.675292,0,0.5326483680612686
4,206,0.185042,0,0.16712832940573194
4,217,0.641056,0,0.6793463035311424
4,3753,0.174183,0,0.18952416939074995
4,2086,0.824996,0,0.6656884510582993
4,6173,0.161651,0,0.209131948659778
4,6175,0.80786,0,0.6758416737715403
4,6860,0.816093,0,0.6137203278996151
4,5538,0.278839,0,0.43537153773015863
4,3300,0.422443,0,0.526512884646311
4,5745,0.404154,0,0.3108136738716243
4,4592,0.276328,0,0.3982268017167356
4,960,0.751277,0,0.7242474921368792
4,3057,0.27384,0,0.5243107268385686
4,53,0.831441,0,0.7584160588103154
4,6542,0.494732,0,0.6494301411243267
4,5069,0.158191,0,0.21044265367089451
4,31,0.514678,0,0.44477056353784766
4,1190,0.653851,0,0.40890073932671156
4,4699,0.468844,0,0.3790699934656067
4,1185,0.11496,0,0.1469460857216468
4,3952,0.563209,0,0.6466717771156749
4,3007,0.596083,0,0.5606869772323787
4,5450,0.220139,0,0.397657788142296
4,441,0.146762,0,0.2909961293368221
4,5343,0.03347,0,0.05213553796364039
4,1960,0.672789,0,0.5374300678194085
4,7267,0.536569,0,0.498461144687499
4,6831,0.195189,0,0.2209854819916411
4,4133,0.358574,0,0.3470237312130141
4,3929,0.237399,0,0.3287694267732276
4,3564,0.81522,0,0.5321052700883709
4,383,0.722558,0,0.7000096981391458
4,7305,0.410215,0,0.4353354277767381
4,3617,0.038687,0,0.06608351499434559
4,5030,0.546111,0,0.43319036368130964
4,6499,0.044608,0,0.04623990397379757
4,6843,0.798696,0,0.5982569524630836
4,4128,0.017141,0,0.04775982236992286
4,987,0.135606,0,0.3972335677717284
4,6785,0.268221,0,0.31511356764015636
4,2573,0.073549,0,0.12093849715115679
4,1595,0.799872,0,0.7893494775739133
4,2431,0.253988,0,0.2843307126303522
4,4120,0.841588,0,0.9625342666052967
4,6497,0.014773,0,0.0496698900396953
4,4109,0.122924,0,0.21533014216956803
4,3050,0.775649,0,0.6737118069526382
4,7283,0.686658,0,0.4924436105359058
4,5948,0.12956,0,0.11887951479960475
4,6526,0.288419,0,0.16890949317386714
4,819,0.057995,0,0.16532951282144967
4,2371,0.095961,0,0.13958189327654155
4,661,0.585348,0,0.479452006883798
4,4700,0.181072,0,0.27873889017466424
4,2330,0.558943,0,0.6763261970579231
4,7016,0.302681,0,0.27278682451938174
4,4317,0.092574,0,0.11046230987031952
4,666,0.101283,0,0.2486026826217818
4,3638,0.239705,0,0.359899802511806
4,7092,0.352235,0,0.3272132208350327
4,2741,0.178196,0,0.18705854930493798
4,5126,0.089919,0,0.11745078361348248
4,891,0.09179,0,0.17860544139860454
4,4945,0.064565,0,0.12823096145072965
4,157,0.815973,0,0.7917999095065745
4,1052,0.706779,0,0.600401122829531
4,1680,0.317826,0,0.28079161244833745
4,3339,0.473612,0,0.5341047656376388
4,5380,0.620771,0,0.5900108718079163
4,5035,0.246885,0,0.4077817108350672
4,1744,0.57463,0,0.5742918554514551
4,4051,0.153464,0,0.11883229573139964
4,3986,0.456115,0,0.4101792970409262
4,5900,0.531198,0,0.3547088233100533
4,4090,0.072688,0,0.18340549909449488
4,2146,0.517717,0,0.40863208034190746
4,5791,0.549949,0,0.2605634362913077
4,1902,0.610547,0,0.7462125571032229
4,6351,0.630952,0,0.482157989883789
4,3184,0.087387,0,0.12391327247189775
4,1291,0.372831,0,0.25619404121074524
4,4923,0.052966,0,0.1858509506311884
4,2394,0.449063,0,0.45529161151477604
4,6425,0.113962,0,0.13267573930529705
4,526,0.027035,0,0.09319090232883699
4,3932,0.095287,0,0.17478723426945006
4,2174,0.374227,0,0.40140883774336217
4,1242,0.359041,0,0.28753559545657004
4,2847,0.12022,0,0.17655259585310812
4,2107,0.047414,0,0.14599126999934917
4,197,0.05567,0,0.05084333864437489
4,3253,0.040485,0,0.07922815352506538
4,7257,0.291083,0,0.13198477315275592
4,4362,0.363094,0,0.48734669274810466
4,1369,0.333084,0,0.22831391219828756
4,3348,0.608006,0,0.751251620566824
4,1816,0.390002,0,0.48460384719439187
4,1013,0.127278,0,0.23839567586126156
4,7493,0.334847,0,0.46819250772057175
4,3494,0.189011,0,0.15888196379902148
4,782,0.414601,0,0.47656380336126164
4,2628,0.305956,0,0.35358032888698826
4,4785,0.241497,0,0.27748890693822864
4,1741,0.835815,0,0.8284108782230121
4,694,0.296283,0,0.256942671610042
4,6473,0.815693,0,0.8289292109628819
4,1777,0.0269,0,0.05655831565950149
4,6835,0.182681,0,0.2426846758910387
4,3781,0.461953,0,0.3616350716749727
4,5723,0.393554,0,0.5676923965701015
4,2604,0.232902,0,0.23314541499081862
4,5276,0.425894,0,0.3244646406804258
4,6712,0.426485,0,0.2004649329032331
4,3864,0.015173,0,0.03202419529193257
4,7068,0.049961,0,0.08229106670206605
4,635,0.058509,0,0.08999840099062724
4,966,0.360324,0,0.1768048823111168
4,2910,0.470876,0,0.5943715547445851
4,3022,0.296288,0,0.3310713726508541
4,6266,0.786139,0,0.5417828830158204
4,7150,0.300732,0,0.4326150234423151
4,4894,0.835396,0,0.8788515357495916
4,2097,0.377662,0,0.5906121864739352
4,1693,0.42703,0,0.5308178684060046
4,757,0.385783,0,0.11754374366669376
4,1771,0.078661,0,0.18964989183458467
4,853,0.171768,0,0.16694435463310262
4,1594,0.050752,0,0.04371076999435326
4,2936,0.070748,0,0.10191651213647092
4,6527,0.030387,0,0.05882504239696415
4,1803,0.199931,0,0.20533691783536986
4,3895,0.147809,0,0.2075032046131389
4,7273,0.770481,0,0.6692003994999699
4,550,0.1608,0,0.21624146689196452
4,6627,0.686074,0,0.5609696385326899
4,4903,0.408403,0,0.5353029499732525
4,928,0.125504,0,0.2717258183215673
4,7429,0.07865,0,0.06049906265093724
4,6433,0.82005,0,0.6894385551471128
4,3723,0.73469,0,0.655907533523658
4,5339,0.639244,0,0.25975830075259204
4,6212,0.230098,0,0.3469201417778222
4,6555,0.327507,0,0.48681510889005275
4,6410,0.241379,0,0.3196860925577202
4,1525,0.487673,0,0.35903620217219506
4,4653,0.180554,0,0.13357070356115305
4,2944,0.260382,0,0.2734669649453619
4,3620,0.255091,0,0.17504910424003353
4,5752,0.634764,0,0.6367536236144892
4,4938,0.388827,0,0.2742682651079313
4,4939,0.239126,0,0.2408094596690105
4,5396,0.646786,0,0.6059302239413407
4,7375,0.443147,0,0.47144519897244064
4,4396,0.085878,0,0.1087679762926849
4,1223,0.816375,0,0.798995772491397
4,2553,0.214835,0,0.1703102879538808
4,5247,0.10261,0,0.24291405865418425
4,4961,0.170463,0,0.22289854944294238
4,1975,0.206893,0,0.22232246069723516
4,1714,0.41122,0,0.48303695572997635
4,1535,0.232406,0,0.16182893446341182
4,6199,0.289371,0,0.17812610657230896
4,3394,0.464689,0,0.5576528179009658
4,2787,0.800057,0,0.6518851417185807
4,2892,0.667378,0,0.677550827092503
4,5200,0.338683,0,0.3403875432783245
4,3261,0.415969,0,0.5152409197762958
4,1764,0.283096,0,0.29774449115292856
4,1626,0.535257,0,0.19854196722714407
4,4186,0.457165,0,0.2740109684440016
4,7310,0.392926,0,0.3148731679169428
4,839,0.268738,0,0.18706340360972473
4,5469,0.248286,0,0.2621568151204395
4,1082,0.192746,0,0.2844820055846217
4,2879,0.080562,0,0.11214396881984179
4,5632,0.259475,0,0.2671009388431912
4,6621,0.11073,0,0.2823247787373697
4,7200,0.757044,0,0.93875176800782
4,3332,0.495719,0,0.5873172082620387
4,787,0.344956,0,0.4046798959444807
4,5775,0.334556,0,0.3248831614206771
4,7083,0.477626,0,0.46719758908179493
4,4637,0.113598,0,0.10770893135747704
4,4722,0.05763,0,0.14580398432850136
4,5954,0.41266,0,0.3731834367059554
4,4772,0.203117,0,0.1486264170764384
4,343,0.104666,0,0.21600102265993176
4,293,0.719395,0,0.8708688167282539
4,4408,0.097603,0,0.05737808597079556
4,6608,0.212776,0,0.3483982996303136
4,4406,0.565208,0,0.34569124501381054
4,4056,0.151979,0,0.25308543181289395
4,628,0.275977,0,0.26161124457790774
4,4217,0.692517,0,0.4456692235157223
4,3212,0.345242,0,0.40781670617783133
4,2373,0.836215,0,0.7767186922495282
4,4071,0.816597,0,0.8040100598349715
4,5285,0.418445,0,0.2756491141441771
4,6087,0.04439,0,0.03604749842227901
4,2828,0.105212,0,0.16809525224831698
4,7140,0.240938,0,0.12353077956601624
4,2794,0.39289,0,0.18133781993237713
4,5047,0.265455,0,0.3515267050980463
4,2586,0.062108,0,0.18065658083624023
4,227,0.546616,0,0.5053837154531357
4,378,0.693744,0,0.5507519131174604
4,5804,0.050843,0,0.10820225788853302
4,430,0.179297,0,0.19528821871950097
4,230,0.602328,0,0.6529893961122607
4,5419,0.761455,0,0.9046650096182254
4,215,0.702662,0,0.6879540193272572
4,3441,0.238579,0,0.18369622919795917
4,5120,0.264765,0,0.26144793769360214
4,5669,0.56517,0,0.6417109746993034
4,1729,0.131269,0,0.20145605700962796
4,5358,0.293106,0,0.47258001198095817
4,4806,0.286467,0,0.29692385124404597
4,4127,0.372477,0,0.31319451675316856
4,5798,0.043239,0,0.06871750865188521
4,6022,0.035561,0,0.11804098925202125
4,3981,0.780672,0,0.49271042471306364
4,5842,0.09843,0,0.19517780828652745
4,4076,0.04501,0,0.15332770784490518
4,4643,0.71739,0,0.6880630816723309
4,726,0.757045,0,0.7215449088291246
4,5681,0.662726,0,0.3912188867354887
4,5078,0.440532,0,0.29425707218949
4,424,0.223622,0,0.12249662324257715
4,1300,0.435993,0,0.38629195436368124
4,4888,0.135809,0,0.22109360932183914
4,2119,0.417746,0,0.4079010057240714
4,1055,0.734131,0,0.7152431765358818
4,1625,0.01353,0,0.05023824927240181
4,4207,0.785061,0,0.651027882361977
4,7407,0.084489,0,0.16457490391238458
4,2712,0.124867,0,0.10189732669769425
4,607,0.716579,0,0.8403580587955887
4,5274,0.841884,0,0.7632240861400428
4,2690,0.323901,0,0.5404925784568098
4,5322,0.030614,0,0.0412105923359357
4,2752,0.430409,0,0.3010519339854929
4,5600,0.079459,0,0.08098941965879197
4,2083,0.608517,0,0.7106552560344396
4,1681,0.030139,0,0.05158965726957921
4,7443,0.141289,0,0.19060251498729622
4,4267,0.307753,0,0.3040444313657551
4,3966,0.083875,0,0.04784836302945561
4,1726,0.323587,0,0.2671638014657094
4,3819,0.398839,0,0.2742970325591664
4,6420,0.444884,0,0.40599439418926697
4,4698,0.726819,0,0.730562006552583
4,2397,0.353275,0,0.37900865570509984
4,1977,0.112995,0,0.2531746674704787
4,4705,0.192202,0,0.2407433439956914
4,6112,0.259592,0,0.15836772164914384
4,2618,0.454855,0,0.5250477792971484
4,6682,0.692363,0,0.6142430989678062
4,6921,0.816111,0,0.7776840620886336
4,1273,0.177487,0,0.24690509714315795
4,4827,0.061961,0,0.0773688187443701
4,3120,0.694947,0,0.5315126689375832
4,1612,0.292874,0,0.42903175760629086
4,1308,0.044698,0,0.11177780793115187
4,7490,0.413112,0,0.3694692896552416
4,7237,0.144969,0,0.13434746898436145
4,680,0.661598,0,0.5223571613795012
4,5930,0.173678,0,0.307107948391526
4,4261,0.038103,0,0.11137625522927591
4,1677,0.212863,0,0.3567825037176726
4,6043,0.460295,0,0.3749307241754668
4,596,0.652804,0,0.510130563186875
4,1475,0.018784,0,0.04212236696718747
4,4625,0.201787,0,0.12739300106532483
4,7129,0.38948,0,0.4921987486115286
4,4650,0.297387,0,0.35851082644444315
4,4585,0.748778,0,0.7525623807906716
4,410,0.457523,0,0.5040084806039985
4,3028,0.220041,0,0.3642099420647678
4,7135,0.133526,0,0.14128607865460346
4,7344,0.019922,0,0.042038107807500204
4,586,0.102427,0,0.10361560245405849
4,1292,0.536229,0,0.5947345400634079
4,5720,0.032661,0,0.05008202229408018
4,4064,0.013673,0,0.03246597408780728
4,4092,0.601311,0,0.40915025925629317
4,2358,0.436453,0,0.4476923796706042
4,1720,0.493842,0,0.5436805660429593
4,6026,0.12527,0,0.108433089269916
4,3476,0.157919,0,0.3155599829771859
4,6146,0.214274,0,0.11470198799690236
4,5676,0.269423,0,0.15845640674838093
4,689,0.468258,0,0.40102886119590875
4,3653,0.35519,0,0.32725253473893184
4,2960,0.139567,0,0.2145080876080162
4,2012,0.150539,0,0.25495524773471334
4,6056,0.181395,0,0.28708513146669845
4,915,0.180689,0,0.3133299855373882
4,29,0.485548,0,0.40162111744648415
4,463,0.564552,0,0.35356925186167587
4,4422,0.443738,0,0.5758369998242342
4,6489,0.372005,0,0.3224949565113072
4,1944,0.009069,0,0.035511996614410395
4,1564,0.465119,0,0.2746738284467901
4,4167,0.153743,0,0.2042034833325677
4,7232,0.142571,0,0.08799105470006052
4,4947,0.123283,0,0.25184464848165256
4,223,0.630866,0,0.4884585293870114
4,6694,0.034394,0,0.06204718389235721
4,3276,0.100421,0,0.1505700384985905
4,6348,0.202807,0,0.2361783300361218
4,6449,0.490084,0,0.5423161461718299
4,6366,0.063007,0,0.0783264052831511
4,5275,0.789789,0,0.5943100030954174
4,1508,0.192748,0,0.41106580333790954
4,2229,0.116288,0,0.21140105259044897
4,4598,0.075329,0,0.1998642471119769
4,7457,0.199656,0,0.39551508751114967
4,4552,0.066799,0,0.10924441115989429
4,808,0.282211,0,0.3229631566337023
4,4905,0.696538,0,0.5592369706238826
4,6197,0.247613,0,0.14848118998955856
4,2321,0.458196,0,0.5178012988874013
4,4171,0.425414,0,0.5496877415522754
4,5012,0.053432,0,0.1769746962603636
4,4756,0.551418,0,0.621433374582523
4,331,0.430013,0,0.4409380376936391
4,703,0.209103,0,0.21526313112252454
4,3125,0.194829,0,0.23613109565653723
4,4680,0.36469,0,0.38228094122471057
4,6513,0.03034,0,0.06237090425222648
4,5894,0.725231,0,0.6470546935011092
4,4997,0.027881,0,0.06722920490778778
4,4987,0.664146,0,0.7189147021663022
4,1553,0.337499,0,0.20544333184255922
4,449,0.814482,0,0.9035806651175481
4,17,0.044971,0,0.09821898283631186
4,7466,0.474867,0,0.722647366291871
4,498,0.3748,0,0.22544084427089428
4,3873,0.12848,0,0.11543886330259813
4,1338,0.68843,0,0.8809744857655518
4,4857,0.712449,0,0.762279550578719
4,6044,0.535402,0,0.3799530385016616
4,3737,0.166737,0,0.2472252910928285
4,2056,0.007378,0,0.051028792562121374
4,6750,0.118873,0,0.30350613643979835
4,5554,0.015169,0,0.04538776991567513
4,5947,0.125064,0,0.1906946348468293
4,2810,0.634309,0,0.7017384392476854
4,6234,0.63691,0,0.565995611124992
4,4420,0.294635,0,0.3805163537925572
4,5896,0.180275,0,0.33321493223287335
4,4974,0.244694,0,0.21151354578621728
4,7017,0.189922,0,0.25376030287613904
4,6078,0.107562,0,0.22004811116182532
4,2676,0.653577,0,0.5428215880745814
4,3079,0.770206,0,0.7386505393743745
4,4732,0.109128,0,0.3393705966622628
4,6219,0.228035,0,0.2778754778612616
4,7157,0.537357,0,0.7364540963036932
4,6501,0.706109,0,0.47471860129658255
4,6879,0.154192,0,0.2674532285266218
4,1533,0.652254,0,0.48445567672302503
4,1362,0.032331,0,0.08874574331796291
4,1593,0.151221,0,0.274033313315351
4,1478,0.448305,0,0.3998596080890781
4,1799,0.142619,0,0.17782360353924506
4,522,0.805559,0,0.8286379609495841
4,3189,0.653531,0,0.6993475916484471
4,568,0.681446,0,0.9147378034211169
4,2678,0.529623,0,0.2898579467769948
4,1344,0.05425,0,0.11833222186787697
4,6064,0.267919,0,0.2948606919005775
4,4605,0.240625,0,0.31027212689059597
4,3181,0.396653,0,0.17429900622500358
4,4508,0.715501,0,0.6708732191630483
4,87,0.207528,0,0.2897773407892585
4,5119,0.302774,0,0.4011341555962151
4,580,0.178837,0,0.3319479624224324
4,3296,0.629449,0,0.510110581542583
4,4691,0.387039,0,0.17840456442680871
4,73,0.844441,0,0.8714359070547016
4,41,0.714903,0,0.33228575204290517
4,1648,0.251443,0,0.3850749645618717
4,3017,0.453245,0,0.4160172684763852
4,1476,0.56391,0,0.3708695481394954
4,4110,0.19,0,0.2046851610716293
4,1451,0.329769,0,0.46409262188565215
4,2951,0.035197,0,0.10286514641793966
4,4879,0.434848,0,0.3599305187795784
4,4580,0.814551,0,0.7545652841105654
4,1297,0.180512,0,0.21516079606621133
4,2,0.080938,0,0.07754000347610983
4,4050,0.138696,0,0.1871360609270365
4,5857,0.834784,0,0.8409389642503543
4,1211,0.025072,0,0.13929312646478828
4,2703,0.365513,0,0.2598611943309261
4,6688,0.287082,0,0.2878541560873238
4,2344,0.440521,0,0.5531094551218633
4,1792,0.848796,0,0.7006005944385425
4,7498,0.598377,0,0.39573663839611495
4,6679,0.273802,0,0.47276355370139456
4,529,0.217299,0,0.23742915562288083
4,3404,0.825873,0,0.6827803784079106
4,4590,0.759956,0,0.46312678614299285
4,4623,0.782909,0,0.8475909925371243
4,5828,0.21027,0,0.16150133677685496
4,3654,0.227497,0,0.2514651255040692
4,3712,0.186886,0,0.3580811613671423
4,2242,0.106103,0,0.2791836125692699
4,7183,0.721015,0,0.5650887748565859
4,1498,0.096328,0,0.14109041262078365
4,4696,0.278429,0,0.12317054162266143
4,1044,0.448011,0,0.36662798421902476
4,6353,0.099357,0,0.15709730836393432
4,6304,0.758749,0,0.6824109466913455
4,4675,0.123265,0,0.2761928795038572
4,5303,0.38858,0,0.37994752296017514
4,6444,0.398183,0,0.2613184093909268
4,6609,0.456631,0,0.4605052101929619
4,7348,0.567851,0,0.6190935816841918
4,5201,0.196815,0,0.17531761696003495
4,7218,0.271844,0,0.30619713554446815
4,184,0.543123,0,0.48623872435219756
4,5226,0.002825,0,0.00845595579099146
4,725,0.019184,0,0.014479033570293896
4,1602,0.672571,0,0.5143482160937033
4,6668,0.809318,0,0.8263639356511915
4,2099,0.010734,0,0.055030797402994554
4,2047,0.189975,0,0.19253622708631052
4,2633,0.024572,0,0.06788173494412537
4,5290,0.369833,0,0.3565054912118648
4,1656,0.085831,0,0.08345875588562994
4,7003,0.34455,0,0.5052112022022052
4,4736,0.314489,0,0.547748790034498
4,6202,0.098489,0,0.20666562339779265
4,6647,0.061138,0,0.11020910567218942
4,3102,0.838695,0,0.8087647887608478
4,6389,0.521743,0,0.36012200558389873
4,6613,0.832176,0,0.8237404646269201
4,6407,0.151632,0,0.26531856754051414
4,2572,0.022005,0,0.08287218306231724
4,3980,0.053398,0,0.05722357617406665
4,2542,0.074227,0,0.11628933479986919
4,6704,0.10662,0,0.2277808254067768
4,6031,0.125549,0,0.16841968711849892
4,678,0.201403,0,0.22086196426549615
4,1618,0.122622,0,0.1475752704813709
4,6926,0.599234,0,0.5669083425093363
4,209,0.356125,0,0.36725275802106544
4,802,0.599334,0,0.61594570339205
4,6601,0.057624,0,0.10934524789184533
4,6468,0.472937,0,0.6274444680138721
4,2024,0.20234,0,0.2822673413653619
4,5170,0.547516,0,0.3393885041367806
4,2745,0.306365,0,0.2796977706470829
4,2650,0.740527,0,0.6947001282327177
4,3239,0.200619,0,0.30251174999540514
4,1592,0.047238,0,0.07386368836281722
4,4067,0.602457,0,0.4268384043303915
4,979,0.136105,0,0.23742773181686164
4,4269,0.217886,0,0.2150624885226574
4,275,0.15593,0,0.2280412173851042
4,5565,0.795172,0,0.6398141918002151
4,5926,0.125638,0,0.18612435152580237
4,5203,0.809188,0,0.883274883009966
4,128,0.132159,0,0.17888569712560723
4,1832,0.132816,0,0.1826887841429193
4,1043,0.033958,0,0.049295292905462425
4,3805,0.213949,0,0.06832082991917943
4,55,0.296767,0,0.4044216898560854
4,5683,0.293954,0,0.26221517800736166
4,3547,0.052998,0,0.13915316495384442
4,5335,0.017783,0,0.0857192888515294
4,1663,0.52413,0,0.3537937183470044
4,6928,0.215815,0,0.2317972152502697
4,3159,0.590662,0,0.5827405639977024
4,7279,0.603485,0,0.398320661351212
4,1667,0.660434,0,0.6027165105003479
4,640,0.071365,0,0.10998721576578066
4,3762,0.705595,0,0.7071012166204937
4,2316,0.170808,0,0.12055801833111127
4,4370,0.729541,0,0.6821310775864109
4,4891,0.799611,0,0.6244833745026962
4,4416,0.085745,0,0.12846572075705667
4,3352,0.471423,0,0.3162101070717635
4,712,0.082541,0,0.1045704577523348
4,696,0.526362,0,0.3655304349986555
4,3168,0.749073,0,0.9023921431953842
4,2912,0.732107,0,0.6965303649975435
4,5151,0.285333,0,0.20685275039313314
4,1127,0.065185,0,0.10812566623851402
4,1707,0.285286,0,0.4034632822018165
4,850,0.233731,0,0.2442152580187327
4,905,0.800928,0,0.7293473509023863
4,2626,0.704747,0,0.776046482357007
4,2220,0.336968,0,0.40587156251667134
4,3535,0.33956,0,0.31738821343341844
4,1294,0.441591,0,0.33761982294528603
4,2028,0.256242,0,0.21284835725319526
4,1016,0.132513,0,0.15861689392335476
4,6651,0.443781,0,0.4198566755410611
4,4468,0.210354,0,0.380585163447863
4,2065,0.032938,0,0.043039934820753356
4,3317,0.489172,0,0.39633046855939025
4,6281,0.533664,0,0.6481487925185846
4,3402,0.392918,0,0.3161845194346807
4,6328,0.726478,0,0.9030956064438831
4,6010,0.057268,0,0.09234342863221587
4,2880,0.513199,0,0.5064172304676093
4,4784,0.394893,0,0.4232653920120785
4,4023,0.447134,0,0.32199977975044425
4,3177,0.786133,0,0.8529788923832259
4,6576,0.364974,0,0.3123716950837317
4,4173,0.02054,0,0.10446834885864263
4,2072,0.734296,0,0.7090270710509257
4,2375,0.042158,0,0.13142218967761332
4,7048,0.722515,0,0.8639586796728091
4,7404,0.036821,0,0.0821953930442143
4,7145,0.282594,0,0.22263264202966132
4,5663,0.357823,0,0.3827845952337122
4,4726,0.219632,0,0.2470341136762385
4,5399,0.156379,0,0.18043454567357045
4,3298,0.388434,0,0.44899593601169435
4,2888,0.751354,0,0.6253828537532403
4,5107,0.545997,0,0.2493295546779644
4,7039,0.045676,0,0.05029355083690433
4,5655,0.231708,0,0.2102577518226021
4,7169,0.072989,0,0.07003404940614107
4,6140,0.241761,0,0.418276930521621
4,5691,0.422344,0,0.43987923400016565
4,7093,0.779242,0,0.6472220951229535
4,4956,0.383912,0,0.4074230338978583
4,921,0.094385,0,0.1339997685184849
4,4089,0.599442,0,0.42110055696342974
4,1210,0.731007,0,0.7051518153898746
4,4164,0.051551,0,0.08825086113802587
4,3497,0.293794,0,0.3865909719743796
4,4074,0.708817,0,0.7460276097553218
4,1153,0.087993,0,0.2152106373983401
4,4737,0.611007,0,0.5595552705148431
4,3059,0.823474,0,0.5707671870097915
4,7335,0.332606,0,0.22922782174323747
4,5470,0.351195,0,0.4002398330585088
4,1450,0.791877,0,0.7992395737045299
4,1275,0.208424,0,0.31383091607960933
4,1021,0.244275,0,0.2709828158303049
4,4221,0.370219,0,0.34151481476973683
4,7207,0.116804,0,0.36125585206442967
4,4404,0.643102,0,0.5744553176646909
4,2376,0.832868,0,0.7444920561426309
4,7388,0.140475,0,0.0963558723151942
4,5695,0.44657,0,0.520695730357716
4,3407,0.170433,0,0.2736634864822517
4,1261,0.248764,0,0.3470650974743512
4,912,0.295652,0,0.284389899647478
4,137,0.725557,0,0.7372927362837545
4,2123,0.461286,0,0.3313371713495953
4,1335,0.30532,0,0.24391894557042537
4,4828,0.361035,0,0.5564010216441113
4,4272,0.450605,0,0.4090106367661694
4,5577,0.100443,0,0.2807440816142239
4,6830,0.694777,0,0.7891816651074979
4,4304,0.078493,0,0.27036717601369664
4,2266,0.362162,0,0.26674300671700335
4,5672,0.391241,0,0.46885628865095186
4,3481,0.413678,0,0.6019292939238888
4,5571,0.787954,0,0.6448817539350463
4,2860,0.218903,0,0.3303891940652444
4,111,0.346669,0,0.3202975216580755
4,130,0.580718,0,0.6282693456574544
4,2726,0.531557,0,0.4936456133780682
4,6432,0.782084,0,0.6528478069364194
4,5108,0.02614,0,0.055296417348942244
4,5424,0.836283,0,0.9366543231250605
4,6437,0.794268,0,0.8705508955014102
4,4219,0.056641,0,0.028680535402338753
4,5410,0.140116,0,0.276090961067152
4,3490,0.626991,0,0.647321167147321
4,539,0.061264,0,0.13271777325605663
4,4203,0.811414,0,0.5183329543278187
4,6365,0.06401,0,0.17901485345398352
4,3951,0.218522,0,0.3454578827705972
4,258,0.475458,0,0.3324036198243095
4,3580,0.239578,0,0.2128576196761641
4,2538,0.515325,0,0.656540309740065
4,1845,0.13975,0,0.20092359546951136
4,5341,0.129307,0,0.15791669230566277
4,4501,0.101941,0,0.18705505602403863
4,4642,0.110091,0,0.22795043121341288
4,1474,0.115414,0,0.14107444898368376
4,2728,0.279362,0,0.24611408195699788
4,6372,0.477845,0,0.5312978320860307
4,6718,0.214432,0,0.3293456212665194
4,4224,0.303517,0,0.2573512583342103
4,2492,0.301415,0,0.4355821007039514
4,6547,0.126985,0,0.14452387442329395
4,775,0.2003,0,0.27183978675856757
4,3408,0.297018,0,0.3100563454073981
4,2391,0.402148,0,0.33658533355663367
4,3742,0.190344,0,0.23019395078221036
4,7438,0.470832,0,0.24988509939410397
4,2268,0.032114,0,0.06194195220909541
4,3311,0.159627,0,0.23991187645215203
4,6774,0.034496,0,0.11874287423054118
4,439,0.007869,0,0.021003063396884923
4,1961,0.219019,0,0.31693802904024293
4,3525,0.206647,0,0.16915731398735814
4,72,0.829837,0,0.8746925868514323
4,1113,0.561723,0,0.6566878133507007
4,6502,0.074879,0,0.17357306605002018
4,5689,0.056063,0,0.09937106790975936
4,5277,0.081196,0,0.14569411666423387
4,4328,0.524222,0,0.5433057300325012
4,149,0.272734,0,0.2607206749983966
4,3510,0.169838,0,0.19044647297671574
4,3869,0.195514,0,0.28361727772466533
4,2201,0.347923,0,0.26828116400753604
4,5833,0.355314,0,0.24362626382990477
4,3609,0.028808,0,0.047167484029860526
4,7312,0.168588,0,0.3096465717373833
4,2903,0.492071,0,0.5579398242183609
4,3182,0.435515,0,0.48147785873466975
4,2920,0.631326,0,0.6712591098588415
4,6814,0.795491,0,0.6922218562649588
4,2749,0.666125,0,0.6311653077185527
4,561,0.015379,0,0.028943216300671572
4,4542,0.05525,0,0.09030744532051653
4,7125,0.807344,0,0.4947996422792805
4,7233,0.05422,0,0.12348287259651318
4,9,0.247161,0,0.21124774871198324
4,2247,0.210005,0,0.26894298824834384
4,6543,0.363586,0,0.321768734398597
4,1447,0.220489,0,0.25287129007429654
4,5131,0.338011,0,0.2907310012889999
4,5760,0.715574,0,0.6109351601538053
4,2202,0.067406,0,0.19771799536392243
4,1686,0.076524,0,0.1107737677429715
4,4840,0.359103,0,0.3310018363169494
4,5713,0.297368,0,0.43815655873577153
4,82,0.206248,0,0.36372270524289557
4,411,0.342443,0,0.21804886185806088
4,3001,0.646279,0,0.7366381399580157
4,6211,0.814823,0,0.9119174736627056
4,5373,0.720062,0,0.4942056323031032
4,5929,0.136698,0,0.22814475226443567
4,2518,0.731109,0,0.709764947235538
4,2863,0.02864,0,0.06005097532605835
4,261,0.227303,0,0.3533848386846111
4,3301,0.775486,0,0.6727911631338979
4,432,0.275783,0,0.47601654528965726
4,2896,0.42167,0,0.3174940670482373
4,4450,0.057155,0,0.05321260057338047
4,958,0.003034,0,0.013540129907128096
4,993,0.40588,0,0.41898869448800286
4,5583,0.054403,0,0.23544793981597464
4,1387,0.717808,0,0.6081837311971491
4,6383,0.213341,0,0.20188239802515864
4,4981,0.061322,0,0.07041594569250685
4,3991,0.665058,0,0.5117445526603756
4,7153,0.796252,0,0.8200986014574416
4,3847,0.545758,0,0.6063505726368577
4,5629,0.531199,0,0.6989740337449595
4,4617,0.012747,0,0.007421233350755326
4,7050,0.102745,0,0.14248824828639267
4,3578,0.062372,0,0.08093679175214831
4,4583,0.2455,0,0.22863730564795484
4,6249,0.039021,0,0.09135488157840634
4,3163,0.400929,0,0.2952419408995761
4,7483,0.258259,0,0.16292741216688358
4,2642,0.229595,0,0.25240493456516566
4,6790,0.028784,0,0.059058352762968176
4,6240,0.51132,0,0.7356621183727907
4,5936,0.816675,0,0.8046007213468062
4,438,0.029735,0,0.05576522601884957
4,5052,0.304351,0,0.31541198587201313
4,479,0.055504,0,0.07695525583767557
4,7147,0.209256,0,0.19500197906737826
4,2560,0.029466,0,0.04305478007201609
4,4011,0.200159,0,0.1136618646193312
4,653,0.683764,0,0.7306980038784613
4,345,0.481946,0,0.4140625856334674
4,2448,0.11777,0,0.09640722906720178
4,4626,0.195404,0,0.2381388895482676
4,4922,0.124938,0,0.14606658052875449
4,2625,0.13079,0,0.1130046863156732
4,6659,0.485687,0,0.35342248067030785
4,2488,0.723557,0,0.5429532507734973
4,3187,0.166314,0,0.1283059458466988
4,7363,0.576526,0,0.6151315923364415
4,2039,0.844967,0,0.6328800285686786
4,2175,0.435644,0,0.4570991370745146
4,6302,0.154912,0,0.16691024019075287
4,5397,0.064362,0,0.06859562055445065
4,3432,0.44904,0,0.4823647900422338
4,3058,0.158467,0,0.2580064476709479
4,2864,0.673063,0,0.6940463127713012
4,2145,0.47814,0,0.32772073534558915
4,1986,0.482296,0,0.3883891777926553
4,6897,0.635631,0,0.41995421433893015
4,1470,0.708647,0,0.6506066744864591
4,3359,0.279942,0,0.24712624843602948
4,1751,0.467409,0,0.593932882897393
4,2419,0.010916,0,0.014521922594872377
4,6399,0.191806,0,0.21875432355447247
4,6062,0.802206,0,0.5912792537771954
4,4786,0.282752,0,0.2530912922785815
4,5314,0.76654,0,0.7485315270933578
4,2632,0.175955,0,0.20990611955782035
4,6368,0.453864,0,0.29538944873188144
4,4712,0.833527,0,0.8274327974158555
4,1395,0.317994,0,0.28442402328998434
4,43,0.797754,0,0.4714929386893943
4,7071,0.375681,0,0.19424749674970793
4,4913,0.108176,0,0.28092251897250864
4,830,0.501093,0,0.28647001550919743
4,1349,0.444268,0,0.42955433332174325
4,3031,0.284717,0,0.3535349207781756
4,4399,0.041345,0,0.0816402776080768
4,616,0.11219,0,0.08595450580122885
4,6269,0.611053,0,0.32445109957480606
4,3119,0.090079,0,0.13328305579785144
4,1235,0.119809,0,0.27558995720933466
4,3769,0.227646,0,0.3031711160894234
4,3644,0.845482,0,0.9875482532950535
4,3461,0.008408,0,0.00977995996181072
4,5053,0.705477,0,0.7903720512126661
4,3996,0.1395,0,0.13328552205796262
4,7164,0.163874,0,0.23077885973856516
4,1913,0.703229,0,0.5588994490969227
4,7364,0.84799,0,0.6632402236828179
4,4029,0.12239,0,0.11383506954554537
4,5532,0.265346,0,0.45608012707953705
4,1073,0.7341,0,0.3813601558380381
4,6090,0.607911,0,0.3872181673086234
4,5506,0.114738,0,0.14212299622337143
4,3401,0.042552,0,0.04844445597955345
4,6746,0.811743,0,0.6853298035322132
4,5966,0.519371,0,0.4699761878166925
4,1706,0.240089,0,0.27039262108823736
4,2226,0.173794,0,0.20240328513159575
4,2693,0.117401,0,0.08948019290892727
4,3451,0.220035,0,0.344261483857487
4,1091,0.256619,0,0.20493627994302166
4,4964,0.141232,0,0.253758171255362
4,1093,0.270004,0,0.30280261816323084
4,5364,0.627481,0,0.4293016292944007
4,2038,0.646016,0,0.5905767628754708
4,7359,0.799749,0,0.8459851452541438
4,4912,0.203589,0,0.23147389055804096
4,1705,0.230043,0,0.3263230071791025
4,625,0.318998,0,0.29927072489049583
4,6288,0.814484,0,0.9283707019041654
4,4562,0.197365,0,0.20001639288039247
4,5041,0.24511,0,0.26381445194767145
4,763,0.011572,0,0.024392901201333396
4,3783,0.395641,0,0.21931762472199584
4,5404,0.467007,0,0.6147532287719023
4,1436,0.092643,0,0.08347533020134275
4,7328,0.032133,0,0.014923024799126394
4,3772,0.01341,0,0.027298268612735526
4,5289,0.701258,0,0.5143174579327926
4,4656,0.42545,0,0.4116907885158543
4,3984,0.036842,0,0.0738822587497236
4,2239,0.466411,0,0.6300409306241679
4,4198,0.28989,0,0.46474978051842536
4,1787,0.010233,0,0.03851494179436253
4,6982,0.489866,0,0.1919961341184442
4,1005,0.596776,0,0.742714864929637
4,639,0.205375,0,0.16161614689241305
4,643,0.335013,0,0.2712467169631152
4,10,0.242436,0,0.2492797677304401
4,1507,0.114494,0,0.16248848359307919
4,6498,0.22289,0,0.4289266981652378
4,5492,0.667801,0,0.5447849138651668
4,7449,0.370696,0,0.47450667371831434
4,1754,0.84824,0,0.8850882992926045
4,2339,0.093814,0,0.2215527499784285
4,6478,0.413243,0,0.2467675533671469
4,6983,0.779328,0,0.61249024413061
4,1075,0.769381,0,0.613902711848621
4,4581,0.039629,0,0.06132894465406101
4,4549,0.311668,0,0.48955067766336413
4,4407,0.849201,0,0.8871446736748607
4,5104,0.083674,0,0.15612713323406888
4,5265,0.197765,0,0.19569438809519377
4,3826,0.50361,0,0.3762246132584692
4,3442,0.184119,0,0.49820971826239224
4,4326,0.419453,0,0.5468657779896468
4,6472,0.575935,0,0.47826496562897164
4,796,0.535181,0,0.5620905710169853
4,3467,0.816904,0,0.6024599469238704
4,3962,0.062173,0,0.09340668531535368
4,369,0.0039,0,0.005034978782608439
4,4966,0.121082,0,0.217350957184652
4,5743,0.573521,0,0.3356372632703184
4,6909,0.018712,0,0.0747481212683904
4,6571,0.23965,0,0.22220568691963252
4,6075,0.382361,0,0.48789921360305455
4,3722,0.665299,0,0.5837936305850446
4,3353,0.195522,0,0.16520050514557943
4,7410,0.093466,0,0.3085517314511871
4,5509,0.610133,0,0.5016779245045315
4,4999,0.586591,0,0.6343065034901788
4,142,0.634037,0,0.7113016353028233
4,7264,0.286809,0,0.32654350507584323
4,789,0.303343,0,0.313993587121833
4,6958,0.027849,0,0.12732760981535113
4,3391,0.329622,0,0.4402513570655364
4,755,0.384386,0,0.33749113362586336
4,423,0.68846,0,0.6107415343730539
4,2737,0.835116,0,0.6148118698158107
4,4477,0.100798,0,0.22581208171878164
4,6691,0.302303,0,0.269073857432691
4,4340,0.39508,0,0.5638534403865317
4,1398,0.068198,0,0.08115260287262034
4,6597,0.591003,0,0.40685866426066214
4,500,0.096301,0,0.14753734570862254
4,5904,0.394969,0,0.4778628687594639
4,1166,0.469711,0,0.5112331166849194
4,3651,0.174387,0,0.10417800277610505
4,7323,0.682644,0,0.6445317319094839
4,231,0.550653,0,0.6547775310757379
4,6486,0.601684,0,0.5582422957117674
4,3389,0.806901,0,0.8516216082947994
4,2866,0.327234,0,0.21434252377575802
4,3045,0.201446,0,0.3115687602796118
4,4100,0.363583,0,0.41078928218910676
4,1834,0.614661,0,0.6076819053729112
4,6482,0.53586,0,0.4063111116255956
4,2983,0.671127,0,0.624260248983534
4,5641,0.420058,0,0.37353340642185706
4,2140,0.055991,0,0.15972345291937984
4,6724,0.075369,0,0.0668706648171285
4,256,0.218831,0,0.3261411653626214
4,2780,0.271336,0,0.21997687421373552
4,3329,0.206093,0,0.2634962879255674
4,3085,0.024257,0,0.0328684844828106
4,1258,0.56207,0,0.5818369232759862
4,1097,0.829188,0,0.8011366537302741
4,34,0.03701,0,0.04606979330733996
4,6944,0.398621,0,0.3226454538403842
4,6418,0.372421,0,0.4139654383377217
4,6466,0.15719,0,0.2616627782613969
4,6242,0.108636,0,0.13181633917446578
4,4548,0.746006,0,0.6273183600465289
4,290,0.489464,0,0.3380950235447922
4,4039,0.120844,0,0.17220475889371006
4,6822,0.375304,0,0.1583020385686057
4,456,0.18272,0,0.14607502184438978
4,3424,0.0776,0,0.12416302315745643
4,776,0.688534,0,0.7619137391307541
4,1411,0.115081,0,0.1300523746039051
4,5652,0.489586,0,0.5918160109930206
4,1760,0.265648,0,0.24386871764973755
4,4379,0.59853,0,0.5017492021425491
4,4469,0.803244,0,0.5700350188733412
4,3961,0.086687,0,0.10193520649452112
4,2550,0.594726,0,0.5105180904887096
4,407,0.543676,0,0.3753539206277358
4,6359,0.229254,0,0.4685529706990223
4,2069,0.845863,0,0.932797324846424
