arch,lr,seed,fold,n_train,n_val,total_epochs,best_epoch,train_loss_final,val_loss_final,train_acc_final,val_acc_final,macro_precision,macro_recall,macro_f1,weighted_f1,time_seconds,precision_0,recall_0,f1_0,precision_1,recall_1,f1_1,precision_2,recall_2,f1_2,precision_3,recall_3,f1_3,precision_4,recall_4,f1_4,precision_5,recall_5,f1_5,precision_6,recall_6,f1_6,precision_7,recall_7,f1_7,precision_8,recall_8,f1_8,precision_9,recall_9,f1_9
arch_shallow,0.0001,42,0,9956.0,2493.0,31.0,20.0,0.0125117593597564,0.1736190886163635,0.995480112494978,0.9566787003610108,0.8528572716995451,0.8539087714763062,0.8532096748702637,0.9565789453607876,3.9158568382263184,0.97,0.983108108108108,0.976510067114094,0.9680232558139537,0.9881305637982196,0.9779735682819384,0.9413680781758956,0.9697986577181208,0.9553719008264464,0.975609756097561,0.9120521172638436,0.9427609427609428,0.9362416107382552,0.9554794520547946,0.9457627118644067,0.8571428571428571,0.8727272727272727,0.8648648648648648,0.9830508474576272,0.9797297297297296,0.9813874788494076,0.9555555555555556,0.9585987261146496,0.9570747217806042,0.0,0.0,0.0,0.9415807560137456,0.9194630872483222,0.930390492359932
arch_shallow,0.0001,42,1,9958.0,2491.0,34.0,23.0,0.0100761135684047,0.2053353590141769,0.9972886121711187,0.9514251304696908,0.8423984976734102,0.8431366675382866,0.8426622100339867,0.951396492245355,4.190597057342529,0.9630872483221476,0.9695945945945946,0.9663299663299664,0.973293768545994,0.973293768545994,0.973293768545994,0.95578231292517,0.9429530201342282,0.9493243243243245,0.935064935064935,0.9381107491856676,0.9365853658536586,0.9642857142857144,0.9246575342465754,0.9440559440559442,0.7818181818181819,0.7962962962962963,0.7889908256880734,0.9563758389261744,0.9628378378378378,0.9595959595959596,0.9418960244648318,0.9840255591054312,0.9625,0.0,0.0,0.0,0.9523809523809524,0.9395973154362416,0.945945945945946
arch_shallow,0.0001,42,2,9960.0,2489.0,37.0,26.0,0.007627806873615,0.1700448018296931,0.9976907630522088,0.9509843310566491,0.8521170950235633,0.839884561200854,0.8452837355685213,0.9507842114212208,4.575715065002441,0.9630872483221476,0.9695945945945946,0.9663299663299664,0.9850746268656716,0.9792284866468842,0.982142857142857,0.9559322033898304,0.9463087248322148,0.951096121416526,0.9577922077922078,0.9640522875816994,0.9609120521172638,0.9326599326599326,0.9486301369863014,0.9405772495755518,0.9111111111111112,0.7592592592592593,0.8282828282828282,0.95,0.9628378378378378,0.9563758389261744,0.9449838187702264,0.9329073482428116,0.9389067524115756,0.0,0.0,0.0,0.9205298013245032,0.936026936026936,0.9282136894824708
arch_shallow,0.0001,42,3,9960.0,2489.0,33.0,22.0,0.0107584773458317,0.1913915688586696,0.9961847389558232,0.9537967055042186,0.8548709751736128,0.8451110328145507,0.8495265782969309,0.9535928134103532,4.09801721572876,0.9539473684210528,0.9797297297297296,0.9666666666666666,0.976401179941003,0.9821958456973294,0.9792899408284024,0.9515570934256056,0.9228187919463088,0.9369676320272572,0.9329073482428116,0.954248366013072,0.9434571890145396,0.952054794520548,0.952054794520548,0.952054794520548,0.9148936170212766,0.7962962962962963,0.8514851485148516,0.9763513513513512,0.9763513513513512,0.9763513513513512,0.961783439490446,0.9648562300319488,0.963317384370016,0.0,0.0,0.0,0.928813559322034,0.9225589225589226,0.9256756756756755
arch_shallow,0.0001,42,4,9962.0,2487.0,36.0,25.0,0.0084610863159925,0.1619888212996025,0.9981931339088536,0.9589867310012062,0.8570189368999206,0.8555225603005736,0.8561786849598049,0.958985683164817,4.479974269866943,0.9829351535836176,0.972972972972973,0.9779286926994908,0.9793510324483776,0.9851632047477744,0.9822485207100592,0.9616724738675958,0.9292929292929292,0.9452054794520548,0.9536423841059604,0.9411764705882352,0.9473684210526316,0.9335548172757476,0.9623287671232876,0.9477234401349072,0.8867924528301887,0.8703703703703703,0.8785046728971964,0.9726962457337884,0.9661016949152542,0.9693877551020408,0.967948717948718,0.9648562300319488,0.9664,0.0,0.0,0.0,0.9315960912052116,0.9629629629629628,0.9470198675496688
arch_shallow,0.0001,7,0,9956.0,2493.0,34.0,23.0,0.010484384458094,0.1759070837554067,0.9967858577742064,0.945447252306458,0.8387172990381785,0.8326951824679556,0.8354999876948241,0.945239616182917,4.233426094055176,0.9727891156462584,0.9662162162162162,0.9694915254237289,0.95906432748538,0.973293768545994,0.9661266568483062,0.9425675675675677,0.9362416107382552,0.9393939393939394,0.9385113268608414,0.9446254071661238,0.9415584415584416,0.9322033898305084,0.9417808219178082,0.9369676320272572,0.8,0.7272727272727273,0.761904761904762,0.9659863945578232,0.9594594594594594,0.9627118644067796,0.9376947040498442,0.9585987261146496,0.9480314960629922,0.0,0.0,0.0,0.9383561643835616,0.9194630872483222,0.9288135593220338
arch_shallow,0.0001,7,1,9958.0,2491.0,36.0,25.0,0.0080256784484944,0.1364939126411899,0.9983932516569592,0.962665596146126,0.8693785395092245,0.8617597325496362,0.8653087587354682,0.9626537796772056,4.50443696975708,0.9733333333333334,0.9864864864864864,0.9798657718120806,0.976401179941003,0.9821958456973294,0.9792899408284024,0.9372937293729372,0.953020134228188,0.9450915141430948,0.97,0.9478827361563518,0.958813838550247,0.952542372881356,0.9623287671232876,0.9574105621805792,1.0,0.9074074074074074,0.9514563106796116,0.9797297297297296,0.9797297297297296,0.9797297297297298,0.9642857142857144,0.9488817891373802,0.9565217391304348,0.0,0.0,0.0,0.9401993355481728,0.9496644295302014,0.9449081803005008
arch_shallow,0.0001,7,2,9960.0,2489.0,29.0,18.0,0.0144101783449844,0.203661115718425,0.9929718875502008,0.9477701888308556,0.8441654023377442,0.8339396801232082,0.838498705903004,0.9474164483512324,3.6384048461914062,0.9693877551020408,0.9628378378378378,0.9661016949152542,0.97953216374269,0.9940652818991098,0.9867452135493374,0.9518900343642612,0.929530201342282,0.9405772495755518,0.9444444444444444,0.9444444444444444,0.9444444444444444,0.9413793103448276,0.934931506849315,0.9381443298969072,0.8478260869565217,0.7222222222222222,0.78,0.954248366013072,0.9864864864864864,0.9700996677740864,0.9337539432176656,0.9456869009584664,0.9396825396825396,0.0,0.0,0.0,0.9191919191919192,0.9191919191919192,0.9191919191919192
arch_shallow,0.0001,7,3,9960.0,2489.0,38.0,27.0,0.0074240575901474,0.1768449752121921,0.998694779116466,0.9602249899558056,0.860302251339202,0.8521810484970768,0.855883696984343,0.9600915859379616,4.781410217285156,0.9573770491803278,0.9864864864864864,0.9717138103161398,0.9850746268656716,0.9792284866468842,0.982142857142857,0.953020134228188,0.953020134228188,0.953020134228188,0.9516129032258064,0.9640522875816994,0.9577922077922078,0.958904109589041,0.958904109589041,0.958904109589041,0.9166666666666666,0.8148148148148148,0.8627450980392156,0.972972972972973,0.972972972972973,0.972972972972973,0.966996699669967,0.9361022364217252,0.9512987012987012,0.0,0.0,0.0,0.9403973509933776,0.9562289562289562,0.9482470784641068
arch_shallow,0.0001,7,4,9962.0,2487.0,38.0,27.0,0.0071768480238815,0.2053330169995951,0.9981931339088536,0.9529553679131484,0.8438624561825971,0.8505781489147844,0.846927205694359,0.9531675137829548,4.798480033874512,0.956953642384106,0.9763513513513512,0.9665551839464884,0.9879154078549848,0.9703264094955488,0.9790419161676646,0.9271523178807948,0.9427609427609428,0.9348914858096828,0.948051948051948,0.954248366013072,0.9511400651465798,0.9612676056338028,0.934931506849315,0.9479166666666669,0.7833333333333333,0.8703703703703703,0.8245614035087719,0.9790940766550522,0.952542372881356,0.965635738831615,0.9648562300319488,0.9648562300319488,0.9648562300319488,0.0,0.0,0.0,0.93,0.9393939393939394,0.9346733668341708
arch_shallow,0.0001,13,0,9956.0,2493.0,34.0,23.0,0.0094493339888173,0.1945369912429898,0.9975893933306548,0.9546730846369836,0.8496343101719435,0.8510452972886828,0.8502953866824214,0.9546914878545776,4.3009867668151855,0.97,0.983108108108108,0.976510067114094,0.981981981981982,0.9703264094955488,0.9761194029850746,0.944078947368421,0.9630872483221476,0.9534883720930232,0.9375,0.9283387622149836,0.9328968903436988,0.9562289562289562,0.9726027397260274,0.9643463497453312,0.8392857142857143,0.8545454545454545,0.8468468468468467,0.986254295532646,0.9695945945945946,0.9778534923339012,0.9548387096774194,0.9426751592356688,0.9487179487179488,0.0,0.0,0.0,0.9261744966442952,0.9261744966442952,0.9261744966442952
arch_shallow,0.0001,13,1,9958.0,2491.0,34.0,23.0,0.0093786664450563,0.1840565939639815,0.9971881903996788,0.9554395824969892,0.8529573264402565,0.8465697607661207,0.8495374416503909,0.9552877985143248,4.306764841079712,0.9672131147540984,0.9966216216216216,0.9816971713810316,0.9880239520958084,0.9792284866468842,0.9836065573770492,0.945945945945946,0.9395973154362416,0.9427609427609428,0.9638157894736842,0.9543973941368078,0.9590834697217676,0.9419795221843004,0.9452054794520548,0.9435897435897436,0.8775510204081632,0.7962962962962963,0.8349514563106796,0.9595959595959596,0.9628378378378378,0.9612141652613828,0.9492063492063492,0.9552715654952076,0.9522292993630572,0.0,0.0,0.0,0.9362416107382552,0.9362416107382552,0.9362416107382552
arch_shallow,0.0001,13,2,9960.0,2489.0,37.0,26.0,0.0075277068029666,0.16665258519775,0.9985943775100402,0.957010847730012,0.857643802571334,0.8508240427508487,0.8539937170955817,0.95692175683007,4.68131685256958,0.9726962457337884,0.9628378378378378,0.967741935483871,0.991044776119403,0.9851632047477744,0.988095238095238,0.9358108108108107,0.929530201342282,0.9326599326599329,0.9534883720930232,0.937908496732026,0.945634266886326,0.9463087248322148,0.9657534246575342,0.9559322033898304,0.9183673469387756,0.8333333333333334,0.8737864077669903,0.9536423841059604,0.972972972972973,0.9632107023411371,0.9650793650793652,0.9712460063897764,0.9681528662420382,0.0,0.0,0.0,0.94,0.9494949494949496,0.9447236180904524
arch_shallow,0.0001,13,3,9960.0,2489.0,36.0,25.0,0.0080517484021469,0.196155833565732,0.9973895582329316,0.952591402169546,0.8510780194372545,0.8455401550506597,0.848131418702426,0.952447662666636,4.558528900146484,0.976271186440678,0.972972972972973,0.9746192893401016,0.9707602339181286,0.9851632047477744,0.9779086892488954,0.9583333333333334,0.9261744966442952,0.9419795221843004,0.9423076923076924,0.9607843137254902,0.9514563106796116,0.9285714285714286,0.934931506849315,0.931740614334471,0.88,0.8148148148148148,0.8461538461538461,0.9664429530201344,0.972972972972973,0.9696969696969696,0.9495268138801262,0.9616613418530352,0.9555555555555556,0.0,0.0,0.0,0.938566552901024,0.925925925925926,0.9322033898305084
arch_shallow,0.0001,13,4,9962.0,2487.0,35.0,24.0,0.0078479505317467,0.1842527862671784,0.9986950411563944,0.9589867310012062,0.8536108207182848,0.8569940214585632,0.8551803651410147,0.9589817711859177,4.451003074645996,0.9625850340136054,0.956081081081081,0.9593220338983052,0.9653179190751444,0.9910979228486648,0.9780380673499268,0.9722222222222222,0.9427609427609428,0.9572649572649572,0.959866220735786,0.937908496732026,0.9487603305785124,0.9554794520547946,0.9554794520547946,0.9554794520547946,0.8421052631578947,0.8888888888888888,0.8648648648648649,0.9665551839464884,0.9796610169491524,0.9730639730639732,0.9523809523809524,0.9584664536741214,0.9554140127388536,0.0,0.0,0.0,0.9595959595959596,0.9595959595959596,0.9595959595959596
arch_shallow,0.0001,21,0,9956.0,2493.0,37.0,26.0,0.0073597204704064,0.1416504988072918,0.9984933708316592,0.959486562374649,0.8631762474908132,0.8487718441547795,0.8550680629927223,0.959340275566162,4.688166856765747,0.983108108108108,0.983108108108108,0.983108108108108,0.9792899408284024,0.9821958456973294,0.9807407407407408,0.9630872483221476,0.9630872483221476,0.9630872483221476,0.9635761589403974,0.9478827361563518,0.9556650246305418,0.9419795221843004,0.9452054794520548,0.9435897435897436,0.9555555555555556,0.7818181818181819,0.86,0.979591836734694,0.972972972972973,0.976271186440678,0.94375,0.961783439490446,0.9526813880126184,0.0,0.0,0.0,0.9218241042345277,0.9496644295302014,0.9355371900826446
arch_shallow,0.0001,21,1,9958.0,2491.0,33.0,22.0,0.0109984712161635,0.1872417690376322,0.995581442056638,0.957848253713368,0.8512130936211122,0.8438608316002958,0.8472081912694882,0.9575910797585162,4.209846019744873,0.9700996677740864,0.9864864864864864,0.9782244556113904,0.9851632047477744,0.9851632047477744,0.9851632047477744,0.9621993127147768,0.9395973154362416,0.9507640067911716,0.9573770491803278,0.9511400651465798,0.9542483660130718,0.9358108108108107,0.9486301369863014,0.9421768707482994,0.8333333333333334,0.7407407407407407,0.7843137254901961,0.9473684210526316,0.972972972972973,0.96,0.9652996845425869,0.977635782747604,0.9714285714285716,0.0,0.0,0.0,0.9554794520547946,0.9362416107382552,0.9457627118644067
arch_shallow,0.0001,21,2,9960.0,2489.0,34.0,23.0,0.0085177776011099,0.1974804650939242,0.9973895582329316,0.9453595821615106,0.8418918695621525,0.8443604835885019,0.843042262303473,0.9453459482420262,4.329082727432251,0.9594594594594594,0.9594594594594594,0.9594594594594594,0.9646017699115044,0.9703264094955488,0.9674556213017752,0.9389830508474576,0.929530201342282,0.9342327150084316,0.9475409836065574,0.9444444444444444,0.9459901800327332,0.9194630872483222,0.9383561643835616,0.9288135593220338,0.8392857142857143,0.8703703703703703,0.8545454545454546,0.9504950495049505,0.972972972972973,0.9616026711185308,0.9548387096774194,0.9456869009584664,0.9502407704654894,0.0,0.0,0.0,0.9442508710801394,0.9124579124579124,0.928082191780822
arch_shallow,0.0001,21,3,9960.0,2489.0,41.0,30.0,0.0052292236335152,0.1646747601124927,0.998995983935743,0.9626355966251506,0.8592351657605801,0.8632088676811185,0.8611449176779118,0.9626599151324392,5.206775903701782,0.9798657718120806,0.9864864864864864,0.9831649831649832,0.9792284866468842,0.9792284866468842,0.9792284866468842,0.9566666666666668,0.9630872483221476,0.959866220735786,0.956810631229236,0.9411764705882352,0.9489291598023064,0.9553264604810996,0.952054794520548,0.95368782161235,0.8771929824561403,0.925925925925926,0.9009009009009008,0.976271186440678,0.972972972972973,0.9746192893401016,0.9678456591639872,0.9616613418530352,0.9647435897435898,0.0,0.0,0.0,0.94314381270903,0.9494949494949496,0.9463087248322148
arch_shallow,0.0001,21,4,9962.0,2487.0,35.0,24.0,0.0090602261161758,0.1576855376670992,0.9972897008632804,0.956172094893446,0.8508894494364503,0.846893147775704,0.8487617755105006,0.9559763243788776,4.461565017700195,0.9668874172185432,0.9864864864864864,0.976588628762542,0.9739130434782608,0.9970326409495548,0.9853372434017597,0.958041958041958,0.9225589225589226,0.939965694682676,0.9508196721311476,0.9477124183006536,0.9492635024549918,0.9455782312925172,0.952054794520548,0.9488054607508534,0.8431372549019608,0.7962962962962963,0.8190476190476189,0.969283276450512,0.9627118644067796,0.9659863945578232,0.9588607594936708,0.9680511182108626,0.9634340222575516,0.0,0.0,0.0,0.9423728813559322,0.936026936026936,0.9391891891891893
arch_shallow,0.0001,99,0,9956.0,2493.0,31.0,20.0,0.012568729551041,0.1490330511027083,0.9952792286058658,0.9574809466506218,0.853391287398462,0.8469827805574243,0.849974886851301,0.9572742885937632,3.9434001445770264,0.9797979797979798,0.983108108108108,0.981450252951096,0.9706744868035192,0.9821958456973294,0.9764011799410032,0.9726962457337884,0.9563758389261744,0.964467005076142,0.9512987012987012,0.9543973941368078,0.9528455284552846,0.9409722222222222,0.928082191780822,0.9344827586206896,0.86,0.7818181818181819,0.819047619047619,0.9766666666666668,0.9898648648648648,0.9832214765100672,0.9592476489028212,0.9745222929936306,0.966824644549763,0.0,0.0,0.0,0.9225589225589226,0.9194630872483222,0.9210084033613444
arch_shallow,0.0001,99,1,9958.0,2491.0,34.0,23.0,0.0102638847007218,0.2126301901098247,0.996183972685278,0.9514251304696908,0.846295430506417,0.8387805983709369,0.8422280203221277,0.9512434779953628,4.325033903121948,0.9697986577181208,0.9763513513513512,0.9730639730639732,0.9705882352941176,0.9792284866468842,0.9748892171344166,0.9185667752442996,0.9463087248322148,0.9322314049586776,0.9633333333333334,0.9413680781758956,0.9522240527182866,0.958904109589041,0.958904109589041,0.958904109589041,0.8333333333333334,0.7407407407407407,0.7843137254901961,0.9659863945578232,0.9594594594594594,0.9627118644067796,0.9394904458598726,0.9424920127795527,0.9409888357256778,0.0,0.0,0.0,0.9429530201342282,0.9429530201342282,0.9429530201342282
arch_shallow,0.0001,99,2,9960.0,2489.0,34.0,23.0,0.0094855205275699,0.1747256662341458,0.9967871485943776,0.954600241060667,0.8536284149813916,0.8443334909607841,0.8485134447619387,0.9543671437610683,4.31992506980896,0.9601328903654484,0.9763513513513512,0.9681742043551088,0.9880597014925372,0.9821958456973294,0.9851190476190476,0.9513888888888888,0.9194630872483222,0.9351535836177476,0.9475409836065574,0.9444444444444444,0.9459901800327332,0.9493243243243245,0.9623287671232876,0.95578231292517,0.8936170212765957,0.7777777777777778,0.8316831683168316,0.9475409836065574,0.9763513513513512,0.9617304492512478,0.9495268138801262,0.9616613418530352,0.9555555555555556,0.0,0.0,0.0,0.9491525423728814,0.9427609427609428,0.945945945945946
arch_shallow,0.0001,99,3,9960.0,2489.0,40.0,29.0,0.0052543182026409,0.1417072026398451,0.9991967871485944,0.9670550421856168,0.8668804013010931,0.8667558427136969,0.8667663445967252,0.9670291732229352,5.071542024612427,0.9797297297297296,0.9797297297297296,0.9797297297297298,0.97953216374269,0.9940652818991098,0.9867452135493374,0.9690721649484536,0.9463087248322148,0.9575551782682512,0.9668874172185432,0.954248366013072,0.9605263157894736,0.9437086092715232,0.976027397260274,0.9595959595959596,0.925925925925926,0.925925925925926,0.925925925925926,0.9898305084745764,0.9864864864864864,0.988155668358714,0.9614147909967846,0.9552715654952076,0.9583333333333334,0.0,0.0,0.0,0.9527027027027029,0.9494949494949496,0.951096121416526
arch_shallow,0.0001,99,4,9962.0,2487.0,36.0,25.0,0.0071128921850466,0.1922278167041891,0.9981931339088536,0.9453156413349416,0.8355846458556131,0.8366275913319345,0.8360177231741381,0.945362197050882,4.579268932342529,0.9665551839464884,0.9763513513513512,0.9714285714285714,0.9823008849557522,0.9881305637982196,0.985207100591716,0.9158576051779936,0.9528619528619529,0.933993399339934,0.9333333333333332,0.915032679738562,0.924092409240924,0.928813559322034,0.9383561643835616,0.9335604770017036,0.7636363636363637,0.7777777777777778,0.7706422018348624,0.972318339100346,0.952542372881356,0.9623287671232876,0.9671052631578948,0.939297124600639,0.9529983792544572,0.0,0.0,0.0,0.925925925925926,0.925925925925926,0.925925925925926
arch_shallow,0.0005,42,0,9956.0,2493.0,16.0,5.0,0.0020293703997317,0.1963878707655073,0.9962836480514264,0.959486562374649,0.8547968777573551,0.8546739356103428,0.8545652180224715,0.9593863278187398,2.0355467796325684,0.9830508474576272,0.9797297297297296,0.9813874788494076,0.985207100591716,0.9881305637982196,0.9866666666666668,0.9539473684210528,0.9731543624161074,0.9634551495016612,0.9691780821917808,0.9218241042345277,0.9449081803005008,0.924342105263158,0.9623287671232876,0.9429530201342282,0.8545454545454545,0.8545454545454545,0.8545454545454545,0.976510067114094,0.983108108108108,0.9797979797979798,0.9503105590062112,0.9745222929936306,0.9622641509433963,0.0,0.0,0.0,0.950877192982456,0.9093959731543624,0.9296740994854202
arch_shallow,0.0005,42,1,9958.0,2491.0,18.0,7.0,0.0013499613224332,0.2130786894349605,0.9991966258284796,0.9566439181051788,0.8498534137979513,0.8503940754311031,0.8500665674980363,0.9568039266677704,2.28786301612854,0.9727891156462584,0.9662162162162162,0.9694915254237289,0.9736070381231672,0.9851632047477744,0.9793510324483776,0.9565217391304348,0.959731543624161,0.9581239530988276,0.950657894736842,0.9413680781758956,0.9459901800327332,0.96113074204947,0.9315068493150684,0.9460869565217392,0.8181818181818182,0.8333333333333334,0.8256880733944955,0.9661016949152542,0.9628378378378378,0.964467005076142,0.953416149068323,0.9808306709265175,0.9669291338582676,0.0,0.0,0.0,0.9461279461279462,0.9429530201342282,0.9445378151260504
arch_shallow,0.0005,42,2,9960.0,2489.0,17.0,6.0,0.0018994881434477,0.167374786215295,0.9975903614457832,0.9558055443953396,0.8544105578955999,0.8438944679909918,0.8486036986958873,0.9555862039989352,2.159255027770996,0.9698996655518396,0.9797297297297296,0.9747899159663864,0.9880239520958084,0.9792284866468842,0.9836065573770492,0.9628378378378378,0.9563758389261744,0.9595959595959596,0.961038961038961,0.9673202614379084,0.9641693811074918,0.9393939393939394,0.9554794520547946,0.9473684210526316,0.8913043478260869,0.7592592592592593,0.8200000000000001,0.9534883720930232,0.9695945945945946,0.9614740368509214,0.9423076923076924,0.939297124600639,0.9408,0.0,0.0,0.0,0.9358108108108107,0.9326599326599326,0.9342327150084316
arch_shallow,0.0005,42,3,9960.0,2489.0,16.0,5.0,0.0023779668872476,0.2058543424231053,0.9959839357429718,0.9533949377259944,0.8545244077160064,0.8447900626743106,0.8491944383470147,0.953172452568359,2.031384229660034,0.9629629629629628,0.9662162162162162,0.9645868465430018,0.9821958456973294,0.9821958456973294,0.9821958456973294,0.9379310344827586,0.912751677852349,0.9251700680272108,0.9326923076923076,0.9509803921568628,0.941747572815534,0.962457337883959,0.9657534246575342,0.964102564102564,0.9148936170212766,0.7962962962962963,0.8514851485148516,0.9634551495016612,0.9797297297297296,0.9715242881072026,0.946875,0.9680511182108626,0.957345971563981,0.0,0.0,0.0,0.9417808219178082,0.925925925925926,0.933786078098472
arch_shallow,0.0005,42,4,9962.0,2487.0,21.0,10.0,0.000772365334432,0.1727531357007729,0.9996988556514756,0.9593888218737434,0.8573985044726566,0.8558983978592716,0.8565624347352809,0.9593930476952968,2.674165964126587,0.9829351535836176,0.972972972972973,0.9779286926994908,0.976470588235294,0.9851632047477744,0.980797636632201,0.9584775086505192,0.9326599326599326,0.9453924914675768,0.9509803921568628,0.9509803921568628,0.9509803921568628,0.939799331103679,0.9623287671232876,0.9509306260575296,0.8867924528301887,0.8703703703703703,0.8785046728971964,0.976027397260274,0.9661016949152542,0.9710391822827938,0.970684039087948,0.952076677316294,0.9612903225806452,0.0,0.0,0.0,0.9318181818181818,0.9663299663299664,0.9487603305785124
arch_shallow,0.0005,7,0,9956.0,2493.0,18.0,7.0,0.0013750633772295,0.185467269279723,0.9979911611088792,0.9490573606097072,0.843304797216726,0.8371777358091256,0.8400268543965789,0.9488769856977916,2.299710273742676,0.9761904761904762,0.9695945945945946,0.9728813559322034,0.967551622418879,0.973293768545994,0.970414201183432,0.9494949494949496,0.9463087248322148,0.9478991596638656,0.9504950495049505,0.9381107491856676,0.9442622950819672,0.9387755102040816,0.9452054794520548,0.9419795221843004,0.82,0.7454545454545455,0.780952380952381,0.9661016949152542,0.9628378378378378,0.964467005076142,0.9353846153846154,0.9681528662420382,0.9514866979655712,0.0,0.0,0.0,0.929054054054054,0.9228187919463088,0.9259259259259258
arch_shallow,0.0005,7,1,9958.0,2491.0,19.0,8.0,0.0011035493642329,0.1479644002627307,0.9988953605141596,0.965074267362505,0.8713767798870633,0.8606494055275755,0.8655229411927232,0.9650354873466148,2.4130947589874268,0.9700996677740864,0.9864864864864864,0.9782244556113904,0.9821958456973294,0.9821958456973294,0.9821958456973294,0.9407894736842104,0.959731543624161,0.9501661129568106,0.9698996655518396,0.9446254071661238,0.9570957095709572,0.9623287671232876,0.9623287671232876,0.9623287671232876,1.0,0.8703703703703703,0.9306930693069309,0.979591836734694,0.972972972972973,0.976271186440678,0.964968152866242,0.9680511182108626,0.9665071770334928,0.0,0.0,0.0,0.943894389438944,0.959731543624161,0.951747088186356
arch_shallow,0.0005,7,2,9960.0,2489.0,15.0,4.0,0.0025188793877874,0.2207830632255642,0.9924698795180724,0.9497790277219766,0.8457303907167303,0.8340478703902564,0.8391729546939196,0.949435906653705,1.9309849739074707,0.969283276450512,0.9594594594594594,0.964346349745331,0.979591836734694,0.9970326409495548,0.988235294117647,0.958904109589041,0.9395973154362416,0.9491525423728814,0.9508196721311476,0.9477124183006536,0.9492635024549918,0.9577464788732394,0.9315068493150684,0.9444444444444444,0.8444444444444444,0.7037037037037037,0.7676767676767676,0.9636963696369636,0.9864864864864864,0.9749582637729548,0.927899686520376,0.9456869009584664,0.9367088607594936,0.0,0.0,0.0,0.9049180327868852,0.9292929292929292,0.9169435215946844
arch_shallow,0.0005,7,3,9960.0,2489.0,15.0,4.0,0.0029255293507157,0.1895949768500502,0.9931726907630524,0.956609079951788,0.8559066282134008,0.8492276598423049,0.8523132415772723,0.9565277235742784,1.9096908569335935,0.9666666666666668,0.9797297297297296,0.9731543624161074,0.984984984984985,0.973293768545994,0.9791044776119404,0.9433333333333334,0.9496644295302014,0.9464882943143812,0.9426751592356688,0.9673202614379084,0.9548387096774196,0.9620689655172414,0.9554794520547946,0.958762886597938,0.8979591836734694,0.8148148148148148,0.8543689320388349,0.976027397260274,0.9628378378378378,0.9693877551020408,0.9511400651465798,0.9329073482428116,0.9419354838709676,0.0,0.0,0.0,0.9342105263157896,0.9562289562289562,0.9450915141430948
arch_shallow,0.0005,7,4,9962.0,2487.0,18.0,7.0,0.0016264367167014,0.2139452282281045,0.9986950411563944,0.9549658222758344,0.8445565450139385,0.8522533426584801,0.8480117737107473,0.955228771198787,2.313499212265014,0.9602649006622516,0.9797297297297296,0.9698996655518396,0.9969604863221884,0.973293768545994,0.984984984984985,0.9461279461279462,0.9461279461279462,0.9461279461279462,0.9396825396825396,0.9673202614379084,0.9533011272141708,0.9518900343642612,0.9486301369863014,0.9502572898799314,0.7704918032786885,0.8703703703703703,0.817391304347826,0.9858657243816256,0.9457627118644067,0.9653979238754326,0.964516129032258,0.9552715654952076,0.9598715890850722,0.0,0.0,0.0,0.9297658862876256,0.936026936026936,0.9328859060402684
arch_shallow,0.0005,13,0,9956.0,2493.0,20.0,9.0,0.0009758070215885,0.1905169169701845,0.9996986741663318,0.9566787003610108,0.8487041427205269,0.8511717315548856,0.8498944764533436,0.9567039059716248,2.5499191284179688,0.9733333333333334,0.9864864864864864,0.9798657718120806,0.9791044776119404,0.973293768545994,0.9761904761904762,0.946843853820598,0.9563758389261744,0.9515859766277128,0.9348534201954396,0.9348534201954396,0.9348534201954396,0.9659863945578232,0.9726027397260274,0.9692832764505118,0.8070175438596491,0.8363636363636363,0.8214285714285714,0.9796610169491524,0.9763513513513512,0.9780033840947546,0.9580645161290322,0.945859872611465,0.951923076923077,0.0,0.0,0.0,0.9421768707482994,0.929530201342282,0.9358108108108107
arch_shallow,0.0005,13,1,9958.0,2491.0,18.0,7.0,0.0013109324683626,0.1908159605338382,0.9983932516569592,0.9550381372942592,0.8545311063562095,0.8493373677055492,0.8517762279727172,0.9549488086417972,2.2866971492767334,0.9703947368421052,0.9966216216216216,0.9833333333333334,0.987987987987988,0.9762611275964392,0.982089552238806,0.9364548494983278,0.9395973154362416,0.9380234505862648,0.9602649006622516,0.9446254071661238,0.9523809523809524,0.9452054794520548,0.9452054794520548,0.9452054794520548,0.9,0.8333333333333334,0.8653846153846153,0.959731543624161,0.9662162162162162,0.962962962962963,0.9552715654952076,0.9552715654952076,0.9552715654952076,0.0,0.0,0.0,0.93,0.9362416107382552,0.9331103678929766
arch_shallow,0.0005,13,2,9960.0,2489.0,17.0,6.0,0.0017742713154945,0.166327201998009,0.9984939759036144,0.9582161510646846,0.8568600291556905,0.8502614259139374,0.8533210166434951,0.958083088396428,2.170093059539795,0.972972972972973,0.972972972972973,0.972972972972973,0.9940298507462688,0.9881305637982196,0.9910714285714286,0.9362416107382552,0.9362416107382552,0.9362416107382552,0.9533333333333334,0.934640522875817,0.943894389438944,0.9464882943143812,0.9691780821917808,0.957698815566836,0.8979591836734694,0.8148148148148148,0.8543689320388349,0.9536423841059604,0.972972972972973,0.9632107023411371,0.9683544303797468,0.977635782747604,0.972972972972973,0.0,0.0,0.0,0.9455782312925172,0.936026936026936,0.9407783417935704
arch_shallow,0.0005,13,3,9960.0,2489.0,18.0,7.0,0.0014202530117897,0.2110833255273942,0.9988955823293172,0.9558055443953396,0.8549180865809604,0.8466713039238121,0.8504753864507629,0.9556609889847532,2.2860889434814453,0.976271186440678,0.972972972972973,0.9746192893401016,0.9822485207100592,0.9851632047477744,0.9837037037037036,0.958904109589041,0.9395973154362416,0.9491525423728814,0.9517684887459807,0.9673202614379084,0.959481361426256,0.9347079037800688,0.9315068493150684,0.9331046312178388,0.8958333333333334,0.7962962962962963,0.8431372549019608,0.972972972972973,0.972972972972973,0.972972972972973,0.9467084639498432,0.9648562300319488,0.9556962025316456,0.0,0.0,0.0,0.9297658862876256,0.936026936026936,0.9328859060402684
arch_shallow,0.0005,13,4,9962.0,2487.0,19.0,8.0,0.0011186203177526,0.2026683576043632,0.9995984742019676,0.9638118214716526,0.8584298804276408,0.8594171487062481,0.8588628428386362,0.9637846035274156,2.4221229553222656,0.972508591065292,0.956081081081081,0.9642248722316864,0.9738372093023256,0.9940652818991098,0.9838472834067548,0.9757785467128028,0.9494949494949496,0.962457337883959,0.9668874172185432,0.954248366013072,0.9605263157894736,0.9554794520547946,0.9554794520547946,0.9554794520547946,0.8545454545454545,0.8703703703703703,0.8623853211009175,0.9635761589403974,0.9864406779661016,0.9748743718592964,0.9585987261146496,0.9616613418530352,0.9601275917065392,0.0,0.0,0.0,0.9630872483221476,0.9663299663299664,0.9647058823529412
arch_shallow,0.0005,21,0,9956.0,2493.0,17.0,6.0,0.0017403625598348,0.1410943511162571,0.9982924869425472,0.9610910549538708,0.8631545158960792,0.8545654757211463,0.8584666700773329,0.961069614921336,2.1687397956848145,0.983108108108108,0.983108108108108,0.983108108108108,0.9851632047477744,0.9851632047477744,0.9851632047477744,0.956953642384106,0.9697986577181208,0.9633333333333334,0.9796610169491524,0.9413680781758956,0.9601328903654484,0.9448275862068966,0.9383561643835616,0.9415807560137458,0.9387755102040816,0.8363636363636363,0.8846153846153846,0.9829931972789115,0.9763513513513512,0.9796610169491526,0.9433962264150944,0.9554140127388536,0.949367088607595,0.0,0.0,0.0,0.9166666666666666,0.959731543624161,0.9377049180327868
arch_shallow,0.0005,21,1,9958.0,2491.0,16.0,5.0,0.0022119005012924,0.2018193752775924,0.9952801767423176,0.955841027699719,0.8477348392289367,0.840726374496399,0.8439008469608364,0.955533008577431,2.0369338989257812,0.9605263157894736,0.9864864864864864,0.9733333333333332,0.9851632047477744,0.9851632047477744,0.9851632047477744,0.9429530201342282,0.9429530201342282,0.9429530201342282,0.9563758389261744,0.9283387622149836,0.9421487603305786,0.9391891891891893,0.952054794520548,0.9455782312925172,0.8125,0.7222222222222222,0.7647058823529411,0.9536423841059604,0.972972972972973,0.9632107023411371,0.971518987341772,0.9808306709265175,0.9761526232114468,0.0,0.0,0.0,0.9554794520547946,0.9362416107382552,0.9457627118644067
arch_shallow,0.0005,21,2,9960.0,2489.0,16.0,5.0,0.0019542597797989,0.2096142483726862,0.996285140562249,0.94817195660908,0.8504504984079496,0.842100533336869,0.8459246340002459,0.9480135359242706,2.0355050563812256,0.9565217391304348,0.9662162162162162,0.961344537815126,0.9648093841642228,0.9762611275964392,0.9705014749262536,0.9421768707482994,0.929530201342282,0.9358108108108107,0.9477124183006536,0.9477124183006536,0.9477124183006536,0.9264214046822744,0.9486301369863014,0.937394247038917,0.9166666666666666,0.8148148148148148,0.8627450980392156,0.9503311258278144,0.9695945945945946,0.959866220735786,0.9517684887459807,0.9456869009584664,0.9487179487179488,0.0,0.0,0.0,0.9480968858131488,0.9225589225589226,0.9351535836177476
arch_shallow,0.0005,21,3,9960.0,2489.0,19.0,8.0,0.0011527006337667,0.1682406090471208,0.9995983935742973,0.963439132181599,0.8613450049801532,0.8653641266989546,0.8632645431513686,0.963443094652808,2.4121201038360596,0.9798657718120806,0.9864864864864864,0.9831649831649832,0.9763313609467456,0.9792284866468842,0.9777777777777776,0.9470198675496688,0.959731543624161,0.9533333333333333,0.9664429530201344,0.9411764705882352,0.95364238410596,0.9553264604810996,0.952054794520548,0.95368782161235,0.8947368421052632,0.9444444444444444,0.918918918918919,0.972972972972973,0.972972972972973,0.972972972972973,0.9680511182108626,0.9680511182108626,0.9680511182108626,0.0,0.0,0.0,0.9527027027027029,0.9494949494949496,0.951096121416526
arch_shallow,0.0005,21,4,9962.0,2487.0,19.0,8.0,0.0011396461514345,0.1673792093038169,0.9990965669544268,0.9593888218737434,0.8592605717776529,0.8481542478903161,0.8531026489552749,0.9591301140725637,2.4210989475250244,0.9668874172185432,0.9864864864864864,0.976588628762542,0.9823008849557522,0.9881305637982196,0.985207100591716,0.9616724738675958,0.9292929292929292,0.9452054794520548,0.9514563106796116,0.9607843137254902,0.9560975609756096,0.9429530201342282,0.9623287671232876,0.952542372881356,0.9130434782608696,0.7777777777777778,0.84,0.9628378378378378,0.9661016949152542,0.964467005076142,0.9559748427672956,0.9712460063897764,0.9635499207606972,0.0,0.0,0.0,0.9554794520547946,0.9393939393939394,0.9473684210526316
arch_shallow,0.0005,99,0,9956.0,2493.0,20.0,9.0,0.0008588810039175,0.1589494554975349,0.9995982322217758,0.9630966706778982,0.8599116187495992,0.8546661599639004,0.8571407471708475,0.9629568503825844,2.5429370403289795,0.9797979797979798,0.983108108108108,0.981450252951096,0.9792284866468842,0.9792284866468842,0.9792284866468842,0.9796610169491524,0.9697986577181208,0.9747048903878583,0.9580645161290322,0.96742671009772,0.9627228525121556,0.9448275862068966,0.9383561643835616,0.9415807560137458,0.8823529411764706,0.8181818181818182,0.8490566037735848,0.979933110367893,0.9898648648648648,0.984873949579832,0.9532710280373832,0.9745222929936306,0.9637795275590552,0.0,0.0,0.0,0.9419795221843004,0.9261744966442952,0.934010152284264
arch_shallow,0.0005,99,1,9958.0,2491.0,18.0,7.0,0.0014384350624884,0.2284126902886785,0.9985940951998392,0.9518265756724208,0.8487152778595352,0.8420932364996296,0.8451364408415454,0.9517167468387858,2.2845261096954346,0.9666666666666668,0.9797297297297296,0.9731543624161074,0.9761904761904762,0.973293768545994,0.974739970282318,0.9276315789473684,0.9463087248322148,0.9368770764119602,0.9665551839464884,0.9413680781758956,0.9537953795379538,0.9586206896551724,0.952054794520548,0.9553264604810996,0.8571428571428571,0.7777777777777778,0.8155339805825242,0.9655172413793104,0.945945945945946,0.955631399317406,0.9292307692307692,0.9648562300319488,0.9467084639498432,0.0,0.0,0.0,0.9395973154362416,0.9395973154362416,0.9395973154362416
arch_shallow,0.0005,99,2,9960.0,2489.0,17.0,6.0,0.0022545506349906,0.1906611873918801,0.9977911646586344,0.9554037766171152,0.8544995287651472,0.8464844468994641,0.8501486953820951,0.9552063734062276,2.1635799407958984,0.9633333333333334,0.9763513513513512,0.9697986577181208,0.9851632047477744,0.9851632047477744,0.9851632047477744,0.9517241379310344,0.9261744966442952,0.9387755102040818,0.950657894736842,0.9444444444444444,0.9475409836065573,0.9463087248322148,0.9657534246575342,0.9559322033898304,0.8958333333333334,0.7962962962962963,0.8431372549019608,0.9536423841059604,0.972972972972973,0.9632107023411371,0.9495268138801262,0.9616613418530352,0.9555555555555556,0.0,0.0,0.0,0.9488054607508531,0.936026936026936,0.9423728813559322
arch_shallow,0.0005,99,3,9960.0,2489.0,18.0,7.0,0.0012964173853084,0.1579037439712909,0.9985943775100402,0.9662515066291684,0.8663641267827253,0.8676214610667248,0.8669155418090074,0.9662440989859395,2.2837018966674805,0.9665551839464884,0.9763513513513512,0.9714285714285714,0.9823529411764704,0.9910979228486648,0.9867060561299852,0.9721254355400696,0.9362416107382552,0.9538461538461538,0.9449838187702264,0.954248366013072,0.9495934959349592,0.946843853820598,0.976027397260274,0.9612141652613828,0.9272727272727272,0.9444444444444444,0.9357798165137616,0.9931740614334472,0.983108108108108,0.9881154499151102,0.970873786407767,0.9584664536741214,0.964630225080386,0.0,0.0,0.0,0.9594594594594594,0.9562289562289562,0.957841483979764
arch_shallow,0.0005,99,4,9962.0,2487.0,17.0,6.0,0.0014538708608621,0.2017970976227478,0.9981931339088536,0.9453156413349416,0.8355538882478077,0.8366345882304614,0.8360412322520757,0.9453559072310856,2.1775660514831543,0.9633333333333334,0.9763513513513512,0.9697986577181208,0.9823008849557522,0.9881305637982196,0.985207100591716,0.936026936026936,0.936026936026936,0.936026936026936,0.9218241042345277,0.9248366013071896,0.9233278955954324,0.9415807560137456,0.9383561643835616,0.9399656946826758,0.7636363636363637,0.7777777777777778,0.7706422018348624,0.962457337883959,0.9559322033898304,0.9591836734693876,0.9668874172185432,0.9329073482428116,0.9495934959349592,0.0,0.0,0.0,0.9174917491749176,0.936026936026936,0.9266666666666666
arch_shallow,0.001,42,0,9956.0,2493.0,14.0,3.0,0.0007309921279031,0.2158114623006262,0.995580554439534,0.9562775772162052,0.8466419015175299,0.8520288729510892,0.8490454440554634,0.9562668825794138,1.7874701023101809,0.9667774086378738,0.983108108108108,0.9748743718592964,0.9680232558139537,0.9881305637982196,0.9779735682819384,0.9566666666666668,0.9630872483221476,0.959866220735786,0.962457337883959,0.9185667752442996,0.94,0.9366666666666666,0.9623287671232876,0.9493243243243245,0.7833333333333333,0.8545454545454545,0.817391304347826,0.979591836734694,0.972972972972973,0.976271186440678,0.9620253164556962,0.9681528662420382,0.965079365079365,0.0,0.0,0.0,0.950877192982456,0.9093959731543624,0.9296740994854202
arch_shallow,0.001,42,1,9958.0,2491.0,14.0,3.0,0.0007526170380017,0.2066372681799738,0.995782285599518,0.9546366920915296,0.8457267719287989,0.8486590632140256,0.8470373049089039,0.9546437922567836,1.778195858001709,0.9565217391304348,0.9662162162162162,0.961344537815126,0.9680232558139537,0.9881305637982196,0.9779735682819384,0.9690721649484536,0.9463087248322148,0.9575551782682512,0.956953642384106,0.9413680781758956,0.949096880131363,0.9642857142857144,0.9246575342465754,0.9440559440559442,0.7894736842105263,0.8333333333333334,0.8108108108108109,0.9593220338983052,0.956081081081081,0.957698815566836,0.953416149068323,0.9808306709265175,0.9669291338582676,0.0,0.0,0.0,0.9401993355481728,0.9496644295302014,0.9449081803005008
arch_shallow,0.001,42,2,9960.0,2489.0,14.0,3.0,0.0006986284365232,0.1827749038689962,0.9966867469879518,0.952591402169546,0.8529811499119889,0.836527866605455,0.8434124543146838,0.9521578879374132,1.7820029258728027,0.9696969696969696,0.972972972972973,0.9713322091062394,0.9823008849557522,0.9881305637982196,0.985207100591716,0.9690721649484536,0.9463087248322148,0.9575551782682512,0.9519230769230768,0.9705882352941176,0.9611650485436892,0.9269102990033222,0.9554794520547946,0.9409780775716694,0.9047619047619048,0.7037037037037037,0.7916666666666667,0.9473684210526316,0.972972972972973,0.96,0.9333333333333332,0.939297124600639,0.9363057324840764,0.0,0.0,0.0,0.9444444444444444,0.915824915824916,0.92991452991453
arch_shallow,0.001,42,3,9960.0,2489.0,15.0,4.0,0.000593802171701,0.2239037139873462,0.9977911646586344,0.9574126155082362,0.8614270312040286,0.8465663804661556,0.8529794571677375,0.9571466111241654,1.9061970710754397,0.9633333333333334,0.9763513513513512,0.9697986577181208,0.9736842105263158,0.9881305637982196,0.9808541973490428,0.9543859649122808,0.912751677852349,0.9331046312178388,0.9221183800623052,0.9673202614379084,0.9441786283891548,0.9559322033898304,0.9657534246575342,0.9608177172061328,0.9545454545454546,0.7777777777777778,0.8571428571428572,0.9763513513513512,0.9763513513513512,0.9763513513513512,0.9615384615384616,0.9584664536741214,0.96,0.0,0.0,0.0,0.9523809523809524,0.9427609427609428,0.9475465313028766
arch_shallow,0.001,42,4,9962.0,2487.0,16.0,5.0,0.0005140359847876,0.1652366969599103,0.9989961855049186,0.9593888218737434,0.8581895526855119,0.8513625330582648,0.8544869990040975,0.9592739573066922,2.042349100112915,0.986254295532646,0.9695945945945946,0.9778534923339012,0.976470588235294,0.9851632047477744,0.980797636632201,0.9550173010380624,0.9292929292929292,0.9419795221843004,0.9537953795379538,0.9444444444444444,0.949096880131363,0.9437086092715232,0.976027397260274,0.9595959595959596,0.8979591836734694,0.8148148148148148,0.8543689320388349,0.9629629629629628,0.9694915254237289,0.966216216216216,0.970873786407767,0.9584664536741214,0.964630225080386,0.0,0.0,0.0,0.9348534201954396,0.9663299663299664,0.9503311258278146
arch_shallow,0.001,7,0,9956.0,2493.0,15.0,4.0,0.0006913446961199,0.1962205578647277,0.9971876255524308,0.9518652226233454,0.8455365359886237,0.845294827051059,0.8453862986558708,0.9518394286139282,1.9097259044647217,0.9693877551020408,0.9628378378378378,0.9661016949152542,0.9706744868035192,0.9821958456973294,0.9764011799410032,0.9457627118644067,0.9362416107382552,0.9409780775716696,0.9477124183006536,0.9446254071661238,0.9461663947797716,0.9324324324324323,0.9452054794520548,0.9387755102040816,0.8181818181818182,0.8181818181818182,0.8181818181818182,0.9658703071672357,0.956081081081081,0.9609507640067912,0.953125,0.9713375796178344,0.9621451104100948,0.0,0.0,0.0,0.9522184300341296,0.9362416107382552,0.9441624365482232
arch_shallow,0.001,7,1,9958.0,2491.0,17.0,6.0,0.0004313963541692,0.1547182663301609,0.99989957822856,0.9678843837816138,0.871989408388397,0.86600151368987,0.8688205376871594,0.9678519060786164,2.1602087020874023,0.976510067114094,0.983108108108108,0.9797979797979798,0.9794117647058824,0.9881305637982196,0.983751846381093,0.9435215946843852,0.953020134228188,0.9482470784641068,0.9698996655518396,0.9446254071661238,0.9570957095709572,0.9625850340136054,0.9691780821917808,0.9658703071672354,0.98,0.9074074074074074,0.9423076923076924,0.9830508474576272,0.9797297297297296,0.9813874788494076,0.970967741935484,0.9616613418530352,0.9662921348314608,0.0,0.0,0.0,0.9539473684210528,0.9731543624161074,0.9634551495016612
arch_shallow,0.001,7,2,9960.0,2489.0,15.0,4.0,0.0006361752688312,0.2391805761861661,0.9976907630522088,0.952189634391322,0.8465707837312978,0.8375540999980832,0.8416017839609028,0.9519278185301916,1.9087622165679932,0.9828178694158076,0.9662162162162162,0.9744463373083476,0.9852941176470588,0.9940652818991098,0.9896602658788776,0.9587628865979382,0.9362416107382552,0.9473684210526316,0.9511400651465798,0.954248366013072,0.9526916802610114,0.9615384615384616,0.9417808219178082,0.9515570934256056,0.8297872340425532,0.7222222222222222,0.7722772277227723,0.9540983606557376,0.983108108108108,0.9683860232945092,0.9230769230769232,0.9584664536741214,0.9404388714733544,0.0,0.0,0.0,0.9191919191919192,0.9191919191919192,0.9191919191919192
arch_shallow,0.001,7,3,9960.0,2489.0,15.0,4.0,0.0007080719700978,0.2098807106757855,0.9983935742971888,0.961430293290478,0.8567623367318594,0.860694648504287,0.8586576254210936,0.9614786701811072,1.9034991264343264,0.9698996655518396,0.9797297297297296,0.9747899159663864,0.9880239520958084,0.9792284866468842,0.9836065573770492,0.953020134228188,0.953020134228188,0.953020134228188,0.9640522875816994,0.9640522875816994,0.9640522875816994,0.955631399317406,0.958904109589041,0.9572649572649572,0.8596491228070176,0.9074074074074074,0.8828828828828829,0.9728813559322034,0.9695945945945946,0.9712351945854484,0.9519230769230768,0.9488817891373802,0.9504,0.0,0.0,0.0,0.952542372881356,0.9461279461279462,0.9493243243243242
arch_shallow,0.001,7,4,9962.0,2487.0,15.0,4.0,0.0006170043292477,0.2154265685079726,0.9982935153583616,0.9529553679131484,0.8420780830763738,0.8520256748343107,0.846531092231284,0.9531720140463092,1.9153070449829104,0.956810631229236,0.972972972972973,0.9648241206030151,0.9879518072289156,0.973293768545994,0.9805680119581464,0.9362416107382552,0.9393939393939394,0.9378151260504204,0.9601328903654484,0.9444444444444444,0.9522240527182868,0.9480968858131488,0.9383561643835616,0.9432013769363168,0.7619047619047619,0.8888888888888888,0.8205128205128205,0.9659863945578232,0.9627118644067796,0.964346349745331,0.9652996845425869,0.977635782747604,0.9714285714285716,0.0,0.0,0.0,0.9383561643835616,0.9225589225589226,0.930390492359932
arch_shallow,0.001,13,0,9956.0,2493.0,14.0,3.0,0.0011076656775356,0.1940159535106724,0.9952792286058658,0.9554753309265944,0.8560919893613649,0.8426701904615573,0.8484913414191901,0.9551094927760452,1.7896780967712402,0.966996699669967,0.9898648648648648,0.9782971619365608,0.967741935483871,0.9792284866468842,0.9734513274336284,0.9377049180327868,0.959731543624161,0.9485903814262024,0.9464882943143812,0.9218241042345277,0.933993399339934,0.9724137931034482,0.9657534246575342,0.9690721649484536,0.9111111111111112,0.7454545454545455,0.8200000000000001,0.9634551495016612,0.9797297297297296,0.9715242881072026,0.9462025316455696,0.9522292993630572,0.9492063492063492,0.0,0.0,0.0,0.9488054607508531,0.9328859060402684,0.9407783417935702
arch_shallow,0.001,13,1,9958.0,2491.0,14.0,3.0,0.0007206215050821,0.1854280599610829,0.995681863828078,0.9542352468887996,0.8497334764598256,0.8409914962540788,0.8449393522032264,0.9539668615685698,1.7806658744812012,0.9735099337748344,0.9932432432432432,0.983277591973244,0.9850746268656716,0.9792284866468842,0.982142857142857,0.945945945945946,0.9395973154362416,0.9427609427609428,0.9633333333333334,0.9413680781758956,0.9522240527182866,0.9419795221843004,0.9452054794520548,0.9435897435897436,0.851063829787234,0.7407407407407407,0.7920792079207921,0.9566666666666668,0.9695945945945946,0.9630872483221476,0.946875,0.9680511182108626,0.957345971563981,0.0,0.0,0.0,0.9328859060402684,0.9328859060402684,0.9328859060402684
arch_shallow,0.001,13,2,9960.0,2489.0,17.0,6.0,0.0004107272979138,0.1738581978753223,0.9996987951807228,0.9618320610687024,0.8613201705741365,0.8516733424360531,0.8560507710516972,0.9616603923904784,2.1620192527770996,0.979591836734694,0.972972972972973,0.976271186440678,0.9882352941176472,0.9970326409495548,0.9926144756277696,0.9523809523809524,0.9395973154362416,0.945945945945946,0.9539473684210528,0.9477124183006536,0.9508196721311476,0.9435215946843852,0.9726027397260274,0.957841483979764,0.9148936170212766,0.7962962962962963,0.8514851485148516,0.9632107023411371,0.972972972972973,0.9680672268907564,0.9742765273311896,0.9680511182108626,0.9711538461538464,0.0,0.0,0.0,0.94314381270903,0.9494949494949496,0.9463087248322148
arch_shallow,0.001,13,3,9960.0,2489.0,14.0,3.0,0.0007446747812558,0.2108059595740202,0.9953815261044175,0.9489754921655283,0.8479548917451176,0.8411012966665872,0.8442937851486672,0.9488583356201395,1.779368877410889,0.9728813559322034,0.9695945945945946,0.9712351945854484,0.967930029154519,0.9851632047477744,0.9764705882352942,0.9551724137931036,0.929530201342282,0.9421768707482994,0.941747572815534,0.9509803921568628,0.946341463414634,0.9315068493150684,0.9315068493150684,0.9315068493150684,0.8775510204081632,0.7962962962962963,0.8349514563106796,0.9728813559322034,0.9695945945945946,0.9712351945854484,0.9456869009584664,0.9456869009584664,0.9456869009584664,0.0,0.0,0.0,0.9141914191419142,0.9326599326599326,0.9233333333333332
arch_shallow,0.001,13,4,9962.0,2487.0,15.0,4.0,0.0005838508439468,0.2029103091895236,0.99839389680787,0.9654201849618014,0.8642757659166558,0.8622942188203713,0.863192231768197,0.9654040202517356,1.907011032104492,0.9695945945945946,0.9695945945945946,0.9695945945945946,0.9681159420289857,0.9910979228486648,0.9794721407624634,0.98943661971831,0.9461279461279462,0.9672977624784854,0.9543973941368078,0.9575163398692812,0.9559543230016312,0.9653979238754326,0.9554794520547946,0.9604130808950088,0.9056603773584906,0.8888888888888888,0.897196261682243,0.9731543624161074,0.9830508474576272,0.9780775716694772,0.940809968847352,0.9648562300319488,0.9526813880126184,0.0,0.0,0.0,0.9761904761904762,0.9663299663299664,0.9712351945854484
arch_shallow,0.001,21,0,9956.0,2493.0,17.0,6.0,0.0004093177757012,0.1511484919810538,0.9996986741663318,0.9626955475330926,0.8643479901060731,0.8544067988457551,0.8588979149871111,0.9626712213343608,2.1654820442199707,0.983108108108108,0.983108108108108,0.983108108108108,0.9851190476190476,0.9821958456973294,0.9836552748885588,0.9666666666666668,0.9731543624161074,0.9698996655518394,0.9797979797979798,0.9478827361563518,0.9635761589403974,0.9355932203389832,0.9452054794520548,0.9403747870528107,0.9375,0.8181818181818182,0.8737864077669902,0.9897260273972602,0.9763513513513512,0.9829931972789115,0.946875,0.964968152866242,0.9558359621451104,0.0,0.0,0.0,0.919093851132686,0.953020134228188,0.9357495881383854
arch_shallow,0.001,21,1,9958.0,2491.0,15.0,4.0,0.0006127985467466,0.2082242994625885,0.9984936734283992,0.9570453633079083,0.8517775813850751,0.8417086080491181,0.8462155173930348,0.9567169123874628,1.9070520401000977,0.9603960396039604,0.983108108108108,0.9716193656093488,0.9793510324483776,0.9851632047477744,0.9822485207100592,0.9590443686006824,0.9429530201342282,0.9509306260575296,0.9448051948051948,0.9478827361563518,0.946341463414634,0.9518900343642612,0.9486301369863014,0.9502572898799314,0.8478260869565217,0.7222222222222222,0.78,0.9565217391304348,0.9662162162162162,0.961344537815126,0.9650793650793652,0.9712460063897764,0.9681528662420382,0.0,0.0,0.0,0.9528619528619529,0.9496644295302014,0.9512605042016806
arch_shallow,0.001,21,2,9960.0,2489.0,16.0,5.0,0.0455518089446873,0.3551487267744893,0.9994979919678716,0.9533949377259944,0.8531363909659427,0.8463589819199792,0.8494802041296461,0.9532414873943664,2.0390238761901855,0.9630872483221476,0.9695945945945946,0.9663299663299664,0.9707602339181286,0.9851632047477744,0.9779086892488954,0.9425675675675677,0.9362416107382552,0.9393939393939394,0.9508196721311476,0.9477124183006536,0.9492635024549918,0.9302325581395348,0.958904109589041,0.9443507588532885,0.8979591836734694,0.8148148148148148,0.8543689320388349,0.956953642384106,0.9763513513513512,0.9665551839464884,0.96742671009772,0.9488817891373802,0.9580645161290322,0.0,0.0,0.0,0.9515570934256056,0.925925925925926,0.938566552901024
arch_shallow,0.001,21,3,9960.0,2489.0,17.0,6.0,0.0004130162773904,0.1843798044836427,0.9998995983935745,0.96544797107272,0.8699629488272258,0.863897334460271,0.8667758243914372,0.9654146824396476,2.1632559299468994,0.9797979797979798,0.983108108108108,0.981450252951096,0.976401179941003,0.9821958456973294,0.9792899408284024,0.9473684210526316,0.9664429530201344,0.9568106312292358,0.9639344262295082,0.9607843137254902,0.962356792144026,0.9586206896551724,0.952054794520548,0.9553264604810996,0.98,0.9074074074074074,0.9423076923076924,0.972972972972973,0.972972972972973,0.972972972972973,0.9681528662420382,0.9712460063897764,0.9696969696969696,0.0,0.0,0.0,0.9523809523809524,0.9427609427609428,0.9475465313028766
arch_shallow,0.001,21,4,9962.0,2487.0,17.0,6.0,0.0258991370712865,0.2544732023025305,0.9995984742019676,0.9589867310012062,0.858952828277036,0.8479866627084878,0.8528589056142604,0.9587364344848444,2.169368028640747,0.960655737704918,0.9898648648648648,0.9750415973377704,0.9765395894428152,0.9881305637982196,0.9823008849557522,0.9522184300341296,0.9393939393939394,0.9457627118644067,0.9516129032258064,0.9640522875816994,0.9577922077922078,0.9527027027027029,0.9657534246575342,0.9591836734693876,0.9130434782608696,0.7777777777777778,0.84,0.9661016949152542,0.9661016949152542,0.9661016949152542,0.9735099337748344,0.939297124600639,0.9560975609756096,0.0,0.0,0.0,0.94314381270903,0.9494949494949496,0.9463087248322148
arch_shallow,0.001,99,0,9956.0,2493.0,16.0,5.0,0.0004883860619747,0.1575207913965517,0.999799116110888,0.9655034095467308,0.8636647887625142,0.8595062577113677,0.8614880427271944,0.9654215015005612,2.0405619144439697,0.9831649831649832,0.9864864864864864,0.984822934232715,0.9794721407624634,0.9910979228486648,0.9852507374631267,0.9828178694158076,0.959731543624161,0.9711375212224108,0.9552715654952076,0.973941368078176,0.964516129032258,0.9415807560137456,0.9383561643835616,0.9399656946826758,0.903846153846154,0.8545454545454545,0.8785046728971962,0.9832214765100672,0.9898648648648648,0.9865319865319864,0.9712460063897764,0.9681528662420382,0.9696969696969696,0.0,0.0,0.0,0.936026936026936,0.9328859060402684,0.934453781512605
arch_shallow,0.001,99,1,9958.0,2491.0,14.0,3.0,0.0007601379673079,0.2244645590581616,0.9950793331994376,0.95343235648334,0.854493601224236,0.8404588541831222,0.846565337458806,0.9533632350691824,1.7810430526733398,0.9636963696369636,0.9864864864864864,0.9749582637729548,0.982089552238806,0.9762611275964392,0.9791666666666664,0.9248366013071896,0.9496644295302014,0.9370860927152318,0.9320388349514565,0.9381107491856676,0.935064935064935,0.9559322033898304,0.9657534246575342,0.9608177172061328,0.9090909090909092,0.7407407407407407,0.8163265306122449,0.9724137931034482,0.9527027027027029,0.9624573378839592,0.9492063492063492,0.9552715654952076,0.9522292993630572,0.0,0.0,0.0,0.955631399317406,0.9395973154362416,0.9475465313028764
arch_shallow,0.001,99,2,9960.0,2489.0,13.0,2.0,0.0009775120067622,0.1889842074188419,0.9894578313253012,0.9558055443953396,0.8534497655377363,0.8467750540737754,0.8497946166875338,0.9555966551333565,1.662782907485962,0.9603960396039604,0.983108108108108,0.9716193656093488,0.9792899408284024,0.9821958456973294,0.9807407407407408,0.965034965034965,0.9261744966442952,0.9452054794520548,0.9601328903654484,0.9444444444444444,0.9522240527182868,0.933774834437086,0.9657534246575342,0.9494949494949496,0.8775510204081632,0.7962962962962963,0.8349514563106796,0.959731543624161,0.9662162162162162,0.962962962962963,0.9503105590062112,0.977635782747604,0.9637795275590552,0.0,0.0,0.0,0.9482758620689656,0.925925925925926,0.9369676320272572
arch_shallow,0.001,99,3,9960.0,2489.0,18.0,7.0,0.0003193961912965,0.1646118973334437,0.9997991967871486,0.9694656488549618,0.8704721703048337,0.8718899986988854,0.8710735283194948,0.969461578281714,2.292387008666992,0.9668874172185432,0.9864864864864864,0.976588628762542,0.9852507374631267,0.9910979228486648,0.9881656804733728,0.972508591065292,0.9496644295302014,0.9609507640067912,0.9733333333333334,0.954248366013072,0.9636963696369638,0.9471947194719472,0.9828767123287672,0.9647058823529412,0.9454545454545454,0.9629629629629628,0.9541284403669724,0.993127147766323,0.9763513513513512,0.9846678023850084,0.9737704918032788,0.9488817891373802,0.9611650485436892,0.0,0.0,0.0,0.9471947194719472,0.9663299663299664,0.9566666666666668
arch_shallow,0.001,99,4,9962.0,2487.0,14.0,3.0,0.0007067703430092,0.2084276636504361,0.995282071873118,0.9457177322074788,0.8364066734744267,0.8385131237431102,0.8373324005444471,0.9457399545533948,1.7912702560424805,0.9730639730639732,0.9763513513513512,0.9747048903878583,0.9709302325581396,0.9910979228486648,0.9809104258443466,0.9245901639344264,0.9494949494949496,0.9368770764119604,0.9401993355481728,0.9248366013071896,0.9324546952224052,0.9264214046822744,0.9486301369863014,0.937394247038917,0.7678571428571429,0.7962962962962963,0.7818181818181819,0.9656357388316152,0.952542372881356,0.9590443686006824,0.9665551839464884,0.9233226837060704,0.9444444444444444,0.0,0.0,0.0,0.928813559322034,0.9225589225589226,0.9256756756756755
arch_shallow,0.005,42,0,9956.0,2493.0,13.0,2.0,0.0920500321757561,0.8632070181117563,0.9754921655283246,0.9386281588447654,0.826574947731236,0.8346510346476343,0.8293905303023477,0.9384991583406204,1.660383939743042,0.9666666666666668,0.9797297297297296,0.9731543624161074,0.9821428571428572,0.9792284866468842,0.9806835066864784,0.9276315789473684,0.9463087248322148,0.9368770764119602,0.9806201550387597,0.8241042345276873,0.8955752212389381,0.9292929292929292,0.9452054794520548,0.937181663837012,0.703125,0.8181818181818182,0.7563025210084033,0.9666666666666668,0.9797297297297296,0.9731543624161074,0.915915915915916,0.9713375796178344,0.9428129829984544,0.0,0.0,0.0,0.893687707641196,0.9026845637583892,0.8981636060100165
arch_shallow,0.005,42,1,9958.0,2491.0,12.0,1.0,0.1185310912893604,0.7499702989075223,0.962341835709982,0.9373745483741468,0.8333678674564846,0.8331378695306755,0.8325212391448599,0.937147851086055,1.5288281440734863,0.959731543624161,0.9662162162162162,0.962962962962963,0.9380281690140844,0.9881305637982196,0.96242774566474,0.9198717948717948,0.9630872483221476,0.940983606557377,0.9735849056603774,0.8403908794788274,0.902097902097902,0.934931506849315,0.934931506849315,0.934931506849315,0.8,0.8148148148148148,0.8073394495412846,0.978798586572438,0.9358108108108107,0.9568221070811744,0.9493670886075948,0.9584664536741214,0.9538950715421304,0.0,0.0,0.0,0.8793650793650793,0.929530201342282,0.9037520391517128
arch_shallow,0.005,42,2,9960.0,2489.0,12.0,1.0,0.0680050110940125,0.6421560037897425,0.9511044176706828,0.914021695460024,0.8125026899633815,0.8139196948914632,0.8107693721931433,0.9140788270457568,1.5688743591308594,0.9656357388316152,0.9493243243243245,0.9574105621805792,0.9510086455331412,0.9792284866468842,0.9649122807017544,0.9235880398671096,0.9328859060402684,0.9282136894824708,0.965034965034965,0.9019607843137256,0.9324324324324323,0.7702702702702703,0.976027397260274,0.8610271903323262,0.7457627118644068,0.8148148148148148,0.7787610619469028,0.9331103678929766,0.9425675675675677,0.9378151260504204,0.9488054607508531,0.8881789137380192,0.9174917491749174,0.0,0.0,0.0,0.9218106995884774,0.7542087542087542,0.8296296296296296
arch_shallow,0.005,42,3,9960.0,2489.0,11.0,0.0,0.0358916194626607,0.6682151230853521,0.9430722891566266,0.922458818802732,0.8233795977542322,0.803716140392094,0.8101844274903197,0.9213477489302284,1.6833982467651367,0.9656357388316152,0.9493243243243245,0.9574105621805792,0.9649122807017544,0.9792284866468842,0.9720176730486008,0.9565217391304348,0.8859060402684564,0.9198606271777005,0.8858024691358025,0.937908496732026,0.9111111111111112,0.958041958041958,0.9383561643835616,0.9480968858131488,0.8048780487804879,0.6111111111111112,0.6947368421052632,0.8871951219512195,0.983108108108108,0.9326923076923076,0.8402203856749312,0.97444089456869,0.9023668639053254,0.0,0.0,0.0,0.9705882352941176,0.7777777777777778,0.8635514018691589
arch_shallow,0.005,42,4,9962.0,2487.0,14.0,3.0,0.0329916118833743,0.5459067365498443,0.98012447299739,0.9525532770406112,0.8490557038685367,0.8503163451022407,0.8496097192454972,0.9525754905923166,1.953415870666504,0.9633333333333334,0.9763513513513512,0.9697986577181208,0.9822485207100592,0.9851632047477744,0.9837037037037036,0.9174917491749176,0.936026936026936,0.9266666666666666,0.944078947368421,0.937908496732026,0.940983606557377,0.9496644295302014,0.9691780821917808,0.9593220338983052,0.8545454545454545,0.8703703703703703,0.8623853211009175,0.9755244755244756,0.9457627118644067,0.9604130808950088,0.9605263157894736,0.9329073482428116,0.946515397082658,0.0,0.0,0.0,0.94314381270903,0.9494949494949496,0.9463087248322148
arch_shallow,0.005,7,0,9956.0,2493.0,13.0,2.0,0.0275468638704878,0.6267335325912923,0.9777018883085576,0.9438427597272364,0.8357019579324201,0.8386372465141273,0.8370166326132529,0.9439121670923158,1.7285468578338623,0.9794520547945206,0.9662162162162162,0.9727891156462584,0.9820359281437124,0.973293768545994,0.977645305514158,0.9480968858131488,0.9194630872483222,0.9335604770017036,0.9274447949526814,0.9576547231270358,0.9423076923076924,0.9434628975265018,0.9143835616438356,0.9286956521739133,0.7758620689655172,0.8181818181818182,0.7964601769911505,0.9498327759197324,0.9594594594594594,0.9546218487394956,0.9380804953560372,0.964968152866242,0.9513343799058084,0.0,0.0,0.0,0.912751677852349,0.912751677852349,0.912751677852349
arch_shallow,0.005,7,1,9958.0,2491.0,13.0,2.0,0.0555366392879182,0.5677806467509625,0.9845350471982326,0.95383380168607,0.8622162725856851,0.8529197954134897,0.8571767329172278,0.95388283231681,1.678797721862793,0.9830508474576272,0.9797297297297296,0.9813874788494076,0.990990990990991,0.9792284866468842,0.9850746268656716,0.9389830508474576,0.929530201342282,0.9342327150084316,0.946843853820598,0.9283387622149836,0.9375,0.9304635761589404,0.9623287671232876,0.9461279461279462,1.0,0.8888888888888888,0.9411764705882352,0.9829931972789115,0.9763513513513512,0.9796610169491526,0.9285714285714286,0.9552715654952076,0.941732283464567,0.0,0.0,0.0,0.920265780730897,0.929530201342282,0.9248747913188649
arch_shallow,0.005,7,2,9960.0,2489.0,11.0,0.0,0.1395228398973845,0.8207129347700208,0.95070281124498,0.9168340699075934,0.8278923925737578,0.7868125092802603,0.798181352854672,0.9148057121451504,1.4260189533233645,0.9563758389261744,0.9628378378378378,0.9595959595959596,0.9680232558139537,0.9881305637982196,0.9779735682819384,0.9293286219081272,0.8825503355704698,0.9053356282271946,0.9425675675675677,0.9117647058823528,0.9269102990033222,0.9097222222222222,0.8972602739726028,0.9034482758620692,0.925925925925926,0.4629629629629629,0.617283950617284,0.8664688427299704,0.9864864864864864,0.9225908372827804,0.8393351800554016,0.9680511182108626,0.8991097922848664,0.0,0.0,0.0,0.9411764705882352,0.8080808080808081,0.8695652173913043
arch_shallow,0.005,7,3,9960.0,2489.0,11.0,0.0,0.0363850498172896,0.6774439897816683,0.9524096385542168,0.9337083165930092,0.8386156313032499,0.8209269560471848,0.8279375602879286,0.9332484866421396,1.4526331424713137,0.956810631229236,0.972972972972973,0.9648241206030151,0.9760479041916168,0.9673590504451038,0.9716840536512668,0.960144927536232,0.889261744966443,0.9233449477351916,0.9122257053291536,0.9509803921568628,0.9312,0.9133333333333332,0.9383561643835616,0.9256756756756755,0.9047619047619048,0.7037037037037037,0.7916666666666667,0.9470198675496688,0.9662162162162162,0.9565217391304348,0.8746355685131195,0.9584664536741214,0.9146341463414634,0.0,0.0,0.0,0.9411764705882352,0.8619528619528619,0.8998242530755712
arch_shallow,0.005,7,4,9962.0,2487.0,11.0,0.0,0.0646848552998912,0.6611508970394755,0.9405741818911864,0.9155609167671894,0.8155799710553572,0.81079316760796,0.8126130698245889,0.9155992897273374,1.4408581256866455,0.9661016949152542,0.9628378378378378,0.964467005076142,0.9786585365853658,0.9525222551928784,0.9654135338345864,0.8660436137071651,0.936026936026936,0.8996763754045307,0.8727272727272727,0.9411764705882352,0.9056603773584904,0.9273356401384084,0.9178082191780822,0.9225473321858862,0.803921568627451,0.7592592592592593,0.780952380952381,0.971326164874552,0.91864406779661,0.9442508710801394,0.871875,0.8913738019169329,0.8815165876777252,0.0,0.0,0.0,0.8978102189781022,0.8282828282828283,0.8616462346760071
arch_shallow,0.005,13,0,9956.0,2493.0,14.0,3.0,0.0447609895474236,0.7480268778669473,0.9843310566492568,0.9446450060168472,0.8462635707189767,0.8336396628185578,0.838863012541014,0.9444172999847508,1.8474197387695312,0.9272151898734176,0.9898648648648648,0.957516339869281,0.990909090909091,0.9703264094955488,0.9805097451274364,0.9550173010380624,0.9261744966442952,0.9403747870528107,0.9528619528619529,0.9218241042345277,0.9370860927152318,0.9366666666666666,0.9623287671232876,0.9493243243243245,0.8913043478260869,0.7454545454545455,0.8118811881188119,0.9726962457337884,0.9628378378378378,0.967741935483871,0.8859649122807017,0.964968152866242,0.923780487804878,0.0,0.0,0.0,0.95,0.8926174496644296,0.9204152249134948
arch_shallow,0.005,13,1,9958.0,2491.0,11.0,0.0,0.5936649943521451,1.2890495648819915,0.9486844747941354,0.9269369731031716,0.8327998729376069,0.8093768309117293,0.8178984373128497,0.92641882970136,1.4166510105133057,0.9605263157894736,0.9864864864864864,0.9733333333333332,0.9619883040935672,0.9762611275964392,0.9690721649484536,0.9701492537313432,0.87248322147651,0.9187279151943464,0.8779761904761905,0.9609120521172638,0.9175738724727838,0.8536585365853658,0.958904109589041,0.9032258064516128,0.8947368421052632,0.6296296296296297,0.7391304347826088,0.9719298245614036,0.9358108108108107,0.953528399311532,0.956081081081081,0.9041533546325878,0.929392446633826,0.0,0.0,0.0,0.8809523809523809,0.8691275167785235,0.875
arch_shallow,0.005,13,2,9960.0,2489.0,13.0,2.0,0.0551864462224376,0.6555415840998393,0.979016064257028,0.9465648854961832,0.8522364809403997,0.8345527657456451,0.841768184295985,0.9460033197304256,1.6682751178741455,0.9331210191082804,0.9898648648648648,0.960655737704918,0.9709302325581396,0.9910979228486648,0.9809104258443466,0.9401993355481728,0.9496644295302014,0.9449081803005008,0.939799331103679,0.9183006535947712,0.9289256198347108,0.9304635761589404,0.9623287671232876,0.9461279461279462,0.9523809523809524,0.7407407407407407,0.8333333333333334,0.9628378378378378,0.9628378378378378,0.9628378378378378,0.940251572327044,0.9552715654952076,0.94770206022187,0.0,0.0,0.0,0.9523809523809524,0.8754208754208754,0.912280701754386
arch_shallow,0.005,13,3,9960.0,2489.0,13.0,2.0,0.044416183518693,0.7332477393434215,0.985140562248996,0.9489754921655283,0.8433617728739551,0.8379790236999568,0.8404158593966162,0.9488498021830628,1.6559150218963623,0.9663299663299664,0.9695945945945946,0.9679595278246208,0.9821958456973294,0.9821958456973294,0.9821958456973294,0.965034965034965,0.9261744966442952,0.9452054794520548,0.9509803921568628,0.9509803921568628,0.9509803921568628,0.931740614334471,0.934931506849315,0.9333333333333332,0.82,0.7592592592592593,0.7884615384615384,0.9694915254237289,0.9662162162162162,0.9678510998307952,0.9129129129129128,0.9712460063897764,0.9411764705882352,0.0,0.0,0.0,0.934931506849315,0.9191919191919192,0.9269949066213922
arch_shallow,0.005,13,4,9962.0,2487.0,13.0,2.0,0.0230949697827626,0.591866259647581,0.9757076892190324,0.9477281865701648,0.8397639362868696,0.8464563045579461,0.8427288134727062,0.9479248147192292,1.66961407661438,0.959866220735786,0.9695945945945946,0.9647058823529412,0.9848942598187312,0.9673590504451038,0.9760479041916168,0.9425675675675677,0.9393939393939394,0.9409780775716696,0.9528619528619529,0.9248366013071896,0.9386401326699836,0.950877192982456,0.928082191780822,0.9393414211438474,0.7833333333333333,0.8703703703703703,0.8245614035087719,0.9724137931034482,0.9559322033898304,0.964102564102564,0.9423076923076924,0.939297124600639,0.9408,0.0,0.0,0.0,0.9085173501577288,0.9696969696969696,0.9381107491856676
arch_shallow,0.005,21,0,9956.0,2493.0,15.0,4.0,0.0968889028369137,0.6000239370754628,0.9859381277621536,0.9478539911752908,0.8493213642206767,0.8405602880414007,0.8444588559754331,0.9478377975433684,1.956995725631714,0.9964788732394366,0.956081081081081,0.9758620689655172,0.9793510324483776,0.9851632047477744,0.9822485207100592,0.971830985915493,0.9261744966442952,0.9484536082474226,0.9015384615384616,0.9543973941368078,0.9272151898734176,0.929530201342282,0.9486301369863014,0.9389830508474576,0.8979591836734694,0.8,0.8461538461538463,0.9634551495016612,0.9797297297297296,0.9715242881072026,0.927899686520376,0.9426751592356688,0.9352290679304898,0.0,0.0,0.0,0.9251700680272108,0.912751677852349,0.9189189189189187
arch_shallow,0.005,21,1,9958.0,2491.0,11.0,0.0,0.0558015039776843,0.6530128828196375,0.9557139987949388,0.9365716579686872,0.8255195338734502,0.8235311294728185,0.8243656618534742,0.9364724306696838,1.4385757446289062,0.9235668789808916,0.9797297297297296,0.9508196721311476,0.978978978978979,0.9673590504451038,0.973134328358209,0.9479166666666666,0.9161073825503356,0.931740614334471,0.9283387622149836,0.9283387622149836,0.9283387622149836,0.9222972972972971,0.934931506849315,0.9285714285714286,0.7307692307692307,0.7037037037037037,0.7169811320754716,0.9595959595959596,0.9628378378378378,0.9612141652613828,0.9573770491803278,0.9329073482428116,0.9449838187702264,0.0,0.0,0.0,0.9063545150501672,0.9093959731543624,0.9078726968174204
arch_shallow,0.005,21,2,9960.0,2489.0,13.0,2.0,0.0378480530548239,0.7845634868378092,0.9821285140562248,0.9385295299316996,0.8388114091646507,0.8387867824991838,0.8386884064632175,0.938522024024566,1.7136757373809814,0.9722222222222222,0.945945945945946,0.9589041095890412,0.9758308157099698,0.9584569732937686,0.9670658682634732,0.9270833333333334,0.8959731543624161,0.9112627986348124,0.935064935064935,0.9411764705882352,0.9381107491856676,0.9230769230769232,0.9452054794520548,0.934010152284264,0.8703703703703703,0.8703703703703703,0.8703703703703703,0.9253246753246752,0.9628378378378378,0.9437086092715232,0.9371069182389936,0.952076677316294,0.9445324881141044,0.0,0.0,0.0,0.9220338983050848,0.915824915824916,0.918918918918919
arch_shallow,0.005,21,3,9960.0,2489.0,14.0,3.0,0.0727497379842952,0.7604868776717164,0.9800200803212852,0.9469666532744074,0.8441661478369753,0.847043776702128,0.8450973725494139,0.9469277288094492,1.959110736846924,0.9733333333333334,0.9864864864864864,0.9798657718120806,0.9878419452887538,0.9643916913946587,0.975975975975976,0.9331103678929766,0.9362416107382552,0.934673366834171,0.9498327759197324,0.9281045751633988,0.9388429752066116,0.9732824427480916,0.8732876712328768,0.9205776173285198,0.8421052631578947,0.8888888888888888,0.8648648648648649,0.9665551839464884,0.9763513513513512,0.9714285714285714,0.924924924924925,0.9840255591054312,0.953560371517028,0.0,0.0,0.0,0.8906752411575563,0.9326599326599326,0.9111842105263156
arch_shallow,0.005,21,4,9962.0,2487.0,11.0,0.0,0.087325325722591,0.6594009203619915,0.9419795221843004,0.9336550060313632,0.8355480077916532,0.8221317107003223,0.8269277017025871,0.9327147992395036,1.8425021171569824,0.9216300940438872,0.9932432432432432,0.9560975609756096,0.9823008849557522,0.9881305637982196,0.985207100591716,0.903846153846154,0.9494949494949496,0.9261083743842364,0.94314381270903,0.9215686274509804,0.9322314049586776,0.913907284768212,0.9452054794520548,0.9292929292929292,0.8666666666666667,0.7222222222222222,0.7878787878787877,0.971830985915493,0.9355932203389832,0.9533678756476686,0.8888888888888888,0.9712460063897764,0.9282442748091604,0.0,0.0,0.0,0.963265306122449,0.7946127946127947,0.870848708487085
arch_shallow,0.005,99,0,9956.0,2493.0,12.0,1.0,0.0419192113711694,0.5598392371146114,0.9637404580152672,0.932210188527878,0.8279511634666428,0.8199827924528547,0.8224563285918043,0.932360406994366,1.685633897781372,0.9892857142857144,0.9358108108108107,0.9618055555555556,0.9879154078549848,0.9703264094955488,0.9790419161676646,0.9721254355400696,0.9362416107382552,0.9538461538461538,0.929936305732484,0.9511400651465798,0.9404186795491144,0.9836734693877552,0.8253424657534246,0.8975791433891992,0.7647058823529411,0.7090909090909091,0.7358490566037736,0.9233226837060704,0.9763513513513512,0.949096880131363,0.908256880733945,0.945859872611465,0.9266770670826834,0.0,0.0,0.0,0.8202898550724638,0.9496644295302014,0.8802488335925349
arch_shallow,0.005,99,1,9958.0,2491.0,11.0,0.0,0.0694029302278925,0.6904525883410274,0.9245832496485238,0.904456041750301,0.8194676873557913,0.7949958185034042,0.802216216579916,0.9030880501297202,1.5870380401611328,0.9501661129568106,0.9662162162162162,0.9581239530988276,0.9273743016759776,0.9851632047477744,0.9553956834532374,0.9521739130434784,0.7348993288590604,0.8295454545454546,0.7686170212765957,0.9413680781758956,0.8462664714494876,0.8980891719745223,0.9657534246575342,0.9306930693069309,0.902439024390244,0.6851851851851852,0.7789473684210526,0.9342105263157896,0.9594594594594594,0.9466666666666668,0.8865030674846626,0.9233226837060704,0.9045383411580596,0.0,0.0,0.0,0.975103734439834,0.7885906040268457,0.8719851576994435
arch_shallow,0.005,99,2,9960.0,2489.0,15.0,4.0,0.0726837563357806,0.868415305692478,0.9930722891566264,0.94817195660908,0.8450040216934644,0.8420436059010996,0.8432866187214568,0.9480465544361224,2.121612071990967,0.9694915254237289,0.9662162162162162,0.9678510998307952,0.9821428571428572,0.9792284866468842,0.9806835066864784,0.950354609929078,0.8993288590604027,0.9241379310344828,0.945945945945946,0.915032679738562,0.9302325581395348,0.9620689655172414,0.9554794520547946,0.958762886597938,0.8461538461538461,0.8148148148148148,0.830188679245283,0.9471947194719472,0.9695945945945946,0.9582637729549248,0.9129129129129128,0.9712460063897764,0.9411764705882352,0.0,0.0,0.0,0.933774834437086,0.9494949494949496,0.9415692821368948
arch_shallow,0.005,99,3,9960.0,2489.0,15.0,4.0,0.1207625443139685,0.648896430729712,0.9887550200803212,0.9537967055042186,0.8510247721016654,0.8560137119011099,0.8531444119803968,0.9538538435863242,2.448761224746704,0.9540983606557376,0.983108108108108,0.9683860232945092,0.9881305637982196,0.9881305637982196,0.9881305637982196,0.9719298245614036,0.929530201342282,0.9502572898799312,0.9659863945578232,0.9281045751633988,0.9466666666666668,0.94,0.9657534246575342,0.9527027027027024,0.8620689655172413,0.925925925925926,0.8928571428571429,0.9730639730639732,0.9763513513513512,0.9747048903878583,0.959731543624161,0.9137380191693292,0.9361702127659574,0.0,0.0,0.0,0.8952380952380953,0.9494949494949496,0.9215686274509804
arch_shallow,0.005,99,4,9962.0,2487.0,12.0,1.0,0.0491667762138313,0.6689413460315442,0.9657699257177274,0.9296340973059912,0.833297752057222,0.8143141237647974,0.8215775730597323,0.929022719803616,1.6541390419006348,0.9655172413793104,0.945945945945946,0.955631399317406,0.956896551724138,0.9881305637982196,0.9722627737226278,0.9695817490494296,0.8585858585858586,0.9107142857142856,0.8980891719745223,0.9215686274509804,0.9096774193548388,0.9566787003610108,0.9075342465753424,0.9314586994727592,0.8780487804878049,0.6666666666666666,0.7578947368421053,0.8821752265861027,0.9898305084745764,0.9329073482428116,0.925,0.9456869009584664,0.9352290679304897,0.0,0.0,0.0,0.900990099009901,0.9191919191919192,0.91
arch_shallow,0.01,42,0,9956.0,2493.0,16.0,5.0,0.1266595179754912,1.0631366845196133,0.9803133788670148,0.945447252306458,0.8465089835866826,0.8325059495304112,0.8384114248324821,0.945178605467746,2.1334269046783447,0.9789473684210528,0.9425675675675677,0.9604130808950088,0.9851632047477744,0.9851632047477744,0.9851632047477744,0.9311475409836064,0.953020134228188,0.9419568822553896,0.9233226837060704,0.9413680781758956,0.932258064516129,0.9852941176470588,0.9178082191780822,0.950354609929078,0.8888888888888888,0.7272727272727273,0.7999999999999999,0.939102564102564,0.9898648648648648,0.9638157894736844,0.9176829268292684,0.9585987261146496,0.937694704049844,0.0,0.0,0.0,0.9155405405405406,0.9093959731543624,0.9124579124579124
arch_shallow,0.01,42,1,9958.0,2491.0,12.0,1.0,0.1953788505731682,1.1387485711590872,0.9507933319943764,0.9293456443195504,0.835340697722636,0.8261718233035941,0.8294809930685283,0.9288610906711032,1.5542912483215332,0.9627118644067796,0.9594594594594594,0.961082910321489,0.9175824175824177,0.9910979228486648,0.9529243937232524,0.8825396825396825,0.9328859060402684,0.9070146818923328,0.9738805970149254,0.8501628664495114,0.9078260869565218,0.95,0.8458904109589042,0.894927536231884,0.8979591836734694,0.8148148148148148,0.8543689320388349,0.9464882943143812,0.956081081081081,0.9512605042016806,0.940625,0.9616613418530352,0.9510268562401264,0.0,0.0,0.0,0.881619937694704,0.9496644295302014,0.91437802907916
arch_shallow,0.01,42,2,9960.0,2489.0,13.0,2.0,0.1978089649461595,1.1621723139811588,0.9649598393574296,0.928887103254319,0.8199794534332971,0.8106499304216482,0.8142896756395052,0.9285583989112446,1.6741328239440918,0.9923076923076924,0.8716216216216216,0.9280575539568344,0.9734513274336284,0.9792284866468842,0.9763313609467454,0.9129032258064516,0.9496644295302014,0.930921052631579,0.9053627760252366,0.937908496732026,0.9213483146067416,0.9469964664310954,0.9178082191780822,0.9321739130434784,0.723404255319149,0.6296296296296297,0.6732673267326733,0.9283387622149836,0.9628378378378378,0.945273631840796,0.8764705882352941,0.952076677316294,0.9127105666156202,0.0,0.0,0.0,0.9405594405594404,0.9057239057239056,0.9228130360205832
arch_shallow,0.01,42,3,9960.0,2489.0,14.0,3.0,0.194979150637233,1.3077959265079606,0.9775100401606426,0.9497790277219766,0.8565311466379996,0.8297614839700058,0.8398310405544318,0.9490803121943362,1.791494846343994,0.9667774086378738,0.983108108108108,0.9748743718592964,0.9734513274336284,0.9792284866468842,0.9763313609467454,0.9442508710801394,0.9093959731543624,0.9264957264957264,0.929936305732484,0.954248366013072,0.9419354838709678,0.9463087248322148,0.9657534246575342,0.9559322033898304,0.9722222222222222,0.6481481481481481,0.7777777777777778,0.9666666666666668,0.9797297297297296,0.9731543624161074,0.952076677316294,0.952076677316294,0.952076677316294,0.0,0.0,0.0,0.9136212624584718,0.925925925925926,0.919732441471572
arch_shallow,0.01,42,4,9962.0,2487.0,14.0,3.0,0.1638779853902821,0.8602295206480204,0.982332864886569,0.9473260956976276,0.8456212979437812,0.841683516626019,0.8434426420226799,0.9473630639795496,1.7964808940887451,0.9593220338983052,0.956081081081081,0.957698815566836,0.9817073170731708,0.9554896142433236,0.9684210526315788,0.9550173010380624,0.9292929292929292,0.9419795221843004,0.9184952978056428,0.9575163398692812,0.9376,0.952542372881356,0.9623287671232876,0.9574105621805792,0.8627450980392157,0.8148148148148148,0.838095238095238,0.955631399317406,0.9491525423728814,0.9523809523809524,0.9607843137254902,0.939297124600639,0.949919224555735,0.0,0.0,0.0,0.909967845659164,0.9528619528619529,0.930921052631579
arch_shallow,0.01,7,0,9956.0,2493.0,13.0,2.0,0.1874698977596508,1.2816481272483322,0.9703696263559662,0.93822703569996,0.8252852289315908,0.8358214049704357,0.8297360654787909,0.9386869502538416,1.6746129989624023,0.9508196721311476,0.9797297297297296,0.9650582362728783,0.99079754601227,0.9584569732937686,0.9743589743589745,0.915032679738562,0.9395973154362416,0.9271523178807948,0.955631399317406,0.9120521172638436,0.9333333333333332,0.912751677852349,0.9315068493150684,0.9220338983050848,0.696969696969697,0.8363636363636363,0.7603305785123968,0.9645390070921984,0.918918918918919,0.9411764705882352,0.9493670886075948,0.9554140127388536,0.9523809523809524,0.0,0.0,0.0,0.9169435215946844,0.9261744966442952,0.9215358931552587
arch_shallow,0.01,7,1,9958.0,2491.0,16.0,5.0,0.2790892097885088,0.971796944975122,0.9778067885117492,0.9482135688478522,0.8370677712706234,0.8544643874421324,0.8439158693919303,0.948672453641376,2.0674428939819336,0.9763513513513512,0.9763513513513512,0.9763513513513512,0.9908256880733946,0.9614243323442137,0.9759036144578314,0.9344262295081968,0.9563758389261744,0.945273631840796,0.96875,0.9087947882736156,0.93781512605042,0.9571428571428572,0.9178082191780822,0.9370629370629372,0.7323943661971831,0.9629629629629628,0.832,0.9620689655172414,0.9425675675675677,0.9522184300341296,0.9462025316455696,0.9552715654952076,0.9507154213036566,0.0,0.0,0.0,0.9025157232704404,0.9630872483221476,0.931818181818182
arch_shallow,0.01,7,2,9960.0,2489.0,12.0,1.0,0.3350441191926747,1.4400317911835208,0.9471887550200804,0.9276817999196464,0.8320026744519595,0.8067691118669442,0.8159445304931575,0.92667292253086,1.5694677829742432,0.9508196721311476,0.9797297297297296,0.9650582362728783,0.9301675977653632,0.9881305637982196,0.958273381294964,0.9379310344827586,0.912751677852349,0.9251700680272108,0.9166666666666666,0.934640522875817,0.9255663430420712,0.8746081504702194,0.9554794520547946,0.9132569558101472,0.8888888888888888,0.5925925925925926,0.711111111111111,0.9577464788732394,0.918918918918919,0.9379310344827588,0.9320388349514565,0.9201277955271564,0.9260450160771704,0.0,0.0,0.0,0.9311594202898552,0.8653198653198653,0.8970331588132635
arch_shallow,0.01,7,3,9960.0,2489.0,11.0,0.0,0.1558815894603636,1.107611604721639,0.9336345381526104,0.920048212133387,0.8175190398136365,0.8115639679620621,0.8138639070585783,0.9202321678762904,1.517916917800903,0.9784172661870504,0.918918918918919,0.9477351916376306,0.98125,0.9317507418397626,0.9558599695585996,0.9121621621621622,0.906040268456376,0.9090909090909092,0.8785046728971962,0.9215686274509804,0.8995215311004785,0.9555555555555556,0.8835616438356164,0.9181494661921707,0.78,0.7222222222222222,0.7500000000000001,0.9129032258064516,0.956081081081081,0.933993399339934,0.9099378881987578,0.9361022364217252,0.9228346456692912,0.0,0.0,0.0,0.8664596273291926,0.9393939393939394,0.901453957996769
arch_shallow,0.01,7,4,9962.0,2487.0,17.0,6.0,0.1174377690167249,1.214107492679828,0.9865488857659104,0.946119823080016,0.8396260122153647,0.8374047989121001,0.8383822769125722,0.945978778667522,2.2627110481262207,0.9527027027027029,0.9527027027027029,0.9527027027027029,0.981981981981982,0.9703264094955488,0.9761194029850746,0.9281045751633988,0.9562289562289562,0.9419568822553898,0.9466666666666668,0.9281045751633988,0.9372937293729374,0.9261744966442952,0.9452054794520548,0.9355932203389832,0.8076923076923077,0.7777777777777778,0.7924528301886792,0.9602649006622516,0.9830508474576272,0.9715242881072028,0.9525316455696202,0.9616613418530352,0.9570747217806042,0.0,0.0,0.0,0.9401408450704224,0.898989898989899,0.919104991394148
arch_shallow,0.01,13,0,9956.0,2493.0,13.0,2.0,0.167563397831355,1.139307642256269,0.9691643230212936,0.9342158042519052,0.8281720972811781,0.8325545885276913,0.829991415867673,0.9341608206345504,1.7502353191375732,0.9383116883116884,0.9763513513513512,0.956953642384106,0.9879518072289156,0.973293768545994,0.9805680119581464,0.9183006535947712,0.9429530201342282,0.9304635761589404,0.9233333333333332,0.9022801302931596,0.9126853377265238,0.9245901639344264,0.9657534246575342,0.944723618090452,0.7796610169491526,0.8363636363636363,0.8070175438596492,0.9755244755244756,0.9425675675675677,0.9587628865979382,0.90625,0.9235668789808916,0.914826498422713,0.0,0.0,0.0,0.927797833935018,0.8624161073825504,0.893913043478261
arch_shallow,0.01,13,1,9958.0,2491.0,14.0,3.0,0.1270591974927545,0.8865665605502021,0.9703755774251858,0.9425933360096348,0.8490144087607747,0.8283213918281687,0.8365491461942838,0.9421681695866904,1.8522648811340332,0.9509803921568628,0.983108108108108,0.9667774086378736,0.967741935483871,0.9792284866468842,0.9734513274336284,0.9745454545454544,0.8993288590604027,0.9354275741710296,0.934640522875817,0.9315960912052116,0.933115823817292,0.8974358974358975,0.958904109589041,0.9271523178807948,0.95,0.7037037037037037,0.8085106382978724,0.9563758389261744,0.9628378378378378,0.9595959595959596,0.9554140127388536,0.9584664536741214,0.9569377990430622,0.0,0.0,0.0,0.903010033444816,0.906040268456376,0.9045226130653266
arch_shallow,0.01,13,2,9960.0,2489.0,14.0,3.0,0.1606975058517656,0.9685845058544048,0.9730923694779116,0.9433507432703896,0.8273084867027902,0.8441265319891947,0.8333819757609922,0.943754997928091,1.8229238986968992,0.9693877551020408,0.9628378378378378,0.9661016949152542,0.996996996996997,0.9851632047477744,0.9910447761194028,0.938566552901024,0.9228187919463088,0.9306260575296108,0.981060606060606,0.8464052287581699,0.9087719298245616,0.9328859060402684,0.952054794520548,0.9423728813559324,0.6575342465753424,0.8888888888888888,0.7559055118110236,0.9260450160771704,0.972972972972973,0.9489291598023064,0.9475308641975309,0.9808306709265175,0.9638932496075352,0.0,0.0,0.0,0.9230769230769232,0.9292929292929292,0.9261744966442952
arch_shallow,0.01,13,3,9960.0,2489.0,13.0,2.0,0.2055366249046364,1.1930441014145992,0.9625502008032129,0.9196464443551629,0.8315186205930509,0.8024000086932258,0.8126981272235982,0.9192714047369748,1.6661620140075684,0.9407894736842104,0.9662162162162162,0.9533333333333333,0.9567901234567902,0.9198813056379822,0.9379727685325264,0.925925925925926,0.9228187919463088,0.9243697478991596,0.9746376811594204,0.8790849673202614,0.9243986254295532,0.9,0.9246575342465754,0.9121621621621622,0.9428571428571428,0.6111111111111112,0.7415730337078652,0.9527027027027029,0.9527027027027029,0.9527027027027029,0.835195530726257,0.9552715654952076,0.8912071535022354,0.0,0.0,0.0,0.8862876254180602,0.8922558922558923,0.8892617449664428
arch_shallow,0.01,13,4,9962.0,2487.0,13.0,2.0,0.2077318039891312,1.1547217900833937,0.9658703071672357,0.9324487334137516,0.8138101324001907,0.8199619312742328,0.8163010197966996,0.9329275200501136,1.6772480010986328,0.934640522875817,0.9662162162162162,0.9501661129568106,0.9821958456973294,0.9821958456973294,0.9821958456973294,0.924092409240924,0.9427609427609428,0.9333333333333332,0.9105431309904152,0.931372549019608,0.9208400646203554,0.9217687074829932,0.928082191780822,0.924914675767918,0.6129032258064516,0.7037037037037037,0.6551724137931035,0.9816849816849816,0.9084745762711864,0.943661971830986,0.956081081081081,0.9041533546325878,0.929392446633826,0.0,0.0,0.0,0.9141914191419142,0.9326599326599326,0.9233333333333332
arch_shallow,0.01,21,0,9956.0,2493.0,15.0,4.0,0.223405678704036,1.0031128935302935,0.9815186822016876,0.9490573606097072,0.8442019030472663,0.8460070192976689,0.844915663065082,0.9490117798167076,1.9280591011047363,0.9732441471571908,0.983108108108108,0.9781512605042018,0.967930029154519,0.9851632047477744,0.9764705882352942,0.9786476868327402,0.9228187919463088,0.9499136442141622,0.917981072555205,0.9478827361563518,0.9326923076923076,0.9419795221843004,0.9452054794520548,0.9435897435897436,0.8245614035087719,0.8545454545454545,0.8392857142857144,0.9664429530201344,0.972972972972973,0.9696969696969696,0.9341692789968652,0.9490445859872612,0.9415481832543444,0.0,0.0,0.0,0.9370629370629372,0.8993288590604027,0.9178082191780822
arch_shallow,0.01,21,1,9958.0,2491.0,13.0,2.0,0.1504295275679891,1.0531741679343136,0.9713797951395864,0.9381774387796066,0.8351605071853623,0.8189241852611723,0.8255123411396511,0.9376800731735442,1.667514085769653,0.9698996655518396,0.9797297297297296,0.9747899159663864,0.975609756097561,0.9495548961424332,0.962406015037594,0.9108910891089108,0.9261744966442952,0.91846921797005,0.8929663608562691,0.9511400651465798,0.9211356466876972,0.9381443298969072,0.934931506849315,0.9365351629502574,0.8292682926829268,0.6296296296296297,0.7157894736842105,0.9531772575250836,0.9628378378378378,0.9579831932773112,0.9305993690851736,0.9424920127795527,0.9365079365079364,0.0,0.0,0.0,0.951048951048951,0.912751677852349,0.9315068493150686
arch_shallow,0.01,21,2,9960.0,2489.0,13.0,2.0,0.1664685829487537,1.232064178996982,0.9691767068273092,0.9329047810365608,0.8410907053609742,0.8250286605729164,0.8316075186410272,0.9325476904471004,1.772934913635254,0.9383116883116884,0.9763513513513512,0.956953642384106,0.9877675840978594,0.9584569732937686,0.9728915662650602,0.9455782312925172,0.9328859060402684,0.9391891891891893,0.919093851132686,0.9281045751633988,0.9235772357723576,0.889967637540453,0.9417808219178082,0.9151414309484192,0.9534883720930232,0.7592592592592593,0.845360824742268,0.9278688524590164,0.956081081081081,0.9417637271214642,0.922360248447205,0.9488817891373802,0.9354330708661418,0.0,0.0,0.0,0.9264705882352942,0.8484848484848485,0.8857644991212654
arch_shallow,0.01,21,3,9960.0,2489.0,16.0,5.0,0.1283550171179081,1.07558285633464,0.9835341365461848,0.9517878666130976,0.8459683809965066,0.848140222091293,0.8468757775875326,0.9518610163315536,2.136631965637207,0.972972972972973,0.972972972972973,0.972972972972973,0.993975903614458,0.9792284866468842,0.9865470852017936,0.9311475409836064,0.953020134228188,0.9419568822553896,0.9473684210526316,0.9411764705882352,0.9442622950819672,0.9375,0.976027397260274,0.9563758389261744,0.8214285714285714,0.8518518518518519,0.8363636363636364,0.9859649122807016,0.9493243243243245,0.9672977624784852,0.9254658385093169,0.952076677316294,0.9385826771653544,0.0,0.0,0.0,0.9438596491228072,0.9057239057239056,0.9243986254295532
arch_shallow,0.01,21,4,9962.0,2487.0,22.0,11.0,0.081381872057522,1.074505043763356,0.9917687211403332,0.958182549256132,0.8602082533108082,0.8503511464368249,0.8548096368135376,0.9580526457053592,2.8885810375213623,0.9702970297029704,0.9932432432432432,0.9816360601001668,0.991044776119403,0.9851632047477744,0.988095238095238,0.9496644295302014,0.9528619528619529,0.9512605042016806,0.9444444444444444,0.9444444444444444,0.9444444444444444,0.9401993355481728,0.9691780821917808,0.954468802698145,0.9361702127659576,0.8148148148148148,0.8712871287128713,0.9930795847750864,0.9728813559322034,0.9828767123287672,0.9554140127388536,0.9584664536741214,0.9569377990430622,0.0,0.0,0.0,0.9217687074829932,0.9124579124579124,0.9170896785109984
arch_shallow,0.01,99,0,9956.0,2493.0,13.0,2.0,0.1825440246941539,0.9612641691274753,0.9636400160707111,0.9342158042519052,0.8297752246952556,0.8250514270600959,0.8270511786980871,0.9338142066624064,1.746438980102539,0.9572368421052632,0.983108108108108,0.97,0.9663608562691132,0.9376854599406528,0.9518072289156626,0.9355932203389832,0.9261744966442952,0.9308600337268128,0.9125,0.9511400651465798,0.9314194577352471,0.9309090909090908,0.8767123287671232,0.9029982363315696,0.803921568627451,0.7454545454545455,0.7735849056603775,0.956953642384106,0.9763513513513512,0.9665551839464884,0.9242424242424242,0.9713375796178344,0.9472049689440994,0.0,0.0,0.0,0.9100346020761244,0.8825503355704698,0.8960817717206132
arch_shallow,0.01,99,1,9958.0,2491.0,14.0,3.0,0.205473137273866,1.189399120552896,0.9669612371962242,0.93014853472501,0.8234654191279734,0.8185265781763453,0.8205700221851874,0.9300851358698836,1.9126038551330569,0.9572368421052632,0.983108108108108,0.97,0.9787234042553192,0.9554896142433236,0.9669669669669668,0.9228187919463088,0.9228187919463088,0.9228187919463088,0.8892405063291139,0.9153094462540716,0.9020866773675762,0.974169741697417,0.9041095890410958,0.9378330373001776,0.76,0.7037037037037037,0.7307692307692308,0.959866220735786,0.9695945945945946,0.9647058823529412,0.9144736842105264,0.8881789137380192,0.9011345218800648,0.0,0.0,0.0,0.878125,0.9429530201342282,0.9093851132686084
arch_shallow,0.01,99,2,9960.0,2489.0,14.0,3.0,0.1416976973149137,1.0930138490625114,0.9724899598393574,0.9341100843712334,0.8318367785020936,0.8227920756527022,0.8267384829088751,0.9338819347084676,1.9790117740631104,0.9628378378378378,0.9628378378378378,0.9628378378378378,0.9879154078549848,0.9703264094955488,0.9790419161676646,0.946236559139785,0.8859060402684564,0.9150779896013864,0.9073482428115016,0.9281045751633988,0.9176090468497576,0.9379310344827586,0.9315068493150684,0.9347079037800688,0.8297872340425532,0.7222222222222222,0.7722772277227723,0.9342105263157896,0.9594594594594594,0.9466666666666668,0.9090909090909092,0.9584664536741214,0.9331259720062208,0.0,0.0,0.0,0.903010033444816,0.9090909090909092,0.906040268456376
arch_shallow,0.01,99,3,9960.0,2489.0,14.0,3.0,0.1802618571566172,0.8532196029897146,0.9592369477911646,0.939333065488148,0.8359503578135582,0.8435268191809167,0.8391794669849585,0.9395000595996302,1.8373899459838867,0.959731543624161,0.9662162162162162,0.962962962962963,0.9823008849557522,0.9881305637982196,0.985207100591716,0.960431654676259,0.8959731543624161,0.9270833333333334,0.9285714285714286,0.934640522875817,0.9315960912052116,0.9265734265734266,0.9075342465753424,0.916955017301038,0.819672131147541,0.925925925925926,0.8695652173913043,0.975438596491228,0.9391891891891893,0.9569707401032702,0.9345794392523364,0.9584664536741214,0.946372239747634,0.0,0.0,0.0,0.8722044728434505,0.9191919191919192,0.8950819672131148
arch_shallow,0.01,99,4,9962.0,2487.0,13.0,2.0,0.1219059454736054,1.1298644839691545,0.9597470387472395,0.917169280257338,0.8104359426064318,0.8084948565120695,0.8079312707007521,0.9163792427358616,1.676231861114502,0.90625,0.9797297297297296,0.9415584415584416,0.9821428571428572,0.9792284866468842,0.9806835066864784,0.9540636042402828,0.9090909090909092,0.9310344827586208,0.9117647058823528,0.9117647058823528,0.9117647058823528,0.8442367601246106,0.928082191780822,0.8841761827079935,0.7222222222222222,0.7222222222222222,0.7222222222222222,0.9517241379310344,0.9355932203389832,0.9435897435897436,0.8905325443786982,0.9616613418530352,0.9247311827956988,0.0,0.0,0.0,0.9414225941422594,0.7575757575757576,0.8395522388059701
arch_base,0.0001,42,0,9956.0,2493.0,25.0,14.0,0.0078319175542005,0.1937921852174929,0.9943752511048614,0.9558764540714,0.8517141198760451,0.8518012168787606,0.8516244016473762,0.9557791435949826,3.642864942550659,0.9697986577181208,0.9763513513513512,0.9730639730639732,0.9821958456973294,0.9821958456973294,0.9821958456973294,0.935483870967742,0.9731543624161074,0.9539473684210528,0.9623287671232876,0.9153094462540716,0.9382303839732888,0.9362416107382552,0.9554794520547946,0.9457627118644067,0.8545454545454545,0.8545454545454545,0.8545454545454545,0.9666666666666668,0.9797297297297296,0.9731543624161074,0.961783439490446,0.961783439490446,0.961783439490446,0.0,0.0,0.0,0.9480968858131488,0.9194630872483222,0.9335604770017036
arch_base,0.0001,42,1,9958.0,2491.0,24.0,13.0,0.0085007865313067,0.2372171434396764,0.9935730066278368,0.9530309112806102,0.8501089933229344,0.8473932314692958,0.84868624730095,0.9529265186635272,3.488881826400757,0.9696969696969696,0.972972972972973,0.9713322091062394,0.9822485207100592,0.9851632047477744,0.9837037037037036,0.9427609427609428,0.9395973154362416,0.9411764705882352,0.9478827361563518,0.9478827361563518,0.9478827361563518,0.9379310344827586,0.9315068493150684,0.9347079037800688,0.8653846153846154,0.8333333333333334,0.8490566037735849,0.9629629629629628,0.9662162162162162,0.9645868465430018,0.9472049689440992,0.97444089456869,0.9606299212598424,0.0,0.0,0.0,0.9450171821305842,0.9228187919463088,0.933786078098472
arch_base,0.0001,42,2,9960.0,2489.0,29.0,18.0,0.0042789543612023,0.1827821022431868,0.9977911646586344,0.9529931699477702,0.854008338037015,0.8431416015974665,0.8479542393071362,0.9528402088656795,4.243321180343628,0.976510067114094,0.983108108108108,0.9797979797979798,0.9880597014925372,0.9821958456973294,0.9851190476190476,0.9471947194719472,0.9630872483221476,0.9550748752079866,0.9607843137254902,0.9607843137254902,0.9607843137254902,0.9328859060402684,0.952054794520548,0.9423728813559324,0.9130434782608696,0.7777777777777778,0.84,0.9593220338983052,0.956081081081081,0.957698815566836,0.9534883720930232,0.9169329073482428,0.9348534201954398,0.0,0.0,0.0,0.9087947882736156,0.9393939393939394,0.9238410596026492
arch_base,0.0001,42,3,9960.0,2489.0,26.0,15.0,0.0058293951774834,0.201398064544082,0.9966867469879518,0.9541984732824428,0.8567816425419676,0.8439329613904711,0.8495709649192043,0.9539525624283844,3.791344165802002,0.9665551839464884,0.9763513513513512,0.9714285714285714,0.9793510324483776,0.9851632047477744,0.9822485207100592,0.934931506849315,0.9161073825503356,0.9254237288135592,0.921875,0.9640522875816994,0.9424920127795526,0.95578231292517,0.9623287671232876,0.9590443686006824,0.9333333333333332,0.7777777777777778,0.8484848484848485,0.9633333333333334,0.9763513513513512,0.9697986577181208,0.9676375404530744,0.9552715654952076,0.9614147909967844,0.0,0.0,0.0,0.9450171821305842,0.925925925925926,0.935374149659864
arch_base,0.0001,42,4,9962.0,2487.0,29.0,18.0,0.0041908794265442,0.1795201276926286,0.9982935153583616,0.95416164053076,0.8515859262584445,0.85002566697843,0.850747292552849,0.9541509307403108,4.234832048416138,0.9761092150170648,0.9662162162162162,0.9711375212224108,0.9794117647058824,0.9881305637982196,0.983751846381093,0.9550173010380624,0.9292929292929292,0.9419795221843004,0.9290322580645162,0.9411764705882352,0.9350649350649352,0.9455782312925172,0.952054794520548,0.9488054607508534,0.8679245283018868,0.8518518518518519,0.8598130841121496,0.9793103448275862,0.9627118644067796,0.9709401709401708,0.9424920127795527,0.9424920127795527,0.9424920127795527,0.0,0.0,0.0,0.940983606557377,0.9663299663299664,0.9534883720930232
arch_base,0.0001,7,0,9956.0,2493.0,27.0,16.0,0.0051858990451033,0.1894777357192171,0.9972880674969868,0.95146409947854,0.8473042452783217,0.8435687921820577,0.8453438151985576,0.9513512729658528,3.933737277984619,0.9697986577181208,0.9763513513513512,0.9730639730639732,0.9706744868035192,0.9821958456973294,0.9764011799410032,0.9464882943143812,0.9496644295302014,0.948073701842546,0.9503311258278144,0.9348534201954396,0.942528735632184,0.9261744966442952,0.9452054794520548,0.9355932203389832,0.8461538461538461,0.8,0.8224299065420562,0.9627118644067796,0.9594594594594594,0.961082910321489,0.9587301587301588,0.961783439490446,0.9602543720190778,0.0,0.0,0.0,0.9419795221843004,0.9261744966442952,0.934010152284264
arch_base,0.0001,7,1,9958.0,2491.0,31.0,20.0,0.0030122783103663,0.1483116354080893,0.9994978911427996,0.9602569249297472,0.8637951036938517,0.8551550391820095,0.859133291018584,0.960174483395023,4.591665029525757,0.9667774086378738,0.983108108108108,0.9748743718592964,0.988095238095238,0.9851632047477744,0.986627043090639,0.943894389438944,0.959731543624161,0.951747088186356,0.9501661129568106,0.9315960912052116,0.9407894736842104,0.9493243243243245,0.9623287671232876,0.95578231292517,0.9583333333333334,0.8518518518518519,0.9019607843137256,0.9829931972789115,0.9763513513513512,0.9796610169491526,0.9554140127388536,0.9584664536741214,0.9569377990430622,0.0,0.0,0.0,0.9429530201342282,0.9429530201342282,0.9429530201342282
arch_base,0.0001,7,2,9960.0,2489.0,28.0,17.0,0.0041630864504859,0.2189681182326635,0.9981927710843372,0.9489754921655283,0.8466943376527061,0.8335265476809164,0.839200606398537,0.9485529685328944,4.107641935348511,0.9664429530201344,0.972972972972973,0.9696969696969696,0.9794117647058824,0.9881305637982196,0.983751846381093,0.9595959595959596,0.9563758389261744,0.957983193277311,0.944078947368421,0.937908496732026,0.940983606557377,0.9517241379310344,0.9452054794520548,0.9484536082474228,0.8636363636363636,0.7037037037037037,0.7755102040816326,0.9539473684210528,0.9797297297297296,0.9666666666666666,0.911042944785276,0.9488817891373802,0.9295774647887324,0.0,0.0,0.0,0.9370629370629372,0.9023569023569024,0.9193825042881648
arch_base,0.0001,7,3,9960.0,2489.0,26.0,15.0,0.0065975648853202,0.209290376993168,0.9957831325301204,0.952189634391322,0.8443980302663909,0.8409731607886478,0.8425614885512397,0.9520706512927692,3.809367656707764,0.956953642384106,0.9763513513513512,0.9665551839464884,0.9763313609467456,0.9792284866468842,0.9777777777777776,0.9463087248322148,0.9463087248322148,0.9463087248322148,0.9536423841059604,0.9411764705882352,0.9473684210526316,0.9488054607508531,0.952054794520548,0.9504273504273504,0.803921568627451,0.7592592592592593,0.780952380952381,0.9662162162162162,0.9662162162162162,0.9662162162162162,0.9636963696369636,0.9329073482428116,0.948051948051948,0.0,0.0,0.0,0.9281045751633988,0.9562289562289562,0.9419568822553898
arch_base,0.0001,7,4,9962.0,2487.0,27.0,16.0,0.0060467760877515,0.2119526514655575,0.996888175065248,0.9473260956976276,0.8385717570261247,0.8429500517324338,0.8405640615675136,0.9475998444143676,4.110351800918579,0.9695945945945946,0.9695945945945946,0.9695945945945946,0.9939024390243902,0.9673590504451038,0.9804511278195488,0.905844155844156,0.9393939393939394,0.922314049586777,0.9446254071661238,0.9477124183006536,0.9461663947797716,0.9543859649122808,0.9315068493150684,0.9428076256499132,0.7758620689655172,0.8333333333333334,0.8035714285714286,0.9620689655172414,0.9457627118644067,0.953846153846154,0.964401294498382,0.952076677316294,0.9581993569131834,0.0,0.0,0.0,0.915032679738562,0.9427609427609428,0.9286898839137644
arch_base,0.0001,13,0,9956.0,2493.0,26.0,15.0,0.00739162672223,0.2321868543379124,0.9959823222177582,0.9486562374649016,0.8424222854916291,0.8459598748235868,0.8440423205446317,0.9487242048181131,3.782737016677856,0.9534883720930232,0.9695945945945946,0.9614740368509214,0.982089552238806,0.9762611275964392,0.9791666666666664,0.9218241042345277,0.9496644295302014,0.9355371900826446,0.9281045751633988,0.9250814332247556,0.9265905383360524,0.9433333333333334,0.9691780821917808,0.9560810810810813,0.8103448275862069,0.8545454545454545,0.831858407079646,0.986206896551724,0.9662162162162162,0.9761092150170648,0.9576547231270358,0.9363057324840764,0.9468599033816424,0.0,0.0,0.0,0.9411764705882352,0.912751677852349,0.9267461669505962
arch_base,0.0001,13,1,9958.0,2491.0,27.0,16.0,0.005186826784418,0.2097980119222134,0.9968869250853584,0.951023685266961,0.847671349834501,0.8413860406400273,0.8443120786198905,0.9509028245236232,3.919624090194702,0.9700996677740864,0.9864864864864864,0.9782244556113904,0.9850299401197604,0.9762611275964392,0.9806259314456036,0.9559322033898304,0.9463087248322148,0.951096121416526,0.9473684210526316,0.9381107491856676,0.9427168576104746,0.931740614334471,0.934931506849315,0.9333333333333332,0.8571428571428571,0.7777777777777778,0.8155339805825242,0.956081081081081,0.956081081081081,0.956081081081081,0.9555555555555556,0.9616613418530352,0.9585987261146496,0.0,0.0,0.0,0.9177631578947368,0.9362416107382552,0.9269102990033224
arch_base,0.0001,13,2,9960.0,2489.0,33.0,22.0,0.0023572195228149,0.1782113635702565,0.99929718875502,0.9550020088388912,0.8503615118746731,0.8491457313714756,0.8497093828076231,0.9549849764206988,4.800245761871338,0.972972972972973,0.972972972972973,0.972972972972973,0.994011976047904,0.9851632047477744,0.9895678092399404,0.9486301369863014,0.929530201342282,0.9389830508474576,0.9501661129568106,0.934640522875817,0.942339373970346,0.9455782312925172,0.952054794520548,0.9488054607508534,0.8490566037735849,0.8333333333333334,0.8411214953271028,0.959731543624161,0.9662162162162162,0.962962962962963,0.9558359621451104,0.9680511182108626,0.961904761904762,0.0,0.0,0.0,0.9276315789473684,0.9494949494949496,0.9384359400998336
arch_base,0.0001,13,3,9960.0,2489.0,28.0,17.0,0.0046360730667377,0.2107910407818382,0.9974899598393574,0.9497790277219766,0.8473648799333706,0.8433163661752167,0.8452367888070726,0.94974874999064,4.118167877197266,0.9793103448275862,0.9594594594594594,0.969283276450512,0.9792284866468842,0.9792284866468842,0.9792284866468842,0.952054794520548,0.9328859060402684,0.9423728813559324,0.9449838187702264,0.954248366013072,0.9495934959349592,0.9225589225589226,0.9383561643835616,0.930390492359932,0.8627450980392157,0.8148148148148148,0.838095238095238,0.9696969696969696,0.972972972972973,0.9713322091062394,0.940251572327044,0.9552715654952076,0.94770206022187,0.0,0.0,0.0,0.9228187919463088,0.925925925925926,0.9243697478991596
arch_base,0.0001,13,4,9962.0,2487.0,23.0,12.0,0.0100194633652591,0.2209161084919352,0.9914675767918087,0.9533574587856856,0.8463371378955875,0.8446338453648645,0.8454179104892084,0.9532633896578347,3.358383893966675,0.9658703071672357,0.956081081081081,0.9609507640067912,0.9626436781609196,0.9940652818991098,0.978102189781022,0.9587628865979382,0.9393939393939394,0.9489795918367346,0.9536423841059604,0.9411764705882352,0.9473684210526316,0.958041958041958,0.9383561643835616,0.9480968858131488,0.8113207547169812,0.7962962962962963,0.8037383177570094,0.9628378378378378,0.9661016949152542,0.964467005076142,0.940251572327044,0.9552715654952076,0.94770206022187,0.0,0.0,0.0,0.95,0.9595959595959596,0.9547738693467336
arch_base,0.0001,21,0,9956.0,2493.0,31.0,20.0,0.0030143594456968,0.1588273539390454,0.9988951386098834,0.9578820697954272,0.8598187236788721,0.8474072534881767,0.8529122105983398,0.9577053394484324,4.541006088256836,0.97,0.983108108108108,0.976510067114094,0.9792899408284024,0.9821958456973294,0.9807407407407408,0.9533333333333334,0.959731543624161,0.9565217391304348,0.9668874172185432,0.9511400651465798,0.9589490968801314,0.9389830508474576,0.9486301369863014,0.9437819420783646,0.9347826086956522,0.7818181818181819,0.8514851485148516,0.9663299663299664,0.9695945945945946,0.9679595278246208,0.9680511182108626,0.964968152866242,0.9665071770334928,0.0,0.0,0.0,0.9205298013245032,0.9328859060402684,0.9266666666666667
arch_base,0.0001,21,1,9958.0,2491.0,26.0,15.0,0.0065156524015768,0.2102782474351012,0.9960835509138382,0.9554395824969892,0.8484478244008038,0.8433358682082617,0.845718933810403,0.955256726148175,4.063246965408325,0.9533333333333334,0.9662162162162162,0.9597315436241612,0.9736842105263158,0.9881305637982196,0.9808541973490428,0.9586206896551724,0.9328859060402684,0.9455782312925172,0.9543973941368078,0.9543973941368078,0.9543973941368078,0.9683098591549296,0.9417808219178082,0.954861111111111,0.82,0.7592592592592593,0.7884615384615384,0.9632107023411371,0.972972972972973,0.9680672268907564,0.9558359621451104,0.9680511182108626,0.961904761904762,0.0,0.0,0.0,0.9370860927152318,0.9496644295302014,0.9433333333333332
arch_base,0.0001,21,2,9960.0,2489.0,27.0,16.0,0.0053741595233261,0.2281099446825775,0.9971887550200804,0.943752511048614,0.8404828767376491,0.8355633072059737,0.8378316038400812,0.9436697938433224,4.165493726730347,0.9661016949152542,0.9628378378378378,0.964467005076142,0.9673590504451038,0.9673590504451038,0.9673590504451038,0.9455782312925172,0.9328859060402684,0.9391891891891893,0.9477124183006536,0.9477124183006536,0.9477124183006536,0.9078947368421052,0.9452054794520548,0.9261744966442952,0.84,0.7777777777777778,0.8076923076923077,0.9470198675496688,0.9662162162162162,0.9565217391304348,0.9572368421052632,0.9297124600638976,0.9432739059967586,0.0,0.0,0.0,0.925925925925926,0.925925925925926,0.925925925925926
arch_base,0.0001,21,3,9960.0,2489.0,30.0,19.0,0.0035721163590405,0.1893730921492217,0.9987951807228916,0.9578143832864604,0.8585299711761927,0.8516736632579057,0.8548618697212882,0.957743879000894,4.46750283241272,0.9732441471571908,0.983108108108108,0.9781512605042018,0.984984984984985,0.973293768545994,0.9791044776119404,0.9281045751633988,0.953020134228188,0.9403973509933774,0.946843853820598,0.931372549019608,0.9390444810543658,0.9587628865979382,0.9554794520547946,0.9571183533447684,0.9183673469387756,0.8333333333333334,0.8737864077669903,0.9694915254237289,0.9662162162162162,0.9678510998307952,0.9558359621451104,0.9680511182108626,0.961904761904762,0.0,0.0,0.0,0.9496644295302014,0.9528619528619529,0.9512605042016806
arch_base,0.0001,21,4,9962.0,2487.0,29.0,18.0,0.0044774510050227,0.1633032897346496,0.9979923710098374,0.9585846401286692,0.8511148909975146,0.8474902580338723,0.8492218671275694,0.9584457667445708,4.307416200637817,0.9667774086378738,0.983108108108108,0.9748743718592964,0.9852507374631267,0.9910979228486648,0.9881656804733728,0.94314381270903,0.9494949494949496,0.9463087248322148,0.9475409836065574,0.9444444444444444,0.9459901800327332,0.9584775086505192,0.9486301369863014,0.953528399311532,0.8235294117647058,0.7777777777777778,0.7999999999999999,0.9696969696969696,0.976271186440678,0.9729729729729728,0.971153846153846,0.9680511182108626,0.9696,0.0,0.0,0.0,0.9455782312925172,0.936026936026936,0.9407783417935704
arch_base,0.0001,99,0,9956.0,2493.0,25.0,14.0,0.0079740741971256,0.1975624430341424,0.9944756930494174,0.9562775772162052,0.8542138524351446,0.8475026956135864,0.8506194939769045,0.9561540009550068,3.679702043533325,0.9700996677740864,0.9864864864864864,0.9782244556113904,0.9763313609467456,0.9792284866468842,0.9777777777777776,0.9726027397260274,0.953020134228188,0.9627118644067796,0.9483870967741936,0.9576547231270358,0.9529983792544572,0.951219512195122,0.934931506849315,0.9430051813471502,0.88,0.8,0.8380952380952381,0.976027397260274,0.9628378378378378,0.9693877551020408,0.9472049689440992,0.9713375796178344,0.959119496855346,0.0,0.0,0.0,0.920265780730897,0.929530201342282,0.9248747913188649
arch_base,0.0001,99,1,9958.0,2491.0,27.0,16.0,0.0061089401172758,0.2201279217025084,0.9967865033139184,0.9530309112806102,0.8517608413511526,0.8461852666483161,0.8487659721357994,0.95305401606932,3.956316947937012,0.9830508474576272,0.9797297297297296,0.9813874788494076,0.9791044776119404,0.973293768545994,0.9761904761904762,0.9006410256410257,0.9429530201342282,0.9213114754098362,0.956953642384106,0.9413680781758956,0.949096880131363,0.955631399317406,0.958904109589041,0.9572649572649572,0.88,0.8148148148148148,0.8461538461538461,0.972508591065292,0.956081081081081,0.9642248722316864,0.9375,0.9584664536741214,0.9478672985781992,0.0,0.0,0.0,0.9522184300341296,0.9362416107382552,0.9441624365482232
arch_base,0.0001,99,2,9960.0,2489.0,27.0,16.0,0.0057196211941094,0.2057353568072498,0.9967871485943776,0.950582563278425,0.8535686721948033,0.8379817357774652,0.844576550571136,0.9502765261116632,3.968284130096435,0.959866220735786,0.9695945945945946,0.9647058823529412,0.990990990990991,0.9792284866468842,0.9850746268656716,0.9479166666666666,0.9161073825503356,0.931740614334471,0.9501661129568106,0.934640522875817,0.942339373970346,0.955631399317406,0.958904109589041,0.9572649572649572,0.9302325581395348,0.7407407407407407,0.8247422680412371,0.932258064516129,0.9763513513513512,0.9537953795379538,0.9292307692307692,0.9648562300319488,0.9467084639498432,0.0,0.0,0.0,0.9393939393939394,0.9393939393939394,0.9393939393939394
arch_base,0.0001,99,3,9960.0,2489.0,29.0,18.0,0.0036553431997946,0.1634995714896535,0.998694779116466,0.9626355966251506,0.8621265707421515,0.8661930482436266,0.864044780203771,0.9626227101955256,4.29501485824585,0.9633333333333334,0.9763513513513512,0.9697986577181208,0.9793510324483776,0.9851632047477744,0.9822485207100592,0.9522184300341296,0.9362416107382552,0.9441624365482232,0.9601328903654484,0.9444444444444444,0.9522240527182868,0.95,0.976027397260274,0.9628378378378378,0.912280701754386,0.9629629629629628,0.9369369369369368,0.986206896551724,0.9662162162162162,0.9761092150170648,0.9616613418530352,0.9616613418530352,0.9616613418530352,0.0,0.0,0.0,0.956081081081081,0.9528619528619529,0.9544688026981448
arch_base,0.0001,99,4,9962.0,2487.0,27.0,16.0,0.0048709250151642,0.1971943127400973,0.9964866492672154,0.9469240048250904,0.842390862074166,0.8424597729330452,0.8424070157476965,0.946894081762068,4.002110242843628,0.9566666666666668,0.9695945945945946,0.9630872483221476,0.9852507374631267,0.9910979228486648,0.9881656804733728,0.9395973154362416,0.9427609427609428,0.9411764705882352,0.9342105263157896,0.9281045751633988,0.9311475409836064,0.928813559322034,0.9383561643835616,0.9335604770017036,0.8333333333333334,0.8333333333333334,0.8333333333333334,0.9625850340136054,0.9593220338983052,0.9609507640067912,0.9543973941368078,0.9361022364217252,0.9451612903225806,0.0,0.0,0.0,0.929054054054054,0.925925925925926,0.927487352445194
arch_base,0.0005,42,0,9956.0,2493.0,15.0,4.0,0.0006964960951632,0.2142123077172725,0.9961832061068704,0.9554753309265944,0.8508477513792518,0.8528338434661675,0.8515230035145936,0.9553429370795116,2.230532169342041,0.9698996655518396,0.9797297297297296,0.9747899159663864,0.9653179190751444,0.9910979228486648,0.9780380673499268,0.9290322580645162,0.9664429530201344,0.9473684210526316,0.9820143884892086,0.8892508143322475,0.9333333333333332,0.9450171821305842,0.9417808219178082,0.9433962264150942,0.8421052631578947,0.8727272727272727,0.8571428571428571,0.9797297297297296,0.9797297297297296,0.9797297297297298,0.959119496855346,0.9713375796178344,0.9651898734177214,0.0,0.0,0.0,0.9362416107382552,0.9362416107382552,0.9362416107382552
arch_base,0.0005,42,1,9958.0,2491.0,14.0,3.0,0.0007857754294806,0.2533612708093217,0.9945772243422374,0.9530309112806102,0.8488005802966354,0.8474337470215195,0.8480810628151139,0.952977561141597,2.067800998687744,0.9664429530201344,0.972972972972973,0.9696969696969696,0.985207100591716,0.9881305637982196,0.9866666666666668,0.9620689655172414,0.9362416107382552,0.9489795918367346,0.9413680781758956,0.9413680781758956,0.9413680781758956,0.944636678200692,0.934931506849315,0.9397590361445782,0.8490566037735849,0.8333333333333334,0.8411214953271028,0.9632107023411371,0.972972972972973,0.9680672268907564,0.9526813880126184,0.9648562300319488,0.9587301587301588,0.0,0.0,0.0,0.9233333333333332,0.929530201342282,0.9264214046822744
arch_base,0.0005,42,2,9960.0,2489.0,17.0,6.0,0.0004548270733964,0.1975181592476017,0.9993975903614458,0.9541984732824428,0.85474359031891,0.8425130780617713,0.8478985977226496,0.9539652674641098,2.498098134994507,0.9764309764309764,0.9797297297297296,0.9780775716694772,0.9880597014925372,0.9821958456973294,0.9851190476190476,0.9473684210526316,0.9664429530201344,0.9568106312292358,0.9672131147540984,0.9640522875816994,0.9656301145662848,0.9269102990033222,0.9554794520547946,0.9409780775716694,0.9111111111111112,0.7592592592592593,0.8282828282828282,0.9629629629629628,0.9662162162162162,0.9645868465430018,0.939297124600639,0.939297124600639,0.939297124600639,0.0,0.0,0.0,0.928082191780822,0.9124579124579124,0.9202037351443124
arch_base,0.0005,42,3,9960.0,2489.0,15.0,4.0,0.0006613321285057,0.2279077313279505,0.9970883534136546,0.9537967055042186,0.8563923049444115,0.8405339492794474,0.8472705872145067,0.9534541862578468,2.2068090438842773,0.9602649006622516,0.9797297297297296,0.9698996655518396,0.9736842105263158,0.9881305637982196,0.9808541973490428,0.9479166666666666,0.9161073825503356,0.931740614334471,0.9161490683229814,0.9640522875816994,0.9394904458598724,0.9721254355400696,0.9554794520547946,0.9637305699481864,0.9302325581395348,0.7407407407407407,0.8247422680412371,0.9666666666666668,0.9797297297297296,0.9731543624161074,0.9612903225806452,0.952076677316294,0.956661316211878,0.0,0.0,0.0,0.9355932203389832,0.9292929292929292,0.9324324324324323
arch_base,0.0005,42,4,9962.0,2487.0,16.0,5.0,0.0006482141943269,0.183219042759001,0.998494278257378,0.9549658222758344,0.857739431274773,0.8447386246258016,0.8504010239206968,0.9548255465745236,2.359645128250122,0.9763513513513512,0.9763513513513512,0.9763513513513512,0.9792899408284024,0.9821958456973294,0.9807407407407408,0.9522184300341296,0.9393939393939394,0.9457627118644067,0.910493827160494,0.9640522875816994,0.9365079365079366,0.9461279461279462,0.9623287671232876,0.9541595925297114,0.9333333333333332,0.7777777777777778,0.8484848484848485,0.9726027397260274,0.9627118644067796,0.9676320272572404,0.9667774086378738,0.9297124600638976,0.9478827361563518,0.0,0.0,0.0,0.9401993355481728,0.9528619528619529,0.9464882943143812
arch_base,0.0005,7,0,9956.0,2493.0,14.0,3.0,0.0009064223625489,0.1992604326235102,0.9946765769385296,0.9554753309265944,0.847709267823522,0.8497806534142113,0.848691575267045,0.9554708788355492,2.0632028579711914,0.9696969696969696,0.972972972972973,0.9713322091062394,0.9650145772594751,0.9821958456973294,0.973529411764706,0.9527027027027029,0.9463087248322148,0.9494949494949496,0.9540983606557376,0.9478827361563518,0.9509803921568628,0.951219512195122,0.934931506849315,0.9430051813471502,0.8070175438596491,0.8363636363636363,0.8214285714285714,0.9565217391304348,0.9662162162162162,0.961344537815126,0.9651898734177216,0.9713375796178344,0.968253968253968,0.0,0.0,0.0,0.955631399317406,0.9395973154362416,0.9475465313028764
arch_base,0.0005,7,1,9958.0,2491.0,17.0,6.0,0.0004377362583643,0.1531232610562731,0.9993974693713598,0.9654757125652348,0.8669312051710152,0.8624616361280333,0.864541440697012,0.9654204782658536,2.491125106811523,0.976510067114094,0.983108108108108,0.9797979797979798,0.9708454810495628,0.9881305637982196,0.9794117647058824,0.959731543624161,0.959731543624161,0.959731543624161,0.976271186440678,0.9381107491856676,0.9568106312292358,0.9620689655172414,0.9554794520547946,0.958762886597938,0.9411764705882352,0.8888888888888888,0.9142857142857144,0.9763513513513512,0.9763513513513512,0.9763513513513512,0.9678456591639872,0.9616613418530352,0.9647435897435898,0.0,0.0,0.0,0.9385113268608414,0.9731543624161074,0.9555189456342668
arch_base,0.0005,7,2,9960.0,2489.0,15.0,4.0,0.0006449632426498,0.2339539541014829,0.9970883534136546,0.9513860988348736,0.8471906505022773,0.8370164892936047,0.8415583685944636,0.9510210518164416,2.2337541580200195,0.9761904761904762,0.9695945945945946,0.9728813559322034,0.9824046920821116,0.9940652818991098,0.9882005899705014,0.9565217391304348,0.959731543624161,0.9581239530988276,0.9446254071661238,0.9477124183006536,0.9461663947797716,0.9515570934256056,0.9417808219178082,0.9466437177280552,0.8478260869565217,0.7222222222222222,0.78,0.960655737704918,0.9898648648648648,0.9750415973377704,0.9242902208201892,0.9361022364217252,0.93015873015873,0.0,0.0,0.0,0.9278350515463918,0.9090909090909092,0.9183673469387756
arch_base,0.0005,7,3,9960.0,2489.0,15.0,4.0,0.0007840555458592,0.2144629326277233,0.997289156626506,0.9537967055042186,0.8430614751425468,0.8452178077007139,0.8440725007829263,0.9538920878210896,2.1870689392089844,0.9566666666666668,0.9695945945945946,0.9630872483221476,0.9880597014925372,0.9821958456973294,0.9851190476190476,0.9425675675675677,0.9362416107382552,0.9393939393939394,0.9444444444444444,0.9444444444444444,0.9444444444444444,0.9755244755244756,0.9554794520547946,0.9653979238754324,0.7678571428571429,0.7962962962962963,0.7818181818181819,0.9658703071672357,0.956081081081081,0.9609507640067912,0.954983922829582,0.9488817891373802,0.9519230769230768,0.0,0.0,0.0,0.934640522875817,0.9629629629629628,0.9485903814262022
arch_base,0.0005,7,4,9962.0,2487.0,15.0,4.0,0.0007028699368139,0.2146683128148088,0.9966874121662316,0.9525532770406112,0.8442401063470747,0.8487425781421175,0.8463095704981074,0.9526669461040748,2.2088217735290527,0.97,0.983108108108108,0.976510067114094,0.9820359281437124,0.973293768545994,0.977645305514158,0.921311475409836,0.9461279461279462,0.9335548172757476,0.956953642384106,0.9444444444444444,0.950657894736842,0.9423728813559322,0.952054794520548,0.9471890971039182,0.7931034482758621,0.8518518518518519,0.8214285714285715,0.96875,0.9457627118644067,0.9571183533447684,0.949685534591195,0.9648562300319488,0.9572107765451664,0.0,0.0,0.0,0.9581881533101044,0.925925925925926,0.9417808219178084
arch_base,0.0005,13,0,9956.0,2493.0,15.0,4.0,0.0059590281299619,0.2641795920598038,0.9969867416633186,0.9522663457681508,0.849868598886552,0.8460179712528653,0.8477413054530694,0.9522312345462028,2.216156244277954,0.9601328903654484,0.9763513513513512,0.9681742043551088,0.9850299401197604,0.9762611275964392,0.9806259314456036,0.9223300970873788,0.9563758389261744,0.9390444810543658,0.910828025477707,0.9315960912052116,0.9210950080515298,0.95,0.976027397260274,0.9628378378378378,0.8653846153846154,0.8181818181818182,0.8411214953271028,0.9863013698630136,0.972972972972973,0.979591836734694,0.9607843137254902,0.9363057324840764,0.9483870967741936,0.0,0.0,0.0,0.9578947368421052,0.9161073825503356,0.9365351629502572
arch_base,0.0005,13,1,9958.0,2491.0,15.0,4.0,0.0006492740187426,0.2215602170383094,0.9973890339425588,0.9514251304696908,0.8469198885379144,0.8432851453262954,0.8449902542173098,0.9513041805055792,2.2067959308624268,0.9607843137254902,0.9932432432432432,0.9767441860465116,0.984984984984985,0.973293768545994,0.9791044776119404,0.9489795918367347,0.9362416107382552,0.9425675675675677,0.9413680781758956,0.9413680781758956,0.9413680781758956,0.9477351916376306,0.9315068493150684,0.9395509499136442,0.8431372549019608,0.7962962962962963,0.8190476190476189,0.9595959595959596,0.9628378378378378,0.9612141652613828,0.9523809523809524,0.9584664536741214,0.9554140127388536,0.0,0.0,0.0,0.9302325581395348,0.9395973154362416,0.9348914858096828
arch_base,0.0005,13,2,9960.0,2489.0,17.0,6.0,0.0004511947011226,0.1883206000089535,0.9991967871485944,0.959019686621133,0.8551899982548331,0.8539496451155448,0.8545147066074158,0.9589263391380108,2.504706859588623,0.9696969696969696,0.972972972972973,0.9713322091062394,0.9882005899705014,0.9940652818991098,0.9911242603550297,0.9421768707482994,0.929530201342282,0.9358108108108107,0.9594594594594594,0.9281045751633988,0.9435215946843852,0.9590443686006824,0.9623287671232876,0.9606837606837606,0.8679245283018868,0.8518518518518519,0.8598130841121496,0.9570957095709572,0.9797297297297296,0.968280467445743,0.964968152866242,0.9680511182108626,0.9665071770334928,0.0,0.0,0.0,0.9433333333333334,0.9528619528619529,0.948073701842546
arch_base,0.0005,13,3,9960.0,2489.0,14.0,3.0,0.0008031386790527,0.2168858718460958,0.9941767068273092,0.9477701888308556,0.8483705350864448,0.8401589880883936,0.843914127739821,0.9475989397519392,2.056079864501953,0.9726962457337884,0.9628378378378378,0.967741935483871,0.973293768545994,0.973293768545994,0.973293768545994,0.9452054794520548,0.9261744966442952,0.9355932203389832,0.939102564102564,0.9575163398692812,0.9482200647249192,0.9194630872483222,0.9383561643835616,0.9288135593220338,0.8958333333333334,0.7962962962962963,0.8431372549019608,0.9698996655518396,0.9797297297297296,0.9747899159663864,0.940625,0.9616613418530352,0.9510268562401264,0.0,0.0,0.0,0.9275862068965516,0.9057239057239056,0.9165247018739352
arch_base,0.0005,13,4,9962.0,2487.0,13.0,2.0,0.0011445974611491,0.2239605068542677,0.986147359967878,0.9545637314032972,0.8481557656279313,0.8441019167925274,0.8460145490653617,0.954449947933236,1.9238040447235107,0.972508591065292,0.956081081081081,0.9642248722316864,0.9737609329446064,0.9910979228486648,0.9823529411764704,0.9498327759197324,0.9562289562289562,0.953020134228188,0.9570957095709572,0.9477124183006536,0.9523809523809524,0.951219512195122,0.934931506849315,0.9430051813471502,0.8235294117647058,0.7777777777777778,0.7999999999999999,0.9690721649484536,0.9559322033898304,0.962457337883959,0.9376947040498442,0.9616613418530352,0.9495268138801262,0.0,0.0,0.0,0.946843853820598,0.9595959595959596,0.9531772575250836
arch_base,0.0005,21,0,9956.0,2493.0,17.0,6.0,0.000438650128577,0.1653854097855249,0.9994977902772196,0.9655034095467308,0.8680934324070421,0.8566913978537402,0.8618242004091841,0.9654007795610836,2.5155110359191895,0.9798657718120806,0.9864864864864864,0.9831649831649832,0.9851632047477744,0.9851632047477744,0.9851632047477744,0.9601328903654484,0.9697986577181208,0.9649415692821368,0.9735973597359736,0.9609120521172638,0.9672131147540984,0.9488054607508531,0.952054794520548,0.9504273504273504,0.9574468085106383,0.8181818181818182,0.8823529411764706,0.979591836734694,0.972972972972973,0.976271186440678,0.961904761904762,0.964968152866242,0.9634340222575516,0.0,0.0,0.0,0.9344262295081968,0.9563758389261744,0.945273631840796
arch_base,0.0005,21,1,9958.0,2491.0,15.0,4.0,0.0006881127086872,0.2247192838894803,0.9973890339425588,0.9566439181051788,0.8555853832928685,0.8474150524777695,0.8511641416751672,0.9564699433024064,2.2500479221343994,0.9536423841059604,0.972972972972973,0.9632107023411371,0.9766081871345028,0.9910979228486648,0.98379970544919,0.9653979238754326,0.9362416107382552,0.950596252129472,0.9511400651465798,0.9511400651465798,0.9511400651465798,0.945945945945946,0.958904109589041,0.9523809523809524,0.8958333333333334,0.7962962962962963,0.8431372549019608,0.9663299663299664,0.9695945945945946,0.9679595278246208,0.9678456591639872,0.9616613418530352,0.9647435897435898,0.0,0.0,0.0,0.9331103678929766,0.9362416107382552,0.934673366834171
arch_base,0.0005,21,2,9960.0,2489.0,16.0,5.0,0.0004873967405775,0.2458744124410306,0.9991967871485944,0.9477701888308556,0.8513862822182039,0.8371980821713236,0.8433527687531397,0.9475353430062136,2.36795711517334,0.9726962457337884,0.9628378378378378,0.967741935483871,0.9705014749262536,0.9762611275964392,0.9733727810650888,0.9389830508474576,0.929530201342282,0.9342327150084316,0.9326923076923076,0.9509803921568628,0.941747572815534,0.9228187919463088,0.9417808219178082,0.9322033898305084,0.9318181818181818,0.7592592592592593,0.836734693877551,0.9444444444444444,0.9763513513513512,0.9601328903654484,0.9579288025889968,0.9456869009584664,0.9517684887459806,0.0,0.0,0.0,0.9419795221843004,0.9292929292929292,0.9355932203389832
arch_base,0.0005,21,3,9960.0,2489.0,17.0,6.0,0.0004178194861677,0.1950708618779984,0.9996987951807228,0.9642426677380476,0.8655164298964285,0.8584732399732807,0.8617752780526292,0.9641794939748652,2.5036799907684326,0.9797297297297296,0.9797297297297296,0.9797297297297298,0.9850299401197604,0.9762611275964392,0.9806259314456036,0.95,0.9563758389261744,0.9531772575250836,0.9509803921568628,0.9509803921568628,0.9509803921568628,0.9590443686006824,0.9623287671232876,0.9606837606837606,0.9387755102040816,0.8518518518518519,0.8932038834951458,0.9731543624161074,0.9797297297297296,0.9764309764309764,0.9589905362776026,0.9712460063897764,0.9650793650793652,0.0,0.0,0.0,0.9594594594594594,0.9562289562289562,0.957841483979764
arch_base,0.0005,21,4,9962.0,2487.0,15.0,4.0,0.0007240133750602,0.1747058752850425,0.9970889379642642,0.95416164053076,0.8466739369408552,0.8454213076225185,0.8459854919173345,0.9541321052631682,2.222598075866699,0.976510067114094,0.983108108108108,0.9797979797979798,0.985207100591716,0.9881305637982196,0.9866666666666668,0.9479166666666666,0.9191919191919192,0.9333333333333332,0.932475884244373,0.9477124183006536,0.940032414910859,0.9488054607508531,0.952054794520548,0.9504273504273504,0.8113207547169812,0.7962962962962963,0.8037383177570094,0.9695945945945946,0.9728813559322034,0.9712351945854484,0.9738562091503268,0.952076677316294,0.962843295638126,0.0,0.0,0.0,0.9210526315789472,0.9427609427609428,0.9317803660565724
arch_base,0.0005,99,0,9956.0,2493.0,16.0,5.0,0.000569239012734,0.2058282050488851,0.9985938127762154,0.9610910549538708,0.8585004857896866,0.8529431304033611,0.8555290407082776,0.9610663186694252,2.362440824508667,0.9797297297297296,0.9797297297297296,0.9797297297297298,0.9792899408284024,0.9821958456973294,0.9807407407407408,0.9759450171821306,0.953020134228188,0.9643463497453312,0.94006309148265,0.970684039087948,0.9551282051282052,0.958041958041958,0.9383561643835616,0.9480968858131488,0.8823529411764706,0.8181818181818182,0.8490566037735848,0.9829351535836176,0.972972972972973,0.9779286926994908,0.9713375796178344,0.9713375796178344,0.9713375796178344,0.0,0.0,0.0,0.9153094462540716,0.9429530201342282,0.9289256198347108
arch_base,0.0005,99,1,9958.0,2491.0,14.0,3.0,0.0008728903567948,0.236904966868121,0.9933721630849568,0.9518265756724208,0.8499848440181257,0.8407363980818117,0.8448868471583836,0.9517487531013098,2.055906057357788,0.9863945578231292,0.9797297297297296,0.983050847457627,0.9791044776119404,0.973293768545994,0.9761904761904762,0.9093851132686084,0.9429530201342282,0.9258649093904447,0.9448051948051948,0.9478827361563518,0.946341463414634,0.9494949494949496,0.9657534246575342,0.9575551782682512,0.8723404255319149,0.7592592592592593,0.8118811881188118,0.9792387543252596,0.956081081081081,0.9675213675213676,0.9575163398692812,0.9361022364217252,0.9466882067851372,0.0,0.0,0.0,0.9215686274509804,0.9463087248322148,0.933774834437086
arch_base,0.0005,99,2,9960.0,2489.0,16.0,5.0,0.0005573294597164,0.2297081308614663,0.9988955823293172,0.954600241060667,0.8566683772777438,0.8398386064338096,0.8469059301348686,0.9542925898648787,2.3477509021759033,0.9659863945578232,0.9594594594594594,0.9627118644067796,0.9909638554216867,0.9762611275964392,0.98355754857997,0.9271523178807948,0.9395973154362416,0.9333333333333332,0.9566666666666668,0.937908496732026,0.9471947194719472,0.9623287671232876,0.9623287671232876,0.9623287671232876,0.9285714285714286,0.7222222222222222,0.8125000000000001,0.9471947194719472,0.9695945945945946,0.9582637729549248,0.9439252336448598,0.9680511182108626,0.9558359621451104,0.0,0.0,0.0,0.943894389438944,0.9629629629629628,0.9533333333333334
arch_base,0.0005,99,3,9960.0,2489.0,14.0,3.0,0.000780642599933,0.1685240806152079,0.992570281124498,0.9582161510646846,0.8598113397454101,0.8610067642169799,0.8603008581399278,0.9581279067022112,2.075216770172119,0.9697986577181208,0.9763513513513512,0.9730639730639732,0.9654178674351584,0.9940652818991098,0.97953216374269,0.9522184300341296,0.9362416107382552,0.9441624365482232,0.9629629629629628,0.934640522875817,0.9485903814262022,0.9375,0.976027397260274,0.9563758389261744,0.9272727272727272,0.9444444444444444,0.9357798165137616,0.979591836734694,0.972972972972973,0.976271186440678,0.9545454545454546,0.939297124600639,0.9468599033816424,0.0,0.0,0.0,0.9488054607508531,0.936026936026936,0.9423728813559322
arch_base,0.0005,99,4,9962.0,2487.0,16.0,5.0,0.0004956648866395,0.2234824037093502,0.998494278257378,0.9485323683152392,0.8507329903479166,0.8437908667067984,0.846981617127553,0.9484333606298914,2.34695816040039,0.9475409836065574,0.9763513513513512,0.9617304492512478,0.9823529411764704,0.9910979228486648,0.9867060561299852,0.9335548172757476,0.9461279461279462,0.939799331103679,0.9463087248322148,0.9215686274509804,0.933774834437086,0.929054054054054,0.9417808219178082,0.935374149659864,0.9183673469387756,0.8333333333333334,0.8737864077669903,0.9653979238754326,0.9457627118644067,0.9554794520547946,0.9609120521172638,0.9424920127795527,0.9516129032258064,0.0,0.0,0.0,0.9238410596026492,0.9393939393939394,0.9315525876460768
arch_base,0.001,42,0,9956.0,2493.0,15.0,4.0,0.0022125901542507,0.2375720212690009,0.9981920449979912,0.959486562374649,0.8549091645912121,0.8546471872202108,0.8545594818940664,0.9593527171779728,2.2237589359283447,0.9731543624161074,0.9797297297297296,0.9764309764309764,0.9823008849557522,0.9881305637982196,0.985207100591716,0.9415584415584416,0.9731543624161074,0.9570957095709572,0.978798586572438,0.9022801302931596,0.9389830508474576,0.9452054794520548,0.9452054794520548,0.9452054794520548,0.8545454545454545,0.8545454545454545,0.8545454545454545,0.983108108108108,0.983108108108108,0.983108108108108,0.9478527607361964,0.9840764331210192,0.965625,0.0,0.0,0.0,0.9425675675675677,0.9362416107382552,0.9393939393939394
arch_base,0.001,42,1,9958.0,2491.0,12.0,1.0,0.0107196940207945,0.2958480800323254,0.9862422173127134,0.9514251304696908,0.8514634326351336,0.8446854387324354,0.847830594680611,0.9512619295138608,1.7823588848114014,0.9664429530201344,0.972972972972973,0.9696969696969696,0.9736070381231672,0.9851632047477744,0.9793510324483776,0.9362416107382552,0.9362416107382552,0.9362416107382552,0.9563758389261744,0.9283387622149836,0.9421487603305786,0.9411764705882352,0.9315068493150684,0.93631669535284,0.8979591836734694,0.8148148148148148,0.8543689320388349,0.9635761589403974,0.983108108108108,0.9732441471571908,0.9554140127388536,0.9584664536741214,0.9569377990430622,0.0,0.0,0.0,0.9238410596026492,0.9362416107382552,0.93
arch_base,0.001,42,2,9960.0,2489.0,13.0,2.0,0.0077897717837753,0.2032338614995889,0.9931726907630524,0.9509843310566491,0.8405380141275254,0.8458596134217073,0.8429209448979302,0.9510922131023544,1.9354710578918457,0.9863481228668942,0.9763513513513512,0.9813242784380304,0.9880597014925372,0.9821958456973294,0.9851190476190476,0.9352750809061487,0.9697986577181208,0.9522240527182868,0.9508196721311476,0.9477124183006536,0.9492635024549918,0.9389830508474576,0.9486301369863014,0.9437819420783646,0.7627118644067796,0.8333333333333334,0.7964601769911505,0.9527027027027029,0.9527027027027029,0.9527027027027029,0.9369085173501576,0.9488817891373802,0.9428571428571428,0.0,0.0,0.0,0.9535714285714286,0.898989898989899,0.925476603119584
arch_base,0.001,42,3,9960.0,2489.0,12.0,1.0,0.0033149118226695,0.2183580455248831,0.985843373493976,0.9513860988348736,0.8542094459975997,0.8370533413185808,0.844081054926459,0.950907844420262,1.7789907455444336,0.9451612903225808,0.9898648648648648,0.966996699669967,0.9792899408284024,0.9821958456973294,0.9807407407407408,0.9507042253521126,0.906040268456376,0.9278350515463918,0.9190031152647976,0.9640522875816994,0.940988835725678,0.930921052631579,0.9691780821917808,0.9496644295302014,0.9285714285714286,0.7222222222222222,0.8125000000000001,0.9728813559322034,0.9695945945945946,0.9712351945854484,0.9616613418530352,0.9616613418530352,0.9616613418530352,0.0,0.0,0.0,0.953900709219858,0.9057239057239056,0.929188255613126
arch_base,0.001,42,4,9962.0,2487.0,14.0,3.0,0.0002161435149118,0.1807529212501772,0.9959847420196748,0.960193003618818,0.8577405509086542,0.8549717363893764,0.856252209791359,0.9601514775128048,2.086189985275269,0.9697986577181208,0.9763513513513512,0.9730639730639732,0.9821958456973294,0.9821958456973294,0.9821958456973294,0.9653979238754326,0.9393939393939394,0.95221843003413,0.9514563106796116,0.9607843137254902,0.9560975609756096,0.930921052631579,0.9691780821917808,0.9496644295302014,0.8846153846153846,0.8518518518518519,0.8679245283018868,0.9691780821917808,0.9593220338983052,0.9642248722316864,0.9650793650793652,0.9712460063897764,0.9681528662420382,0.0,0.0,0.0,0.9587628865979382,0.9393939393939394,0.9489795918367346
arch_base,0.001,7,0,9956.0,2493.0,12.0,1.0,0.0062250063955007,0.2444729444854689,0.9822217758135796,0.9490573606097072,0.8495699985720249,0.8399709262648043,0.8442911522134251,0.9488131111411546,1.771131992340088,0.9572368421052632,0.983108108108108,0.97,0.9566473988439308,0.9821958456973294,0.9692532942898976,0.9304635761589404,0.9429530201342282,0.9366666666666668,0.959866220735786,0.9348534201954396,0.9471947194719472,0.953900709219858,0.9212328767123288,0.9372822299651568,0.8958333333333334,0.7818181818181819,0.8349514563106797,0.9590443686006824,0.9493243243243245,0.9541595925297112,0.959119496855346,0.9713375796178344,0.9651898734177214,0.0,0.0,0.0,0.9235880398671096,0.9328859060402684,0.9282136894824708
arch_base,0.001,7,1,9958.0,2491.0,15.0,4.0,0.0001917875940231,0.1569093225781634,0.9990962040570396,0.967482938578884,0.8660376138002659,0.8686975375794883,0.867314304248809,0.967476931724939,2.198307991027832,0.98,0.9932432432432432,0.9865771812080536,0.976470588235294,0.9851632047477744,0.980797636632201,0.9761904761904762,0.9630872483221476,0.9695945945945946,0.9667774086378738,0.9478827361563518,0.9572368421052632,0.9523809523809524,0.958904109589041,0.955631399317406,0.9107142857142856,0.9444444444444444,0.9272727272727272,0.9863945578231292,0.9797297297297296,0.983050847457627,0.961783439490446,0.9648562300319488,0.963317384370016,0.0,0.0,0.0,0.9496644295302014,0.9496644295302014,0.9496644295302014
arch_base,0.001,7,2,9960.0,2489.0,13.0,2.0,0.0002790808923037,0.2307286662875972,0.9923694779116464,0.9477701888308556,0.8450439525408475,0.8295104075396038,0.8358612272347926,0.947136354053688,1.9026188850402832,0.9540983606557376,0.983108108108108,0.9683860232945092,0.9851632047477744,0.9851632047477744,0.9851632047477744,0.9620689655172414,0.9362416107382552,0.9489795918367346,0.935064935064935,0.9411764705882352,0.9381107491856676,0.9331103678929766,0.9554794520547946,0.9441624365482236,0.8571428571428571,0.6666666666666666,0.75,0.9478827361563518,0.983108108108108,0.965174129353234,0.9228395061728396,0.9552715654952076,0.9387755102040816,0.0,0.0,0.0,0.9530685920577616,0.8888888888888888,0.9198606271777005
arch_base,0.001,7,3,9960.0,2489.0,13.0,2.0,0.0002813631006407,0.2180652864121859,0.9922690763052208,0.9513860988348736,0.8497780347579942,0.8432899509744273,0.8462230977088325,0.9511881146725804,1.903681993484497,0.9356913183279744,0.983108108108108,0.958813838550247,0.9821428571428572,0.9792284866468842,0.9806835066864784,0.955631399317406,0.9395973154362416,0.9475465313028764,0.9442622950819672,0.9411764705882352,0.9427168576104746,0.94314381270903,0.9657534246575342,0.9543147208121828,0.8775510204081632,0.7962962962962963,0.8349514563106796,0.9630872483221476,0.9695945945945946,0.9663299663299664,0.9487179487179488,0.9456869009584664,0.9472,0.0,0.0,0.0,0.9475524475524476,0.9124579124579124,0.9296740994854202
arch_base,0.001,7,4,9962.0,2487.0,15.0,4.0,0.002175079382406,0.2631097122224224,0.99839389680787,0.9569762766385204,0.8439292638778282,0.855510191886317,0.848957895179087,0.9573475954934514,2.2357211112976074,0.9665551839464884,0.9763513513513512,0.9714285714285714,0.987878787878788,0.9673590504451038,0.977511244377811,0.9215686274509804,0.9494949494949496,0.9353233830845772,0.9664429530201344,0.9411764705882352,0.95364238410596,0.9653979238754326,0.9554794520547946,0.9604130808950088,0.7384615384615385,0.8888888888888888,0.8067226890756303,0.9658703071672357,0.9593220338983052,0.9625850340136054,0.9683544303797468,0.977635782747604,0.972972972972973,0.0,0.0,0.0,0.9587628865979382,0.9393939393939394,0.9489795918367346
arch_base,0.001,13,0,9956.0,2493.0,14.0,3.0,0.0026283322102474,0.2468994145114087,0.995580554439534,0.95146409947854,0.8517447093288968,0.8422439054136609,0.8464916939371964,0.9513358490484476,2.0804810523986816,0.9664429530201344,0.972972972972973,0.9696969696969696,0.9879518072289156,0.973293768545994,0.9805680119581464,0.9366666666666666,0.9429530201342282,0.939799331103679,0.9403973509933776,0.9250814332247556,0.9326765188834154,0.9527027027027029,0.9657534246575342,0.9591836734693876,0.8958333333333334,0.7818181818181819,0.8349514563106797,0.9795221843003412,0.9695945945945946,0.9745331069609507,0.9129129129129128,0.9681528662420382,0.9397217928902628,0.0,0.0,0.0,0.9450171821305842,0.9228187919463088,0.933786078098472
arch_base,0.001,13,1,9958.0,2491.0,14.0,3.0,0.0002293035516443,0.209975206167005,0.9972886121711187,0.9522280208751506,0.8489521640167075,0.8438186897806883,0.8462156402190434,0.9520375594669018,2.08175277709961,0.9735099337748344,0.9932432432432432,0.983277591973244,0.976401179941003,0.9821958456973294,0.9792899408284024,0.9489795918367347,0.9362416107382552,0.9425675675675677,0.9501661129568106,0.9315960912052116,0.9407894736842104,0.9475524475524476,0.928082191780822,0.9377162629757784,0.86,0.7962962962962963,0.826923076923077,0.9534883720930232,0.9695945945945946,0.9614740368509214,0.9558359621451104,0.9680511182108626,0.961904761904762,0.0,0.0,0.0,0.9235880398671096,0.9328859060402684,0.9282136894824708
arch_base,0.001,13,2,9960.0,2489.0,13.0,2.0,0.0014531578787396,0.1845747671233754,0.9933734939759036,0.9533949377259944,0.8500417060709861,0.8462892240147323,0.8479945481905278,0.9532997193955794,1.9329349994659424,0.9698996655518396,0.9797297297297296,0.9747899159663864,0.996996996996997,0.9851632047477744,0.9910447761194028,0.93,0.9362416107382552,0.9331103678929766,0.9655172413793104,0.915032679738562,0.9395973154362416,0.9453924914675768,0.9486301369863014,0.947008547008547,0.8627450980392157,0.8148148148148148,0.838095238095238,0.950657894736842,0.9763513513513512,0.9633333333333334,0.9622641509433962,0.977635782747604,0.9698890649762284,0.0,0.0,0.0,0.9169435215946844,0.9292929292929292,0.9230769230769232
arch_base,0.001,13,3,9960.0,2489.0,13.0,2.0,0.0006252776636165,0.2561378164704085,0.9923694779116464,0.9497790277219766,0.8509802660749539,0.8341933425786966,0.8412347995223115,0.9494259286245263,1.9248900413513184,0.9693877551020408,0.9628378378378378,0.9661016949152542,0.9762611275964392,0.9762611275964392,0.9762611275964392,0.952542372881356,0.9429530201342282,0.9477234401349074,0.9415584415584416,0.9477124183006536,0.9446254071661236,0.9574468085106383,0.9246575342465754,0.940766550522648,0.9047619047619048,0.7037037037037037,0.7916666666666667,0.9698996655518396,0.9797297297297296,0.9747899159663864,0.9294478527607362,0.9680511182108626,0.9483568075117372,0.0,0.0,0.0,0.9084967320261438,0.936026936026936,0.922056384742952
arch_base,0.001,13,4,9962.0,2487.0,12.0,1.0,0.0003482942835254,0.237648157871008,0.9836378237301746,0.9485323683152392,0.8448540306753308,0.8390812771184726,0.8416303704103216,0.9483153355854964,1.7822458744049072,0.9726962457337884,0.9628378378378378,0.967741935483871,0.9571428571428572,0.9940652818991098,0.975254730713246,0.9435215946843852,0.9562289562289562,0.9498327759197324,0.9563758389261744,0.931372549019608,0.9437086092715232,0.9669117647058824,0.9006849315068494,0.9326241134751772,0.84,0.7777777777777778,0.8076923076923077,0.9531772575250836,0.9661016949152542,0.9595959595959596,0.9428571428571428,0.9488817891373802,0.945859872611465,0.0,0.0,0.0,0.9158576051779936,0.9528619528619529,0.933993399339934
arch_base,0.001,21,0,9956.0,2493.0,15.0,4.0,0.000351053964021,0.1609637583136109,0.9980916030534353,0.9634977938227036,0.8602808990920335,0.8565804688859945,0.8583112168313987,0.963408702100193,2.2399187088012695,0.9735099337748344,0.9932432432432432,0.983277591973244,0.9910179640718564,0.9821958456973294,0.9865871833084948,0.9633333333333334,0.9697986577181208,0.9665551839464884,0.9798657718120806,0.9511400651465798,0.9652892561983472,0.9457627118644067,0.9554794520547946,0.950596252129472,0.8846153846153846,0.8363636363636363,0.8598130841121494,0.9602649006622516,0.9797297297297296,0.9698996655518396,0.9588607594936708,0.964968152866242,0.961904761904762,0.0,0.0,0.0,0.9455782312925172,0.9328859060402684,0.9391891891891893
arch_base,0.001,21,1,9958.0,2491.0,15.0,4.0,0.0068714344333054,0.2647546620568946,0.9984936734283992,0.9598554797270172,0.8551842304737345,0.8485495045098748,0.8515928498980376,0.9596348715714936,2.2721431255340576,0.954248366013072,0.9864864864864864,0.9700996677740864,0.9736842105263158,0.9881305637982196,0.9808541973490428,0.9651567944250872,0.929530201342282,0.947008547008547,0.945337620578778,0.9576547231270358,0.9514563106796116,0.958904109589041,0.958904109589041,0.958904109589041,0.8571428571428571,0.7777777777777778,0.8155339805825242,0.979591836734694,0.972972972972973,0.976271186440678,0.9621451104100948,0.97444089456869,0.9682539682539684,0.0,0.0,0.0,0.955631399317406,0.9395973154362416,0.9475465313028764
arch_base,0.001,21,2,9960.0,2489.0,14.0,3.0,0.0005822605303029,0.2810474437847994,0.9977911646586344,0.9497790277219766,0.849633332898674,0.8402993862336414,0.844523933258294,0.9495674753461936,2.5150680541992188,0.9601328903654484,0.9763513513513512,0.9681742043551088,0.9763313609467456,0.9792284866468842,0.9777777777777776,0.9457627118644067,0.9362416107382552,0.9409780775716696,0.9448051948051948,0.9509803921568628,0.9478827361563515,0.9225589225589226,0.9383561643835616,0.930390492359932,0.8936170212765957,0.7777777777777778,0.8316831683168316,0.9503311258278144,0.9695945945945946,0.959866220735786,0.9614147909967846,0.9552715654952076,0.9583333333333334,0.0,0.0,0.0,0.9413793103448276,0.9191919191919192,0.93015332197615
arch_base,0.001,21,3,9960.0,2489.0,14.0,3.0,0.0002360258050008,0.1840478829141862,0.9964859437751004,0.9658497388509442,0.8674862790462783,0.8657896509381262,0.8665629492883656,0.9658807162335008,2.704921007156372,0.9931740614334472,0.983108108108108,0.9881154499151102,0.9909638554216867,0.9762611275964392,0.98355754857997,0.959866220735786,0.9630872483221476,0.9614740368509214,0.9421221864951768,0.9575163398692812,0.9497568881685576,0.9788732394366196,0.952054794520548,0.9652777777777778,0.9433962264150944,0.925925925925926,0.9345794392523364,0.9665551839464884,0.9763513513513512,0.9714285714285714,0.9475308641975309,0.9808306709265175,0.9638932496075352,0.0,0.0,0.0,0.9523809523809524,0.9427609427609428,0.9475465313028766
arch_base,0.001,21,4,9962.0,2487.0,13.0,2.0,0.0003009048153902,0.1793845818245487,0.9917687211403332,0.9593888218737434,0.8531703104004913,0.8482013012885673,0.8505174445692528,0.9592074225171724,2.1820099353790283,0.9795221843003412,0.9695945945945946,0.9745331069609507,0.9851632047477744,0.9851632047477744,0.9851632047477744,0.9470198675496688,0.9629629629629628,0.9549248747913188,0.9601328903654484,0.9444444444444444,0.9522240527182868,0.9494949494949496,0.9657534246575342,0.9575551782682512,0.84,0.7777777777777778,0.8076923076923077,0.9730639730639732,0.9796610169491524,0.9763513513513512,0.959375,0.9808306709265175,0.9699842022116903,0.0,0.0,0.0,0.9379310344827586,0.915824915824916,0.9267461669505964
arch_base,0.001,99,0,9956.0,2493.0,16.0,5.0,0.0004045451860674,0.1993948887498723,0.9990960224989957,0.9651022864019254,0.8664401429931516,0.8577454422190917,0.8616545785959119,0.9649791843659036,2.3757519721984863,0.9735099337748344,0.9932432432432432,0.983277591973244,0.9850746268656716,0.9792284866468842,0.982142857142857,0.986254295532646,0.9630872483221476,0.9745331069609507,0.9554140127388536,0.977198697068404,0.9661835748792272,0.9710144927536232,0.9178082191780822,0.943661971830986,0.9387755102040816,0.8363636363636363,0.8846153846153846,0.9766666666666668,0.9898648648648648,0.9832214765100672,0.962382445141066,0.9777070063694268,0.9699842022116903,0.0,0.0,0.0,0.9153094462540716,0.9429530201342282,0.9289256198347108
arch_base,0.001,99,1,9958.0,2491.0,13.0,2.0,0.0097331827946262,0.277000608046301,0.9924683671419964,0.955841027699719,0.8562706513476307,0.842370388225213,0.848348618494345,0.955512360737194,1.934725046157837,0.9668874172185432,0.9864864864864864,0.976588628762542,0.9736070381231672,0.9851632047477744,0.9793510324483776,0.9387755102040816,0.9261744966442952,0.9324324324324326,0.9508196721311476,0.9446254071661238,0.9477124183006536,0.9344262295081968,0.976027397260274,0.9547738693467336,0.9090909090909092,0.7407407407407407,0.8163265306122449,0.976271186440678,0.972972972972973,0.9746192893401016,0.9373040752351096,0.9552715654952076,0.9462025316455696,0.0,0.0,0.0,0.9755244755244756,0.9362416107382552,0.9554794520547946
arch_base,0.001,99,2,9960.0,2489.0,13.0,2.0,0.0022752300013726,0.2273329813616283,0.9921686746987952,0.9554037766171152,0.8549442332955366,0.8480187754581289,0.8511967156002086,0.9553205017236304,1.940291166305542,0.9664429530201344,0.972972972972973,0.9696969696969696,0.9821958456973294,0.9821958456973294,0.9821958456973294,0.9518900343642612,0.929530201342282,0.9405772495755518,0.959731543624161,0.934640522875817,0.9470198675496688,0.9523809523809524,0.958904109589041,0.955631399317406,0.8979591836734694,0.8148148148148148,0.8543689320388349,0.9761092150170648,0.9662162162162162,0.9711375212224108,0.946875,0.9680511182108626,0.957345971563981,0.0,0.0,0.0,0.9158576051779936,0.9528619528619529,0.933993399339934
arch_base,0.001,99,3,9960.0,2489.0,13.0,2.0,0.0133415918520342,0.2270766255620465,0.9927710843373494,0.9582161510646846,0.8623449052904949,0.8549916282138094,0.8583422417293882,0.9581622158883316,1.9356811046600344,0.9633333333333334,0.9763513513513512,0.9697986577181208,0.9821958456973294,0.9821958456973294,0.9821958456973294,0.9391891891891893,0.9328859060402684,0.936026936026936,0.948051948051948,0.954248366013072,0.9511400651465798,0.9320388349514565,0.9863013698630136,0.9584026622296172,0.9591836734693876,0.8703703703703703,0.912621359223301,0.9861111111111112,0.9594594594594594,0.9726027397260274,0.9612903225806452,0.952076677316294,0.956661316211878,0.0,0.0,0.0,0.952054794520548,0.936026936026936,0.9439728353140916
arch_base,0.001,99,4,9962.0,2487.0,14.0,3.0,0.0060876824622723,0.2955553768241052,0.9965870307167236,0.9509449135504624,0.8487613827234346,0.8474939635859224,0.8479211893926223,0.9508891315081476,2.087873935699463,0.9602649006622516,0.9797297297297296,0.9698996655518396,0.9794117647058824,0.9881305637982196,0.983751846381093,0.9315960912052116,0.9629629629629628,0.9470198675496688,0.9528619528619529,0.9248366013071896,0.9386401326699836,0.9144736842105264,0.952054794520548,0.9328859060402684,0.8679245283018868,0.8518518518518519,0.8598130841121496,0.959731543624161,0.9694915254237289,0.9645868465430016,0.9829931972789115,0.9233226837060704,0.9522240527182868,0.0,0.0,0.0,0.9383561643835616,0.9225589225589226,0.930390492359932
arch_base,0.005,42,0,9956.0,2493.0,12.0,1.0,0.047059985662473,0.3861801286342724,0.96976697468863,0.9482551143200962,0.8434271189596754,0.8320570298927278,0.8369508649449449,0.9479327116762656,1.8241400718688965,0.9965156794425089,0.9662162162162162,0.981132075471698,0.9734513274336284,0.9792284866468842,0.9763313609467454,0.9335548172757476,0.9429530201342282,0.9382303839732888,0.94,0.9185667752442996,0.929159802306425,0.9785714285714284,0.9383561643835616,0.958041958041958,0.8260869565217391,0.6909090909090909,0.7524752475247525,0.935897435897436,0.9864864864864864,0.9605263157894736,0.926605504587156,0.964968152866242,0.9453978159126364,0.0,0.0,0.0,0.9235880398671096,0.9328859060402684,0.9282136894824708
arch_base,0.005,42,1,9958.0,2491.0,13.0,2.0,0.0503305716534633,0.4089103667244999,0.9780076320546296,0.943797671617824,0.8363889353546938,0.8350562687853831,0.8353676193477739,0.9438584212658834,1.918492317199707,0.986013986013986,0.9527027027027029,0.9690721649484536,0.9707602339181286,0.9851632047477744,0.9779086892488954,0.9276315789473684,0.9463087248322148,0.9368770764119602,0.939102564102564,0.9543973941368078,0.9466882067851372,0.9552238805970148,0.8767123287671232,0.9142857142857144,0.7777777777777778,0.7777777777777778,0.7777777777777778,0.9860627177700348,0.956081081081081,0.9708404802744426,0.9404388714733544,0.9584664536741214,0.9493670886075948,0.0,0.0,0.0,0.8808777429467085,0.9429530201342282,0.9108589951377634
arch_base,0.005,42,2,9960.0,2489.0,11.0,0.0,0.0404723994295675,0.4110775002035211,0.9497991967871486,0.9248694254720772,0.8187169009527331,0.8182296337838013,0.8175022995581503,0.924593232317118,1.6216750144958496,0.9790940766550522,0.9493243243243245,0.9639794168096054,0.9623188405797102,0.9851632047477744,0.9736070381231672,0.9540636042402828,0.906040268456376,0.9294320137693632,0.896551724137931,0.934640522875817,0.9152,0.8593272171253823,0.9623287671232876,0.9079159935379644,0.7454545454545455,0.7592592592592593,0.7522935779816514,0.9288025889967636,0.9695945945945946,0.9487603305785124,0.9123376623376624,0.8977635782747604,0.9049919484702094,0.0,0.0,0.0,0.94921875,0.8181818181818182,0.8788426763110307
arch_base,0.005,42,3,9960.0,2489.0,12.0,1.0,0.1741175687981502,0.6745536626311831,0.960843373493976,0.9345118521494576,0.8432899835120826,0.817284534925531,0.8264328777421159,0.9340457216707744,1.7614021301269531,0.9272151898734176,0.9898648648648648,0.957516339869281,0.9847560975609756,0.9584569732937686,0.9714285714285714,0.9251700680272108,0.912751677852349,0.9189189189189187,0.9383116883116884,0.9444444444444444,0.9413680781758956,0.8309037900874635,0.976027397260274,0.8976377952755905,0.945945945945946,0.6481481481481481,0.7692307692307693,0.952542372881356,0.9493243243243245,0.9509306260575296,0.9738562091503268,0.952076677316294,0.962843295638126,0.0,0.0,0.0,0.9541984732824428,0.8417508417508418,0.8944543828264759
arch_base,0.005,42,4,9962.0,2487.0,14.0,3.0,0.0679183828694119,0.3382555419442096,0.9749046376229672,0.9429030960997186,0.8453581898611381,0.8377910231331033,0.8410314976282395,0.9428484975468808,2.0872738361358643,0.9694915254237289,0.9662162162162162,0.9678510998307952,0.96242774566474,0.9881305637982196,0.9751098096632504,0.929530201342282,0.9326599326599326,0.93109243697479,0.9034267912772586,0.9477124183006536,0.9250398724082932,0.9577464788732394,0.9315068493150684,0.9444444444444444,0.8979591836734694,0.8148148148148148,0.8543689320388349,0.9661016949152542,0.9661016949152542,0.9661016949152542,0.9755244755244756,0.8913738019169329,0.9315525876460768,0.0,0.0,0.0,0.8913738019169329,0.9393939393939394,0.9147540983606556
arch_base,0.005,7,0,9956.0,2493.0,12.0,1.0,0.0686381896732345,0.4185972274566442,0.959019686621133,0.9326113116726836,0.8202948768636288,0.8234901427834993,0.8210890227710543,0.9329982061070854,1.779158592224121,0.939297124600639,0.9932432432432432,0.9655172413793104,0.973529411764706,0.9821958456973294,0.9778434268833088,0.9207920792079208,0.9362416107382552,0.9284525790349418,0.9453924914675768,0.9022801302931596,0.9233333333333332,0.935483870967742,0.8938356164383562,0.914185639229422,0.6833333333333333,0.7454545454545455,0.7130434782608696,0.9816849816849816,0.9054054054054054,0.9420035149384886,0.9765886287625418,0.929936305732484,0.9526916802610114,0.0,0.0,0.0,0.8468468468468469,0.9463087248322148,0.8938193343898574
arch_base,0.005,7,1,9958.0,2491.0,13.0,2.0,0.0367949625433107,0.2711011388398491,0.9768025707973488,0.948615014050582,0.8416214619285929,0.8513700884922086,0.8458414565715955,0.9487078640457658,1.9149861335754397,0.9794520547945206,0.9662162162162162,0.9727891156462584,0.96242774566474,0.9881305637982196,0.9751098096632504,0.9475524475524476,0.9093959731543624,0.928082191780822,0.9221183800623052,0.9641693811074918,0.9426751592356688,0.9609929078014184,0.928082191780822,0.9442508710801396,0.7936507936507936,0.925925925925926,0.8547008547008547,0.9528619528619529,0.956081081081081,0.9544688026981448,0.9543973941368078,0.9361022364217252,0.9451612903225806,0.0,0.0,0.0,0.9427609427609428,0.9395973154362416,0.9411764705882352
arch_base,0.005,7,2,9960.0,2489.0,12.0,1.0,0.1228646185070974,0.4777731278331859,0.9653614457831324,0.9300924065889916,0.8299328331473486,0.8189926418949496,0.8232148863487654,0.929608515248239,1.8088560104370115,0.9633333333333334,0.9763513513513512,0.9697986577181208,0.9653179190751444,0.9910979228486648,0.9780380673499268,0.9386281588447654,0.87248322147651,0.9043478260869564,0.9518900343642612,0.9052287581699346,0.9279731993299832,0.9555555555555556,0.8835616438356164,0.9181494661921707,0.8297872340425532,0.7222222222222222,0.7722772277227723,0.9381107491856676,0.972972972972973,0.9552238805970148,0.8535911602209945,0.987220447284345,0.9155555555555556,0.0,0.0,0.0,0.903114186851211,0.8787878787878788,0.8907849829351535
arch_base,0.005,7,3,9960.0,2489.0,12.0,1.0,0.0589001933797998,0.4619521138466531,0.972991967871486,0.9457613499397348,0.8464714609115305,0.8372415366000185,0.8413347982096993,0.9456017979389788,1.7708449363708496,0.9389067524115756,0.9864864864864864,0.9621087314662274,0.9879518072289156,0.973293768545994,0.9805680119581464,0.9283387622149836,0.9563758389261744,0.9421487603305786,0.9503311258278144,0.937908496732026,0.9440789473684212,0.9425675675675677,0.9554794520547946,0.9489795918367347,0.8936170212765957,0.7777777777777778,0.8316831683168316,0.9688581314878892,0.945945945945946,0.9572649572649572,0.9444444444444444,0.9233226837060704,0.9337641357027464,0.0,0.0,0.0,0.9096989966555185,0.915824915824916,0.9127516778523488
arch_base,0.005,7,4,9962.0,2487.0,14.0,3.0,0.2292210226716033,0.8820550490427809,0.9752057819714915,0.9408926417370326,0.8310414107889657,0.8315683776885937,0.8310849700826465,0.941217314333577,2.103039026260376,0.9697986577181208,0.9763513513513512,0.9730639730639732,0.9939577039274924,0.9762611275964392,0.9850299401197604,0.9269102990033222,0.9393939393939394,0.9331103678929766,0.9171974522292994,0.9411764705882352,0.929032258064516,0.9471830985915493,0.9212328767123288,0.9340277777777776,0.7454545454545455,0.7592592592592593,0.7522935779816514,0.9758620689655172,0.9593220338983052,0.9675213675213674,0.9696969696969696,0.9201277955271564,0.9442622950819672,0.0,0.0,0.0,0.8643533123028391,0.9225589225589226,0.8925081433224755
arch_base,0.005,13,0,9956.0,2493.0,12.0,1.0,0.0665346756646951,0.4431633942854314,0.9624347127360384,0.9394304051343764,0.8351143686417686,0.8397619007390948,0.8371642491654574,0.9394864789992852,1.7957861423492432,0.95578231292517,0.9493243243243245,0.9525423728813558,0.9821428571428572,0.9792284866468842,0.9806835066864784,0.9288025889967636,0.9630872483221476,0.945634266886326,0.9366666666666666,0.9153094462540716,0.9258649093904447,0.912621359223301,0.9657534246575342,0.9384359400998336,0.8135593220338984,0.8727272727272727,0.8421052631578948,0.975438596491228,0.9391891891891893,0.9569707401032702,0.9413680781758956,0.9203821656050956,0.930756843800322,0.0,0.0,0.0,0.9047619047619048,0.8926174496644296,0.8986486486486487
arch_base,0.005,13,1,9958.0,2491.0,13.0,2.0,0.0406809980411987,0.4271513925155983,0.9765013054830288,0.948615014050582,0.8489687653195986,0.8379577280855546,0.8427672500471746,0.948427549106154,1.9657018184661863,0.9512987012987012,0.9898648648648648,0.9701986754966888,0.9848024316109424,0.9614243323442137,0.972972972972973,0.9484536082474226,0.9261744966442952,0.9371816638370118,0.939102564102564,0.9543973941368078,0.9466882067851372,0.9577464788732394,0.9315068493150684,0.9444444444444444,0.8913043478260869,0.7592592592592593,0.8200000000000001,0.9722222222222222,0.945945945945946,0.9589041095890412,0.9294478527607362,0.9680511182108626,0.9483568075117372,0.0,0.0,0.0,0.9153094462540716,0.9429530201342282,0.9289256198347108
arch_base,0.005,13,2,9960.0,2489.0,12.0,1.0,0.0482517209564593,0.4005548437398581,0.9642570281124498,0.9385295299316996,0.8460351867709608,0.8186855741662846,0.8281960700107216,0.9376430402979982,1.7771906852722168,0.950657894736842,0.9763513513513512,0.9633333333333334,0.9910714285714286,0.9881305637982196,0.9895988112927192,0.9761904761904762,0.825503355704698,0.8945454545454544,0.915360501567398,0.954248366013072,0.9344,0.9285714285714286,0.934931506849315,0.931740614334471,0.9444444444444444,0.6296296296296297,0.7555555555555556,0.9225806451612903,0.9662162162162162,0.943894389438944,0.96742671009772,0.9488817891373802,0.9580645161290322,0.0,0.0,0.0,0.8640483383685801,0.9629629629629628,0.910828025477707
arch_base,0.005,13,3,9960.0,2489.0,11.0,0.0,0.0989318562010369,0.520902160126136,0.9565261044176708,0.9296906388107674,0.8275370185142912,0.8224272113009434,0.8245006501345022,0.9294606788668583,1.627351999282837,0.9381107491856676,0.972972972972973,0.9552238805970148,0.9593023255813954,0.9792284866468842,0.9691629955947136,0.8892405063291139,0.9429530201342282,0.9153094462540716,0.9469964664310954,0.8758169934640523,0.9100169779286926,0.9013157894736842,0.9383561643835616,0.9194630872483222,0.82,0.7592592592592593,0.7884615384615384,0.9658703071672357,0.956081081081081,0.9609507640067912,0.9562289562289562,0.9073482428115016,0.9311475409836066,0.0,0.0,0.0,0.8983050847457628,0.8922558922558923,0.8952702702702704
arch_base,0.005,13,4,9962.0,2487.0,13.0,2.0,0.0656557127061312,0.3537986630848411,0.9717928126882152,0.9453156413349416,0.8299896352397036,0.8398935758623811,0.8340307539109195,0.94586213640704,1.9278368949890137,0.9659863945578232,0.9594594594594594,0.9627118644067796,0.976401179941003,0.9821958456973294,0.9792899408284024,0.9527027027027029,0.9494949494949496,0.951096121416526,0.9690721649484536,0.9215686274509804,0.9447236180904522,0.9319727891156464,0.9383561643835616,0.9351535836177476,0.676923076923077,0.8148148148148148,0.7394957983193278,0.9827586206896552,0.9661016949152542,0.9743589743589745,0.9562289562289562,0.9073482428115016,0.9311475409836066,0.0,0.0,0.0,0.8878504672897196,0.9595959595959596,0.9223300970873788
arch_base,0.005,21,0,9956.0,2493.0,13.0,2.0,0.0649984875394525,0.3419591977603821,0.9807151466452392,0.9546730846369836,0.8445271058861115,0.8479358758656028,0.8460915610986601,0.9548216586081476,1.9898099899291992,0.9601328903654484,0.9763513513513512,0.9681742043551088,0.9909638554216867,0.9762611275964392,0.98355754857997,0.9288025889967636,0.9630872483221476,0.945634266886326,0.9566666666666668,0.9348534201954396,0.9456342668863262,0.9493243243243245,0.9623287671232876,0.95578231292517,0.7758620689655172,0.8181818181818182,0.7964601769911505,0.9827586206896552,0.9628378378378378,0.9726962457337884,0.96742671009772,0.945859872611465,0.9565217391304348,0.0,0.0,0.0,0.9333333333333332,0.9395973154362416,0.9364548494983278
arch_base,0.005,21,1,9958.0,2491.0,15.0,4.0,0.1084787952795843,0.5021866310494566,0.9810202851978308,0.9498193496587716,0.8430950623794751,0.8418518580884042,0.8424253673569536,0.9497146467834776,2.339794874191284,0.9636963696369636,0.9864864864864864,0.9749582637729548,0.9734513274336284,0.9792284866468842,0.9763313609467454,0.9463087248322148,0.9463087248322148,0.9463087248322148,0.95,0.9283387622149836,0.9390444810543656,0.9381443298969072,0.934931506849315,0.9365351629502574,0.8113207547169812,0.7962962962962963,0.8037383177570094,0.9657534246575342,0.9527027027027029,0.9591836734693876,0.9498432601880876,0.9680511182108626,0.9588607594936708,0.0,0.0,0.0,0.9324324324324323,0.9261744966442952,0.9292929292929292
arch_base,0.005,21,2,9960.0,2489.0,11.0,0.0,0.0514194000546767,0.4196157986592205,0.9577309236947792,0.9296906388107674,0.8225315790053646,0.8360262328523659,0.8279317405010653,0.9298237362570484,1.7225620746612549,0.9595959595959596,0.9628378378378378,0.9612141652613828,0.9510086455331412,0.9792284866468842,0.9649122807017544,0.886435331230284,0.9429530201342282,0.9138211382113822,0.9615384615384616,0.8986928104575164,0.929054054054054,0.91156462585034,0.9178082191780822,0.9146757679180888,0.746268656716418,0.925925925925926,0.8264462809917356,0.9342105263157896,0.9594594594594594,0.9466666666666668,0.958904109589041,0.8945686900958466,0.9256198347107438,0.0,0.0,0.0,0.9157894736842104,0.8787878787878788,0.8969072164948454
arch_base,0.005,21,3,9960.0,2489.0,13.0,2.0,0.1064644805861094,0.4951431955936242,0.9717871485943776,0.941743672157493,0.8350290520340427,0.8384223663632367,0.8365225059908526,0.9418726919419498,2.167285203933716,0.9664429530201344,0.972972972972973,0.9696969696969696,0.9879518072289156,0.973293768545994,0.9805680119581464,0.9183006535947712,0.9429530201342282,0.9304635761589404,0.9551724137931036,0.9052287581699346,0.929530201342282,0.9409722222222222,0.928082191780822,0.9344827586206896,0.7894736842105263,0.8333333333333334,0.8108108108108109,0.952542372881356,0.9493243243243245,0.9509306260575296,0.935897435897436,0.9329073482428116,0.9344,0.0,0.0,0.0,0.9035369774919614,0.9461279461279462,0.924342105263158
arch_base,0.005,21,4,9962.0,2487.0,12.0,1.0,0.1077765388652848,0.5317309346627818,0.9640634410760892,0.9392842782468838,0.8434148659211491,0.8115876668343762,0.8220605139623294,0.9380840609575842,1.7925851345062256,0.9437086092715232,0.9628378378378378,0.9531772575250836,0.9852507374631267,0.9910979228486648,0.9881656804733728,0.9695817490494296,0.8585858585858586,0.9107142857142856,0.8554913294797688,0.9673202614379084,0.9079754601226996,0.929530201342282,0.9486301369863014,0.9389830508474576,0.90625,0.5370370370370371,0.6744186046511628,0.9630872483221476,0.9728813559322034,0.9679595278246208,0.9465408805031448,0.9616613418530352,0.9540412044374008,0.0,0.0,0.0,0.9347079037800688,0.915824915824916,0.9251700680272108
arch_base,0.005,99,0,9956.0,2493.0,12.0,1.0,0.0381682533639222,0.4074134848758435,0.9706709521896344,0.9402326514239872,0.8392779967673215,0.822385065963406,0.8292732453764777,0.9398649668044337,1.7803361415863037,0.9697986577181208,0.9763513513513512,0.9730639730639732,0.984984984984985,0.973293768545994,0.9791044776119404,0.951219512195122,0.9161073825503356,0.9333333333333332,0.9442622950819672,0.9381107491856676,0.9411764705882352,0.950354609929078,0.9178082191780822,0.9337979094076656,0.8571428571428571,0.6545454545454545,0.7422680412371134,0.9470198675496688,0.9662162162162162,0.9565217391304348,0.9204892966360856,0.9585987261146496,0.939157566302652,0.0,0.0,0.0,0.8675078864353313,0.9228187919463088,0.8943089430894309
arch_base,0.005,99,1,9958.0,2491.0,12.0,1.0,0.0669020363165238,0.4215350943363405,0.970676842739506,0.9413890004014452,0.8458165188215439,0.8258812985840216,0.8338702153807505,0.941033940488884,1.7706172466278076,0.972972972972973,0.972972972972973,0.972972972972973,0.9850746268656716,0.9792284866468842,0.982142857142857,0.9233333333333332,0.929530201342282,0.9264214046822744,0.933774834437086,0.9185667752442996,0.9261083743842364,0.946808510638298,0.9143835616438356,0.930313588850174,0.925,0.6851851851851852,0.7872340425531915,0.9477124183006536,0.9797297297297296,0.9634551495016612,0.9449838187702264,0.9329073482428116,0.9389067524115756,0.0,0.0,0.0,0.8785046728971962,0.9463087248322148,0.911147011308562
arch_base,0.005,99,2,9960.0,2489.0,13.0,2.0,0.0239000245251774,0.4200001180373384,0.9661646586345382,0.9425472077139412,0.8426184963615221,0.8326553518303219,0.8369432337909292,0.9423622497163568,1.8943560123443604,0.9383116883116884,0.9763513513513512,0.956953642384106,0.9651162790697676,0.9851632047477744,0.97503671071953,0.9423728813559322,0.9328859060402684,0.9376053962900506,0.953020134228188,0.9281045751633988,0.9403973509933774,0.9632352941176472,0.8972602739726028,0.9290780141843972,0.8723404255319149,0.7592592592592593,0.8118811881188118,0.95578231292517,0.9493243243243245,0.9525423728813558,0.9551282051282052,0.952076677316294,0.9536,0.0,0.0,0.0,0.8808777429467085,0.9461279461279462,0.9123376623376624
arch_base,0.005,99,3,9960.0,2489.0,13.0,2.0,0.066980258973015,0.3481374204963795,0.9739959839357428,0.9541984732824428,0.8609610706409423,0.8547528519611379,0.8574866034840399,0.9542013980058832,1.9229776859283447,0.960655737704918,0.9898648648648648,0.9750415973377704,0.9792899408284024,0.9821958456973294,0.9807407407407408,0.9245901639344264,0.9463087248322148,0.9353233830845772,0.9531772575250836,0.931372549019608,0.9421487603305784,0.9073482428115016,0.9726027397260274,0.9388429752066116,0.98,0.9074074074074074,0.9423076923076924,0.9861111111111112,0.9594594594594594,0.9726027397260274,0.9640522875816994,0.9424920127795527,0.9531502423263328,0.0,0.0,0.0,0.9543859649122808,0.915824915824916,0.9347079037800688
arch_base,0.005,99,4,9962.0,2487.0,12.0,1.0,0.0536556116024526,0.4640802576488179,0.9679783176069062,0.9340570969039004,0.8253002287238871,0.8227357919961531,0.8238165562770934,0.9337366451822742,1.7544026374816897,0.931372549019608,0.9628378378378378,0.946843853820598,0.943502824858757,0.9910979228486648,0.9667149059334296,0.9423728813559322,0.936026936026936,0.9391891891891893,0.9351535836177476,0.8954248366013072,0.9148580968280468,0.9438596491228072,0.9212328767123288,0.932409012131716,0.75,0.7222222222222222,0.7358490566037735,0.9405940594059404,0.9661016949152542,0.9531772575250834,0.9383116883116884,0.9233226837060704,0.930756843800322,0.0,0.0,0.0,0.9278350515463918,0.9090909090909092,0.9183673469387756
arch_base,0.01,42,0,9956.0,2493.0,16.0,5.0,0.1382329970007144,0.4781258951994699,0.9534953796705504,0.9221821099077416,0.8376648079783735,0.808881500488787,0.8194005455936508,0.9239122252122748,2.355232000350952,0.9823943661971832,0.9425675675675677,0.9620689655172414,0.9734513274336284,0.9792284866468842,0.9763313609467454,0.9324324324324323,0.9261744966442952,0.9292929292929292,0.7182044887780549,0.9381107491856676,0.8135593220338982,0.969811320754717,0.8801369863013698,0.9228007181328546,0.925,0.6727272727272727,0.7789473684210527,0.9896193771626296,0.9662162162162162,0.9777777777777776,0.9466666666666668,0.9044585987261148,0.9250814332247558,0.0,0.0,0.0,0.9390681003584228,0.8791946308724832,0.9081455805892548
arch_base,0.01,42,1,9958.0,2491.0,11.0,0.0,0.1283414061711074,0.389177802402272,0.9347258485639688,0.9152950622240064,0.8021950101945639,0.8118625972030774,0.8058977155461615,0.9158524478184537,1.6024372577667236,0.9488054607508531,0.9391891891891893,0.9439728353140916,0.9649122807017544,0.9792284866468842,0.9720176730486008,0.9121621621621622,0.906040268456376,0.9090909090909092,0.9066666666666666,0.8859934853420195,0.8962108731466226,0.8580246913580247,0.952054794520548,0.9025974025974026,0.6363636363636364,0.7777777777777778,0.7000000000000001,0.9709090909090908,0.902027027027027,0.935201401050788,0.931372549019608,0.9105431309904152,0.9208400646203554,0.0,0.0,0.0,0.8927335640138409,0.8657718120805369,0.879045996592845
arch_base,0.01,42,2,9960.0,2489.0,14.0,3.0,0.1453761252448466,0.5309769929841002,0.960140562248996,0.9276817999196464,0.8220322463988807,0.8159949647694088,0.8182666529573789,0.9276886317275848,2.0621628761291504,0.9789473684210528,0.9425675675675677,0.9604130808950088,0.9878048780487804,0.9614243323442137,0.974436090225564,0.9438596491228072,0.9026845637583892,0.9228130360205832,0.8526011560693642,0.9640522875816994,0.9049079754601228,0.91,0.934931506849315,0.9222972972972971,0.76,0.7037037037037037,0.7307692307692308,0.94,0.9527027027027029,0.9463087248322148,0.9130434782608696,0.939297124600639,0.925984251968504,0.0,0.0,0.0,0.934065934065934,0.8585858585858586,0.8947368421052632
arch_base,0.01,42,3,9960.0,2489.0,11.0,0.0,0.1811860284930518,0.5889506012165439,0.9323293172690764,0.926878264363198,0.8250357418264389,0.8150714845373355,0.8187629354015595,0.9260258398456942,1.6164789199829102,0.9184952978056428,0.9898648648648648,0.9528455284552846,0.9596541786743517,0.9881305637982196,0.9736842105263158,0.9315068493150684,0.912751677852349,0.9220338983050848,0.8675078864353313,0.8986928104575164,0.8828250401284109,0.9612676056338028,0.934931506849315,0.9479166666666669,0.8085106382978723,0.7037037037037037,0.7524752475247524,0.953020134228188,0.9594594594594594,0.956228956228956,0.8982035928143712,0.9584664536741214,0.9273570324574962,0.0,0.0,0.0,0.952191235059761,0.8047138047138047,0.8722627737226278
arch_base,0.01,42,4,9962.0,2487.0,12.0,1.0,0.1581812351347075,0.4849051755142518,0.9374623569564344,0.919179734620024,0.8190193682006083,0.7889928375805699,0.7986186490003341,0.918117100948702,1.8001060485839844,0.975177304964539,0.929054054054054,0.9515570934256056,0.9705014749262536,0.9762611275964392,0.9733727810650888,0.9270833333333334,0.898989898989899,0.9128205128205128,0.8450292397660819,0.9444444444444444,0.8919753086419753,0.9407407407407408,0.8698630136986302,0.903914590747331,0.8064516129032258,0.4629629629629629,0.5882352941176471,0.9623287671232876,0.952542372881356,0.9574105621805792,0.926517571884984,0.926517571884984,0.926517571884984,0.0,0.0,0.0,0.8363636363636363,0.9292929292929292,0.8803827751196173
arch_base,0.01,7,0,9956.0,2493.0,11.0,0.0,0.1081109289500591,0.3735075909012535,0.9192446765769384,0.8957079823505816,0.7861385203328453,0.7841430081089846,0.7823877532175179,0.8955365455370063,1.6631848812103271,0.940983606557377,0.9695945945945946,0.9550748752079868,0.9814241486068112,0.940652818991098,0.9606060606060606,0.9175257731958762,0.8959731543624161,0.9066213921901528,0.8541666666666666,0.9348534201954396,0.8926905132192846,0.7597765363128491,0.9315068493150684,0.8369230769230769,0.603448275862069,0.6363636363636364,0.6194690265486726,0.9702602230483272,0.8817567567567568,0.9238938053097344,0.9164086687306502,0.9426751592356688,0.9293563579277864,0.0,0.0,0.0,0.917391304347826,0.7080536912751678,0.7992424242424243
arch_base,0.01,7,1,9958.0,2491.0,16.0,5.0,0.2452986579292803,0.5532701602548429,0.949989957822856,0.9313528703331996,0.8330039070228301,0.8268391724551588,0.8287034354053905,0.9328088882177406,2.346139907836914,0.9693877551020408,0.9628378378378378,0.9661016949152542,0.9907120743034056,0.9495548961424332,0.9696969696969696,0.9390681003584228,0.8791946308724832,0.9081455805892548,0.7598944591029023,0.9381107491856676,0.8396501457725946,0.9515570934256056,0.9417808219178082,0.9466437177280552,0.8113207547169812,0.7962962962962963,0.8037383177570094,0.9787234042553192,0.9324324324324323,0.9550173010380624,0.9612903225806452,0.952076677316294,0.956661316211878,0.0,0.0,0.0,0.9680851063829788,0.9161073825503356,0.9413793103448276
arch_base,0.01,7,2,9960.0,2489.0,14.0,3.0,0.2404911462316326,0.5684894738369999,0.9381526104417672,0.9100040176777824,0.8142143386283562,0.7935046102040711,0.8012953108056375,0.91025742800064,2.1723151206970215,0.9887218045112782,0.8885135135135135,0.9359430604982208,0.9652173913043478,0.9881305637982196,0.9765395894428152,0.7657142857142857,0.8993288590604027,0.8271604938271604,0.9144736842105264,0.9084967320261438,0.9114754098360656,0.9422382671480144,0.8938356164383562,0.9173989455184536,0.825,0.6111111111111112,0.7021276595744681,0.9228295819935692,0.9695945945945946,0.945634266886326,0.9403973509933776,0.9073482428115016,0.9235772357723576,0.0,0.0,0.0,0.8775510204081632,0.8686868686868687,0.8730964467005075
arch_base,0.01,7,3,9960.0,2489.0,11.0,0.0,0.2144120891025455,0.5885930818405273,0.9311244979919678,0.920449979911611,0.816693273065091,0.8150522691930945,0.8150880541927918,0.9210439344741672,1.691377878189087,0.9653979238754326,0.9425675675675677,0.953846153846154,0.9969040247678018,0.9554896142433236,0.9757575757575758,0.91156462585034,0.8993288590604027,0.9054054054054056,0.8823529411764706,0.931372549019608,0.906200317965024,0.9121621621621622,0.9246575342465754,0.9183673469387756,0.7592592592592593,0.7592592592592593,0.7592592592592593,0.9554794520547946,0.9425675675675677,0.9489795918367347,0.9642857142857144,0.8626198083067093,0.9106239460370994,0.0,0.0,0.0,0.8195266272189349,0.9326599326599326,0.8724409448818897
arch_base,0.01,7,4,9962.0,2487.0,14.0,3.0,0.1858553757346238,0.5068412177160166,0.9429833366793816,0.9207880981101728,0.8281572025600112,0.8071640123566217,0.8147860551144784,0.9218965710187376,2.4159722328186035,0.9791666666666666,0.9527027027027029,0.9657534246575342,0.982089552238806,0.9762611275964392,0.9791666666666664,0.741514360313316,0.9562289562289562,0.8352941176470589,0.9351535836177476,0.8954248366013072,0.9148580968280468,0.9550561797752808,0.8732876712328768,0.9123434704830056,0.8571428571428571,0.6666666666666666,0.75,0.9489795918367347,0.9457627118644067,0.9473684210526316,0.9634551495016612,0.926517571884984,0.9446254071661238,0.0,0.0,0.0,0.9190140845070424,0.8787878787878788,0.8984509466437177
arch_base,0.01,13,0,9956.0,2493.0,13.0,2.0,0.1710718972553394,0.5620196435533383,0.9516874246685416,0.9257922182109908,0.8216110761726896,0.8178635348712957,0.8187563255372806,0.925437161400569,2.054088830947876,0.934640522875817,0.9662162162162162,0.9501661129568106,0.96242774566474,0.9881305637982196,0.9751098096632504,0.8785046728971962,0.9463087248322148,0.911147011308562,0.9424460431654677,0.8534201954397395,0.8957264957264958,0.8840125391849529,0.9657534246575342,0.923076923076923,0.7735849056603774,0.7454545454545455,0.7592592592592593,0.9775280898876404,0.8817567567567568,0.9271758436944938,0.916923076923077,0.9490445859872612,0.9327073552425664,0.0,0.0,0.0,0.946043165467626,0.8825503355704698,0.9131944444444444
arch_base,0.01,13,1,9958.0,2491.0,12.0,1.0,0.2019894334745669,0.5034177744855427,0.9259891544486843,0.9096748293857888,0.7833494001317061,0.76602160673856,0.7707013329116373,0.9071696516167812,1.8191368579864504,0.8801261829652997,0.9425675675675677,0.9102773246329526,0.9878048780487804,0.9614243323442137,0.974436090225564,0.9480968858131488,0.9194630872483222,0.9335604770017036,0.8810975609756098,0.9413680781758956,0.9102362204724408,0.9097472924187726,0.863013698630137,0.8857644991212655,0.5172413793103449,0.2777777777777778,0.3614457831325302,0.9261744966442952,0.9324324324324323,0.9292929292929292,0.9419354838709676,0.9329073482428116,0.9373996789727126,0.0,0.0,0.0,0.8412698412698413,0.889261744966443,0.8646003262642741
arch_base,0.01,13,2,9960.0,2489.0,12.0,1.0,0.250569741632088,0.5784738685130748,0.945281124497992,0.9248694254720772,0.8340731630480311,0.8076171923932796,0.8173157970620718,0.924074616943585,1.7637560367584229,0.9663299663299664,0.9695945945945946,0.9679595278246208,0.9479768786127168,0.973293768545994,0.960468521229868,0.9304029304029304,0.8523489932885906,0.8896672504378283,0.928813559322034,0.8954248366013072,0.9118136439267888,0.8842443729903537,0.9417808219178082,0.912106135986733,0.9444444444444444,0.6296296296296297,0.7555555555555556,0.9318181818181818,0.9695945945945946,0.9503311258278144,0.945859872611465,0.9488817891373802,0.9473684210526316,0.0,0.0,0.0,0.86084142394822,0.8956228956228957,0.877887788778878
arch_base,0.01,13,3,9960.0,2489.0,11.0,0.0,0.1643134984661891,0.4876248136799819,0.9228915662650602,0.9035757332261952,0.797081851501853,0.7897206972765589,0.7919240432668159,0.9028680203716374,1.5990700721740725,0.9503311258278144,0.9695945945945946,0.959866220735786,0.9705014749262536,0.9762611275964392,0.9733727810650888,0.8918918918918919,0.8859060402684564,0.8888888888888888,0.9637681159420288,0.869281045751634,0.9140893470790378,0.9078498293515358,0.910958904109589,0.9094017094017094,0.6938775510204082,0.6296296296296297,0.6601941747572815,0.8938906752411575,0.9391891891891893,0.915980230642504,0.8119891008174387,0.952076677316294,0.8764705882352942,0.0,0.0,0.0,0.88671875,0.7643097643097643,0.8209764918625677
arch_base,0.01,13,4,9962.0,2487.0,14.0,3.0,0.1734401216907263,0.4744337228162021,0.9548283477213412,0.9304382790510656,0.8387833827593777,0.8180349752609233,0.8258346616209963,0.9302285779505544,2.050900936126709,0.9595959595959596,0.9628378378378378,0.9612141652613828,0.9794721407624634,0.9910979228486648,0.9852507374631267,0.8323699421965318,0.9696969696969696,0.895800933125972,0.9163987138263664,0.931372549019608,0.9238249594813612,0.9802371541501976,0.8493150684931506,0.910091743119266,0.926829268292683,0.7037037037037037,0.8000000000000002,0.9395973154362416,0.9491525423728814,0.9443507588532882,0.9466666666666668,0.9073482428115016,0.9265905383360524,0.0,0.0,0.0,0.9066666666666666,0.915824915824916,0.9112227805695142
arch_base,0.01,21,0,9956.0,2493.0,17.0,6.0,0.1705804455077561,0.4331539012451184,0.9594214543993572,0.9446450060168472,0.8474329460358472,0.8365408666721977,0.8406980175514714,0.9453120847815044,2.505039930343628,0.9763513513513512,0.9763513513513512,0.9763513513513512,0.9848024316109424,0.9614243323442137,0.972972972972973,0.8135593220338984,0.9664429530201344,0.883435582822086,0.9826388888888888,0.9218241042345277,0.9512605042016806,0.9712230215827338,0.9246575342465754,0.9473684210526316,0.8775510204081632,0.7818181818181819,0.8269230769230769,1.0,0.9222972972972971,0.9595782073813708,0.9446153846153846,0.9777070063694268,0.9608763693270734,0.0,0.0,0.0,0.9235880398671096,0.9328859060402684,0.9282136894824708
arch_base,0.01,21,1,9958.0,2491.0,16.0,5.0,0.166113597525852,0.5513307780005964,0.9521992367945372,0.9181051786431152,0.8193032156096522,0.7989660459911981,0.8059500174503779,0.9188044178690912,2.3709020614624023,0.9665551839464884,0.9763513513513512,0.9714285714285714,0.9879154078549848,0.9703264094955488,0.9790419161676646,0.9344827586206896,0.9093959731543624,0.9217687074829932,0.929054054054054,0.8957654723127035,0.9121061359867332,0.91,0.934931506849315,0.9222972972972971,0.7804878048780488,0.5925925925925926,0.6736842105263158,0.9723320158102768,0.831081081081081,0.8961748633879781,0.9700996677740864,0.9329073482428116,0.9511400651465798,0.0,0.0,0.0,0.7421052631578947,0.9463087248322148,0.831858407079646
arch_base,0.01,21,2,9960.0,2489.0,12.0,1.0,0.1660597997074369,0.5801223111919533,0.9298192771084336,0.905182804339092,0.8151817488223785,0.7850526494808293,0.7956096233674987,0.9041853348485752,1.7912750244140625,0.9292929292929292,0.9324324324324323,0.9308600337268128,0.9344729344729344,0.973293768545994,0.9534883720930232,0.8377483443708609,0.8489932885906041,0.8433333333333333,0.8823529411764706,0.931372549019608,0.906200317965024,0.9084745762711864,0.9178082191780822,0.9131175468483816,0.9090909090909092,0.5555555555555556,0.6896551724137931,0.96113074204947,0.918918918918919,0.9395509499136442,0.8885448916408669,0.9169329073482428,0.9025157232704404,0.0,0.0,0.0,0.900709219858156,0.8552188552188552,0.8773747841105354
arch_base,0.01,21,3,9960.0,2489.0,15.0,4.0,0.1246558886914805,0.4794492906160978,0.960843373493976,0.935315387705906,0.8398382165807756,0.8346443943254845,0.8365615608059773,0.9360105055527408,2.1867451667785645,0.9694915254237289,0.9662162162162162,0.9678510998307952,0.9907407407407408,0.9525222551928784,0.9712556732223904,0.9206896551724136,0.8959731543624161,0.9081632653061223,0.8117977528089888,0.9444444444444444,0.8731117824773414,0.9711191335740073,0.9212328767123288,0.9455184534270652,0.8846153846153846,0.8518518518518519,0.8679245283018868,0.9623287671232876,0.9493243243243245,0.95578231292517,0.9396825396825396,0.9456869009584664,0.9426751592356688,0.0,0.0,0.0,0.9479166666666666,0.9191919191919192,0.9333333333333332
arch_base,0.01,21,4,9962.0,2487.0,14.0,3.0,0.1788274488947878,0.5425996377083601,0.9474001204577394,0.9304382790510656,0.8030563562732278,0.8242367417369671,0.8077310081535695,0.9342183498142396,2.049203872680664,0.9297124600638976,0.983108108108108,0.955665024630542,0.990990990990991,0.9792284866468842,0.9850746268656716,0.9575971731448764,0.9124579124579124,0.9344827586206896,0.9370860927152318,0.9248366013071896,0.930921052631579,0.9637681159420288,0.910958904109589,0.9366197183098592,0.4117647058823529,0.7777777777777778,0.5384615384615384,0.9717314487632508,0.9322033898305084,0.9515570934256056,0.948051948051948,0.9329073482428116,0.9404186795491144,0.0,0.0,0.0,0.9198606271777005,0.8888888888888888,0.9041095890410958
arch_base,0.01,99,0,9956.0,2493.0,11.0,0.0,0.1688131441661597,0.4262128705813895,0.9198473282442748,0.9021259526674688,0.7886814198799975,0.7896710038824509,0.7877927169020353,0.9023167997495254,1.62648606300354,0.9407894736842104,0.9662162162162162,0.9533333333333333,0.9241573033707864,0.9762611275964392,0.9494949494949494,0.8959731543624161,0.8959731543624161,0.8959731543624161,0.8766233766233766,0.8794788273615635,0.8780487804878049,0.98,0.839041095890411,0.9040590405904058,0.5833333333333334,0.6363636363636364,0.6086956521739131,0.94314381270903,0.9527027027027029,0.9478991596638656,0.9321428571428572,0.8312101910828026,0.8787878787878788,0.0,0.0,0.0,0.8106508875739645,0.9194630872483222,0.8616352201257862
arch_base,0.01,99,1,9958.0,2491.0,13.0,2.0,0.2411894229062039,0.5978525504479708,0.9452701345651736,0.9177037334403854,0.8351936479268088,0.7925506185659164,0.8052550279560269,0.917375357182785,1.905851125717163,0.9509803921568628,0.983108108108108,0.9667774086378736,0.9731343283582088,0.9673590504451038,0.9702380952380952,0.9106529209621992,0.889261744966443,0.899830220713073,0.7610389610389611,0.9543973941368078,0.846820809248555,0.9032258064516128,0.958904109589041,0.9302325581395348,0.9655172413793104,0.5185185185185185,0.6746987951807228,0.9669117647058824,0.8885135135135135,0.926056338028169,0.9477124183006536,0.926517571884984,0.9369951534733442,0.0,0.0,0.0,0.9727626459143968,0.8389261744966443,0.9009009009009008
arch_base,0.01,99,2,9960.0,2489.0,14.0,3.0,0.2148586382135189,0.6408378486073711,0.9471887550200804,0.9176376054640418,0.8075656010558457,0.8058813975568032,0.806078217302244,0.91776434824309,2.0460410118103027,0.8338278931750742,0.9493243243243245,0.8878357030015799,0.9822485207100592,0.9851632047477744,0.9837037037037036,0.948905109489051,0.87248322147651,0.9090909090909092,0.9052287581699346,0.9052287581699346,0.9052287581699346,0.9530685920577616,0.9041095890410958,0.9279437609841829,0.6851851851851852,0.6851851851851852,0.6851851851851852,0.9527027027027029,0.9527027027027029,0.9527027027027029,0.9158878504672896,0.939297124600639,0.9274447949526816,0.0,0.0,0.0,0.8986013986013986,0.8653198653198653,0.8816466552315609
arch_base,0.01,99,3,9960.0,2489.0,15.0,4.0,0.3956252248747572,0.7223945768270853,0.952710843373494,0.9421454399357172,0.8516571603913435,0.8324063808518612,0.8400161842782202,0.9428761207514508,2.219119071960449,0.9697986577181208,0.9763513513513512,0.9730639730639732,0.9851632047477744,0.9851632047477744,0.9851632047477744,0.7943661971830986,0.9463087248322148,0.8637059724349158,0.9798657718120806,0.954248366013072,0.9668874172185432,0.9355932203389832,0.9452054794520548,0.9403747870528107,0.9534883720930232,0.7592592592592593,0.845360824742268,0.9926470588235294,0.9121621621621622,0.9507042253521126,0.948051948051948,0.9329073482428116,0.9404186795491144,0.0,0.0,0.0,0.9575971731448764,0.9124579124579124,0.9344827586206896
arch_base,0.01,99,4,9962.0,2487.0,12.0,1.0,0.1515351974199573,0.5631220397854313,0.9437863882754468,0.90832328106152,0.8095081928389656,0.7832058288305366,0.7918927814501001,0.906799568431388,1.7790279388427734,0.9491525423728814,0.945945945945946,0.9475465313028764,0.96242774566474,0.9881305637982196,0.9751098096632504,0.8838709677419355,0.9225589225589226,0.9028006589785832,0.8507462686567164,0.931372549019608,0.8892355694227769,0.8774834437086093,0.9075342465753424,0.8922558922558923,0.8181818181818182,0.5,0.6206896551724137,0.915032679738562,0.9491525423728814,0.9317803660565724,0.9344827586206896,0.865814696485623,0.8988391376451077,0.0,0.0,0.0,0.9037037037037036,0.8215488215488216,0.8606701940035274
arch_wider,0.0001,42,0,9956.0,2493.0,23.0,12.0,0.0024574121484797,0.2193602721311266,0.9983929288871032,0.9558764540714,0.8478304166115173,0.8532055857427625,0.8501982983106775,0.9559296550690994,6.507566928863525,0.97,0.983108108108108,0.976510067114094,0.9736070381231672,0.9851632047477744,0.9793510324483776,0.9283387622149836,0.9563758389261744,0.9421487603305786,0.9724137931034482,0.9185667752442996,0.9447236180904522,0.945945945945946,0.958904109589041,0.9523809523809524,0.8,0.8727272727272727,0.8347826086956521,0.986254295532646,0.9695945945945946,0.9778534923339012,0.9470404984423676,0.9681528662420382,0.95748031496063,0.0,0.0,0.0,0.9547038327526132,0.9194630872483222,0.9367521367521368
arch_wider,0.0001,42,1,9958.0,2491.0,23.0,12.0,0.0025076355433735,0.2083785611420482,0.9982928298855192,0.9550381372942592,0.8520277022172966,0.8491094656967031,0.8504342325301399,0.954929448038458,6.5479419231414795,0.9664429530201344,0.972972972972973,0.9696969696969696,0.9792899408284024,0.9821958456973294,0.9807407407407408,0.9590443686006824,0.9429530201342282,0.9509306260575296,0.9536423841059604,0.9381107491856676,0.9458128078817734,0.9607142857142856,0.9212328767123288,0.9405594405594406,0.8653846153846154,0.8333333333333334,0.8490566037735849,0.9633333333333334,0.9763513513513512,0.9697986577181208,0.9386503067484664,0.977635782747604,0.9577464788732396,0.0,0.0,0.0,0.933774834437086,0.9463087248322148,0.94
arch_wider,0.0001,42,2,9960.0,2489.0,23.0,12.0,0.002377873131258,0.1770875477891146,0.9981927710843372,0.9489754921655283,0.8456949500890932,0.8382467483948448,0.8416589395279319,0.9487511929649006,6.478917121887207,0.9667774086378738,0.983108108108108,0.9748743718592964,0.9821428571428572,0.9792284866468842,0.9806835066864784,0.9393939393939394,0.9362416107382552,0.9378151260504204,0.9636963696369636,0.954248366013072,0.9589490968801314,0.936026936026936,0.952054794520548,0.9439728353140916,0.8541666666666666,0.7592592592592593,0.8039215686274509,0.9503311258278144,0.9695945945945946,0.959866220735786,0.9329073482428116,0.9329073482428116,0.9329073482428116,0.0,0.0,0.0,0.9315068493150684,0.915824915824916,0.9235993208828523
arch_wider,0.0001,42,3,9960.0,2489.0,23.0,12.0,0.0024561017676519,0.2077195406578156,0.9983935742971888,0.9550020088388912,0.8541038636102076,0.8445247668406127,0.8488087573909185,0.9547338873579048,6.588939905166626,0.9602649006622516,0.9797297297297296,0.9698996655518396,0.9794117647058824,0.9881305637982196,0.983751846381093,0.9517241379310344,0.9261744966442952,0.9387755102040818,0.930379746835443,0.9607843137254902,0.945337620578778,0.9463087248322148,0.9657534246575342,0.9559322033898304,0.8936170212765957,0.7777777777777778,0.8316831683168316,0.9662162162162162,0.9662162162162162,0.9662162162162162,0.9587301587301588,0.9648562300319488,0.961783439490446,0.0,0.0,0.0,0.9543859649122808,0.915824915824916,0.9347079037800688
arch_wider,0.0001,42,4,9962.0,2487.0,24.0,13.0,0.0022687930189593,0.1713037990242882,0.9990965669544268,0.956172094893446,0.8558671901696716,0.8501610534591796,0.8527694933695757,0.9560893420543698,6.813468933105469,0.9763513513513512,0.9763513513513512,0.9763513513513512,0.9792899408284024,0.9821958456973294,0.9807407407407408,0.9716312056737588,0.9225589225589226,0.9464594127806564,0.9424920127795527,0.9640522875816994,0.9531502423263328,0.9273927392739274,0.9623287671232876,0.9445378151260504,0.9,0.8333333333333334,0.8653846153846153,0.9694915254237289,0.9694915254237289,0.9694915254237289,0.943217665615142,0.9552715654952076,0.9492063492063492,0.0,0.0,0.0,0.9488054607508531,0.936026936026936,0.9423728813559322
arch_wider,0.0001,7,0,9956.0,2493.0,21.0,10.0,0.0038307474396823,0.1999725183657913,0.9965849738850944,0.9466506217408744,0.849175054672151,0.8380827254282576,0.8430465793679588,0.9464926849950258,5.921081781387329,0.9761904761904762,0.9695945945945946,0.9728813559322034,0.9648093841642228,0.9762611275964392,0.9705014749262536,0.9183006535947712,0.9429530201342282,0.9304635761589404,0.9419354838709676,0.9511400651465798,0.946515397082658,0.939929328621908,0.910958904109589,0.925217391304348,0.9148936170212766,0.7818181818181819,0.8431372549019609,0.9594594594594594,0.9594594594594594,0.9594594594594594,0.9581993569131833,0.9490445859872612,0.9536,0.0,0.0,0.0,0.918032786885246,0.9395973154362416,0.9286898839137644
arch_wider,0.0001,7,1,9958.0,2491.0,23.0,12.0,0.0024480212874238,0.1587980320524085,0.9983932516569592,0.9662786029706943,0.8706211594471276,0.8631557725911847,0.8666399157396942,0.966212259549973,6.5229387283325195,0.9735099337748344,0.9932432432432432,0.983277591973244,0.9822485207100592,0.9851632047477744,0.9837037037037036,0.9627118644067796,0.953020134228188,0.9578414839797638,0.9635761589403974,0.9478827361563518,0.9556650246305418,0.9527027027027029,0.9657534246575342,0.9591836734693876,0.979591836734694,0.8888888888888888,0.9320388349514565,0.9797297297297296,0.9797297297297296,0.9797297297297298,0.9526813880126184,0.9648562300319488,0.9587301587301588,0.0,0.0,0.0,0.9594594594594594,0.953020134228188,0.956228956228956
arch_wider,0.0001,7,2,9960.0,2489.0,21.0,10.0,0.003166017390228,0.213945283681193,0.9976907630522088,0.9517878666130976,0.8519540164187303,0.83432294979363,0.8415988291577994,0.951274639085897,5.966293096542358,0.9666666666666668,0.9797297297297296,0.9731543624161074,0.9910979228486648,0.9910979228486648,0.9910979228486648,0.9491525423728814,0.9395973154362416,0.9443507588532882,0.935064935064935,0.9411764705882352,0.9381107491856676,0.9328859060402684,0.952054794520548,0.9423728813559324,0.902439024390244,0.6851851851851852,0.7789473684210526,0.9668874172185432,0.9864864864864864,0.976588628762542,0.9341692789968652,0.952076677316294,0.9430379746835444,0.0,0.0,0.0,0.9411764705882352,0.915824915824916,0.9283276450511946
arch_wider,0.0001,7,3,9960.0,2489.0,24.0,13.0,0.0020957532120963,0.2055137346925916,0.9991967871485944,0.957010847730012,0.8577440724029122,0.8509768381936851,0.8541197674388492,0.9569381444623748,6.831041097640991,0.9601328903654484,0.9763513513513512,0.9681742043551088,0.9850746268656716,0.9792284866468842,0.982142857142857,0.9494949494949496,0.9463087248322148,0.9478991596638656,0.9603960396039604,0.9509803921568628,0.9556650246305418,0.9335548172757476,0.9623287671232876,0.9477234401349072,0.9183673469387756,0.8333333333333334,0.8737864077669903,0.9695945945945946,0.9695945945945946,0.9695945945945946,0.9580645161290322,0.9488817891373802,0.9534510433386836,0.0,0.0,0.0,0.9427609427609428,0.9427609427609428,0.9427609427609428
arch_wider,0.0001,7,4,9962.0,2487.0,22.0,11.0,0.0030892822052156,0.1964334188057988,0.9963862678177072,0.950140731805388,0.8454380519664809,0.8466792670828213,0.8460078295607392,0.9502144620695988,6.337361097335815,0.96,0.972972972972973,0.9664429530201344,0.993939393939394,0.973293768545994,0.9835082458770612,0.9230769230769232,0.9292929292929292,0.9261744966442952,0.9361022364217252,0.9575163398692812,0.9466882067851372,0.938566552901024,0.9417808219178082,0.9401709401709402,0.8363636363636363,0.8518518518518519,0.8440366972477065,0.96875,0.9457627118644067,0.9571183533447684,0.9585987261146496,0.9616613418530352,0.9601275917065392,0.0,0.0,0.0,0.9389830508474576,0.9326599326599326,0.9358108108108107
arch_wider,0.0001,13,0,9956.0,2493.0,23.0,12.0,0.0023599295374066,0.2080519348382257,0.9988951386098834,0.9538708383473726,0.8517571900316714,0.8519064810299266,0.8517827066072293,0.9539105368767216,6.52054500579834,0.9666666666666668,0.9797297297297296,0.9731543624161074,0.9819277108433736,0.9673590504451038,0.9745889387144993,0.937908496732026,0.9630872483221476,0.9503311258278144,0.9250814332247556,0.9250814332247556,0.9250814332247556,0.9591836734693876,0.9657534246575342,0.962457337883959,0.8727272727272727,0.8727272727272727,0.8727272727272727,0.986254295532646,0.9695945945945946,0.9778534923339012,0.9609120521172638,0.9394904458598726,0.9500805152979066,0.0,0.0,0.0,0.9269102990033222,0.9362416107382552,0.9315525876460768
arch_wider,0.0001,13,1,9958.0,2491.0,23.0,12.0,0.0026243514190571,0.2043519081775924,0.9986945169712794,0.9526294660778803,0.8535352299383036,0.8413058076555536,0.8466921625682744,0.9523590503642456,6.540676116943359,0.9668874172185432,0.9864864864864864,0.976588628762542,0.982089552238806,0.9762611275964392,0.9791666666666664,0.9559322033898304,0.9463087248322148,0.951096121416526,0.9389067524115756,0.9511400651465798,0.9449838187702266,0.9393939393939394,0.9554794520547946,0.9473684210526316,0.9111111111111112,0.7592592592592593,0.8282828282828282,0.96,0.972972972972973,0.9664429530201344,0.9426751592356688,0.9456869009584664,0.9441786283891548,0.0,0.0,0.0,0.9383561643835616,0.9194630872483222,0.9288135593220338
arch_wider,0.0001,13,2,9960.0,2489.0,27.0,16.0,0.0012337002089415,0.1758619801315231,0.9997991967871486,0.959019686621133,0.8587626556034544,0.8462574976892145,0.8517817538646698,0.9587496789007623,7.721791982650757,0.9829351535836176,0.972972972972973,0.9779286926994908,0.9824046920821116,0.9940652818991098,0.9882005899705014,0.95578231292517,0.9429530201342282,0.9493243243243245,0.9504950495049505,0.9411764705882352,0.9458128078817734,0.939799331103679,0.9623287671232876,0.9509306260575296,0.9111111111111112,0.7592592592592593,0.8282828282828282,0.9663299663299664,0.9695945945945946,0.9679595278246208,0.959375,0.9808306709265175,0.9699842022116903,0.0,0.0,0.0,0.9393939393939394,0.9393939393939394,0.9393939393939394
arch_wider,0.0001,13,3,9960.0,2489.0,22.0,11.0,0.0027697955768564,0.1962185683767502,0.9971887550200804,0.9513860988348736,0.851001827800161,0.8400663985247316,0.8449717588517018,0.951184017565264,6.952065706253052,0.9761904761904762,0.9695945945945946,0.9728813559322034,0.9734513274336284,0.9792284866468842,0.9763313609467454,0.9486301369863014,0.929530201342282,0.9389830508474576,0.9575163398692812,0.9575163398692812,0.9575163398692812,0.9251700680272108,0.9315068493150684,0.9283276450511946,0.8913043478260869,0.7592592592592593,0.8200000000000001,0.972972972972973,0.972972972972973,0.972972972972973,0.9347826086956522,0.9616613418530352,0.948031496062992,0.0,0.0,0.0,0.93,0.9393939393939394,0.9346733668341708
arch_wider,0.0001,13,4,9962.0,2487.0,23.0,12.0,0.0023927854342188,0.2001884014583335,0.9985946597068862,0.9593888218737434,0.8517116134672926,0.8511383221177893,0.8513508521316208,0.959344627872368,7.978848934173584,0.9761092150170648,0.9662162162162162,0.9711375212224108,0.9626436781609196,0.9940652818991098,0.978102189781022,0.9466666666666668,0.9562289562289562,0.9514237855946398,0.9539473684210528,0.9477124183006536,0.9508196721311476,0.9647887323943662,0.9383561643835616,0.951388888888889,0.8148148148148148,0.8148148148148148,0.8148148148148148,0.9632107023411371,0.976271186440678,0.9696969696969698,0.9556962025316456,0.9648562300319488,0.960254372019078,0.0,0.0,0.0,0.9792387543252596,0.9528619528619529,0.9658703071672354
arch_wider,0.0001,21,0,9956.0,2493.0,27.0,16.0,0.0012312415931437,0.1557738359306915,0.999899558055444,0.96028880866426,0.8602850050626631,0.8508999790903848,0.8551786423848904,0.9601466351516326,8.986792802810669,0.9796610169491524,0.9763513513513512,0.9780033840947546,0.9880597014925372,0.9821958456973294,0.9851190476190476,0.9566666666666668,0.9630872483221476,0.959866220735786,0.9605263157894736,0.9511400651465798,0.955810147299509,0.9425675675675677,0.9554794520547946,0.9489795918367347,0.9166666666666666,0.8,0.854368932038835,0.9633333333333334,0.9763513513513512,0.9697986577181208,0.9559748427672956,0.9681528662420382,0.9620253164556962,0.0,0.0,0.0,0.9393939393939394,0.9362416107382552,0.9378151260504204
arch_wider,0.0001,21,1,9958.0,2491.0,24.0,13.0,0.002125836055107,0.208024836213944,0.9991966258284796,0.9542352468887996,0.8533299620881014,0.8426732706681191,0.8474172158726286,0.954003680651222,7.785809278488159,0.9508196721311476,0.9797297297297296,0.9650582362728783,0.9790419161676648,0.9703264094955488,0.9746646795827124,0.9435215946843852,0.953020134228188,0.9482470784641068,0.9411764705882352,0.9381107491856676,0.9396411092985316,0.972027972027972,0.952054794520548,0.9619377162629758,0.8913043478260869,0.7592592592592593,0.8200000000000001,0.9504950495049505,0.972972972972973,0.9616026711185308,0.9525316455696202,0.9616613418530352,0.9570747217806042,0.0,0.0,0.0,0.9523809523809524,0.9395973154362416,0.945945945945946
arch_wider,0.0001,21,2,9960.0,2489.0,24.0,13.0,0.0018676773307623,0.2150261617629283,0.9993975903614458,0.948573724387304,0.8471526179354821,0.8485248610245554,0.8477832903629092,0.9485239935484794,8.084221839904785,0.9662162162162162,0.9662162162162162,0.9662162162162162,0.9762611275964392,0.9762611275964392,0.9762611275964392,0.9417808219178082,0.9228187919463088,0.9322033898305084,0.9413680781758956,0.9444444444444444,0.9429037520391516,0.9292929292929292,0.9452054794520548,0.937181663837012,0.8727272727272727,0.8888888888888888,0.8807339449541284,0.9539473684210528,0.9797297297297296,0.9666666666666666,0.9485530546623794,0.9424920127795527,0.9455128205128206,0.0,0.0,0.0,0.9413793103448276,0.9191919191919192,0.93015332197615
arch_wider,0.0001,21,3,9960.0,2489.0,24.0,13.0,0.0022737714693545,0.1957341840817827,0.998995983935743,0.957010847730012,0.8557720092525505,0.8569557923740444,0.8562974132340821,0.9570391371125644,7.311513185501099,0.9730639730639732,0.9763513513513512,0.9747048903878583,0.982089552238806,0.9762611275964392,0.9791666666666664,0.9253246753246752,0.9563758389261744,0.9405940594059408,0.9501661129568106,0.934640522875817,0.942339373970346,0.9612676056338028,0.934931506849315,0.9479166666666669,0.8909090909090909,0.9074074074074074,0.8990825688073394,0.9761092150170648,0.9662162162162162,0.9711375212224108,0.9589905362776026,0.9712460063897764,0.9650793650793652,0.0,0.0,0.0,0.939799331103679,0.9461279461279462,0.9429530201342282
arch_wider,0.0001,21,4,9962.0,2487.0,21.0,10.0,0.0035548092236184,0.1659658019620279,0.9967877936157398,0.960595094491355,0.8545085341452505,0.8506200494628289,0.8524545199109301,0.9604450398048128,6.0503480434417725,0.9698996655518396,0.9797297297297296,0.9747899159663864,0.9823529411764704,0.9910979228486648,0.9867060561299852,0.962457337883959,0.9494949494949496,0.9559322033898304,0.9545454545454546,0.9607843137254902,0.9576547231270358,0.9493243243243245,0.9623287671232876,0.95578231292517,0.8431372549019608,0.7962962962962963,0.8190476190476189,0.9693877551020408,0.9661016949152542,0.967741935483871,0.959119496855346,0.97444089456869,0.9667194928684628,0.0,0.0,0.0,0.9548611111111112,0.925925925925926,0.9401709401709402
arch_wider,0.0001,99,0,9956.0,2493.0,24.0,13.0,0.0020187189291863,0.1924637435650651,0.9992969063881076,0.9630966706778982,0.8627398220428038,0.8546389501625967,0.8583758235266125,0.9629319703327736,7.252218961715698,0.9732441471571908,0.983108108108108,0.9781512605042018,0.9850746268656716,0.9792284866468842,0.982142857142857,0.9665551839464884,0.9697986577181208,0.9681742043551088,0.9488817891373802,0.96742671009772,0.9580645161290322,0.9517241379310344,0.9452054794520548,0.9484536082474228,0.9183673469387756,0.8181818181818182,0.8653846153846154,0.9764309764309764,0.9797297297297296,0.9780775716694772,0.9685534591194968,0.9808917197452228,0.9746835443037974,0.0,0.0,0.0,0.938566552901024,0.9228187919463088,0.9306260575296108
arch_wider,0.0001,99,1,9958.0,2491.0,22.0,11.0,0.0029092132993016,0.2163703113391825,0.9977907210283188,0.9502207948615012,0.8459468942127023,0.8409354855385329,0.8432103982672748,0.9501752927512964,6.9104368686676025,0.960655737704918,0.9898648648648648,0.9750415973377704,0.987878787878788,0.9673590504451038,0.977511244377811,0.9090909090909092,0.9395973154362416,0.924092409240924,0.9566666666666668,0.9348534201954396,0.9456342668863262,0.9427609427609428,0.958904109589041,0.9507640067911716,0.84,0.7777777777777778,0.8076923076923077,0.9790940766550522,0.9493243243243245,0.9639794168096054,0.9341692789968652,0.952076677316294,0.9430379746835444,0.0,0.0,0.0,0.9491525423728814,0.9395973154362416,0.9443507588532882
arch_wider,0.0001,99,2,9960.0,2489.0,23.0,12.0,0.0023276267112865,0.1992903069276213,0.998995983935743,0.9509843310566491,0.8504660282242803,0.8399132654025552,0.8445896344874818,0.9507482073138738,7.380918025970459,0.9601328903654484,0.9763513513513512,0.9681742043551088,0.9939577039274924,0.9762611275964392,0.9850299401197604,0.9450171821305842,0.9228187919463088,0.933786078098472,0.9405940594059404,0.931372549019608,0.935960591133005,0.9554794520547946,0.9554794520547946,0.9554794520547946,0.8913043478260869,0.7592592592592593,0.8200000000000001,0.9446254071661238,0.9797297297297296,0.9618573797678276,0.9404388714733544,0.9584664536741214,0.9493670886075948,0.0,0.0,0.0,0.9331103678929766,0.9393939393939394,0.9362416107382552
arch_wider,0.0001,99,3,9960.0,2489.0,24.0,13.0,0.002117404530082,0.1613709789266479,0.9993975903614458,0.9658497388509442,0.8633734173446881,0.8674030414110943,0.8652839087036097,0.9658836398388596,7.636767864227295,0.9797297297297296,0.9797297297297296,0.9797297297297298,0.9851190476190476,0.9821958456973294,0.9836552748885588,0.9623287671232876,0.9429530201342282,0.952542372881356,0.9732441471571908,0.9509803921568628,0.9619834710743802,0.956081081081081,0.9691780821917808,0.9625850340136052,0.8947368421052632,0.9444444444444444,0.918918918918919,0.9864864864864864,0.9864864864864864,0.9864864864864864,0.9554140127388536,0.9584664536741214,0.9569377990430622,0.0,0.0,0.0,0.9405940594059404,0.9595959595959596,0.95
arch_wider,0.0001,99,4,9962.0,2487.0,21.0,10.0,0.0036210308195422,0.209368214686081,0.9966874121662316,0.9477281865701648,0.8422150681905739,0.8385537864046052,0.8402866163790463,0.9476120456762098,6.983842134475708,0.9662162162162162,0.9662162162162162,0.9662162162162162,0.9794721407624634,0.9910979228486648,0.9852507374631267,0.9401993355481728,0.9528619528619529,0.9464882943143812,0.9253246753246752,0.931372549019608,0.9283387622149836,0.9355932203389832,0.9452054794520548,0.9403747870528107,0.8235294117647058,0.7777777777777778,0.7999999999999999,0.9528619528619529,0.9593220338983052,0.956081081081081,0.9672131147540984,0.9424920127795527,0.9546925566343042,0.0,0.0,0.0,0.931740614334471,0.9191919191919192,0.9254237288135594
arch_wider,0.0005,42,0,9956.0,2493.0,14.0,3.0,0.0003618738179662,0.2292021181322278,0.9975893933306548,0.9566787003610108,0.8496672315080012,0.8538760517632491,0.8513642344668272,0.956678250108633,4.668231248855591,0.97,0.983108108108108,0.976510067114094,0.9851632047477744,0.9851632047477744,0.9851632047477744,0.926517571884984,0.9731543624161074,0.9492635024549918,0.9691780821917808,0.9218241042345277,0.9449081803005008,0.9366666666666666,0.9623287671232876,0.9493243243243245,0.8135593220338984,0.8727272727272727,0.8421052631578948,0.9863013698630136,0.972972972972973,0.979591836734694,0.9382716049382716,0.9681528662420382,0.9529780564263324,0.0,0.0,0.0,0.9710144927536232,0.8993288590604027,0.9337979094076656
arch_wider,0.0005,42,1,9958.0,2491.0,15.0,4.0,0.000285147967972,0.2172654095179887,0.9993974693713598,0.9598554797270172,0.857540679038539,0.8547462960645233,0.8560330701195037,0.9597606233797228,4.694738864898682,0.9730639730639732,0.9763513513513512,0.9747048903878583,0.9791666666666666,0.9762611275964392,0.9777117384843982,0.9601328903654484,0.9697986577181208,0.9649415692821368,0.9664429530201344,0.9381107491856676,0.9520661157024792,0.951219512195122,0.934931506849315,0.9430051813471502,0.8846153846153846,0.8518518518518519,0.8679245283018868,0.9666666666666668,0.9797297297297296,0.9731543624161074,0.941717791411043,0.9808306709265175,0.9608763693270734,0.0,0.0,0.0,0.9523809523809524,0.9395973154362416,0.945945945945946
arch_wider,0.0005,42,2,9960.0,2489.0,17.0,6.0,0.0002867502264185,0.2058522951971855,0.9998995983935745,0.9562073121735636,0.8565897465449416,0.8456796911655522,0.8505711116862299,0.9560135471981952,5.072538137435913,0.9731543624161074,0.9797297297297296,0.9764309764309764,0.988095238095238,0.9851632047477744,0.986627043090639,0.9496644295302014,0.9496644295302014,0.9496644295302014,0.9703947368421052,0.9640522875816994,0.9672131147540984,0.9425675675675677,0.9554794520547946,0.9489795918367347,0.9130434782608696,0.7777777777777778,0.84,0.9504950495049505,0.972972972972973,0.9616026711185308,0.9363057324840764,0.939297124600639,0.937799043062201,0.0,0.0,0.0,0.9421768707482994,0.9326599326599326,0.937394247038917
arch_wider,0.0005,42,3,9960.0,2489.0,15.0,4.0,0.0002667427990545,0.2254057125489158,0.9990963855421688,0.9554037766171152,0.8615259983779231,0.8433640114653953,0.8510144085285176,0.9551103493702472,4.394747018814087,0.9634551495016612,0.9797297297297296,0.9715242881072026,0.9765395894428152,0.9881305637982196,0.9823008849557522,0.938566552901024,0.9228187919463088,0.9306260575296108,0.9283489096573208,0.9738562091503268,0.9505582137161084,0.9621993127147768,0.958904109589041,0.9605488850771868,0.9761904761904762,0.7592592592592593,0.8541666666666667,0.9693877551020408,0.9628378378378378,0.9661016949152542,0.9581993569131833,0.952076677316294,0.9551282051282052,0.0,0.0,0.0,0.9423728813559322,0.936026936026936,0.9391891891891893
arch_wider,0.0005,42,4,9962.0,2487.0,14.0,3.0,0.0014022828226725,0.1725296837097524,0.9978919895603292,0.9565741857659832,0.8573580972026162,0.8489845164576147,0.8528071391539509,0.956472249242414,4.089564085006714,0.9761904761904762,0.9695945945945946,0.9728813559322034,0.9823008849557522,0.9881305637982196,0.985207100591716,0.952054794520548,0.936026936026936,0.9439728353140916,0.9456869009584664,0.9673202614379084,0.9563812600969304,0.9393939393939394,0.9554794520547946,0.9473684210526316,0.9166666666666666,0.8148148148148148,0.8627450980392156,0.9728813559322034,0.9728813559322034,0.9728813559322034,0.9638157894736842,0.9361022364217252,0.9497568881685576,0.0,0.0,0.0,0.9245901639344264,0.9494949494949496,0.9368770764119604
arch_wider,0.0005,7,0,9956.0,2493.0,13.0,2.0,0.0850023563383387,0.3489083304453317,0.9939734833266372,0.9482551143200962,0.8492819985834886,0.8439128444519435,0.8464518012233142,0.948177335170116,3.753296852111816,0.9696969696969696,0.972972972972973,0.9713322091062394,0.967551622418879,0.973293768545994,0.970414201183432,0.9366666666666666,0.9429530201342282,0.939799331103679,0.9444444444444444,0.9413680781758956,0.9429037520391516,0.9405594405594404,0.9212328767123288,0.9307958477508652,0.9019607843137256,0.8363636363636363,0.8679245283018867,0.9466666666666668,0.9594594594594594,0.953020134228188,0.9647435897435898,0.9585987261146496,0.9616613418530352,0.0,0.0,0.0,0.9205298013245032,0.9328859060402684,0.9266666666666667
arch_wider,0.0005,7,1,9958.0,2491.0,15.0,4.0,0.0036178240455089,0.1864524905084342,0.9992970475999196,0.967482938578884,0.8702106655998365,0.8671486182805801,0.8685851689364567,0.967405035855176,4.315771102905273,0.9800664451827242,0.9966216216216216,0.9882747068676716,0.9765395894428152,0.9881305637982196,0.9823008849557522,0.9689655172413794,0.9429530201342282,0.95578231292517,0.9573770491803278,0.9511400651465798,0.9542483660130718,0.953020134228188,0.9726027397260274,0.9627118644067796,0.9615384615384616,0.925925925925926,0.9433962264150944,0.9797979797979798,0.983108108108108,0.981450252951096,0.9558359621451104,0.9680511182108626,0.961904761904762,0.0,0.0,0.0,0.9689655172413794,0.9429530201342282,0.95578231292517
arch_wider,0.0005,7,2,9960.0,2489.0,14.0,3.0,0.0003545521934051,0.2304993837266996,0.997991967871486,0.9533949377259944,0.8505403962618854,0.8403524613431476,0.8448132464163493,0.9530731744242578,4.062959909439087,0.9697986577181208,0.9763513513513512,0.9730639730639732,0.9910714285714286,0.9881305637982196,0.9895988112927192,0.9372937293729372,0.953020134228188,0.9450915141430948,0.9503311258278144,0.937908496732026,0.9440789473684212,0.9245901639344264,0.9657534246575342,0.944723618090452,0.8695652173913043,0.7407407407407407,0.7999999999999999,0.960655737704918,0.9898648648648648,0.9750415973377704,0.9545454545454546,0.939297124600639,0.9468599033816424,0.0,0.0,0.0,0.9475524475524476,0.9124579124579124,0.9296740994854202
arch_wider,0.0005,7,3,9960.0,2489.0,15.0,4.0,0.0003030444640676,0.2000047726771389,0.998694779116466,0.9598232221775812,0.8589449075764699,0.8563279896681149,0.857540027258102,0.9597877518870156,4.718136787414551,0.9666666666666668,0.9797297297297296,0.9731543624161074,0.9880597014925372,0.9821958456973294,0.9851190476190476,0.9433333333333334,0.9496644295302014,0.9464882943143812,0.9636963696369636,0.954248366013072,0.9589490968801314,0.933993399339934,0.9691780821917808,0.9512605042016806,0.903846153846154,0.8703703703703703,0.8867924528301887,0.9730639730639732,0.9763513513513512,0.9747048903878583,0.954983922829582,0.9488817891373802,0.9519230769230768,0.0,0.0,0.0,0.9618055555555556,0.9326599326599326,0.947008547008547
arch_wider,0.0005,7,4,9962.0,2487.0,15.0,4.0,0.0002885397999982,0.2153755338885131,0.9988958040554106,0.9577804583835948,0.8489522637737785,0.8560798672630868,0.8522582812737347,0.9579692673168084,5.105669736862183,0.9663299663299664,0.9695945945945946,0.9679595278246208,0.9939577039274924,0.9762611275964392,0.9850299401197604,0.9370860927152318,0.9528619528619529,0.9449081803005008,0.9635761589403974,0.9509803921568628,0.9572368421052632,0.9423728813559322,0.952054794520548,0.9471890971039182,0.8,0.8888888888888888,0.8421052631578948,0.969283276450512,0.9627118644067796,0.9659863945578232,0.971153846153846,0.9680511182108626,0.9696,0.0,0.0,0.0,0.9457627118644067,0.9393939393939394,0.9425675675675677
arch_wider,0.0005,13,0,9956.0,2493.0,14.0,3.0,0.0003472805211154,0.2031896238263567,0.9968862997187624,0.958684316085038,0.859717601894552,0.8556874901692655,0.8575959352123614,0.9586042855602436,4.611169099807739,0.9632107023411371,0.972972972972973,0.9680672268907564,0.9792899408284024,0.9821958456973294,0.9807407407407408,0.9444444444444444,0.9697986577181208,0.956953642384106,0.9464882943143812,0.9218241042345277,0.933993399339934,0.9691780821917808,0.9691780821917808,0.9691780821917808,0.9230769230769232,0.8727272727272727,0.897196261682243,0.9796610169491524,0.9763513513513512,0.9780033840947546,0.9522292993630572,0.9522292993630572,0.9522292993630572,0.0,0.0,0.0,0.9395973154362416,0.9395973154362416,0.9395973154362416
arch_wider,0.0005,13,1,9958.0,2491.0,13.0,2.0,0.0004667811613055,0.2105805139708497,0.9924683671419964,0.9514251304696908,0.8528335000359031,0.8402408116236737,0.8456908237199248,0.9511486025564388,4.14760684967041,0.9638157894736842,0.9898648648648648,0.9766666666666668,0.9849397590361446,0.9703264094955488,0.9775784753363228,0.943894389438944,0.959731543624161,0.951747088186356,0.956953642384106,0.9413680781758956,0.949096880131363,0.954225352112676,0.928082191780822,0.9409722222222222,0.9111111111111112,0.7592592592592593,0.8282828282828282,0.956810631229236,0.972972972972973,0.9648241206030151,0.9154078549848944,0.9680511182108626,0.9409937888198756,0.0,0.0,0.0,0.9411764705882352,0.912751677852349,0.9267461669505962
arch_wider,0.0005,13,2,9960.0,2489.0,15.0,4.0,0.0002976614339768,0.174548919376981,0.9987951807228916,0.961028525512254,0.8570023822213415,0.8554691645680135,0.8561162935350843,0.9609643896735618,4.9589550495147705,0.9896907216494846,0.972972972972973,0.981260647359455,0.991150442477876,0.9970326409495548,0.9940828402366864,0.9590443686006824,0.9429530201342282,0.9509306260575296,0.9601328903654484,0.9444444444444444,0.9522240527182868,0.939799331103679,0.9623287671232876,0.9509306260575296,0.8679245283018868,0.8518518518518519,0.8598130841121496,0.9413680781758956,0.9763513513513512,0.9585406301824212,0.959375,0.9808306709265175,0.9699842022116903,0.0,0.0,0.0,0.9615384615384616,0.925925925925926,0.9433962264150944
arch_wider,0.0005,13,3,9960.0,2489.0,13.0,2.0,0.0083053416277299,0.242553608737362,0.9929718875502008,0.9517878666130976,0.851804107135669,0.8403346621523727,0.8453023205151491,0.9515512957842972,3.822830200195313,0.9763513513513512,0.9763513513513512,0.9763513513513512,0.9762611275964392,0.9762611275964392,0.9762611275964392,0.9615384615384616,0.9228187919463088,0.9417808219178082,0.9365079365079364,0.9640522875816994,0.9500805152979066,0.9636363636363636,0.9075342465753424,0.9347442680776014,0.8913043478260869,0.7592592592592593,0.8200000000000001,0.9695945945945946,0.9695945945945946,0.9695945945945946,0.9296636085626911,0.9712460063897764,0.95,0.0,0.0,0.0,0.9131832797427653,0.9562289562289562,0.9342105263157896
arch_wider,0.0005,13,4,9962.0,2487.0,15.0,4.0,0.000292411756895,0.2146712580238478,0.9992973298534432,0.962605548854041,0.8626884291525011,0.8553521244241973,0.8587681317962647,0.962468171657584,4.93530797958374,0.9761904761904762,0.9695945945945946,0.9728813559322034,0.9654178674351584,0.9940652818991098,0.97953216374269,0.962457337883959,0.9494949494949496,0.9559322033898304,0.9540983606557376,0.9509803921568628,0.9525368248772504,0.9583333333333334,0.9452054794520548,0.9517241379310344,0.9183673469387756,0.8333333333333334,0.8737864077669903,0.9601328903654484,0.9796610169491524,0.9697986577181208,0.9556962025316456,0.9648562300319488,0.960254372019078,0.0,0.0,0.0,0.9761904761904762,0.9663299663299664,0.9712351945854484
arch_wider,0.0005,21,0,9956.0,2493.0,17.0,6.0,0.0001862769372348,0.1567977927935245,1.0,0.9659045326915364,0.8649573704803988,0.8555225722908262,0.8598129986485447,0.9657705166913392,5.316652059555054,0.9797979797979798,0.983108108108108,0.981450252951096,0.988095238095238,0.9851632047477744,0.986627043090639,0.9636963696369636,0.9798657718120806,0.9717138103161398,0.9700996677740864,0.9511400651465798,0.9605263157894736,0.952054794520548,0.952054794520548,0.952054794520548,0.9166666666666666,0.8,0.854368932038835,0.9796610169491524,0.9763513513513512,0.9780033840947546,0.9683544303797468,0.9745222929936306,0.9714285714285714,0.0,0.0,0.0,0.9311475409836064,0.953020134228188,0.9419568822553896
arch_wider,0.0005,21,1,9958.0,2491.0,15.0,4.0,0.0002868680074842,0.2243280284674433,0.9993974693713598,0.9574468085106383,0.8544980033234392,0.846660988508626,0.8502524962775482,0.957249853705017,5.002470970153809,0.9473684210526316,0.972972972972973,0.96,0.9793510324483776,0.9851632047477744,0.9822485207100592,0.9395973154362416,0.9395973154362416,0.9395973154362416,0.9633333333333334,0.9413680781758956,0.9522240527182866,0.9690721649484536,0.9657534246575342,0.967409948542024,0.875,0.7777777777777778,0.823529411764706,0.956810631229236,0.972972972972973,0.9648241206030151,0.961904761904762,0.9680511182108626,0.964968152866242,0.0,0.0,0.0,0.952542372881356,0.9429530201342282,0.9477234401349074
arch_wider,0.0005,21,2,9960.0,2489.0,13.0,2.0,0.0004000184726786,0.2244192546494333,0.9941767068273092,0.9465648854961832,0.8482415654983605,0.8469959859651184,0.8475056158691405,0.9465287040636594,4.267676830291748,0.956953642384106,0.9763513513513512,0.9665551839464884,0.981981981981982,0.9703264094955488,0.9761194029850746,0.9615384615384616,0.9228187919463088,0.9417808219178082,0.929936305732484,0.954248366013072,0.9419354838709678,0.9292929292929292,0.9452054794520548,0.937181663837012,0.9056603773584906,0.8888888888888888,0.897196261682243,0.9536423841059604,0.972972972972973,0.9632107023411371,0.950657894736842,0.9233226837060704,0.9367909238249594,0.0,0.0,0.0,0.912751677852349,0.915824915824916,0.9142857142857144
arch_wider,0.0005,21,3,9960.0,2489.0,15.0,4.0,0.0003049898358731,0.2036777173927604,0.9983935742971888,0.9578143832864604,0.8606203252694902,0.8576578553097859,0.8590496976140296,0.9577805251737772,4.448024034500122,0.9763513513513512,0.9763513513513512,0.9763513513513512,0.9734513274336284,0.9792284866468842,0.9763313609467454,0.9258064516129032,0.9630872483221476,0.944078947368421,0.9536423841059604,0.9411764705882352,0.9473684210526316,0.9583333333333334,0.9452054794520548,0.9517241379310344,0.9423076923076924,0.9074074074074074,0.9245283018867924,0.9698996655518396,0.9797297297297296,0.9747899159663864,0.964630225080386,0.9584664536741214,0.9615384615384616,0.0,0.0,0.0,0.9417808219178082,0.925925925925926,0.933786078098472
arch_wider,0.0005,21,4,9962.0,2487.0,14.0,3.0,0.0003722780257257,0.1776745471894094,0.9966874121662316,0.960595094491355,0.8607630274386538,0.8506732292628987,0.8551564782885352,0.9603620400133382,4.3048412799835205,0.9635761589403974,0.983108108108108,0.9732441471571908,0.976470588235294,0.9851632047477744,0.980797636632201,0.9821428571428572,0.925925925925926,0.9532062391681108,0.9367088607594936,0.9673202614379084,0.9517684887459807,0.9590443686006824,0.9623287671232876,0.9606837606837606,0.9148936170212766,0.7962962962962963,0.8514851485148516,0.9697986577181208,0.9796610169491524,0.9747048903878583,0.9532710280373832,0.977635782747604,0.9652996845425869,0.0,0.0,0.0,0.9517241379310344,0.9292929292929292,0.940374787052811
arch_wider,0.0005,99,0,9956.0,2493.0,16.0,5.0,0.0002339242677216,0.2074455050837175,0.9996986741663318,0.9651022864019254,0.8679614489674601,0.8592172951375352,0.863260220386674,0.9649896852121008,5.001934051513672,0.983108108108108,0.983108108108108,0.983108108108108,0.9792899408284024,0.9821958456973294,0.9807407407407408,0.9666666666666668,0.9731543624161074,0.9698996655518394,0.9612903225806452,0.970684039087948,0.965964343598055,0.9547038327526132,0.9383561643835616,0.9464594127806564,0.9591836734693876,0.8545454545454545,0.9038461538461536,0.9796610169491524,0.9763513513513512,0.9780033840947546,0.9565217391304348,0.9808917197452228,0.9685534591194968,0.0,0.0,0.0,0.9391891891891893,0.9328859060402684,0.936026936026936
arch_wider,0.0005,99,1,9958.0,2491.0,13.0,2.0,0.0216033527018221,0.3099655978683008,0.9922675235991164,0.957848253713368,0.8597311769360318,0.8440866033769716,0.8506777349245404,0.9575563922799284,4.0486321449279785,0.973421926910299,0.9898648648648648,0.9815745393634842,0.9850299401197604,0.9762611275964392,0.9806259314456036,0.9425675675675677,0.9362416107382552,0.9393939393939394,0.9477124183006536,0.9446254071661238,0.9461663947797716,0.9253246753246752,0.976027397260274,0.95,0.9302325581395348,0.7407407407407407,0.8247422680412371,0.972972972972973,0.972972972972973,0.972972972972973,0.9411764705882352,0.9712460063897764,0.9559748427672956,0.0,0.0,0.0,0.9788732394366196,0.9328859060402684,0.9553264604810996
arch_wider,0.0005,99,2,9960.0,2489.0,13.0,2.0,0.0004200845399853,0.2192467383460529,0.993574297188755,0.952591402169546,0.8483529040213715,0.8455785415476182,0.8468612990998656,0.952480954670462,4.11937403678894,0.9694915254237289,0.9662162162162162,0.9678510998307952,0.9793510324483776,0.9851632047477744,0.9822485207100592,0.9517241379310344,0.9261744966442952,0.9387755102040818,0.9466666666666668,0.9281045751633988,0.9372937293729374,0.9455782312925172,0.952054794520548,0.9488054607508534,0.8461538461538461,0.8148148148148148,0.830188679245283,0.9695945945945946,0.9695945945945946,0.9695945945945946,0.9357798165137616,0.977635782747604,0.95625,0.0,0.0,0.0,0.9391891891891893,0.936026936026936,0.9376053962900506
arch_wider,0.0005,99,3,9960.0,2489.0,15.0,4.0,0.0002903069706961,0.1676224349420027,0.998995983935743,0.96544797107272,0.8673189281827154,0.8699811631507745,0.8685639722833262,0.9654844493246753,4.557276248931885,0.9667774086378738,0.983108108108108,0.9748743718592964,0.985207100591716,0.9881305637982196,0.9866666666666668,0.956081081081081,0.9496644295302014,0.9528619528619529,0.976510067114094,0.9509803921568628,0.9635761589403974,0.9590443686006824,0.9623287671232876,0.9606837606837606,0.9464285714285714,0.9814814814814816,0.9636363636363636,0.9965277777777778,0.9695945945945946,0.9828767123287672,0.9495268138801262,0.9616613418530352,0.9555555555555556,0.0,0.0,0.0,0.9370860927152318,0.9528619528619529,0.9449081803005008
arch_wider,0.0005,99,4,9962.0,2487.0,14.0,3.0,0.0003519374382329,0.2286747047623246,0.9957839791206584,0.946119823080016,0.8428211717275552,0.8387486184551373,0.8404821472998911,0.9460214382442956,4.307188987731934,0.9630872483221476,0.9695945945945946,0.9663299663299664,0.9794721407624634,0.9910979228486648,0.9852507374631267,0.9364548494983278,0.9427609427609428,0.9395973154362418,0.9223300970873788,0.931372549019608,0.9268292682926828,0.8974358974358975,0.958904109589041,0.9271523178807948,0.8431372549019608,0.7962962962962963,0.8190476190476189,0.9594594594594594,0.9627118644067796,0.961082910321489,0.9735973597359736,0.9424920127795527,0.957792207792208,0.0,0.0,0.0,0.9532374100719424,0.8922558922558923,0.9217391304347826
arch_wider,0.001,42,0,9956.0,2493.0,12.0,1.0,0.012070023736208,0.2801119636745981,0.9864403374849338,0.9502607300441236,0.8512544384107181,0.8428091158055275,0.8463829111970345,0.950168088558036,3.5089879035949707,0.9572368421052632,0.983108108108108,0.97,0.9708454810495628,0.9881305637982196,0.9794117647058824,0.9260450160771704,0.9664429530201344,0.9458128078817734,0.9823943661971832,0.9087947882736156,0.9441624365482234,0.9480968858131488,0.9383561643835616,0.9432013769363168,0.8979591836734694,0.8,0.8461538461538463,0.983108108108108,0.983108108108108,0.983108108108108,0.9632107023411371,0.9171974522292994,0.9396411092985318,0.0,0.0,0.0,0.8836477987421384,0.9429530201342282,0.9123376623376622
arch_wider,0.001,42,1,9958.0,2491.0,13.0,2.0,0.0036442390317719,0.229298869238397,0.9948784896565576,0.9550381372942592,0.8552536511532752,0.8506686498843876,0.8528199029391021,0.9549165207578132,3.751198053359986,0.9731543624161074,0.9797297297297296,0.9764309764309764,0.9510086455331412,0.9792284866468842,0.9649122807017544,0.9593220338983052,0.9496644295302014,0.954468802698145,0.9456869009584664,0.9641693811074918,0.9548387096774194,0.9574468085106383,0.9246575342465754,0.940766550522648,0.9019607843137256,0.8518518518518519,0.8761904761904761,0.9595959595959596,0.9628378378378378,0.9612141652613828,0.9555555555555556,0.9616613418530352,0.9585987261146496,0.0,0.0,0.0,0.9488054607508531,0.9328859060402684,0.9407783417935702
arch_wider,0.001,42,2,9960.0,2489.0,12.0,1.0,0.0083978587434694,0.2620486577641054,0.98714859437751,0.9477701888308556,0.8502046488751442,0.840520167326753,0.8446940223979806,0.9476851285816156,3.464486837387085,0.9695945945945946,0.9695945945945946,0.9695945945945946,0.9850299401197604,0.9762611275964392,0.9806259314456036,0.9145569620253164,0.9697986577181208,0.9413680781758956,0.979591836734694,0.9411764705882352,0.96,0.912621359223301,0.9657534246575342,0.9384359400998336,0.9148936170212766,0.7962962962962963,0.8514851485148516,0.9591836734693876,0.9527027027027029,0.9559322033898304,0.9463087248322148,0.9009584664536742,0.923076923076923,0.0,0.0,0.0,0.920265780730897,0.9326599326599326,0.9264214046822742
arch_wider,0.001,42,3,9960.0,2489.0,14.0,3.0,0.0215375908676132,0.3539797123364733,0.9973895582329316,0.9562073121735636,0.852679252120355,0.8471129468295542,0.8495688356633831,0.9560414754455856,4.03928017616272,0.9697986577181208,0.9763513513513512,0.9730639730639732,0.9851190476190476,0.9821958456973294,0.9836552748885588,0.9644128113879004,0.9093959731543624,0.9360967184801382,0.9182389937106918,0.954248366013072,0.935897435897436,0.9496644295302014,0.9691780821917808,0.9593220338983052,0.86,0.7962962962962963,0.826923076923077,0.9634551495016612,0.9797297297297296,0.9715242881072026,0.9442724458204336,0.97444089456869,0.959119496855346,0.0,0.0,0.0,0.971830985915493,0.9292929292929292,0.9500860585197934
arch_wider,0.001,42,4,9962.0,2487.0,14.0,3.0,0.0018316550402903,0.1839501517693376,0.9977916081108212,0.962203457981504,0.8504373611213968,0.8583011476670139,0.8540360794349674,0.9624210523201876,4.044657230377197,0.9828767123287672,0.9695945945945946,0.9761904761904762,0.990990990990991,0.9792284866468842,0.9850746268656716,0.9591836734693876,0.9494949494949496,0.9543147208121828,0.9633333333333334,0.9444444444444444,0.9537953795379538,0.9528619528619529,0.9691780821917808,0.9609507640067912,0.7704918032786885,0.8703703703703703,0.817391304347826,0.9663299663299664,0.9728813559322034,0.9695945945945948,0.961783439490446,0.9648562300319488,0.963317384370016,0.0,0.0,0.0,0.9565217391304348,0.9629629629629628,0.959731543624161
arch_wider,0.001,7,0,9956.0,2493.0,12.0,1.0,0.0178458048841567,0.2552414298099733,0.9856368019284854,0.945447252306458,0.8436899839909231,0.8339838565624911,0.8381330125145332,0.9451183083344435,3.540177345275879,0.9632107023411371,0.972972972972973,0.9680672268907564,0.9484240687679084,0.9821958456973294,0.9650145772594751,0.9518900343642612,0.929530201342282,0.9405772495755518,0.9656357388316152,0.9153094462540716,0.9397993311036787,0.95985401459854,0.9006849315068494,0.9293286219081272,0.8541666666666666,0.7454545454545455,0.7961165048543689,0.9496644295302014,0.956081081081081,0.9528619528619529,0.9415384615384615,0.9745222929936306,0.9577464788732394,0.0,0.0,0.0,0.9025157232704404,0.9630872483221476,0.931818181818182
arch_wider,0.001,7,1,9958.0,2491.0,13.0,2.0,0.0002712733990009,0.1643207838215287,0.9926692106848763,0.965074267362505,0.8695753592818907,0.862165142833696,0.8656251727586902,0.965007277892991,3.7343859672546382,0.9733333333333334,0.9864864864864864,0.9798657718120806,0.976470588235294,0.9851632047477744,0.980797636632201,0.9594594594594594,0.953020134228188,0.956228956228956,0.9603960396039604,0.9478827361563518,0.9540983606557376,0.9494949494949496,0.9657534246575342,0.9575551782682512,0.979591836734694,0.8888888888888888,0.9320388349514565,0.9765886287625418,0.9864864864864864,0.9815126050420168,0.9741100323624596,0.9616613418530352,0.9678456591639872,0.0,0.0,0.0,0.9463087248322148,0.9463087248322148,0.9463087248322148
arch_wider,0.001,7,2,9960.0,2489.0,15.0,4.0,0.0047317668382797,0.2968318495014762,0.9994979919678716,0.9578143832864604,0.8537156873195197,0.8407115355988483,0.846338791442992,0.9573723976125748,4.278929948806763,0.9700996677740864,0.9864864864864864,0.9782244556113904,0.9824046920821116,0.9940652818991098,0.9882005899705014,0.972318339100346,0.9429530201342282,0.9574105621805792,0.9640522875816994,0.9640522875816994,0.9640522875816994,0.938566552901024,0.9417808219178082,0.9401709401709402,0.8636363636363636,0.7037037037037037,0.7755102040816326,0.9668874172185432,0.9864864864864864,0.976588628762542,0.940625,0.9616613418530352,0.9510268562401264,0.0,0.0,0.0,0.938566552901024,0.925925925925926,0.9322033898305084
arch_wider,0.001,7,3,9960.0,2489.0,14.0,3.0,0.003223158968226,0.2690352206899405,0.9953815261044175,0.959019686621133,0.8504149199099839,0.8526806598771935,0.8514647666687972,0.959144319395328,4.157700300216675,0.976271186440678,0.972972972972973,0.9746192893401016,0.9850746268656716,0.9792284866468842,0.982142857142857,0.9727891156462584,0.959731543624161,0.9662162162162162,0.9570957095709572,0.9477124183006536,0.9523809523809524,0.9590443686006824,0.9623287671232876,0.9606837606837606,0.8035714285714286,0.8333333333333334,0.8181818181818182,0.9761092150170648,0.9662162162162162,0.9711375212224108,0.9548387096774194,0.9456869009584664,0.9502407704654894,0.0,0.0,0.0,0.9193548387096774,0.9595959595959596,0.9390444810543656
arch_wider,0.001,7,4,9962.0,2487.0,15.0,4.0,0.0269712211531717,0.3366664366962388,0.9973900823127886,0.9569762766385204,0.8450700332088088,0.8539109631310124,0.8490814946126808,0.957220719714308,4.6317689418792725,0.9634551495016612,0.9797297297297296,0.9715242881072026,0.990990990990991,0.9792284866468842,0.9850746268656716,0.9493243243243245,0.9461279461279462,0.9477234401349072,0.9635761589403974,0.9509803921568628,0.9572368421052632,0.9423728813559322,0.952054794520548,0.9471890971039182,0.7580645161290323,0.8703703703703703,0.8103448275862069,0.9761092150170648,0.9694915254237289,0.9727891156462584,0.964630225080386,0.9584664536741214,0.9615384615384616,0.0,0.0,0.0,0.9421768707482994,0.9326599326599326,0.937394247038917
arch_wider,0.001,13,0,9956.0,2493.0,13.0,2.0,0.0007177408564258,0.2411058137236325,0.9909602249899558,0.9538708383473726,0.8522762852434622,0.8443095716926834,0.8479024495491382,0.9538000506141768,3.9135029315948486,0.9627118644067796,0.9594594594594594,0.961082910321489,0.9879518072289156,0.973293768545994,0.9805680119581464,0.937908496732026,0.9630872483221476,0.9503311258278144,0.9150943396226416,0.9478827361563518,0.9312,0.9565217391304348,0.9794520547945206,0.9678510998307952,0.8775510204081632,0.7818181818181819,0.8269230769230769,0.9965277777777778,0.9695945945945946,0.9828767123287672,0.9371069182389936,0.9490445859872612,0.9430379746835444,0.0,0.0,0.0,0.9513888888888888,0.9194630872483222,0.9351535836177476
arch_wider,0.001,13,1,9958.0,2491.0,14.0,3.0,0.0002741287920374,0.271330309095554,0.9970877686282386,0.955841027699719,0.8526242223327352,0.8499518830834323,0.8511359810237409,0.9557602722548636,4.440423011779785,0.97682119205298,0.9966216216216216,0.9866220735785952,0.9821428571428572,0.9792284866468842,0.9806835066864784,0.9681978798586572,0.9194630872483222,0.9432013769363168,0.9665551839464884,0.9413680781758956,0.9537953795379538,0.9387755102040816,0.9452054794520548,0.9419795221843004,0.8653846153846154,0.8333333333333334,0.8490566037735849,0.96,0.972972972972973,0.9664429530201344,0.9465408805031448,0.9616613418530352,0.9540412044374008,0.0,0.0,0.0,0.9218241042345277,0.9496644295302014,0.9355371900826446
arch_wider,0.001,13,2,9960.0,2489.0,15.0,4.0,0.0001036550643562,0.1804672917729382,0.9977911646586344,0.9578143832864604,0.8597753130891179,0.8483141554653628,0.8533424123735365,0.9575601577599728,4.384488821029663,0.972972972972973,0.972972972972973,0.972972972972973,0.9940652818991098,0.9940652818991098,0.9940652818991098,0.9427609427609428,0.9395973154362416,0.9411764705882352,0.9385113268608414,0.9477124183006536,0.9430894308943087,0.9372937293729372,0.9726027397260274,0.9546218487394956,0.9347826086956522,0.7962962962962963,0.8599999999999999,0.9570957095709572,0.9797297297297296,0.968280467445743,0.9561128526645768,0.97444089456869,0.9651898734177214,0.0,0.0,0.0,0.96415770609319,0.9057239057239056,0.934027777777778
arch_wider,0.001,13,3,9960.0,2489.0,13.0,2.0,0.0094689465548252,0.2918341191888525,0.994277108433735,0.950582563278425,0.8528108032450264,0.8424134009233433,0.8469955640829339,0.9504789393051998,4.359790086746216,0.9825174825174824,0.9493243243243245,0.9656357388316152,0.9705014749262536,0.9762611275964392,0.9733727810650888,0.9484536082474226,0.9261744966442952,0.9371816638370118,0.9668874172185432,0.954248366013072,0.9605263157894736,0.9537366548042704,0.9178082191780822,0.9354275741710296,0.9148936170212766,0.7962962962962963,0.8514851485148516,0.9603960396039604,0.983108108108108,0.9716193656093488,0.9294478527607362,0.9680511182108626,0.9483568075117372,0.0,0.0,0.0,0.9012738853503184,0.9528619528619529,0.9263502454991815
arch_wider,0.001,13,4,9962.0,2487.0,14.0,3.0,0.0002175005071859,0.2400228803472087,0.9971893194137724,0.962203457981504,0.8604278038559038,0.8536024983801888,0.8567941157146262,0.9620818207939196,4.411203861236572,0.9727891156462584,0.9662162162162162,0.9694915254237289,0.9794721407624634,0.9910979228486648,0.9852507374631267,0.9565217391304348,0.9629629629629628,0.959731543624161,0.9514563106796116,0.9607843137254902,0.9560975609756096,0.9493243243243245,0.9623287671232876,0.95578231292517,0.8979591836734694,0.8148148148148148,0.8543689320388349,0.9695945945945946,0.9728813559322034,0.9712351945854484,0.9612903225806452,0.952076677316294,0.956661316211878,0.0,0.0,0.0,0.9658703071672357,0.9528619528619529,0.9593220338983052
arch_wider,0.001,21,0,9956.0,2493.0,13.0,2.0,0.0011588374093951,0.1719833085492243,0.9945761349939736,0.9574809466506218,0.8580688776797093,0.8486064737595849,0.8529015899440106,0.957330109100323,4.137763977050781,0.9636963696369636,0.9864864864864864,0.9749582637729548,0.9822485207100592,0.9851632047477744,0.9837037037037036,0.9536423841059604,0.9664429530201344,0.96,0.9633333333333334,0.9413680781758956,0.9522240527182866,0.9419795221843004,0.9452054794520548,0.9435897435897436,0.9166666666666666,0.8,0.854368932038835,0.9794520547945206,0.9662162162162162,0.9727891156462584,0.9492063492063492,0.9522292993630572,0.9507154213036566,0.0,0.0,0.0,0.9304635761589404,0.9429530201342282,0.9366666666666668
arch_wider,0.001,21,1,9958.0,2491.0,14.0,3.0,0.0001424523479,0.2204219759542227,0.9982928298855192,0.9566439181051788,0.8496539056307097,0.8461715936108222,0.8477903466576521,0.9565297019930388,4.048997163772583,0.9605263157894736,0.9864864864864864,0.9733333333333332,0.984984984984985,0.973293768545994,0.9791044776119404,0.9623287671232876,0.9429530201342282,0.952542372881356,0.944078947368421,0.9348534201954396,0.939443535188216,0.9653979238754326,0.9554794520547946,0.9604130808950088,0.8235294117647058,0.7777777777777778,0.7999999999999999,0.950657894736842,0.9763513513513512,0.9633333333333334,0.967948717948718,0.9648562300319488,0.9664,0.0,0.0,0.0,0.9370860927152318,0.9496644295302014,0.9433333333333332
arch_wider,0.001,21,2,9960.0,2489.0,12.0,1.0,0.0078758823932011,0.3438707386875608,0.9864457831325302,0.944154278826838,0.8379820500481706,0.840328262668837,0.8390091814382632,0.9441179607448248,3.5160248279571533,0.9661016949152542,0.9628378378378378,0.964467005076142,0.9734513274336284,0.9792284866468842,0.9763313609467454,0.950877192982456,0.9093959731543624,0.9296740994854202,0.9473684210526316,0.9411764705882352,0.9442622950819672,0.9328859060402684,0.952054794520548,0.9423728813559324,0.8035714285714286,0.8333333333333334,0.8181818181818182,0.932258064516129,0.9763513513513512,0.9537953795379538,0.9478827361563518,0.9297124600638976,0.9387096774193548,0.0,0.0,0.0,0.9254237288135592,0.9191919191919192,0.9222972972972974
arch_wider,0.001,21,3,9960.0,2489.0,13.0,2.0,0.0001405564194468,0.2078404066414806,0.9926706827309236,0.9606267577340296,0.8562442118178748,0.8616282404456099,0.8587939168445006,0.960674678757612,3.966113805770874,0.9635761589403974,0.983108108108108,0.9732441471571908,0.9909365558912386,0.973293768545994,0.9820359281437124,0.9559322033898304,0.9463087248322148,0.951096121416526,0.9504950495049505,0.9411764705882352,0.9458128078817734,0.95578231292517,0.9623287671232876,0.9590443686006824,0.8620689655172413,0.925925925925926,0.8928571428571429,0.9665551839464884,0.9763513513513512,0.9714285714285714,0.970967741935484,0.9616613418530352,0.9662921348314608,0.0,0.0,0.0,0.9461279461279462,0.9461279461279462,0.9461279461279462
arch_wider,0.001,21,4,9962.0,2487.0,12.0,1.0,0.0058707104664083,0.2454959311606391,0.9847420196747642,0.950140731805388,0.8485005943726831,0.8374601494446596,0.8421540012647967,0.9497850516722028,3.969614982604981,0.9573770491803278,0.9864864864864864,0.9717138103161398,0.9682080924855492,0.9940652818991098,0.9809663250366032,0.9742647058823528,0.8922558922558923,0.9314586994727592,0.9184952978056428,0.9575163398692812,0.9376,0.9304635761589404,0.9623287671232876,0.9461279461279462,0.8695652173913043,0.7407407407407407,0.7999999999999999,0.972508591065292,0.9593220338983052,0.9658703071672357,0.9672131147540984,0.9424920127795527,0.9546925566343042,0.0,0.0,0.0,0.9269102990033222,0.9393939393939394,0.9331103678929766
arch_wider,0.001,99,0,9956.0,2493.0,13.0,2.0,0.0228161229114952,0.2582550709822551,0.9930695058256328,0.9630966706778982,0.8537872621687803,0.8605542453904267,0.8568751334489102,0.9631647801958256,3.912517070770264,0.9798657718120806,0.9864864864864864,0.9831649831649832,0.988095238095238,0.9851632047477744,0.986627043090639,0.9828178694158076,0.959731543624161,0.9711375212224108,0.9540983606557376,0.9478827361563518,0.9509803921568628,0.9391891891891893,0.952054794520548,0.9455782312925172,0.8032786885245902,0.8909090909090909,0.8448275862068965,0.9831649831649832,0.9864864864864864,0.984822934232715,0.9596273291925466,0.9840764331210192,0.9716981132075472,0.0,0.0,0.0,0.9477351916376306,0.912751677852349,0.92991452991453
arch_wider,0.001,99,1,9958.0,2491.0,13.0,2.0,0.0030372440740884,0.277842983123244,0.9911628841132758,0.9554395824969892,0.8573213144583752,0.8390675668017314,0.8464859835870779,0.9550161274285512,4.016484022140503,0.9767441860465116,0.9932432432432432,0.984924623115578,0.9821958456973294,0.9821958456973294,0.9821958456973294,0.9429530201342282,0.9429530201342282,0.9429530201342282,0.9536423841059604,0.9381107491856676,0.9458128078817734,0.9076433121019108,0.976027397260274,0.9405940594059404,0.926829268292683,0.7037037037037037,0.8000000000000002,0.9633333333333334,0.9763513513513512,0.9697986577181208,0.9583333333333334,0.9552715654952076,0.9568,0.0,0.0,0.0,0.9615384615384616,0.9228187919463088,0.9417808219178082
arch_wider,0.001,99,2,9960.0,2489.0,13.0,2.0,0.0052203075370536,0.2435232618796253,0.993273092369478,0.9598232221775812,0.863664089911698,0.8529927628947747,0.8578029006187267,0.9596622919568276,3.976807117462158,0.9794520547945206,0.9662162162162162,0.9727891156462584,0.9736842105263158,0.9881305637982196,0.9808541973490428,0.9491525423728814,0.9395973154362416,0.9443507588532882,0.9511400651465798,0.954248366013072,0.9526916802610114,0.9491525423728814,0.958904109589041,0.9540034071550256,0.9574468085106383,0.8333333333333334,0.8910891089108911,0.9763513513513512,0.9763513513513512,0.9763513513513512,0.9420731707317072,0.987220447284345,0.9641185647425896,0.0,0.0,0.0,0.9581881533101044,0.925925925925926,0.9417808219178084
arch_wider,0.001,99,3,9960.0,2489.0,13.0,2.0,0.0009833050418656,0.1769402603823624,0.993875502008032,0.96544797107272,0.8686054732709136,0.8671189175577236,0.8677539646157925,0.965535773623036,4.056501626968384,0.9795221843003412,0.9695945945945946,0.9745331069609507,0.993993993993994,0.9821958456973294,0.9880597014925374,0.9233226837060704,0.9697986577181208,0.9459901800327332,0.9731543624161074,0.9477124183006536,0.9602649006622516,0.9562289562289562,0.9726027397260274,0.9643463497453312,0.9622641509433962,0.9444444444444444,0.9532710280373832,0.9897610921501706,0.9797297297297296,0.9847198641765704,0.9642857142857144,0.9488817891373802,0.9565217391304348,0.0,0.0,0.0,0.9435215946843852,0.9562289562289562,0.9498327759197324
arch_wider,0.001,99,4,9962.0,2487.0,12.0,1.0,0.0059560316123091,0.2744794940386055,0.9838385866291908,0.9437072778447928,0.8441319096827469,0.8352197316412047,0.8391397012660515,0.943426073565419,3.6677629947662354,0.9727891156462584,0.9662162162162162,0.9694915254237289,0.9228650137741048,0.9940652818991098,0.9571428571428572,0.930921052631579,0.9528619528619529,0.9417637271214642,0.9550173010380624,0.9019607843137256,0.9277310924369748,0.9577464788732394,0.9315068493150684,0.9444444444444444,0.875,0.7777777777777778,0.823529411764706,0.9533333333333334,0.9694915254237289,0.961344537815126,0.9516129032258064,0.9424920127795527,0.9470304975922954,0.0,0.0,0.0,0.9220338983050848,0.915824915824916,0.918918918918919
arch_wider,0.005,42,0,9956.0,2493.0,13.0,2.0,0.0824126669135938,0.4806103477286005,0.9624347127360384,0.936622543120738,0.8287018850015692,0.8285147151348591,0.8278500525600176,0.936696916940458,3.9243650436401367,0.9509803921568628,0.983108108108108,0.9667774086378736,0.9736070381231672,0.9851632047477744,0.9793510324483776,0.8805031446540881,0.9395973154362416,0.9090909090909092,0.9814126394052044,0.8599348534201955,0.9166666666666669,0.9438596491228072,0.9212328767123288,0.932409012131716,0.75,0.7636363636363637,0.7567567567567568,0.9724137931034482,0.9527027027027029,0.9624573378839592,0.9603960396039604,0.926751592356688,0.9432739059967584,0.0,0.0,0.0,0.8738461538461538,0.953020134228188,0.9117174959871588
arch_wider,0.005,42,1,9958.0,2491.0,13.0,2.0,0.0585591451309257,0.4030252356780556,0.9755975095400684,0.943797671617824,0.8449091170754354,0.835373963902969,0.8396155277230006,0.9435953013924258,4.013446807861328,0.9659863945578232,0.9594594594594594,0.9627118644067796,0.9734513274336284,0.9792284866468842,0.9763313609467454,0.919614147909968,0.959731543624161,0.9392446633825944,0.9435215946843852,0.9250814332247556,0.9342105263157894,0.9438596491228072,0.9212328767123288,0.932409012131716,0.8936170212765957,0.7777777777777778,0.8316831683168316,0.9258064516129032,0.9695945945945946,0.9471947194719472,0.9580645161290322,0.9488817891373802,0.9534510433386836,0.0,0.0,0.0,0.9251700680272108,0.912751677852349,0.9189189189189187
arch_wider,0.005,42,2,9960.0,2489.0,11.0,0.0,0.0969650165948232,0.4161441700904927,0.9516064257028112,0.9280835676978706,0.8252732402013061,0.8238082503421615,0.8239491665642514,0.9278964839827518,3.497464895248413,0.9536423841059604,0.972972972972973,0.9632107023411371,0.9275766016713092,0.9881305637982196,0.956896551724138,0.9571428571428572,0.8993288590604027,0.9273356401384084,0.9281045751633988,0.9281045751633988,0.9281045751633988,0.8660436137071651,0.952054794520548,0.9070146818923328,0.7962962962962963,0.7962962962962963,0.7962962962962963,0.958041958041958,0.9256756756756755,0.9415807560137456,0.9318181818181818,0.9169329073482428,0.924315619967794,0.0,0.0,0.0,0.934065934065934,0.8585858585858586,0.8947368421052632
arch_wider,0.005,42,3,9960.0,2489.0,12.0,1.0,0.0662790328212065,0.4295801144367947,0.9612449799196788,0.9345118521494576,0.8399610282192482,0.8157546217603457,0.8246932608861657,0.9339358497665362,3.48270583152771,0.9444444444444444,0.9763513513513512,0.9601328903654484,0.9939024390243902,0.9673590504451038,0.9804511278195488,0.915824915824916,0.912751677852349,0.9142857142857144,0.8861538461538462,0.9411764705882352,0.91283676703645,0.8847352024922118,0.9726027397260274,0.926590538336052,0.918918918918919,0.6296296296296297,0.7472527472527473,0.9792387543252596,0.956081081081081,0.9675213675213676,0.9449838187702264,0.9329073482428116,0.9389067524115756,0.0,0.0,0.0,0.9314079422382672,0.8686868686868687,0.8989547038327527
arch_wider,0.005,42,4,9962.0,2487.0,12.0,1.0,0.0651840214939157,0.3614284274843556,0.9613531419393696,0.9392842782468838,0.8409279856006634,0.8241485797111222,0.830856533379088,0.938772692750945,3.4335432052612305,0.937908496732026,0.9695945945945946,0.9534883720930232,0.9596541786743517,0.9881305637982196,0.9736842105263158,0.9709090909090908,0.898989898989899,0.9335664335664337,0.8882175226586103,0.9607843137254902,0.9230769230769232,0.921311475409836,0.9623287671232876,0.9413735343383584,0.8809523809523809,0.6851851851851852,0.7708333333333335,0.9726027397260274,0.9627118644067796,0.9676320272572404,0.9491525423728814,0.8945686900958466,0.9210526315789472,0.0,0.0,0.0,0.9285714285714286,0.9191919191919192,0.9238578680203046
arch_wider,0.005,7,0,9956.0,2493.0,18.0,7.0,0.1473154567438347,0.586531087040763,0.9844314985938128,0.9526674689129564,0.8552659630605228,0.8341633630540493,0.8425533784367678,0.9522379043592634,5.183824062347412,0.9695945945945946,0.9695945945945946,0.9695945945945946,0.9880239520958084,0.9792284866468842,0.9836065573770492,0.9651567944250872,0.929530201342282,0.947008547008547,0.905775075987842,0.970684039087948,0.9371069182389936,0.9393939393939394,0.9554794520547946,0.9473684210526316,0.925,0.6727272727272727,0.7789473684210527,0.9726962457337884,0.9628378378378378,0.967741935483871,0.9376947040498442,0.9585987261146496,0.9480314960629922,0.0,0.0,0.0,0.9493243243243245,0.9429530201342282,0.9461279461279462
arch_wider,0.005,7,1,9958.0,2491.0,13.0,2.0,0.1252442460791938,0.3339963992119061,0.9695722032536654,0.9530309112806102,0.852082519348586,0.849071814657556,0.8504581792810957,0.9529704210354192,3.717298984527588,0.9693877551020408,0.9628378378378378,0.9661016949152542,0.973529411764706,0.9821958456973294,0.9778434268833088,0.9489795918367347,0.9362416107382552,0.9425675675675677,0.9563758389261744,0.9283387622149836,0.9421487603305786,0.945945945945946,0.958904109589041,0.9523809523809524,0.8846153846153846,0.8518518518518519,0.8679245283018868,0.9727891156462584,0.9662162162162162,0.9694915254237289,0.926829268292683,0.9712460063897764,0.9485179407176286,0.0,0.0,0.0,0.9423728813559322,0.9328859060402684,0.9376053962900506
arch_wider,0.005,7,2,9960.0,2489.0,13.0,2.0,0.0905166102738891,0.3902975041074906,0.970983935742972,0.935315387705906,0.8329307077692482,0.817679421138308,0.8238514369685934,0.934836260753996,3.7497479915618896,0.9825783972125436,0.9527027027027029,0.967409948542024,0.9881305637982196,0.9881305637982196,0.9881305637982196,0.9391891891891893,0.9328859060402684,0.936026936026936,0.9548611111111112,0.8986928104575164,0.925925925925926,0.9155405405405406,0.928082191780822,0.9217687074829932,0.8333333333333334,0.6481481481481481,0.7291666666666669,0.9099378881987578,0.9898648648648648,0.948220064724919,0.9216300940438872,0.939297124600639,0.930379746835443,0.0,0.0,0.0,0.8841059602649006,0.898989898989899,0.8914858096828047
arch_wider,0.005,7,3,9960.0,2489.0,16.0,5.0,0.0576886897995735,0.4973439597184986,0.9781124497991968,0.9489754921655283,0.8482631706251456,0.8428425357336901,0.8453146050277247,0.9488390915167396,4.591868877410889,0.9761904761904762,0.9695945945945946,0.9728813559322034,0.9563953488372092,0.9762611275964392,0.9662261380323054,0.952054794520548,0.9328859060402684,0.9423728813559324,0.9590443686006824,0.9183006535947712,0.9382303839732888,0.9306930693069309,0.9657534246575342,0.9478991596638656,0.88,0.8148148148148148,0.8461538461538461,0.9537953795379538,0.9763513513513512,0.9649415692821368,0.9614147909967846,0.9552715654952076,0.9583333333333334,0.0,0.0,0.0,0.9130434782608696,0.9191919191919192,0.9161073825503356
arch_wider,0.005,7,4,9962.0,2487.0,12.0,1.0,0.1095096198613761,0.4785547768294533,0.956334069463963,0.9268194611982308,0.8217378552356154,0.8197175274119226,0.8198838528119042,0.92699620737656,3.544288873672486,0.9105431309904152,0.9628378378378378,0.9359605911330048,0.9673590504451038,0.9673590504451038,0.9673590504451038,0.8932038834951457,0.9292929292929292,0.9108910891089108,0.9235668789808916,0.9477124183006536,0.935483870967742,0.9552238805970148,0.8767123287671232,0.9142857142857144,0.7592592592592593,0.7592592592592593,0.7592592592592593,0.9848484848484848,0.8813559322033898,0.9302325581395348,0.9666666666666668,0.926517571884984,0.9461663947797716,0.0,0.0,0.0,0.8567073170731707,0.9461279461279462,0.8992
arch_wider,0.005,13,0,9956.0,2493.0,12.0,1.0,0.1176985791097807,0.454575924293275,0.963338690237043,0.9358202968311272,0.8338929880129331,0.829412641186661,0.8312825250283427,0.9360419734929588,3.755129098892212,0.969283276450512,0.9594594594594594,0.964346349745331,0.9938461538461538,0.9584569732937686,0.9758308157099698,0.951219512195122,0.9161073825503356,0.9333333333333332,0.9215686274509804,0.9185667752442996,0.9200652528548124,0.8971061093247589,0.9554794520547946,0.9253731343283582,0.8269230769230769,0.7818181818181819,0.8037383177570092,0.98943661971831,0.9493243243243245,0.9689655172413794,0.8898809523809523,0.9522292993630572,0.92,0.0,0.0,0.0,0.8996655518394648,0.9026845637583892,0.9011725293132328
arch_wider,0.005,13,1,9958.0,2491.0,17.0,6.0,0.0671392812701646,0.4500634735052057,0.9797148021691102,0.9454034524287436,0.8492859627851121,0.8321708285539803,0.839280527594043,0.9450903889175408,5.565307140350342,0.9668874172185432,0.9864864864864864,0.976588628762542,0.9939024390243902,0.9673590504451038,0.9804511278195488,0.9016393442622952,0.9228187919463088,0.9121061359867328,0.9150943396226416,0.9478827361563518,0.9312,0.9532374100719424,0.9075342465753424,0.9298245614035088,0.9285714285714286,0.7222222222222222,0.8125000000000001,0.9602649006622516,0.9797297297297296,0.9698996655518396,0.937888198757764,0.9648562300319488,0.9511811023622048,0.0,0.0,0.0,0.935374149659864,0.9228187919463088,0.929054054054054
arch_wider,0.005,13,2,9960.0,2489.0,13.0,2.0,0.0962945472926653,0.4410791338343235,0.975,0.9513860988348736,0.8441976850663023,0.8414758034609345,0.8425146094187616,0.9512011217706564,4.100925922393799,0.9477124183006536,0.9797297297297296,0.9634551495016612,0.997005988023952,0.9881305637982196,0.992548435171386,0.9572953736654805,0.9026845637583892,0.929188255613126,0.9625850340136054,0.9248366013071896,0.9433333333333334,0.9653979238754326,0.9554794520547946,0.9604130808950088,0.8076923076923077,0.7777777777777778,0.7924528301886792,0.9171974522292994,0.972972972972973,0.9442622950819672,0.9420731707317072,0.987220447284345,0.9641185647425896,0.0,0.0,0.0,0.9450171821305842,0.925925925925926,0.935374149659864
arch_wider,0.005,13,3,9960.0,2489.0,12.0,1.0,0.1007665483666817,0.397094941210186,0.9639558232931726,0.9405383688228204,0.8468834799481366,0.8204624565491672,0.8303669182611136,0.9398875081498606,4.048447132110596,0.9565217391304348,0.9662162162162162,0.961344537815126,0.9707602339181286,0.9851632047477744,0.9779086892488954,0.8990536277602523,0.9563758389261744,0.926829268292683,0.9311475409836064,0.9281045751633988,0.9296235679214402,0.9640287769784172,0.9178082191780822,0.9403508771929824,0.9444444444444444,0.6296296296296297,0.7555555555555556,0.9595959595959596,0.9628378378378378,0.9612141652613828,0.9363057324840764,0.939297124600639,0.937799043062201,0.0,0.0,0.0,0.9069767441860463,0.9191919191919192,0.9130434782608696
arch_wider,0.005,13,4,9962.0,2487.0,14.0,3.0,0.1510646104333893,0.5299743399384104,0.9758080706685404,0.9429030960997186,0.8320573757304957,0.8329148782404457,0.832264850601122,0.9429564752651928,4.458755731582642,0.972508591065292,0.956081081081081,0.9642248722316864,0.9331476323119776,0.9940652818991098,0.9626436781609194,0.9583333333333334,0.9292929292929292,0.9435897435897436,0.9150943396226416,0.9509803921568628,0.9326923076923076,0.9444444444444444,0.9315068493150684,0.9379310344827586,0.7321428571428571,0.7592592592592593,0.7454545454545455,0.96875,0.9457627118644067,0.9571183533447684,0.9573770491803278,0.9329073482428116,0.9449838187702264,0.0,0.0,0.0,0.9387755102040816,0.9292929292929292,0.934010152284264
arch_wider,0.005,21,0,9956.0,2493.0,13.0,2.0,0.0706505041341726,0.306653266349451,0.9658497388509442,0.9502607300441236,0.8396341359650548,0.8412566184190775,0.840151282992923,0.95044880988453,3.956624984741211,0.9731543624161074,0.9797297297297296,0.9764309764309764,0.976401179941003,0.9821958456973294,0.9792899408284024,0.9281045751633988,0.953020134228188,0.9403973509933774,0.9794520547945206,0.9315960912052116,0.9549248747913188,0.9543859649122808,0.9315068493150684,0.9428076256499132,0.7543859649122807,0.7818181818181819,0.7678571428571429,0.9694915254237289,0.9662162162162162,0.9678510998307952,0.97,0.926751592356688,0.9478827361563518,0.0,0.0,0.0,0.8909657320872274,0.959731543624161,0.9240710823909531
arch_wider,0.005,21,1,9958.0,2491.0,14.0,3.0,0.0931785557505799,0.4402790509281621,0.9716810604539065,0.943797671617824,0.8328389622505178,0.8265480197082207,0.8292170380556072,0.9434744057318292,4.361695051193237,0.9473684210526316,0.972972972972973,0.96,0.9908536585365854,0.9643916913946587,0.9774436090225564,0.9230769230769232,0.9261744966442952,0.9246231155778896,0.9480968858131488,0.8925081433224755,0.9194630872483222,0.9583333333333334,0.9452054794520548,0.9517241379310344,0.75,0.6666666666666666,0.7058823529411765,0.9260450160771704,0.972972972972973,0.9489291598023064,0.967948717948718,0.9648562300319488,0.9664,0.0,0.0,0.0,0.9166666666666666,0.959731543624161,0.9377049180327868
arch_wider,0.005,21,2,9960.0,2489.0,12.0,1.0,0.1881880930124222,0.6399166771941923,0.959437751004016,0.9321012454801124,0.8307312171708736,0.8273762879799555,0.8283038450855947,0.9320433720196436,3.7512269020080566,0.9664429530201344,0.972972972972973,0.9696969696969696,0.8997289972899729,0.9851632047477744,0.9405099150141644,0.9540636042402828,0.906040268456376,0.9294320137693632,0.9235880398671096,0.9084967320261438,0.9159802306425042,0.9530685920577616,0.9041095890410958,0.9279437609841829,0.8113207547169812,0.7962962962962963,0.8037383177570094,0.946843853820598,0.9628378378378378,0.9547738693467336,0.978798586572438,0.8849840255591054,0.9295302013422818,0.0,0.0,0.0,0.8734567901234568,0.9528619528619529,0.9114331723027376
arch_wider,0.005,21,3,9960.0,2489.0,13.0,2.0,0.0999381458545197,0.4754646313950749,0.96285140562249,0.9445560466050624,0.8492733471399923,0.8344329154297878,0.8406691998001115,0.9442624137529456,3.8973350524902344,0.9216300940438872,0.9932432432432432,0.9560975609756096,0.9651162790697676,0.9851632047477744,0.97503671071953,0.919093851132686,0.953020134228188,0.9357495881383854,0.9364548494983278,0.915032679738562,0.9256198347107438,0.9583333333333334,0.9452054794520548,0.9517241379310344,0.9318181818181818,0.7592592592592593,0.836734693877551,0.9891696750902528,0.9256756756756755,0.956369982547993,0.9462025316455696,0.9552715654952076,0.9507154213036566,0.0,0.0,0.0,0.924914675767918,0.9124579124579124,0.91864406779661
arch_wider,0.005,21,4,9962.0,2487.0,13.0,2.0,0.0943983534785141,0.3215424659659069,0.9675767918088736,0.9509449135504624,0.8400666801065485,0.8431921231981837,0.8413235865888253,0.9511388846325314,4.011940002441406,0.986013986013986,0.9527027027027029,0.9690721649484536,0.9968553459119496,0.940652818991098,0.96793893129771,0.9433333333333334,0.9528619528619529,0.948073701842546,0.9216300940438872,0.9607843137254902,0.9408,0.965034965034965,0.9452054794520548,0.9550173010380624,0.7543859649122807,0.7962962962962963,0.7747747747747747,0.9294871794871796,0.9830508474576272,0.9555189456342668,0.9621451104100948,0.97444089456869,0.9682539682539684,0.0,0.0,0.0,0.9417808219178082,0.925925925925926,0.933786078098472
arch_wider,0.005,99,0,9956.0,2493.0,12.0,1.0,0.1336596535756647,0.391915782378082,0.965247087183608,0.9430405134376254,0.8457380367196417,0.8392065924230794,0.841444776089919,0.943106797843266,3.89428186416626,0.9828178694158076,0.9662162162162162,0.9744463373083476,0.9623188405797102,0.9851632047477744,0.9736070381231672,0.9411764705882352,0.9664429530201344,0.95364238410596,0.9629629629629628,0.9315960912052116,0.9470198675496688,0.9604743083003952,0.8321917808219178,0.891743119266055,0.8846153846153846,0.8363636363636363,0.8598130841121494,0.9826989619377162,0.9594594594594594,0.9709401709401708,0.9528301886792452,0.964968152866242,0.9588607594936708,0.0,0.0,0.0,0.827485380116959,0.9496644295302014,0.8843749999999999
arch_wider,0.005,99,1,9958.0,2491.0,11.0,0.0,0.1690135279345719,0.5064333608937305,0.9451697127937336,0.9261340826977118,0.8183091339589073,0.8268891329406216,0.8208517356474084,0.9257250692170632,3.74332594871521,0.9444444444444444,0.9763513513513512,0.9601328903654484,0.9618768328445748,0.973293768545994,0.9675516224188792,0.9568627450980391,0.8187919463087249,0.8824593128390598,0.8700906344410876,0.9381107491856676,0.90282131661442,0.9281045751633988,0.9726027397260274,0.9498327759197324,0.71875,0.8518518518518519,0.7796610169491525,0.9501661129568106,0.9662162162162162,0.9581239530988276,0.8987730061349694,0.9361022364217252,0.917057902973396,0.0,0.0,0.0,0.9540229885057472,0.8355704697986577,0.89087656529517
arch_wider,0.005,99,2,9960.0,2489.0,11.0,0.0,0.1852365700731978,0.7502246586924879,0.9521084337349398,0.9337083165930092,0.8324146742692993,0.8271661947593512,0.8289006050347829,0.9338275105345668,3.419389009475708,0.9395973154362416,0.945945945945946,0.9427609427609428,0.987878787878788,0.9673590504451038,0.977511244377811,0.9420289855072465,0.87248322147651,0.9059233449477352,0.9201277955271564,0.9411764705882352,0.9305331179321484,0.9706959706959708,0.9075342465753424,0.9380530973451326,0.8235294117647058,0.7777777777777778,0.7999999999999999,0.9311475409836064,0.9594594594594594,0.9450915141430948,0.9632107023411371,0.9201277955271564,0.9411764705882354,0.0,0.0,0.0,0.8459302325581395,0.9797979797979798,0.9079563182527302
arch_wider,0.005,99,3,9960.0,2489.0,18.0,7.0,0.0705847989554513,0.3348887093405462,0.9788152610441768,0.952591402169546,0.853895468975662,0.845656853655283,0.8494558556741076,0.9524591026265936,5.549008846282959,0.9664429530201344,0.972972972972973,0.9696969696969696,0.985207100591716,0.9881305637982196,0.9866666666666668,0.9251700680272108,0.912751677852349,0.9189189189189187,0.935483870967742,0.9477124183006536,0.9415584415584416,0.9326599326599326,0.9486301369863014,0.9405772495755518,0.9166666666666666,0.8148148148148148,0.8627450980392156,0.9797979797979798,0.983108108108108,0.981450252951096,0.9579288025889968,0.9456869009584664,0.9517684887459806,0.0,0.0,0.0,0.9395973154362416,0.9427609427609428,0.9411764705882352
arch_wider,0.005,99,4,9962.0,2487.0,12.0,1.0,0.0935029340386836,0.4958283332881192,0.960048183095764,0.9223964616003216,0.8103473970586055,0.8158817170376214,0.8126427085318614,0.9226355146050448,3.799418210983277,0.9461279461279462,0.9493243243243245,0.9477234401349072,0.9514285714285714,0.9881305637982196,0.9694323144104804,0.9379310344827586,0.915824915824916,0.9267461669505964,0.8672839506172839,0.9183006535947712,0.892063492063492,0.9388489208633094,0.8938356164383562,0.9157894736842104,0.6721311475409836,0.7592592592592593,0.7130434782608696,0.9515570934256056,0.9322033898305084,0.9417808219178084,0.9385113268608414,0.926517571884984,0.932475884244373,0.0,0.0,0.0,0.8996539792387543,0.8754208754208754,0.8873720136518771
arch_wider,0.01,42,0,9956.0,2493.0,12.0,1.0,0.3338420437148488,0.6610462687123626,0.9231619124146244,0.9085439229843562,0.813893723264427,0.7986099615247851,0.804423447042864,0.9077055365428184,3.8131721019744873,0.9050632911392406,0.9662162162162162,0.934640522875817,0.9820359281437124,0.973293768545994,0.977645305514158,0.8840125391849529,0.9463087248322148,0.9141004862236628,0.9177631578947368,0.9087947882736156,0.9132569558101474,0.8980392156862745,0.7842465753424658,0.8372943327239489,0.8636363636363636,0.6909090909090909,0.7676767676767676,0.9638989169675092,0.902027027027027,0.931937172774869,0.8801169590643275,0.9585987261146496,0.9176829268292684,0.0,0.0,0.0,0.8443708609271523,0.8557046979865772,0.85
arch_wider,0.01,42,1,9958.0,2491.0,11.0,0.0,0.1908135199496412,0.5417320378263344,0.9304077123920466,0.9148936170212766,0.8219722268807894,0.7976265070821903,0.8067287044131831,0.9142112462194107,3.7581920623779297,0.9658703071672357,0.956081081081081,0.9609507640067912,0.9222222222222224,0.9851632047477744,0.9526542324246772,0.9154929577464788,0.87248322147651,0.8934707903780068,0.9114754098360656,0.9055374592833876,0.9084967320261438,0.8598130841121495,0.9452054794520548,0.900489396411093,0.8918918918918919,0.6111111111111112,0.7252747252747254,0.953405017921147,0.8986486486486487,0.925217391304348,0.9419354838709676,0.9329073482428116,0.9373996789727126,0.0,0.0,0.0,0.8576158940397351,0.8691275167785235,0.8633333333333334
arch_wider,0.01,42,2,9960.0,2489.0,15.0,4.0,0.2676072737025511,0.4882584679254938,0.9403614457831324,0.914021695460024,0.8364498166617749,0.7899129423976777,0.8033169002966967,0.9146140539887933,4.531980037689209,0.9661016949152542,0.9628378378378378,0.964467005076142,0.9938650306748468,0.9614243323442137,0.9773755656108598,0.9454545454545454,0.87248322147651,0.9075043630017452,0.9480968858131488,0.8954248366013072,0.9210084033613446,0.9432624113475178,0.910958904109589,0.926829268292683,1.0,0.5185185185185185,0.6829268292682926,0.7321428571428571,0.9695945945945946,0.8343023255813953,0.9649122807017544,0.8785942492012779,0.919732441471572,0.0,0.0,0.0,0.8706624605678234,0.9292929292929292,0.8990228013029316
arch_wider,0.01,42,3,9960.0,2489.0,16.0,5.0,0.3144702402985237,0.5778698815196581,0.9392570281124498,0.9104057854560064,0.79243526501475,0.8105506273128705,0.7863204111120634,0.922838938303156,5.07899022102356,0.9681978798586572,0.9256756756756755,0.9464594127806564,0.9969418960244648,0.9673590504451038,0.9819277108433736,0.942652329749104,0.8825503355704698,0.9116117850953208,0.955631399317406,0.915032679738562,0.9348914858096828,0.9920948616600792,0.8595890410958904,0.9211009174311928,0.2588235294117647,0.8148148148148148,0.3928571428571429,0.986013986013986,0.9527027027027029,0.9690721649484536,0.930379746835443,0.939297124600639,0.9348171701112876,0.0,0.0,0.0,0.8936170212765957,0.8484848484848485,0.8704663212435233
arch_wider,0.01,42,4,9962.0,2487.0,11.0,0.0,0.3550132054476679,0.6504998359279911,0.924914675767918,0.9075190993164456,0.8163178836809399,0.7824969000382394,0.7927369748837699,0.9057751639126488,3.521273136138916,0.9620689655172414,0.9425675675675677,0.9522184300341296,0.9938837920489296,0.9643916913946587,0.9789156626506024,0.9566787003610108,0.8922558922558923,0.9233449477351916,0.8727272727272727,0.9411764705882352,0.9056603773584904,0.8496932515337423,0.9486301369863014,0.8964401294498382,0.9,0.5,0.6428571428571429,0.924342105263158,0.952542372881356,0.9382303839732888,0.8698224852071006,0.939297124600639,0.903225806451613,0.0,0.0,0.0,0.8339622641509434,0.7441077441077442,0.7864768683274023
arch_wider,0.01,7,0,9956.0,2493.0,13.0,2.0,0.3138038753726783,0.6477765422231788,0.9403374849337084,0.9197753710389088,0.810017310747065,0.8037818330436494,0.8060254826885546,0.9204602303505038,3.76482892036438,0.9791666666666666,0.9527027027027029,0.9657534246575342,0.9909638554216867,0.9762611275964392,0.98355754857997,0.8993288590604027,0.8993288590604027,0.8993288590604027,0.7849162011173184,0.9153094462540716,0.8451127819548873,0.9563636363636364,0.9006849315068494,0.9276895943562612,0.6730769230769231,0.6363636363636364,0.6542056074766355,0.9233333333333332,0.9358108108108107,0.929530201342282,0.9373040752351096,0.9522292993630572,0.9447077409162716,0.0,0.0,0.0,0.955719557195572,0.8691275167785235,0.9103690685413006
arch_wider,0.01,7,1,9958.0,2491.0,12.0,1.0,0.3510311797741826,0.5857574552386692,0.908013657360916,0.9124849458048976,0.8193406279240885,0.8140639460388595,0.814412699907147,0.9141230343269924,3.853104829788208,0.9964285714285714,0.9425675675675677,0.96875,0.9420289855072465,0.9643916913946587,0.9530791788856304,0.8673469387755102,0.8557046979865772,0.8614864864864865,0.96875,0.9087947882736156,0.93781512605042,0.9775280898876404,0.8938356164383562,0.9338103756708408,0.8035714285714286,0.8333333333333334,0.8181818181818182,0.992248062015504,0.8648648648648649,0.924187725631769,0.8987341772151899,0.9073482428115016,0.90302066772655,0.0,0.0,0.0,0.7467700258397932,0.9697986577181208,0.8437956204379562
arch_wider,0.01,7,2,9960.0,2489.0,11.0,0.0,0.5307121421117525,0.7852894143181207,0.9152610441767068,0.892326235435918,0.7892966902235908,0.7447180845197579,0.7500626986615674,0.8883912618737486,3.667315006256103,0.9250814332247556,0.9594594594594594,0.9419568822553896,0.9779179810725552,0.9198813056379822,0.948012232415902,0.7755681818181818,0.9161073825503356,0.84,0.8304597701149425,0.9444444444444444,0.8837920489296636,0.862876254180602,0.8835616438356164,0.8730964467005075,0.7142857142857143,0.1851851851851851,0.2941176470588235,0.9607142857142856,0.9087837837837838,0.9340277777777778,0.9238410596026492,0.8913738019169329,0.9073170731707318,0.0,0.0,0.0,0.9222222222222224,0.8383838383838383,0.8783068783068783
arch_wider,0.01,7,3,9960.0,2489.0,13.0,2.0,0.2454305088681044,0.5603205140864606,0.9300200803212852,0.9132181599035756,0.8060116646219116,0.794961507043553,0.798819695095289,0.9139665528791124,4.264497995376587,0.9685314685314684,0.9358108108108107,0.9518900343642612,0.9821428571428572,0.9792284866468842,0.9806835066864784,0.7553763440860215,0.9429530201342282,0.8388059701492537,0.9565217391304348,0.8627450980392157,0.9072164948453608,0.9372822299651568,0.9212328767123288,0.929188255613126,0.6808510638297872,0.5925925925925926,0.6336633663366336,0.9553264604810996,0.9391891891891893,0.9471890971039184,0.9223300970873788,0.9105431309904152,0.9163987138263664,0.0,0.0,0.0,0.9017543859649124,0.8653198653198653,0.8831615120274914
arch_wider,0.01,7,4,9962.0,2487.0,12.0,1.0,0.2012468500482475,0.5039279562291082,0.9235093354748044,0.9051065540812224,0.8035711858028209,0.7863229640506186,0.7919580440686028,0.9060089415393128,3.598335027694702,0.9193548387096774,0.9628378378378378,0.9405940594059404,0.9732142857142856,0.9703264094955488,0.9717682020802376,0.9187279151943464,0.8754208754208754,0.896551724137931,0.9498327759197324,0.9281045751633988,0.9388429752066116,0.94140625,0.8253424657534246,0.8795620437956203,0.7045454545454546,0.5740740740740741,0.6326530612244898,0.9883720930232558,0.864406779661017,0.922242314647378,0.9174603174603174,0.9233226837060704,0.9203821656050956,0.0,0.0,0.0,0.7227979274611399,0.9393939393939394,0.8169838945827234
arch_wider,0.01,13,0,9956.0,2493.0,12.0,1.0,0.2192269313767881,0.5204231523066428,0.9380273202089192,0.9133574007220217,0.8216848384787288,0.8031794576730169,0.8105382919155597,0.9130801089312904,3.785616159439087,0.94314381270903,0.9527027027027029,0.9478991596638656,0.9595375722543352,0.9851632047477744,0.972181551976574,0.9528985507246376,0.8825503355704698,0.9163763066202092,0.8980263157894737,0.8892508143322475,0.8936170212765957,0.916083916083916,0.8972602739726028,0.9065743944636678,0.9047619047619048,0.6909090909090909,0.7835051546391754,0.8746081504702194,0.9425675675675677,0.9073170731707316,0.9266666666666666,0.8853503184713376,0.9055374592833876,0.0,0.0,0.0,0.8411214953271028,0.906040268456376,0.8723747980613893
arch_wider,0.01,13,1,9958.0,2491.0,12.0,1.0,0.2864397798763257,0.6136830136687498,0.929102229363326,0.911280610196708,0.7983945738226584,0.7961189125568436,0.7965911082489405,0.9113264470097002,3.7200021743774414,0.9794520547945206,0.9662162162162162,0.9727891156462584,0.9475218658892128,0.9643916913946587,0.9558823529411764,0.9347826086956522,0.8657718120805369,0.8989547038327527,0.922077922077922,0.9250814332247556,0.9235772357723576,0.9389312977099236,0.8424657534246576,0.888086642599278,0.6296296296296297,0.6296296296296297,0.6296296296296297,0.9395973154362416,0.945945945945946,0.9427609427609428,0.8575581395348837,0.9424920127795527,0.8980213089802132,0.0,0.0,0.0,0.8343949044585988,0.8791946308724832,0.8562091503267973
arch_wider,0.01,13,2,9960.0,2489.0,14.0,3.0,0.2650770064621267,0.505163862776503,0.9321285140562248,0.922057051024508,0.8406336893252477,0.8113518193868672,0.8215758253758423,0.9243489407000464,4.296727895736694,0.9594594594594594,0.9594594594594594,0.9594594594594594,0.9939577039274924,0.9762611275964392,0.9850299401197604,0.7034313725490197,0.9630872483221476,0.8130311614730878,0.9635036496350364,0.8627450980392157,0.9103448275862068,0.9637681159420288,0.910958904109589,0.9366197183098592,0.95,0.7037037037037037,0.8085106382978724,0.978102189781022,0.9054054054054054,0.9403508771929824,0.9765886287625418,0.9329073482428116,0.954248366013072,0.0,0.0,0.0,0.9175257731958762,0.898989898989899,0.9081632653061223
arch_wider,0.01,13,3,9960.0,2489.0,13.0,2.0,0.24813536122832,0.5424424711915141,0.941867469879518,0.9192446765769384,0.8338031769759864,0.789589348851643,0.8020154798828413,0.9184409250836534,4.0508270263671875,0.9559322033898304,0.9527027027027029,0.9543147208121828,0.9877675840978594,0.9584569732937686,0.9728915662650602,0.9198606271777005,0.8859060402684564,0.9025641025641026,0.790633608815427,0.937908496732026,0.8579970104633783,0.916955017301038,0.9075342465753424,0.9122203098106711,0.9615384615384616,0.4629629629629629,0.625,0.959731543624161,0.9662162162162162,0.962962962962963,0.9686411149825784,0.8881789137380192,0.9266666666666667,0.0,0.0,0.0,0.8769716088328076,0.936026936026936,0.9055374592833876
arch_wider,0.01,13,4,9962.0,2487.0,12.0,1.0,0.2596894337619223,0.4381953412191019,0.9268219233085726,0.9119420989143546,0.8062854764237887,0.8048358878291815,0.8042617435675791,0.9143399877024208,3.6165149211883545,0.9857142857142858,0.9324324324324323,0.9583333333333331,0.9876543209876544,0.9495548961424332,0.9682299546142208,0.9480968858131488,0.9225589225589226,0.9351535836177476,0.952542372881356,0.9183006535947712,0.9351081530782028,0.87248322147651,0.8904109589041096,0.8813559322033899,0.6724137931034483,0.7222222222222222,0.6964285714285714,0.975438596491228,0.9423728813559322,0.9586206896551724,0.9518900343642612,0.8849840255591054,0.9172185430463576,0.0,0.0,0.0,0.7166212534059946,0.8855218855218855,0.792168674698795
arch_wider,0.01,21,0,9956.0,2493.0,11.0,0.0,2.258534742354801,2.525171406796005,0.909401366010446,0.8977135980746089,0.7950292512965066,0.7683449596097824,0.7760719905797234,0.8951787663200074,3.4227471351623535,0.917981072555205,0.983108108108108,0.9494290375203916,0.8913043478260869,0.973293768545994,0.9304964539007092,0.8267477203647416,0.912751677852349,0.8676236044657096,0.8932384341637011,0.8175895765472313,0.8537414965986395,0.900990099009901,0.934931506849315,0.9176470588235296,0.7419354838709677,0.4181818181818181,0.5348837209302325,0.9494949494949496,0.9527027027027029,0.951096121416526,0.9052287581699346,0.8821656050955414,0.8935483870967742,0.0,0.0,0.0,0.9233716475095786,0.8087248322147651,0.8622540250447228
arch_wider,0.01,21,1,9958.0,2491.0,11.0,0.0,0.2824706635897798,0.5188728729527351,0.9197630046194016,0.904456041750301,0.8095783781322021,0.7771372710653156,0.7870729896910926,0.904259089943194,3.372642993927002,0.9489795918367347,0.9425675675675677,0.9457627118644067,0.9730538922155688,0.9643916913946587,0.9687034277198212,0.7459893048128342,0.9362416107382552,0.8303571428571429,0.950354609929078,0.8729641693811075,0.9100169779286926,0.8741935483870967,0.928082191780822,0.9003322259136212,0.8064516129032258,0.4629629629629629,0.5882352941176471,0.9739776951672864,0.8851351351351351,0.927433628318584,0.9088050314465408,0.9233226837060704,0.9160063391442156,0.0,0.0,0.0,0.913978494623656,0.8557046979865772,0.8838821490467937
arch_wider,0.01,21,2,9960.0,2489.0,11.0,0.0,0.338503676402404,0.6330618076365632,0.9112449799196788,0.8903173965447971,0.7737908309141016,0.7780014880687214,0.7748428948695543,0.8911612829129234,3.4354441165924072,0.8990536277602523,0.9628378378378378,0.929853181076672,0.9666666666666668,0.9465875370919882,0.9565217391304348,0.8612903225806452,0.8959731543624161,0.8782894736842105,0.9131944444444444,0.8594771241830066,0.8855218855218855,0.8933333333333333,0.9178082191780822,0.9054054054054056,0.532258064516129,0.6111111111111112,0.5689655172413792,0.9442379182156134,0.8581081081081081,0.8991150442477877,0.9340277777777778,0.8594249201277955,0.8951747088186356,0.0,0.0,0.0,0.7938461538461539,0.8686868686868687,0.8295819935691319
arch_wider,0.01,21,3,9960.0,2489.0,12.0,1.0,0.3869897023953981,0.5822758228847363,0.9159638554216868,0.90116512655685,0.8097007238859704,0.7992462166280443,0.8023388551365883,0.9032197101348536,3.8854730129241943,0.9689655172413794,0.9493243243243245,0.9590443686006828,0.9873817034700316,0.9287833827893176,0.9571865443425076,0.9402985074626866,0.8456375838926175,0.8904593639575972,0.8765822784810127,0.9052287581699346,0.8906752411575563,0.9586466165413534,0.8732876712328768,0.913978494623656,0.803921568627451,0.7592592592592593,0.780952380952381,0.9425675675675677,0.9425675675675677,0.9425675675675677,0.9124579124579124,0.865814696485623,0.8885245901639344,0.0,0.0,0.0,0.7061855670103093,0.9225589225589226,0.7999999999999999
arch_wider,0.01,21,4,9962.0,2487.0,11.0,0.0,0.3554980918720334,0.631733002396947,0.8979120658502309,0.8862082830719743,0.7780696523267785,0.7722430735152213,0.7734812372810633,0.8860510141611232,3.5310699939727783,0.974074074074074,0.8885135135135135,0.9293286219081272,0.990990990990991,0.9792284866468842,0.9850746268656716,0.9073359073359072,0.7912457912457912,0.8453237410071941,0.8993055555555556,0.8464052287581699,0.8720538720538722,0.8802816901408451,0.8561643835616438,0.8680555555555556,0.6274509803921569,0.5925925925925926,0.6095238095238096,0.8089887640449438,0.976271186440678,0.8847926267281107,0.8626865671641791,0.9233226837060704,0.8919753086419753,0.0,0.0,0.0,0.8295819935691319,0.8686868686868687,0.8486842105263159
arch_wider,0.01,99,0,9956.0,2493.0,11.0,0.0,0.2463303331761176,0.5674077231333287,0.917838489353154,0.9001203369434416,0.7893236132449026,0.7920528639964513,0.7888870743656115,0.9000604172767807,3.5985071659088135,0.8996763754045307,0.9391891891891893,0.9190082644628098,0.9426934097421203,0.9762611275964392,0.9591836734693878,0.9634146341463414,0.7953020134228188,0.8713235294117647,0.9201388888888888,0.8631921824104235,0.8907563025210085,0.922509225092251,0.8561643835616438,0.8880994671403197,0.6129032258064516,0.6909090909090909,0.6495726495726496,0.9235880398671096,0.9391891891891893,0.9313232830820772,0.8885448916408669,0.9140127388535032,0.901098901098901,0.0,0.0,0.0,0.8197674418604651,0.9463087248322148,0.8785046728971962
arch_wider,0.01,99,1,9958.0,2491.0,11.0,0.0,0.2978431195292614,0.5903060645428126,0.9118296846756376,0.9012444801284624,0.806898791517383,0.8018452636586441,0.8037010421417907,0.9019564340124838,3.4120280742645264,0.958904109589041,0.945945945945946,0.9523809523809524,0.9728915662650602,0.9584569732937686,0.9656203288490284,0.9192982456140352,0.8791946308724832,0.8987993138936535,0.8107344632768362,0.9348534201954396,0.8683812405446295,0.9228070175438596,0.9006849315068494,0.9116117850953208,0.8269230769230769,0.7962962962962963,0.8113207547169811,0.954225352112676,0.9155405405405406,0.9344827586206896,0.9225589225589226,0.8753993610223643,0.898360655737705,0.0,0.0,0.0,0.7806451612903226,0.8120805369127517,0.7960526315789475
arch_wider,0.01,99,2,9960.0,2489.0,13.0,2.0,0.3844780774802134,0.7503351897835766,0.9427710843373494,0.9280835676978706,0.8326466335670795,0.7984187228896568,0.8088858113032844,0.9275825897369308,4.173744201660156,0.9680851063829788,0.9222972972972971,0.944636678200692,0.9938080495356038,0.9525222551928784,0.9727272727272728,0.811965811965812,0.9563758389261744,0.8782742681047766,0.9475409836065574,0.9444444444444444,0.9459901800327332,0.9671532846715328,0.9075342465753424,0.9363957597173144,0.8666666666666667,0.4814814814814814,0.6190476190476191,0.9471947194719472,0.9695945945945946,0.9582637729549248,0.976027397260274,0.9105431309904152,0.9421487603305784,0.0,0.0,0.0,0.8480243161094225,0.9393939393939394,0.8913738019169329
arch_wider,0.01,99,3,9960.0,2489.0,15.0,4.0,0.2403292488968644,0.3997318892331316,0.918273092369478,0.9003615910004018,0.8327106610231698,0.7980309399552059,0.8090272746586435,0.906297976778614,5.008295059204102,0.981132075471698,0.8783783783783784,0.9269162210338682,0.993920972644377,0.9703264094955488,0.981981981981982,0.6080508474576272,0.9630872483221476,0.7454545454545455,0.984313725490196,0.8202614379084967,0.8948306595365418,0.9703703703703704,0.8972602739726028,0.9323843416370108,0.9318181818181818,0.7592592592592593,0.836734693877551,0.9854014598540146,0.9121621621621622,0.9473684210526316,0.9401993355481728,0.9041533546325878,0.9218241042345277,0.0,0.0,0.0,0.931899641577061,0.8754208754208754,0.9027777777777778
arch_wider,0.01,99,4,9962.0,2487.0,11.0,0.0,0.3123772958369354,0.6546000826022401,0.9205982734390684,0.8922396461600322,0.7755803531163316,0.7671890632208056,0.7702532666831796,0.8922799796711051,3.3947229385375977,0.9368770764119602,0.9527027027027029,0.9447236180904524,0.9847094801223242,0.9554896142433236,0.9698795180722892,0.8934707903780069,0.8754208754208754,0.8843537414965987,0.9413919413919414,0.8398692810457516,0.8877374784110537,0.8576158940397351,0.886986301369863,0.872053872053872,0.5555555555555556,0.4629629629629629,0.505050505050505,0.9072847682119204,0.928813559322034,0.9179229480737018,0.9155844155844156,0.9009584664536742,0.9082125603864736,0.0,0.0,0.0,0.7633136094674556,0.8686868686868687,0.8125984251968505
arch_deeper,0.0001,42,0,9956.0,2493.0,21.0,10.0,0.0075889809458293,0.2371848637946175,0.9904580152671756,0.9466506217408744,0.8439431275787361,0.8470038824989754,0.8451276917661934,0.9466252284627928,3.2561352252960205,0.9665551839464884,0.9763513513513512,0.9714285714285714,0.973529411764706,0.9821958456973294,0.9778434268833088,0.930921052631579,0.9496644295302014,0.9401993355481728,0.9659863945578232,0.9250814332247556,0.9450915141430948,0.9078947368421052,0.9452054794520548,0.9261744966442952,0.8448275862068966,0.8909090909090909,0.8672566371681416,0.9827586206896552,0.9628378378378378,0.9726962457337884,0.9176829268292684,0.9585987261146496,0.937694704049844,0.0,0.0,0.0,0.9492753623188406,0.8791946308724832,0.9128919860627176
arch_deeper,0.0001,42,1,9958.0,2491.0,24.0,13.0,0.0047662314218032,0.2307945713454198,0.9950793331994376,0.9518265756724208,0.8442704874267891,0.8464250188344383,0.845274472065503,0.9518107278447072,3.7136731147766113,0.9696969696969696,0.972972972972973,0.9713322091062394,0.973529411764706,0.9821958456973294,0.9778434268833088,0.9425675675675677,0.9362416107382552,0.9393939393939394,0.9442622950819672,0.9381107491856676,0.9411764705882352,0.9537366548042704,0.9178082191780822,0.9354275741710296,0.8035714285714286,0.8333333333333334,0.8181818181818182,0.9563758389261744,0.9628378378378378,0.9595959595959596,0.9651898734177216,0.97444089456869,0.9697933227344993,0.0,0.0,0.0,0.933774834437086,0.9463087248322148,0.94
arch_deeper,0.0001,42,2,9960.0,2489.0,24.0,13.0,0.0040974733551882,0.230102922030887,0.9967871485943776,0.9425472077139412,0.8414251101296382,0.8299194553527964,0.834981416787001,0.9422793237887218,3.7480061054229736,0.95,0.9628378378378378,0.9563758389261744,0.9791044776119404,0.973293768545994,0.9761904761904762,0.9389830508474576,0.929530201342282,0.9342327150084316,0.9636963696369636,0.954248366013072,0.9589490968801314,0.9322033898305084,0.9417808219178082,0.9369676320272572,0.8666666666666667,0.7222222222222222,0.7878787878787877,0.9375,0.9628378378378378,0.95,0.932475884244373,0.926517571884984,0.9294871794871796,0.0,0.0,0.0,0.9136212624584718,0.925925925925926,0.919732441471572
arch_deeper,0.0001,42,3,9960.0,2489.0,23.0,12.0,0.0063493310060686,0.2170615526880083,0.9923694779116464,0.9493772599437524,0.8522607536911517,0.8339402117653444,0.8414435905007533,0.9488832976945286,3.564218759536743,0.9512987012987012,0.9898648648648648,0.9701986754966888,0.9792284866468842,0.9792284866468842,0.9792284866468842,0.9480968858131488,0.9194630872483222,0.9335604770017036,0.929936305732484,0.954248366013072,0.9419354838709678,0.9614035087719298,0.9383561643835616,0.9497400346620452,0.926829268292683,0.7037037037037037,0.8000000000000002,0.9415584415584416,0.9797297297297296,0.9602649006622516,0.9488817891373802,0.9488817891373802,0.9488817891373802,0.0,0.0,0.0,0.935374149659864,0.925925925925926,0.9306260575296108
arch_deeper,0.0001,42,4,9962.0,2487.0,26.0,15.0,0.0029645644837512,0.1905834564149222,0.9982935153583616,0.9545637314032972,0.8504184602479758,0.8489247526137644,0.8495741409721449,0.9545472245278974,4.100128889083862,0.9726962457337884,0.9628378378378378,0.967741935483871,0.9763313609467456,0.9792284866468842,0.9777777777777776,0.9647887323943662,0.9225589225589226,0.9432013769363168,0.9411764705882352,0.9411764705882352,0.9411764705882352,0.9494949494949496,0.9657534246575342,0.9575551782682512,0.8490566037735849,0.8333333333333334,0.8411214953271028,0.9761092150170648,0.9694915254237289,0.9727891156462584,0.9492063492063492,0.9552715654952076,0.9522292993630572,0.0,0.0,0.0,0.9253246753246752,0.9595959595959596,0.9421487603305784
arch_deeper,0.0001,7,0,9956.0,2493.0,27.0,16.0,0.0025034728447598,0.2116676918542331,0.9985938127762154,0.9482551143200962,0.8402019078370021,0.8379296774175501,0.8390217533203341,0.94814413729809,4.416390895843506,0.9563758389261744,0.9628378378378378,0.9595959595959596,0.9763313609467456,0.9792284866468842,0.9777777777777776,0.9429530201342282,0.9429530201342282,0.9429530201342282,0.9473684210526316,0.9381107491856676,0.9427168576104746,0.9480968858131488,0.9383561643835616,0.9432013769363168,0.7924528301886793,0.7636363636363637,0.7777777777777778,0.9501661129568106,0.9662162162162162,0.9581239530988276,0.9526813880126184,0.961783439490446,0.9572107765451664,0.0,0.0,0.0,0.9355932203389832,0.9261744966442952,0.9308600337268128
arch_deeper,0.0001,7,1,9958.0,2491.0,27.0,16.0,0.0025470488145925,0.1701718035726612,0.9983932516569592,0.9590525893215576,0.8598912542074174,0.8572303447179225,0.8585009515231498,0.9589407227408774,4.448137998580933,0.9702970297029704,0.9932432432432432,0.9816360601001668,0.9793510324483776,0.9851632047477744,0.9822485207100592,0.9489795918367347,0.9362416107382552,0.9425675675675677,0.9403973509933776,0.9250814332247556,0.9326765188834154,0.9591836734693876,0.9657534246575342,0.962457337883959,0.9230769230769232,0.8888888888888888,0.9056603773584906,0.9697986577181208,0.9763513513513512,0.9730639730639732,0.9583333333333334,0.9552715654952076,0.9568,0.0,0.0,0.0,0.9494949494949496,0.9463087248322148,0.9478991596638656
arch_deeper,0.0001,7,2,9960.0,2489.0,21.0,10.0,0.0082248317850974,0.2135197259641194,0.9902610441767068,0.9469666532744074,0.8469796348551577,0.8333055096788563,0.8391307537165048,0.9465148293176988,3.5171289443969727,0.9694915254237289,0.9662162162162162,0.9678510998307952,0.9766081871345028,0.9910979228486648,0.98379970544919,0.9484536082474226,0.9261744966442952,0.9371816638370118,0.9348534201954396,0.937908496732026,0.936378466557912,0.9328859060402684,0.952054794520548,0.9423728813559324,0.8863636363636364,0.7222222222222222,0.7959183673469388,0.9511400651465798,0.9864864864864864,0.9684908789386402,0.92,0.9552715654952076,0.9373040752351096,0.0,0.0,0.0,0.95,0.8956228956228957,0.9220103986135184
arch_deeper,0.0001,7,3,9960.0,2489.0,23.0,12.0,0.0052948422927121,0.2198871816090512,0.994578313253012,0.94817195660908,0.8463238061979382,0.8360124964777347,0.8405833364195183,0.9479058696996298,3.824099063873291,0.9503311258278144,0.9695945945945946,0.959866220735786,0.9822485207100592,0.9851632047477744,0.9837037037037036,0.9419795221843004,0.9261744966442952,0.934010152284264,0.9413680781758956,0.9444444444444444,0.9429037520391516,0.9484536082474226,0.9452054794520548,0.9468267581475128,0.8695652173913043,0.7407407407407407,0.7999999999999999,0.9534883720930232,0.9695945945945946,0.9614740368509214,0.9572368421052632,0.9297124600638976,0.9432739059967586,0.0,0.0,0.0,0.9185667752442996,0.9494949494949496,0.933774834437086
arch_deeper,0.0001,7,4,9962.0,2487.0,24.0,13.0,0.0054326015487007,0.2237574663370575,0.9948805460750854,0.9473260956976276,0.8381824014641852,0.8459344684463991,0.8416842691517484,0.9475566747453588,3.892611026763916,0.9537953795379538,0.9763513513513512,0.9649415692821368,0.990909090909091,0.9703264094955488,0.9805097451274364,0.9177631578947368,0.9393939393939394,0.9284525790349418,0.9471947194719472,0.937908496732026,0.942528735632184,0.9575971731448764,0.928082191780822,0.942608695652174,0.7704918032786885,0.8703703703703703,0.817391304347826,0.9655172413793104,0.9491525423728814,0.9572649572649572,0.9523809523809524,0.9584664536741214,0.9554140127388536,0.0,0.0,0.0,0.9261744966442952,0.9292929292929292,0.9277310924369748
arch_deeper,0.0001,13,0,9956.0,2493.0,23.0,12.0,0.0053159788662824,0.1956886387049599,0.9943752511048614,0.9510629763337344,0.8459996455511515,0.8449624673795088,0.8454466047862045,0.9510422600275594,3.79764723777771,0.956810631229236,0.972972972972973,0.9648241206030151,0.9880239520958084,0.9792284866468842,0.9836065573770492,0.9403973509933776,0.953020134228188,0.9466666666666668,0.9368770764119602,0.9185667752442996,0.9276315789473684,0.9523809523809524,0.958904109589041,0.955631399317406,0.8333333333333334,0.8181818181818182,0.8256880733944955,0.9863945578231292,0.9797297297297296,0.983050847457627,0.9455128205128204,0.9394904458598726,0.9424920127795527,0.0,0.0,0.0,0.920265780730897,0.929530201342282,0.9248747913188649
arch_deeper,0.0001,13,1,9958.0,2491.0,27.0,16.0,0.0027315534427139,0.2067655588719388,0.9979915645711992,0.9526294660778803,0.8532130140543327,0.8396501133166812,0.8455355287879905,0.9523139394070236,4.478875160217285,0.960655737704918,0.9898648648648648,0.9750415973377704,0.9880597014925372,0.9821958456973294,0.9851190476190476,0.95578231292517,0.9429530201342282,0.9493243243243245,0.9442622950819672,0.9381107491856676,0.9411764705882352,0.9355932203389832,0.9452054794520548,0.9403747870528107,0.9090909090909092,0.7407407407407407,0.8163265306122449,0.959866220735786,0.9695945945945946,0.9647058823529412,0.9495268138801262,0.9616613418530352,0.9555555555555556,0.0,0.0,0.0,0.9292929292929292,0.9261744966442952,0.9277310924369748
arch_deeper,0.0001,13,2,9960.0,2489.0,27.0,16.0,0.002907256838858,0.187615549708403,0.9985943775100402,0.9529931699477702,0.8467926030590469,0.844438404582902,0.8455483300358221,0.9529263321081002,4.440372943878174,0.9663299663299664,0.9695945945945946,0.9679595278246208,0.9940476190476192,0.9910979228486648,0.9925705794947994,0.94,0.9463087248322148,0.94314381270903,0.9493243243243245,0.9183006535947712,0.9335548172757474,0.9523809523809524,0.958904109589041,0.955631399317406,0.8269230769230769,0.7962962962962963,0.8113207547169811,0.9562289562289562,0.9594594594594594,0.957841483979764,0.9585987261146496,0.9616613418530352,0.9601275917065392,0.0,0.0,0.0,0.924092409240924,0.9427609427609428,0.9333333333333332
arch_deeper,0.0001,13,3,9960.0,2489.0,24.0,13.0,0.0045366639475773,0.2352678655551791,0.9960843373493976,0.9469666532744074,0.8400746894807588,0.8364237668358097,0.8381583393309248,0.9468708954087396,3.956070899963379,0.976027397260274,0.9628378378378378,0.9693877551020408,0.9762611275964392,0.9762611275964392,0.9762611275964392,0.9326599326599326,0.929530201342282,0.93109243697479,0.9333333333333332,0.9607843137254902,0.9468599033816426,0.9379310344827586,0.9315068493150684,0.9347079037800688,0.803921568627451,0.7592592592592593,0.780952380952381,0.9630872483221476,0.9695945945945946,0.9663299663299664,0.9583333333333334,0.9552715654952076,0.9568,0.0,0.0,0.0,0.9191919191919192,0.9191919191919192,0.9191919191919192
arch_deeper,0.0001,13,4,9962.0,2487.0,23.0,12.0,0.0047152251984192,0.226477987047431,0.995382453322626,0.9533574587856856,0.8480955603548603,0.8416916557049147,0.8446837279338759,0.9531565199674068,3.54434585571289,0.9625850340136054,0.956081081081081,0.9593220338983052,0.9738372093023256,0.9940652818991098,0.9838472834067548,0.95578231292517,0.9461279461279462,0.9509306260575296,0.9477124183006536,0.9477124183006536,0.9477124183006536,0.9584775086505192,0.9486301369863014,0.953528399311532,0.8367346938775511,0.7592592592592593,0.796116504854369,0.9663299663299664,0.9728813559322034,0.9695945945945948,0.939297124600639,0.939297124600639,0.939297124600639,0.0,0.0,0.0,0.9401993355481728,0.9528619528619529,0.9464882943143812
arch_deeper,0.0001,21,0,9956.0,2493.0,27.0,16.0,0.0029953749069533,0.1660698400985896,0.997790277219767,0.9574809466506218,0.8552839959747593,0.8501627500353596,0.8525634334472816,0.9574462863403193,4.255849838256836,0.9795221843003412,0.9695945945945946,0.9745331069609507,0.9909638554216867,0.9762611275964392,0.98355754857997,0.9411764705882352,0.9664429530201344,0.95364238410596,0.9605263157894736,0.9511400651465798,0.955810147299509,0.9461279461279462,0.9623287671232876,0.9541595925297114,0.8823529411764706,0.8181818181818182,0.8490566037735848,0.9693877551020408,0.9628378378378378,0.9661016949152542,0.9465408805031448,0.9585987261146496,0.9525316455696202,0.0,0.0,0.0,0.9362416107382552,0.9362416107382552,0.9362416107382552
arch_deeper,0.0001,21,1,9958.0,2491.0,26.0,15.0,0.0027156601894253,0.2194759731217732,0.9979915645711992,0.9502207948615012,0.8459935317876468,0.8345486581351025,0.8395330098082778,0.949830705993872,4.036139011383057,0.9629629629629628,0.9662162162162162,0.9645868465430018,0.9763313609467456,0.9792284866468842,0.9777777777777776,0.9545454545454546,0.9161073825503356,0.934931506849315,0.935897435897436,0.9511400651465798,0.9434571890145396,0.9551724137931036,0.9486301369863014,0.9518900343642612,0.8444444444444444,0.7037037037037037,0.7676767676767676,0.9320388349514565,0.972972972972973,0.9520661157024792,0.9559748427672956,0.9712460063897764,0.9635499207606972,0.0,0.0,0.0,0.9425675675675677,0.9362416107382552,0.9393939393939394
arch_deeper,0.0001,21,2,9960.0,2489.0,24.0,13.0,0.0046068337304964,0.2552106466180284,0.9957831325301204,0.94817195660908,0.8520065268290296,0.8407094642182098,0.8457630371420791,0.9479852925857866,3.9568159580230713,0.9566666666666668,0.9695945945945946,0.9630872483221476,0.9618768328445748,0.973293768545994,0.9675516224188792,0.936026936026936,0.9328859060402684,0.934453781512605,0.941747572815534,0.9509803921568628,0.946341463414634,0.9322033898305084,0.9417808219178082,0.9369676320272572,0.9347826086956522,0.7962962962962963,0.8599999999999999,0.9665551839464884,0.9763513513513512,0.9714285714285714,0.9570957095709572,0.926517571884984,0.9415584415584416,0.0,0.0,0.0,0.9331103678929766,0.9393939393939394,0.9362416107382552
arch_deeper,0.0001,21,3,9960.0,2489.0,25.0,14.0,0.0041308582093906,0.1896368369142601,0.9958835341365462,0.9578143832864604,0.8545866247170426,0.8546259591583828,0.8545868939640965,0.957782915014568,3.854877233505249,0.9732441471571908,0.983108108108108,0.9781512605042018,0.9851632047477744,0.9851632047477744,0.9851632047477744,0.9533333333333334,0.959731543624161,0.9565217391304348,0.9565217391304348,0.934640522875817,0.9454545454545454,0.9551724137931036,0.9486301369863014,0.9518900343642612,0.8703703703703703,0.8703703703703703,0.8703703703703703,0.9664429530201344,0.972972972972973,0.9696969696969696,0.9428571428571428,0.9488817891373802,0.945859872611465,0.0,0.0,0.0,0.9427609427609428,0.9427609427609428,0.9427609427609428
arch_deeper,0.0001,21,4,9962.0,2487.0,24.0,13.0,0.004669468457823,0.1970110948521903,0.9956835976711504,0.950140731805388,0.8483960442221987,0.8405953506324471,0.844145967289322,0.9499732074944608,3.8543076515197754,0.9634551495016612,0.9797297297297296,0.9715242881072026,0.9852941176470588,0.9940652818991098,0.9896602658788776,0.9362416107382552,0.9393939393939394,0.9378151260504204,0.9383116883116884,0.9444444444444444,0.9413680781758956,0.9326599326599326,0.9486301369863014,0.9405772495755518,0.875,0.7777777777777778,0.823529411764706,0.9693877551020408,0.9661016949152542,0.967741935483871,0.9666666666666668,0.926517571884984,0.9461663947797716,0.0,0.0,0.0,0.9169435215946844,0.9292929292929292,0.9230769230769232
arch_deeper,0.0001,99,0,9956.0,2493.0,26.0,15.0,0.0037417258713711,0.2116500631334087,0.9971876255524308,0.9538708383473726,0.8537082971619221,0.8454301270417087,0.8492327381785524,0.9536845535954196,4.403994798660278,0.9831649831649832,0.9864864864864864,0.984822934232715,0.967741935483871,0.9792284866468842,0.9734513274336284,0.9594594594594594,0.953020134228188,0.956228956228956,0.9335443037974684,0.9609120521172638,0.9470304975922952,0.943661971830986,0.9178082191780822,0.9305555555555556,0.8979591836734694,0.8,0.8461538461538463,0.9761092150170648,0.9662162162162162,0.9711375212224108,0.95625,0.9745222929936306,0.9652996845425869,0.0,0.0,0.0,0.9191919191919192,0.9161073825503356,0.9176470588235296
arch_deeper,0.0001,99,1,9958.0,2491.0,23.0,12.0,0.0051170332830069,0.2406487435911648,0.9947780678851176,0.9526294660778803,0.8471929331932812,0.8383683535936909,0.8423040303163043,0.9525046193657696,3.931161880493164,0.9797297297297296,0.9797297297297296,0.9797297297297298,0.9819277108433736,0.9673590504451038,0.9745889387144993,0.907051282051282,0.9496644295302014,0.9278688524590164,0.926517571884984,0.9446254071661238,0.935483870967742,0.9528619528619529,0.9691780821917808,0.9609507640067912,0.8297872340425532,0.7222222222222222,0.7722772277227723,0.9790940766550522,0.9493243243243245,0.9639794168096054,0.9492063492063492,0.9552715654952076,0.9522292993630572,0.0,0.0,0.0,0.9657534246575342,0.9463087248322148,0.9559322033898304
arch_deeper,0.0001,99,2,9960.0,2489.0,25.0,14.0,0.0033753405402368,0.2448918886652772,0.9975903614457832,0.9457613499397348,0.8433381559806488,0.8370235749738232,0.8399050659227474,0.945600814594758,4.133402109146118,0.9562289562289562,0.9594594594594594,0.957841483979764,0.9821428571428572,0.9792284866468842,0.9806835066864784,0.9377162629757786,0.9093959731543624,0.9233390119250426,0.9566666666666668,0.937908496732026,0.9471947194719472,0.9387755102040816,0.9452054794520548,0.9419795221843004,0.8571428571428571,0.7777777777777778,0.8155339805825242,0.9383116883116884,0.9763513513513512,0.956953642384106,0.9519230769230768,0.9488817891373802,0.9504,0.0,0.0,0.0,0.9144736842105264,0.936026936026936,0.9251247920133112
arch_deeper,0.0001,99,3,9960.0,2489.0,24.0,13.0,0.0047835263817352,0.1817154256124238,0.996285140562249,0.9578143832864604,0.8579888023016451,0.8591743911923301,0.8584887317913827,0.9577898369806508,3.875167846679687,0.9508196721311476,0.9797297297297296,0.9650582362728783,0.9792899408284024,0.9821958456973294,0.9807407407407408,0.9619377162629758,0.9328859060402684,0.9471890971039182,0.9504950495049505,0.9411764705882352,0.9458128078817734,0.9463087248322148,0.9657534246575342,0.9559322033898304,0.9090909090909092,0.925925925925926,0.9174311926605504,0.9761092150170648,0.9662162162162162,0.9711375212224108,0.9404388714733544,0.9584664536741214,0.9493670886075948,0.0,0.0,0.0,0.9653979238754326,0.9393939393939394,0.95221843003413
arch_deeper,0.0001,99,4,9962.0,2487.0,23.0,12.0,0.0059313706011724,0.2233793914829947,0.9928729170849228,0.9408926417370326,0.8340406627816087,0.8329247442386238,0.8334406873756945,0.940793473066034,3.971230983734131,0.96,0.972972972972973,0.9664429530201344,0.9766081871345028,0.9910979228486648,0.98379970544919,0.939799331103679,0.9461279461279462,0.9429530201342282,0.9269102990033222,0.9117647058823528,0.9192751235584844,0.9217687074829932,0.928082191780822,0.924914675767918,0.7924528301886793,0.7777777777777778,0.7850467289719626,0.9523809523809524,0.9491525423728814,0.9507640067911716,0.9540983606557376,0.9297124600638976,0.941747572815534,0.0,0.0,0.0,0.9163879598662208,0.9225589225589226,0.9194630872483222
arch_deeper,0.0005,42,0,9956.0,2493.0,13.0,2.0,0.0006290831388979,0.2458191544980813,0.9864403374849338,0.946249498596069,0.8413650635098386,0.846616678842304,0.8436224343879205,0.946218912657978,2.0648539066314697,0.9601328903654484,0.9763513513513512,0.9681742043551088,0.9622093023255814,0.9821958456973294,0.972099853157122,0.94,0.9463087248322148,0.94314381270903,0.9623287671232876,0.9153094462540716,0.9382303839732888,0.9283276450511946,0.9315068493150684,0.9299145299145298,0.8166666666666667,0.8909090909090909,0.8521739130434782,0.9793103448275862,0.9594594594594594,0.969283276450512,0.9212121212121211,0.9681528662420382,0.9440993788819876,0.0,0.0,0.0,0.9434628975265018,0.8959731543624161,0.919104991394148
arch_deeper,0.0005,42,1,9958.0,2491.0,14.0,3.0,0.0004533729021426,0.2510640966670578,0.9944768025707974,0.9494179044560418,0.8424684187527849,0.8443921686133973,0.8432840482075623,0.9493896032002788,2.2525670528411865,0.9504950495049505,0.972972972972973,0.9616026711185308,0.9651162790697676,0.9851632047477744,0.97503671071953,0.9615384615384616,0.9228187919463088,0.9417808219178082,0.9385113268608414,0.9446254071661238,0.9415584415584416,0.9535714285714286,0.9143835616438356,0.9335664335664337,0.8035714285714286,0.8333333333333334,0.8181818181818182,0.9562289562289562,0.9594594594594594,0.957841483979764,0.9710610932475884,0.9648562300319488,0.9679487179487178,0.0,0.0,0.0,0.9245901639344264,0.9463087248322148,0.9353233830845772
arch_deeper,0.0005,42,2,9960.0,2489.0,13.0,2.0,0.0024229743073765,0.2435840166220426,0.9900602409638556,0.9457613499397348,0.8477593785911914,0.8340292455727913,0.8399512033564317,0.9455352504137372,2.2001142501831055,0.9659863945578232,0.9594594594594594,0.9627118644067796,0.9908814589665652,0.9673590504451038,0.9789789789789788,0.9278688524590164,0.9496644295302014,0.9386401326699834,0.9577922077922078,0.9640522875816994,0.9609120521172638,0.9409722222222222,0.928082191780822,0.9344827586206896,0.9090909090909092,0.7407407407407407,0.8163265306122449,0.9348534201954396,0.9695945945945946,0.9519071310116084,0.9252336448598132,0.9488817891373802,0.9369085173501576,0.0,0.0,0.0,0.924914675767918,0.9124579124579124,0.91864406779661
arch_deeper,0.0005,42,3,9960.0,2489.0,15.0,4.0,0.0004129210668046,0.2590408093047773,0.9978915662650604,0.9509843310566491,0.8476311392463218,0.839919816947039,0.8433644622847417,0.950730511600964,2.3840980529785156,0.954248366013072,0.9864864864864864,0.9700996677740864,0.9763313609467456,0.9792284866468842,0.9777777777777776,0.9543859649122808,0.912751677852349,0.9331046312178388,0.9240506329113924,0.954248366013072,0.9389067524115756,0.9722222222222222,0.958904109589041,0.9655172413793104,0.8541666666666666,0.7592592592592593,0.8039215686274509,0.9539473684210528,0.9797297297297296,0.9666666666666666,0.9607843137254902,0.939297124600639,0.949919224555735,0.0,0.0,0.0,0.9261744966442952,0.9292929292929292,0.9277310924369748
arch_deeper,0.0005,42,4,9962.0,2487.0,15.0,4.0,0.0005131179381214,0.179944148229723,0.9977916081108212,0.9565741857659832,0.8541394865059994,0.8550965940018249,0.8545175485121381,0.9565706232070484,2.4002668857574463,0.986159169550173,0.9628378378378378,0.9743589743589745,0.9651162790697676,0.9851632047477744,0.97503671071953,0.9479166666666666,0.9191919191919192,0.9333333333333332,0.9451612903225808,0.9575163398692812,0.9512987012987012,0.9528619528619529,0.9691780821917808,0.9609507640067912,0.8727272727272727,0.8888888888888888,0.8807339449541284,0.976027397260274,0.9661016949152542,0.9710391822827938,0.9640522875816994,0.9424920127795527,0.9531502423263328,0.0,0.0,0.0,0.931372549019608,0.9595959595959596,0.945273631840796
arch_deeper,0.0005,7,0,9956.0,2493.0,16.0,5.0,0.0053723096596761,0.223506986144047,0.9989955805544396,0.9482551143200962,0.8451524479730839,0.8348004384216153,0.8394173720598419,0.9479072475210834,2.5659730434417725,0.9630872483221476,0.9695945945945946,0.9663299663299664,0.9622093023255814,0.9821958456973294,0.972099853157122,0.9489795918367347,0.9362416107382552,0.9425675675675677,0.9475409836065574,0.9413680781758956,0.9444444444444444,0.944055944055944,0.9246575342465754,0.9342560553633218,0.851063829787234,0.7272727272727273,0.7843137254901961,0.9625850340136054,0.956081081081081,0.9593220338983052,0.9359756097560976,0.9777070063694268,0.9563862928348908,0.0,0.0,0.0,0.936026936026936,0.9328859060402684,0.934453781512605
arch_deeper,0.0005,7,1,9958.0,2491.0,16.0,5.0,0.000293821816511,0.1672796368849023,0.9988953605141596,0.967482938578884,0.8700433221844015,0.8671976752912816,0.8685498242749583,0.9674082913798808,2.719636917114258,0.973421926910299,0.9898648648648648,0.9815745393634842,0.9822485207100592,0.9851632047477744,0.9837037037037036,0.9590443686006824,0.9429530201342282,0.9509306260575296,0.959866220735786,0.9348534201954396,0.9471947194719472,0.9659863945578232,0.9726027397260274,0.9692832764505118,0.9615384615384616,0.925925925925926,0.9433962264150944,0.9764309764309764,0.9797297297297296,0.9780775716694772,0.9682539682539684,0.97444089456869,0.9713375796178344,0.0,0.0,0.0,0.9536423841059604,0.9664429530201344,0.96
arch_deeper,0.0005,7,2,9960.0,2489.0,14.0,3.0,0.0005006720156079,0.2679648118928333,0.9941767068273092,0.9489754921655283,0.8452187686826468,0.8350681804931039,0.8395088686847881,0.9486034298395496,2.1756622791290283,0.9698996655518396,0.9797297297297296,0.9747899159663864,0.9852507374631267,0.9910979228486648,0.9881656804733728,0.9618055555555556,0.929530201342282,0.9453924914675768,0.9566666666666668,0.937908496732026,0.9471947194719472,0.9207920792079208,0.9554794520547946,0.9378151260504204,0.8478260869565217,0.7222222222222222,0.78,0.9575163398692812,0.9898648648648648,0.973421926910299,0.921875,0.9424920127795527,0.9320695102685624,0.0,0.0,0.0,0.9305555555555556,0.9023569023569024,0.9162393162393162
arch_deeper,0.0005,7,3,9960.0,2489.0,15.0,4.0,0.0004169497463216,0.2521531830990222,0.9974899598393574,0.9501807955002008,0.844146104871558,0.8452073059204226,0.8446037476312966,0.9501923470031556,2.3124759197235107,0.9593220338983052,0.956081081081081,0.957698815566836,0.9821958456973294,0.9821958456973294,0.9821958456973294,0.9515570934256056,0.9228187919463088,0.9369676320272572,0.9665551839464884,0.9444444444444444,0.9553719008264464,0.9517241379310344,0.9452054794520548,0.9484536082474228,0.8181818181818182,0.8333333333333334,0.8256880733944955,0.950657894736842,0.9763513513513512,0.9633333333333334,0.9310344827586208,0.9488817891373802,0.9398734177215188,0.0,0.0,0.0,0.9302325581395348,0.9427609427609428,0.9364548494983278
arch_deeper,0.0005,7,4,9962.0,2487.0,15.0,4.0,0.000444693245487,0.2440861320663246,0.9963862678177072,0.9533574587856856,0.8405778616153723,0.851032023088458,0.8451551308264319,0.9536756875191544,2.4481358528137207,0.97,0.983108108108108,0.976510067114094,0.9879154078549848,0.9703264094955488,0.9790419161676646,0.9393939393939394,0.9393939393939394,0.9393939393939394,0.969283276450512,0.9281045751633988,0.9482470784641068,0.9586206896551724,0.952054794520548,0.9553264604810996,0.734375,0.8703703703703703,0.7966101694915254,0.9659863945578232,0.9627118644067796,0.964346349745331,0.940809968847352,0.9648562300319488,0.9526813880126184,0.0,0.0,0.0,0.9393939393939394,0.9393939393939394,0.9393939393939394
arch_deeper,0.0005,13,0,9956.0,2493.0,14.0,3.0,0.0005082440024134,0.2223864776767609,0.993370831659301,0.95146409947854,0.8534439030361922,0.8437739736842722,0.847961665136921,0.951175922958006,2.2547190189361572,0.9448051948051948,0.983108108108108,0.9635761589403974,0.9734513274336284,0.9792284866468842,0.9763313609467454,0.9348534201954396,0.9630872483221476,0.9487603305785124,0.9680851063829788,0.8892508143322475,0.926994906621392,0.9621993127147768,0.958904109589041,0.9605488850771868,0.9166666666666666,0.8,0.854368932038835,0.9797297297297296,0.9797297297297296,0.9797297297297298,0.9351851851851852,0.964968152866242,0.9498432601880878,0.0,0.0,0.0,0.9194630872483222,0.9194630872483222,0.9194630872483222
arch_deeper,0.0005,13,1,9958.0,2491.0,14.0,3.0,0.0004667145797094,0.1951677475602855,0.993673428399277,0.9566439181051788,0.8564165167580556,0.8428939845406289,0.8487636502737124,0.9562987491851708,2.2356019020080566,0.9671052631578948,0.9932432432432432,0.98,0.9910714285714286,0.9881305637982196,0.9895988112927192,0.9437086092715232,0.9563758389261744,0.95,0.9540983606557376,0.9478827361563518,0.9509803921568628,0.9421768707482994,0.9486301369863014,0.945392491467577,0.9090909090909092,0.7407407407407407,0.8163265306122449,0.9664429530201344,0.972972972972973,0.9696969696969696,0.9587301587301588,0.9648562300319488,0.961783439490446,0.0,0.0,0.0,0.931740614334471,0.9161073825503356,0.9238578680203046
arch_deeper,0.0005,13,2,9960.0,2489.0,15.0,4.0,0.0066133607832982,0.1956428276285832,0.9971887550200804,0.956609079951788,0.8544242830939153,0.8503636469578926,0.8522378444850214,0.9564995986963464,2.4150071144104004,0.9863013698630136,0.972972972972973,0.979591836734694,0.9940652818991098,0.9940652818991098,0.9940652818991098,0.9586206896551724,0.9328859060402684,0.9455782312925172,0.9383116883116884,0.9444444444444444,0.9413680781758956,0.9429530201342282,0.9623287671232876,0.952542372881356,0.8823529411764706,0.8333333333333334,0.8571428571428571,0.9446254071661238,0.9797297297297296,0.9618573797678276,0.9558359621451104,0.9680511182108626,0.961904761904762,0.0,0.0,0.0,0.9411764705882352,0.915824915824916,0.9283276450511946
arch_deeper,0.0005,13,3,9960.0,2489.0,14.0,3.0,0.0004517290672697,0.2560919008620538,0.9951807228915662,0.9469666532744074,0.8396815142016933,0.8348973146067031,0.8371460999292338,0.9468099842098266,2.305316209793091,0.976027397260274,0.9628378378378378,0.9693877551020408,0.9763313609467456,0.9792284866468842,0.9777777777777776,0.9391891891891893,0.9328859060402684,0.936026936026936,0.9478827361563518,0.9509803921568628,0.9494290375203914,0.9228187919463088,0.9417808219178082,0.9322033898305084,0.8,0.7407407407407407,0.7692307692307692,0.9630872483221476,0.9695945945945946,0.9663299663299664,0.9433962264150944,0.9584664536741214,0.9508716323296356,0.0,0.0,0.0,0.928082191780822,0.9124579124579124,0.9202037351443124
arch_deeper,0.0005,13,4,9962.0,2487.0,15.0,4.0,0.0012936396364157,0.2462500763480177,0.9974904637622968,0.9597909127462808,0.8610920202262411,0.8439369659251599,0.8511742556864414,0.959391995899362,2.465609073638916,0.9695945945945946,0.9695945945945946,0.9695945945945946,0.9682080924855492,0.9940652818991098,0.9809663250366032,0.9691780821917808,0.9528619528619529,0.9609507640067912,0.9511400651465798,0.954248366013072,0.9526916802610114,0.9395973154362416,0.958904109589041,0.9491525423728814,0.9285714285714286,0.7222222222222222,0.8125000000000001,0.9698996655518396,0.9830508474576272,0.9764309764309764,0.9525316455696202,0.9616613418530352,0.9570747217806042,0.0,0.0,0.0,0.9621993127147768,0.9427609427609428,0.9523809523809524
arch_deeper,0.0005,21,0,9956.0,2493.0,17.0,6.0,0.0002604921009268,0.1739876221598019,0.9987946966653274,0.9610910549538708,0.8645341143050832,0.8531932730863241,0.8582668500235965,0.9610272835967468,2.8559231758117676,0.9829351535836176,0.972972972972973,0.9779286926994908,0.987987987987988,0.9762611275964392,0.982089552238806,0.9375,0.9563758389261744,0.946843853820598,0.9733333333333334,0.9511400651465798,0.9621087314662272,0.9498327759197324,0.9726027397260274,0.9610829103214892,0.9574468085106383,0.8181818181818182,0.8823529411764706,0.9663299663299664,0.9695945945945946,0.9679595278246208,0.9526813880126184,0.961783439490446,0.9572107765451664,0.0,0.0,0.0,0.9372937293729372,0.953020134228188,0.9450915141430948
arch_deeper,0.0005,21,1,9958.0,2491.0,15.0,4.0,0.0003469296242041,0.2379341935078599,0.9981924081140792,0.9586511441188278,0.8566531976099142,0.8446623362642998,0.849898147192734,0.958344090299275,2.524225950241089,0.950657894736842,0.9763513513513512,0.9633333333333334,0.987987987987988,0.9762611275964392,0.982089552238806,0.9494949494949496,0.9463087248322148,0.9478991596638656,0.9573770491803278,0.9511400651465798,0.9542483660130718,0.9591836734693876,0.9657534246575342,0.962457337883959,0.8888888888888888,0.7407407407407407,0.808080808080808,0.9601328903654484,0.9763513513513512,0.9681742043551088,0.9475308641975309,0.9808306709265175,0.9638932496075352,0.0,0.0,0.0,0.9652777777777778,0.9328859060402684,0.9488054607508531
arch_deeper,0.0005,21,2,9960.0,2489.0,13.0,2.0,0.0006080952764989,0.2634247581603279,0.9882530120481928,0.9465648854961832,0.8545757638172266,0.8440208392565435,0.8487100999102971,0.9465583877556274,2.1474099159240723,0.9632107023411371,0.972972972972973,0.9680672268907564,0.9703264094955488,0.9703264094955488,0.9703264094955488,0.945945945945946,0.9395973154362416,0.9427609427609428,0.926984126984127,0.954248366013072,0.9404186795491144,0.9166666666666666,0.9417808219178082,0.929054054054054,0.9787234042553192,0.8518518518518519,0.9108910891089108,0.9695945945945946,0.9695945945945946,0.9695945945945946,0.9693877551020408,0.9105431309904152,0.9390444810543656,0.0,0.0,0.0,0.9049180327868852,0.9292929292929292,0.9169435215946844
arch_deeper,0.0005,21,3,9960.0,2489.0,13.0,2.0,0.0006236706944978,0.1950574183162114,0.9859437751004017,0.9550020088388912,0.8507415739600607,0.849246274443893,0.8499174957351997,0.9550292671627288,2.130411148071289,0.9730639730639732,0.9763513513513512,0.9747048903878583,0.9880597014925372,0.9821958456973294,0.9851190476190476,0.9686411149825784,0.9328859060402684,0.9504273504273504,0.9473684210526316,0.9411764705882352,0.9442622950819672,0.9491525423728814,0.958904109589041,0.9540034071550256,0.8490566037735849,0.8333333333333334,0.8411214953271028,0.9761092150170648,0.9662162162162162,0.9711375212224108,0.9285714285714286,0.9552715654952076,0.941732283464567,0.0,0.0,0.0,0.9273927392739274,0.9461279461279462,0.9366666666666668
arch_deeper,0.0005,21,4,9962.0,2487.0,15.0,4.0,0.0043185491846981,0.2079847211144382,0.9976912266613128,0.95416164053076,0.8511320181323845,0.8484697243081429,0.8496966760632156,0.9540712692618726,2.5014431476593018,0.9605263157894736,0.9864864864864864,0.9733333333333332,0.9766081871345028,0.9910979228486648,0.98379970544919,0.9461279461279462,0.9461279461279462,0.9461279461279462,0.9533333333333334,0.934640522875817,0.943894389438944,0.9302325581395348,0.958904109589041,0.9443507588532885,0.8653846153846154,0.8333333333333334,0.8490566037735849,0.9791666666666666,0.9559322033898304,0.967409948542024,0.9611650485436892,0.9488817891373802,0.954983922829582,0.0,0.0,0.0,0.9387755102040816,0.9292929292929292,0.934010152284264
arch_deeper,0.0005,99,0,9956.0,2493.0,13.0,2.0,0.000688142148825,0.2236600282660917,0.987243873041382,0.9510629763337344,0.8497222668420934,0.8430636683430819,0.8461202159506627,0.9508607693020243,2.1497139930725098,0.9732441471571908,0.983108108108108,0.9781512605042018,0.9792284866468842,0.9792284866468842,0.9792284866468842,0.9656357388316152,0.9429530201342282,0.9541595925297114,0.939297124600639,0.9576547231270358,0.9483870967741936,0.9149659863945578,0.9212328767123288,0.9180887372013652,0.88,0.8,0.8380952380952381,0.9761904761904762,0.9695945945945946,0.9728813559322034,0.9447852760736196,0.9808917197452228,0.9625,0.0,0.0,0.0,0.9238754325259516,0.8959731543624161,0.909710391822828
arch_deeper,0.0005,99,1,9958.0,2491.0,13.0,2.0,0.0005932467346322,0.2577434207510365,0.9864430608555936,0.9502207948615012,0.8485664793164702,0.8379699011376381,0.8425283911711506,0.9500194672555776,2.1613447666168213,0.9700996677740864,0.9864864864864864,0.9782244556113904,0.9847560975609756,0.9584569732937686,0.9714285714285714,0.9155844155844156,0.9463087248322148,0.9306930693069309,0.9292604501607716,0.9413680781758956,0.9352750809061487,0.931372549019608,0.976027397260274,0.9531772575250836,0.8695652173913043,0.7407407407407407,0.7999999999999999,0.9791666666666666,0.9527027027027029,0.9657534246575342,0.937888198757764,0.9648562300319488,0.9511811023622048,0.0,0.0,0.0,0.9679715302491104,0.912751677852349,0.9395509499136442
arch_deeper,0.0005,99,2,9960.0,2489.0,13.0,2.0,0.0006347384854351,0.2503403978257432,0.9894578313253012,0.943752511048614,0.838697984833764,0.8338349895475303,0.836065708570157,0.9435317068907988,2.057832956314087,0.9531772575250836,0.9628378378378378,0.9579831932773112,0.9676470588235294,0.9762611275964392,0.9719350073855244,0.9405594405594404,0.9026845637583892,0.9212328767123288,0.953020134228188,0.9281045751633988,0.9403973509933774,0.9328859060402684,0.952054794520548,0.9423728813559324,0.82,0.7592592592592593,0.7884615384615384,0.9403973509933776,0.9594594594594594,0.9498327759197324,0.9495268138801262,0.9616613418530352,0.9555555555555556,0.0,0.0,0.0,0.9297658862876256,0.936026936026936,0.9328859060402684
arch_deeper,0.0005,99,3,9960.0,2489.0,15.0,4.0,0.0004010288624795,0.1930301789547826,0.9959839357429718,0.9626355966251506,0.8634961732865735,0.8660913912962995,0.8646616401555315,0.9625859583683092,2.344228982925415,0.9572368421052632,0.983108108108108,0.97,0.985207100591716,0.9881305637982196,0.9866666666666668,0.9688581314878892,0.9395973154362416,0.9540034071550256,0.9666666666666668,0.9477124183006536,0.9570957095709572,0.9493243243243245,0.9623287671232876,0.95578231292517,0.9285714285714286,0.9629629629629628,0.9454545454545454,0.9764309764309764,0.9797297297297296,0.9780775716694772,0.9409937888198758,0.9680511182108626,0.9543307086614174,0.0,0.0,0.0,0.9616724738675958,0.9292929292929292,0.9452054794520548
arch_deeper,0.0005,99,4,9962.0,2487.0,14.0,3.0,0.0004880889493087,0.2349437302972505,0.9926721541859064,0.9416968234821068,0.8334703459525213,0.8367911902519924,0.8349143409862962,0.941648646249889,2.2046427726745605,0.9635761589403974,0.983108108108108,0.9732441471571908,0.9652173913043478,0.9881305637982196,0.9765395894428152,0.9281045751633988,0.9562289562289562,0.9419568822553898,0.93,0.9117647058823528,0.9207920792079208,0.9161073825503356,0.934931506849315,0.9254237288135592,0.7719298245614035,0.8148148148148148,0.7927927927927928,0.9591836734693876,0.9559322033898304,0.9575551782682512,0.9661016949152542,0.9105431309904152,0.9375,0.0,0.0,0.0,0.9344827586206896,0.9124579124579124,0.9233390119250424
arch_deeper,0.001,42,0,9956.0,2493.0,12.0,1.0,0.0002630477478045,0.2418177490391861,0.978304539975894,0.9458483754512635,0.8441514696280636,0.8389252067213215,0.8408671141999833,0.945857036580614,1.8965067863464355,0.9698996655518396,0.9797297297297296,0.9747899159663864,0.9652173913043478,0.9881305637982196,0.9765395894428152,0.935064935064935,0.9664429530201344,0.9504950495049505,0.9656357388316152,0.9153094462540716,0.9397993311036787,0.9699248120300752,0.8835616438356164,0.9247311827956988,0.8461538461538461,0.8,0.8224299065420562,0.9828767123287672,0.9695945945945946,0.9761904761904762,0.9478827361563518,0.926751592356688,0.9371980676328502,0.0,0.0,0.0,0.8588588588588588,0.959731543624161,0.9064976228209192
arch_deeper,0.001,42,1,9958.0,2491.0,13.0,2.0,0.0129394843531221,0.3107916968240201,0.9928700542277564,0.955841027699719,0.8536658932878016,0.8467237663215874,0.8499195493964405,0.9556979840986196,2.1571340560913086,0.9697986577181208,0.9763513513513512,0.9730639730639732,0.9707602339181286,0.9851632047477744,0.9779086892488954,0.95578231292517,0.9429530201342282,0.9493243243243245,0.9333333333333332,0.9576547231270358,0.945337620578778,0.9678571428571427,0.928082191780822,0.9475524475524476,0.8775510204081632,0.7962962962962963,0.8349514563106796,0.9565217391304348,0.9662162162162162,0.961344537815126,0.9710610932475884,0.9648562300319488,0.9679487179487178,0.0,0.0,0.0,0.933993399339934,0.9496644295302014,0.9417637271214642
arch_deeper,0.001,42,2,9960.0,2489.0,13.0,2.0,0.0004316839790026,0.2172397023159523,0.9904618473895582,0.9473684210526316,0.8421106040728631,0.8367781678410134,0.8391473683990849,0.947256356871094,2.1756858825683594,0.9759450171821306,0.9594594594594594,0.9676320272572404,0.987878787878788,0.9673590504451038,0.977511244377811,0.9461279461279462,0.9429530201342282,0.9445378151260504,0.9363057324840764,0.9607843137254902,0.9483870967741936,0.960431654676259,0.9143835616438356,0.9368421052631578,0.82,0.7592592592592593,0.7884615384615384,0.9442622950819672,0.972972972972973,0.9584026622296172,0.9181818181818182,0.9680511182108626,0.942457231726283,0.0,0.0,0.0,0.9319727891156464,0.9225589225589226,0.9272419627749576
arch_deeper,0.001,42,3,9960.0,2489.0,15.0,4.0,0.0001969116675595,0.248682444449666,0.9960843373493976,0.952591402169546,0.8546077973293121,0.8442637564000964,0.8487917670618661,0.9526174844843364,2.502453088760376,0.9666666666666668,0.9797297297297296,0.9731543624161074,0.982089552238806,0.9762611275964392,0.9791666666666664,0.9484536082474226,0.9261744966442952,0.9371816638370118,0.904320987654321,0.9575163398692812,0.9301587301587304,0.978494623655914,0.934931506849315,0.956217162872154,0.9148936170212766,0.7962962962962963,0.8514851485148516,0.9797979797979798,0.983108108108108,0.981450252951096,0.9735973597359736,0.9424920127795527,0.957792207792208,0.0,0.0,0.0,0.8977635782747604,0.9461279461279462,0.921311475409836
arch_deeper,0.001,42,4,9962.0,2487.0,14.0,3.0,0.0205289588432658,0.223738116267696,0.9928729170849228,0.9529553679131484,0.8416330485133992,0.8492076162780842,0.8449731173260584,0.9531152385280957,2.3222692012786865,0.9863013698630136,0.972972972972973,0.979591836734694,0.9765395894428152,0.9881305637982196,0.9823008849557522,0.9523809523809524,0.9427609427609428,0.9475465313028766,0.9470198675496688,0.934640522875817,0.9407894736842104,0.9344262295081968,0.976027397260274,0.9547738693467336,0.7540983606557377,0.8518518518518519,0.7999999999999999,0.96,0.976271186440678,0.9680672268907564,0.976271186440678,0.9201277955271564,0.9473684210526316,0.0,0.0,0.0,0.9292929292929292,0.9292929292929292,0.9292929292929292
arch_deeper,0.001,7,0,9956.0,2493.0,12.0,1.0,0.0079780382467873,0.2584262390519192,0.98272398553636,0.946249498596069,0.8423741551471979,0.8347641839931181,0.8382040626976549,0.946016458779504,1.961319923400879,0.9630872483221476,0.9695945945945946,0.9663299663299664,0.9566473988439308,0.9821958456973294,0.9692532942898976,0.9245901639344264,0.9463087248322148,0.9353233830845772,0.962457337883959,0.9185667752442996,0.94,0.9442508710801394,0.928082191780822,0.9360967184801382,0.8367346938775511,0.7454545454545455,0.7884615384615385,0.9559322033898304,0.9527027027027029,0.9543147208121828,0.9587301587301588,0.961783439490446,0.9602543720190778,0.0,0.0,0.0,0.921311475409836,0.9429530201342282,0.9320066334991708
arch_deeper,0.001,7,1,9958.0,2491.0,13.0,2.0,0.0200552063193499,0.2263128433908215,0.991464149427596,0.9666800481734245,0.8681383894538369,0.8695334916536629,0.8687859545740368,0.9666178402106308,2.010053873062134,0.966996699669967,0.9898648648648648,0.9782971619365608,0.9736070381231672,0.9851632047477744,0.9793510324483776,0.969283276450512,0.953020134228188,0.961082910321489,0.9667774086378738,0.9478827361563518,0.9572368421052632,0.9623287671232876,0.9623287671232876,0.9623287671232876,0.9454545454545454,0.9629629629629628,0.9541284403669724,0.97,0.983108108108108,0.976510067114094,0.971153846153846,0.9680511182108626,0.9696,0.0,0.0,0.0,0.95578231292517,0.9429530201342282,0.9493243243243245
arch_deeper,0.001,7,2,9960.0,2489.0,14.0,3.0,0.000190900998159,0.2900565258894567,0.994277108433735,0.948573724387304,0.8465770826435817,0.8347160057818526,0.8398356934936764,0.9482474603797204,2.200867176055908,0.976271186440678,0.972972972972973,0.9746192893401016,0.9823529411764704,0.9910979228486648,0.9867060561299852,0.9591836734693876,0.9463087248322148,0.9527027027027024,0.956810631229236,0.9411764705882352,0.9489291598023064,0.9003215434083601,0.958904109589041,0.9286898839137644,0.8666666666666667,0.7222222222222222,0.7878787878787877,0.9666666666666668,0.9797297297297296,0.9731543624161074,0.9276729559748428,0.9424920127795527,0.9350237717908084,0.0,0.0,0.0,0.9298245614035088,0.8922558922558923,0.9106529209621994
arch_deeper,0.001,7,3,9960.0,2489.0,13.0,2.0,0.0105330796606596,0.2774898342050798,0.9901606425702812,0.9517878666130976,0.8522585748914306,0.8464819765389648,0.8490970625831664,0.9516127131705546,2.1099021434783936,0.9451612903225808,0.9898648648648648,0.966996699669967,0.96242774566474,0.9881305637982196,0.9751098096632504,0.9547038327526132,0.9194630872483222,0.9367521367521368,0.9509803921568628,0.9509803921568628,0.9509803921568628,0.9364548494983278,0.958904109589041,0.9475465313028764,0.9,0.8333333333333334,0.8653846153846153,0.9825783972125436,0.9527027027027029,0.967409948542024,0.9519230769230768,0.9488817891373802,0.9504,0.0,0.0,0.0,0.9383561643835616,0.9225589225589226,0.930390492359932
arch_deeper,0.001,7,4,9962.0,2487.0,13.0,2.0,0.0002118402983105,0.2539001436815815,0.9899618550491868,0.9457177322074788,0.8394796464083969,0.8400569115014221,0.8395195015215344,0.9457613298928316,2.182260036468506,0.9478827361563518,0.983108108108108,0.965174129353234,0.9818731117824774,0.9643916913946587,0.9730538922155688,0.9358108108108107,0.9326599326599326,0.9342327150084316,0.9411764705882352,0.9411764705882352,0.9411764705882352,0.9851301115241636,0.9075342465753424,0.9447415329768272,0.8,0.8148148148148148,0.8073394495412846,0.9661016949152542,0.9661016949152542,0.9661016949152542,0.9292307692307692,0.9648562300319488,0.9467084639498432,0.0,0.0,0.0,0.9075907590759076,0.925925925925926,0.9166666666666666
arch_deeper,0.001,13,0,9956.0,2493.0,12.0,1.0,0.0026305515619812,0.2504747360793101,0.9794094013660104,0.9426393902928198,0.8439639084659409,0.8319920577415945,0.837100433578635,0.9423596209195394,2.1838903427124023,0.9329073482428116,0.9864864864864864,0.9589490968801314,0.9851190476190476,0.9821958456973294,0.9836552748885588,0.9523809523809524,0.9395973154362416,0.945945945945946,0.9177631578947368,0.9087947882736156,0.9132569558101474,0.9223300970873788,0.976027397260274,0.9484193011647254,0.8913043478260869,0.7454545454545455,0.8118811881188119,0.98932384341637,0.9391891891891893,0.9636048526863084,0.9335443037974684,0.9394904458598726,0.9365079365079364,0.0,0.0,0.0,0.9149659863945578,0.9026845637583892,0.9087837837837835
arch_deeper,0.001,13,1,9958.0,2491.0,13.0,2.0,0.0023696114655694,0.2383142169849562,0.9878489656557542,0.9470092332396628,0.839857883058673,0.8349826309825449,0.8371481591416037,0.9468425130733992,2.1603078842163086,0.9667774086378738,0.983108108108108,0.9748743718592964,0.993939393939394,0.973293768545994,0.9835082458770612,0.9335548172757476,0.9429530201342282,0.9382303839732888,0.9629629629629628,0.9315960912052116,0.9470198675496688,0.9469964664310954,0.9178082191780822,0.9321739130434784,0.8,0.7407407407407407,0.7692307692307692,0.9504950495049505,0.972972972972973,0.9616026711185308,0.918429003021148,0.9712460063897764,0.9440993788819876,0.0,0.0,0.0,0.9254237288135592,0.9161073825503356,0.920741989881956
arch_deeper,0.001,13,2,9960.0,2489.0,13.0,2.0,0.000562496173017,0.2062376788123822,0.989558232931727,0.959019686621133,0.8589405223165208,0.8495440619984033,0.853740624730863,0.9588114973841874,2.2172348499298096,0.9573770491803278,0.9864864864864864,0.9717138103161398,0.993993993993994,0.9821958456973294,0.9880597014925374,0.9595959595959596,0.9563758389261744,0.957983193277311,0.9632107023411371,0.9411764705882352,0.9520661157024792,0.94,0.9657534246575342,0.9527027027027024,0.9148936170212766,0.7962962962962963,0.8514851485148516,0.9540983606557376,0.983108108108108,0.9683860232945092,0.9648562300319488,0.9648562300319488,0.9648562300319488,0.0,0.0,0.0,0.9413793103448276,0.9191919191919192,0.93015332197615
arch_deeper,0.001,13,3,9960.0,2489.0,13.0,2.0,0.0027383423925107,0.2543289418394566,0.9909638554216867,0.948573724387304,0.8520136175419099,0.837640431301222,0.8438555460734378,0.9483029723331744,2.1776351928710938,0.9663299663299664,0.9695945945945946,0.9679595278246208,0.9792899408284024,0.9821958456973294,0.9807407407407408,0.9256756756756755,0.9194630872483222,0.9225589225589228,0.959866220735786,0.937908496732026,0.9487603305785124,0.943661971830986,0.9178082191780822,0.9305555555555556,0.9318181818181818,0.7592592592592593,0.836734693877551,0.96,0.972972972972973,0.9664429530201344,0.9384615384615383,0.97444089456869,0.9561128526645768,0.0,0.0,0.0,0.915032679738562,0.9427609427609428,0.9286898839137644
arch_deeper,0.001,13,4,9962.0,2487.0,12.0,1.0,0.0152601217993524,0.2751453431273751,0.984641638225256,0.9493365500603136,0.848438763301367,0.8416360690758905,0.844708064657716,0.9492977219463332,1.9637038707733152,0.986013986013986,0.9527027027027029,0.9690721649484536,0.9791666666666666,0.9762611275964392,0.9777117384843982,0.9563758389261744,0.9595959595959596,0.957983193277311,0.9531772575250836,0.931372549019608,0.9421487603305784,0.9379310344827586,0.9315068493150684,0.9347079037800688,0.8775510204081632,0.7962962962962963,0.8349514563106796,0.9537953795379538,0.9796610169491524,0.9665551839464882,0.939102564102564,0.9361022364217252,0.9376,0.0,0.0,0.0,0.9012738853503184,0.9528619528619529,0.9263502454991815
arch_deeper,0.001,21,0,9956.0,2493.0,12.0,1.0,0.0052854254835374,0.1590870891400347,0.982824427480916,0.9566787003610108,0.8575317372054514,0.8479187202940162,0.8522565348439016,0.9565533635955984,1.9332640171051023,0.9700996677740864,0.9864864864864864,0.9782244556113904,0.976470588235294,0.9851632047477744,0.980797636632201,0.972318339100346,0.9429530201342282,0.9574105621805792,0.9455128205128204,0.9609120521172638,0.9531502423263328,0.9302325581395348,0.958904109589041,0.9443507588532885,0.9166666666666666,0.8,0.854368932038835,0.976027397260274,0.9628378378378378,0.9693877551020408,0.964401294498382,0.9490445859872612,0.956661316211878,0.0,0.0,0.0,0.9235880398671096,0.9328859060402684,0.9282136894824708
arch_deeper,0.001,21,1,9958.0,2491.0,13.0,2.0,0.0198886109492898,0.2906745216066171,0.9897569793131152,0.9514251304696908,0.8436722714128241,0.8405892651544905,0.8419888192630172,0.9513372960544476,2.0669779777526855,0.9570957095709572,0.9797297297297296,0.968280467445743,0.9938271604938272,0.9554896142433236,0.9742813918305596,0.94314381270903,0.9463087248322148,0.9447236180904522,0.946843853820598,0.9283387622149836,0.9375,0.9461279461279462,0.9623287671232876,0.9541595925297114,0.803921568627451,0.7592592592592593,0.780952380952381,0.9634551495016612,0.9797297297297296,0.9715242881072026,0.9584664536741214,0.9584664536741214,0.9584664536741214,0.0,0.0,0.0,0.9238410596026492,0.9362416107382552,0.93
arch_deeper,0.001,21,2,9960.0,2489.0,13.0,2.0,0.0081075336576769,0.3030420304918855,0.9941767068273092,0.9497790277219766,0.8490720157098739,0.8465417326646802,0.8477436616051683,0.9497691551819408,2.006553888320923,0.959731543624161,0.9662162162162162,0.962962962962963,0.9761904761904762,0.973293768545994,0.974739970282318,0.9427609427609428,0.9395973154362416,0.9411764705882352,0.9446254071661238,0.9477124183006536,0.9461663947797716,0.9292929292929292,0.9452054794520548,0.937181663837012,0.8846153846153846,0.8518518518518519,0.8679245283018868,0.959731543624161,0.9662162162162162,0.962962962962963,0.9671052631578948,0.939297124600639,0.9529983792544572,0.0,0.0,0.0,0.9266666666666666,0.936026936026936,0.9313232830820768
arch_deeper,0.001,21,3,9960.0,2489.0,14.0,3.0,0.0061191336935543,0.2412891722070033,0.9923694779116464,0.9578143832864604,0.852074440910827,0.8591832843585012,0.8552354527477387,0.9578733833394384,2.401732921600342,0.9797297297297296,0.9797297297297296,0.9797297297297298,0.9821428571428572,0.9792284866468842,0.9806835066864784,0.9283387622149836,0.9563758389261744,0.9421487603305786,0.9722222222222222,0.915032679738562,0.9427609427609428,0.9646643109540636,0.934931506849315,0.9495652173913044,0.8333333333333334,0.925925925925926,0.8771929824561403,0.959866220735786,0.9695945945945946,0.9647058823529412,0.9439252336448598,0.9680511182108626,0.9558359621451104,0.0,0.0,0.0,0.9565217391304348,0.9629629629629628,0.959731543624161
arch_deeper,0.001,21,4,9962.0,2487.0,14.0,3.0,0.014204974951755,0.2286506608713597,0.993876731580004,0.9618013671089666,0.8669640946895937,0.8515798588263219,0.8582382968167128,0.9616335110165944,2.2029950618743896,0.9733333333333334,0.9864864864864864,0.9798657718120806,0.9940298507462688,0.9881305637982196,0.9910714285714286,0.9586206896551724,0.936026936026936,0.9471890971039184,0.946031746031746,0.9738562091503268,0.9597423510466988,0.9651567944250872,0.9486301369863014,0.9568221070811744,0.9772727272727272,0.7962962962962963,0.8775510204081632,0.986254295532646,0.9728813559322034,0.9795221843003412,0.933130699088146,0.9808306709265175,0.956386292834891,0.0,0.0,0.0,0.9358108108108107,0.9326599326599326,0.9342327150084316
arch_deeper,0.001,99,0,9956.0,2493.0,13.0,2.0,0.0081984810284922,0.2610046668485689,0.9895540377661712,0.9570798235058164,0.8595660754256231,0.8480782780899648,0.8530518629580305,0.9567947379604386,2.238546848297119,0.9638157894736842,0.9898648648648648,0.9766666666666668,0.9792899408284024,0.9821958456973294,0.9807407407407408,0.9790209790209792,0.9395973154362416,0.958904109589041,0.945859872611465,0.96742671009772,0.9565217391304348,0.9111842105263158,0.9486301369863014,0.929530201342282,0.9361702127659576,0.8,0.8627450980392157,0.9797297297297296,0.9797297297297296,0.9797297297297298,0.9507692307692308,0.9840764331210192,0.9671361502347418,0.0,0.0,0.0,0.949820788530466,0.889261744966443,0.9185441941074524
arch_deeper,0.001,99,1,9958.0,2491.0,13.0,2.0,0.0044429135499895,0.2667364452498534,0.9920666800562362,0.9542352468887996,0.8517754360471221,0.8428121221250805,0.8468062441311466,0.9540478643440984,2.0727427005767822,0.9732441471571908,0.983108108108108,0.9781512605042018,0.9908256880733946,0.9614243323442137,0.9759036144578314,0.9393939393939394,0.9362416107382552,0.9378151260504204,0.9383116883116884,0.9413680781758956,0.9398373983739836,0.9405940594059404,0.976027397260274,0.9579831932773109,0.8723404255319149,0.7592592592592593,0.8118811881188118,0.9630872483221476,0.9695945945945946,0.9663299663299664,0.937888198757764,0.9648562300319488,0.9511811023622048,0.0,0.0,0.0,0.9620689655172414,0.9362416107382552,0.9489795918367346
arch_deeper,0.001,99,2,9960.0,2489.0,13.0,2.0,0.0047711076965622,0.2655795223759018,0.9911646586345382,0.9489754921655283,0.8466592313353593,0.8426368153833815,0.8445251633884849,0.9488637870096842,2.1707980632781982,0.9587628865979382,0.9425675675675677,0.950596252129472,0.973529411764706,0.9821958456973294,0.9778434268833088,0.9383561643835616,0.9194630872483222,0.9288135593220338,0.946843853820598,0.931372549019608,0.9390444810543658,0.9518900343642612,0.9486301369863014,0.9502572898799314,0.8627450980392157,0.8148148148148148,0.838095238095238,0.9632107023411371,0.972972972972973,0.9680672268907564,0.949685534591195,0.9648562300319488,0.9572107765451664,0.0,0.0,0.0,0.9215686274509804,0.9494949494949496,0.9353233830845772
arch_deeper,0.001,99,3,9960.0,2489.0,13.0,2.0,0.0059021697615014,0.207191161588861,0.9906626506024095,0.9594214543993572,0.8668009919847574,0.8529217780787925,0.8589874402643561,0.95931074767481,2.1358940601348877,0.9633333333333334,0.9763513513513512,0.9697986577181208,0.9851190476190476,0.9821958456973294,0.9836552748885588,0.9344262295081968,0.9563758389261744,0.945273631840796,0.9662162162162162,0.934640522875817,0.9501661129568106,0.9342105263157896,0.9726027397260274,0.953020134228188,1.0,0.8333333333333334,0.9090909090909092,0.9864406779661016,0.983108108108108,0.9847715736040608,0.946875,0.9680511182108626,0.957345971563981,0.0,0.0,0.0,0.9513888888888888,0.9225589225589226,0.9367521367521368
arch_deeper,0.001,99,4,9962.0,2487.0,14.0,3.0,0.0002233695499922,0.2489840248100957,0.9950813089741016,0.9477281865701648,0.8386493239539426,0.8463303404111409,0.8419710318763242,0.9478623877395552,2.249336004257202,0.9662162162162162,0.9662162162162162,0.9662162162162162,0.9765395894428152,0.9881305637982196,0.9823008849557522,0.9198717948717948,0.9663299663299664,0.942528735632184,0.9491525423728814,0.915032679738562,0.9317803660565724,0.9233333333333332,0.9486301369863014,0.9358108108108107,0.7704918032786885,0.8703703703703703,0.817391304347826,0.9498327759197324,0.9627118644067796,0.9562289562289562,0.9763513513513512,0.9233226837060704,0.949096880131363,0.0,0.0,0.0,0.9547038327526132,0.9225589225589226,0.9383561643835616
arch_deeper,0.005,42,0,9956.0,2493.0,14.0,3.0,0.0839667508153492,0.3811463306344843,0.9818200080353556,0.955074207781789,0.8464071932128471,0.8496589961747223,0.8477497696538088,0.9550430746932986,2.234078884124756,0.9667774086378738,0.983108108108108,0.9748743718592964,0.9792284866468842,0.9792284866468842,0.9792284866468842,0.929936305732484,0.9798657718120806,0.954248366013072,0.95578231292517,0.9153094462540716,0.935108153078203,0.9302325581395348,0.958904109589041,0.9443507588532885,0.7931034482758621,0.8363636363636363,0.8141592920353982,0.9896907216494846,0.972972972972973,0.981260647359455,0.9620253164556962,0.9681528662420382,0.965079365079365,0.0,0.0,0.0,0.9572953736654805,0.9026845637583892,0.929188255613126
arch_deeper,0.005,42,1,9958.0,2491.0,13.0,2.0,0.0335602620254589,0.2653356050401217,0.9782084755975096,0.948615014050582,0.8471746189047735,0.8437620617954243,0.8451818307191653,0.9485730288888532,2.056119918823242,0.9664429530201344,0.972972972972973,0.9696969696969696,0.9650145772594751,0.9821958456973294,0.973529411764706,0.945945945945946,0.9395973154362416,0.9427609427609428,0.9528619528619529,0.9218241042345277,0.9370860927152318,0.9705882352941176,0.9041095890410958,0.9361702127659576,0.8653846153846154,0.8333333333333334,0.8490566037735849,0.9595959595959596,0.9628378378378378,0.9612141652613828,0.959119496855346,0.97444089456869,0.9667194928684628,0.0,0.0,0.0,0.8867924528301887,0.9463087248322148,0.9155844155844156
arch_deeper,0.005,42,2,9960.0,2489.0,15.0,4.0,0.0394561573649296,0.3221181958206441,0.9835341365461848,0.9457613499397348,0.8409072562975826,0.8418131916064704,0.841070401454053,0.9458562581507768,2.4024739265441895,0.9765886287625418,0.9864864864864864,0.9815126050420168,0.987987987987988,0.9762611275964392,0.982089552238806,0.8858024691358025,0.9630872483221476,0.9228295819935692,0.9652777777777778,0.9084967320261438,0.936026936026936,0.9328859060402684,0.952054794520548,0.9423728813559324,0.8181818181818182,0.8333333333333334,0.8256880733944955,0.962457337883959,0.9527027027027029,0.9575551782682512,0.9385113268608414,0.926517571884984,0.932475884244373,0.0,0.0,0.0,0.9413793103448276,0.9191919191919192,0.93015332197615
arch_deeper,0.005,42,3,9960.0,2489.0,15.0,4.0,0.0408037041278931,0.3660625954331498,0.9781124497991968,0.9465648854961832,0.8409140605764236,0.8393204400938512,0.8397657554591547,0.9465035249375862,2.473114013671875,0.959866220735786,0.9695945945945946,0.9647058823529412,0.982089552238806,0.9762611275964392,0.9791666666666664,0.926829268292683,0.8926174496644296,0.9094017094017094,0.9,0.9705882352941176,0.9339622641509434,0.9583333333333334,0.9452054794520548,0.9517241379310344,0.8113207547169812,0.7962962962962963,0.8037383177570094,0.9449838187702264,0.9864864864864864,0.9652892561983472,0.9896907216494846,0.9201277955271564,0.9536423841059604,0.0,0.0,0.0,0.936026936026936,0.936026936026936,0.936026936026936
arch_deeper,0.005,42,4,9962.0,2487.0,14.0,3.0,0.0262850449972068,0.2610233562962101,0.9759084521180486,0.9449135504624046,0.8516621351487956,0.8410493673215562,0.8455732833178281,0.9446987326320536,2.2581591606140137,0.96,0.972972972972973,0.9664429530201344,0.9623188405797102,0.9851632047477744,0.9736070381231672,0.9220338983050848,0.915824915824916,0.918918918918919,0.9254658385093169,0.9738562091503268,0.9490445859872612,0.9304635761589404,0.9623287671232876,0.9461279461279462,0.9574468085106383,0.8333333333333334,0.8910891089108911,0.9791666666666666,0.9559322033898304,0.967409948542024,0.971830985915493,0.8817891373801917,0.9246231155778896,0.0,0.0,0.0,0.9078947368421052,0.9292929292929292,0.91846921797005
arch_deeper,0.005,7,0,9956.0,2493.0,13.0,2.0,0.079568208191031,0.3571968743854167,0.9706709521896344,0.9450461291616526,0.8501760100423951,0.8351188638475937,0.8414496485196008,0.944802422687406,2.133305072784424,0.9763513513513512,0.9763513513513512,0.9763513513513512,0.9485714285714286,0.9851632047477744,0.9665211062590976,0.9685314685314684,0.929530201342282,0.9486301369863014,0.923809523809524,0.9478827361563518,0.9356913183279744,0.966542750929368,0.8904109589041096,0.9269162210338682,0.9333333333333332,0.7636363636363637,0.84,0.9255663430420712,0.9662162162162162,0.9454545454545455,0.9612903225806452,0.9490445859872612,0.9551282051282052,0.0,0.0,0.0,0.8977635782747604,0.9429530201342282,0.9198036006546644
arch_deeper,0.005,7,1,9958.0,2491.0,19.0,8.0,0.0232433367486558,0.280635682431204,0.987748543884314,0.9602569249297472,0.8627498603664939,0.861232759408459,0.8618420272658014,0.9601696014993976,3.183879852294922,0.9639344262295082,0.9932432432432432,0.978369384359401,0.9850299401197604,0.9762611275964392,0.9806259314456036,0.9471947194719472,0.9630872483221476,0.9550748752079866,0.9764309764309764,0.9446254071661238,0.9602649006622516,0.9480968858131488,0.9383561643835616,0.9432013769363168,0.9433962264150944,0.925925925925926,0.9345794392523364,0.973421926910299,0.9898648648648648,0.9815745393634842,0.9320987654320988,0.9648562300319488,0.9481946624803768,0.0,0.0,0.0,0.9578947368421052,0.9161073825503356,0.9365351629502572
arch_deeper,0.005,7,2,9960.0,2489.0,11.0,0.0,0.1009331262537844,0.3866416274772664,0.95,0.9284853354760948,0.8327499649879876,0.818062298585595,0.8237892680078458,0.9280742298456324,1.8257169723510744,0.9294871794871796,0.9797297297297296,0.9539473684210528,0.9880239520958084,0.9792284866468842,0.9836065573770492,0.9147540983606556,0.9362416107382552,0.925373134328358,0.9415807560137456,0.8954248366013072,0.917922948073702,0.8778135048231511,0.934931506849315,0.9054726368159204,0.8863636363636364,0.7222222222222222,0.7959183673469388,0.9586206896551724,0.9391891891891893,0.9488054607508531,0.8768328445747801,0.9552715654952076,0.9143730886850152,0.0,0.0,0.0,0.9540229885057472,0.8383838383838383,0.8924731182795698
arch_deeper,0.005,7,3,9960.0,2489.0,15.0,4.0,0.0595101732169128,0.4495870998362369,0.9843373493975904,0.9457613499397348,0.8372429215118917,0.8465743111706512,0.8412814183485718,0.945820972051684,2.50284481048584,0.960655737704918,0.9898648648648648,0.9750415973377704,0.9849397590361446,0.9703264094955488,0.9775784753363228,0.9368770764119602,0.9463087248322148,0.9415692821368948,0.9471947194719472,0.937908496732026,0.942528735632184,0.912621359223301,0.9657534246575342,0.9384359400998336,0.7741935483870968,0.8888888888888888,0.8275862068965517,0.9728813559322034,0.9695945945945946,0.9712351945854484,0.9554794520547946,0.8913738019169329,0.922314049586777,0.0,0.0,0.0,0.9275862068965516,0.9057239057239056,0.9165247018739352
arch_deeper,0.005,7,4,9962.0,2487.0,17.0,6.0,0.0292771375435437,0.3705735307371393,0.9775145553101788,0.9425010052271814,0.8337005332093976,0.8222260409325356,0.8270910296432937,0.9421044134424336,3.0310399532318115,0.9475409836065574,0.9763513513513512,0.9617304492512478,0.9848942598187312,0.9673590504451038,0.9760479041916168,0.9477351916376306,0.915824915824916,0.9315068493150686,0.9201277955271564,0.9411764705882352,0.9305331179321484,0.944636678200692,0.934931506849315,0.9397590361445782,0.7727272727272727,0.6296296296296297,0.6938775510204083,0.9724137931034482,0.9559322033898304,0.964102564102564,0.9555555555555556,0.9616613418530352,0.9585987261146496,0.0,0.0,0.0,0.8913738019169329,0.9393939393939394,0.9147540983606556
arch_deeper,0.005,13,0,9956.0,2493.0,13.0,2.0,0.0587487534474995,0.3283937881534472,0.9713740458015268,0.9390292819895708,0.8391830777778825,0.8351314162897587,0.8368060155708363,0.9389977565426564,2.0418639183044434,0.976027397260274,0.9628378378378378,0.9693877551020408,0.9818731117824774,0.9643916913946587,0.9730538922155688,0.9193548387096774,0.9563758389261744,0.9375,0.9137380191693292,0.9315960912052116,0.9225806451612903,0.8984126984126984,0.9691780821917808,0.9324546952224052,0.8653846153846154,0.8181818181818182,0.8411214953271028,0.9825783972125436,0.9527027027027029,0.967409948542024,0.932475884244373,0.9235668789808916,0.928,0.0,0.0,0.0,0.9219858156028368,0.87248322147651,0.896551724137931
arch_deeper,0.005,13,1,9958.0,2491.0,17.0,6.0,0.1122243630358264,0.5089966509351267,0.9864430608555936,0.9526294660778803,0.851557713750285,0.8395633712733765,0.8448507373590814,0.9523597924342756,2.6442089080810547,0.966996699669967,0.9898648648648648,0.9782971619365608,0.994011976047904,0.9851632047477744,0.9895678092399404,0.9391891891891893,0.9328859060402684,0.936026936026936,0.9448051948051948,0.9478827361563518,0.946341463414634,0.9409722222222222,0.928082191780822,0.9344827586206896,0.8888888888888888,0.7407407407407407,0.808080808080808,0.9728813559322034,0.9695945945945946,0.9712351945854484,0.9404388714733544,0.9584664536741214,0.9493670886075948,0.0,0.0,0.0,0.9273927392739274,0.9429530201342282,0.935108153078203
arch_deeper,0.005,13,2,9960.0,2489.0,16.0,5.0,0.1061078010711865,0.3343128792342233,0.9818273092369478,0.9537967055042186,0.8524523365252195,0.8403939024106407,0.8457121114528308,0.9535073870130772,2.548002243041992,0.9566666666666668,0.9695945945945946,0.9630872483221476,0.9852507374631267,0.9910979228486648,0.9881656804733728,0.9364548494983278,0.9395973154362416,0.9380234505862648,0.959731543624161,0.934640522875817,0.9470198675496688,0.9452054794520548,0.9452054794520548,0.9452054794520548,0.8888888888888888,0.7407407407407407,0.808080808080808,0.9661016949152542,0.9628378378378378,0.964467005076142,0.962382445141066,0.9808306709265175,0.971518987341772,0.0,0.0,0.0,0.9238410596026492,0.9393939393939394,0.9315525876460768
arch_deeper,0.005,13,3,9960.0,2489.0,14.0,3.0,0.0250861362609842,0.2719714308320984,0.9759036144578314,0.9413419043792688,0.8370167522633019,0.8316388499410097,0.8339751250205969,0.9411170196148048,2.281934976577759,0.9651567944250872,0.9358108108108107,0.9502572898799314,0.9761904761904762,0.973293768545994,0.974739970282318,0.9355932203389832,0.9261744966442952,0.9308600337268128,0.9576547231270358,0.9607843137254902,0.9592169657422512,0.9324324324324323,0.9452054794520548,0.9387755102040816,0.82,0.7592592592592593,0.7884615384615384,0.9215686274509804,0.9527027027027029,0.9368770764119602,0.918918918918919,0.977635782747604,0.9473684210526316,0.0,0.0,0.0,0.942652329749104,0.8855218855218855,0.9131944444444444
arch_deeper,0.005,13,4,9962.0,2487.0,12.0,1.0,0.054183623200687,0.2747990297541337,0.9648664926721542,0.9433051869722556,0.8341382415366304,0.8427469681239751,0.8379791187059455,0.9435910704555408,2.1558961868286133,0.9593220338983052,0.956081081081081,0.957698815566836,0.9819277108433736,0.9673590504451038,0.9745889387144993,0.9278688524590164,0.9528619528619529,0.9401993355481728,0.9528619528619529,0.9248366013071896,0.9386401326699836,0.9444444444444444,0.9315068493150684,0.9379310344827586,0.7580645161290323,0.8703703703703703,0.8103448275862069,0.96875,0.9457627118644067,0.9571183533447684,0.930379746835443,0.939297124600639,0.9348171701112876,0.0,0.0,0.0,0.9177631578947368,0.9393939393939394,0.9284525790349418
arch_deeper,0.005,21,0,9956.0,2493.0,13.0,2.0,0.0379260803756879,0.2533910978791935,0.9711731619124148,0.9446450060168472,0.8475869421864989,0.8352664997103065,0.8404105358575695,0.9446077793639096,2.174973249435425,0.9363057324840764,0.9932432432432432,0.9639344262295082,0.9969325153374232,0.9643916913946587,0.9803921568627452,0.9137380191693292,0.959731543624161,0.9361702127659574,0.9655172413793104,0.9120521172638436,0.9380234505862648,0.9152542372881356,0.9246575342465754,0.9199318568994888,0.9130434782608696,0.7636363636363637,0.8316831683168316,0.9756944444444444,0.9493243243243245,0.9623287671232876,0.9673202614379084,0.9426751592356688,0.9548387096774196,0.0,0.0,0.0,0.8920634920634921,0.9429530201342282,0.9168026101141926
arch_deeper,0.005,21,1,9958.0,2491.0,13.0,2.0,0.0569232951555374,0.350762132667768,0.9740911829684676,0.9470092332396628,0.8479569894203781,0.8289832484767912,0.8365576858840656,0.9463862157950188,2.1720378398895264,0.9563758389261744,0.9628378378378378,0.9595959595959596,0.9821958456973294,0.9821958456973294,0.9821958456973294,0.9429530201342282,0.9429530201342282,0.9429530201342282,0.9619377162629758,0.9055374592833876,0.9328859060402684,0.9368770764119602,0.9657534246575342,0.9510961214165262,0.9,0.6666666666666666,0.7659574468085106,0.9446254071661238,0.9797297297297296,0.9618573797678276,0.9323076923076924,0.9680511182108626,0.9498432601880876,0.0,0.0,0.0,0.9222972972972971,0.9161073825503356,0.9191919191919192
arch_deeper,0.005,21,2,9960.0,2489.0,12.0,1.0,0.0764009840191108,0.3717976940396029,0.9580321285140564,0.9280835676978706,0.8360636650051194,0.8212709126415563,0.826723338036232,0.9281355489011696,2.0401930809020996,0.9686411149825784,0.9391891891891893,0.95368782161235,0.9733727810650888,0.9762611275964392,0.9748148148148148,0.9335548172757476,0.9429530201342282,0.9382303839732888,0.9171974522292994,0.9411764705882352,0.929032258064516,0.96,0.9041095890410958,0.9312169312169312,0.9111111111111112,0.7592592592592593,0.8282828282828282,0.9198717948717948,0.9695945945945946,0.944078947368421,0.966542750929368,0.8306709265175719,0.8934707903780068,0.0,0.0,0.0,0.8103448275862069,0.9494949494949496,0.8744186046511628
arch_deeper,0.005,21,3,9960.0,2489.0,11.0,0.0,0.0501498505089032,0.3499095246711617,0.9552208835341366,0.9389312977099236,0.8424083089420262,0.8266253803179495,0.8333183482553824,0.9385850330623766,1.6946461200714111,0.9825783972125436,0.9527027027027029,0.967409948542024,0.9623188405797102,0.9851632047477744,0.9736070381231672,0.911864406779661,0.9026845637583892,0.9072512647554806,0.9188311688311688,0.9248366013071896,0.9218241042345278,0.9540636042402828,0.9246575342465754,0.9391304347826088,0.9069767441860463,0.7222222222222222,0.8041237113402061,0.9258064516129032,0.9695945945945946,0.9471947194719472,0.9230769230769232,0.9584664536741214,0.9404388714733544,0.0,0.0,0.0,0.938566552901024,0.925925925925926,0.9322033898305084
arch_deeper,0.005,21,4,9962.0,2487.0,17.0,6.0,0.0244372372759286,0.3337916931530763,0.9859465970688616,0.9533574587856856,0.8407289280425081,0.8400431093871783,0.840142856749915,0.953424307094324,2.6290621757507324,0.9863013698630136,0.972972972972973,0.979591836734694,0.9852941176470588,0.9940652818991098,0.9896602658788776,0.9471947194719472,0.9663299663299664,0.9566666666666668,0.9361022364217252,0.9575163398692812,0.9466882067851372,0.967032967032967,0.9041095890410958,0.9345132743362832,0.7407407407407407,0.7407407407407407,0.7407407407407407,0.9663299663299664,0.9728813559322034,0.9695945945945948,0.9833887043189368,0.9456869009584664,0.9641693811074916,0.0,0.0,0.0,0.8949044585987261,0.9461279461279462,0.9198036006546644
arch_deeper,0.005,99,0,9956.0,2493.0,15.0,4.0,0.0488806526990819,0.289599479112809,0.9848332663720368,0.9522663457681508,0.8484889255887685,0.8457690353575865,0.8469578265649551,0.9522025113384828,2.4482340812683105,0.9638157894736842,0.9898648648648648,0.9766666666666668,0.9848942598187312,0.9673590504451038,0.9760479041916168,0.96,0.9664429530201344,0.9632107023411371,0.935483870967742,0.9446254071661238,0.940032414910859,0.96,0.9041095890410958,0.9312169312169312,0.8490566037735849,0.8181818181818182,0.8333333333333334,0.9795221843003412,0.9695945945945946,0.9745331069609507,0.9501557632398754,0.9713375796178344,0.9606299212598426,0.0,0.0,0.0,0.9019607843137256,0.9261744966442952,0.913907284768212
arch_deeper,0.005,99,1,9958.0,2491.0,20.0,9.0,0.0262578124758323,0.3838627576445182,0.9868447479413536,0.95343235648334,0.8505967777027228,0.8466928845149171,0.8484515686647944,0.9534165361574396,3.261579990386963,0.9576547231270358,0.9932432432432432,0.9751243781094528,0.9878048780487804,0.9614243323442137,0.974436090225564,0.9264214046822744,0.929530201342282,0.9279731993299832,0.9201277955271564,0.9381107491856676,0.9290322580645162,0.9464882943143812,0.9691780821917808,0.957698815566836,0.8627450980392157,0.8148148148148148,0.838095238095238,0.9859154929577464,0.945945945945946,0.9655172413793104,0.9495268138801262,0.9616613418530352,0.9555555555555556,0.0,0.0,0.0,0.969283276450512,0.953020134228188,0.961082910321489
arch_deeper,0.005,99,2,9960.0,2489.0,17.0,6.0,0.0569986440501598,0.3787044164284077,0.9874497991967872,0.9449578143832864,0.8398537852490582,0.839321484064017,0.8392219773826636,0.9447539660348564,2.970381259918213,0.9444444444444444,0.9763513513513512,0.9601328903654484,0.973529411764706,0.9821958456973294,0.9778434268833088,0.9535714285714286,0.8959731543624161,0.9238754325259516,0.9655172413793104,0.915032679738562,0.9395973154362416,0.9210526315789472,0.958904109589041,0.9395973154362416,0.8148148148148148,0.8148148148148148,0.8148148148148148,0.9504950495049505,0.972972972972973,0.9616026711185308,0.9212121212121211,0.9712460063897764,0.9455676516329704,0.0,0.0,0.0,0.953900709219858,0.9057239057239056,0.929188255613126
arch_deeper,0.005,99,3,9960.0,2489.0,15.0,4.0,0.0863405657423532,0.2686135894363011,0.9802208835341364,0.9554037766171152,0.8519202800755027,0.8600356533902884,0.8553559496642515,0.9553511374216924,2.5493998527526855,0.9603960396039604,0.983108108108108,0.9716193656093488,0.9766081871345028,0.9910979228486648,0.98379970544919,0.9784172661870504,0.912751677852349,0.9444444444444444,0.9661016949152542,0.931372549019608,0.9484193011647256,0.94314381270903,0.9657534246575342,0.9543147208121828,0.8524590163934426,0.9629629629629628,0.9043478260869564,0.979591836734694,0.972972972972973,0.976271186440678,0.918429003021148,0.9712460063897764,0.9440993788819876,0.0,0.0,0.0,0.944055944055944,0.9090909090909092,0.9262435677530017
arch_deeper,0.005,99,4,9962.0,2487.0,12.0,1.0,0.0364553871154117,0.3057528480333538,0.9625577193334672,0.9296340973059912,0.8266030458965974,0.8251321375309356,0.8257292639686489,0.9294712843862408,1.9949181079864504,0.958041958041958,0.9256756756756755,0.9415807560137456,0.96242774566474,0.9881305637982196,0.9751098096632504,0.921311475409836,0.9461279461279462,0.9335548172757476,0.9016393442622952,0.8986928104575164,0.9001636661211129,0.928082191780822,0.928082191780822,0.928082191780822,0.8113207547169812,0.7962962962962963,0.8037383177570094,0.9215686274509804,0.9559322033898304,0.9384359400998336,0.935064935064935,0.9201277955271564,0.927536231884058,0.0,0.0,0.0,0.9265734265734266,0.8922558922558923,0.9090909090909092
arch_deeper,0.01,42,0,9956.0,2493.0,12.0,1.0,0.0950897555723513,0.3634401911048344,0.9558055443953396,0.936622543120738,0.8383122734219599,0.8239068851837704,0.8300061677119398,0.9362437230132484,2.036055088043213,0.9630872483221476,0.9695945945945946,0.9663299663299664,0.9706744868035192,0.9821958456973294,0.9764011799410032,0.924342105263158,0.9429530201342282,0.9335548172757474,0.9326599326599326,0.9022801302931596,0.9172185430463576,0.9230769230769232,0.9041095890410958,0.9134948096885814,0.8863636363636364,0.7090909090909091,0.7878787878787878,0.9405940594059404,0.9628378378378378,0.9515859766277128,0.9512987012987012,0.9331210191082804,0.942122186495177,0.0,0.0,0.0,0.8910256410256411,0.9328859060402684,0.9114754098360656
arch_deeper,0.01,42,1,9958.0,2491.0,14.0,3.0,0.1613820588127906,0.5236335861957355,0.9639485840530228,0.9433962264150944,0.8447905570013253,0.8211569058037458,0.8300541304261161,0.94264203279517,2.3537051677703857,0.9731543624161074,0.9797297297297296,0.9764309764309764,0.976401179941003,0.9821958456973294,0.9792899408284024,0.9372937293729372,0.953020134228188,0.9450915141430948,0.9633333333333334,0.9413680781758956,0.9522240527182866,0.8976897689768977,0.9315068493150684,0.9142857142857144,0.8918918918918919,0.6111111111111112,0.7252747252747254,0.9619377162629758,0.9391891891891893,0.9504273504273504,0.9029411764705882,0.9808306709265175,0.9402756508422664,0.0,0.0,0.0,0.9432624113475178,0.8926174496644296,0.9172413793103448
arch_deeper,0.01,42,2,9960.0,2489.0,11.0,0.0,0.1431492220821391,0.3489152953469748,0.9286144578313252,0.9132181599035756,0.7981228848389001,0.7948640303186671,0.7951806512983721,0.9130839054789828,1.8816888332366943,0.9627118644067796,0.9594594594594594,0.961082910321489,0.9788519637462236,0.9614243323442137,0.9700598802395208,0.9344827586206896,0.9093959731543624,0.9217687074829932,0.8844984802431611,0.9509803921568628,0.916535433070866,0.8244047619047619,0.9486301369863014,0.8821656050955413,0.6037735849056604,0.5925925925925926,0.5981308411214954,0.949820788530466,0.8952702702702703,0.9217391304347826,0.8984615384615384,0.9329073482428116,0.915360501567398,0.0,0.0,0.0,0.9442231075697212,0.797979797979798,0.8649635036496351
arch_deeper,0.01,42,3,9960.0,2489.0,13.0,2.0,0.0910252669032244,0.473367965787024,0.9487951807228916,0.9256729610285256,0.8317319021185352,0.7854799108025237,0.7960384855027212,0.9230886036213284,2.1730921268463135,0.9417808219178082,0.929054054054054,0.935374149659864,0.9908256880733946,0.9614243323442137,0.9759036144578314,0.91864406779661,0.9093959731543624,0.9139966273187184,0.8975155279503105,0.9444444444444444,0.9203821656050956,0.8878205128205128,0.9486301369863014,0.9172185430463576,0.9047619047619048,0.3518518518518518,0.5066666666666666,0.972508591065292,0.956081081081081,0.9642248722316864,0.8801169590643275,0.9616613418530352,0.9190839694656489,0.0,0.0,0.0,0.9233449477351916,0.8922558922558923,0.9075342465753424
arch_deeper,0.01,42,4,9962.0,2487.0,20.0,9.0,0.1268497111519653,0.3949385781554633,0.953924914675768,0.9340570969039004,0.839519073841908,0.8120402371505732,0.8216052397012232,0.9340191324304536,3.2664120197296143,0.7983425414364641,0.9763513513513512,0.8784194528875381,0.996969696969697,0.9762611275964392,0.9865067466266868,0.9537366548042704,0.9023569023569024,0.9273356401384084,0.9273927392739274,0.9183006535947712,0.922824302134647,0.9391891891891893,0.952054794520548,0.9455782312925172,0.8888888888888888,0.5925925925925926,0.711111111111111,0.978798586572438,0.9389830508474576,0.9584775086505192,0.9411764705882352,0.9712460063897764,0.9559748427672956,0.0,0.0,0.0,0.9706959706959708,0.8922558922558923,0.9298245614035088
arch_deeper,0.01,7,0,9956.0,2493.0,13.0,2.0,0.1564007314693467,0.4127550422177455,0.94817195660908,0.9261933413557962,0.823033376939869,0.8156399317946242,0.8178930368101556,0.926700353866705,2.0251760482788086,0.979381443298969,0.9628378378378378,0.9710391822827938,0.9790419161676648,0.9703264094955488,0.9746646795827124,0.9264214046822744,0.929530201342282,0.9279731993299832,0.9623287671232876,0.9153094462540716,0.9382303839732888,0.9595588235294118,0.8938356164383562,0.9255319148936172,0.7647058823529411,0.7090909090909091,0.7358490566037736,0.8836477987421384,0.9493243243243245,0.9153094462540716,0.971326164874552,0.8630573248407644,0.9139966273187184,0.0,0.0,0.0,0.803921568627451,0.9630872483221476,0.8763358778625954
arch_deeper,0.01,7,1,9958.0,2491.0,20.0,9.0,0.0770240215324986,0.2698689442412602,0.9766017272544688,0.9470092332396628,0.8443434290609826,0.8411400509179779,0.8424909253564528,0.947136912715518,3.136631727218628,0.9758620689655172,0.956081081081081,0.9658703071672354,0.9909638554216867,0.9762611275964392,0.98355754857997,0.950354609929078,0.8993288590604027,0.9241379310344828,0.8719512195121951,0.9315960912052116,0.9007874015748032,0.9618055555555556,0.9486301369863014,0.9551724137931036,0.8461538461538461,0.8148148148148148,0.830188679245283,0.9572368421052632,0.983108108108108,0.97,0.964516129032258,0.9552715654952076,0.9598715890850722,0.0,0.0,0.0,0.9245901639344264,0.9463087248322148,0.9353233830845772
arch_deeper,0.01,7,2,9960.0,2489.0,14.0,3.0,0.1044677493343469,0.4022423555683196,0.9606425702811244,0.926878264363198,0.8043697013547476,0.81676908397735,0.8087594882285032,0.9283663390628538,2.1668269634246826,0.9761904761904762,0.9695945945945946,0.9728813559322034,0.9821958456973294,0.9821958456973294,0.9821958456973294,0.928082191780822,0.9093959731543624,0.9186440677966102,0.9463087248322148,0.9215686274509804,0.933774834437086,0.9558823529411764,0.8904109589041096,0.9219858156028368,0.527027027027027,0.7222222222222222,0.609375,0.9522184300341296,0.9425675675675677,0.9473684210526316,0.9253246753246752,0.9105431309904152,0.9178743961352658,0.0,0.0,0.0,0.8504672897196262,0.9191919191919192,0.883495145631068
arch_deeper,0.01,7,3,9960.0,2489.0,12.0,1.0,0.1809662947316862,0.4258783207648413,0.9401606425702812,0.9232623543591804,0.8283260343963459,0.8123489009050147,0.8188985638566393,0.923094570237918,1.8515293598175049,0.9619377162629758,0.9391891891891893,0.9504273504273504,0.9457142857142856,0.9821958456973294,0.9636098981077148,0.8726114649681529,0.9194630872483222,0.8954248366013071,0.9163879598662208,0.8954248366013072,0.9057851239669422,0.9422382671480144,0.8938356164383562,0.9173989455184536,0.8837209302325582,0.7037037037037037,0.7835051546391752,0.9590443686006824,0.9493243243243245,0.9541595925297112,0.94314381270903,0.9009584664536742,0.9215686274509804,0.0,0.0,0.0,0.8584615384615385,0.9393939393939394,0.8971061093247589
arch_deeper,0.01,7,4,9962.0,2487.0,16.0,5.0,0.2783544466530585,0.5411494349112314,0.972294719935756,0.9453156413349416,0.84027597696496,0.8427897639806634,0.8413845361066514,0.9453685850931786,2.4607510566711426,0.9496644295302014,0.956081081081081,0.9528619528619529,0.9939577039274924,0.9762611275964392,0.9850299401197604,0.9310344827586208,0.9090909090909092,0.919931856899489,0.9625850340136054,0.9248366013071896,0.9433333333333334,0.9554794520547946,0.9554794520547946,0.9554794520547946,0.8214285714285714,0.8518518518518519,0.8363636363636364,0.9352750809061487,0.9796610169491524,0.956953642384106,0.9490445859872612,0.952076677316294,0.9505582137161084,0.0,0.0,0.0,0.9042904290429042,0.9225589225589226,0.9133333333333332
arch_deeper,0.01,13,0,9956.0,2493.0,21.0,10.0,0.0839400310856215,0.4107768251910705,0.972177581357975,0.9398315282791816,0.8316910881862514,0.838775859416325,0.8345094809741536,0.9400539849633144,3.2623651027679443,0.9690721649484536,0.9527027027027029,0.960817717206133,0.990909090909091,0.9703264094955488,0.9805097451274364,0.9119496855345912,0.9731543624161074,0.9415584415584416,0.9383561643835616,0.8925081433224755,0.9148580968280466,0.978798586572438,0.9486301369863014,0.9634782608695652,0.7580645161290323,0.8545454545454545,0.8034188034188033,0.8919753086419753,0.9763513513513512,0.932258064516129,0.9570957095709572,0.9235668789808916,0.940032414910859,0.0,0.0,0.0,0.9206896551724136,0.8959731543624161,0.9081632653061223
arch_deeper,0.01,13,1,9958.0,2491.0,15.0,4.0,0.126276970584679,0.468719973928895,0.95802369953806,0.9377759935768768,0.8251501142110561,0.8257677956107846,0.8252302589235541,0.937728648763168,2.3114571571350098,0.9638157894736842,0.9898648648648648,0.9766666666666668,0.9734513274336284,0.9792284866468842,0.9763313609467454,0.8950819672131147,0.9161073825503356,0.9054726368159204,0.9328859060402684,0.9055374592833876,0.91900826446281,0.9473684210526316,0.9246575342465754,0.9358752166377816,0.7090909090909091,0.7222222222222222,0.7155963302752293,0.9123376623376624,0.9493243243243245,0.9304635761589404,0.9498432601880876,0.9680511182108626,0.9588607594936708,0.0,0.0,0.0,0.9676258992805756,0.9026845637583892,0.9340277777777776
arch_deeper,0.01,13,2,9960.0,2489.0,17.0,6.0,0.1822937614021801,0.4168592331322567,0.9611445783132532,0.933306548814785,0.8436277302673594,0.8068877348607387,0.8186135491300846,0.9323748442457738,2.6590540409088135,0.9594594594594594,0.9594594594594594,0.9594594594594594,0.9909365558912386,0.973293768545994,0.9820359281437124,0.8363636363636363,0.9261744966442952,0.8789808917197452,0.9147540983606556,0.9117647058823528,0.9132569558101472,0.9123376623376624,0.9623287671232876,0.9366666666666668,0.9666666666666668,0.5370370370370371,0.6904761904761905,0.9587628865979382,0.9425675675675677,0.950596252129472,0.9446153846153846,0.9808306709265175,0.962382445141066,0.0,0.0,0.0,0.9523809523809524,0.8754208754208754,0.912280701754386
arch_deeper,0.01,13,3,9960.0,2489.0,18.0,7.0,0.1409042263757219,0.498083501875842,0.9752008032128514,0.939333065488148,0.8366437075388756,0.8315265486166508,0.8335634453088836,0.9395032544429774,2.8497049808502197,0.9601328903654484,0.9763513513513512,0.9681742043551088,0.993939393939394,0.973293768545994,0.9835082458770612,0.9438596491228072,0.9026845637583892,0.9228130360205832,0.8651026392961877,0.9640522875816994,0.9119010819165378,0.9528985507246376,0.9006849315068494,0.926056338028169,0.8235294117647058,0.7777777777777778,0.7999999999999999,0.9859649122807016,0.9493243243243245,0.9672977624784852,0.9492063492063492,0.9552715654952076,0.9522292993630572,0.0,0.0,0.0,0.8918032786885246,0.915824915824916,0.903654485049834
arch_deeper,0.01,13,4,9962.0,2487.0,13.0,2.0,0.1084672672562749,0.31172755232376,0.9568359767115036,0.9392842782468838,0.8342569235163037,0.8179223337739912,0.8244812004992681,0.938695076428003,2.074306011199951,0.9791666666666666,0.9527027027027029,0.9657534246575342,0.9680232558139537,0.9881305637982196,0.9779735682819384,0.912621359223301,0.9494949494949496,0.9306930693069309,0.9383561643835616,0.8954248366013072,0.9163879598662208,0.9144736842105264,0.952054794520548,0.9328859060402684,0.8048780487804879,0.6111111111111112,0.6947368421052632,0.9586206896551724,0.9423728813559322,0.9504273504273504,0.8978978978978979,0.9552715654952076,0.9256965944272446,0.0,0.0,0.0,0.9685314685314684,0.9326599326599326,0.9502572898799312
arch_deeper,0.01,21,0,9956.0,2493.0,17.0,6.0,0.1579303568596653,0.4662042100360039,0.9683607874648452,0.945447252306458,0.8383195032507496,0.8387374706795928,0.8382086289571401,0.9457000305037668,2.8081328868865967,0.9727891156462584,0.9662162162162162,0.9694915254237289,0.9880239520958084,0.9792284866468842,0.9836065573770492,0.9250814332247556,0.953020134228188,0.9388429752066116,0.9615384615384616,0.8957654723127035,0.927487352445194,0.9543859649122808,0.9315068493150684,0.9428076256499132,0.7857142857142857,0.8,0.7927927927927927,0.9763513513513512,0.9763513513513512,0.9763513513513512,0.9581993569131833,0.9490445859872612,0.9536,0.0,0.0,0.0,0.8611111111111112,0.9362416107382552,0.897106109324759
arch_deeper,0.01,21,1,9958.0,2491.0,22.0,11.0,0.1203921195939099,0.4249080820255063,0.964551114681663,0.93014853472501,0.8299082101788405,0.821388633997187,0.8244894851642754,0.9305601549998496,3.7245471477508545,0.9896193771626296,0.9662162162162162,0.9777777777777776,0.9787234042553192,0.9554896142433236,0.9669669669669668,0.84375,0.906040268456376,0.8737864077669903,0.8567251461988304,0.9543973941368078,0.9029275808936826,0.8949044585987261,0.9623287671232876,0.9273927392739272,0.8163265306122449,0.7407407407407407,0.7766990291262137,0.9689655172413794,0.9493243243243245,0.9590443686006828,0.9728813559322034,0.9169329073482428,0.944078947368421,0.0,0.0,0.0,0.9771863117870724,0.8624161073825504,0.9162210338680928
arch_deeper,0.01,21,2,9960.0,2489.0,13.0,2.0,0.1970106023432644,0.4537555897074234,0.9470883534136546,0.9172358376858176,0.8248744764680012,0.7940288368855579,0.8038682882535559,0.9159157240221246,2.2835400104522705,0.9531772575250836,0.9628378378378378,0.9579831932773112,0.978978978978979,0.9673590504451038,0.973134328358209,0.9081967213114754,0.929530201342282,0.9187396351575456,0.9032258064516128,0.915032679738562,0.9090909090909092,0.8470948012232415,0.9486301369863014,0.8949919224555736,0.90625,0.5370370370370371,0.6744186046511628,0.8947368421052632,0.9763513513513512,0.9337641357027464,0.929054054054054,0.8785942492012779,0.90311986863711,0.0,0.0,0.0,0.928030303030303,0.8249158249158249,0.8734402852049911
arch_deeper,0.01,21,3,9960.0,2489.0,17.0,6.0,0.0786022034369302,0.3806215920057811,0.9689759036144578,0.946163117717959,0.8445597041833164,0.8405294564251017,0.842378003986326,0.946142736772376,2.7852869033813477,0.9701986754966888,0.9898648648648648,0.979933110367893,0.9820359281437124,0.973293768545994,0.977645305514158,0.9283276450511946,0.912751677852349,0.9204737732656516,0.946843853820598,0.931372549019608,0.9390444810543658,0.9427609427609428,0.958904109589041,0.9507640067911716,0.8627450980392157,0.8148148148148148,0.838095238095238,0.9824561403508772,0.945945945945946,0.9638554216867468,0.925,0.9456869009584664,0.9352290679304897,0.0,0.0,0.0,0.9052287581699346,0.9326599326599326,0.9187396351575456
arch_deeper,0.01,21,4,9962.0,2487.0,12.0,1.0,0.1390278183934184,0.350818776190085,0.933346717526601,0.9244069159630076,0.796845987074944,0.7626692932530386,0.762785857133619,0.917470508873593,2.1285600662231445,0.9563758389261744,0.9628378378378378,0.9595959595959596,0.9654178674351584,0.9940652818991098,0.97953216374269,0.8976109215017065,0.8855218855218855,0.8915254237288135,0.8450292397660819,0.9444444444444444,0.8919753086419753,0.9351535836177476,0.9383561643835616,0.9367521367521366,0.5555555555555556,0.0925925925925925,0.1587301587301587,0.9618055555555556,0.9389830508474576,0.9502572898799314,0.9216867469879518,0.977635782747604,0.9488372093023256,0.0,0.0,0.0,0.9298245614035088,0.8922558922558923,0.9106529209621994
arch_deeper,0.01,99,0,9956.0,2493.0,12.0,1.0,0.3016952380705142,0.5271505882877054,0.9344114102049016,0.9237866024869636,0.8278634680177086,0.7850038883959066,0.7951931679756865,0.9214777546746338,2.1087846755981445,0.9656357388316152,0.9493243243243245,0.9574105621805792,0.9706744868035192,0.9821958456973294,0.9764011799410032,0.9381443298969072,0.9161073825503356,0.9269949066213922,0.9381443298969072,0.8892508143322475,0.9130434782608696,0.9316546762589928,0.886986301369863,0.9087719298245612,0.8695652173913043,0.3636363636363636,0.5128205128205129,0.8899082568807339,0.983108108108108,0.9341894060995184,0.9575163398692812,0.9331210191082804,0.9451612903225808,0.0,0.0,0.0,0.8173913043478261,0.9463087248322148,0.8771384136858476
arch_deeper,0.01,99,1,9958.0,2491.0,18.0,7.0,0.0607740710158897,0.4009993324942886,0.9663587065675838,0.934564431955038,0.8107933158906724,0.8299607320699194,0.8167902730395721,0.9367136833515568,3.0378427505493164,0.9795221843003412,0.9695945945945946,0.9745331069609507,1.0,0.9198813056379822,0.9582689335394128,0.928082191780822,0.9093959731543624,0.9186440677966102,0.909375,0.9478827361563518,0.9282296650717704,0.9368770764119602,0.9657534246575342,0.9510961214165262,0.5058823529411764,0.7962962962962963,0.6187050359712231,0.9855595667870036,0.9222972972972971,0.9528795811518324,0.9367088607594936,0.9456869009584664,0.9411764705882352,0.0,0.0,0.0,0.925925925925926,0.9228187919463088,0.9243697478991596
arch_deeper,0.01,99,2,9960.0,2489.0,16.0,5.0,0.0966779159528141,0.4037126955981134,0.9613453815261044,0.9304941743672156,0.8050236380867138,0.8212963383162725,0.8103056434123538,0.9323921967107434,2.6533398628234863,0.9527027027027029,0.9527027027027029,0.9527027027027029,0.982089552238806,0.9762611275964392,0.9791666666666664,0.9381818181818182,0.8657718120805369,0.900523560209424,0.909375,0.9509803921568628,0.9297124600638976,0.9319727891156464,0.9383561643835616,0.9351535836177476,0.4878048780487805,0.7407407407407407,0.588235294117647,0.972508591065292,0.956081081081081,0.9642248722316864,0.9732441471571908,0.9297124600638976,0.9509803921568628,0.0,0.0,0.0,0.9023569023569024,0.9023569023569024,0.9023569023569024
arch_deeper,0.01,99,3,9960.0,2489.0,18.0,7.0,0.0738208111095215,0.2707265225370533,0.9699799196787148,0.948573724387304,0.8529076652118892,0.8498820127404324,0.8512292022322725,0.9485469147762084,3.0438969135284424,0.9601328903654484,0.9763513513513512,0.9681742043551088,0.9824046920821116,0.9940652818991098,0.9882005899705014,0.922077922077922,0.953020134228188,0.9372937293729372,0.9517241379310344,0.9019607843137256,0.9261744966442952,0.9130434782608696,0.934931506849315,0.9238578680203046,0.9423076923076924,0.9074074074074074,0.9245283018867924,0.986159169550173,0.9628378378378378,0.9743589743589745,0.9548387096774194,0.9456869009584664,0.9502407704654894,0.0,0.0,0.0,0.9163879598662208,0.9225589225589226,0.9194630872483222
arch_deeper,0.01,99,4,9962.0,2487.0,16.0,5.0,0.0837622158387876,0.3961626408358146,0.9537241517767516,0.917169280257338,0.8259217893528812,0.7954916502346439,0.80584295083247,0.916717084323834,2.4902420043945312,0.9825783972125436,0.9527027027027029,0.967409948542024,0.9785932721712538,0.9495548961424332,0.963855421686747,0.8173652694610778,0.9191919191919192,0.8652931854199682,0.8699690402476781,0.9183006535947712,0.8934817170111287,0.9166666666666666,0.9041095890410958,0.9103448275862068,0.9090909090909092,0.5555555555555556,0.6896551724137931,0.9201277955271564,0.976271186440678,0.9473684210526316,0.9563758389261744,0.9105431309904152,0.9328968903436988,0.0,0.0,0.0,0.908450704225352,0.8686868686868687,0.8881239242685025
