recall,precision,threshold
0.0011507479861910242,1.0,0.9999999999312964
0.0023014959723820483,1.0,0.9999999997568594
0.0034522439585730723,1.0,0.9999999985374564
0.004602991944764097,1.0,0.9999999979646266
0.005753739930955121,1.0,0.9999999959812368
0.006904487917146145,1.0,0.9999999957721236
0.00805523590333717,1.0,0.9999999956341512
0.009205983889528193,1.0,0.9999999948421804
0.010356731875719217,1.0,0.999999984028818
0.011507479861910242,1.0,0.9999999777928644
0.012658227848101266,1.0,0.9999999280215578
0.01380897583429229,1.0,0.999999926841204
0.014959723820483314,1.0,0.9999999224927374
0.01611047180667434,1.0,0.9999999064505966
0.01726121979286536,1.0,0.9999998892759908
0.018411967779056387,1.0,0.999999830758136
0.019562715765247412,1.0,0.999999821424869
0.020713463751438434,1.0,0.9999996754375636
0.02186421173762946,1.0,0.9999995348920424
0.023014959723820484,1.0,0.9999995216970008
0.024165707710011506,1.0,0.9999994217481556
0.02531645569620253,1.0,0.9999993474492956
0.026467203682393557,1.0,0.9999991182899456
0.02761795166858458,1.0,0.999998969548187
0.028768699654775604,1.0,0.9999989220549824
0.02991944764096663,1.0,0.9999989025885542
0.031070195627157654,1.0,0.9999988383697208
0.03222094361334868,1.0,0.9999987683137284
0.0333716915995397,1.0,0.999998664963438
0.03452243958573072,1.0,0.9999986471326772
0.03567318757192175,1.0,0.9999986155339888
0.03682393555811277,1.0,0.9999985994629224
0.0379746835443038,1.0,0.99999857965267
0.039125431530494824,1.0,0.99999840738366
0.04027617951668585,1.0,0.9999982220392708
0.04142692750287687,1.0,0.9999981380830728
0.04257767548906789,1.0,0.9999972792389222
0.04372842347525892,1.0,0.9999972300597998
0.04487917146144994,1.0,0.9999971959868575
0.04602991944764097,1.0,0.9999971167164596
0.047180667433831994,1.0,0.9999968424434744
0.04833141542002301,1.0,0.9999967612530712
0.04948216340621404,1.0,0.9999967250368692
0.05063291139240506,1.0,0.999996472821894
0.05178365937859609,1.0,0.9999960295449576
0.05293440736478711,1.0,0.999995215694482
0.05408515535097814,1.0,0.9999947166344476
0.05523590333716916,1.0,0.9999946625341312
0.05638665132336018,1.0,0.9999936509667396
0.05753739930955121,1.0,0.9999935285833716
0.05868814729574223,1.0,0.9999931802182748
0.05983889528193326,1.0,0.9999924643067802
0.06098964326812428,1.0,0.9999924463270028
0.06214039125431531,1.0,0.9999921713053193
0.06329113924050633,1.0,0.9999920802973362
0.06444188722669736,1.0,0.999991915872147
0.06559263521288838,1.0,0.999991522657275
0.0667433831990794,1.0,0.9999913552346704
0.06789413118527042,1.0,0.9999899670722826
0.06904487917146145,1.0,0.9999892855226412
0.07019562715765247,1.0,0.9999889488785636
0.0713463751438435,1.0,0.999988844206292
0.07249712313003452,1.0,0.9999873296893252
0.07364787111622555,1.0,0.9999870708237688
0.07479861910241657,1.0,0.9999869389050068
0.0759493670886076,1.0,0.9999861249269828
0.07710011507479862,1.0,0.9999858712011156
0.07825086306098965,1.0,0.9999855824838624
0.07940161104718067,1.0,0.9999852244849508
0.0805523590333717,1.0,0.9999848982340814
0.08170310701956271,1.0,0.9999841755695412
0.08285385500575373,1.0,0.9999841089807808
0.08400460299194476,1.0,0.9999826206852944
0.08515535097813579,1.0,0.9999812755929852
0.08630609896432681,1.0,0.9999806725037516
0.08745684695051784,1.0,0.999980226679124
0.08860759493670886,1.0,0.9999792431399432
0.08975834292289989,1.0,0.999978241518994
0.09090909090909091,1.0,0.9999777347292048
0.09205983889528194,1.0,0.9999776320614778
0.09321058688147296,1.0,0.9999758041081456
0.09436133486766399,1.0,0.9999751900753228
0.09551208285385501,1.0,0.9999749477449236
0.09666283084004602,1.0,0.9999745128217488
0.09781357882623705,1.0,0.9999732641342812
0.09896432681242807,1.0,0.9999730135639708
0.1001150747986191,1.0,0.999972943871733
0.10126582278481013,1.0,0.9999726934206338
0.10241657077100115,1.0,0.9999719458760864
0.10356731875719218,1.0,0.9999709707691784
0.1047180667433832,1.0,0.9999649856819908
0.10586881472957423,1.0,0.9999643316755384
0.10701956271576525,1.0,0.9999633863454668
0.10817031070195628,1.0,0.9999629781248762
0.1093210586881473,1.0,0.9999571601850464
0.11047180667433831,1.0,0.9999513083292
0.11162255466052934,1.0,0.9999506579735348
0.11277330264672036,1.0,0.999946657343843
0.11392405063291139,1.0,0.9999464513462156
0.11507479861910241,1.0,0.9999462481344292
0.11622554660529344,1.0,0.9999404165522032
0.11737629459148446,1.0,0.9999389352927897
0.11852704257767549,1.0,0.9999376744708376
0.11967779056386652,1.0,0.9999372057956198
0.12082853855005754,1.0,0.9999325856510874
0.12197928653624857,1.0,0.9999321036877108
0.12313003452243959,1.0,0.9999282455672804
0.12428078250863062,1.0,0.9999262547402996
0.12543153049482164,1.0,0.999925260294202
0.12658227848101267,1.0,0.999921964436594
0.1277330264672037,1.0,0.9999188976818328
0.12888377445339472,1.0,0.999917097684142
0.13003452243958574,1.0,0.999913891382673
0.13118527042577677,1.0,0.99990822632208
0.1323360184119678,1.0,0.9999049834515072
0.1334867663981588,1.0,0.9999041622982432
0.13463751438434982,1.0,0.9999036920267071
0.13578826237054084,1.0,0.9999017433427136
0.13693901035673187,1.0,0.9999006402535512
0.1380897583429229,1.0,0.9998946778643608
0.13924050632911392,1.0,0.9998859268249302
0.14039125431530494,1.0,0.9998846631614172
0.14154200230149597,1.0,0.9998777658400676
0.142692750287687,1.0,0.9998758898506022
0.14384349827387802,1.0,0.9998731098699668
0.14499424626006904,1.0,0.999868262378206
0.14614499424626007,1.0,0.9998570491524782
0.1472957422324511,1.0,0.9998563037840272
0.14844649021864212,1.0,0.9998488354800774
0.14959723820483314,1.0,0.9998419031306518
0.15074798619102417,1.0,0.9998409865402812
0.1518987341772152,1.0,0.9998382885863978
0.15304948216340622,1.0,0.9998377863014264
0.15420023014959724,1.0,0.9998301601454768
0.15535097813578827,1.0,0.9998290486670532
0.1565017261219793,1.0,0.9998103325155904
0.15765247410817032,1.0,0.9998080780207071
0.15880322209436135,1.0,0.9998003346881472
0.15995397008055237,1.0,0.9997881757942344
0.1611047180667434,1.0,0.9997785412447102
0.1622554660529344,1.0,0.999767725071927
0.16340621403912542,1.0,0.9997671670909272
0.16455696202531644,1.0,0.99976127318896
0.16570771001150747,1.0,0.999760966720969
0.1668584579976985,1.0,0.9997557302697648
0.16800920598388952,1.0,0.9997551739184888
0.16915995397008055,1.0,0.9997475150751176
0.17031070195627157,1.0,0.9997459966601976
0.1714614499424626,1.0,0.9997449629896588
0.17261219792865362,1.0,0.9997204289536604
0.17376294591484465,1.0,0.9997203765910964
0.17491369390103567,1.0,0.999719904504084
0.1760644418872267,1.0,0.9997147414124952
0.17721518987341772,1.0,0.9997093882606976
0.17836593785960875,1.0,0.99970841729205
0.17951668584579977,1.0,0.9997000972344268
0.1806674338319908,1.0,0.9996969672512296
0.18181818181818182,1.0,0.9996967944199242
0.18296892980437285,1.0,0.9996964100532532
0.18411967779056387,1.0,0.9996927085892487
0.1852704257767549,1.0,0.9996795456423638
0.18642117376294592,1.0,0.9996792765226556
0.18757192174913695,1.0,0.9996769469883844
0.18872266973532797,1.0,0.9996768173399196
0.189873417721519,1.0,0.9996753250987312
0.19102416570771003,1.0,0.9996668499515268
0.19217491369390102,1.0,0.9996556997435349
0.19332566168009205,1.0,0.99964560039064
0.19447640966628307,1.0,0.9996354848282424
0.1956271576524741,1.0,0.999599681456974
0.19677790563866512,1.0,0.999580244785161
0.19792865362485615,1.0,0.9995382507476894
0.19907940161104717,1.0,0.9995111482185844
0.2002301495972382,1.0,0.9995103334054648
0.20138089758342922,1.0,0.9995068754384197
0.20253164556962025,1.0,0.9994865474301348
0.20368239355581128,1.0,0.9994836568362016
0.2048331415420023,1.0,0.9994628481589186
0.20598388952819333,1.0,0.9994598151424496
0.20713463751438435,1.0,0.9994517968808307
0.20828538550057538,1.0,0.9994390943652854
0.2094361334867664,1.0,0.9994350200737118
0.21058688147295743,1.0,0.999429229946244
0.21173762945914845,1.0,0.9994184172884726
0.21288837744533948,1.0,0.9994049467213556
0.2140391254315305,1.0,0.9993862193719044
0.21518987341772153,1.0,0.9993675825897652
0.21634062140391255,1.0,0.9993314193915253
0.21749136939010358,1.0,0.9993254452011756
0.2186421173762946,1.0,0.9992990851815776
0.21979286536248563,1.0,0.9992797401371096
0.22094361334867663,1.0,0.999279125684609
0.22209436133486765,1.0,0.999277324773893
0.22324510932105868,1.0,0.9992395542761076
0.2243958573072497,1.0,0.9992312687331848
0.22554660529344073,1.0,0.999220742024544
0.22669735327963175,1.0,0.9992205684095792
0.22784810126582278,1.0,0.9992176631151616
0.2289988492520138,1.0,0.9992061706634512
0.23014959723820483,1.0,0.9991994370123566
0.23130034522439585,1.0,0.99918831793448
0.23245109321058688,1.0,0.9991832031238626
0.2336018411967779,1.0,0.9991425920805268
0.23475258918296893,1.0,0.9991338350949358
0.23590333716915995,1.0,0.999121791002282
0.23705408515535098,1.0,0.9990991733758008
0.238204833141542,1.0,0.9990652849073623
0.23935558112773303,1.0,0.9990598539457396
0.24050632911392406,1.0,0.9990540953212392
0.24165707710011508,1.0,0.9990143923672196
0.2428078250863061,1.0,0.998981366981372
0.24395857307249713,1.0,0.9989718991457024
0.24510932105868816,1.0,0.9989295869285336
0.24626006904487918,1.0,0.9989005345132604
0.2474108170310702,1.0,0.9988983824867164
0.24856156501726123,1.0,0.9988528706568096
0.24971231300345226,1.0,0.9988248321132314
0.2508630609896433,1.0,0.9988121179881244
0.2520138089758343,1.0,0.9988089741995688
0.25316455696202533,1.0,0.998788946324083
0.25431530494821636,1.0,0.9987754795203696
0.2554660529344074,1.0,0.9987642712110004
0.2566168009205984,1.0,0.9987612165377312
0.25776754890678943,1.0,0.9987585707065696
0.25891829689298046,1.0,0.9987245588845384
0.2600690448791715,1.0,0.9986737363803796
0.2612197928653625,1.0,0.9986647951694052
0.26237054085155354,1.0,0.9986294769419356
0.26352128883774456,1.0,0.9986286414691792
0.2646720368239356,1.0,0.9985762726991828
0.26582278481012656,1.0,0.9985732808521314
0.2669735327963176,1.0,0.9985682338383712
0.2681242807825086,1.0,0.9985589019655524
0.26927502876869963,1.0,0.9984805969207518
0.27042577675489066,1.0,0.9984602877755504
0.2715765247410817,1.0,0.998458348820705
0.2727272727272727,1.0,0.9984398957080524
0.27387802071346373,1.0,0.9984059673756942
0.27502876869965476,1.0,0.998399612225968
0.2761795166858458,1.0,0.9983981037963718
0.2773302646720368,1.0,0.9983945881486062
0.27848101265822783,1.0,0.9983652314551756
0.27963176064441886,1.0,0.9983607565603468
0.2807825086306099,1.0,0.998336391711863
0.2819332566168009,1.0,0.9983137709851684
0.28308400460299193,1.0,0.9983020334247756
0.28423475258918296,1.0,0.9982797718382522
0.285385500575374,1.0,0.9982743441130398
0.286536248561565,1.0,0.9981949323761076
0.28768699654775604,1.0,0.9981681355311915
0.28883774453394706,1.0,0.9981141133192468
0.2899884925201381,1.0,0.998077138241046
0.2911392405063291,1.0,0.9980746782403016
0.29228998849252014,1.0,0.9980371805227768
0.29344073647871116,1.0,0.9980094099235174
0.2945914844649022,1.0,0.9979664065707032
0.2957422324510932,1.0,0.9979601602580324
0.29689298043728424,1.0,0.9979600285196134
0.29804372842347526,1.0,0.997942251853969
0.2991944764096663,1.0,0.9979224210488896
0.3003452243958573,1.0,0.9978663246435462
0.30149597238204834,1.0,0.9978367303276768
0.30264672036823936,1.0,0.9978131331554358
0.3037974683544304,1.0,0.9977661390629232
0.3049482163406214,1.0,0.9977656659156018
0.30609896432681244,1.0,0.9976775766722208
0.30724971231300346,1.0,0.9976139437150652
0.3084004602991945,1.0,0.9975416971046656
0.3095512082853855,1.0,0.9975296214844004
0.31070195627157654,1.0,0.9975076399504952
0.31185270425776757,1.0,0.9974780128493304
0.3130034522439586,1.0,0.9974236856136204
0.3141542002301496,1.0,0.997421670446549
0.31530494821634064,1.0,0.9974068396592196
0.31645569620253167,1.0,0.9974044466768632
0.3176064441887227,1.0,0.9973890753828272
0.3187571921749137,1.0,0.9973687096587688
0.31990794016110474,1.0,0.9973529786875284
0.32105868814729577,1.0,0.9973392968953616
0.3222094361334868,1.0,0.9973030598959194
0.3233601841196778,1.0,0.9972982067235308
0.3245109321058688,1.0,0.9972806127599976
0.3256616800920598,1.0,0.9971850181981998
0.32681242807825084,1.0,0.9970874101709544
0.32796317606444186,1.0,0.9970583359871056
0.3291139240506329,1.0,0.9970182628690764
0.3302646720368239,1.0,0.996975659202351
0.33141542002301494,1.0,0.9969419689415728
0.33256616800920596,1.0,0.9969108979878732
0.333716915995397,1.0,0.9968940451376844
0.334867663981588,1.0,0.9968741403588148
0.33601841196777904,1.0,0.9968542289859716
0.33716915995397007,1.0,0.9967563537074888
0.3383199079401611,1.0,0.99671669974349
0.3394706559263521,1.0,0.996631857142441
0.34062140391254314,1.0,0.9966305660798754
0.34177215189873417,1.0,0.9965997117863624
0.3429228998849252,1.0,0.9965067935621946
0.3440736478711162,1.0,0.9964950544981448
0.34522439585730724,1.0,0.9964505296142364
0.34637514384349827,1.0,0.9964480455218891
0.3475258918296893,1.0,0.9964123270996632
0.3486766398158803,1.0,0.9963705646644734
0.34982738780207134,1.0,0.9963034130892936
0.35097813578826237,1.0,0.9962754925447146
0.3521288837744534,1.0,0.996266326929726
0.3532796317606444,1.0,0.9962577667679896
0.35443037974683544,1.0,0.9962522815186432
0.35558112773302647,1.0,0.9961931970572931
0.3567318757192175,1.0,0.9961774481851976
0.3578826237054085,1.0,0.9961700103897064
0.35903337169159955,1.0,0.996160972277335
0.36018411967779057,1.0,0.9961602576524542
0.3613348676639816,1.0,0.9961444457473726
0.3624856156501726,1.0,0.9961115345877968
0.36363636363636365,1.0,0.996068746459174
0.36478711162255467,1.0,0.9960560405225636
0.3659378596087457,1.0,0.995961826928706
0.3670886075949367,1.0,0.9959512610625192
0.36823935558112775,1.0,0.9959176924309472
0.3693901035673188,1.0,0.9958741206232232
0.3705408515535098,1.0,0.9958679964347704
0.3716915995397008,1.0,0.9958647518458632
0.37284234752589185,1.0,0.9958561426487132
0.3739930955120829,1.0,0.995847101383642
0.3751438434982739,1.0,0.9958416047722922
0.3762945914844649,1.0,0.9958248388480896
0.37744533947065595,1.0,0.9958078674637424
0.378596087456847,1.0,0.9957735448182664
0.379746835443038,1.0,0.9957723427635922
0.380897583429229,1.0,0.9956970358786864
0.38204833141542005,1.0,0.9956376813725069
0.383199079401611,1.0,0.9955569759434616
0.38434982738780205,1.0,0.9955124703147736
0.38550057537399307,1.0,0.9954869223599632
0.3866513233601841,1.0,0.9954649595826178
0.3878020713463751,1.0,0.9954589095921166
0.38895281933256615,1.0,0.9953746568935942
0.39010356731875717,1.0,0.9953546788830152
0.3912543153049482,1.0,0.9953447007082676
0.3924050632911392,1.0,0.995284026562798
0.39355581127733025,1.0,0.9952682601681608
0.3947065592635213,1.0,0.9952475976472224
0.3958573072497123,1.0,0.995235726251632
0.3970080552359033,1.0,0.995220602681256
0.39815880322209435,1.0,0.995087201113491
0.3993095512082854,1.0,0.9950337378042012
0.4004602991944764,1.0,0.995007664774026
0.4016110471806674,1.0,0.9949720631130384
0.40276179516685845,1.0,0.9949357184282556
0.4039125431530495,1.0,0.9949337629502648
0.4050632911392405,1.0,0.9949015901594348
0.4062140391254315,1.0,0.9948718407709324
0.40736478711162255,1.0,0.9948040115185788
0.4085155350978136,1.0,0.9947336769379423
0.4096662830840046,1.0,0.9947285814162172
0.4108170310701956,1.0,0.9947273906657312
0.41196777905638665,1.0,0.9946111311058272
0.4131185270425777,1.0,0.9945799681827792
0.4142692750287687,1.0,0.9945612694954143
0.4154200230149597,1.0,0.9945348271795612
0.41657077100115075,1.0,0.994532957896292
0.4177215189873418,1.0,0.9943694397030356
0.4188722669735328,1.0,0.994329594979378
0.42002301495972383,1.0,0.994305786853384
0.42117376294591485,1.0,0.994297787144472
0.4223245109321059,1.0,0.994269933635158
0.4234752589182969,1.0,0.9942541742388916
0.42462600690448793,1.0,0.9942137327719018
0.42577675489067895,1.0,0.994148408786287
0.42692750287687,1.0,0.994103382820471
0.428078250863061,1.0,0.9940364742424544
0.42922899884925203,1.0,0.9940271257266188
0.43037974683544306,1.0,0.9940219325344608
0.4315304948216341,1.0,0.99400260026944
0.4326812428078251,1.0,0.993947718053365
0.43383199079401613,1.0,0.9939436716701
0.43498273878020716,1.0,0.9939251100437144
0.4361334867663982,1.0,0.993923027693228
0.4372842347525892,1.0,0.9938739823784132
0.43843498273878023,1.0,0.9938506326775968
0.43958573072497126,1.0,0.9938276708315
0.4407364787111623,1.0,0.9938148692781978
0.44188722669735325,1.0,0.9938029476308978
0.4430379746835443,1.0,0.9937740640518186
0.4441887226697353,1.0,0.9937737805688708
0.44533947065592633,1.0,0.9937239442281716
0.44649021864211735,1.0,0.993710553430023
0.4476409666283084,1.0,0.993683368854732
0.4487917146144994,1.0,0.9936577212003864
0.44994246260069043,1.0,0.9936178241980164
0.45109321058688145,1.0,0.9936165177937176
0.4522439585730725,1.0,0.9935943527306952
0.4533947065592635,1.0,0.9935925200396084
0.45454545454545453,1.0,0.9935426400791348
0.45569620253164556,1.0,0.9935299762975294
0.4568469505178366,1.0,0.993506502006006
0.4579976985040276,1.0,0.99347713239239
0.45914844649021863,1.0,0.9934393941345072
0.46029919447640966,1.0,0.9934385759941496
0.4614499424626007,1.0,0.9934054451149604
0.4626006904487917,1.0,0.993397687111796
0.46375143843498273,1.0,0.9933658503013362
0.46490218642117376,1.0,0.9933388137108384
0.4660529344073648,1.0,0.9933033024556704
0.4672036823935558,1.0,0.993301819271784
0.46835443037974683,1.0,0.9932997238187768
0.46950517836593786,1.0,0.99324337052163
0.4706559263521289,1.0,0.9931876589303016
0.4718066743383199,1.0,0.993091335482624
0.47295742232451093,1.0,0.9930807940567924
0.47410817031070196,1.0,0.9929674181556084
0.475258918296893,1.0,0.992859044563708
0.476409666283084,1.0,0.9928227615508212
0.47756041426927504,1.0,0.9927700653091764
0.47871116225546606,1.0,0.9927572816451036
0.4798619102416571,1.0,0.9926536680195198
0.4810126582278481,1.0,0.9926113720534095
0.48216340621403914,1.0,0.9925959836255543
0.48331415420023016,1.0,0.9925946056046422
0.4844649021864212,1.0,0.9925213182624648
0.4856156501726122,1.0,0.9925111129326554
0.48676639815880324,1.0,0.9924572409841846
0.48791714614499426,1.0,0.992389356053548
0.4890678941311853,1.0,0.9922255311555012
0.4902186421173763,1.0,0.9921446778284516
0.49136939010356734,1.0,0.992114478712216
0.49252013808975836,1.0,0.9920619242422896
0.4936708860759494,1.0,0.9920247001250708
0.4948216340621404,1.0,0.9918398708698888
0.49597238204833144,1.0,0.9918336724835574
0.49712313003452246,1.0,0.9918242865368938
0.4982738780207135,1.0,0.9916080957956782
0.4994246260069045,1.0,0.9915877884997484
0.5005753739930955,1.0,0.9915800297050896
0.5017261219792866,1.0,0.9914721564608188
0.5028768699654775,1.0,0.9914684649903044
0.5040276179516686,1.0,0.9913994477663968
0.5051783659378596,1.0,0.9912889596617848
0.5063291139240507,1.0,0.9912218806387398
0.5074798619102416,1.0,0.9912145395410188
0.5086306098964327,1.0,0.9911631043951538
0.5097813578826237,1.0,0.9911539397067668
0.5109321058688148,1.0,0.9910884229430952
0.5120828538550057,1.0,0.9909346765464562
0.5132336018411968,1.0,0.9909275065884504
0.5143843498273878,1.0,0.9907950762673507
0.5155350978135789,1.0,0.990735096930216
0.5166858457997698,1.0,0.9904821459011368
0.5178365937859609,1.0,0.9903490487614026
0.5189873417721519,1.0,0.9903487322089444
0.520138089758343,1.0,0.9901979381435828
0.5212888377445339,1.0,0.9901719287943512
0.522439585730725,1.0,0.990152758235005
0.523590333716916,1.0,0.9901471849447372
0.5247410817031071,1.0,0.9901155934624528
0.525891829689298,1.0,0.990112790609645
0.5270425776754891,1.0,0.9900628071484254
0.5281933256616801,1.0,0.98986293431413
0.5293440736478712,1.0,0.989834041568748
0.5304948216340621,1.0,0.9897445911568804
0.5316455696202531,1.0,0.9897262898202658
0.5327963176064442,1.0,0.9897052369283416
0.5339470655926352,1.0,0.9896435338764478
0.5350978135788262,1.0,0.9896284597160966
0.5362485615650172,1.0,0.9896176008241472
0.5373993095512083,1.0,0.9893242565774912
0.5385500575373993,1.0,0.9893221428843604
0.5397008055235903,1.0,0.9892017674622368
0.5408515535097813,1.0,0.9891933748880336
0.5420023014959724,1.0,0.989181280655341
0.5431530494821634,1.0,0.9890460728497256
0.5443037974683544,1.0,0.9890085915877704
0.5454545454545454,1.0,0.9885744658527904
0.5466052934407365,1.0,0.9885501061556574
0.5477560414269275,1.0,0.9885375003916782
0.5489067894131185,1.0,0.9885258600736354
0.5500575373993095,1.0,0.9884646267358908
0.5512082853855006,1.0,0.9884367496435328
0.5523590333716916,1.0,0.9883376807506492
0.5535097813578826,1.0,0.9883071622991304
0.5546605293440736,1.0,0.988295681789392
0.5558112773302647,1.0,0.9880940404912004
0.5569620253164557,1.0,0.9878393202594928
0.5581127733026467,1.0,0.9877866969421714
0.5581127733026467,0.9979423868312757,0.9876880610523984
0.5592635212888377,0.997946611909651,0.98765661419267
0.5604142692750288,0.9979508196721312,0.987493587259352
0.5615650172612198,0.9979550102249489,0.9874924459204192
0.5627157652474108,0.9979591836734694,0.9873978754265106
0.5638665132336018,0.9979633401221996,0.987322489475786
0.5650172612197929,0.9979674796747967,0.9872307817839688
0.5661680092059839,0.9979716024340771,0.9871983758463584
0.567318757192175,0.9979757085020243,0.9871745941352954
0.5684695051783659,0.997979797979798,0.986941388227844
0.569620253164557,0.9979838709677419,0.9869329172780632
0.570771001150748,0.9979879275653923,0.986863587805756
0.571921749136939,0.9979919678714859,0.9867015861026286
0.57307249712313,0.9979959919839679,0.9866287268280908
0.5742232451093211,0.998,0.9865615680530936
0.5742232451093211,0.9960079840319361,0.9864304526529262
0.5753739930955121,0.9960159362549801,0.9863289017388988
0.5765247410817032,0.9960238568588469,0.986235311945992
0.5776754890678941,0.996031746031746,0.9862129635502772
0.5788262370540852,0.996039603960396,0.986115560787015
0.5799769850402762,0.9960474308300395,0.9860762875162846
0.5811277330264673,0.9960552268244576,0.985907552028061
0.5822784810126582,0.9960629921259843,0.9858701460342284
0.5834292289988493,0.9960707269155207,0.985818678678392
0.5845799769850403,0.996078431372549,0.9857428695692916
0.5857307249712314,0.9960861056751468,0.9856810988383802
0.5868814729574223,0.99609375,0.9855670415389016
0.5880322209436134,0.9961013645224172,0.9855159262254916
0.5891829689298044,0.9961089494163424,0.9854857552544328
0.5903337169159953,0.996116504854369,0.9854529319770196
0.5914844649021864,0.9961240310077519,0.9852539915822622
0.5926352128883774,0.9961315280464217,0.985139048328394
0.5937859608745685,0.9961389961389961,0.9850223622552872
0.5949367088607594,0.9961464354527938,0.985017078732022
0.5960874568469505,0.9961538461538462,0.9849002827202514
0.5972382048331415,0.9961612284069098,0.9848782506475308
0.5983889528193326,0.9961685823754789,0.984867557522702
0.5995397008055235,0.9961759082217974,0.984846805709037
0.6006904487917146,0.9961832061068703,0.9848423469790388
0.6018411967779056,0.9961904761904762,0.9844096246309576
0.6029919447640967,0.9961977186311787,0.9843433123536248
0.6029919447640967,0.9943074003795066,0.9843070461572904
0.6041426927502876,0.9943181818181818,0.9842587270151189
0.6052934407364787,0.994328922495274,0.9842352868916008
0.6064441887226697,0.9943396226415094,0.984203145791422
0.6075949367088608,0.9943502824858758,0.9838347878521028
0.6087456846950517,0.9943609022556391,0.983581902561836
0.6098964326812428,0.9943714821763602,0.9834988128975038
0.6110471806674338,0.9943820224719101,0.9834526923678883
0.6121979286536249,0.994392523364486,0.9833392246527268
0.6133486766398158,0.9944029850746269,0.9831404472480512
0.6144994246260069,0.994413407821229,0.983012941703908
0.6156501726121979,0.9944237918215614,0.982857860640382
0.616800920598389,0.9944341372912802,0.982856305578932
0.61795166858458,0.9944444444444445,0.982769779603539
0.619102416570771,0.9944547134935305,0.982690652513266
0.620253164556962,0.9944649446494465,0.9823618207744071
0.6214039125431531,0.994475138121547,0.9823418329119372
0.622554660529344,0.9944852941176471,0.982274389547589
0.6237054085155351,0.9944954128440368,0.9822152183413846
0.6248561565017261,0.9945054945054945,0.9821074099997013
0.6260069044879172,0.9945155393053017,0.9818374610786016
0.6260069044879172,0.9927007299270073,0.9817955127890788
0.6271576524741082,0.9927140255009107,0.9811343905318484
0.6283084004602992,0.9927272727272727,0.9810165762144748
0.6283084004602992,0.9909255898366606,0.9809681844665562
0.6294591484464902,0.9909420289855072,0.9808009044109552
0.6306098964326813,0.9909584086799277,0.9807259993050936
0.6317606444188723,0.9909747292418772,0.9806969801083462
0.6329113924050633,0.990990990990991,0.980689409592606
0.6329113924050633,0.9892086330935251,0.9804509386474288
0.6340621403912543,0.9892280071813285,0.980146104269956
0.6352128883774454,0.989247311827957,0.979978277922124
0.6363636363636364,0.9892665474060823,0.9795018984186804
0.6375143843498274,0.9892857142857143,0.9794147326866316
0.6375143843498274,0.9875222816399287,0.9793674306247676
0.6386651323360184,0.9875444839857651,0.979346221808038
0.6398158803222095,0.9875666074600356,0.979307915095254
0.6409666283084005,0.9875886524822695,0.9793078176740138
0.6421173762945915,0.9876106194690265,0.9793026243422416
0.6432681242807825,0.9876325088339223,0.9791241808066332
0.6444188722669736,0.9876543209876543,0.9786067777086892
0.6455696202531646,0.9876760563380281,0.9783865297577968
0.6455696202531646,0.9859402460456942,0.978264828383634
0.6467203682393556,0.9859649122807017,0.9782405797224244
0.6478711162255466,0.9859894921190894,0.9781438993642146
0.6478711162255466,0.9842657342657343,0.9779841354114422
0.6490218642117376,0.9842931937172775,0.9779032215543884
0.6501726121979287,0.9843205574912892,0.9769139521733784
0.6501726121979287,0.9826086956521739,0.9768959953219954
0.6513233601841196,0.9826388888888888,0.9766697741790634
0.6513233601841196,0.9809358752166378,0.9764614462986636
0.6524741081703107,0.9809688581314879,0.9763947750588698
0.6524741081703107,0.9792746113989638,0.9760594949543712
0.6536248561565017,0.9793103448275862,0.9755432418671424
0.6536248561565017,0.9776247848537005,0.9752667839722254
0.6547756041426928,0.9776632302405498,0.9752399812311712
0.6559263521288837,0.9777015437392796,0.975208209518549
0.6570771001150748,0.9777397260273972,0.9748347664312144
0.6582278481012658,0.9777777777777777,0.9748039560431524
0.6593785960874569,0.9778156996587031,0.9741498323013552
0.6605293440736478,0.9778534923339012,0.9737986222058872
0.6616800920598389,0.9778911564625851,0.9735477865817476
0.6628308400460299,0.9779286926994907,0.973489873590894
0.663981588032221,0.9779661016949153,0.9733944164510516
0.6651323360184119,0.9780033840947546,0.9732311151541406
0.666283084004603,0.9780405405405406,0.9729969659360584
0.667433831990794,0.9780775716694773,0.972719715039579
0.6685845799769851,0.9781144781144782,0.9724050160971892
0.6685845799769851,0.9764705882352941,0.9722409070077848
0.669735327963176,0.9765100671140939,0.9720945457667868
0.6708860759493671,0.9765494137353434,0.971254150924872
0.6720368239355581,0.9765886287625418,0.9712188058078204
0.6731875719217492,0.9766277128547579,0.9712064268206502
0.6743383199079401,0.9766666666666667,0.97119385268586
0.6754890678941312,0.9767054908485857,0.9711679555428616
0.6766398158803222,0.9767441860465116,0.9706268610284884
0.6777905638665133,0.9767827529021559,0.969802287678928
0.6777905638665133,0.9751655629139073,0.969442643576074
0.6789413118527042,0.9752066115702479,0.968890673824566
0.6800920598388953,0.9752475247524752,0.968449066825067
0.6812428078250863,0.9752883031301482,0.9683576294255404
0.6823935558112774,0.975328947368421,0.968221940422501
0.6823935558112774,0.9737274220032841,0.9679745189364304
0.6835443037974683,0.9737704918032787,0.9677985353578878
0.6846950517836594,0.9738134206219312,0.9672496875135848
0.6858457997698504,0.9738562091503268,0.9671308496625488
0.6869965477560415,0.9738988580750407,0.9670262652641076
0.6881472957422324,0.9739413680781759,0.966981550561559
0.6881472957422324,0.9723577235772358,0.9668025749609592
0.6892980437284235,0.9724025974025974,0.9666471617097586
0.6904487917146145,0.9724473257698542,0.9665692610639096
0.6915995397008056,0.9724919093851133,0.9661398224020455
0.6927502876869965,0.9725363489499192,0.9657930925161828
0.6939010356731876,0.9725806451612903,0.9657739577646248
0.6950517836593786,0.9726247987117552,0.9655805961637016
0.6950517836593786,0.9710610932475884,0.9651542744032034
0.6950517836593786,0.9695024077046549,0.965104352138778
0.6962025316455697,0.969551282051282,0.9650557218020384
0.6973532796317606,0.9696,0.9649719555117168
0.6985040276179517,0.9696485623003195,0.9647495411998478
0.6996547756041427,0.9696969696969697,0.964641363565
0.6996547756041427,0.9681528662420382,0.9643562353120364
0.7008055235903338,0.9682034976152624,0.9640210366037524
0.7008055235903338,0.9666666666666667,0.964014383795602
0.7019562715765247,0.9667194928684627,0.9639585562132876
0.7019562715765247,0.9651898734177216,0.9634746562467186
0.7019562715765247,0.9636650868878357,0.963314530801776
0.7019562715765247,0.9621451104100947,0.9630839806374928
0.7031070195627158,0.9622047244094488,0.9630828825707376
0.7042577675489068,0.9622641509433962,0.9630046892479616
0.7054085155350979,0.9623233908948194,0.9628286713832396
0.7065592635212888,0.9623824451410659,0.9626634728315768
0.7065592635212888,0.9608763693270735,0.9626154917317258
0.7065592635212888,0.959375,0.9625514917275134
0.7077100115074798,0.9594383775351014,0.9623248740121032
0.7088607594936709,0.9595015576323987,0.9619404259312792
0.7100115074798619,0.9595645412130638,0.9616716037394596
0.7100115074798619,0.9580745341614907,0.9612566453095964
0.7111622554660529,0.958139534883721,0.961139078472211
0.7123130034522439,0.958204334365325,0.9607472115964149
0.713463751438435,0.9582689335394127,0.9603262582620474
0.713463751438435,0.9567901234567902,0.960104249055903
0.713463751438435,0.9553158705701078,0.9590433853207332
0.713463751438435,0.9538461538461539,0.9590409531046172
0.714614499424626,0.9539170506912442,0.9587781234571834
0.714614499424626,0.9524539877300614,0.9584744396591393
0.715765247410817,0.9525267993874426,0.9583950528859876
0.716915995397008,0.9525993883792049,0.9583788268171008
0.7180667433831991,0.9526717557251908,0.9582479646702392
0.7192174913693901,0.9527439024390244,0.95820380206857
0.7203682393555811,0.9528158295281582,0.9580462163773348
0.7203682393555811,0.9513677811550152,0.9578389209555837
0.7215189873417721,0.9514415781487102,0.9577973340427184
0.7226697353279632,0.9515151515151515,0.9573352513811152
0.7238204833141542,0.9515885022692889,0.9573020337250736
0.7249712313003452,0.9516616314199395,0.956586113720057
0.7261219792865362,0.951734539969834,0.9565446296309064
0.7272727272727273,0.9518072289156626,0.9555362179864854
0.7284234752589183,0.9518796992481203,0.9550410985419828
0.7295742232451093,0.9519519519519519,0.9547510045515664
0.7307249712313003,0.952023988005997,0.9546107421274668
0.7318757192174914,0.9520958083832335,0.9544286760725564
0.7330264672036824,0.9521674140508222,0.953956306057905
0.7341772151898734,0.9522388059701492,0.953596131878104
0.7353279631760644,0.9523099850968704,0.9535653523115478
0.7353279631760644,0.9508928571428571,0.9535333762685776
0.7364787111622555,0.950965824665676,0.9534462685501084
0.7376294591484465,0.9510385756676558,0.953167156271946
0.7376294591484465,0.9496296296296296,0.9528915773816788
0.7387802071346375,0.9497041420118343,0.9522994548738762
0.7399309551208285,0.9497784342688331,0.9522808067376376
0.7410817031070196,0.9498525073746312,0.952095746379103
0.7422324510932106,0.9499263622974963,0.9520892090633736
0.7422324510932106,0.9485294117647058,0.9516425213303428
0.7433831990794016,0.9486049926578561,0.951630206309377
0.7445339470655926,0.9486803519061584,0.9512117353335924
0.7456846950517837,0.9487554904831625,0.9505589030769184
0.7456846950517837,0.9473684210526315,0.9498458461427204
0.7456846950517837,0.945985401459854,0.9491827027698572
0.7468354430379747,0.9460641399416909,0.9484246273226924
0.7479861910241657,0.9461426491994177,0.9476035778967948
0.7479861910241657,0.9447674418604651,0.9473244797650536
0.7479861910241657,0.9433962264150944,0.9468399996774104
0.7491369390103567,0.9434782608695652,0.9466539360218352
0.7502876869965478,0.9435600578871202,0.9461721040006784
0.7514384349827388,0.9436416184971098,0.946000867959511
0.7525891829689298,0.9437229437229437,0.9459753912040498
0.7537399309551208,0.9438040345821326,0.9458116038155212
0.7548906789413119,0.943884892086331,0.9448425139373422
0.7560414269275029,0.9439655172413793,0.944551255031798
0.757192174913694,0.9440459110473458,0.9442881863856964
0.7583429228998849,0.9441260744985673,0.9436108582328012
0.759493670886076,0.944206008583691,0.943467116435806
0.760644418872267,0.9442857142857143,0.9424750846663263
0.760644418872267,0.9429386590584878,0.941713608737803
0.760644418872267,0.9415954415954416,0.9415351494111666
0.761795166858458,0.9416785206258891,0.9414827151037044
0.762945914844649,0.9417613636363636,0.941164471120428
0.7640966628308401,0.9418439716312057,0.9397383942065708
0.7652474108170311,0.9419263456090652,0.9396721265329606
0.766398158803222,0.942008486562942,0.939606868595178
0.766398158803222,0.940677966101695,0.9392221913680736
0.766398158803222,0.9393511988716502,0.939147385168523
0.7675489067894131,0.9394366197183098,0.9389454559190508
0.7686996547756041,0.939521800281294,0.9384412767588286
0.7698504027617952,0.9396067415730337,0.9384254750085288
0.7710011507479861,0.9396914446002805,0.9383951387923952
0.7710011507479861,0.938375350140056,0.9382088222844704
0.7721518987341772,0.9384615384615385,0.938031655698394
0.7733026467203682,0.9385474860335196,0.9378537289161206
0.7733026467203682,0.9372384937238494,0.9374821593728824
0.7733026467203682,0.935933147632312,0.9367118579041244
0.7744533947065593,0.9360222531293463,0.9364369384070488
0.7744533947065593,0.9347222222222222,0.9362024837552358
0.7744533947065593,0.9334257975034674,0.9361839580699418
0.7744533947065593,0.9321329639889196,0.9359382828969534
0.7756041426927502,0.9322268326417704,0.9357302281566486
0.7767548906789413,0.9323204419889503,0.9357168674760136
0.7767548906789413,0.9310344827586207,0.934755042396714
0.7779056386651323,0.931129476584022,0.9343428132179172
0.7790563866513234,0.9312242090784044,0.934135111632743
0.7802071346375143,0.9313186813186813,0.9338470877796003
0.7813578826237054,0.9314128943758574,0.933801304326504
0.7825086306098964,0.9315068493150684,0.9336931753832436
0.7825086306098964,0.9302325581395349,0.9332451448421594
0.7836593785960875,0.930327868852459,0.932965550728336
0.7848101265822784,0.9304229195088677,0.932917385376824
0.7848101265822784,0.9291553133514986,0.932806559763768
0.7848101265822784,0.927891156462585,0.931462998545923
0.7859608745684695,0.9279891304347826,0.9311995245523352
0.7871116225546605,0.9280868385345997,0.9309692658832852
0.7871116225546605,0.926829268292683,0.9295411126295956
0.7871116225546605,0.925575101488498,0.9295333008803428
0.7882623705408516,0.9256756756756757,0.9294571818708588
0.7894131185270425,0.9257759784075573,0.9292446130948928
0.7894131185270425,0.9245283018867925,0.929228129676269
0.7894131185270425,0.9232839838492598,0.9289665835028004
0.7894131185270425,0.9220430107526881,0.9287919089081174
0.7905638665132336,0.9221476510067114,0.9287635157023012
0.7905638665132336,0.920911528150134,0.9287482947861369
0.7917146144994246,0.9210174029451138,0.9287024957893872
0.7928653624856157,0.9211229946524064,0.9280254684325904
0.7928653624856157,0.9198931909212283,0.9279811886144312
0.7940161104718066,0.92,0.9269589640129164
0.7951668584579977,0.9201065246338216,0.9267319097670246
0.7963176064441887,0.9202127659574468,0.9265225369596792
0.7963176064441887,0.9189907038512616,0.9261998072232476
0.7974683544303798,0.9190981432360743,0.9255391472857124
0.7974683544303798,0.9178807947019868,0.9251648917462428
0.7974683544303798,0.9166666666666666,0.9235610079284892
0.7974683544303798,0.9154557463672391,0.9234964260974626
0.7986191024165707,0.9155672823218998,0.922437747809848
0.7986191024165707,0.9143610013175231,0.9222641051137348
0.7997698504027618,0.9144736842105263,0.922223994594725
0.8009205983889528,0.9145860709592641,0.9219513428251828
0.8020713463751439,0.9146981627296588,0.9218153480814788
0.8032220943613348,0.9148099606815203,0.9217260334610952
0.8043728423475259,0.9149214659685864,0.9216454430300258
0.8055235903337169,0.9150326797385621,0.9203028843659538
0.806674338319908,0.9151436031331592,0.9188943524839416
0.807825086306099,0.9152542372881356,0.9184952064038352
0.807825086306099,0.9140625,0.9177299677717236
0.80897583429229,0.9141742522756827,0.9176213314007632
0.80897583429229,0.912987012987013,0.9166316399865968
0.80897583429229,0.9118028534370947,0.9165474950420214
0.810126582278481,0.9119170984455959,0.9162063830274408
0.8112773302646721,0.9120310478654593,0.91616845824801
0.8112773302646721,0.9108527131782945,0.9157006654998646
0.8112773302646721,0.9096774193548387,0.915635144366818
0.812428078250863,0.9097938144329897,0.9150292403961262
0.812428078250863,0.9086229086229086,0.9150042407838
0.8135788262370541,0.9087403598971723,0.914920153421996
0.8147295742232451,0.9088575096277278,0.9145580472924654
0.8147295742232451,0.9076923076923077,0.914051277257486
0.8158803222094362,0.9078104993597952,0.9136089115422724
0.8158803222094362,0.9066496163682864,0.9127359108935053
0.8158803222094362,0.9054916985951469,0.9125139517480098
0.8158803222094362,0.9043367346938775,0.912137800898392
0.8158803222094362,0.9031847133757962,0.9121108795396332
0.8170310701956272,0.9033078880407125,0.9118783968431432
0.8181818181818182,0.9034307496823379,0.911712274589202
0.8193325661680092,0.9035532994923858,0.911433811489148
0.8193325661680092,0.9024081115335868,0.911429461608604
0.8204833141542003,0.9025316455696203,0.9108368348851692
0.8216340621403913,0.9026548672566371,0.9107147571597504
0.8227848101265823,0.9027777777777778,0.9106562287473432
0.8239355581127733,0.9029003783102144,0.9098797216491302
0.8250863060989643,0.9030226700251889,0.9097882684375688
0.8250863060989643,0.9018867924528302,0.9096530316353042
0.8262370540851554,0.9020100502512562,0.9095902794505724
0.8262370540851554,0.9008782936010038,0.9093143085192416
0.8262370540851554,0.899749373433584,0.9079731317931566
0.8273878020713463,0.899874843554443,0.90773407615545
0.8273878020713463,0.89875,0.9077106427302905
0.8285385500575374,0.898876404494382,0.9065493468358672
0.8296892980437284,0.899002493765586,0.9064024725608738
0.8296892980437284,0.8978829389788294,0.9060548964904124
0.8308400460299195,0.8980099502487562,0.90601471761032
0.8308400460299195,0.8968944099378882,0.9052972555669702
0.8308400460299195,0.8957816377171216,0.9039366398218416
0.8319907940161104,0.895910780669145,0.90377866129121
0.8319907940161104,0.8948019801980198,0.903404412649863
0.8331415420023015,0.8949320148331273,0.902853694622
0.8342922899884925,0.8950617283950617,0.9026579029704312
0.8342922899884925,0.8939580764488286,0.9020997872175036
0.8354430379746836,0.8940886699507389,0.9020682953549308
0.8354430379746836,0.8929889298892989,0.9013007919581392
0.8365937859608745,0.8931203931203932,0.9011603474908074
0.8377445339470656,0.8932515337423312,0.9011193392982872
0.8377445339470656,0.8921568627450981,0.9010663388073477
0.8377445339470656,0.8910648714810282,0.9006052481916815
0.8388952819332566,0.89119804400978,0.9005984537265268
0.8400460299194477,0.8913308913308914,0.8999241265240652
0.8411967779056386,0.8914634146341464,0.8991014495924541
0.8423475258918297,0.8915956151035322,0.8989477275156764
0.8423475258918297,0.8905109489051095,0.8984966996875807
0.8434982738780207,0.8906439854191981,0.8979305758678274
0.8434982738780207,0.8895631067961165,0.8966126189873206
0.8446490218642118,0.8896969696969697,0.8965326331244989
0.8457997698504027,0.8898305084745762,0.8961359837365773
0.8457997698504027,0.8887545344619106,0.8956171832086758
0.8469505178365938,0.8888888888888888,0.895518658580037
0.8481012658227848,0.8890229191797346,0.8948680262271166
0.8481012658227848,0.8879518072289156,0.8948672924307713
0.8481012658227848,0.8868832731648616,0.8943536637289985
0.8492520138089759,0.8870192307692307,0.8941472490702873
0.8492520138089759,0.885954381752701,0.8940376819162522
0.8504027617951668,0.8860911270983214,0.8940006350438353
0.8515535097813579,0.8862275449101796,0.8935449071880475
0.8527042577675489,0.8863636363636364,0.8930590706925573
0.85385500575374,0.8864994026284349,0.8926569632978115
0.8550057537399309,0.8866348448687351,0.8925723383693819
0.856156501726122,0.8867699642431466,0.8923397887361485
0.857307249712313,0.8869047619047619,0.8920803816126337
0.8584579976985041,0.8870392390011891,0.8915230648923261
0.859608745684695,0.8871733966745843,0.8912816669630435
0.8607594936708861,0.8873072360616845,0.8910877406712369
0.8607594936708861,0.8862559241706162,0.8901017371326477
0.8619102416570771,0.8863905325443787,0.8896402722510212
0.8619102416570771,0.8853427895981087,0.8893345001625802
0.8619102416570771,0.8842975206611571,0.8888957258503861
0.8619102416570771,0.8832547169811321,0.8888916609594644
0.8630609896432682,0.8833922261484098,0.8887670657168649
0.8630609896432682,0.8823529411764706,0.8884925390533411
0.8630609896432682,0.881316098707403,0.8883347743482298
0.8642117376294591,0.8814553990610329,0.8881794873595084
0.8653624856156502,0.8815943728018757,0.8876102975443819
0.8653624856156502,0.8805620608899297,0.8874094534298043
0.8665132336018412,0.8807017543859649,0.8871200694128699
0.8665132336018412,0.8796728971962616,0.8869548971432646
0.8665132336018412,0.8786464410735122,0.8869375597582307
0.8665132336018412,0.8776223776223776,0.8865991848296748
0.8665132336018412,0.8766006984866124,0.8864680205128931
0.8676639815880323,0.8767441860465116,0.8862163228473828
0.8676639815880323,0.875725900116144,0.8855879012043879
0.8676639815880323,0.8747099767981439,0.885225977280467
0.8676639815880323,0.8736964078794901,0.8846016919334706
0.8676639815880323,0.8726851851851852,0.884241249051263
0.8676639815880323,0.8716763005780347,0.8842054570040185
0.8676639815880323,0.8706697459584296,0.8836471368970639
0.8676639815880323,0.8696655132641292,0.8831300147316932
0.8676639815880323,0.868663594470046,0.881717073214342
0.8676639815880323,0.8676639815880323,0.8813890637266023
0.8676639815880323,0.8666666666666667,0.8812719408345547
0.8676639815880323,0.8656716417910447,0.8808530968896289
0.8676639815880323,0.8646788990825688,0.8807820554819744
0.8676639815880323,0.86368843069874,0.8800528529779632
0.8688147295742232,0.8638443935926774,0.88002432261115
0.8699654775604143,0.864,0.8797487511798601
0.8699654775604143,0.863013698630137,0.879566365606918
0.8699654775604143,0.8620296465222349,0.8795487605547163
0.8711162255466053,0.8621867881548975,0.8794761101690097
0.8711162255466053,0.8612059158134243,0.8791157286582203
0.8711162255466053,0.8602272727272727,0.8765265358824759
0.8711162255466053,0.8592508513053349,0.8764581558440689
0.8711162255466053,0.8582766439909297,0.8763688497426244
0.8711162255466053,0.8573046432616082,0.8762687042245936
0.8711162255466053,0.8563348416289592,0.8755355570375868
0.8722669735327964,0.8564971751412429,0.8752169544512691
0.8734177215189873,0.8566591422121896,0.8751600657529734
0.8734177215189873,0.8556933483652762,0.8750513743222267
0.8734177215189873,0.8547297297297297,0.8744465755851857
0.8745684695051784,0.8548931383577053,0.8741278633272219
0.8745684695051784,0.8539325842696629,0.8741096463431791
0.8745684695051784,0.8529741863075196,0.8737223717910603
0.8745684695051784,0.852017937219731,0.8728509382614605
0.8745684695051784,0.851063829787234,0.8723319380660872
0.8745684695051784,0.8501118568232662,0.8722540396917706
0.8745684695051784,0.8491620111731844,0.8721480233444169
0.8745684695051784,0.8482142857142857,0.8713560353528176
0.8745684695051784,0.8472686733556298,0.8708750934593475
0.8745684695051784,0.8463251670378619,0.8708116652892587
0.8745684695051784,0.8453837597330367,0.8704117590255893
0.8757192174913694,0.8455555555555555,0.870315724065003
0.8757192174913694,0.8446170921198668,0.8702958530961958
0.8757192174913694,0.843680709534368,0.8701312174904695
0.8757192174913694,0.8427464008859358,0.8701189180379887
0.8757192174913694,0.8418141592920354,0.869949900857796
0.8757192174913694,0.8408839779005525,0.8697838558256475
0.8768699654775605,0.8410596026490066,0.8684123107888758
0.8768699654775605,0.8401323042998897,0.8683731639786667
0.8780207134637514,0.8403083700440529,0.8682470754325524
0.8791714614499425,0.8404840484048405,0.8678351236967489
0.8791714614499425,0.8395604395604396,0.8675947909473142
0.8803222094361335,0.8397365532381997,0.8667496967409493
0.8803222094361335,0.8388157894736842,0.8667080087040689
0.8803222094361335,0.8378970427163198,0.8663865844849798
0.8803222094361335,0.8369803063457331,0.8661605285270498
0.8803222094361335,0.8360655737704918,0.8654474075085153
0.8803222094361335,0.8351528384279476,0.864362551725993
0.8803222094361335,0.8342420937840785,0.8634591318662828
0.8803222094361335,0.8333333333333334,0.8622296445866545
0.8803222094361335,0.8324265505984766,0.8619947009931251
0.8814729574223246,0.8326086956521739,0.8613411547671368
0.8826237054085155,0.8327904451682954,0.8610042485558516
0.8826237054085155,0.8318872017353579,0.8604516525377488
0.8826237054085155,0.8309859154929577,0.8603860706006403
0.8826237054085155,0.8300865800865801,0.8598428556808979
0.8837744533947065,0.8302702702702702,0.8597603428400532
0.8837744533947065,0.8293736501079914,0.8595584672002751
0.8837744533947065,0.8284789644012945,0.8595290051656628
0.8837744533947065,0.8275862068965517,0.8594003620218027
0.8837744533947065,0.8266953713670614,0.8590753284965785
0.8837744533947065,0.8258064516129032,0.8586366105125792
0.8837744533947065,0.8249194414607949,0.8582006947514922
0.8849252013808976,0.825107296137339,0.8574889935321535
0.8849252013808976,0.8242229367631297,0.8568831396633366
0.8849252013808976,0.8233404710920771,0.8566789330701882
0.8860759493670886,0.8235294117647058,0.8566425595365219
0.8860759493670886,0.8226495726495726,0.8565632079208093
0.8860759493670886,0.8217716115261473,0.8565605294010484
0.8872266973532796,0.8219616204690832,0.855859109686932
0.8872266973532796,0.8210862619808307,0.855841574389301
0.8883774453394706,0.8212765957446808,0.8555374317301039
0.8883774453394706,0.820403825717322,0.854995500059496
0.8883774453394706,0.8195329087048833,0.854321957607492
0.8883774453394706,0.8186638388123012,0.8540915970881321
0.8895281933256617,0.8188559322033898,0.8540260319723216
0.8895281933256617,0.817989417989418,0.8536460218933092
0.8906789413118527,0.8181818181818182,0.8525112405436543
0.8906789413118527,0.8173178458289335,0.8516657413823433
0.8906789413118527,0.8164556962025317,0.8515527265486635
0.8906789413118527,0.815595363540569,0.8515433439476849
0.8906789413118527,0.8147368421052632,0.8513911410268282
0.8906789413118527,0.8138801261829653,0.8509849435511484
0.8906789413118527,0.8130252100840336,0.8507577164259362
0.8906789413118527,0.8121720881427072,0.8506339056267995
0.8906789413118527,0.8113207547169812,0.8504454624678459
0.8918296892980437,0.8115183246073299,0.8503569906174225
0.8929804372842347,0.8117154811715481,0.850066782753027
0.8941311852704258,0.8119122257053292,0.849936083263239
0.8941311852704258,0.8110647181628392,0.8492333350200181
0.8952819332566168,0.8112617309697602,0.8491938696185996
0.8952819332566168,0.8104166666666667,0.8491631568139741
0.8964326812428078,0.8106139438085328,0.8488412958671049
0.8975834292289988,0.8108108108108109,0.8485706294885762
0.8975834292289988,0.8099688473520249,0.8481458512267273
0.8975834292289988,0.8091286307053942,0.8480226440942524
0.8975834292289988,0.8082901554404145,0.8480086815322023
0.8975834292289988,0.8074534161490683,0.847853767408536
0.8987341772151899,0.8076525336091003,0.8476910223576043
0.8998849252013809,0.8078512396694215,0.8472308099693566
0.9010356731875719,0.8080495356037152,0.8471928320610006
0.9010356731875719,0.8072164948453608,0.8468451841071274
0.9010356731875719,0.8063851699279093,0.8467622253540762
0.9010356731875719,0.8055555555555556,0.8467374789853692
0.9021864211737629,0.8057553956834532,0.8459971908332055
0.903337169159954,0.8059548254620124,0.8455287998172586
0.903337169159954,0.8051282051282052,0.8455163227617266
0.904487917146145,0.805327868852459,0.8452572141419339
0.905638665132336,0.8055271238485159,0.8449427351614968
0.905638665132336,0.8047034764826176,0.8437369988872518
0.906789413118527,0.804902962206333,0.8428938888013414
0.906789413118527,0.8040816326530612,0.8426820187169307
0.9079401611047181,0.8042813455657493,0.8424798061910407
0.9079401611047181,0.8034623217922607,0.8423474760460282
0.9079401611047181,0.8026449643947101,0.8423464096591073
0.9079401611047181,0.801829268292683,0.8419776873723602
0.9079401611047181,0.8010152284263959,0.8419565047980746
0.9090909090909091,0.8012170385395537,0.8416234788977687
0.9090909090909091,0.8004052684903749,0.840727498936517
0.9102416570771001,0.8006072874493927,0.8401787066294487
0.9102416570771001,0.7997977755308392,0.8400062088202811
0.9102416570771001,0.798989898989899,0.8396888009351042
0.9102416570771001,0.798183652875883,0.8391821975636451
0.9113924050632911,0.7983870967741935,0.838881629433657
0.9113924050632911,0.797583081570997,0.8388487662184249
0.9125431530494822,0.7977867203219315,0.8376149955601744
0.9125431530494822,0.7969849246231155,0.8374756919312653
0.9125431530494822,0.7961847389558233,0.8367109464730086
0.9136939010356732,0.7963891675025075,0.8361142848342593
0.9148446490218642,0.7965931863727455,0.8358565654689606
0.9148446490218642,0.7957957957957958,0.8357599845851912
0.9148446490218642,0.795,0.8356796924531373
0.9159953970080552,0.7952047952047953,0.8356110782345525
0.9171461449942463,0.7954091816367266,0.8355819583624097
0.9171461449942463,0.7946161515453639,0.8354049856447924
0.9171461449942463,0.7938247011952191,0.8348710044952536
0.9171461449942463,0.7930348258706468,0.8343978566236608
0.9182968929804373,0.7932405566600398,0.8340479359497068
0.9182968929804373,0.7924528301886793,0.8336631291144724
0.9194476409666283,0.7926587301587301,0.8332875056271966
0.9194476409666283,0.7918731417244796,0.833275629689197
0.9194476409666283,0.7910891089108911,0.8332731252672035
0.9205983889528193,0.7912957467853611,0.8330815784435819
0.9205983889528193,0.7905138339920948,0.8329335263615639
0.9205983889528193,0.7897334649555775,0.8327723930231129
0.9205983889528193,0.7889546351084813,0.8313138047253048
0.9217491369390104,0.7891625615763547,0.8298808427133688
0.9217491369390104,0.7883858267716536,0.8297593507532578
0.9217491369390104,0.7876106194690266,0.8292707204068794
0.9217491369390104,0.7868369351669942,0.8290754433944563
0.9217491369390104,0.7860647693817469,0.8288316025905701
0.9217491369390104,0.7852941176470588,0.8288177343107285
0.9228998849252014,0.7855044074436827,0.8284359175708337
0.9228998849252014,0.7847358121330724,0.8280314056023732
0.9240506329113924,0.7849462365591398,0.8274616297472988
0.9240506329113924,0.7841796875,0.8273150025943661
0.9252013808975834,0.784390243902439,0.8270806362396975
0.9252013808975834,0.783625730994152,0.8265291577150626
0.9252013808975834,0.7828627069133398,0.8264368722172551
0.9252013808975834,0.7821011673151751,0.8260879362452844
0.9252013808975834,0.7813411078717201,0.8253793879081487
0.9252013808975834,0.7805825242718447,0.8251938198084929
0.9252013808975834,0.7798254122211445,0.825121215438031
0.9263521288837745,0.7800387596899225,0.8250898065219544
0.9263521288837745,0.7792836398838335,0.8250066060492525
0.9275028768699655,0.7794970986460348,0.8249357253023479
0.9275028768699655,0.778743961352657,0.8246727013216473
0.9275028768699655,0.777992277992278,0.8243778722495831
0.9286536248561565,0.7782063645130183,0.8241474629673113
0.9286536248561565,0.7774566473988439,0.8238423315987615
0.9298043728423475,0.7776708373435997,0.8234444003888494
0.9309551208285386,0.7778846153846154,0.8227669655606734
0.9321058688147296,0.7780979827089337,0.8226624524453521
0.9332566168009206,0.7783109404990403,0.8225559275816072
0.9332566168009206,0.7775647171620326,0.8224980132542885
0.9332566168009206,0.7768199233716475,0.8224543713892131
0.9332566168009206,0.7760765550239235,0.8218129357324451
0.9344073647871116,0.7762906309751434,0.8206469543084026
0.9355581127733027,0.7765042979942693,0.8206425116729263
0.9367088607594937,0.7767175572519084,0.8206008593729202
0.9378596087456847,0.776930409914204,0.819527085433221
0.9378596087456847,0.7761904761904762,0.8190084088453458
0.9378596087456847,0.7754519505233112,0.8183217069824706
0.9378596087456847,0.7747148288973384,0.8183075838429873
0.9378596087456847,0.7739791073124407,0.8181603898013757
0.9378596087456847,0.7732447817836812,0.817918646165303
0.9390103567318757,0.7734597156398104,0.8174303166505451
0.9390103567318757,0.7727272727272727,0.8170956115624239
0.9390103567318757,0.771996215704825,0.8170712278747215
0.9390103567318757,0.7712665406427222,0.8170114348892685
0.9401611047180668,0.7714825306893296,0.8166366581817223
0.9401611047180668,0.7707547169811321,0.8165803069476884
0.9401611047180668,0.7700282752120641,0.8161096565069657
0.9401611047180668,0.7693032015065914,0.8160254922320617
0.9401611047180668,0.768579492003763,0.8157221430869425
0.9413118527042578,0.768796992481203,0.8151234830116819
0.9424626006904487,0.7690140845070422,0.8149261762890257
0.9436133486766398,0.7692307692307693,0.8124922588698482
0.9436133486766398,0.7685098406747891,0.8123732386798457
0.9436133486766398,0.7677902621722846,0.8120624752465966
0.9447640966628308,0.7680074836295603,0.811958837192955
0.9447640966628308,0.7672897196261682,0.8108587853561331
0.9447640966628308,0.7665732959850607,0.8107755417565412
0.9459148446490219,0.7667910447761194,0.8107397019322872
0.9459148446490219,0.766076421248835,0.810641584625502
0.9459148446490219,0.7653631284916201,0.8100530791122009
0.9459148446490219,0.7646511627906977,0.809250377032203
0.9459148446490219,0.7639405204460966,0.8090803355524039
0.9459148446490219,0.7632311977715878,0.8089203619204872
0.9459148446490219,0.7625231910946196,0.8087238529749305
0.9459148446490219,0.7618164967562558,0.8081311503843213
0.9470655926352128,0.7620370370370371,0.8076742678992438
0.9470655926352128,0.7613320999074931,0.8075706132325413
0.9482163406214039,0.7615526802218114,0.8072855782193585
0.9482163406214039,0.7608494921514312,0.8062038954416073
0.9482163406214039,0.7601476014760148,0.8060430824667517
0.9482163406214039,0.759447004608295,0.8060417793526188
0.9493670886075949,0.7596685082872928,0.8057959359102739
0.950517836593786,0.7598896044158233,0.8057104918692407
0.950517836593786,0.7591911764705882,0.8049240926951025
0.950517836593786,0.758494031221304,0.8048236011088564
0.950517836593786,0.7577981651376147,0.8046043333636863
0.950517836593786,0.7571035747021082,0.8043989730971707
0.950517836593786,0.7564102564102564,0.8038319040005587
0.950517836593786,0.7557182067703568,0.8037447666700124
0.950517836593786,0.7550274223034735,0.802450610346792
0.950517836593786,0.754337899543379,0.8020011008219808
0.9516685845799769,0.7545620437956204,0.8014068191362705
0.9516685845799769,0.7538742023701003,0.8013938368599421
0.9516685845799769,0.7531876138433515,0.8011860393599052
0.9516685845799769,0.7525022747952684,0.8003902144821772
0.9516685845799769,0.7518181818181818,0.8002367188956458
0.9516685845799769,0.7511353315168029,0.8001680452170902
0.9516685845799769,0.7504537205081669,0.7999524116228861
0.9516685845799769,0.7497733454215775,0.7998284147283391
0.9516685845799769,0.7490942028985508,0.7996670189898109
0.9516685845799769,0.7484162895927602,0.7993862694890566
0.9516685845799769,0.7477396021699819,0.7992511111604282
0.9516685845799769,0.7470641373080398,0.7991653717425954
0.9516685845799769,0.7463898916967509,0.7989840012854944
0.9516685845799769,0.7457168620378719,0.7982319341905721
0.952819332566168,0.745945945945946,0.7978785508733861
0.952819332566168,0.7452745274527453,0.7970489586936922
0.952819332566168,0.7446043165467626,0.7963020973252503
0.952819332566168,0.7439353099730458,0.7954211315325499
0.953970080552359,0.744165170556553,0.795111120832475
0.953970080552359,0.7434977578475336,0.794686804865926
0.953970080552359,0.742831541218638,0.7946407483221336
0.953970080552359,0.7421665174574754,0.7945701453283455
0.953970080552359,0.7415026833631485,0.7939828368850903
0.953970080552359,0.7408400357462019,0.7929181976968982
0.953970080552359,0.7401785714285715,0.7929051397738675
0.953970080552359,0.7395182872435325,0.7925694810828384
0.953970080552359,0.7388591800356507,0.7922984073207945
0.953970080552359,0.7382012466607302,0.7917772740149096
0.953970080552359,0.7375444839857651,0.7916819608822137
0.953970080552359,0.7368888888888889,0.7915917101323738
0.953970080552359,0.7362344582593251,0.791320731835824
0.953970080552359,0.735581188997338,0.7912713763037691
0.953970080552359,0.7349290780141844,0.7912166579886493
0.9551208285385501,0.7351638618246236,0.7912002708197649
0.9551208285385501,0.7345132743362832,0.7910645848774609
0.9551208285385501,0.7338638373121131,0.7909143708285357
0.9551208285385501,0.7332155477031802,0.7908531846078111
0.9551208285385501,0.732568402471315,0.7906630775650427
0.9551208285385501,0.7319223985890653,0.7902053147043984
0.9551208285385501,0.7312775330396476,0.789192641567564
0.9551208285385501,0.7306338028169014,0.788959741598441
0.9551208285385501,0.7299912049252418,0.7888216429983745
0.9551208285385501,0.7293497363796133,0.7887178034389759
0.9551208285385501,0.7287093942054433,0.7884380659737117
0.9551208285385501,0.7280701754385965,0.7881830035204853
0.9551208285385501,0.7274320771253286,0.7878814817577884
0.9551208285385501,0.7267950963222417,0.7874677277573756
0.9551208285385501,0.726159230096238,0.7873897166548222
0.956271576524741,0.7263986013986014,0.7873358497988482
0.9574223245109321,0.7266375545851529,0.7868633521837405
0.9574223245109321,0.7260034904013961,0.7864912595721865
0.9574223245109321,0.7253705318221447,0.7864898421360659
0.9574223245109321,0.7247386759581882,0.7855377289830064
0.9574223245109321,0.7241079199303743,0.7854793853185589
0.9574223245109321,0.7234782608695652,0.7852202896049508
0.9574223245109321,0.7228496959165943,0.7850940253208346
0.9574223245109321,0.7222222222222222,0.7848275459547039
0.9574223245109321,0.7215958369470945,0.7845176825059504
0.9574223245109321,0.7209705372616985,0.7845062451449171
0.9574223245109321,0.7203463203463204,0.7843593979310268
0.9585730724971231,0.7205882352941176,0.7843378423533286
0.9585730724971231,0.7199654278305964,0.7841356135680658
0.9585730724971231,0.7193436960276338,0.7841300246771413
0.9585730724971231,0.7187230371009491,0.7839108442703198
0.9585730724971231,0.718103448275862,0.7835453417829706
0.9585730724971231,0.7174849267872524,0.7827575424821835
0.9585730724971231,0.7168674698795181,0.7824900005018616
0.9585730724971231,0.7162510748065348,0.7821158182944182
0.9597238204833142,0.7164948453608248,0.781720543050478
0.9597238204833142,0.7158798283261802,0.7813256547299413
0.9597238204833142,0.7152658662092625,0.7807781575747726
0.9597238204833142,0.7146529562982005,0.7804906535193473
0.9597238204833142,0.714041095890411,0.780369462237722
0.9608745684695051,0.7142857142857143,0.7801688999293136
0.9608745684695051,0.7136752136752137,0.7800160545375986
0.9620253164556962,0.7139197267292912,0.7789541248320491
0.9620253164556962,0.7133105802047781,0.7788781358839658
0.9620253164556962,0.7127024722932651,0.7784459200233081
0.9620253164556962,0.7120954003407155,0.7780998076762247
0.9620253164556962,0.7114893617021276,0.777930537004887
0.9620253164556962,0.7108843537414966,0.776732636823473
0.9620253164556962,0.7102803738317757,0.7761647412218688
0.9620253164556962,0.7096774193548387,0.7760801552880261
0.9631760644418872,0.7099236641221374,0.7760456824169281
0.9631760644418872,0.7093220338983051,0.7760252216333952
0.9631760644418872,0.7087214225232854,0.7760118058392612
0.9631760644418872,0.7081218274111675,0.775917777634029
0.9631760644418872,0.7075232459847844,0.775736311072296
0.9643268124280783,0.7077702702702703,0.7756938291620372
0.9643268124280783,0.7071729957805907,0.77554050652176
0.9643268124280783,0.7065767284991569,0.7751020507619585
0.9643268124280783,0.7059814658803707,0.7748453970827496
0.9643268124280783,0.7053872053872053,0.7748187600794733
0.9643268124280783,0.704793944491169,0.774768171252327
0.9643268124280783,0.704201680672269,0.7738022107486499
0.9643268124280783,0.7036104114189756,0.7732631549723313
0.9643268124280783,0.7030201342281879,0.7720357017863734
0.9654775604142692,0.7032690695725062,0.7718546288070322
0.9666283084004603,0.7035175879396985,0.7710178535807712
0.9666283084004603,0.702928870292887,0.7709173912930513
0.9666283084004603,0.7023411371237458,0.7706368625852376
0.9666283084004603,0.7017543859649122,0.7706063462176633
0.9666283084004603,0.7011686143572621,0.7705180041440702
0.9666283084004603,0.700583819849875,0.7700871794729447
0.9666283084004603,0.7,0.769853610690639
0.9666283084004603,0.6994171523730225,0.7698256407428831
0.9666283084004603,0.6988352745424293,0.7695053597542693
0.9666283084004603,0.6982543640897756,0.7692268682317551
0.9666283084004603,0.6976744186046512,0.7691968193569991
0.9666283084004603,0.6970954356846473,0.7687064599778785
0.9677790563866513,0.697346600331675,0.7678727919800067
0.9689298043728424,0.6975973487986744,0.7678471391880668
0.9700805523590333,0.6978476821192053,0.7676439333264681
0.9700805523590333,0.6972704714640199,0.7673834300710345
0.9700805523590333,0.6966942148760331,0.7670632575253626
0.9700805523590333,0.6961189099917423,0.766642449250781
0.9700805523590333,0.6955445544554455,0.7666171998280255
0.9700805523590333,0.6949711459192086,0.7660022919673624
0.9700805523590333,0.6943986820428336,0.7659558912416404
0.9700805523590333,0.6938271604938272,0.7658709963343597
0.9700805523590333,0.6932565789473685,0.7651313650619396
0.9700805523590333,0.6926869350862778,0.7648435118063581
0.9700805523590333,0.6921182266009852,0.7641945814905304
0.9700805523590333,0.6915504511894995,0.7641666471319479
0.9700805523590333,0.690983606557377,0.7639958726821015
0.9700805523590333,0.6904176904176904,0.7627388786255256
0.9700805523590333,0.6898527004909983,0.7627341782857179
0.9700805523590333,0.6892886345053147,0.7626600044011573
0.9700805523590333,0.6887254901960784,0.7623578140034792
0.9700805523590333,0.6881632653061225,0.7621467389753256
0.9700805523590333,0.6876019575856444,0.7614637911933378
0.9700805523590333,0.687041564792176,0.7613789530152779
0.9700805523590333,0.6864820846905537,0.7612385707144553
0.9700805523590333,0.6859235150528885,0.7606641299204143
0.9700805523590333,0.6853658536585366,0.7605370473547316
0.9700805523590333,0.6848090982940699,0.7603378712767125
0.9712313003452244,0.685064935064935,0.7599015565763062
0.9712313003452244,0.6845093268450932,0.758507131698739
0.9723820483314154,0.6847649918962723,0.7582373106775616
0.9735327963176065,0.6850202429149798,0.758112117413864
0.9735327963176065,0.6844660194174758,0.7577908857815036
0.9735327963176065,0.6839126919967664,0.7577848479271502
0.9746835443037974,0.684168012924071,0.7565927352352527
0.9746835443037974,0.6836158192090396,0.7561071164262009
0.9746835443037974,0.6830645161290323,0.7556452332366712
0.9746835443037974,0.6825141015310233,0.7555894119055744
0.9746835443037974,0.6819645732689211,0.7551649454201267
0.9746835443037974,0.6814159292035398,0.7551378494445485
0.9746835443037974,0.6808681672025724,0.7550699497251093
0.9746835443037974,0.6803212851405622,0.7548430264970557
0.9746835443037974,0.6797752808988764,0.7545470860342401
0.9746835443037974,0.6792301523656776,0.7544690926837898
0.9746835443037974,0.6786858974358975,0.7528297572309861
0.9746835443037974,0.678142514011209,0.7526306974680884
0.9746835443037974,0.6776,0.752559529650348
0.9746835443037974,0.6770583533173461,0.7524524743874903
0.9746835443037974,0.6765175718849841,0.7523723981812572
0.9746835443037974,0.6759776536312849,0.7522702582487262
0.9746835443037974,0.6754385964912281,0.7519888121334937
0.9746835443037974,0.6749003984063745,0.7515715781397797
0.9746835443037974,0.6743630573248408,0.7513092874997741
0.9746835443037974,0.6738265712012729,0.7507573957325754
0.9746835443037974,0.6732909379968204,0.7505064981377005
0.9746835443037974,0.6727561556791104,0.7498837685294784
0.9758342922899885,0.6730158730158731,0.7496434539232906
0.9758342922899885,0.6724821570182395,0.749472381958856
0.9758342922899885,0.6719492868462758,0.7493135173007578
0.9758342922899885,0.6714172604908947,0.7491661638149154
0.9769850402761795,0.6716772151898734,0.7486123095934422
0.9769850402761795,0.6711462450592885,0.748559621993562
0.9769850402761795,0.6706161137440758,0.7483500576665997
0.9769850402761795,0.67008681925809,0.7476858896667457
0.9769850402761795,0.669558359621451,0.7471854175057074
0.9769850402761795,0.6690307328605201,0.7469880989831026
0.9781357882623706,0.6692913385826772,0.7468672704087458
0.9781357882623706,0.6687647521636507,0.7463763227593597
0.9781357882623706,0.6682389937106918,0.7461894909527604
0.9792865362485615,0.6684996072270227,0.7451246785716027
0.9792865362485615,0.6679748822605965,0.7450131380694619
0.9792865362485615,0.6674509803921569,0.7443345166829474
0.9792865362485615,0.6669278996865203,0.744314918047814
0.9804372842347526,0.6671887235708692,0.7439580631322226
0.9804372842347526,0.6666666666666666,0.7439459540012318
0.9804372842347526,0.6661454261141517,0.7438681758518
0.9804372842347526,0.665625,0.7430039837279255
0.9804372842347526,0.6651053864168618,0.7427423787591042
0.9804372842347526,0.6645865834633385,0.7421399549338429
0.9804372842347526,0.6640685892439595,0.741303561843205
0.9804372842347526,0.6635514018691588,0.7406011796258178
0.9804372842347526,0.6630350194552529,0.7405277227662023
0.9804372842347526,0.6625194401244168,0.7402505635590211
0.9804372842347526,0.662004662004662,0.7402380008575837
0.9804372842347526,0.6614906832298136,0.7398478232414499
0.9804372842347526,0.660977501939488,0.7389097767863558
0.9804372842347526,0.6604651162790698,0.7389073659244121
0.9804372842347526,0.6599535243996901,0.7388848513995718
0.9804372842347526,0.6594427244582043,0.7387626462679657
0.9804372842347526,0.6589327146171694,0.7386785565634921
0.9815880322209436,0.6591962905718701,0.7380072477026609
0.9815880322209436,0.6586872586872586,0.7378052854322577
0.9815880322209436,0.658179012345679,0.7376719354565833
0.9815880322209436,0.6576715497301465,0.7375487354837057
0.9815880322209436,0.6571648690292758,0.737429737392769
0.9815880322209436,0.6566589684372595,0.7373842259959291
0.9815880322209436,0.6561538461538462,0.7369429973105135
0.9815880322209436,0.6556495003843198,0.7361577488159496
0.9815880322209436,0.6551459293394777,0.7352753066807853
0.9815880322209436,0.6546431312356101,0.735263832409369
0.9815880322209436,0.6541411042944786,0.7344093753279803
0.9815880322209436,0.653639846743295,0.7342953761609864
0.9815880322209436,0.6531393568147014,0.7341094498096015
0.9815880322209436,0.6526396327467483,0.7335397318843903
0.9815880322209436,0.6521406727828746,0.733506928776603
0.9815880322209436,0.6516424751718869,0.7332115883406307
0.9815880322209436,0.6511450381679389,0.7325717438847104
0.9815880322209436,0.6506483600305111,0.7319912806663457
0.9815880322209436,0.6501524390243902,0.7317449314808407
0.9815880322209436,0.6496572734196496,0.7315896710958684
0.9815880322209436,0.6491628614916286,0.7310388988052144
0.9815880322209436,0.6486692015209126,0.7309753056683687
0.9815880322209436,0.648176291793313,0.7306026384522177
0.9815880322209436,0.6476841305998481,0.730307336096163
0.9815880322209436,0.6471927162367223,0.7302930219064568
0.9815880322209436,0.6467020470053071,0.7301324794431768
0.9815880322209436,0.6462121212121212,0.7298003778405328
0.9815880322209436,0.6457229371688115,0.7296955417099805
0.9815880322209436,0.6452344931921331,0.7291682414343166
0.9827387802071347,0.6455026455026455,0.7291339805005657
0.9827387802071347,0.6450151057401813,0.7290859493872843
0.9827387802071347,0.6445283018867924,0.729080557034827
0.9827387802071347,0.6440422322775264,0.728729675635187
0.9827387802071347,0.6435568952524491,0.7283301274839884
0.9827387802071347,0.6430722891566265,0.7281259723824619
0.9827387802071347,0.6425884123401053,0.7274860933231995
0.9827387802071347,0.6421052631578947,0.727405402821786
0.9827387802071347,0.6416228399699474,0.7273802695719761
0.9827387802071347,0.6411411411411412,0.7272539966404982
0.9827387802071347,0.6406601650412603,0.7271434736991115
0.9827387802071347,0.6401799100449775,0.7262629713905688
0.9827387802071347,0.6397003745318353,0.7258304382783256
0.9838895281933256,0.6399700598802395,0.7258166852736013
0.9838895281933256,0.6394913986537023,0.7255872539789697
0.9838895281933256,0.6390134529147982,0.7255111301166661
0.9838895281933256,0.6385362210604929,0.7254212981992191
0.9838895281933256,0.6380597014925373,0.725245427901629
0.9838895281933256,0.6375838926174496,0.725086527747884
0.9838895281933256,0.6371087928464978,0.7250511287437676
0.9838895281933256,0.6366344005956813,0.724404210240993
0.9838895281933256,0.6361607142857143,0.7238894853097761
0.9850402761795167,0.6364312267657992,0.723853505717832
0.9850402761795167,0.6359583952451708,0.7230942073374442
0.9850402761795167,0.635486265775798,0.7228984228310975
0.9850402761795167,0.6350148367952523,0.7228335936693878
0.9850402761795167,0.6345441067457376,0.7227869046959989
0.9850402761795167,0.6340740740740741,0.7223731066254223
0.9850402761795167,0.6336047372316802,0.7221457891346368
0.9850402761795167,0.6331360946745562,0.7219586235660039
0.9850402761795167,0.6326681448632668,0.7218713227200726
0.9850402761795167,0.6322008862629247,0.7216405295149473
0.9850402761795167,0.6317343173431734,0.7216374374886378
0.9850402761795167,0.6312684365781711,0.7215828338042477
0.9861910241657077,0.6315401621223287,0.7215289662661296
0.9861910241657077,0.6310751104565537,0.7215170838176909
0.9861910241657077,0.6306107431935246,0.7214147131259644
0.9861910241657077,0.6301470588235294,0.7211713933678249
0.9861910241657077,0.6296840558412932,0.7207112304582134
0.9861910241657077,0.6292217327459618,0.7207109002370559
0.9861910241657077,0.6287600880410859,0.7206696368166322
0.9861910241657077,0.6282991202346041,0.720333739387041
0.9861910241657077,0.6278388278388278,0.7201362988681362
0.9861910241657077,0.6273792093704246,0.7196456157158271
0.9861910241657077,0.6269202633504023,0.7195442975110656
0.9861910241657077,0.6264619883040936,0.7194825668658353
0.9861910241657077,0.6260043827611396,0.7193845789561523
0.9861910241657077,0.6255474452554745,0.7193722827608778
0.9861910241657077,0.62509117432531,0.7188713263027734
0.9861910241657077,0.6246355685131195,0.718798121357649
0.9861910241657077,0.6241806263656228,0.7171883478049584
0.9861910241657077,0.62372634643377,0.71713488108482
0.9861910241657077,0.6232727272727273,0.7167290725691915
0.9861910241657077,0.6228197674418605,0.7166908142101832
0.9861910241657077,0.6223674655047204,0.7166221587139899
0.9861910241657077,0.6219158200290276,0.716322394779713
0.9861910241657077,0.621464829586657,0.7162593424658025
0.9861910241657077,0.6210144927536232,0.7161251845000648
0.9861910241657077,0.6205648081100652,0.7158189292978568
0.9861910241657077,0.6201157742402316,0.7156558756811867
0.9861910241657077,0.6196673897324656,0.7154157064132837
0.9861910241657077,0.6192196531791907,0.7153422638119338
0.9861910241657077,0.6187725631768953,0.715125744692425
0.9861910241657077,0.6183261183261183,0.7150443130268304
0.9861910241657077,0.6178803172314348,0.7148049272623902
0.9873417721518988,0.6181556195965417,0.7145502544887578
0.9873417721518988,0.6177105831533477,0.7144365983012988
0.9873417721518988,0.6172661870503597,0.7141587480048476
0.9873417721518988,0.616822429906542,0.713594413190401
0.9873417721518988,0.6163793103448276,0.7134973165871475
0.9873417721518988,0.6159368269921034,0.7129747352228815
0.9873417721518988,0.6154949784791965,0.7126917431441626
0.9873417721518988,0.6150537634408603,0.7126454281796469
0.9873417721518988,0.6146131805157593,0.7126183159705913
0.9873417721518988,0.6141732283464567,0.7125477514046912
0.9873417721518988,0.6137339055793991,0.7123723548321008
0.9873417721518988,0.6132952108649035,0.7122425222734308
0.9873417721518988,0.6128571428571429,0.7119211371614665
0.9873417721518988,0.6124197002141327,0.7115457339129552
0.9873417721518988,0.6119828815977175,0.711008004884751
0.9873417721518988,0.6115466856735566,0.7105346052550161
0.9873417721518988,0.6111111111111112,0.710336330016
0.9873417721518988,0.61067615658363,0.7102593809640418
0.9873417721518988,0.6102418207681366,0.7098459650564594
0.9873417721518988,0.6098081023454158,0.7094269450082334
0.9873417721518988,0.609375,0.709291726049635
0.9873417721518988,0.6089425124201562,0.7089078504292605
0.9873417721518988,0.6085106382978723,0.7088647296891508
0.9873417721518988,0.6080793763288448,0.70885028870077
0.9873417721518988,0.6076487252124646,0.7086407509619125
0.9873417721518988,0.6072186836518046,0.7085391578431426
0.9873417721518988,0.6067892503536068,0.708423050273544
0.9873417721518988,0.6063604240282685,0.708304423299145
0.9873417721518988,0.6059322033898306,0.7079966535179816
0.9873417721518988,0.6055045871559633,0.7079857976557586
0.9873417721518988,0.6050775740479548,0.7079801710735657
0.9873417721518988,0.6046511627906976,0.7079408685513164
0.9873417721518988,0.604225352112676,0.7075608109580727
0.9873417721518988,0.6038001407459536,0.7071572664093139
0.9873417721518988,0.6033755274261603,0.7069816551842207
0.9873417721518988,0.6029515108924807,0.7067042083684758
0.9873417721518988,0.6025280898876404,0.7059744745819186
0.9873417721518988,0.6021052631578947,0.7053307743463669
0.9873417721518988,0.6016830294530154,0.7050162963121044
0.9873417721518988,0.6012613875262789,0.7049737355167291
0.9873417721518988,0.6008403361344538,0.7048832323213484
0.9873417721518988,0.6004198740377886,0.7048255643401595
0.9873417721518988,0.6,0.704751781559992
0.9873417721518988,0.59958071278826,0.7046914664190452
0.9873417721518988,0.5991620111731844,0.7044304908528641
0.9873417721518988,0.5987438939288207,0.704248748764621
0.9873417721518988,0.5983263598326359,0.7040254967111641
0.9873417721518988,0.5979094076655053,0.7038735958461422
0.9873417721518988,0.5974930362116991,0.7038618449148177
0.9873417721518988,0.5970772442588727,0.7037164779098977
0.9873417721518988,0.5966620305980529,0.7036117895851827
0.9873417721518988,0.5962473940236275,0.7035876880964479
0.9873417721518988,0.5958333333333333,0.7035143627073117
0.9873417721518988,0.5954198473282443,0.7034789316801234
0.9873417721518988,0.59500693481276,0.7034380097954003
0.9873417721518988,0.5945945945945946,0.7031104827008212
0.9873417721518988,0.5941828254847645,0.7029677133866357
0.9873417721518988,0.5937716262975778,0.7026454246123165
0.9873417721518988,0.5933609958506224,0.7025942147041656
0.9873417721518988,0.5929509329647547,0.7023923800566172
0.9873417721518988,0.5925414364640884,0.7022030969590265
0.9873417721518988,0.5921325051759835,0.70215119243898
0.9873417721518988,0.5917241379310345,0.7021352751758265
0.9873417721518988,0.5913163335630599,0.7020437709718916
0.9873417721518988,0.5909090909090909,0.7020211349732356
0.9873417721518988,0.5905024088093599,0.7019279389545741
0.9873417721518988,0.5900962861072903,0.7017168980497821
0.9873417721518988,0.5896907216494846,0.7015817083375616
0.9873417721518988,0.5892857142857143,0.7015728125211865
0.9873417721518988,0.5888812628689087,0.7015410015006235
0.9873417721518988,0.588477366255144,0.7011489144174575
0.9873417721518988,0.5880740233036327,0.7010811956559777
0.9873417721518988,0.5876712328767123,0.7010603748365634
0.9873417721518988,0.5872689938398358,0.7009777033782444
0.9873417721518988,0.5868673050615595,0.7009571716774394
0.9873417721518988,0.5864661654135338,0.700640149885484
0.9873417721518988,0.5860655737704918,0.7006341032247829
0.9873417721518988,0.5856655290102389,0.7005688769708123
0.9873417721518988,0.5852660300136425,0.7005492188545596
0.9873417721518988,0.5848670756646217,0.7004603522365177
0.9873417721518988,0.5844686648501363,0.6997839752826064
0.9873417721518988,0.584070796460177,0.699639044076053
0.9873417721518988,0.5836734693877551,0.6996388490270021
0.9873417721518988,0.5832766825288919,0.6996328546260278
0.9873417721518988,0.5828804347826086,0.6993315033323506
0.9873417721518988,0.5824847250509165,0.6992897034988721
0.9873417721518988,0.582089552238806,0.6989671501917182
0.9873417721518988,0.5816949152542373,0.6988747414615668
0.9873417721518988,0.5813008130081301,0.698732402326051
0.9873417721518988,0.5809072444143534,0.6987299081696702
0.9873417721518988,0.5805142083897158,0.6981774969275706
0.9873417721518988,0.5801217038539553,0.6979396594509154
0.9873417721518988,0.5797297297297297,0.6975875037558429
0.9873417721518988,0.5793382849426063,0.6973027512564579
0.9873417721518988,0.5789473684210527,0.6972400915316641
0.9873417721518988,0.5785569790964261,0.697041212225835
0.9873417721518988,0.578167115902965,0.6967008401864783
0.9873417721518988,0.5777777777777777,0.6966269103818066
0.9873417721518988,0.5773889636608345,0.6965217038717331
0.9873417721518988,0.5770006724949562,0.6964722018528878
0.9873417721518988,0.5766129032258065,0.695566567024244
0.9873417721518988,0.5762256548018805,0.6953377066971504
0.9873417721518988,0.5758389261744966,0.6951675083808176
0.9873417721518988,0.5754527162977867,0.6951073244707744
0.9873417721518988,0.5750670241286864,0.694720426552567
0.9873417721518988,0.5746818486269256,0.6945073669353394
0.9873417721518988,0.5742971887550201,0.6944876534858554
0.9873417721518988,0.5739130434782609,0.6936088001893375
0.9873417721518988,0.5735294117647058,0.6934552232750198
0.9873417721518988,0.5731462925851704,0.6929976400764816
0.9873417721518988,0.5727636849132176,0.6927284342163245
0.9873417721518988,0.5723815877251501,0.6923825403386139
0.9884925201380897,0.5726666666666667,0.692098438105138
0.9884925201380897,0.5722851432378414,0.6918371968936131
0.9884925201380897,0.5719041278295606,0.6916162750482643
0.9884925201380897,0.571523619427811,0.6914451092252885
0.9884925201380897,0.5711436170212766,0.6912321340927831
0.9884925201380897,0.5707641196013289,0.6910551050552618
0.9884925201380897,0.5703851261620186,0.6909055448600284
0.9884925201380897,0.5700066357000664,0.6906632029493754
0.9884925201380897,0.5696286472148541,0.6906454033403181
0.9884925201380897,0.5692511597084162,0.6895390340025397
0.9884925201380897,0.5688741721854305,0.6894637262950747
0.9884925201380897,0.5684976836532097,0.689312796799707
0.9884925201380897,0.5681216931216931,0.6891446459210225
0.9884925201380897,0.5677461996034369,0.6890171690466051
0.9884925201380897,0.5673712021136064,0.6888125750272126
0.9884925201380897,0.566996699669967,0.6884399047524613
0.9884925201380897,0.566622691292876,0.6883607209452034
0.9884925201380897,0.5662491760052736,0.68810853463995
0.9884925201380897,0.5658761528326746,0.6881027407314841
0.9884925201380897,0.56550362080316,0.6877592409405905
0.9884925201380897,0.5651315789473684,0.6871097640647245
0.9884925201380897,0.5647600262984879,0.6869606755183079
0.9884925201380897,0.5643889618922471,0.6869567018554325
0.9884925201380897,0.5640183847669075,0.6868937667048998
0.9884925201380897,0.5636482939632546,0.6865646389122276
0.9884925201380897,0.5632786885245902,0.6865568675815749
0.9884925201380897,0.5629095674967235,0.6861757186906333
0.9884925201380897,0.5625409299279633,0.6861357218664567
0.9884925201380897,0.56217277486911,0.6859711759541834
0.9884925201380897,0.5618051013734467,0.6858492668229592
0.9884925201380897,0.561437908496732,0.6858211621279993
0.9884925201380897,0.5610711952971914,0.6851538093894389
0.9884925201380897,0.5607049608355091,0.6847503372781617
0.9884925201380897,0.5603392041748206,0.6846829936077595
0.9884925201380897,0.559973924380704,0.68409757565167
0.9884925201380897,0.5596091205211726,0.6837443455103397
0.9884925201380897,0.5592447916666666,0.6837293018739399
0.9884925201380897,0.5588809368900456,0.6834137340704387
0.9884925201380897,0.55851755526658,0.6832206081050465
0.9884925201380897,0.5581546458739441,0.683094850577431
0.9884925201380897,0.5577922077922078,0.6830590025396472
0.9884925201380897,0.5574302401038287,0.6828825806415146
0.9884925201380897,0.5570687418936446,0.6827165952305337
0.9884925201380897,0.5567077122488658,0.6825584403916222
0.9884925201380897,0.5563471502590673,0.6821478354628933
0.9884925201380897,0.5559870550161812,0.6817416696025276
0.9884925201380897,0.555627425614489,0.6815556914900511
0.9884925201380897,0.5552682611506141,0.6815417378691665
0.9884925201380897,0.5549095607235142,0.6813459135714526
0.9884925201380897,0.5545513234344739,0.6810567386856607
0.9884925201380897,0.5541935483870968,0.6810001124087717
0.9884925201380897,0.5538362346872985,0.680884119713414
0.9884925201380897,0.553479381443299,0.6802179519502354
0.9884925201380897,0.553122987765615,0.6801279465580474
0.9884925201380897,0.5527670527670527,0.6798983824359381
0.9884925201380897,0.5524115755627009,0.67968469657015
0.9884925201380897,0.5520565552699229,0.6796685214883331
0.9884925201380897,0.5517019910083494,0.6794452661006978
0.9884925201380897,0.5513478818998716,0.6792930971119835
0.9884925201380897,0.5509942270686338,0.6792129599465776
0.9884925201380897,0.5506410256410257,0.6792062787464748
0.9884925201380897,0.5502882767456758,0.6790078093217545
0.9884925201380897,0.5499359795134443,0.6789471665016148
0.9884925201380897,0.5495841330774153,0.6788485825117585
0.9884925201380897,0.5492327365728901,0.6785941445749921
0.9884925201380897,0.5488817891373802,0.6785746442709084
0.9884925201380897,0.5485312899106003,0.6783510756175092
0.9884925201380897,0.5481812380344607,0.6782070527622577
0.9884925201380897,0.5478316326530612,0.677834042433063
0.9884925201380897,0.5474824729126833,0.6777095710153676
0.9884925201380897,0.5471337579617834,0.6775733142028078
0.9884925201380897,0.5467854869509866,0.6771260429474616
0.9884925201380897,0.5464376590330788,0.6767056921602822
0.9884925201380897,0.5460902733630006,0.6766626005534556
0.9884925201380897,0.5457433290978398,0.6766553927500011
0.9884925201380897,0.5453968253968254,0.6765895629859204
0.9884925201380897,0.5450507614213198,0.6763373451817333
0.9884925201380897,0.544705136334813,0.6761089086148957
0.9884925201380897,0.5443599493029151,0.6759965281117686
0.9884925201380897,0.5440151994933502,0.6752984797858209
0.9884925201380897,0.5436708860759494,0.6751484503781763
0.9884925201380897,0.5433270082226439,0.6745584254669619
0.9884925201380897,0.5429835651074589,0.6744901959590107
0.9884925201380897,0.5426405559065066,0.6742534243510812
0.9884925201380897,0.5422979797979798,0.6741684298878537
0.9884925201380897,0.5419558359621451,0.6737949363461543
0.9884925201380897,0.5416141235813366,0.6737403098456105
0.9884925201380897,0.5412728418399496,0.6736424699598732
0.9884925201380897,0.5409319899244333,0.6735791542942109
0.9884925201380897,0.540591567023285,0.673466547204326
0.9884925201380897,0.540251572327044,0.6731523684179077
0.9884925201380897,0.5399120050282841,0.6730464285475813
0.9884925201380897,0.539572864321608,0.6726842665940723
0.9896432681242808,0.5398618957940992,0.6726276274512842
0.9896432681242808,0.5395232120451694,0.6717987372294894
0.9896432681242808,0.5391849529780565,0.6716196387499229
0.9896432681242808,0.5388471177944862,0.6715578540503331
0.9896432681242808,0.5385097056981841,0.6713810761508828
0.9896432681242808,0.5381727158948686,0.6713765372685474
0.9896432681242808,0.5378361475922452,0.6711659305826091
0.9896432681242808,0.5375,0.6709548743558549
0.9896432681242808,0.5371642723297939,0.6706667676789888
0.9896432681242808,0.5368289637952559,0.6705746735780411
0.9896432681242808,0.5364940736119775,0.6684787158892184
0.9896432681242808,0.5361596009975063,0.6684207641676976
0.9896432681242808,0.5358255451713395,0.6676555268597898
0.9896432681242808,0.5354919053549191,0.6675010749612047
0.9896432681242808,0.5351586807716241,0.6672580935670427
0.9896432681242808,0.5348258706467661,0.6672118551178559
0.9896432681242808,0.5344934742075823,0.6672046593564653
0.9896432681242808,0.5341614906832298,0.6670756657663685
0.9907940161104718,0.5344506517690876,0.667011811628651
0.9907940161104718,0.5341191066997518,0.6664637783269108
0.9907940161104718,0.5337879727216367,0.6659470138255997
0.9907940161104718,0.533457249070632,0.6657251126116799
0.9907940161104718,0.5331269349845201,0.6656946206791583
0.9907940161104718,0.5327970297029703,0.6655135464533088
0.9907940161104718,0.5324675324675324,0.6653723993127533
0.9907940161104718,0.5321384425216317,0.664461043771969
0.9907940161104718,0.531809759110562,0.6632869757103699
0.9907940161104718,0.5314814814814814,0.6630350197180599
0.9907940161104718,0.5311536088834053,0.6628530357554543
0.9907940161104718,0.530826140567201,0.662753643632593
0.9907940161104718,0.5304990757855823,0.6627021738055263
0.9907940161104718,0.5301724137931034,0.6626960102548564
0.9907940161104718,0.5298461538461539,0.6621333664527221
0.9907940161104718,0.5295202952029521,0.6621158251066174
0.9919447640966629,0.5298094652735095,0.6620944765705286
0.9919447640966629,0.5294840294840295,0.6615668098829864
0.9919447640966629,0.529158993247391,0.6610304642655008
0.9919447640966629,0.5288343558282208,0.660938960262305
0.9919447640966629,0.5285101164929491,0.6607296670985552
0.9919447640966629,0.5281862745098039,0.660129576083647
0.9919447640966629,0.5278628291488059,0.6598504369196783
0.9919447640966629,0.5275397796817626,0.6597815287989309
0.9919447640966629,0.527217125382263,0.6597177009266804
0.9919447640966629,0.5268948655256723,0.6594842215561292
0.9919447640966629,0.5265729993891265,0.6584353237797027
0.9919447640966629,0.5262515262515263,0.6579840653107276
0.9919447640966629,0.5259304453935326,0.6572709603154249
0.9919447640966629,0.525609756097561,0.6567064739160037
0.9919447640966629,0.5252894576477758,0.6564438231501154
0.9919447640966629,0.5249695493300852,0.6562836824940593
0.9919447640966629,0.5246500304321363,0.6552549562706746
0.9919447640966629,0.524330900243309,0.6552105046169412
0.9919447640966629,0.5240121580547112,0.6550589020481289
0.9919447640966629,0.5236938031591738,0.6549960724819902
0.9919447640966629,0.5233758348512447,0.6549646893040566
0.9919447640966629,0.5230582524271845,0.654566049229082
0.9919447640966629,0.5227410551849606,0.6542123238248151
0.9919447640966629,0.5224242424242425,0.6537771131673035
0.9919447640966629,0.5221078134463961,0.653326715125183
0.9919447640966629,0.5217917675544794,0.6530726873325806
0.9919447640966629,0.5214761040532365,0.6529447884657791
0.9919447640966629,0.5211608222490931,0.652664956867355
0.9919447640966629,0.5208459214501511,0.6526429799726917
0.9919447640966629,0.5205314009661836,0.6526037543399227
0.9919447640966629,0.52021726010863,0.6523903234816152
0.9919447640966629,0.5199034981905911,0.6523811462190869
0.9919447640966629,0.5195901145268234,0.6522688816830763
0.9919447640966629,0.519277108433735,0.6521645523110837
0.9919447640966629,0.5189644792293799,0.6521121671720691
0.9919447640966629,0.5186522262334536,0.6518867742352489
0.9919447640966629,0.5183403487672881,0.6518153806027888
0.9919447640966629,0.5180288461538461,0.6516630431328148
0.9919447640966629,0.5177177177177177,0.6514664766631213
0.9919447640966629,0.517406962785114,0.6514200504826413
0.9919447640966629,0.5170965806838632,0.6513773598742834
0.9919447640966629,0.5167865707434053,0.6513690975217399
0.9919447640966629,0.5164769322947873,0.6512202607422465
0.9919447640966629,0.5161676646706587,0.6510605442106411
0.9919447640966629,0.5158587672052664,0.6510488315685162
0.9930955120828538,0.5161483253588517,0.6510132682938814
0.9930955120828538,0.515839808726838,0.6509586436309184
0.9942462600690449,0.5161290322580645,0.6509493139305882
0.9942462600690449,0.5158208955223881,0.6508771643500894
0.9942462600690449,0.5155131264916468,0.6507348600102915
0.9942462600690449,0.5152057245080501,0.6506811213157964
0.9953970080552359,0.5154946364719905,0.6506401032084588
0.9953970080552359,0.5151876116736153,0.6504945080628161
0.9953970080552359,0.5148809523809523,0.6504649168138201
0.9953970080552359,0.5145746579417013,0.6500713818014824
0.9953970080552359,0.514268727705113,0.6499013815317282
0.9953970080552359,0.5139631610219846,0.6496279759472732
0.9953970080552359,0.5136579572446556,0.6495100655354442
0.9953970080552359,0.5133531157270029,0.649493344812675
0.9953970080552359,0.5130486358244365,0.6492660053797874
0.9953970080552359,0.5127445168938944,0.6487450944904826
0.9953970080552359,0.5124407582938388,0.6484080016900486
0.9953970080552359,0.5121373593842511,0.6480593437266814
0.9953970080552359,0.5118343195266272,0.6480348930098025
0.9953970080552359,0.511531638083974,0.647904218282909
0.9953970080552359,0.5112293144208038,0.6478222048906406
0.9953970080552359,0.5109273479031305,0.6477532039655629
0.9953970080552359,0.5106257378984652,0.6475341945112769
0.9953970080552359,0.5103244837758112,0.6473022528367202
0.9953970080552359,0.5100235849056604,0.6472908018278649
0.9953970080552359,0.5097230406599882,0.647110943125082
0.9953970080552359,0.5094228504122497,0.6470750615605596
0.9953970080552359,0.5091230135373749,0.6468981141418132
0.996547756041427,0.5094117647058823,0.6467782984840791
0.996547756041427,0.5091122868900647,0.6466327997790039
0.996547756041427,0.5088131609870741,0.6465734031272798
0.996547756041427,0.5085143863769818,0.6464378571295968
0.996547756041427,0.5082159624413145,0.646381624574236
0.996547756041427,0.5079178885630499,0.6459009470619662
0.996547756041427,0.5076201641266119,0.6458071446369827
0.996547756041427,0.5073227885178676,0.6457383350898875
0.996547756041427,0.5070257611241218,0.6457060821457777
0.996547756041427,0.5067290813341135,0.645599581093412
0.996547756041427,0.5064327485380117,0.6455973290736322
0.996547756041427,0.5061367621274109,0.6448286348772613
0.996547756041427,0.5058411214953271,0.6445894570383693
0.996547756041427,0.5055458260361938,0.6445603594116223
0.996547756041427,0.5052508751458576,0.6443939636996684
0.996547756041427,0.5049562682215744,0.6441211530549115
0.996547756041427,0.5046620046620046,0.6438545483985484
0.996547756041427,0.5043680838672102,0.643845759695516
0.996547756041427,0.5040745052386496,0.6438345805444161
0.996547756041427,0.5037812681791739,0.6438031366811423
0.996547756041427,0.5034883720930232,0.6437181336470383
0.996547756041427,0.5031958163858222,0.6437129148645728
0.996547756041427,0.502903600464576,0.6433671891858036
0.996547756041427,0.5026117237376668,0.6430319596367448
0.996547756041427,0.5023201856148491,0.6430135575789485
0.996547756041427,0.5020289855072464,0.643006572926347
0.996547756041427,0.5017381228273464,0.6427443717718855
0.996547756041427,0.5014475969889982,0.6425518184491195
0.996547756041427,0.5011574074074074,0.6424283904579501
0.996547756041427,0.5008675534991325,0.6424283763968822
0.996547756041427,0.500578034682081,0.6423125798276484
0.996547756041427,0.5002888503755055,0.6423027199276377
0.996547756041427,0.5,0.6422022194504814
0.996547756041427,0.4997114829774957,0.6421335362703146
0.996547756041427,0.4994232987312572,0.6419432442790511
0.996547756041427,0.49913544668587895,0.641848218487746
0.996547756041427,0.4988479262672811,0.6416682107849057
0.996547756041427,0.4985607369027058,0.6416379392585901
0.996547756041427,0.4982738780207135,0.6414899066170848
0.996547756041427,0.49798734905117886,0.6413524153427786
0.996547756041427,0.49770114942528737,0.6408065422006979
0.996547756041427,0.4974152785755313,0.6399301989257075
0.996547756041427,0.4971297359357061,0.6396794860050061
0.996547756041427,0.4968445209409065,0.6395306843290403
0.996547756041427,0.49655963302752293,0.6395024066925357
0.996547756041427,0.4962750716332378,0.6392453178657874
0.996547756041427,0.4959908361970218,0.6390554112294953
0.996547756041427,0.4957069261591299,0.6386204629433416
0.996547756041427,0.4954233409610984,0.6383081515525068
0.996547756041427,0.49514008004574045,0.6380836442836397
0.996547756041427,0.4948571428571429,0.6379747886344981
0.996547756041427,0.4945745288406625,0.6377379081738348
0.996547756041427,0.4942922374429224,0.637678677182943
0.996547756041427,0.4940102681118083,0.6376744657512643
0.996547756041427,0.49372862029646525,0.6376721489081346
0.996547756041427,0.49344729344729343,0.6374252283387334
0.996547756041427,0.49316628701594534,0.6371944000341296
0.996547756041427,0.4928856004553216,0.637136365644993
0.996547756041427,0.4926052332195677,0.6368587049980112
0.996547756041427,0.4923251847640705,0.6367007431216415
0.996547756041427,0.49204545454545456,0.6366627720524902
0.996547756041427,0.49176604202157864,0.6366209864444375
0.996547756041427,0.49148694665153236,0.636530486533694
0.996547756041427,0.49120816789563243,0.6355553408278051
0.996547756041427,0.4909297052154195,0.6355080793452113
0.996547756041427,0.4906515580736544,0.6349036731147353
0.996547756041427,0.49037372593431483,0.6340044939155081
0.996547756041427,0.490096208262592,0.633767213184444
0.996547756041427,0.48981900452488686,0.6337255463372994
0.996547756041427,0.4895421141888072,0.6335534796726392
0.996547756041427,0.48926553672316386,0.6332753419895226
0.996547756041427,0.48898927159796723,0.6331807629802513
0.996547756041427,0.4887133182844244,0.6329480758537595
0.996547756041427,0.4884376762549351,0.6328981369310793
0.996547756041427,0.4881623449830891,0.6327009590819496
0.996547756041427,0.48788732394366197,0.6324798510500628
0.996547756041427,0.48761261261261263,0.6324149092317091
0.996547756041427,0.48733821046707937,0.6323910107060893
0.996547756041427,0.4870641169853768,0.6322581224070899
0.996547756041427,0.4867903316469927,0.6321650324012713
0.996547756041427,0.48651685393258426,0.632094558562771
0.996547756041427,0.4862436833239753,0.6319993080434487
0.996547756041427,0.48597081930415265,0.6314364166062121
0.996547756041427,0.485698261357263,0.6310810693654902
0.996547756041427,0.4854260089686099,0.6309282742393777
0.996547756041427,0.48515406162464986,0.6307113907240958
0.996547756041427,0.48488241881298993,0.6307098918773993
0.996547756041427,0.4846110800223839,0.6303783013633969
0.996547756041427,0.4843400447427293,0.630223445973223
0.996547756041427,0.4840693124650643,0.630017915476185
0.996547756041427,0.48379888268156424,0.6298901396769284
0.996547756041427,0.4835287548855388,0.6298545124095752
0.996547756041427,0.48325892857142855,0.6297423280269498
0.996547756041427,0.482989403234802,0.6295353801092564
0.996547756041427,0.48272017837235226,0.6295163556668054
0.996547756041427,0.48245125348189416,0.6293270874755187
0.996547756041427,0.4821826280623608,0.6291604558235101
0.996547756041427,0.4819143016138008,0.6291506573611062
0.996547756041427,0.48164627363737483,0.6286264055923431
0.996547756041427,0.481378543635353,0.6285277571479728
0.996547756041427,0.4811111111111111,0.6282213564480349
0.996547756041427,0.4808439755691283,0.6280704711089882
0.996547756041427,0.48057713651498335,0.6279204391217665
0.996547756041427,0.4803105934553522,0.6278614071222339
0.996547756041427,0.48004434589800443,0.6275592494831241
0.996547756041427,0.47977839335180056,0.6275504854020185
0.996547756041427,0.4795127353266888,0.627352510624954
0.996547756041427,0.47924737133370227,0.626688105206837
0.996547756041427,0.47898230088495575,0.6265092553331919
0.996547756041427,0.4787175234936429,0.6265030183922747
0.996547756041427,0.47845303867403316,0.6263085011633114
0.996547756041427,0.4781888459414688,0.6259862623055714
0.996547756041427,0.47792494481236203,0.6256533177352936
0.996547756041427,0.47766133480419193,0.6256284446341713
0.996547756041427,0.47739801543550164,0.6252747936387679
0.996547756041427,0.47713498622589534,0.6247902791718991
0.996547756041427,0.47687224669603523,0.6247394683804567
0.996547756041427,0.47660979636763895,0.6246325085513532
0.996547756041427,0.47634763476347636,0.6245648796210496
0.996547756041427,0.4760857614073667,0.6245144161354399
0.996547756041427,0.4758241758241758,0.6243326290173253
0.996547756041427,0.4755628775398133,0.6241987927482485
0.996547756041427,0.47530186608122943,0.6239634471593722
0.996547756041427,0.4750411409764125,0.6239098412614109
0.996547756041427,0.47478070175438597,0.6238135756593929
0.996547756041427,0.4745205479452055,0.6234320743517667
0.996547756041427,0.47426067907995617,0.623111525055258
0.996547756041427,0.47400109469074986,0.623082906882562
0.996547756041427,0.4737417943107221,0.622938200339139
0.996547756041427,0.4734827774740295,0.6220696345873539
0.996547756041427,0.473224043715847,0.6217683734002214
0.996547756041427,0.4729655925723648,0.6213522961227526
0.996547756041427,0.47270742358078605,0.6211649847778623
0.996547756041427,0.4724495362793235,0.6211399748706016
0.996547756041427,0.4721919302071974,0.6211257027762319
0.996547756041427,0.4719346049046321,0.6211002952155261
0.996547756041427,0.47167755991285404,0.6210382382880387
0.996547756041427,0.4714207947740882,0.6209726181863566
0.996547756041427,0.47116430903155604,0.6209517209712356
0.996547756041427,0.47090810222947255,0.6207276767571527
0.996547756041427,0.4706521739130435,0.6207240718463926
0.996547756041427,0.4703965236284628,0.620697558983855
0.996547756041427,0.47014115092290987,0.620631286412254
0.996547756041427,0.4698860553445469,0.6205881350980196
0.996547756041427,0.46963123644251625,0.6205616029145851
0.996547756041427,0.4693766937669377,0.6205446358653258
0.996547756041427,0.46912242686890576,0.6203663698101595
0.996547756041427,0.4688684353004873,0.620315242758336
0.996547756041427,0.4686147186147186,0.6197427477030774
0.996547756041427,0.46836127636560304,0.6197153535326889
0.996547756041427,0.4681081081081081,0.6195122545723046
0.996547756041427,0.46785521339816316,0.6194032744631054
0.996547756041427,0.46760259179265656,0.6193518863046892
0.996547756041427,0.46735024284943333,0.6192878006486762
0.996547756041427,0.4670981661272923,0.6192424351669826
0.996547756041427,0.4668463611859838,0.6189235895905602
0.996547756041427,0.4665948275862069,0.6188678962279588
0.996547756041427,0.4663435648896069,0.6187660842499364
0.996547756041427,0.46609257265877285,0.6187590619160548
0.996547756041427,0.4658418504572351,0.6186987915520412
0.996547756041427,0.46559139784946235,0.6186922060908916
0.996547756041427,0.46534121440085974,0.6185871132951095
0.996547756041427,0.46509129967776586,0.6182240475515244
0.996547756041427,0.46484165324745036,0.6178827026391581
0.996547756041427,0.4645922746781116,0.6176229025825013
0.996547756041427,0.464343163538874,0.617468734757317
0.996547756041427,0.4640943193997856,0.6174443208039797
0.996547756041427,0.46384574183181576,0.6169888024982446
0.996547756041427,0.46359743040685225,0.6169271085242908
0.996547756041427,0.4633493846976993,0.6169234682511581
0.996547756041427,0.46310160427807484,0.6169173505079204
0.996547756041427,0.46285408872260825,0.6168305903826429
0.996547756041427,0.46260683760683763,0.6167481002887321
0.996547756041427,0.4623598505072077,0.6162725253914029
0.996547756041427,0.4621131270010672,0.6160497580289481
0.996547756041427,0.46186666666666665,0.6160139984487045
0.996547756041427,0.4616204690831556,0.6159281967080821
0.996547756041427,0.4613745338305807,0.6157147645355917
0.996547756041427,0.46112886048988283,0.6156851065500257
0.996547756041427,0.46088344864289515,0.6151565461244675
0.996547756041427,0.46063829787234045,0.6148644460751419
0.996547756041427,0.4603934077618288,0.6144674721409721
0.996547756041427,0.46014877789585545,0.6144157057966898
0.996547756041427,0.4599044078597982,0.614395892548102
0.996547756041427,0.4596602972399151,0.6143457592348447
0.996547756041427,0.45941644562334216,0.6143231128617619
0.996547756041427,0.4591728525980912,0.6142655597390605
0.996547756041427,0.4589295177530472,0.6142404852174328
0.996547756041427,0.4586864406779661,0.6142227060347416
0.996547756041427,0.45844362096347274,0.6140872027303309
0.996547756041427,0.4582010582010582,0.6140426622609496
0.996547756041427,0.4579587519830777,0.6139039153618725
0.996547756041427,0.45771670190274844,0.6134830825360299
0.996547756041427,0.4574749075541469,0.6134125201778023
0.996547756041427,0.457233368532207,0.6132912074614346
0.996547756041427,0.45699208443271766,0.6132367255876165
0.996547756041427,0.45675105485232065,0.6128876755038304
0.996547756041427,0.4565102793885082,0.6128307956321075
0.996547756041427,0.45626975763962063,0.6124412913195161
0.996547756041427,0.45602948920484465,0.6123621641904087
0.996547756041427,0.4557894736842105,0.612207814572021
0.996547756041427,0.45554971067859024,0.6120092737038245
0.996547756041427,0.45531019978969506,0.6118196938253995
0.996547756041427,0.4550709406200736,0.6113748153650972
0.996547756041427,0.45483193277310924,0.61128452052193
0.996547756041427,0.4545931758530184,0.611214202877581
0.996547756041427,0.45435466946484787,0.6105284749064038
0.996547756041427,0.454116413214473,0.6104497238867337
0.996547756041427,0.45387840670859536,0.6104151293996306
0.996547756041427,0.4536406495547407,0.6094059204700477
0.996547756041427,0.45340314136125653,0.6092506288201175
0.996547756041427,0.4531658817373103,0.6086732986351281
0.996547756041427,0.45292887029288703,0.6086124180921753
0.996547756041427,0.45269210663878723,0.608516674381235
0.996547756041427,0.45245559038662486,0.6080518044189063
0.996547756041427,0.45221932114882507,0.608028490509798
0.996547756041427,0.4519832985386221,0.608028243332048
0.996547756041427,0.45174752217005737,0.6076561620783388
0.996547756041427,0.45151199165797706,0.6070159926899428
0.996547756041427,0.4512767066180302,0.6066325173564506
0.996547756041427,0.4510416666666667,0.6065992663685223
0.996547756041427,0.45080687142113485,0.6064184090954639
0.996547756041427,0.4505723204994797,0.6063372836920993
0.996547756041427,0.4503380135205408,0.606128147690944
0.996547756041427,0.4501039501039501,0.6059792068179799
0.996547756041427,0.44987012987012986,0.6059502821122791
0.996547756041427,0.44963655244029077,0.6057675082792437
0.996547756041427,0.4494032174364297,0.6055796549159544
0.996547756041427,0.4491701244813278,0.6054077002807652
0.996547756041427,0.4489372731985485,0.6053671265161731
0.996547756041427,0.44870466321243524,0.6052464250673155
0.996547756041427,0.4484722941481098,0.6047327958318611
0.996547756041427,0.44824016563146996,0.6046736947416504
0.997698504027618,0.4485256078634247,0.6045313072115568
0.997698504027618,0.4482936918304033,0.6040313539292629
0.997698504027618,0.448062015503876,0.6039883143087287
0.997698504027618,0.4478305785123967,0.6038291394600176
0.997698504027618,0.4475993804852865,0.6037545338889573
0.997698504027618,0.4473684210526316,0.6037466580159179
0.997698504027618,0.44713769984528107,0.6035191535826226
0.997698504027618,0.4469072164948454,0.603441253984495
0.997698504027618,0.446676970633694,0.6032874355070184
0.997698504027618,0.44644696189495364,0.6032810369516807
0.997698504027618,0.4462171899125064,0.6029168631714795
0.997698504027618,0.44598765432098764,0.6028034562516525
0.997698504027618,0.44575835475578407,0.6027025330871415
0.997698504027618,0.44552929085303183,0.6025531266157774
0.997698504027618,0.4453004622496148,0.6025246399004464
0.997698504027618,0.4450718685831622,0.6023973849937194
0.997698504027618,0.4448435094920472,0.6022465332822399
0.997698504027618,0.44461538461538463,0.6022113643389698
0.997698504027618,0.4443874935930292,0.6018183097048316
0.997698504027618,0.44415983606557374,0.6012094976063962
0.997698504027618,0.44393241167434716,0.6006526230046132
0.997698504027618,0.4437052200614125,0.6002316581301106
0.997698504027618,0.4434782608695652,0.5999896572433685
0.997698504027618,0.4432515337423313,0.5997731628933135
0.997698504027618,0.4430250383239652,0.5997114525421108
0.997698504027618,0.4427987742594484,0.5997035312164203
0.997698504027618,0.442572741194487,0.5995268395366722
0.997698504027618,0.4423469387755102,0.5992509754082116
0.997698504027618,0.44212136664966856,0.5992089949810656
0.997698504027618,0.4418960244648318,0.5991782675894749
0.997698504027618,0.44167091186958735,0.5991356511363769
0.997698504027618,0.4414460285132383,0.5989832262297656
0.997698504027618,0.44122137404580153,0.5989167370818784
0.997698504027618,0.4409969481180061,0.5985946734424599
0.997698504027618,0.4407727503812913,0.5984795036459368
0.998849252013809,0.4410569105691057,0.5983939610770602
0.998849252013809,0.4408329101066531,0.5980359337738018
0.998849252013809,0.44060913705583754,0.59787186762381
0.998849252013809,0.44038559107052255,0.5977252620339819
0.998849252013809,0.44016227180527384,0.5975790901046432
0.998849252013809,0.43993917891535733,0.5973649718436363
0.998849252013809,0.4397163120567376,0.5972420506815518
0.998849252013809,0.43949367088607594,0.5972129155013637
0.998849252013809,0.4392712550607287,0.5971323475243354
0.998849252013809,0.43904906423874557,0.5970716759422181
0.998849252013809,0.43882709807886755,0.5969359305487434
0.998849252013809,0.4386053562405255,0.5968116915554488
0.998849252013809,0.4383838383838384,0.5967332898844507
0.998849252013809,0.4381625441696113,0.5966489917104537
0.998849252013809,0.437941473259334,0.5965878759477097
0.998849252013809,0.437720625315179,0.5961903606546448
0.998849252013809,0.4375,0.5960468214439406
0.998849252013809,0.43727959697733,0.595973776264487
0.998849252013809,0.43705941591137965,0.5959508189515558
0.998849252013809,0.43683945646703576,0.5958364073430563
0.998849252013809,0.43661971830985913,0.5958209207449856
0.998849252013809,0.43640020110608346,0.595761439136505
0.998849252013809,0.43618090452261304,0.5957388122266678
0.998849252013809,0.4359618282270216,0.5956088308091033
0.998849252013809,0.4357429718875502,0.5954026559433286
0.998849252013809,0.43552433517310585,0.5953172920113816
0.998849252013809,0.4353059177532598,0.5951569244561721
0.998849252013809,0.43508771929824563,0.5951077903122253
0.998849252013809,0.4348697394789579,0.5950928554045566
0.998849252013809,0.43465197796695043,0.5948231235090637
0.998849252013809,0.4344344344344344,0.5947363413678867
0.998849252013809,0.43421710855427714,0.594435125373954
0.998849252013809,0.434,0.5939907360511983
0.998849252013809,0.4337831084457771,0.5939680171894465
0.998849252013809,0.43356643356643354,0.5931834500036812
0.998849252013809,0.4333499750374438,0.5928140992216099
0.998849252013809,0.43313373253493015,0.5926415521052543
0.998849252013809,0.43291770573566085,0.5924690689872419
0.998849252013809,0.43270189431704886,0.5922734833101784
0.998849252013809,0.43248629795715,0.5921186501812203
0.998849252013809,0.43227091633466136,0.5911823709987445
0.998849252013809,0.43205574912891986,0.5911396751317773
0.998849252013809,0.4318407960199005,0.5908041604892907
0.998849252013809,0.4316260566882148,0.590795834220346
0.998849252013809,0.43141153081510936,0.5906698294165709
0.998849252013809,0.431197218082464,0.590645865483714
0.998849252013809,0.43098311817279045,0.5906341336959906
0.998849252013809,0.4307692307692308,0.5902737486974714
0.998849252013809,0.4305555555555556,0.5901850053129326
0.998849252013809,0.4303420922161626,0.5901021615923057
0.998849252013809,0.4301288404360753,0.5897328981677835
0.998849252013809,0.4299157999009411,0.5895541494746396
0.998849252013809,0.4297029702970297,0.5895135899308792
0.998849252013809,0.4294903513112321,0.5892624539220488
0.998849252013809,0.42927794263105834,0.5891890804353423
0.998849252013809,0.4290657439446367,0.5889612437606115
0.998849252013809,0.4288537549407115,0.5888032536726144
0.998849252013809,0.42864197530864195,0.5887268428468851
0.998849252013809,0.42843040473840077,0.5885007432512872
0.998849252013809,0.4282190429205723,0.5879966825285629
0.998849252013809,0.4280078895463511,0.5879156965689653
0.998849252013809,0.42779694430754067,0.5878223577033794
0.998849252013809,0.42758620689655175,0.5877569143146444
0.998849252013809,0.4273756770064008,0.5873947859954877
0.998849252013809,0.4271653543307087,0.5869729293502423
0.998849252013809,0.426955238563699,0.5868813845945741
0.998849252013809,0.42674532940019666,0.5868459001353186
0.998849252013809,0.42653562653562654,0.586724316530249
0.998849252013809,0.4263261296660118,0.5867158657838142
0.998849252013809,0.4261168384879725,0.5865141623123729
0.998849252013809,0.4259077526987242,0.5862878021777862
0.998849252013809,0.42569887199607653,0.5862236771945835
0.998849252013809,0.42549019607843136,0.5861969418699494
0.998849252013809,0.425281724644782,0.5860368597254909
0.998849252013809,0.4250734573947111,0.5857591712956934
0.998849252013809,0.42486539402838963,0.5857522085231818
0.998849252013809,0.4246575342465753,0.5857158972330742
0.998849252013809,0.42444987775061127,0.5855287047561482
0.998849252013809,0.42424242424242425,0.5852220839763197
0.998849252013809,0.4240351734245237,0.5851035284128523
0.998849252013809,0.423828125,0.5850048526096825
0.998849252013809,0.4236212786725232,0.5849431115572785
0.998849252013809,0.42341463414634145,0.5846867128849347
0.998849252013809,0.4232081911262799,0.5845235861542996
0.998849252013809,0.42300194931773877,0.5843848769005612
0.998849252013809,0.4227959084266926,0.5842365423574072
0.998849252013809,0.4225900681596884,0.584020894119253
0.998849252013809,0.42238442822384425,0.583970909277769
0.998849252013809,0.42217898832684825,0.5839541231824785
0.998849252013809,0.4219737481769567,0.5839436140356199
0.998849252013809,0.4217687074829932,0.5837537823119311
0.998849252013809,0.42156386595434675,0.583554478488175
0.998849252013809,0.42135922330097086,0.5834753802414406
0.998849252013809,0.42115477923338185,0.5832928638917789
0.998849252013809,0.4209505334626576,0.583283754946794
0.998849252013809,0.42074648570043627,0.583242395300614
0.998849252013809,0.42054263565891475,0.5831333574984989
0.998849252013809,0.42033898305084744,0.5830818335549479
0.998849252013809,0.42013552758954503,0.5827346765043134
0.998849252013809,0.41993226898887276,0.582644689611392
0.998849252013809,0.4197292069632495,0.5824502545499851
0.998849252013809,0.4195263412276462,0.5821096509954171
0.998849252013809,0.41932367149758454,0.5819966109032984
0.998849252013809,0.4191211974891357,0.5816693527105278
0.998849252013809,0.4189189189189189,0.5816666781988298
0.998849252013809,0.4187168355041003,0.5816334453409002
0.998849252013809,0.4185149469623915,0.5815042677887851
0.998849252013809,0.4183132530120482,0.5808554597855922
0.998849252013809,0.41811175337186895,0.5807514168659045
0.998849252013809,0.417910447761194,0.580660841212563
0.998849252013809,0.4177093358999038,0.5803699813120907
0.998849252013809,0.4175084175084175,0.5803476613733267
0.998849252013809,0.4173076923076923,0.5802822667549862
0.998849252013809,0.41710716001922155,0.5801918164635551
0.998849252013809,0.4169068203650336,0.5800166576627531
0.998849252013809,0.4167066730676908,0.5798287036964215
0.998849252013809,0.4165067178502879,0.579519340474027
0.998849252013809,0.4163069544364508,0.5793751069251817
0.998849252013809,0.4161073825503356,0.5788985803064325
0.998849252013809,0.41590800191662675,0.5784151284150616
0.998849252013809,0.4157088122605364,0.5783014736633165
0.998849252013809,0.4155098133078028,0.5782898564166316
0.998849252013809,0.415311004784689,0.5772957104578503
0.998849252013809,0.4151123864179818,0.5769851978857734
0.998849252013809,0.4149139579349904,0.5768831368765721
0.998849252013809,0.41471571906354515,0.5767400583969438
0.998849252013809,0.4145176695319962,0.5767217869323847
0.998849252013809,0.4143198090692124,0.5766691459001481
0.998849252013809,0.41412213740458015,0.5760659950323456
0.998849252013809,0.4139246542680019,0.5760503166771929
0.998849252013809,0.41372735938989513,0.5752764033105107
0.998849252013809,0.413530252501191,0.5747405622181845
0.998849252013809,0.41333333333333333,0.5743601298799327
0.998849252013809,0.41313660161827703,0.5739355023935457
0.998849252013809,0.41294005708848713,0.5738317888164501
0.998849252013809,0.41274369947693773,0.5738269535091555
0.998849252013809,0.41254752851711024,0.573740042434865
0.998849252013809,0.4123515439429929,0.5735700089295156
0.998849252013809,0.4121557454890788,0.5735254019697057
0.998849252013809,0.4119601328903654,0.5734703600953566
0.998849252013809,0.4117647058823529,0.5734525084600746
0.998849252013809,0.4115694642010431,0.5734250969912356
0.998849252013809,0.41137440758293836,0.573085835555362
0.998849252013809,0.41117953576504024,0.5730538436661751
0.998849252013809,0.4109848484848485,0.5730205442604541
0.998849252013809,0.4107903454803597,0.572613100205182
0.998849252013809,0.4105960264900662,0.5721629777768856
0.998849252013809,0.41040189125295506,0.571879959079735
0.998849252013809,0.4102079395085066,0.5716077245297694
0.998849252013809,0.41001417099669346,0.5711252021374998
0.998849252013809,0.4098205854579792,0.5704448390332977
0.998849252013809,0.4096271826333176,0.5704027372528879
0.998849252013809,0.40943396226415096,0.5703018860713859
0.998849252013809,0.40924092409240925,0.5702032651307886
0.998849252013809,0.40904806786050896,0.57014331495793
0.998849252013809,0.40885539331135184,0.5700702226771974
0.998849252013809,0.4086629001883239,0.5696208919345821
0.998849252013809,0.40847058823529414,0.5694722108994565
0.998849252013809,0.4082784571966134,0.5692245290217056
0.998849252013809,0.4080865068171133,0.5690808781504116
0.998849252013809,0.40789473684210525,0.5689005411438101
0.998849252013809,0.40770314701737903,0.568858564774134
0.998849252013809,0.40751173708920185,0.5686903749521341
0.998849252013809,0.4073205068043172,0.5686289605255822
0.998849252013809,0.4071294559099437,0.5685948012993542
0.998849252013809,0.40693858415377404,0.5685382609333383
0.998849252013809,0.40674789128397376,0.5685139836282935
0.998849252013809,0.4065573770491803,0.5684802043950556
0.998849252013809,0.40636704119850187,0.568373830021965
0.998849252013809,0.40617688348151615,0.5682711880408473
0.998849252013809,0.4059869036482694,0.5682413715928777
0.998849252013809,0.4057971014492754,0.5681861783502218
0.998849252013809,0.405607476635514,0.5681691635012857
0.998849252013809,0.40541802895843065,0.5681409895279289
0.998849252013809,0.40522875816993464,0.567468817200334
0.998849252013809,0.4050396640223985,0.5673651538048095
0.998849252013809,0.4048507462686567,0.5672421533402989
0.998849252013809,0.40466200466200464,0.5672118657526768
0.998849252013809,0.4044734389561976,0.5667896383024775
0.998849252013809,0.4042850489054495,0.5667006103975539
0.998849252013809,0.40409683426443205,0.5663838327493397
0.998849252013809,0.40390879478827363,0.5661858773285771
0.998849252013809,0.4037209302325581,0.5661286120558893
0.998849252013809,0.40353324035332405,0.5660752723429117
0.998849252013809,0.4033457249070632,0.5659949276251038
0.998849252013809,0.40315838365071993,0.5659181729251918
0.998849252013809,0.40297121634168986,0.5658976637318277
0.998849252013809,0.40278422273781905,0.5657867153254098
0.998849252013809,0.4025974025974026,0.5657718014511183
0.998849252013809,0.40241075567918405,0.5655197272161535
0.998849252013809,0.40222428174235403,0.5654519422700895
0.998849252013809,0.4020379805465493,0.5654180342925559
0.998849252013809,0.40185185185185185,0.5652381646817893
0.998849252013809,0.4016658954187876,0.5651491331296797
0.998849252013809,0.40148011100832565,0.5650567180224564
0.998849252013809,0.40129449838187703,0.5649510434479516
0.998849252013809,0.4011090573012939,0.5649377016889936
0.998849252013809,0.40092378752886837,0.5647640025712768
0.998849252013809,0.4007386888273315,0.5645600925869231
0.998849252013809,0.40055376095985235,0.5644406341544844
0.998849252013809,0.4003690036900369,0.5641249257200807
0.998849252013809,0.4001844167819272,0.5640417448621069
0.998849252013809,0.4,0.5640267287537811
0.998849252013809,0.3998157531091663,0.5637667428337604
0.998849252013809,0.3996316758747698,0.563479071844364
0.998849252013809,0.3994477680625863,0.5632109187278175
0.998849252013809,0.39926402943882244,0.563121924983233
0.998849252013809,0.3990804597701149,0.5630133239765984
0.998849252013809,0.39889705882352944,0.562813820489096
0.998849252013809,0.3987138263665595,0.5623007292314245
0.998849252013809,0.3985307621671258,0.5620676765404228
0.998849252013809,0.398347865993575,0.5619098091714931
0.998849252013809,0.3981651376146789,0.5615867083052114
0.998849252013809,0.39798257679963317,0.5614789061278986
0.998849252013809,0.39780018331805683,0.5614389241489163
0.998849252013809,0.39761795693999086,0.5613312492240513
0.998849252013809,0.3974358974358974,0.5612757807459186
0.998849252013809,0.39725400457665905,0.5612633525907752
0.998849252013809,0.3970722781335773,0.5607762699765467
0.998849252013809,0.3968907178783722,0.5607585773668136
0.998849252013809,0.396709323583181,0.5607210080228372
0.998849252013809,0.39652809502055736,0.56059038014461
0.998849252013809,0.3963470319634703,0.5603189338877038
0.998849252013809,0.3961661341853035,0.5601596675921181
0.998849252013809,0.395985401459854,0.5600774313922322
0.998849252013809,0.3958048335613315,0.5600293945247625
0.998849252013809,0.39562443026435734,0.5600139609960566
0.998849252013809,0.3954441913439636,0.5599990302413356
0.998849252013809,0.39526411657559196,0.5599864009924004
0.998849252013809,0.3950842057350933,0.5594755292814007
0.998849252013809,0.39490445859872614,0.5594365777414807
0.998849252013809,0.394724874943156,0.5589391150885933
0.998849252013809,0.39454545454545453,0.5588689126579491
0.998849252013809,0.39436619718309857,0.5588596003690228
0.998849252013809,0.3941871026339691,0.5584385892189752
0.998849252013809,0.3940081706763504,0.558297411590311
0.998849252013809,0.3938294010889292,0.5582088884150364
0.998849252013809,0.39365079365079364,0.5579643927569249
0.998849252013809,0.39347234814143245,0.5579072438733933
0.998849252013809,0.39329406434073405,0.5576370033502054
0.998849252013809,0.39311594202898553,0.5568354365864663
0.998849252013809,0.3929379809868719,0.5561641997248121
0.998849252013809,0.3927601809954751,0.5559310797943504
0.998849252013809,0.39258254183627317,0.5558574024832398
0.998849252013809,0.3924050632911392,0.5558083276703699
0.998849252013809,0.3922277451423407,0.5552990936665424
0.998849252013809,0.3920505871725384,0.5549301257827424
0.998849252013809,0.39187358916478554,0.5548970843921459
0.998849252013809,0.3916967509025271,0.554744438222718
0.998849252013809,0.39152007216959855,0.5544360487719519
0.998849252013809,0.3913435527502254,0.5541137141913683
0.998849252013809,0.3911671924290221,0.5540952906806935
0.998849252013809,0.390990990990991,0.553882068430324
0.998849252013809,0.39081494822152185,0.5538036588165886
0.998849252013809,0.39063906390639064,0.5537041553077181
0.998849252013809,0.3904633378317589,0.5536379626827732
0.998849252013809,0.3902877697841727,0.5531092497659362
0.998849252013809,0.3901123595505618,0.5529501364841096
0.998849252013809,0.389937106918239,0.5526418164652737
0.998849252013809,0.389762011674899,0.552430848304315
0.998849252013809,0.3895870736086176,0.5522261512189032
0.998849252013809,0.38941229250785103,0.5522118370000763
0.998849252013809,0.38923766816143496,0.551901806276758
0.998849252013809,0.3890632003585836,0.5517728774672017
0.998849252013809,0.3888888888888889,0.5516201992840466
0.998849252013809,0.3887147335423197,0.5514669095446518
0.998849252013809,0.38854073410922113,0.5514572872227376
0.998849252013809,0.3883668903803132,0.5514165721842994
0.998849252013809,0.3881932021466905,0.5513701377165666
0.998849252013809,0.38801966919982117,0.5513651977880362
0.998849252013809,0.387846291331546,0.5511843283391296
0.998849252013809,0.3876730683340777,0.5509725181441999
0.998849252013809,0.3875,0.5506558027715445
0.998849252013809,0.38732708612226685,0.5505564745927182
0.998849252013809,0.3871543264942016,0.5498351453171146
0.998849252013809,0.38698172090949623,0.5497201392024376
0.998849252013809,0.3868092691622103,0.5492948636488121
0.998849252013809,0.3866369710467706,0.5492347284162782
0.998849252013809,0.38646482635796975,0.5490780126326962
0.998849252013809,0.3862928348909657,0.5488088041220279
0.998849252013809,0.3861209964412811,0.5487646774183637
0.998849252013809,0.38594931080480216,0.5485497755345263
0.998849252013809,0.3857777777777778,0.5483836525845698
0.998849252013809,0.3856063971568192,0.548368718185006
0.998849252013809,0.38543516873889877,0.5483439757245206
0.998849252013809,0.38526409232134934,0.5481343840820123
0.998849252013809,0.38509316770186336,0.5480632297787377
0.998849252013809,0.38492239467849226,0.5479722669451148
0.998849252013809,0.38475177304964536,0.5479187240809773
0.998849252013809,0.3845813026140895,0.547829735519108
0.998849252013809,0.38441098317094774,0.5477268716013193
0.998849252013809,0.384240814519699,0.5477156141088271
0.998849252013809,0.384070796460177,0.5475863344543642
0.998849252013809,0.38390092879256965,0.5475532505213223
0.998849252013809,0.3837312113174182,0.5475416520939368
0.998849252013809,0.3835616438356164,0.5473064634791801
0.998849252013809,0.3833922261484099,0.5468546218094532
0.998849252013809,0.38322295805739515,0.5468388886457346
0.998849252013809,0.383053839364519,0.5467812513905016
0.998849252013809,0.38288486987207765,0.5464211460595741
0.998849252013809,0.38271604938271603,0.5462458814471113
0.998849252013809,0.38254737769942704,0.5461995192203868
0.998849252013809,0.38237885462555066,0.5455694671805225
0.998849252013809,0.38221047996477325,0.5454901311498093
0.998849252013809,0.38204225352112675,0.5452878859539513
0.998849252013809,0.38187417509898813,0.5451680203698057
0.998849252013809,0.3817062445030783,0.5450399221937214
0.998849252013809,0.38153846153846155,0.5450121326195925
0.998849252013809,0.38137082601054484,0.5444965015497971
0.998849252013809,0.38120333772507686,0.5442798038285933
0.998849252013809,0.3810359964881475,0.5437449754092101
0.998849252013809,0.3808688021061869,0.5436390391105013
0.998849252013809,0.38070175438596493,0.5433830528732312
0.998849252013809,0.38053485313459007,0.5430459618264274
0.998849252013809,0.3803680981595092,0.542959263315129
0.998849252013809,0.38020148926850633,0.5429352895362313
0.998849252013809,0.38003502626970226,0.5427632071630778
0.998849252013809,0.3798687089715536,0.5425401829371057
0.998849252013809,0.37970253718285213,0.5425013530639806
0.998849252013809,0.3795365107127241,0.5424193400136091
0.998849252013809,0.3793706293706294,0.5424055613843134
0.998849252013809,0.37920489296636084,0.542296891362964
0.998849252013809,0.37903930131004365,0.542158031095929
0.998849252013809,0.37887385421213443,0.5420930910699846
0.998849252013809,0.3787085514834206,0.5417565509260885
0.998849252013809,0.37854339293501965,0.5417550859498007
0.998849252013809,0.3783783783783784,0.5415928016480483
0.998849252013809,0.37821350762527234,0.5412059685235185
0.998849252013809,0.3780487804878049,0.5411785474063847
0.998849252013809,0.3778841967784066,0.5409866251840807
0.998849252013809,0.3777197563098346,0.5409546098325182
0.998849252013809,0.37755545889517184,0.5408635070914055
0.998849252013809,0.3773913043478261,0.5408339568144506
0.998849252013809,0.37722729248152975,0.5407703726236122
0.998849252013809,0.37706342311033886,0.5403500842261242
0.998849252013809,0.3768996960486322,0.5402446200230321
0.998849252013809,0.3767361111111111,0.5400061722057232
0.998849252013809,0.37657266811279827,0.5399463931090749
0.998849252013809,0.3764093668690373,0.5394894540736845
0.998849252013809,0.37624620719549196,0.5392840424894606
0.998849252013809,0.37608318890814557,0.539248522814717
0.998849252013809,0.37592031182330016,0.5391880847090363
0.998849252013809,0.37575757575757573,0.5391606293070896
0.998849252013809,0.37559498052791,0.5389126801076749
0.998849252013809,0.3754325259515571,0.5388270204435943
0.998849252013809,0.37527021184608733,0.5388177792690554
0.998849252013809,0.37510803802938636,0.5381473328005608
0.998849252013809,0.3749460043196544,0.5380531849407147
0.998849252013809,0.3747841105354059,0.5380472856740761
0.998849252013809,0.37462235649546827,0.5378792565544588
0.998849252013809,0.3744607420189819,0.5377892326210078
0.998849252013809,0.3742992669253989,0.5375636467020007
0.998849252013809,0.3741379310344828,0.5375497346225471
0.998849252013809,0.3739767341663076,0.53741012752905
0.998849252013809,0.37381567614125755,0.537037329465537
0.998849252013809,0.37365475678002585,0.5370318517131825
0.998849252013809,0.37349397590361444,0.5368844497520361
0.998849252013809,0.37333333333333335,0.5368355035826312
0.998849252013809,0.37317282889079967,0.5367071289578147
0.998849252013809,0.3730124623979373,0.5366993865627161
0.998849252013809,0.37285223367697595,0.5362058558336082
0.998849252013809,0.37269214255045086,0.5360752939778776
0.998849252013809,0.3725321888412017,0.5360543261956665
0.998849252013809,0.37237237237237236,0.5359849836479822
0.998849252013809,0.37221269296740994,0.5359204438445664
0.998849252013809,0.3720531504500643,0.5359151280640873
0.998849252013809,0.3718937446443873,0.5359115237384
0.998849252013809,0.3717344753747323,0.535858689149883
0.998849252013809,0.3715753424657534,0.5358126971634953
0.998849252013809,0.3714163457424048,0.5357961640811305
0.998849252013809,0.3712574850299401,0.5354651040652153
0.998849252013809,0.3710987601539119,0.535419848360616
0.998849252013809,0.37094017094017095,0.5352571788655333
0.998849252013809,0.37078171721486547,0.5352253724790178
0.998849252013809,0.3706233988044407,0.5350955378104015
0.998849252013809,0.37046521553563805,0.5350880398914548
0.998849252013809,0.3703071672354949,0.5350693700605187
0.998849252013809,0.3701492537313433,0.5346812143232444
0.998849252013809,0.3699914748508099,0.5346795335122094
0.998849252013809,0.36983383042181506,0.5346431176202043
0.998849252013809,0.3696763202725724,0.5345768468360675
0.998849252013809,0.36951894423158793,0.5344620517285862
0.998849252013809,0.36936170212765956,0.5344314233387971
0.998849252013809,0.36920459378987663,0.5342566432641387
0.998849252013809,0.36904761904761907,0.5342511096828955
0.998849252013809,0.36889077773055673,0.5342496067402837
0.998849252013809,0.36873406966864913,0.5341541042382484
0.998849252013809,0.36857749469214435,0.5338908167401586
0.998849252013809,0.3684210526315789,0.5337870645139109
0.998849252013809,0.3682647433177768,0.5337132863404541
0.998849252013809,0.36810856658184904,0.5335429193070977
0.998849252013809,0.36795252225519287,0.5335080160582807
0.998849252013809,0.3677966101694915,0.5333716797636129
0.998849252013809,0.3676408301567133,0.5332133979768784
0.998849252013809,0.3674851820491109,0.5331952431577136
0.998849252013809,0.3673296656792213,0.5327527051904823
0.998849252013809,0.36717428087986465,0.5325492028489309
0.998849252013809,0.3670190274841438,0.5325365268384167
0.998849252013809,0.3668639053254438,0.5325183012066602
0.998849252013809,0.36670891423743135,0.5322728351051896
0.998849252013809,0.36655405405405406,0.5321560656445308
0.998849252013809,0.3663993246095399,0.5321549156573212
0.998849252013809,0.3662447257383966,0.5321075921704129
0.998849252013809,0.3660902572754112,0.5320788587839931
0.998849252013809,0.36593591905564926,0.5319235962022641
0.998849252013809,0.36578171091445427,0.5318606474646643
0.998849252013809,0.36562763268744736,0.5317541663266696
0.998849252013809,0.36547368421052634,0.5316369051175656
0.998849252013809,0.3653198653198653,0.5315273027119116
0.998849252013809,0.3651661758519142,0.5314450133436877
0.998849252013809,0.3650126156433978,0.5313403767801144
0.998849252013809,0.36485918453131566,0.5312753202802244
0.998849252013809,0.36470588235294116,0.5311167283044708
0.998849252013809,0.3645527089458211,0.5309520786157282
0.998849252013809,0.36439966414777497,0.5308406282337984
0.998849252013809,0.36424674779689464,0.5305804127637999
0.998849252013809,0.3640939597315436,0.5305608586795352
0.998849252013809,0.3639412997903564,0.5303785674306187
0.998849252013809,0.36378876781223807,0.5301960816586082
0.998849252013809,0.36363636363636365,0.5298969383528102
0.998849252013809,0.36348408710217756,0.5298909702168938
0.998849252013809,0.36333193804939307,0.5296107819645246
0.998849252013809,0.3631799163179916,0.5295675536958858
0.998849252013809,0.3630280217482225,0.5295389614057943
0.998849252013809,0.362876254180602,0.5293241218671183
0.998849252013809,0.36272461345591306,0.5291622802016337
0.998849252013809,0.36257309941520466,0.5291544654956322
0.998849252013809,0.3624217118997912,0.5291057912115759
0.998849252013809,0.3622704507512521,0.5289381954518465
0.998849252013809,0.362119315811431,0.5289269964476504
0.998849252013809,0.36196830692243537,0.5288412536315072
0.998849252013809,0.3618174239266361,0.5288143985893321
0.998849252013809,0.3616666666666667,0.5287989075803784
0.998849252013809,0.36151603498542273,0.5286696983148034
0.998849252013809,0.3613655287260616,0.5286205710790423
0.998849252013809,0.36121514773200164,0.5284032015870628
0.998849252013809,0.3610648918469218,0.5282769951115741
0.998849252013809,0.36091476091476093,0.5282297515459159
0.998849252013809,0.36076475477971737,0.5280080312766157
0.998849252013809,0.3606148732862484,0.5279670257069252
0.998849252013809,0.36046511627906974,0.5279058837580012
0.998849252013809,0.36031548360315485,0.5278243156816074
0.998849252013809,0.36016597510373444,0.5276907310437865
0.998849252013809,0.36001659062629615,0.5275556921508835
0.998849252013809,0.3598673300165838,0.527549375880805
0.998849252013809,0.3597181931205968,0.5274157073843814
0.998849252013809,0.3595691797845899,0.527330493359491
0.998849252013809,0.35942028985507246,0.5271109790022933
0.998849252013809,0.35927152317880795,0.5270983574155071
0.998849252013809,0.3591228796028134,0.5270876515616135
0.998849252013809,0.358974358974359,0.5268633816535252
0.998849252013809,0.3588259611409673,0.5267276517023906
0.998849252013809,0.3586776859504132,0.5266154263792515
0.998849252013809,0.35852953325072284,0.5265905841103938
0.998849252013809,0.3583815028901734,0.5265735038045425
0.998849252013809,0.3582335947172926,0.5265601113201067
0.998849252013809,0.3580858085808581,0.5264708640140177
0.998849252013809,0.3579381443298969,0.5262425983278973
1.0,0.3582028029678483,0.5262181850977324
1.0,0.3580552121961269,0.5259024852783106
1.0,0.35790774299835254,0.5258777533948933
1.0,0.3577603952243722,0.5256258181561512
1.0,0.35761316872427984,0.5255255130597495
1.0,0.3574660633484163,0.5253850892198559
1.0,0.3573190789473684,0.5252950601448348
1.0,0.35717221537196875,0.5252808186457707
1.0,0.35702547247329497,0.5252262151353265
1.0,0.3568788501026694,0.5248539009277035
1.0,0.35673234811165844,0.5247629795226316
1.0,0.35658596635207224,0.524576016419897
1.0,0.3564397046759639,0.5243447499101362
1.0,0.35629356293562936,0.5241652345576218
1.0,0.35614754098360657,0.5241648732626306
1.0,0.35600163867267515,0.524018496265427
1.0,0.35585585585585583,0.523958870367403
1.0,0.35571019238641016,0.5235953009249166
1.0,0.3555646481178396,0.5233809311386147
1.0,0.3554192229038855,0.523304998785976
1.0,0.3552739165985282,0.5232350627459511
1.0,0.3551287290559869,0.523178074571679
1.0,0.35498366013071897,0.5230410293899571
1.0,0.3548387096774194,0.5226252533882121
1.0,0.3546938775510204,0.522608317842695
1.0,0.35454916360669114,0.522489374460618
1.0,0.35440456769983686,0.5222958292064873
1.0,0.3542600896860987,0.5218775270597313
1.0,0.3541157294213529,0.5218509937120863
1.0,0.3539714867617108,0.5216252900242179
1.0,0.3538273615635179,0.5212770514791123
1.0,0.3536833536833537,0.521267201891751
1.0,0.3535394629780309,0.52114319096539
1.0,0.35339568930459536,0.520884349258032
1.0,0.3532520325203252,0.5206050790285611
1.0,0.3531084924827306,0.5204561212467688
1.0,0.3529650690495532,0.5201797416369252
1.0,0.35282176207876575,0.5201539073328292
1.0,0.35267857142857145,0.520040278664503
1.0,0.35253549695740366,0.5199624470502349
1.0,0.3523925385239254,0.5198531049755811
1.0,0.35224969598702877,0.5197145410457856
1.0,0.3521069692058347,0.519711817660286
1.0,0.35196435803969217,0.5196455158992294
1.0,0.35182186234817814,0.5195024786338799
1.0,0.3516794819910967,0.5193577958029159
1.0,0.35153721682847894,0.5193497813464515
1.0,0.3513950667205823,0.5192222351021623
1.0,0.35125303152789006,0.5191890754775158
1.0,0.3511111111111111,0.5191498620771752
1.0,0.3509693053311793,0.5191235440821629
1.0,0.3508276140492531,0.5191217455674048
1.0,0.3506860371267151,0.518978971457068
1.0,0.35054457442517145,0.5183574660187594
1.0,0.3504032258064516,0.5183326982680747
1.0,0.3502619911326078,0.5179106225529969
1.0,0.3501208702659146,0.5178934801554061
1.0,0.3499798630688683,0.5178131155057721
1.0,0.3498389694041868,0.5175314381260058
1.0,0.3496981891348089,0.5173979673909843
1.0,0.3495575221238938,0.5173006029557045
1.0,0.34941696823482105,0.5172411686272752
1.0,0.3492765273311897,0.517075018170274
1.0,0.349136199276818,0.5168607575307463
1.0,0.348995983935743,0.5167396245672947
1.0,0.34885588117222,0.5166201774403165
1.0,0.3487158908507223,0.516576156965363
1.0,0.34857601283594064,0.5161355001931471
1.0,0.3484362469927827,0.5161078219106876
1.0,0.34829659318637274,0.5160864650070238
1.0,0.34815705128205127,0.515876265412118
1.0,0.34801762114537443,0.5158687319310408
1.0,0.34787830264211367,0.5158483165617368
1.0,0.3477390956382553,0.515816827137068
1.0,0.3476,0.5153206911112538
1.0,0.34746101559376247,0.5150872982102491
1.0,0.3473221422861711,0.515024989686451
1.0,0.3471833799440671,0.51502021938156
1.0,0.3470447284345048,0.5147240977113057
1.0,0.3469061876247505,0.5147132543352332
1.0,0.34676775738228255,0.5145955041615977
1.0,0.3466294375747906,0.5143704645780903
1.0,0.34649122807017546,0.5143693420277733
1.0,0.34635312873654844,0.5143498516715702
1.0,0.3462151394422311,0.5143460698026303
1.0,0.3460772600557547,0.5141520260666619
1.0,0.34593949044585987,0.51400115637887
1.0,0.3458018304814962,0.5139540409832677
1.0,0.3456642800318218,0.5138718014177883
1.0,0.3455268389662028,0.5135276071509786
1.0,0.345389507154213,0.5135216998144476
1.0,0.3452522844656337,0.5134990858608018
1.0,0.34511517077045273,0.5134446596833929
1.0,0.34497816593886466,0.5133771978802713
1.0,0.34484126984126984,0.5133082693269213
1.0,0.3447044823482745,0.5132995712091142
1.0,0.3445678033306899,0.5130869214249831
1.0,0.3444312326595323,0.5129796118195469
1.0,0.34429477020602217,0.5128816399901198
1.0,0.34415841584158413,0.5126811458339172
1.0,0.3440221694378464,0.5126507487661154
1.0,0.34388603086664027,0.5125773024380983
1.0,0.34375,0.5125604934691887
1.0,0.34361407671016214,0.5124622693512773
1.0,0.34347826086956523,0.5124284866299257
1.0,0.3433425523508495,0.5121088912740767
1.0,0.3432069510268562,0.512106067018256
1.0,0.3430714567706277,0.5120133332669682
1.0,0.34293606945540644,0.511513443160092
1.0,0.3428007889546351,0.5110685759409003
1.0,0.3426656151419558,0.511000652031065
1.0,0.34253054789121007,0.5107188707752306
1.0,0.34239558707643813,0.5105250922651244
1.0,0.34226073257187867,0.5102774718895775
1.0,0.3421259842519685,0.5101594711598347
1.0,0.341991341991342,0.5100197474739605
1.0,0.34185680566483084,0.5099483505701442
1.0,0.3417223751474636,0.5097545448981707
1.0,0.34158805031446543,0.5095557919103362
1.0,0.34145383104125737,0.5088226523797512
1.0,0.3413197172034564,0.5083807662822054
1.0,0.34118570867687475,0.5082440929874631
1.0,0.3410518053375196,0.508232623926229
1.0,0.34091800706159275,0.5081688918322781
1.0,0.3407843137254902,0.5080961853437432
1.0,0.34065072520580164,0.5078679888688425
1.0,0.34051724137931033,0.5077429026020834
1.0,0.34038386212299254,0.5075539875385229
1.0,0.34025058731401725,0.5075143328903459
1.0,0.3401174168297456,0.5074611927129485
1.0,0.33998435054773085,0.5074448180206975
1.0,0.33985138834571765,0.5071529283090429
1.0,0.3397185301016419,0.5070364242858864
1.0,0.3395857756936303,0.5069730638932275
1.0,0.339453125,0.5065144907060513
1.0,0.3393205778992581,0.5063636151798794
1.0,0.33918813427010147,0.5062316174177348
1.0,0.33905579399141633,0.50620446089355
1.0,0.3389235569422777,0.5060234408073983
1.0,0.3387914230019493,0.5058608886979271
1.0,0.3386593920498831,0.5057105720347775
1.0,0.33852746396571876,0.5056804226119915
1.0,0.3383956386292835,0.5053484820813554
1.0,0.3382639159205917,0.5049457667312414
1.0,0.3381322957198444,0.5047988690139447
1.0,0.338000777907429,0.504655249695443
1.0,0.3378693623639191,0.5046323581739767
1.0,0.33773804897007387,0.5046053558664466
1.0,0.33760683760683763,0.5046038712509511
1.0,0.3374757281553398,0.504557668480824
1.0,0.3373447204968944,0.5045064645698457
1.0,0.3372138145129996,0.5043900087763399
1.0,0.3370830100853375,0.5043637706742526
1.0,0.33695230709577356,0.5043634938465126
1.0,0.3368217054263566,0.504236034204242
1.0,0.3366912049593181,0.5040655953283714
1.0,0.336560805577072,0.5039029436896536
1.0,0.33643050716221445,0.5035240683770091
1.0,0.3363003095975232,0.5034815951243036
1.0,0.33617021276595743,0.5032701849741334
1.0,0.3360402165506574,0.5032640429971693
1.0,0.33591032083494393,0.5029742991961811
1.0,0.3357805255023184,0.5029709357306916
1.0,0.33565083043646193,0.5028648312471465
1.0,0.33552123552123553,0.5027662856495501
1.0,0.3353917406406793,0.5022847588275414
1.0,0.33526234567901236,0.5021848195709353
1.0,0.33513305052063247,0.5021732484275964
1.0,0.33500385505011565,0.5020558678912427
1.0,0.3348747591522158,0.5016978989251777
1.0,0.3347457627118644,0.5016731683149529
1.0,0.3346168656141702,0.5015943470705602
1.0,0.3344880677444188,0.5015928478507014
1.0,0.33435936898807234,0.5014626958103524
1.0,0.3342307692307692,0.5014488518305948
1.0,0.33410226835832374,0.5013919611508577
1.0,0.3339738662567256,0.5010282241826506
1.0,0.33384556281213984,0.5009225765986685
1.0,0.3337173579109063,0.5009163019351791
1.0,0.3335892514395393,0.5008702177345071
1.0,0.33346124328472754,0.5007324329929775
1.0,0.3333333333333333,0.5005822421417525
1.0,0.33320552147239263,0.5005385512919882
1.0,0.3330778075891146,0.5002863059166563
1.0,0.33295019157088124,0.5002418429681151
1.0,0.332822673305247,0.500166436508589
1.0,0.33269525267993877,0.5001523172913559
1.0,0.33256792958285497,0.4998003800057554
1.0,0.3324407039020658,0.4997414959066735
1.0,0.33231357552581264,0.4996781886518055
1.0,0.33218654434250766,0.4996217246949149
1.0,0.33205961024073366,0.4993061154288815
1.0,0.3319327731092437,0.4991024013147589
1.0,0.3318060328369607,0.4990160115426931
1.0,0.3316793893129771,0.4988903374901572
1.0,0.33155284242655475,0.4987724756236968
1.0,0.3314263920671243,0.4987692783076968
1.0,0.33130003812428516,0.4985751357706919
1.0,0.3311737804878049,0.4979050872313764
1.0,0.33104761904761904,0.4978609204779348
1.0,0.3309215536938309,0.4977279560819761
1.0,0.3307955843167111,0.4973283042866421
1.0,0.3306697108066971,0.4972232521459712
1.0,0.3305439330543933,0.4971903714444414
1.0,0.33041825095057037,0.497053374069119
1.0,0.33029266438616495,0.4968416640359482
1.0,0.3301671732522796,0.4968007424447371
1.0,0.3300417774401823,0.4967877570366038
1.0,0.329916476841306,0.4964858042384141
1.0,0.32979127134724856,0.4964078580176703
1.0,0.3296661608497724,0.4962140707925938
1.0,0.32954114524080397,0.4958821410970105
1.0,0.3294162244124337,0.4958748040456623
1.0,0.3292913982569155,0.4958115760897524
1.0,0.32916666666666666,0.4956520507231978
1.0,0.3290420295342673,0.4953684127290998
1.0,0.32891748675246024,0.4949737563060949
1.0,0.32879303821415057,0.4949452146030536
1.0,0.32866868381240544,0.4948552424097975
1.0,0.3285444234404537,0.494851221367083
1.0,0.3284202569916856,0.494478664439812
1.0,0.3282961843596524,0.4944217304517343
1.0,0.32817220543806647,0.4943889735424226
1.0,0.3280483201208003,0.4943132631432181
1.0,0.3279245283018868,0.4942082361697117
1.0,0.3278008298755187,0.4941539915818133
1.0,0.32767722473604827,0.4940002934823947
1.0,0.32755371277798717,0.4937960108659772
1.0,0.32743029389600603,0.4936673439233299
1.0,0.3273069679849341,0.4935472594961697
1.0,0.32718373493975905,0.4934952434455887
1.0,0.32706059465562665,0.4932094931217552
1.0,0.3269375470278405,0.4931758297977634
1.0,0.3268145919518616,0.4931430615081165
1.0,0.32669172932330826,0.4930179046380576
1.0,0.32656895903795563,0.4929580951117442
1.0,0.32644628099173556,0.4925180204153375
1.0,0.326323695080736,0.4924115401452641
1.0,0.3262012012012012,0.4921003193842317
1.0,0.326078799249531,0.4920632835411082
1.0,0.3259564891222806,0.4919900209007046
1.0,0.3258342707161605,0.4917291160272113
1.0,0.325712143928036,0.4916019696281437
1.0,0.32559010865492694,0.4914055703877716
1.0,0.3254681647940075,0.4912921250908007
1.0,0.32534631224260574,0.4911953351253251
1.0,0.32522455089820357,0.4911064613589193
1.0,0.32510288065843623,0.491089900730549
1.0,0.324981301421092,0.4907976251945036
1.0,0.32485981308411216,0.4906454138700128
1.0,0.3247384155455904,0.4905826774833984
1.0,0.32461710870377286,0.4904103097710739
1.0,0.3244958924570575,0.4903240175033363
1.0,0.324374766703994,0.4903207660064976
1.0,0.32425373134328356,0.4903134113668015
1.0,0.32413278627377845,0.4903078320165125
1.0,0.32401193139448176,0.4902814077744872
1.0,0.32389116660454714,0.4899671668911023
1.0,0.3237704918032787,0.4899513430751243
1.0,0.32364990689013035,0.4898183081960315
1.0,0.3235294117647059,0.4898084725921481
1.0,0.32340900632675845,0.4896569723012688
1.0,0.32328869047619047,0.4894956626287758
1.0,0.32316846411305317,0.4894052361292265
1.0,0.32304832713754644,0.489245617794545
1.0,0.32292827945001856,0.4892231778353387
1.0,0.32280832095096584,0.4891802079873757
1.0,0.3226884515410323,0.4888866958388723
1.0,0.3225686711210097,0.4887704932804788
1.0,0.3224489795918367,0.4887679521534425
1.0,0.3223293768545994,0.4887545749422117
1.0,0.3222098628105302,0.4887204199527328
1.0,0.3220904373610082,0.4886967728353382
1.0,0.32197110040755833,0.4885384129950092
1.0,0.32185185185185183,0.4884372300000551
1.0,0.3217326915957053,0.4883589568778217
1.0,0.3216136195410807,0.4883582781429336
1.0,0.32149463559008506,0.4883366536785232
1.0,0.3213757396449704,0.4880304010427432
1.0,0.32125693160813307,0.4876865180507957
1.0,0.32113821138211385,0.4876087001929305
1.0,0.32101957886959737,0.4873042667794272
1.0,0.32090103397341213,0.4872888862367062
1.0,0.3207825765965301,0.4872658290899054
1.0,0.3206642066420664,0.4872447176958778
1.0,0.32054592401327925,0.4870644388731739
1.0,0.32042772861356933,0.4870390064816741
1.0,0.3203096203464799,0.4869893146420383
1.0,0.3201915991156964,0.4869667301384051
1.0,0.32007366482504607,0.486508732792857
1.0,0.31995581737849776,0.4864697685410688
1.0,0.31983805668016196,0.4864695471210534
1.0,0.3197203826342899,0.486263574125742
1.0,0.319602795145274,0.4861590495112894
1.0,0.31948529411764703,0.485916237883658
1.0,0.3193678794560823,0.4858379307326558
1.0,0.3192505510653931,0.4854794579187145
1.0,0.3191333088505325,0.4854576593353682
1.0,0.3190161527165932,0.4850510408854704
1.0,0.31889908256880733,0.484876305523089
1.0,0.31878209831254584,0.4848213549397263
1.0,0.31866519985331865,0.4847690609462118
1.0,0.3185483870967742,0.4843489569029746
1.0,0.31843165994869915,0.4842225152330407
1.0,0.3183150183150183,0.4839533532599803
1.0,0.3181984621017942,0.4838153148869428
1.0,0.31808199121522696,0.4836480887709686
1.0,0.3179656055616539,0.4834631902807755
1.0,0.3178493050475494,0.4833980198039427
1.0,0.3177330895795247,0.4833342485023704
1.0,0.31761695906432746,0.4831661207443939
1.0,0.3175009134088418,0.4830263633997561
1.0,0.31738495252008764,0.4828072217313781
1.0,0.3172690763052209,0.4827706545997307
1.0,0.31715328467153286,0.4826301939043609
1.0,0.3170375775264502,0.4824595553342834
1.0,0.31692195477753465,0.4824414373990071
1.0,0.3168064163324827,0.4824306045243692
1.0,0.31669096209912534,0.4822936856942701
1.0,0.31657559198542806,0.4820842469149283
1.0,0.31646030589949015,0.4818531676269
1.0,0.31634510374954494,0.4816351242088714
1.0,0.31622998544395925,0.4816070032534245
1.0,0.31611495089123315,0.4815539885772223
1.0,0.316,0.4813516660232743
1.0,0.3158851326790258,0.4812576519699291
1.0,0.3157703488372093,0.4812518148488897
1.0,0.31565564838358157,0.4809736031230048
1.0,0.31554103122730576,0.4809174726293565
1.0,0.31542649727767696,0.4808692061724493
1.0,0.3153120464441219,0.4806497492196527
1.0,0.31519767863619874,0.4806487509059807
1.0,0.3150833937635968,0.4803346849202666
1.0,0.3149691917361363,0.4802616057678173
1.0,0.3148550724637681,0.4802083687204748
1.0,0.3147410358565737,0.4800181219941651
1.0,0.3146270818247647,0.4800137226096535
1.0,0.31451321027868256,0.479823127622651
1.0,0.3143994211287988,0.4795176787758159
1.0,0.3142857142857143,0.4794154163774077
1.0,0.3141720896601591,0.4788786521282793
1.0,0.3140585471629924,0.4788016614797761
1.0,0.3139450867052023,0.478415569940936
1.0,0.3138317081979054,0.4782525490330286
1.0,0.3137184115523466,0.4782476877376854
1.0,0.31360519667989895,0.4781494267345278
1.0,0.3134920634920635,0.4780276367121479
1.0,0.3133790119004688,0.4777127559923145
1.0,0.31326604181687095,0.477522261011798
1.0,0.3131531531531532,0.4774441576896015
1.0,0.31304034582132567,0.477344513518541
1.0,0.3129276197335254,0.4773430311500681
1.0,0.31281497480201587,0.4772903712268748
1.0,0.31270241093918677,0.47712405179024
1.0,0.312589928057554,0.4771055000212356
1.0,0.3124775260697591,0.4769287749249374
1.0,0.3123652048885694,0.4767637972827367
1.0,0.31225296442687744,0.4767061234118445
1.0,0.31214080459770116,0.4766493037494894
1.0,0.31202872531418313,0.4765282750317327
1.0,0.3119167264895908,0.4764888259462261
1.0,0.3118048080373161,0.4763674378450679
1.0,0.3116929698708752,0.4760582608784421
1.0,0.3115812119039082,0.4758905410017801
1.0,0.3114695340501792,0.4758529483807295
1.0,0.31135793622357577,0.4758289835722346
1.0,0.3112464183381089,0.4757244250138753
1.0,0.31113498030791265,0.4756795408824386
1.0,0.3110236220472441,0.4755250174600295
1.0,0.310912343470483,0.4753311609099574
1.0,0.31080114449213164,0.4753294046206037
1.0,0.3106900250268144,0.4752502171229477
1.0,0.31057898498927805,0.4751941016089224
1.0,0.31046802429439085,0.4751509620878825
1.0,0.31035714285714283,0.4750361253571161
1.0,0.3102463405926455,0.4746990066599161
1.0,0.3101356174161313,0.4742839568205845
1.0,0.31002497324295397,0.4739386341828427
1.0,0.3099144079885877,0.4736679395052526
1.0,0.30980392156862746,0.4736033155395499
1.0,0.3096935138987883,0.4735263088242195
1.0,0.3095831848949056,0.4733977241630666
1.0,0.30947293447293445,0.4732977038688558
1.0,0.3093627625489498,0.4731714387902038
1.0,0.3092526690391459,0.4731393737794899
1.0,0.30914265385983636,0.4730312630296009
1.0,0.30903271692745377,0.4729185793755718
1.0,0.3089228581585496,0.4728737991900048
1.0,0.30881307746979386,0.4728436294204136
1.0,0.30870337477797516,0.4725972637502114
1.0,0.30859375,0.4724121924997824
1.0,0.30848420305289315,0.4722660904342836
1.0,0.30837473385379705,0.472078330385856
1.0,0.3082653423199716,0.4720367333509936
1.0,0.3081560283687943,0.4719548870055269
1.0,0.30804679191775963,0.471932455445092
1.0,0.3079376328844791,0.4719221161199223
1.0,0.30782855118668084,0.4717020777773686
1.0,0.30771954674220964,0.4716683972654711
1.0,0.30761061946902657,0.4716161673600959
1.0,0.3075017692852088,0.4716061664995599
1.0,0.30739299610894943,0.4715086071985218
1.0,0.30728429985855726,0.471479931328139
1.0,0.3071756804524567,0.4714289848527032
1.0,0.30706713780918726,0.4713547974195127
1.0,0.3069586718474037,0.4710966619281805
1.0,0.3068502824858757,0.4709311381016348
1.0,0.3067419696434875,0.4708304988666357
1.0,0.3066337332392378,0.4705426538697718
1.0,0.3065255731922399,0.4704064116684932
1.0,0.30641748942172076,0.4703579625288033
1.0,0.3063094818470215,0.4703285857485979
1.0,0.3062015503875969,0.4701512983142616
1.0,0.30609369496301514,0.4701178871613957
1.0,0.3059859154929577,0.4699056196816361
1.0,0.3058782118972193,0.4698734727628592
1.0,0.30577058409570723,0.4697375300647087
1.0,0.3056630320084418,0.4695484264115692
1.0,0.3055555555555556,0.4695074859799179
1.0,0.3054481546572935,0.4692417334384117
1.0,0.3053408292340126,0.4691387803901226
1.0,0.30523357920618194,0.4690779395598787
1.0,0.305126404494382,0.4690204346652906
1.0,0.305019305019305,0.4689166582803435
1.0,0.3049122807017544,0.4685152157128504
1.0,0.3048053314626447,0.4684638284823569
1.0,0.30469845722300143,0.4681674353434399
1.0,0.30459165790396076,0.4681209196025173
1.0,0.30448493342676947,0.4680673685693164
1.0,0.3043782837127846,0.4679009586012471
1.0,0.30427170868347336,0.4678540363007922
1.0,0.30416520826041304,0.4675343895405463
1.0,0.30405878236529044,0.4674026270924837
1.0,0.30395243091990204,0.4672812729642864
1.0,0.3038461538461538,0.4672260111970458
1.0,0.30373995106606083,0.4671186735701463
1.0,0.30363382250174703,0.4668323932231689
1.0,0.30352776807544535,0.4666967279177696
1.0,0.3034217877094972,0.4664765706183194
1.0,0.3033158813263525,0.4664454929745649
1.0,0.30321004884856945,0.4664222521653885
1.0,0.3031042901988141,0.4662855737067305
1.0,0.30299860529986056,0.4661981069304725
1.0,0.30289299407459047,0.4661409226915758
1.0,0.30278745644599303,0.4660949176677217
1.0,0.30268199233716475,0.4660569267363117
1.0,0.3025766016713092,0.4659243826734359
1.0,0.30247128437173687,0.4658417544706103
1.0,0.302366040361865,0.465805011369153
1.0,0.3022608695652174,0.4657735124762995
1.0,0.3021557719054242,0.4657344088906912
1.0,0.3020507473062218,0.4655270743514654
1.0,0.3019457956914524,0.4650440508198165
1.0,0.30184091698506427,0.4649960170737818
1.0,0.3017361111111111,0.464808986837732
1.0,0.30163137799375217,0.4647936158334822
1.0,0.3015267175572519,0.464654060017268
1.0,0.30142212972597987,0.4646287164457396
1.0,0.3013176144244105,0.464228816564367
1.0,0.3012131715771231,0.4640484410102126
1.0,0.3011088011088011,0.464025321486832
1.0,0.30100450294423275,0.4639150174141154
1.0,0.30090027700831024,0.4638162788788284
1.0,0.3007961232260298,0.4638061919633856
1.0,0.30069204152249135,0.4634345154019391
1.0,0.30058803182289867,0.4633247466346236
1.0,0.30048409405255877,0.4631436685646093
1.0,0.30038022813688214,0.4630663224793417
1.0,0.30027643400138215,0.4630286880099269
1.0,0.3001727115716753,0.4629513324035066
1.0,0.30006906077348067,0.4629482589996638
1.0,0.2999654815326199,0.4626786571233147
1.0,0.2998619737750173,0.4626758649191294
1.0,0.29975853742669883,0.4625190494235154
1.0,0.2996551724137931,0.4625057626639138
1.0,0.29955187866253014,0.4624408441529671
1.0,0.2994486560992419,0.4622698685238082
1.0,0.2993455046503617,0.462268902507175
1.0,0.29924242424242425,0.4622593964315885
1.0,0.2991394148020654,0.4621489692221888
1.0,0.29903647625602203,0.4621109095324041
1.0,0.29893360853113177,0.4617069483767854
1.0,0.2988308115543329,0.4615066737828783
1.0,0.29872808525266414,0.4614910176960276
1.0,0.2986254295532646,0.4614700225454078
1.0,0.2985228443833734,0.4614104295420327
1.0,0.29842032967032966,0.4613621343567582
1.0,0.2983178853415723,0.461243515740756
1.0,0.2982155113246397,0.4606054893793285
1.0,0.2981132075471698,0.4602544436409667
1.0,0.29801097393689985,0.4601225193838824
1.0,0.2979088104216661,0.4600889694391811
1.0,0.2978067169294037,0.4599518898775648
1.0,0.29770469338814665,0.459934276396045
1.0,0.2976027397260274,0.4597985219927428
1.0,0.29750085587127695,0.4597729635703456
1.0,0.2973990417522245,0.4596801930934299
1.0,0.2972972972972973,0.4596100518432621
1.0,0.2971956224350205,0.45944209286466
1.0,0.2970940170940171,0.4590226387730091
1.0,0.29699248120300753,0.4588971139272338
1.0,0.2968910146908097,0.4588670968252792
1.0,0.2967896174863388,0.4588390054003834
1.0,0.29668828951860704,0.4587765334297216
1.0,0.29658703071672354,0.4586602967822176
1.0,0.2964858410098942,0.458656641505441
1.0,0.2963847203274216,0.4585613077555407
1.0,0.2962836685987044,0.4585343579287538
1.0,0.2961826857532379,0.4584505270735989
1.0,0.2960817717206133,0.4583488070934375
1.0,0.2959809264305177,0.4581892386440463
1.0,0.2958801498127341,0.4581278189372987
1.0,0.2957794417971409,0.4581274448804416
1.0,0.29567880231371213,0.4578869071088057
1.0,0.295578231292517,0.4577888664560426
1.0,0.2954777286637198,0.4574353832020077
1.0,0.29537729435757987,0.4574300300644632
1.0,0.29527692830445124,0.4573915513927268
1.0,0.2951766304347826,0.4573258768111529
1.0,0.29507640067911717,0.457251347593921
1.0,0.29497623896809233,0.4572448834046181
1.0,0.29487614523243977,0.4571543539805138
1.0,0.2947761194029851,0.4569305232179811
1.0,0.2946761614106477,0.4564950660050589
1.0,0.2945762711864407,0.4564333683900127
1.0,0.2944764486614707,0.456359856728347
1.0,0.29437669376693765,0.4561217013372367
1.0,0.2942770064341348,0.4561132030783004
1.0,0.2941773865944482,0.4559525051315604
1.0,0.294077834179357,0.4557717862417477
1.0,0.293978349120433,0.4557424258923886
1.0,0.29387893134934057,0.4554185617380141
1.0,0.2937795807978364,0.4553701330335674
1.0,0.2936802973977695,0.4553126354767657
1.0,0.2935810810810811,0.4552771392295239
1.0,0.29348193177980414,0.4545328548451042
1.0,0.29338284942606346,0.4544678253467192
1.0,0.2932838339520756,0.4542717129849377
1.0,0.29318488529014847,0.4541433928120307
1.0,0.29308600337268126,0.4540253980195918
1.0,0.2929871881321645,0.4539356615677857
1.0,0.29288843950117965,0.4539210524605931
1.0,0.29278975741239893,0.4537677621395405
1.0,0.2926911417985854,0.4531980445925946
1.0,0.29259259259259257,0.4531820240681703
1.0,0.2924941097273645,0.4528641474162668
1.0,0.2923956931359354,0.4526968726415479
1.0,0.29229734275142955,0.4523621932471844
1.0,0.2921990585070612,0.4522750588913964
1.0,0.2921008403361344,0.4522683766080075
1.0,0.292002688172043,0.4518631059158163
1.0,0.29190460194827006,0.4517087288201147
1.0,0.2918065815983882,0.4516928081560706
1.0,0.2917086270560591,0.4516842938572312
1.0,0.29161073825503353,0.4516677909140258
1.0,0.2915129151291513,0.4516330271957317
1.0,0.2914151576123407,0.4516222378050958
1.0,0.2913174656386188,0.4515776175435246
1.0,0.29121983914209115,0.4515401872255882
1.0,0.2911222780569514,0.4515399913696715
1.0,0.2910247823174816,0.4513817648991389
1.0,0.2909273518580516,0.4510871788828143
1.0,0.29082998661311915,0.4510165973234163
1.0,0.29073268651722983,0.4510029163597766
1.0,0.29063545150501674,0.45066384118273
1.0,0.29053828151120026,0.4505408662780646
1.0,0.29044117647058826,0.4505331278637928
1.0,0.2903441363180755,0.4504856814304869
1.0,0.29024716098864395,0.4504557074286477
1.0,0.29015025041736225,0.4504404774587149
1.0,0.29005340453938583,0.4502848494148261
1.0,0.28995662328995664,0.4499593444223368
1.0,0.2898599066044029,0.4495165887887743
1.0,0.2897632544181394,0.4494793176929299
1.0,0.2896666666666667,0.4492569107024327
1.0,0.28957014328557146,0.4491755277978608
1.0,0.2894736842105263,0.449123667515141
1.0,0.2893772893772894,0.4487107407372932
1.0,0.2892809587217044,0.4486843695733383
1.0,0.2891846921797005,0.4486558608677137
1.0,0.28908848968729206,0.4484502643574163
1.0,0.28899235118057864,0.4483968029839597
1.0,0.2888962765957447,0.4483167332830416
1.0,0.2888002658690595,0.4482041147822402
1.0,0.2887043189368771,0.4481901967338735
1.0,0.288608435735636,0.4479948372440464
1.0,0.28851261620185925,0.4479410794821749
1.0,0.288416860272154,0.4479253378832403
1.0,0.28832116788321166,0.4479004176298825
1.0,0.28822553897180764,0.4478339596828963
1.0,0.28812997347480107,0.4477904343570905
1.0,0.2880344713291349,0.4472301700907763
1.0,0.28793903247183567,0.4471114704127738
1.0,0.28784365684001323,0.4469648223411288
1.0,0.28774834437086094,0.4469563872229393
1.0,0.2876530950016551,0.4468140324504655
1.0,0.2875579086697551,0.446783274906515
1.0,0.2874627853126034,0.4467439892773527
1.0,0.2873677248677249,0.4466531660407197
1.0,0.2872727272727273,0.4465224421032038
1.0,0.28717779246530073,0.4463450286424328
1.0,0.2870829203832177,0.4462526129710102
1.0,0.2869881109643329,0.4462120288789367
1.0,0.286893364146583,0.4459336371823029
1.0,0.2867986798679868,0.4458978759866048
1.0,0.2867040580666447,0.4457657471920733
1.0,0.28660949868073876,0.4455949683714909
1.0,0.28651500164853283,0.4455424116080273
1.0,0.2864205669083718,0.4455169004485366
1.0,0.28632619439868207,0.4454326620780568
1.0,0.286231884057971,0.4453167118483548
1.0,0.28613763582482715,0.4452925655888667
1.0,0.28604344963791967,0.4451999408576708
1.0,0.28594932543599866,0.4447337309282738
1.0,0.2858552631578947,0.4446997389843222
1.0,0.2857612627425189,0.4446854119584695
1.0,0.2856673241288626,0.4443845412996289
1.0,0.28557344725599737,0.4442642036476634
1.0,0.2854796320630749,0.4442561740278561
1.0,0.2853858784893268,0.4441713599432147
1.0,0.28529218647406435,0.444046889987766
1.0,0.2851985559566787,0.4440395444617551
1.0,0.28510498687664043,0.4438444879817736
1.0,0.2850114791734995,0.4437482128628795
1.0,0.28491803278688527,0.4437336780590777
1.0,0.28482464765650606,0.4436859536322489
1.0,0.28473132372214943,0.4431599780672287
1.0,0.2846380609236816,0.4430655195084044
1.0,0.28454485920104783,0.4428293175127803
1.0,0.2844517184942717,0.4427926476458946
1.0,0.2843586387434555,0.4427041159497907
1.0,0.28426561988877985,0.442668455442135
1.0,0.2841726618705036,0.4425053713970229
1.0,0.2840797646289637,0.4424258280168734
1.0,0.28398692810457515,0.4423791752076689
1.0,0.28389415223783077,0.442364436686724
1.0,0.2838014369693011,0.4421003440504465
1.0,0.28370878223963436,0.4415030141082305
1.0,0.2836161879895561,0.4409128460650811
1.0,0.2835236541598695,0.4408334657886521
1.0,0.2834311806914547,0.4407020983624478
1.0,0.283338767525269,0.4404738938604463
1.0,0.2832464146023468,0.4402610960718017
1.0,0.2831541218637993,0.4401652153869796
1.0,0.2830618892508143,0.4399691403080512
1.0,0.2829697167046565,0.439917625344664
1.0,0.2828776041666667,0.439897656541673
1.0,0.2827855515782623,0.4398276095169275
1.0,0.2826935588809369,0.4397581068865451
1.0,0.28260162601626015,0.4396211022005366
1.0,0.28250975292587777,0.4395731368791764
1.0,0.28241793955151123,0.4395700265788266
1.0,0.2823261858349578,0.4393925285931572
1.0,0.2822344917180903,0.4392125622144208
1.0,0.28214285714285714,0.4390612436642612
1.0,0.28205128205128205,0.4389896773165097
1.0,0.281959766385464,0.4385299796314296
1.0,0.281868310087577,0.4384223509497797
1.0,0.2817769130998703,0.4383450025511988
1.0,0.28168557536466776,0.4382763798932259
1.0,0.2815942968243681,0.4382231567282816
1.0,0.28150307742144476,0.4381649295689601
1.0,0.2814119170984456,0.4381276319985135
1.0,0.2813208157979929,0.4380944608047726
1.0,0.28122977346278316,0.4380934139927766
1.0,0.28113879003558717,0.438041389946151
1.0,0.2810478654592497,0.4376269649499253
1.0,0.2809569996766893,0.4374809032479846
1.0,0.2808661926308985,0.4373661712476432
1.0,0.28077544426494344,0.4371570694816835
1.0,0.28068475452196384,0.4371552838541853
1.0,0.28059412334517275,0.4370141925263602
1.0,0.2805035506778567,0.4370068712790875
1.0,0.2804130364633753,0.4368681011873604
1.0,0.2803225806451613,0.4368396693745274
1.0,0.28023218316672044,0.4367258669348559
1.0,0.2801418439716312,0.4367142828495362
1.0,0.28005156300354495,0.4366860824576059
1.0,0.27996134020618557,0.4366322816946875
1.0,0.27987117552334945,0.4366281687998978
1.0,0.27978106889890536,0.4366274380914729
1.0,0.2796910202767943,0.4365753580637133
1.0,0.2796010296010296,0.4363666347235333
1.0,0.27951109681569636,0.4359795456707845
1.0,0.2794212218649518,0.4358912936745517
1.0,0.27933140469302475,0.4358650161054055
1.0,0.27924164524421596,0.4358355997065499
1.0,0.2791519434628975,0.4357501476160214
1.0,0.27906229929351317,0.4356677891637358
1.0,0.27897271268057783,0.4354450428537821
1.0,0.2788831835686778,0.4353073340451455
1.0,0.2787937119024703,0.4352806606990416
1.0,0.27870429762668375,0.4352127209123443
1.0,0.27861494068611736,0.4350720300674133
1.0,0.27852564102564104,0.4350667574348516
1.0,0.2784363985901955,0.4348666506026984
1.0,0.2783472133247918,0.4347583559177001
1.0,0.27825808517451167,0.4347083529850408
1.0,0.27816901408450706,0.4345988476167805
1.0,0.27808,0.4345282684533945
1.0,0.2779910428662828,0.4343788726988637
1.0,0.2779021426287176,0.4343686831003528
1.0,0.27781329923273657,0.4341222580503425
1.0,0.27772451262384146,0.434106964703587
1.0,0.2776357827476038,0.4340002117495756
1.0,0.27754710954966466,0.4337693982603011
1.0,0.2774584929757343,0.4336386924644425
1.0,0.27736993297159274,0.4335384296384079
1.0,0.2772814294830887,0.4334052509471031
1.0,0.2771929824561403,0.4332241908588397
1.0,0.2771045918367347,0.4330884091166056
1.0,0.2770162575709276,0.4330779082495878
1.0,0.27692797960484383,0.4329712658385901
1.0,0.27683975788467663,0.4328048397219561
1.0,0.2767515923566879,0.4325174915206278
1.0,0.2766634829672079,0.4323185565933595
1.0,0.27657542966263526,0.432058176275843
1.0,0.27648743238943685,0.4317521446267808
1.0,0.2763994910941476,0.4315355758733567
1.0,0.27631160572337043,0.4314493590681115
1.0,0.2762237762237762,0.4313566429533106
1.0,0.2761360025421036,0.4301884458592919
1.0,0.27604828462515885,0.4299135164127575
1.0,0.27596062241981584,0.429874788150053
1.0,0.2758730158730159,0.4296822186825457
1.0,0.2757854649317677,0.4292100392748373
1.0,0.2756979695431472,0.4291620013729395
1.0,0.2756105296542975,0.4290082778253396
1.0,0.27552314521242866,0.4289070729067802
1.0,0.27543581616481777,0.4287592835338825
1.0,0.27534854245880863,0.4287273823229661
1.0,0.27526132404181186,0.4286857960376775
1.0,0.27517416086130464,0.4284734894290319
1.0,0.27508705286483065,0.4284437262247607
1.0,0.275,0.4281752649585657
1.0,0.2749130022144891,0.4281450977731088
1.0,0.2748260594560405,0.4280512994340278
1.0,0.27473917167246287,0.427769122394544
1.0,0.27465233881163087,0.4277677714498981
1.0,0.274565560821485,0.4276999315258054
1.0,0.27447883765003156,0.4276022962173464
1.0,0.2743921692453426,0.427411413083792
1.0,0.2743055555555556,0.4273635105680105
1.0,0.27421899652887344,0.4273481880472878
1.0,0.27413249211356466,0.4271236927171266
1.0,0.2740460422579628,0.4270983392571192
1.0,0.2739596469104666,0.4270732037445504
1.0,0.27387330601953985,0.4268950508851898
1.0,0.27378701953371143,0.4267801417448533
1.0,0.27370078740157483,0.4267562084540856
1.0,0.2736146095717884,0.4267171038890728
1.0,0.2735284859930752,0.4266823857222418
1.0,0.2734424166142228,0.4264581028958025
1.0,0.27335640138408307,0.4259782735552836
1.0,0.2732704402515723,0.4259022156031229
1.0,0.27318453316567115,0.4258671288769345
1.0,0.27309868007542426,0.4258035916271477
1.0,0.2730128809299403,0.425784982051926
1.0,0.27292713567839194,0.4256988355382001
1.0,0.2728414442700157,0.425499554986571
1.0,0.27275580665411175,0.4253706005919113
1.0,0.27267022278004394,0.4251830984286093
1.0,0.27258469259723966,0.4250859449193199
1.0,0.27249921605518973,0.4250632041813956
1.0,0.27241379310344827,0.4249625376203459
1.0,0.27232842369163274,0.4248769876662118
1.0,0.27224310776942356,0.4247556869444355
1.0,0.27215784528656434,0.4247388698369816
1.0,0.2720726361928616,0.4245815648430412
1.0,0.27198748043818466,0.4245639613537079
1.0,0.2719023779724656,0.4244770944082197
1.0,0.2718173287456991,0.4244687030478865
1.0,0.27173233270794245,0.4242326318121023
1.0,0.2716473898093154,0.4242192501347988
1.0,0.2715625,0.4241126216453736
1.0,0.27147766323024053,0.4240478629762174
1.0,0.2713928794503435,0.4240347907851964
1.0,0.2713081486106775,0.423928753653585
1.0,0.2712234706616729,0.4239180619054685
1.0,0.27113884555382217,0.4238228798992661
1.0,0.27105427323767933,0.4236818484275088
1.0,0.2709697536638603,0.4231282177118252
1.0,0.2708852867830424,0.4230150578817308
1.0,0.27080087254596447,0.4228964785239267
1.0,0.2707165109034268,0.4226954297638269
1.0,0.2706322018062909,0.4226228380179323
1.0,0.2705479452054795,0.4225264838881661
1.0,0.27046374105197635,0.4223466343244803
1.0,0.2703795892968264,0.4221505929170877
1.0,0.2702954898911353,0.4221268497424935
1.0,0.2702114427860697,0.4219193842926524
1.0,0.2701274479328567,0.421764905769502
1.0,0.2700435052827843,0.4212879537475434
1.0,0.269959614787201,0.421044038888719
1.0,0.26987577639751553,0.4210291769420196
1.0,0.26979199006519716,0.4209774603271664
1.0,0.2697082557417753,0.4209677814047636
1.0,0.2696245733788396,0.420815284594575
1.0,0.2695409429280397,0.4207717114971031
1.0,0.26945736434108525,0.4206799236996555
1.0,0.2693738375697458,0.4206032471126817
1.0,0.26929036256585065,0.4204843209573909
1.0,0.26920693928128875,0.4203579589466427
1.0,0.26912356766800866,0.4203093582732324
1.0,0.2690402476780186,0.420093361476199
1.0,0.26895697926338596,0.4197613731576611
1.0,0.2688737623762376,0.4195608092106288
1.0,0.2687905969687597,0.4192822684796138
1.0,0.2687074829931973,0.4192644290420845
1.0,0.2686244204018547,0.4192063981759191
1.0,0.2685414091470952,0.4191875672911063
1.0,0.26845844918134076,0.4191197853347032
1.0,0.2683755404570723,0.418813656910618
1.0,0.2682926829268293,0.4187835124879295
1.0,0.2682098765432099,0.4187533683037197
1.0,0.2681271212588707,0.4187200807885154
1.0,0.2680444170265268,0.4187183187033643
1.0,0.2679617637989516,0.418560125388128
1.0,0.26787916152897656,0.4185205743384746
1.0,0.2677966101694915,0.41810995360508
1.0,0.2677141096734442,0.4180996230781024
1.0,0.2676316599938405,0.4180956557041762
1.0,0.26754926108374383,0.4180591615662417
1.0,0.2674669128962758,0.4179760588297804
1.0,0.2673846153846154,0.4178060642773447
1.0,0.2673023685019994,0.4177724936962738
1.0,0.267220172201722,0.4176273591599844
1.0,0.26713802643713497,0.4175203728063909
1.0,0.2670559311616472,0.4174544432639894
1.0,0.26697388632872504,0.4174389688404888
1.0,0.2668918918918919,0.4173638495428199
1.0,0.2668099478047283,0.4173621848878415
1.0,0.2667280540208717,0.4172092695937899
1.0,0.26664621049401654,0.4170752953001572
1.0,0.2665644171779141,0.416823975293521
1.0,0.26648267402637227,0.4167775505641819
1.0,0.26640098099325565,0.4167533805606085
1.0,0.2663193380324854,0.4165817309216403
1.0,0.2662377450980392,0.4161249384360548
1.0,0.26615620214395097,0.4159143505167424
1.0,0.2660747091243111,0.4158933389321155
1.0,0.265993265993266,0.4158653035350629
1.0,0.26591187270501837,0.4157489448372314
1.0,0.2658305292138269,0.4155465243531833
1.0,0.26574923547400614,0.4155244533074728
1.0,0.26566799143992664,0.415517018049598
1.0,0.2655867970660147,0.4153596729231739
1.0,0.2655056523067522,0.4152103349212686
1.0,0.26542455711667684,0.4152068640934536
1.0,0.26534351145038165,0.414695486540078
1.0,0.26526251526251526,0.4145709290683537
1.0,0.2651815685077815,0.4138767738177537
1.0,0.2651006711409396,0.4138046857306461
1.0,0.2650198231168039,0.4137787456726761
1.0,0.2649390243902439,0.413701970196476
1.0,0.2648582749161841,0.4136649117091217
1.0,0.2647775746496039,0.4135780438028939
1.0,0.26469692354553764,0.4133528619307199
1.0,0.2646163215590743,0.4132862533165556
1.0,0.26453576864535766,0.4132572550816327
1.0,0.26445526475958614,0.4132331756067755
1.0,0.26437480985701245,0.4131207424048989
1.0,0.26429440389294406,0.4127702252082987
1.0,0.26421404682274247,0.412672980500639
1.0,0.2641337386018237,0.4125048940673946
1.0,0.26405347918565786,0.4121379891896276
1.0,0.26397326852976916,0.4118408643239215
1.0,0.2638931065897358,0.4115568569874449
1.0,0.26381299332119007,0.4115358900251351
1.0,0.2637329286798179,0.4114984853226578
1.0,0.2636529126213592,0.4112427283879709
1.0,0.2635729451016075,0.4109513940562168
1.0,0.26349302607640995,0.4107019282129091
1.0,0.26341315550166716,0.4105576537474122
1.0,0.2633333333333333,0.410429338784069
1.0,0.2632535595274159,0.4103662755043847
1.0,0.2631738340399758,0.4101893701768865
1.0,0.26309415682712683,0.4101031316710357
1.0,0.2630145278450363,0.4098663189373033
1.0,0.2629349470499244,0.4098610113056884
1.0,0.26285541439806415,0.4098563589916286
1.0,0.2627759298457817,0.4098489863731741
1.0,0.2626964933494559,0.4097687302974112
1.0,0.26261710486551826,0.4096369933962719
1.0,0.2625377643504532,0.4094966857321089
1.0,0.26245847176079734,0.4094789925792773
1.0,0.2623792270531401,0.4093848522298532
1.0,0.2623000301841232,0.4093407669896358
1.0,0.26222088111044056,0.4093017713672065
1.0,0.2621417797888386,0.4092991715282189
1.0,0.2620627261761158,0.4092314097755366
1.0,0.2619837202291227,0.4092014336771869
1.0,0.2619047619047619,0.4090577372577986
1.0,0.26182585115998797,0.4090407926592656
1.0,0.26174698795180723,0.408996254502957
1.0,0.26166817223727795,0.4086246075971788
1.0,0.26158940397350994,0.4086232018544699
1.0,0.2615106831176648,0.408577182912236
1.0,0.26143200962695545,0.4084529029953883
1.0,0.2613533834586466,0.4084449212235183
1.0,0.26127480457005414,0.4083514485005316
1.0,0.26119627291854525,0.4081604331982451
1.0,0.26111778846153844,0.408125914948224
1.0,0.26103935115650345,0.4080113670794627
1.0,0.26096096096096094,0.4079855223021028
1.0,0.26088261783248273,0.407977366903592
1.0,0.2608043217286915,0.4079681466151695
1.0,0.2607260726072607,0.407844092280679
1.0,0.2606478704259148,0.4077443160161993
1.0,0.26056971514242877,0.4076704396766282
1.0,0.2604916067146283,0.4076468530635159
1.0,0.26041354510038955,0.4074680108254822
1.0,0.2603355302576393,0.4074288560091189
1.0,0.2602575621443546,0.4073465899807693
1.0,0.26017964071856287,0.4071508243485971
1.0,0.26010176593834183,0.4069031736063982
1.0,0.26002393776181926,0.4068500906589568
1.0,0.2599461561471732,0.4067914149400808
1.0,0.2598684210526316,0.4067906716954671
1.0,0.2597907324364723,0.4067705766050665
1.0,0.2597130902570233,0.4066024798676834
1.0,0.2596354944726621,0.4064427370333656
1.0,0.259557945041816,0.4063080552722764
1.0,0.2594804419229621,0.4062763528777858
1.0,0.2594029850746269,0.405793340438658
1.0,0.25932557445538645,0.4055042113464842
1.0,0.25924821002386633,0.4054024867474113
1.0,0.2591708917387414,0.4053242219651705
1.0,0.25909361955873583,0.4053095670082727
1.0,0.25901639344262295,0.4050346117311946
1.0,0.25893921334922526,0.4047533604578302
1.0,0.25886207923741433,0.4044222346396599
1.0,0.2587849910661108,0.4042320681495215
1.0,0.258707948794284,0.4037434843213894
1.0,0.2586309523809524,0.4036967227277067
1.0,0.258554001785183,0.4035555031400881
1.0,0.2584770969660916,0.4035353017978202
1.0,0.2584002378828427,0.4035100082204295
1.0,0.25832342449464923,0.4033069013986086
1.0,0.2582466567607727,0.4032599891881291
1.0,0.2581699346405229,0.4032290150064671
1.0,0.2580932580932581,0.4030572658462046
1.0,0.2580166270783848,0.4029297643408093
1.0,0.25794004155535766,0.4027769346398304
1.0,0.25786350148367954,0.4027022769991557
1.0,0.25778700682290123,0.4026728262592466
1.0,0.25771055753262156,0.4025743496298932
1.0,0.2576341535724874,0.4024801207134019
1.0,0.2575577949021932,0.4024189815096624
1.0,0.2574814814814815,0.4023228452522349
1.0,0.25740521327014215,0.4022295296642426
1.0,0.25732899022801303,0.4021728944190112
1.0,0.25725281231497926,0.4020165248086387
1.0,0.25717667949097367,0.4018065121568945
1.0,0.2571005917159763,0.4017300518393522
1.0,0.2570245489500148,0.4016824396281858
1.0,0.2569485511531638,0.401659993803436
1.0,0.2568725982855454,0.4016559930495812
1.0,0.2567966903073286,0.4016239793822326
1.0,0.2567208271787297,0.4013025736947856
1.0,0.2566450088600118,0.4010387935694636
1.0,0.25656923531148507,0.4010357744106458
1.0,0.2564935064935065,0.4009278589850862
1.0,0.2564178223664798,0.4007875559188247
1.0,0.2563421828908555,0.4007098829473166
1.0,0.25626658802713065,0.4006595749231286
1.0,0.25619103773584906,0.4004388601537901
1.0,0.25611553197760095,0.4002636776184141
1.0,0.256040070713023,0.4001569232017499
1.0,0.2559646539027982,0.4000886591201126
1.0,0.25588928150765605,0.399972761925793
1.0,0.2558139534883721,0.3998750876868379
1.0,0.2557386698057681,0.3998253043232246
1.0,0.255663430420712,0.3997440807235863
1.0,0.25558823529411767,0.3996791005482108
1.0,0.25551308438694503,0.3995428849623078
1.0,0.2554379776601999,0.3994910916992959
1.0,0.25536291507493386,0.3994162354013302
1.0,0.25528789659224443,0.3992288400239223
1.0,0.25521292217327457,0.3991861636202145
1.0,0.25513799177921315,0.3991685044541348
1.0,0.2550631053712944,0.3990843254292924
1.0,0.2549882629107981,0.3990453797207036
1.0,0.2549134643590496,0.3988086518519211
1.0,0.25483870967741934,0.3988050590868416
1.0,0.25476399882732337,0.398608492580162
1.0,0.25468933177022274,0.3983107548209183
1.0,0.2546147084676238,0.398107353948314
1.0,0.2545401288810779,0.3980919587151985
1.0,0.2544655929721816,0.3979813431218705
1.0,0.2543911007025761,0.3978469833285355
1.0,0.25431665203394793,0.3977364454936776
1.0,0.2542422469280281,0.397716174002217
1.0,0.25416788534659257,0.3976297338593919
1.0,0.254093567251462,0.3975654996775854
1.0,0.2540192926045016,0.3975547397222309
1.0,0.2539450613676213,0.3973309370955095
1.0,0.2538708735027753,0.3973059603659739
1.0,0.2537967289719626,0.3972221117411461
1.0,0.25372262773722626,0.397208303492434
1.0,0.2536485697606538,0.3971537606041702
1.0,0.25357455500437703,0.3969827849346569
1.0,0.25350058343057175,0.3969463050729704
1.0,0.25342665500145817,0.3968716530925026
1.0,0.2533527696793003,0.3967085592761613
1.0,0.2532789274264063,0.3964301750989857
1.0,0.2532051282051282,0.3964171009592637
1.0,0.25313137197786195,0.3962238987054404
1.0,0.25305765870704716,0.3961943196876794
1.0,0.2529839883551674,0.3959224620419968
1.0,0.2529103608847497,0.3957211575436946
1.0,0.25283677625836487,0.3957018356660722
1.0,0.2527632344386271,0.3955633104421063
1.0,0.2526897353881942,0.3954959660379701
1.0,0.25261627906976747,0.3954001425230571
1.0,0.2525428654460913,0.3950279426521027
1.0,0.25246949447995354,0.3948808655751059
1.0,0.2523961661341853,0.3948079023056662
1.0,0.25232288037166084,0.3947889159064734
1.0,0.2522496371552975,0.3947475487863417
1.0,0.2521764364480557,0.3947311605032207
1.0,0.25210327821293876,0.3947246514661661
1.0,0.25203016241299303,0.3946586358068098
1.0,0.25195708901130764,0.3944923242611755
1.0,0.2518840579710145,0.3943776986667318
1.0,0.25181106925528834,0.3940885135017976
1.0,0.2517381228273465,0.3937260672148533
1.0,0.2516652186504489,0.3936367777674776
1.0,0.2515923566878981,0.3935859930438329
1.0,0.2515195369030391,0.3933107436715707
1.0,0.25144675925925924,0.3930352517316697
1.0,0.2513740237199884,0.3930315472441459
1.0,0.25130133024869866,0.3930247638661782
1.0,0.2512286788089043,0.3929938426092748
1.0,0.25115606936416185,0.3928021719297319
1.0,0.25108350187806994,0.3925767615523144
1.0,0.2510109763142692,0.3924626232547442
1.0,0.2509384926364424,0.3922098535583264
1.0,0.2508660508083141,0.3919216471177897
1.0,0.2507936507936508,0.3918196527687775
1.0,0.2507212925562608,0.3915895676087486
1.0,0.25064897605999426,0.3914140954832985
1.0,0.2505767012687428,0.3912154085291849
1.0,0.2505044681464399,0.3911274508740954
1.0,0.2504322766570605,0.3910751079390251
1.0,0.25036012676462116,0.3908871500251046
1.0,0.2502880184331797,0.3908510470389825
1.0,0.2502159516268356,0.3907944451829306
1.0,0.2501439263097294,0.3903919195311188
1.0,0.25007194244604314,0.3903750367307929
1.0,0.25,0.3902864777102274
1.0,0.24992809893586426,0.3901652208132253
1.0,0.24985623921794134,0.3901215353089345
1.0,0.24978442081057775,0.3900390400816468
1.0,0.24971264367816093,0.3900086543174858
1.0,0.24964090778511921,0.3898680045194422
1.0,0.2495692130959219,0.3898368470688609
1.0,0.24949755957507896,0.3898301522362914
1.0,0.24942594718714123,0.3898084641667435
1.0,0.24935437589670015,0.3897677312604218
1.0,0.24928284566838785,0.3895578499569409
1.0,0.24921135646687698,0.3891210226327027
1.0,0.24913990825688073,0.3887432967572491
1.0,0.24906850100315275,0.3885701547954109
1.0,0.24899713467048712,0.3885344172093198
1.0,0.24892580922371813,0.3884984851422176
1.0,0.2488545246277205,0.3883506947497783
1.0,0.2487832808474091,0.3882669522737901
1.0,0.248712077847739,0.3882174563020158
1.0,0.2486409155937053,0.3881435253852435
1.0,0.24856979405034324,0.3880621598900406
1.0,0.24849871318272806,0.3878936759988001
1.0,0.24842767295597484,0.3878681625418858
1.0,0.24835667333523864,0.3876193382285309
1.0,0.24828571428571428,0.3875086965149434
1.0,0.2482147957726364,0.387500769868656
1.0,0.24814391776127928,0.3874836063164349
1.0,0.2480730802169569,0.3871186766526576
1.0,0.24800228310502284,0.3869379598608824
1.0,0.24793152639087018,0.3864441276242438
1.0,0.24786081003993155,0.3861658017017063
1.0,0.24779013401767894,0.3860895696663595
1.0,0.24771949828962372,0.3859745654335909
1.0,0.2476489028213166,0.385720431486265
1.0,0.24757834757834757,0.3856903383320189
1.0,0.24750783252634578,0.385643750793697
1.0,0.2474373576309795,0.3855501857870562
1.0,0.24736692285795617,0.3854366377345843
1.0,0.2472965281730222,0.3854067181574374
1.0,0.24722617354196302,0.3853867874416898
1.0,0.24715585893060296,0.3853789800097386
1.0,0.24708558430480523,0.3852987624643147
1.0,0.24701534963047186,0.3852088236710967
1.0,0.24694515487354363,0.3850554615807968
1.0,0.246875,0.38486836485592
1.0,0.24680488497585912,0.3847583462047966
1.0,0.24673480976717774,0.3847452345067654
1.0,0.2466647743400511,0.384713712411852
1.0,0.24659477866061294,0.3846741433019986
1.0,0.24652482269503545,0.3836945135163555
1.0,0.24645490640952922,0.3834285125610056
1.0,0.24638502977034307,0.3833685167593
1.0,0.24631519274376418,0.3833476063101371
1.0,0.24624539529611789,0.3831439084088975
1.0,0.24617563739376772,0.3830985901508373
1.0,0.24610591900311526,0.3830971335692855
1.0,0.24603624009060024,0.3828453236408536
1.0,0.24596660062270026,0.3826130370889785
1.0,0.24589700056593095,0.3825660102606857
1.0,0.24582743988684583,0.3824821510921556
1.0,0.2457579185520362,0.3822975060226975
1.0,0.2456884365281312,0.3821666792967269
1.0,0.24561899378179763,0.3821539691960857
1.0,0.24554959027974005,0.3820299813006054
1.0,0.24548022598870056,0.3819357164082379
1.0,0.24541090087545891,0.381919145722184
1.0,0.2453416149068323,0.3819146010802473
1.0,0.24527236804967542,0.3818622663223097
1.0,0.24520316027088035,0.3818421681286419
1.0,0.24513399153737658,0.381657676234415
1.0,0.24506486181613085,0.3815777518518188
1.0,0.24499577107414716,0.381464040411657
1.0,0.24492671927846674,0.3814407060715519
1.0,0.24485770639616794,0.381427288245693
1.0,0.2447887323943662,0.3811414956808091
1.0,0.24471979724021403,0.3810531976420315
1.0,0.24465090090090091,0.3806873982928761
1.0,0.24458204334365324,0.380526614821367
1.0,0.24451322453573437,0.3805142076334284
1.0,0.24444444444444444,0.3804756845655539
1.0,0.24437570303712036,0.3804039506790521
1.0,0.24430700028113578,0.3803718488663291
1.0,0.24423833614390106,0.3802134293792304
1.0,0.24416971059286316,0.3801784949123663
1.0,0.24410112359550562,0.3801760592183523
1.0,0.2440325751193485,0.3799131214912074
1.0,0.24396406513194835,0.379889811446005
1.0,0.24389559360089813,0.3797681064395519
1.0,0.24382716049382716,0.3796345603632186
1.0,0.2437587657784011,0.3795770068153398
1.0,0.24369040942232192,0.3791606102601685
1.0,0.24362209139332772,0.3791135312864035
1.0,0.24355381165919282,0.3790896656728429
1.0,0.24348557018772765,0.3787694793321446
1.0,0.2434173669467787,0.3787026036686045
1.0,0.2433492019042285,0.3786012958457142
1.0,0.2432810750279955,0.3785866608229052
1.0,0.24321298628603413,0.3781548620708134
1.0,0.24314493564633463,0.3781194716319377
1.0,0.24307692307692308,0.3780605758772316
1.0,0.2430089485458613,0.3780584430438593
1.0,0.24294101202124685,0.3780315748863015
1.0,0.24287311347121296,0.3778952816169658
1.0,0.24280525286392848,0.3778104233757389
1.0,0.24273743016759777,0.3776486231489316
1.0,0.24266964535046076,0.3776265207242182
1.0,0.24260189838079285,0.377520128845857
1.0,0.24253418922690484,0.377460143821796
1.0,0.24246651785714285,0.3773704013496293
1.0,0.24239888423988842,0.3773111233810348
1.0,0.24233128834355827,0.3772503047471103
1.0,0.2422637301366044,0.3768286903973807
1.0,0.24219620958751392,0.3766799775683791
1.0,0.24212872666480914,0.3766276770100544
1.0,0.24206128133704735,0.3765799498215144
1.0,0.24199387357282093,0.3764863547463133
1.0,0.24192650334075724,0.376261587368414
1.0,0.2418591706095185,0.376134914383588
1.0,0.2417918753478019,0.3759942481385085
1.0,0.24172461752433935,0.3758906274616186
1.0,0.24165739710789766,0.3758624730223219
1.0,0.2415902140672783,0.3757768739626921
1.0,0.2415230683713174,0.375774363652268
1.0,0.2414559599888858,0.3757443332766531
1.0,0.24138888888888888,0.3755286925823832
1.0,0.2413218550402666,0.3753937811695561
1.0,0.24125485841199334,0.375292019996745
1.0,0.241187898973078,0.3752638209321023
1.0,0.24112097669256383,0.3751597967116059
1.0,0.24105409153952842,0.3750587874599537
1.0,0.24098724348308376,0.3749995636683815
1.0,0.24092043249237594,0.3745891369837232
1.0,0.24085365853658536,0.3745657747316872
1.0,0.24078692158492657,0.374467049562834
1.0,0.2407202216066482,0.3743877554790261
1.0,0.24065355857103296,0.3742870507800135
1.0,0.24058693244739757,0.374152215884222
1.0,0.24052034320509272,0.3740318463687454
1.0,0.24045379081350304,0.373893964499391
1.0,0.24038727524204703,0.3737463413817463
1.0,0.24032079646017698,0.3736936117756367
1.0,0.24025435443737905,0.3735564383511675
1.0,0.240187949143173,0.3735282488238395
1.0,0.24012158054711247,0.3735162310196553
1.0,0.24005524861878452,0.3731215193285458
1.0,0.23998895332781,0.3731178567520065
1.0,0.2399226946438432,0.3730559089233259
1.0,0.2398564725365719,0.3728812976215566
1.0,0.23979028697571744,0.372794230281206
1.0,0.23972413793103448,0.3727174646163138
1.0,0.2396580253723111,0.372703960680174
1.0,0.23959194926936864,0.3727017502360972
1.0,0.23952590959206174,0.3725425361060114
1.0,0.2394599063102783,0.3725273796244574
1.0,0.23939393939393938,0.372328455859957
1.0,0.23932800881299918,0.3723086707441259
1.0,0.23926211453744495,0.3718044448390453
1.0,0.239196256537297,0.3716654408854775
1.0,0.2391304347826087,0.3716489310545854
1.0,0.2390646492434663,0.3714670651255525
1.0,0.23899889988998899,0.3713954283540972
1.0,0.23893318669232885,0.3713722102736068
1.0,0.2388675096206707,0.3712828732968709
1.0,0.2388018686452322,0.3710280817476409
1.0,0.23873626373626375,0.3709666505217372
1.0,0.23867069486404835,0.370660088904947
1.0,0.2386051619989017,0.3706021310703544
1.0,0.2385396651111721,0.3705156293487381
1.0,0.2384742041712404,0.3705096959489461
1.0,0.23840877914951988,0.3703652822869853
1.0,0.23834339001645638,0.3702493021582875
1.0,0.2382780367425281,0.3701905684444517
1.0,0.2382127192982456,0.3701866792866073
1.0,0.23814743765415183,0.3696557691277514
1.0,0.2380821917808219,0.3694268050323288
1.0,0.2380169816488633,0.3692388394104406
1.0,0.23795180722891565,0.3691772112146058
1.0,0.2378866684916507,0.3690394497998907
1.0,0.2378215654077723,0.3689661055942606
1.0,0.23775649794801643,0.3689457294129863
1.0,0.23769146608315098,0.3686591604127818
1.0,0.23762646978397595,0.3684095807279473
1.0,0.23756150902132311,0.3682800983784268
1.0,0.2374965837660563,0.3682065115408383
1.0,0.23743169398907105,0.3680733755856302
1.0,0.23736683966129474,0.368032030612397
1.0,0.2373020207536865,0.3677052035113048
1.0,0.23723723723723725,0.3676864179751946
1.0,0.23717248908296942,0.3676681033793359
1.0,0.23710777626193724,0.3676133016723224
1.0,0.23704309874522642,0.3675826259165191
1.0,0.2369784565039542,0.3671902224222515
1.0,0.23691384950926936,0.3670982885866741
1.0,0.23684927773235215,0.367049699921525
1.0,0.23678474114441417,0.366914259068645
1.0,0.23672023971669845,0.3668543237424428
1.0,0.2366557734204793,0.3668246149930055
1.0,0.23659134222706235,0.3666757209386291
1.0,0.23652694610778444,0.3666690002895496
1.0,0.2364625850340136,0.3666443498641863
1.0,0.23639825897714908,0.3663572503549207
1.0,0.23633396790862116,0.3662442991062601
1.0,0.23626971179989126,0.3661849171973596
1.0,0.23620549062245175,0.3660231457240283
1.0,0.2361413043478261,0.3659213102270471
1.0,0.2360771529475686,0.3658718683884903
1.0,0.23601303639326454,0.3657405644515906
1.0,0.23594895465653,0.3657262053145408
1.0,0.23588490770901194,0.3655053929321633
1.0,0.23582089552238805,0.3654321517380834
1.0,0.2357569180683668,0.3651949838869673
1.0,0.23569297531868727,0.3650880042651265
1.0,0.2356290672451193,0.3642837881543544
1.0,0.23556519381946328,0.3642579350806306
1.0,0.23550135501355013,0.3642552688364779
1.0,0.2354375507992414,0.3641577038570799
1.0,0.23537378114842902,0.3641101402973903
1.0,0.23531004603303549,0.3640227944860377
1.0,0.23524634542501355,0.3639936505217365
1.0,0.23518267929634643,0.363979335320704
1.0,0.23511904761904762,0.363911672516934
1.0,0.23505545036516093,0.3638373081516029
1.0,0.23499188750676042,0.3634763214569014
1.0,0.23492835901595024,0.3632791818029905
1.0,0.23486486486486485,0.3632744832848794
1.0,0.23480140502566874,0.3631845833379276
1.0,0.23473797947055647,0.3631548796680956
1.0,0.23467458817175263,0.3630054771073749
1.0,0.23461123110151189,0.3627588495512063
1.0,0.23454790823211877,0.3625737264388254
1.0,0.23448461953588776,0.362421768473511
1.0,0.2344213649851632,0.362396996769062
1.0,0.23435814455231932,0.3621314299507094
1.0,0.23429495820976004,0.3621111404908526
1.0,0.23423180592991913,0.3620459029862427
1.0,0.23416868768526003,0.3619033785541659
1.0,0.23410560344827586,0.3618002189045867
1.0,0.23404255319148937,0.3616742551973966
1.0,0.23397953688745288,0.3613870418876111
1.0,0.23391655450874832,0.3613124438112257
1.0,0.23385360602798708,0.3610646198616479
1.0,0.23379069141781006,0.3609977089917336
1.0,0.23372781065088757,0.3609394679887064
1.0,0.23366496369991932,0.3609293221381514
1.0,0.23360215053763442,0.3606718901232442
1.0,0.23353937113679119,0.360553764516249
1.0,0.23347662547017733,0.3604670667623261
1.0,0.23341391351060972,0.3604091561177225
1.0,0.23335123523093448,0.360211523464081
1.0,0.23328859060402685,0.3600803746296068
1.0,0.2332259796027912,0.3600532330892926
1.0,0.233163402200161,0.359884926556639
1.0,0.23310085836909872,0.3597317397592068
1.0,0.23303834808259588,0.3596905344648859
1.0,0.23297587131367292,0.3593491891241858
1.0,0.23291342803537926,0.359252654441361
1.0,0.23285101822079313,0.3590272537659418
1.0,0.2327886418430217,0.359013050955328
1.0,0.23272629887520085,0.3588624119660226
1.0,0.2326639892904953,0.3588556180888715
1.0,0.2326017130620985,0.3587604535361353
1.0,0.23253947016323254,0.3586382753982909
1.0,0.2324772605671482,0.3584180522524113
1.0,0.2324150842471249,0.358308268861349
1.0,0.2323529411764706,0.358048349179397
1.0,0.2322908313285218,0.3577018576451282
1.0,0.2322287546766435,0.3574392590768016
1.0,0.23216671119422924,0.3574024321398578
1.0,0.23210470085470086,0.3573588707416275
1.0,0.23204272363150868,0.3573489296939159
1.0,0.23198077949813134,0.3565745221256433
1.0,0.2319188684280758,0.3562326844664438
1.0,0.23185699039487725,0.3560453830077451
1.0,0.23179514537209922,0.3559934466556131
1.0,0.23173333333333335,0.3557405636227781
1.0,0.2316715542521994,0.3556599622290152
1.0,0.2316098081023454,0.3553702749458103
1.0,0.23154809485744737,0.355314314495171
1.0,0.23148641449120938,0.3551771308417015
1.0,0.23142476697736353,0.355122466164833
1.0,0.23136315228966986,0.3551181243487751
1.0,0.23130157040191643,0.355020348522145
1.0,0.2312400212879191,0.3548199446635173
1.0,0.23117850492152167,0.3547620921834387
1.0,0.23111702127659575,0.3547561743244593
1.0,0.2310555703270407,0.3547435928252198
1.0,0.2309941520467836,0.3546773341365649
1.0,0.23093276640977944,0.3546299598375173
1.0,0.23087141339001063,0.3545124747462294
1.0,0.23081009296148738,0.3543081378116717
1.0,0.23074880509824747,0.3539976585740563
1.0,0.23068754977435627,0.3539729473694348
1.0,0.23062632696390659,0.3539421988859718
1.0,0.23056513664101883,0.3538137300366432
1.0,0.23050397877984086,0.3537017086300677
1.0,0.23044285335454787,0.3536243094366224
1.0,0.23038176033934252,0.3533936091266817
1.0,0.2303206997084548,0.3533661743417664
1.0,0.23025967143614204,0.3532876135872131
1.0,0.23019867549668874,0.353010270654463
1.0,0.2301377118644068,0.3529798187199814
1.0,0.23007678051363517,0.3529724071420295
1.0,0.23001588141874008,0.3528552263955394
1.0,0.22995501455411485,0.352813679824276
1.0,0.2298941798941799,0.3526330664175868
1.0,0.2298333774133827,0.3526215920186522
1.0,0.2297726070861978,0.3526025861775912
1.0,0.2297118688871266,0.352591693564075
1.0,0.22965116279069767,0.3525471167746561
1.0,0.22959048877146632,0.3525108606755693
1.0,0.22952984680401478,0.35246704511811
1.0,0.2294692368629522,0.3523019800267513
1.0,0.22940865892291445,0.3522238465350668
1.0,0.22934811295856428,0.3521565534039163
1.0,0.22928759894459103,0.3521024849315041
1.0,0.2292271168557109,0.3519704950995064
1.0,0.22916666666666666,0.3518412577620517
1.0,0.2291062483522278,0.3518396302298716
1.0,0.2290458618871903,0.351773914426611
1.0,0.2289855072463768,0.3516966663329726
1.0,0.22892518440463647,0.351678060763771
1.0,0.22886489333684487,0.3516191211160376
1.0,0.22880463401790416,0.3514212208203444
1.0,0.22874440642274282,0.3513991344090194
1.0,0.2286842105263158,0.3512971866719341
1.0,0.2286240463036043,0.3511364842327032
1.0,0.228563913729616,0.3509717979521793
1.0,0.2285038127793847,0.350967468919371
1.0,0.22844374342797055,0.3508900387144042
1.0,0.22838370565045993,0.3508817772448618
1.0,0.22832369942196531,0.3508204240975198
1.0,0.22826372471762543,0.3506455959653177
1.0,0.22820378151260504,0.3506265820914867
1.0,0.22814386978209503,0.3506100391331739
1.0,0.22808398950131234,0.3506033597306083
1.0,0.22802414064549986,0.350421846446864
1.0,0.22796432318992654,0.3502222473684948
1.0,0.22790453710988723,0.3501436470295219
1.0,0.2278447823807027,0.350098319050393
1.0,0.22778505897771953,0.3500231467648837
1.0,0.22772536687631026,0.3498790141245004
1.0,0.2276657060518732,0.3497591259023221
1.0,0.2276060764798324,0.3496806263856721
1.0,0.2275464781356376,0.3496779366339457
1.0,0.2274869109947644,0.3496756742250746
1.0,0.22742737503271396,0.3496446286598847
1.0,0.2273678702250131,0.3495769459269783
1.0,0.22730839654721424,0.3493429289059927
1.0,0.2272489539748954,0.3492198658657363
1.0,0.22718954248366013,0.3491999051193748
1.0,0.22713016204913747,0.3490025337112354
1.0,0.22707081264698198,0.3488192680747681
1.0,0.22701149425287356,0.3486811336705334
1.0,0.22695220684251763,0.348676410625436
1.0,0.22689295039164492,0.3486608841366688
1.0,0.22683372487601147,0.3486489553833757
1.0,0.22677453027139874,0.3483837695887897
1.0,0.22671536655361335,0.3483805922402014
1.0,0.22665623369848723,0.3483707157591836
1.0,0.22659713168187745,0.3482527227416643
1.0,0.22653806047966632,0.3481987453123362
1.0,0.22647902006776127,0.3478651191093435
1.0,0.22642001042209484,0.3478298219683214
1.0,0.22636103151862463,0.3478229938547963
1.0,0.22630208333333332,0.3476515431962893
1.0,0.2262431658422286,0.3472653574064621
1.0,0.22618427902134305,0.3470948226532546
1.0,0.22612542284673431,0.3470198325155196
1.0,0.22606659729448492,0.3468678457991329
1.0,0.22600780234070222,0.3468455187776704
1.0,0.22594903796151847,0.3465993839757765
1.0,0.22589030413309072,0.3465083688950205
1.0,0.22583160083160084,0.346504321391092
1.0,0.22577292803325538,0.3464840822299672
1.0,0.2257142857142857,0.3459869971086261
1.0,0.2256556738509478,0.3459311147729383
1.0,0.22559709241952233,0.3458531281502086
1.0,0.22553854139631457,0.345829985545908
1.0,0.2254800207576544,0.3456958788352626
1.0,0.22542153047989624,0.3455623848826973
1.0,0.2253630705394191,0.3452545038869768
1.0,0.2253046409126264,0.3452277470499717
1.0,0.22524624157594608,0.3450370539505693
1.0,0.22518787250583053,0.3449425401730754
1.0,0.2251295336787565,0.3448736357309891
1.0,0.22507122507122507,0.3447888830225629
1.0,0.2250129466597618,0.344668161665872
1.0,0.2249546984209164,0.344642742722518
1.0,0.22489648033126294,0.3446020360410055
1.0,0.22483829236739974,0.3445516562909077
1.0,0.2247801345059493,0.3445504402553095
1.0,0.22472200672355833,0.3444543601644726
1.0,0.22466390899689762,0.3442696824561715
1.0,0.22460584130266217,0.3441936210826808
1.0,0.22454780361757107,0.3440615868467117
1.0,0.22448979591836735,0.3439029061043439
1.0,0.22443181818181818,0.3438919278866684
1.0,0.22437387038471468,0.3438683911840487
1.0,0.22431595250387196,0.3434929078370267
1.0,0.22425806451612904,0.3433033650961393
1.0,0.2242002063983488,0.3431287190292744
1.0,0.2241423781274181,0.3427698600742291
1.0,0.22408457968024756,0.342714373001949
1.0,0.2240268110337716,0.342648390117949
1.0,0.22396907216494846,0.3426298492026011
1.0,0.22391136305076012,0.3425711383815349
1.0,0.22385368366821226,0.3425602628376457
1.0,0.2237960339943343,0.3423993828433311
1.0,0.2237384140061792,0.342316263878352
1.0,0.22368082368082368,0.3421425683143581
1.0,0.223623262995368,0.3420531963030143
1.0,0.22356573192693593,0.3419925137544473
1.0,0.2235082304526749,0.3418626823799824
1.0,0.2234507585497557,0.3417701103115815
1.0,0.22339331619537275,0.341377760057263
1.0,0.22333590336674378,0.341121628318086
1.0,0.22327852004110996,0.3410788842013572
1.0,0.22322116619573593,0.3408941763389153
1.0,0.2231638418079096,0.3407674633013673
1.0,0.22310654685494224,0.3406091098369897
1.0,0.22304928131416837,0.3405975852630516
1.0,0.22299204516294585,0.3405176348419833
1.0,0.22293483837865571,0.340474113441461
1.0,0.22287766093870223,0.3404571633767945
1.0,0.22282051282051282,0.3404551731137731
1.0,0.22276339400153808,0.3404548269918379
1.0,0.22270630445925166,0.3404348339288123
1.0,0.2226492441711504,0.3401853561088397
1.0,0.2225922131147541,0.3400253264567038
1.0,0.22253521126760564,0.3399271062667747
1.0,0.22247823860727087,0.3397339488284897
1.0,0.22242129511133862,0.3396914255059313
1.0,0.22236438075742068,0.3394340085607757
1.0,0.2223074955231517,0.3394020305851434
1.0,0.22225063938618925,0.3392795652942119
1.0,0.22219381232421376,0.3390968916119545
1.0,0.22213701431492844,0.3390186689050117
1.0,0.2220802453360593,0.3390024619719917
1.0,0.22202350536535514,0.338901033011033
1.0,0.22196679438058747,0.3386928816098047
1.0,0.22191011235955055,0.3384583403737956
1.0,0.22185345928006128,0.3383357853305181
1.0,0.22179683511995915,0.3382433880931079
1.0,0.2217402398571064,0.3381000938378579
1.0,0.22168367346938775,0.3380756309289178
1.0,0.22162713593471053,0.337963505305102
1.0,0.2215706272310046,0.3377585259454037
1.0,0.22151414733622227,0.3375378787630878
1.0,0.22145769622833844,0.3375205760115813
1.0,0.22140127388535033,0.3375140969063162
1.0,0.22134488028527763,0.3374155912918206
1.0,0.22128851540616246,0.3373672039024871
1.0,0.22123217922606925,0.3373482091895128
1.0,0.22117587172308475,0.3371942334894377
1.0,0.22111959287531807,0.3368745918349832
1.0,0.22106334266090052,0.336869829931099
1.0,0.22100712105798576,0.3368679811573817
1.0,0.22095092804474956,0.3368578967512267
1.0,0.22089476359938992,0.3368284161557787
1.0,0.22083862770012708,0.3364937822074992
1.0,0.22078252032520326,0.3364040111987957
1.0,0.2207264414528829,0.3362913068371207
1.0,0.2206703910614525,0.3362756793170757
1.0,0.2206143691292206,0.3362334683863798
1.0,0.22055837563451777,0.3361929095352757
1.0,0.22050241055569653,0.3360927358033396
1.0,0.2204464738711314,0.3360481542288225
1.0,0.22039056555921888,0.3357781121132057
1.0,0.2203346855983773,0.3357188719269059
1.0,0.2202788339670469,0.3356781292481005
1.0,0.22022301064368982,0.3356580237820601
1.0,0.22016721560678998,0.3356227748432325
1.0,0.2201114488348531,0.3354942368282847
1.0,0.2200557103064067,0.335324064360343
1.0,0.22,0.335048789674719
1.0,0.219944317894204,0.3349719859715101
1.0,0.21988866396761134,0.3348030534529835
1.0,0.21983303819883632,0.3347069684357168
1.0,0.2197774405665149,0.3346855974085808
1.0,0.21972187104930468,0.3344620520792727
1.0,0.21966632962588473,0.3343859137758562
1.0,0.21961081627495577,0.3343683716725487
1.0,0.21955533097524002,0.3341408086269096
1.0,0.21949987370548119,0.3341382798047614
1.0,0.21944444444444444,0.334090916909209
1.0,0.21938904317091643,0.333909532260479
1.0,0.2193336698637052,0.3338293843522364
1.0,0.21927832450164017,0.3337958707046571
1.0,0.21922300706357215,0.3337505886129663
1.0,0.21916771752837327,0.3336750710757266
1.0,0.21911245587493697,0.3335041702147202
1.0,0.21905722208217795,0.3333470769454741
1.0,0.21900201612903225,0.3333241063958616
1.0,0.21894683799445705,0.3333000142676885
1.0,0.21889168765743072,0.333284566130778
1.0,0.2188365650969529,0.3332331340176653
1.0,0.2187814702920443,0.3331356552133636
1.0,0.2187264032217468,0.3331337018873596
1.0,0.2186713638651233,0.3331292494227847
1.0,0.21861635220125786,0.3331219324468432
1.0,0.21856136820925554,0.3327789148867801
1.0,0.2185064118682424,0.3327203058639374
1.0,0.2184514831573655,0.3325891820662586
1.0,0.2183965820557929,0.3324718166902043
1.0,0.21834170854271356,0.3323445732415423
1.0,0.21828686259733734,0.3321422529780461
1.0,0.21823204419889503,0.3320615278867243
1.0,0.2181772533266382,0.3319572711874176
1.0,0.21812248995983935,0.3319181802157585
1.0,0.21806775407779172,0.3317927044001557
1.0,0.21801304565980933,0.3317735415313083
1.0,0.21795836468522697,0.331736242522727
1.0,0.2179037111334002,0.3315142940093824
1.0,0.2178490849837052,0.3314647322370194
1.0,0.21779448621553885,0.3314312322940775
1.0,0.21773991480831872,0.3314167848879535
1.0,0.21768537074148298,0.3313993841188675
1.0,0.21763085399449036,0.3313042193621546
1.0,0.21757636454682022,0.3312538976816214
1.0,0.21752190237797248,0.3312003267019485
1.0,0.21746746746746748,0.3311807633575154
1.0,0.21741305979484613,0.3310651947191528
1.0,0.21735867933966985,0.3310460531487804
1.0,0.2173043260815204,0.3309249354756324
1.0,0.21725,0.3308402236697091
1.0,0.21719570107473132,0.3306493338493582
1.0,0.21714142928535732,0.3306326242217288
1.0,0.21708718461154133,0.3305996143512376
1.0,0.21703296703296704,0.3303811439346535
1.0,0.21697877652933834,0.330371255027336
1.0,0.21692461308037944,0.3303262522517105
1.0,0.21687047666583478,0.3302919824030766
1.0,0.21681636726546907,0.3302505845145406
1.0,0.2167622848590671,0.3299700522687136
1.0,0.21670822942643392,0.3299334180820671
1.0,0.21665420094739465,0.3297233394661082
1.0,0.21660019940179462,0.3297223257930181
1.0,0.21654622476949914,0.3296936204480147
1.0,0.21649227703039362,0.3295890418539806
1.0,0.21643835616438356,0.3295786247987941
1.0,0.21638446215139442,0.3294807995936897
1.0,0.21633059497137166,0.3294642957820143
1.0,0.21627675460428072,0.3292989628244823
1.0,0.216222941030107,0.32927081432388
1.0,0.21616915422885571,0.3291063114080949
1.0,0.2161153941805521,0.3289634031523622
1.0,0.21606166086524117,0.3288901792035747
1.0,0.21600795426298783,0.3287397309728085
1.0,0.21595427435387674,0.3286955092667484
1.0,0.21590062111801242,0.3286578373834931
1.0,0.21584699453551912,0.3286201378433573
1.0,0.21579339458654084,0.3282776029446733
1.0,0.2157398212512413,0.3282042808945836
1.0,0.21568627450980393,0.3281826432931165
1.0,0.21563275434243176,0.3280327661197589
1.0,0.21557926072934755,0.3278155470529723
1.0,0.21552579365079366,0.3277361254855521
1.0,0.215472353087032,0.3277117088557915
1.0,0.21541893901834408,0.3276895541565588
1.0,0.21536555142503097,0.3275302492502557
1.0,0.21531219028741327,0.3275251657629159
1.0,0.21525885558583105,0.3273943376394702
1.0,0.2152055473006439,0.3272604399576893
1.0,0.21515226541223076,0.3272413895133741
1.0,0.2150990099009901,0.3271596165201014
1.0,0.21504578074733977,0.3270795054665762
1.0,0.21499257793171697,0.3270571012486646
1.0,0.2149394014345783,0.3270356342531768
1.0,0.2148862512363996,0.3269387250855752
1.0,0.21483312731767615,0.3269370865895787
1.0,0.2147800296589224,0.3268371360543048
1.0,0.2147269582406721,0.3266909898169176
1.0,0.21467391304347827,0.3266720292371153
1.0,0.21462089404791307,0.326509059972403
1.0,0.2145679012345679,0.3262391593485022
1.0,0.21451493458405332,0.3259686863685068
1.0,0.214461994076999,0.3259490542482076
1.0,0.2144090796940538,0.3259284081605534
1.0,0.21435619141588555,0.3258742445671837
1.0,0.21430332922318127,0.3258606207178354
1.0,0.21425049309664695,0.3258394328948895
1.0,0.21419768301700765,0.3258313706832453
1.0,0.21414489896500738,0.3257181655038187
1.0,0.2140921409214092,0.3257079689674168
1.0,0.21403940886699507,0.3256731338080071
1.0,0.21398670278256587,0.3255930556124045
1.0,0.2139340226489414,0.3255335149738915
1.0,0.21388136844696037,0.3254946426217918
1.0,0.21382874015748032,0.3250775808183507
1.0,0.2137761377613776,0.3249871138535784
1.0,0.21372356123954747,0.3249592158128132
1.0,0.21367101057290386,0.3248050352461677
1.0,0.21361848574237954,0.3247903605658442
1.0,0.21356598672892602,0.3246330699701558
1.0,0.21351351351351353,0.3246018179562667
1.0,0.21346106607713092,0.3244930800527187
1.0,0.21340864440078586,0.3242474854190526
1.0,0.21335624846550455,0.3242096131608571
1.0,0.21330387825233185,0.3241266273508789
1.0,0.2132515337423313,0.3240463862556768
1.0,0.2131992149165849,0.323636294038357
1.0,0.2131469217561933,0.3234922656420402
1.0,0.21309465424227564,0.3234662012759094
1.0,0.2130424123559696,0.3234287702002613
1.0,0.21299019607843137,0.3232895201916647
1.0,0.21293800539083557,0.3231644852755523
1.0,0.2128858402743753,0.3230579068414168
1.0,0.21283370071026206,0.3230167888318748
1.0,0.21278158667972577,0.3229476077269363
1.0,0.21272949816401468,0.3227540360106423
1.0,0.2126774351443955,0.3226013324363805
1.0,0.21262539760215318,0.3225698547331432
1.0,0.212573385518591,0.3225390413887164
1.0,0.21252139887503058,0.3224917179152728
1.0,0.21246943765281173,0.322441455800367
1.0,0.21241750183329258,0.3224084208197879
1.0,0.21236559139784947,0.322392142474008
1.0,0.21231370632787686,0.3223827434046024
1.0,0.2122618466047875,0.3222826158733319
1.0,0.2122100122100122,0.3222824465792603
1.0,0.212158203125,0.3221392437970994
1.0,0.21210641933121796,0.3220600961670661
1.0,0.21205466081015129,0.3220450032040159
1.0,0.21200292754330324,0.32204171148854
1.0,0.21195121951219512,0.3220389321446362
1.0,0.21189953669836625,0.3220181506193715
1.0,0.21184787908337396,0.3213479690996187
1.0,0.21179624664879357,0.3209300430939797
1.0,0.21174463937621832,0.3207123325172408
1.0,0.21169305724725945,0.3205568925253557
1.0,0.21164150024354603,0.3202865072559854
1.0,0.2115899683467251,0.320149419505189
1.0,0.21153846153846154,0.3200808787107716
1.0,0.21148697980043807,0.3200052423935897
1.0,0.21143552311435523,0.319914652550907
1.0,0.2113840914619314,0.3198919094988502
1.0,0.21133268482490272,0.3198622329266943
1.0,0.21128130318502308,0.3198454974753971
1.0,0.21122994652406418,0.3198155982302346
1.0,0.2111786148238153,0.319717979417834
1.0,0.21112730806608357,0.3194206112536195
1.0,0.2110760262326937,0.3193773045740842
1.0,0.2110247693054881,0.3193758231367349
1.0,0.21097353726632678,0.3193463679984658
1.0,0.21092233009708738,0.3192978813935293
1.0,0.21087114777966512,0.3192174949676918
1.0,0.21081999029597284,0.3191130311987304
1.0,0.21076885762794081,0.3190562419540725
1.0,0.21071774975751698,0.3190300383913931
1.0,0.21066666666666667,0.3190092637894751
1.0,0.21061560833737275,0.3188267780097396
1.0,0.21056457475163556,0.3187964010451678
1.0,0.21051356589147288,0.3187917578106186
1.0,0.21046258173891982,0.318616380465007
1.0,0.21041162227602905,0.3185986180064337
1.0,0.2103606874848705,0.3184694512447792
1.0,0.21030977734753145,0.3184524118259743
1.0,0.21025889184611662,0.3184467678311383
1.0,0.21020803096274795,0.3182716811753729
1.0,0.2101571946795647,0.3182639430656528
1.0,0.21010638297872342,0.3181983695820637
1.0,0.21005559584239789,0.3180466929424165
1.0,0.21000483325277913,0.3179935872902338
1.0,0.2099540951920754,0.3179803073725096
1.0,0.20990338164251207,0.3179209469127477
1.0,0.2098526925863318,0.3179145297227921
1.0,0.2098020280057943,0.3178697625603466
1.0,0.20975138788317643,0.3178336841201627
1.0,0.2097007722007722,0.3177989540339243
1.0,0.20965018094089263,0.3177863999197853
1.0,0.2095996140858659,0.3176095203515769
1.0,0.20954907161803712,0.3176005495804699
1.0,0.20949855351976857,0.3175658474707543
1.0,0.2094480597734394,0.3175521643043869
1.0,0.20939759036144578,0.3175194146284226
1.0,0.2093471452662009,0.3172281095890923
1.0,0.20929672447013487,0.3171132139354795
1.0,0.20924632795569467,0.3170890735619099
1.0,0.20919595570534424,0.3170424380636313
1.0,0.20914560770156437,0.316858358969193
1.0,0.20909528392685275,0.3167404631278392
1.0,0.20904498436372385,0.3166272818690786
1.0,0.20899470899470898,0.316620827003758
1.0,0.20894445780235635,0.316610090469846
1.0,0.20889423076923078,0.3165363700023919
1.0,0.20884402787791395,0.3164241261598151
1.0,0.20879384911100432,0.3163518049061348
1.0,0.20874369445111698,0.3163199054101275
1.0,0.20869356388088375,0.3163073950680767
1.0,0.20864345738295317,0.316296592694834
1.0,0.2085933749399904,0.316224655154339
1.0,0.20854331653467723,0.316197214427885
1.0,0.2084932821497121,0.316146793599928
1.0,0.20844327176781002,0.3159917501291464
1.0,0.20839328537170262,0.3157417268263061
1.0,0.2083433229441381,0.3156564510377367
1.0,0.20829338446788112,0.3156506636817028
1.0,0.2082434699257129,0.3156194893587092
1.0,0.20819357930043125,0.3154146866742165
1.0,0.2081437125748503,0.3153670622878104
1.0,0.20809386973180077,0.3153180777790534
1.0,0.20804405075412977,0.3153103891789749
1.0,0.2079942556247008,0.3151342766534843
1.0,0.20794448432639387,0.3150998639193877
1.0,0.20789473684210527,0.3150751382309892
1.0,0.20784501315474765,0.3150444512779515
1.0,0.20779531324725012,0.3150227796145007
1.0,0.20774563710255797,0.3150174435724356
1.0,0.20769598470363287,0.3150062805192555
1.0,0.2076463560334528,0.3148387573705585
1.0,0.20759675107501194,0.3146788340225392
1.0,0.20754716981132076,0.3146605212326728
1.0,0.20749761222540591,0.3145300356287567
1.0,0.20744807830031034,0.3145007792891436
1.0,0.20739856801909307,0.314488860503971
1.0,0.2073490813648294,0.3144347441728219
1.0,0.2072996183206107,0.3140571535891058
1.0,0.20725017886954447,0.3140278599033819
1.0,0.2072007629947544,0.3140213594661337
1.0,0.20715137067938022,0.3138434546265983
1.0,0.20710200190657768,0.3137434866960453
1.0,0.2070526566595187,0.3135894321240989
1.0,0.20700333492139114,0.3135084606880565
1.0,0.2069540366753989,0.3133702583180761
1.0,0.2069047619047619,0.3133415489081602
1.0,0.206855510592716,0.3130820477245908
1.0,0.20680628272251309,0.3130361738015753
1.0,0.2067570782774209,0.3128823621638537
1.0,0.2067078972407231,0.3128194088264827
1.0,0.20665873959571937,0.3128140677321501
1.0,0.20660960532572514,0.3128007175463529
1.0,0.2065604944140718,0.3127200320956237
1.0,0.20651140684410646,0.3126285932008542
1.0,0.20646234259919222,0.3126249646724183
1.0,0.20641330166270783,0.3125501203973798
1.0,0.20636428401804796,0.3124671544658927
1.0,0.20631528964862297,0.312299462569843
1.0,0.206266318537859,0.3122513310338395
1.0,0.2062173706691979,0.3120529015971894
1.0,0.20616844602609727,0.3119588360211373
1.0,0.20611954459203036,0.3116920962873807
1.0,0.20607066635048613,0.311684157972307
1.0,0.2060218112849692,0.3116582161534754
1.0,0.20597297937899978,0.3116423469951319
1.0,0.20592417061611373,0.3116354584431411
1.0,0.2058753849798626,0.3114943895131328
1.0,0.20582662245381336,0.3111490053044581
1.0,0.20577788302154867,0.3111103996126628
1.0,0.20572916666666666,0.3110988395711619
1.0,0.20568047337278106,0.311053984206291
1.0,0.20563180312352106,0.3110177671393431
1.0,0.20558315590253134,0.3107410058298654
1.0,0.20553453169347208,0.3106246878311093
1.0,0.20548593048001892,0.3105443436155665
1.0,0.20543735224586288,0.310500557865991
1.0,0.20538879697471046,0.3104212594257545
1.0,0.20534026465028354,0.310411493742014
1.0,0.2052917552563194,0.3103506073045686
1.0,0.20524326877657062,0.3101214350065294
1.0,0.2051948051948052,0.3101076799380418
1.0,0.20514636449480642,0.3100484646333996
1.0,0.2050979466603729,0.3100009750423353
1.0,0.20504955167531855,0.3098086846058241
1.0,0.20500117952347252,0.3097953499449343
1.0,0.20495283018867924,0.3097532013404039
1.0,0.2049045036547984,0.3095936513362114
1.0,0.20485619990570486,0.3095214582151792
1.0,0.2048079189252887,0.3091657058706327
1.0,0.20475966069745524,0.3090876750578825
1.0,0.20471142520612484,0.3090274236249702
1.0,0.20466321243523317,0.3087612452759767
1.0,0.20461502236873086,0.3087108906993958
1.0,0.2045668549905838,0.308612827468696
1.0,0.2045187102847729,0.3085796054038148
1.0,0.20447058823529413,0.308558019978986
1.0,0.20442248882615854,0.308485521483641
1.0,0.20437441204139228,0.3084438915971387
1.0,0.20432635786503645,0.3082427670778351
1.0,0.20427832628114714,0.3082057721306665
1.0,0.20423031727379554,0.3081152960229206
1.0,0.20418233082706766,0.3080300822812256
1.0,0.2041343669250646,0.3078181387289374
1.0,0.2040864255519023,0.3076889093058542
1.0,0.20403850669171167,0.3076245954007641
1.0,0.2039906103286385,0.3075486104067413
1.0,0.20394273644684346,0.3074388358050628
1.0,0.2038948850305021,0.307385978378524
1.0,0.20384705606380482,0.3073164754064464
1.0,0.20379924953095685,0.3072042573755146
1.0,0.2037514654161782,0.3072036499867364
1.0,0.2037037037037037,0.3070744213878872
1.0,0.203655964377783,0.3069823228294488
1.0,0.2036082474226804,0.306854850851125
1.0,0.2035605528226751,0.306833627629567
1.0,0.20351288056206088,0.3067761024416664
1.0,0.20346523062514635,0.3066647747573389
1.0,0.2034176029962547,0.3064961940930109
1.0,0.20336999765972386,0.3059267708558955
1.0,0.2033224145999064,0.3059134187447664
1.0,0.20327485380116958,0.3058082512322893
1.0,0.20322731524789522,0.3058079241905052
1.0,0.20317979892447977,0.3057992284415187
1.0,0.20313230481533426,0.305590021830903
1.0,0.20308483290488433,0.3055220472079121
1.0,0.20303738317757009,0.3054887294955923
1.0,0.2029899556178463,0.3053476303890704
1.0,0.20294255021018215,0.3052183760843134
1.0,0.2028951669390614,0.3051520983642928
1.0,0.20284780578898226,0.3051109015732847
1.0,0.2028004667444574,0.3050610591332222
1.0,0.202753149790014,0.3050059988277606
1.0,0.2027058549101936,0.3049113781707488
1.0,0.20265858208955223,0.3045819441676243
1.0,0.2026113313126603,0.3045689182117774
1.0,0.20256410256410257,0.3045521457870757
1.0,0.2025168958284782,0.3045372501236463
1.0,0.20246971109040074,0.3044913394728492
1.0,0.20242254833449802,0.30440444713282
1.0,0.2023754075454122,0.3042371144906521
1.0,0.20232828870779976,0.304203884387798
1.0,0.20228119180633147,0.3041572762893154
1.0,0.20223411682569234,0.3041393751954195
1.0,0.20218706375058165,0.3039822878734024
1.0,0.20214003256571295,0.3038044127199662
1.0,0.20209302325581396,0.3037012301640143
1.0,0.2020460358056266,0.3036452101582415
1.0,0.201999070199907,0.3036058386658318
1.0,0.20195212642342553,0.3034611719945115
1.0,0.20190520446096655,0.3033776749084587
1.0,0.20185830429732868,0.3031722373530415
1.0,0.20181142591732465,0.3031186467206942
1.0,0.2017645693057813,0.3028434624935218
1.0,0.20171773444753946,0.3028211863787282
1.0,0.20167092132745418,0.302781213856717
1.0,0.20162412993039444,0.3027451176750196
1.0,0.20157736024124334,0.3025082796475601
1.0,0.20153061224489796,0.3023714972627729
1.0,0.20148388592626942,0.3020017199358848
1.0,0.2014371812702828,0.3019731976262651
1.0,0.20139049826187716,0.3018543280336305
1.0,0.20134383688600557,0.301749845816853
1.0,0.20129719712763494,0.3016776806948794
1.0,0.20125057897174617,0.3016621068644009
1.0,0.2012039824033341,0.3015349911080435
1.0,0.2011574074074074,0.3015181720402807
1.0,0.20111085396898867,0.3013785313789439
1.0,0.2010643220731143,0.3012136235476778
1.0,0.2010178117048346,0.3011782848213096
1.0,0.20097132284921368,0.3011201376235924
1.0,0.2009248554913295,0.3009151658988941
1.0,0.2008784096162737,0.3007249425195906
1.0,0.20083198520915183,0.3007180131962942
1.0,0.20078558225508317,0.3007179072469911
1.0,0.20073920073920073,0.3006739252662814
1.0,0.20069284064665127,0.3006275907510882
1.0,0.20064650196259523,0.3005551841250993
1.0,0.20060018467220683,0.3004463357813462
1.0,0.2005538887606739,0.3004001453594953
1.0,0.20050761421319796,0.3001607354344025
1.0,0.20046136101499423,0.2998665317217642
1.0,0.2004151291512915,0.2997411734573559
1.0,0.20036891860733225,0.299631120459534
1.0,0.20032272936837253,0.2995959319158705
1.0,0.20027656141968195,0.2995890945023702
1.0,0.20023041474654377,0.299451469970143
1.0,0.20018428933425478,0.2990677000143821
1.0,0.2001381851681253,0.2989871699645908
1.0,0.20009210223347917,0.2989097216649844
1.0,0.20004604051565378,0.2987460606164761
1.0,0.2,0.2987233046960465
1.0,0.1999539806718822,0.2986905429055885
1.0,0.19990798251667816,0.298677783612627
1.0,0.1998620055197792,0.2985097738952463
1.0,0.19981604966659003,0.2984901830602761
1.0,0.19977011494252875,0.2984350399491561
1.0,0.1997242013330269,0.2984305305383011
1.0,0.1996783088235294,0.2981865898568562
1.0,0.1996324373994946,0.2979906724434673
1.0,0.19958658704639412,0.2976939846411188
1.0,0.19954075774971297,0.2975895113400207
1.0,0.1994949494949495,0.2975728152212101
1.0,0.19944916226761533,0.2975099372168264
1.0,0.19940339605323543,0.2974051387500142
1.0,0.19935765083734802,0.2972817642991841
1.0,0.1993119266055046,0.2970906085859028
1.0,0.1992662233432699,0.2969587126938723
1.0,0.19922054103622192,0.296948009319011
1.0,0.19917487966995187,0.2969351628068528
1.0,0.19912923923006415,0.2969245088306533
1.0,0.1990836197021764,0.29691042075593
1.0,0.19903802107191937,0.2968656671833182
1.0,0.19899244332493704,0.2967239861071528
1.0,0.19894688644688643,0.2966075569413317
1.0,0.19890135042343784,0.2963637584359206
1.0,0.1988558352402746,0.296265451422219
1.0,0.1988103408830931,0.2962056399601158
1.0,0.19876486733760293,0.2961888114852462
1.0,0.19871941458952663,0.2960160882213455
1.0,0.1986739826245999,0.2959981073471384
1.0,0.19862857142857143,0.2959575473119839
1.0,0.19858318098720293,0.2958394889130707
1.0,0.19853781128626913,0.2956794158710442
1.0,0.1984924623115578,0.2956225844479903
1.0,0.1984471340488696,0.2956096899008089
1.0,0.19840182648401827,0.2955715027312784
1.0,0.1983565396028304,0.2954122458345922
1.0,0.1983112733911456,0.2953726033718774
1.0,0.19826602783481634,0.2953463825778263
1.0,0.19822080291970803,0.2950438972751601
1.0,0.19817559863169898,0.2950160077117573
1.0,0.19813041495668035,0.2942860762535878
1.0,0.1980852518805562,0.2941780960680186
1.0,0.19804010938924338,0.2940168384378581
1.0,0.19799498746867167,0.2939308906699882
1.0,0.1979498861047836,0.2938430454969281
1.0,0.1979048052835345,0.2935473766635746
1.0,0.19785974499089254,0.2934031240858484
1.0,0.19781470521283862,0.2933211438016709
1.0,0.1977696859353664,0.2932854228591645
1.0,0.19772468714448235,0.293157609888881
1.0,0.19767970882620564,0.2930850453209587
1.0,0.1976347509665681,0.2926876881548202
1.0,0.19758981355161437,0.2926494410377722
1.0,0.19754489656740168,0.2926237244871158
1.0,0.1975,0.2924477003844728
1.0,0.19745512383549194,0.2923946022568555
1.0,0.19741026805997275,0.2923485963335042
1.0,0.1973654326595503,0.2923199990074728
1.0,0.19732061762034514,0.2923196565998683
1.0,0.19727582292849036,0.2921505579632516
1.0,0.19723104857013163,0.2921383316610991
1.0,0.19718629453142728,0.292137123748522
1.0,0.19714156079854808,0.2920142495421979
1.0,0.1970968473576775,0.2919745499264157
1.0,0.19705215419501135,0.2918673565069755
1.0,0.1970074812967581,0.291833666817308
1.0,0.19696282864913872,0.2917636698806692
1.0,0.19691819623838658,0.2917526002620623
1.0,0.19687358405074762,0.2917336568969415
1.0,0.19682899207248017,0.2917149153964663
1.0,0.19678442028985507,0.2916959929293518
1.0,0.19673986868915552,0.291685485620235
1.0,0.19669533725667723,0.2915913597539267
1.0,0.1966508259787282,0.2915907152358298
1.0,0.19660633484162895,0.2914182471519869
1.0,0.19656186383171229,0.2913479563545962
1.0,0.19651741293532338,0.2912554602281792
1.0,0.1964729821388198,0.2911328258056695
1.0,0.19642857142857142,0.2910125493340769
1.0,0.19638418079096046,0.2910077337025621
1.0,0.1963398102123814,0.2908219351891289
1.0,0.19629545967924103,0.2904418245965266
1.0,0.19625112917795845,0.2904062222807105
1.0,0.196206818694965,0.2903739302676297
1.0,0.1961625282167043,0.2902978761429604
1.0,0.19611825772963215,0.2902819794222606
1.0,0.19607400722021662,0.2900736708278049
1.0,0.19602977667493796,0.2900257885484865
1.0,0.19598556608028866,0.2897400553954166
1.0,0.1959413754227734,0.2897345360548999
1.0,0.19589720468890892,0.2895204665019962
1.0,0.19585305386522425,0.2894865058656167
1.0,0.19580892293826047,0.2894011102259833
1.0,0.19576481189457084,0.2890282323495336
1.0,0.19572072072072072,0.2890243891667952
1.0,0.19567664940328755,0.2889856317338192
1.0,0.19563259792886087,0.288893337216185
1.0,0.1955885662840423,0.2887742850937412
1.0,0.19554455445544555,0.2887704012618575
1.0,0.1955005624296963,0.2885696298853707
1.0,0.1954565901934323,0.2885016865212229
1.0,0.19541263773330336,0.2884503683664413
1.0,0.19536870503597123,0.2884496406370337
1.0,0.19532479208810968,0.2883663829085285
1.0,0.19528089887640449,0.2881450684609554
1.0,0.19523702538755336,0.2880979523416578
1.0,0.19519317160826594,0.2880667542512574
1.0,0.19514933752526387,0.2880358652052261
1.0,0.19510552312528065,0.2879718752112623
1.0,0.19506172839506172,0.2879565425426819
1.0,0.19501795332136446,0.2879180431865905
1.0,0.19497419789095805,0.2879051338264342
1.0,0.1949304620906236,0.2878433617745695
1.0,0.19488674590715407,0.2877964286739103
1.0,0.19484304932735427,0.2876437977310913
1.0,0.1947993723380408,0.2875206437296176
1.0,0.19475571492604213,0.2874993911103798
1.0,0.19471207707819851,0.2874594289200584
1.0,0.19466845878136202,0.2873899095214713
1.0,0.19462486002239643,0.2873609197448039
1.0,0.19458128078817735,0.2873594487163797
1.0,0.1945377210655921,0.2871477924712008
1.0,0.19449418084153983,0.28713974497118
1.0,0.1944506601029313,0.2870835641519521
1.0,0.19440715883668905,0.2870659755544313
1.0,0.19436367702974727,0.2870576206100922
1.0,0.1943202146690519,0.286990018048874
1.0,0.19427677174156047,0.2869183819513478
1.0,0.1942333482342423,0.286819928816181
1.0,0.19418994413407822,0.2866692168503568
1.0,0.19414655942806078,0.2863415906703423
1.0,0.1941031941031941,0.2862810196306096
1.0,0.19405984814649396,0.2861991250431983
1.0,0.19401652154498772,0.2861334034159172
1.0,0.1939732142857143,0.2860865448436375
1.0,0.19392992635572417,0.2860438423063631
1.0,0.19388665774207942,0.2860174318461125
1.0,0.19384340843185366,0.2859901792373238
1.0,0.193800178412132,0.28597930527553
1.0,0.19375696767001116,0.2859228690490682
1.0,0.1937137761925992,0.2858726521271664
1.0,0.19367060396701583,0.2857264462444808
1.0,0.19362745098039216,0.2857234459373257
1.0,0.1935843172198708,0.2857216691383247
1.0,0.1935412026726058,0.2857196941862422
1.0,0.19349810732576264,0.2856847383013418
1.0,0.19345503116651824,0.2855592781160118
1.0,0.193411974182061,0.2854537580044144
1.0,0.19336893635959057,0.2853954204895739
1.0,0.19332591768631813,0.2852198617659541
1.0,0.1932829181494662,0.2851680049643038
1.0,0.19323993773626863,0.2851289983642943
1.0,0.19319697643397066,0.2850929848782362
1.0,0.19315403422982885,0.2847709811365744
1.0,0.19311111111111112,0.284744862143141
1.0,0.19306820706509664,0.2847277227343499
1.0,0.19302532207907597,0.2846869893252826
1.0,0.19298245614035087,0.2846580850244498
1.0,0.19293960923623446,0.2844015551023259
1.0,0.19289678135405106,0.2843927561749588
1.0,0.19285397248113625,0.2841226201448106
1.0,0.19281118260483693,0.2840092899550533
1.0,0.19276841171251108,0.2839841545509899
1.0,0.19272565979152806,0.2839619763072579
1.0,0.1926829268292683,0.2838156193142131
1.0,0.19264021281312346,0.2838046481698502
1.0,0.19259751773049646,0.2836632944602554
1.0,0.19255484156880123,0.283652507567414
1.0,0.192512184315463,0.2836080984928145
1.0,0.19246954595791804,0.2836070546069909
1.0,0.1924269264836138,0.2835780258158177
1.0,0.19238432588000887,0.2832997819807115
1.0,0.1923417441345728,0.2832700609551011
1.0,0.19229918123478645,0.2831910664899231
1.0,0.1922566371681416,0.2831715709980928
1.0,0.1922141119221411,0.2828597234655095
1.0,0.19217160548429899,0.2828058332803397
1.0,0.19212911784214018,0.2827013967492776
1.0,0.19208664898320071,0.2826882318626286
1.0,0.19204419889502763,0.2826355519750768
1.0,0.19200176756517898,0.2825883322779651
1.0,0.19195935498122377,0.2825155954434872
1.0,0.19191696113074205,0.2824486655072744
1.0,0.1918745860013248,0.2823246273747397
1.0,0.19183222958057394,0.2822914146353034
1.0,0.1917898918561024,0.2819504619764814
1.0,0.19174757281553398,0.2819443614348794
1.0,0.19170527244650343,0.2819351631060876
1.0,0.19166299073665638,0.2818639870462722
1.0,0.1916207276736494,0.2817384859398989
1.0,0.19157848324514992,0.2815800581056982
1.0,0.19153625743883623,0.2815509657756974
1.0,0.19149405024239755,0.2815475937439157
1.0,0.1914518616435338,0.2815294017790641
1.0,0.19140969162995594,0.2814731919310366
1.0,0.1913675401893856,0.2813347799371339
1.0,0.19132540730955527,0.2813106764516727
1.0,0.19128329297820823,0.2813095372828553
1.0,0.1912411971830986,0.2812848691354665
1.0,0.1911991199119912,0.281227853989817
1.0,0.19115706115266168,0.2811876655021579
1.0,0.19111502089289642,0.2810995252766383
1.0,0.19107299912049253,0.2810638009098352
1.0,0.19103099582325786,0.280967835207916
1.0,0.190989010989011,0.2809153841691005
1.0,0.19094704460558118,0.280912055712704
1.0,0.19090509666080843,0.2808752663633508
1.0,0.19086316714254337,0.2808616620514208
1.0,0.19082125603864733,0.2804833480059457
1.0,0.1907793633369923,0.2803336707429349
1.0,0.19073748902546092,0.2802806054106989
1.0,0.19069563309194645,0.2802606942824687
1.0,0.1906537955243528,0.2802419174853361
1.0,0.19061197631059443,0.2801653672793162
1.0,0.1905701754385965,0.2801215796286738
1.0,0.19052839289629467,0.2800618886889832
1.0,0.19048662867163524,0.2799696919234263
1.0,0.19044488275257507,0.2798522530329205
1.0,0.1904031551270815,0.2798038771176608
1.0,0.19036144578313252,0.2797433638539154
1.0,0.1903197547087166,0.2797373194759623
1.0,0.1902780818918327,0.2797202558569309
1.0,0.19023642732049037,0.2795950535935244
1.0,0.19019479098270956,0.2795839423971559
1.0,0.19015317286652078,0.2795743719112486
1.0,0.190111572959965,0.2795500278877497
1.0,0.1900699912510936,0.2794262563743161
1.0,0.19002842772796852,0.279389274154273
1.0,0.18998688237866201,0.2793596323251788
1.0,0.18994535519125683,0.2793369150249679
1.0,0.18990384615384615,0.2792831017572997
1.0,0.18986235525453354,0.2789246619144398
1.0,0.18982088248143295,0.2788446403718751
1.0,0.1897794278226687,0.2786618213048075
1.0,0.18973799126637556,0.2785767158585672
1.0,0.18969657280069854,0.2784437863553716
1.0,0.1896551724137931,0.2783299345992912
1.0,0.189613790093825,0.278325679063725
1.0,0.18957242582897033,0.278300503968573
1.0,0.1895310796074155,0.2781383341068156
1.0,0.18948975141735716,0.2781377791392621
1.0,0.18944844124700239,0.277929069674789
1.0,0.18940714908456843,0.2778930013883063
1.0,0.18936587491828286,0.2778123733170971
1.0,0.18932461873638345,0.2777988480354679
1.0,0.18928338052711827,0.2777752706234833
1.0,0.18924216027874566,0.2777431401029082
1.0,0.18920095797953407,0.27751598108901
1.0,0.1891597736177623,0.2774847819979563
1.0,0.18911860718171927,0.2772666177328731
1.0,0.1890774586597041,0.2772153094930111
1.0,0.1890363280400261,0.2771561023205666
1.0,0.18899521531100477,0.2771437648204804
1.0,0.18895412046096977,0.2771210250033314
1.0,0.18891304347826088,0.2768162747276606
1.0,0.18887198435122798,0.2766725019965068
1.0,0.1888309430682312,0.2766564807727552
1.0,0.18878991961764066,0.27662624427113
1.0,0.18874891398783666,0.2762233899155813
1.0,0.18870792616720955,0.2760318046013316
1.0,0.1886669561441598,0.2760239710851129
1.0,0.18862600390709788,0.2758966866992511
1.0,0.18858506944444445,0.2757112023615082
1.0,0.18854415274463007,0.2756064203628885
1.0,0.18850325379609545,0.2755883369267252
1.0,0.18846237258729126,0.2755548039413105
1.0,0.18842150910667824,0.2753651368314428
1.0,0.18838066334272707,0.2753268457057891
1.0,0.1883398352839185,0.2752830386547101
1.0,0.18829902491874323,0.2752761715929419
1.0,0.1882582322357019,0.2752710444261985
1.0,0.18821745722330518,0.2751680614668259
1.0,0.18817669987007363,0.2751332074414344
1.0,0.1881359601645378,0.275051649513286
1.0,0.1880952380952381,0.2749809071013899
1.0,0.18805453365072494,0.2749475414480369
1.0,0.18801384681955863,0.2749092558036252
1.0,0.18797317759030932,0.274875660536976
1.0,0.1879325259515571,0.2747765996571213
1.0,0.1878918918918919,0.274667430044457
1.0,0.18785127539991353,0.2746581425532073
1.0,0.1878106764642317,0.2746144277272258
1.0,0.18777009507346587,0.2745433944243089
1.0,0.18772953121624542,0.2743877108170146
1.0,0.1876889848812095,0.2743273959310788
1.0,0.1876484560570071,0.2737738146395826
1.0,0.18760794473229706,0.273767771181945
1.0,0.1875674508957479,0.2737569567008528
1.0,0.18752697453603798,0.273754791557582
1.0,0.18748651564185545,0.2735584705588352
1.0,0.18744607420189818,0.2735288403356352
1.0,0.18740565020487385,0.273524573216985
1.0,0.18736524363949977,0.2734480478127186
1.0,0.18732485449450312,0.2734347705675209
1.0,0.1872844827586207,0.2732461264128867
1.0,0.187244128420599,0.2730949519665844
1.0,0.1872037914691943,0.2730737275810617
1.0,0.1871634718931725,0.2730627726687592
1.0,0.1871231696813092,0.272962711056738
1.0,0.18708288482238966,0.2729069034045015
1.0,0.18704261730520877,0.2726751784302211
1.0,0.18700236711857113,0.2724973485370144
1.0,0.18696213425129088,0.2724349552025191
1.0,0.18692191869219188,0.2723903820881953
1.0,0.18688172043010753,0.2723682522281336
1.0,0.18684153945388088,0.2722844242306931
1.0,0.18680137575236458,0.2722832453342191
1.0,0.1867612293144208,0.2721394297423831
1.0,0.18672110012892135,0.2720672310088682
1.0,0.18668098818474757,0.2719978387847124
1.0,0.18664089347079038,0.2719308206844896
1.0,0.18660081597595018,0.2717854077786656
1.0,0.18656075568913696,0.2716997708240899
1.0,0.18652071259927022,0.2715447661263778
1.0,0.18648068669527898,0.2714411614330188
1.0,0.1864406779661017,0.2714309637198675
1.0,0.1864006864006864,0.2713872303271459
1.0,0.18636071198799056,0.2713753138317583
1.0,0.18632075471698112,0.2711018419126169
1.0,0.1862808145766345,0.2710998149788651
1.0,0.18624089155593657,0.2710866625621272
1.0,0.18620098564388257,0.2710676746313392
1.0,0.1861610968294773,0.2709705169018765
1.0,0.18612122510173484,0.2708386081810079
1.0,0.1860813704496788,0.2707854185340886
1.0,0.18604153286234212,0.2707845791107233
1.0,0.1860017123287671,0.2706657372847291
1.0,0.18596190883800556,0.2705927613340481
1.0,0.18592212237911854,0.2705272271021416
1.0,0.18588235294117647,0.2704539128982986
1.0,0.1858426005132592,0.2703568402318808
1.0,0.18580286508445584,0.2703130392571506
1.0,0.1857631466438649,0.2702699562527237
1.0,0.18572344518059414,0.2700561827488797
1.0,0.1856837606837607,0.2696836104093369
1.0,0.18564409314249092,0.2696359875280898
1.0,0.18560444254592054,0.2695815458172325
1.0,0.18556480888319454,0.2693476058328782
1.0,0.18552519214346713,0.2693441890372763
1.0,0.1854855923159018,0.2692643275180265
1.0,0.18544600938967137,0.2692122582813022
1.0,0.18540644335395776,0.2691998353404478
1.0,0.18536689419795221,0.2690678300509662
1.0,0.1853273619108552,0.2689028228160849
1.0,0.18528784648187632,0.268834122296809
1.0,0.18524834790023448,0.2688154644985209
1.0,0.18520886615515772,0.2688022565761848
1.0,0.18516940123588324,0.2687842238760509
1.0,0.18512995313165745,0.2687761763786802
1.0,0.18509052183173588,0.2686596714328115
1.0,0.1850511073253833,0.2685557435327538
1.0,0.18501170960187355,0.2684454705573318
1.0,0.18497232865048957,0.2683888454493396
1.0,0.1849329644605235,0.2683160990855633
1.0,0.1848936170212766,0.2682577279843847
1.0,0.18485428632205914,0.2681238782949721
1.0,0.18481497235219055,0.2679352926226258
1.0,0.18477567510099938,0.2679105771561657
1.0,0.18473639455782312,0.2678873489421637
1.0,0.1846971307120085,0.2674982308755211
1.0,0.18465788355291118,0.2674773739787325
1.0,0.1846186530698959,0.2673699244734506
1.0,0.18457943925233644,0.2673136847433975
1.0,0.18454024208961564,0.2671962906512865
1.0,0.18450106157112525,0.2671671906610259
1.0,0.1844618976862662,0.267156460124685
1.0,0.18442275042444822,0.2664107347159727
1.0,0.18438361977509019,0.2662899188792764
1.0,0.18434450572761985,0.2662735006451494
1.0,0.184305408271474,0.2662701929200621
1.0,0.18426632739609838,0.2662479472262152
1.0,0.18422726309094764,0.2659115474581798
1.0,0.18418821534548538,0.2657388794963212
1.0,0.18414918414918416,0.2656776689014344
1.0,0.18411016949152542,0.2655907989730409
1.0,0.18407117136199957,0.2655606973652074
1.0,0.18403218975010588,0.2654606939625724
1.0,0.18399322464535253,0.2654478692337704
1.0,0.18395427603725656,0.2654437954880281
1.0,0.18391534391534392,0.2654271004755847
1.0,0.18387642826914938,0.2653448575191298
1.0,0.18383752908821663,0.2652620464145733
1.0,0.18379864636209814,0.265185500453488
1.0,0.18375978008035526,0.2650872141026689
1.0,0.18372093023255814,0.2650367965902625
1.0,0.18368209680828576,0.2649514739273609
1.0,0.18364327979712594,0.2649483658001
1.0,0.18360447918867526,0.2649081467888844
1.0,0.18356569497253908,0.264826169034247
1.0,0.18352692713833157,0.2647216734601752
1.0,0.18348817567567569,0.2646652988113371
1.0,0.1834494405742031,0.264554887572164
1.0,0.18341072182355425,0.2644564411592726
1.0,0.18337201941337836,0.264370494754677
1.0,0.18333333333333332,0.2642300529413697
1.0,0.18329466357308585,0.264159079254848
1.0,0.18325601012231127,0.2641237371081546
1.0,0.18321737297069365,0.2640695579226965
1.0,0.1831787521079258,0.2640553522473605
1.0,0.18314014752370916,0.2639617566786038
1.0,0.1831015592077539,0.2639500775156085
1.0,0.1830629871497788,0.2638563801526034
1.0,0.18302443133951138,0.2638320687294315
1.0,0.18298589176668772,0.2638245030967219
1.0,0.18294736842105264,0.2637840015216746
1.0,0.1829088612923595,0.2637800133621158
1.0,0.18287037037037038,0.2637552148102889
1.0,0.18283189564485589,0.2637403501596135
1.0,0.18279343710559529,0.2636719208641124
1.0,0.18275499474237644,0.2636456158368231
1.0,0.1827165685449958,0.263615301152998
1.0,0.18267815850325836,0.2636134088948988
1.0,0.18263976460697773,0.26327022404175
1.0,0.18260138684597604,0.263162629318049
1.0,0.18256302521008402,0.2631408877296692
1.0,0.18252467968914093,0.2631143285350554
1.0,0.18248635027299454,0.2630641769970681
1.0,0.18244803695150116,0.2630212935050181
1.0,0.18240973971452562,0.2627863519086323
1.0,0.18237145855194123,0.2626573659722359
1.0,0.1823331934536299,0.2626514237632141
1.0,0.18229494440948185,0.2626360784816574
1.0,0.18225671140939598,0.2624712206751484
1.0,0.1822184944432795,0.262440859991126
1.0,0.18218029350104822,0.2624360481735438
1.0,0.18214210857262628,0.2624091091471545
1.0,0.18210393964794636,0.2619944094468133
1.0,0.1820657867169495,0.2617722228993709
1.0,0.18202764976958524,0.2615006104177612
1.0,0.1819895287958115,0.2614318744315837
1.0,0.18195142378559465,0.2614304698811551
1.0,0.18191333472890936,0.2613124029128988
1.0,0.1818752616157388,0.2612537861463301
1.0,0.18183720443607448,0.261188638737052
1.0,0.18179916317991632,0.2609274593765021
1.0,0.18176113783727255,0.2608846375434804
1.0,0.18172312839815977,0.2608840161591517
1.0,0.18168513485260296,0.260763931497269
1.0,0.18164715719063546,0.2604549850918708
1.0,0.18160919540229886,0.2604414715820136
1.0,0.18157124947764314,0.2603203383423282
1.0,0.18153331940672654,0.2601886776894879
1.0,0.1814954051796157,0.2600218211083872
1.0,0.18145750678638548,0.260017095897008
1.0,0.181419624217119,0.2598321731067778
1.0,0.18138175746190774,0.2598320108715093
1.0,0.18134390651085142,0.2595238127699499
1.0,0.181306071354058,0.2595091567078755
1.0,0.18126825198164373,0.2594971412194162
1.0,0.18123044838373306,0.2592472409182558
1.0,0.1811926605504587,0.2591439140562694
1.0,0.18115488847196165,0.2590371029879851
1.0,0.181117132138391,0.2589363600624401
1.0,0.18107939153990416,0.2588813421253922
1.0,0.18104166666666666,0.258880208357659
1.0,0.18100395750885231,0.2588707171924349
1.0,0.18096626405664307,0.2588706628345015
1.0,0.180928586300229,0.2588127669407466
1.0,0.1808909242298085,0.2587324195539838
1.0,0.18085327783558794,0.2586680972099602
1.0,0.18081564710778195,0.2586394296167681
1.0,0.18077803203661327,0.2584976466282999
1.0,0.18074043261231282,0.2584740564403853
1.0,0.18070284882511956,0.2584617482042072
1.0,0.18066528066528068,0.2584498708425187
1.0,0.18062772812305133,0.2583970535687841
1.0,0.18059019118869493,0.2582923752015771
1.0,0.18055266985248286,0.2582438404960246
1.0,0.18051516410469465,0.2581713146930108
1.0,0.18047767393561787,0.2580166754228861
1.0,0.18044019933554817,0.2578068416290858
1.0,0.18040274029478928,0.2575894534835375
1.0,0.18036529680365296,0.2575506566851999
1.0,0.18032786885245902,0.2575057897398917
1.0,0.18029045643153527,0.2574155545274706
1.0,0.1802530595312176,0.2573939129722024
1.0,0.18021567814184986,0.2572616414081135
1.0,0.18017831225378395,0.2572526030466557
1.0,0.18014096185737977,0.2572022388329267
1.0,0.1801036269430052,0.2570883696948212
1.0,0.18006630750103605,0.2570738841059219
1.0,0.18002900352185622,0.2568301855585656
1.0,0.1799917149958575,0.2567164163132449
1.0,0.17995444191343962,0.256689267951754
1.0,0.17991718426501035,0.2566805485488057
1.0,0.1798799420409853,0.2566235898658991
1.0,0.17984271523178808,0.2565682256220513
1.0,0.17980550382785018,0.2565014765554432
1.0,0.1797683078196111,0.2564544066621283
1.0,0.1797311271975181,0.2562396925469667
1.0,0.17969396195202647,0.2561890627932393
1.0,0.17965681207359935,0.2560339649211673
1.0,0.17961967755270772,0.2560041957423606
1.0,0.17958255837983053,0.255859128813456
1.0,0.17954545454545454,0.25573941462096
1.0,0.17950836604007436,0.2556064681495961
1.0,0.17947129285419247,0.2555743652152039
1.0,0.17943423497831923,0.255558594695131
1.0,0.17939719240297275,0.255490311034306
1.0,0.17936016511867905,0.25533285218349
1.0,0.17932315311597194,0.2553060539499183
1.0,0.17928615638539303,0.2551058634891689
1.0,0.17924917491749176,0.2550744397075352
1.0,0.17921220870282534,0.2549394023386414
1.0,0.17917525773195878,0.2548741220584662
1.0,0.17913832199546487,0.2548202542828195
1.0,0.17910140148392414,0.2547066810035893
1.0,0.179064496187925,0.2546912197241582
1.0,0.17902760609806345,0.254664528133299
1.0,0.17899073120494335,0.2546404402608329
1.0,0.17895387149917627,0.2545919628682487
1.0,0.1789170269713815,0.2545787128984553
1.0,0.1788801976121861,0.2545534048963501
1.0,0.17884338341222475,0.2545329428735994
1.0,0.17880658436213992,0.2545143130001917
1.0,0.17876980045258178,0.2544082573472094
1.0,0.17873303167420815,0.2542890201930616
1.0,0.17869627801768456,0.2542602884849964
1.0,0.1786595394736842,0.2542057587322724
1.0,0.178622816032888,0.2542013519325365
1.0,0.17858610768598437,0.254186214283381
1.0,0.17854941442366962,0.2541349169257026
1.0,0.17851273623664748,0.2540674554719502
1.0,0.1784760731156295,0.2540484002829845
1.0,0.1784394250513347,0.2540142361768918
1.0,0.17840279203448983,0.2539341470662792
1.0,0.17836617405582922,0.2537639673663736
1.0,0.17832957110609482,0.2537336738534698
1.0,0.17829298317603612,0.2537169123566183
1.0,0.17825641025641026,0.2535980100743459
1.0,0.17821985233798196,0.2534703966371753
1.0,0.17818330941152347,0.2534223610553579
1.0,0.17814678146781468,0.2533433746559577
1.0,0.17811026849764297,0.2532067783773482
1.0,0.17807377049180328,0.2531865503960231
1.0,0.17803728744109815,0.2531016084700999
1.0,0.17800081933633757,0.2528981651545782
1.0,0.17796436616833913,0.2528848753378201
1.0,0.17792792792792791,0.2528820179614526
1.0,0.17789150460593653,0.2527985832377368
1.0,0.17785509619320508,0.2527811177139505
1.0,0.17781870268058114,0.2526040091138452
1.0,0.1777823240589198,0.2524931604093436
1.0,0.17774596031908366,0.2524031911773601
1.0,0.17770961145194275,0.252386282845386
1.0,0.17767327744837458,0.2521514973250865
1.0,0.1776369582992641,0.2521329270774229
1.0,0.1776006539955038,0.2521010156529256
1.0,0.17756436452799346,0.2520067275376547
1.0,0.17752808988764046,0.2519622785390211
1.0,0.17749183006535948,0.2518890439853827
1.0,0.1774555850520727,0.251840385271902
1.0,0.1774193548387097,0.2517930785762799
1.0,0.1773831394162074,0.2517829535760706
1.0,0.1773469387755102,0.2517273411102663
1.0,0.1773107529075699,0.251686418028257
1.0,0.17727458180334557,0.2516648511637812
1.0,0.1772384254538038,0.2516594295854526
1.0,0.17720228384991843,0.251573369609376
1.0,0.17716615698267074,0.251231477279864
1.0,0.17713004484304934,0.2511402595531399
1.0,0.17709394742205012,0.2511399885811775
1.0,0.17705786471067644,0.2511260573347777
1.0,0.1770217966999389,0.2510919134632613
1.0,0.1769857433808554,0.2509048121756227
1.0,0.17694970474445124,0.2508763926837144
1.0,0.17691368078175895,0.2507220702663387
1.0,0.17687767148381844,0.2506999451432899
1.0,0.17684167684167684,0.250610367174521
1.0,0.1768056968463886,0.2503929489039036
1.0,0.17676973148901545,0.2503390760081077
1.0,0.1767337807606264,0.2503319384648515
1.0,0.17669784465229768,0.2502561440648362
1.0,0.17666192315511284,0.25024211625005
1.0,0.1766260162601626,0.2502201507792444
1.0,0.176590123958545,0.250195164108037
1.0,0.1765542462413653,0.2499208613901324
1.0,0.17651838309973594,0.2497909582245095
1.0,0.1764825345247766,0.2497659144460143
1.0,0.1764467005076142,0.2496874495785526
1.0,0.17641088103938288,0.249615208636581
1.0,0.17637507611122386,0.2496102977460469
1.0,0.17633928571428573,0.2495912571752367
1.0,0.1763035098397241,0.2495383030257888
1.0,0.17626774847870183,0.2492531950102803
1.0,0.17623200162238897,0.2492374145177149
1.0,0.1761962692619627,0.2490410251799862
1.0,0.17616055138860734,0.2490026949165137
1.0,0.17612484799351438,0.2487511082740636
1.0,0.17608915906788247,0.2486017151381601
1.0,0.17605348460291734,0.2485118133182301
1.0,0.1760178245898319,0.2484923804348551
1.0,0.17598217901984609,0.2484851911961332
1.0,0.1759465478841871,0.248402757196491
1.0,0.17591093117408907,0.2483517197314065
1.0,0.17587532888079335,0.248341003603838
1.0,0.17583974099554836,0.2482596609707336
1.0,0.17580416750960956,0.2481860857194275
1.0,0.17576860841423947,0.2481844219990681
1.0,0.1757330637007078,0.2478145352798515
1.0,0.17569753336029115,0.2477367101893865
1.0,0.17566201738427328,0.2477216910683914
1.0,0.17562651576394503,0.2477161693094846
1.0,0.17559102849060415,0.2473468873888175
1.0,0.17555555555555555,0.2473262377333488
1.0,0.1755200969501111,0.247244792313391
1.0,0.17548465266558966,0.2470334765879499
1.0,0.17544922269331717,0.2469680517817231
1.0,0.17541380702462656,0.2469195703193736
1.0,0.17537840565085772,0.2469165059096724
1.0,0.17534301856335754,0.2469097500352874
1.0,0.17530764575347993,0.2469050681490589
1.0,0.17527228721258573,0.2468369592608755
1.0,0.17523694293204276,0.2468166822070862
1.0,0.1752016129032258,0.2468156829375537
1.0,0.17516629711751663,0.2467872391735089
1.0,0.1751309955663039,0.2464793169385725
1.0,0.17509570824098328,0.2464358442319497
1.0,0.1750604351329573,0.2463409605342309
1.0,0.17502517623363545,0.2463093082116933
1.0,0.17498993153443415,0.2462985775116535
1.0,0.17495470102677674,0.2460477791265733
1.0,0.1749194847020934,0.2459931206978907
1.0,0.17488428255182129,0.2459464810069483
1.0,0.17484909456740444,0.2458077830804974
1.0,0.1748139207402937,0.2457742618544185
1.0,0.1747787610619469,0.2457408292360773
1.0,0.17474361552382867,0.245567911295105
1.0,0.17470848411741052,0.2455480917055691
1.0,0.17467336683417087,0.2454319595363178
1.0,0.17463826366559485,0.2454299398074632
1.0,0.1746031746031746,0.2454138618200103
1.0,0.174568099638409,0.2454022315024732
1.0,0.17453303876280377,0.245306924910577
1.0,0.1744979919678715,0.2452358665276933
1.0,0.1744629592451315,0.2450901900124416
1.0,0.17442794058611,0.2450832944675494
1.0,0.17439293598233996,0.244874397438126
1.0,0.17435794542536115,0.2447501773212991
1.0,0.17432296890672017,0.2446726191281702
1.0,0.17428800641797032,0.2445748679446877
1.0,0.17425305795067175,0.244539828638784
1.0,0.17421812349639135,0.2444971829258649
1.0,0.17418320304670273,0.2444871935889581
1.0,0.17414829659318637,0.2444249658868022
1.0,0.17411340412742937,0.244401015828575
1.0,0.17407852564102563,0.2443595504601909
1.0,0.17404366112557582,0.2440696833979817
1.0,0.17400881057268722,0.2440659177306366
1.0,0.17397397397397396,0.2439703225253449
1.0,0.17393915132105683,0.2438879307706577
1.0,0.17390434260556334,0.2438526885841115
1.0,0.17386954781912764,0.243793490682818
1.0,0.17383476695339067,0.2437821963437402
1.0,0.1738,0.2437155456357853
1.0,0.17376524695060988,0.2436415166464517
1.0,0.17373050779688123,0.2436023557946834
1.0,0.1736957825304817,0.243578744801065
1.0,0.17366107114308554,0.2435731204164624
1.0,0.17362637362637362,0.2434954928511824
1.0,0.17359168997203356,0.2433752557753428
1.0,0.17355702017175953,0.2433562715254747
1.0,0.1735223642172524,0.2431423265732478
1.0,0.1734877221002196,0.2431345936202935
1.0,0.17345309381237525,0.2430453813588226
1.0,0.17341847934544002,0.2428810011283902
1.0,0.17338387869114127,0.2428605452940234
1.0,0.17334929184121284,0.2427996238319066
1.0,0.1733147187873953,0.242749402315238
1.0,0.1732801595214357,0.2427252243167775
1.0,0.17324561403508773,0.2426979256760429
1.0,0.17321108232011162,0.2423355695442945
1.0,0.17317656436827422,0.2422142608543508
1.0,0.17314206017134887,0.2422066494067148
1.0,0.17310756972111555,0.2420687742936437
1.0,0.1730730930093607,0.2420134286858267
1.0,0.17303863002787734,0.2419871578813305
1.0,0.17300418076846505,0.2419181093178662
1.0,0.17296974522292993,0.2418192543461362
1.0,0.17293532338308457,0.2416836933372907
1.0,0.1729009152407481,0.2416585768170805
1.0,0.17286652078774617,0.2416584050115532
1.0,0.1728321400159109,0.2416279591738407
1.0,0.17279777291708093,0.2416240709862067
1.0,0.1727634194831014,0.2416224401234355
1.0,0.17272907970582388,0.2415865134630486
1.0,0.1726947535771065,0.2414733349052664
1.0,0.17266044108881382,0.2414561414499433
1.0,0.17262614223281686,0.2414520777212966
1.0,0.17259185700099305,0.2414113299438439
1.0,0.17255758538522636,0.2413095261572306
1.0,0.1725233273774072,0.2412678414528842
1.0,0.17248908296943233,0.2411537345607038
1.0,0.172454852153205,0.2409602026422004
1.0,0.17242063492063492,0.2409228188532478
1.0,0.17238643126363817,0.2408875815994993
1.0,0.17235224117413725,0.2407159492925705
1.0,0.17231806464406108,0.2407039520972089
1.0,0.17228390166534496,0.2404995240987534
1.0,0.17224975222993064,0.2404291561507499
1.0,0.17221561632976615,0.2402868986522872
1.0,0.17218149395680601,0.2402517739997051
1.0,0.17214738510301109,0.2401154109336166
1.0,0.1721132897603486,0.2400961804048895
1.0,0.17207920792079207,0.2400808894380437
1.0,0.17204513957632153,0.2400042422344197
1.0,0.1720110847189232,0.2399149672291281
1.0,0.17197704334058975,0.2398273517990441
1.0,0.17194301543332013,0.2398136091941373
1.0,0.17190900098911968,0.2397473791141667
1.0,0.171875,0.2397074977392616
1.0,0.17184101245797903,0.2395613319421659
1.0,0.17180703835508107,0.2394745031801673
1.0,0.17177307768333663,0.2394178387290569
1.0,0.17173913043478262,0.2393012402052092
1.0,0.17170519660146216,0.2392220298751911
1.0,0.17167127617542474,0.2392145329144245
1.0,0.17163736914872604,0.2391898317656682
1.0,0.1716034755134281,0.2390245357555132
1.0,0.1715695952615992,0.2389385687537821
1.0,0.17153572838531386,0.2387944587574963
1.0,0.17150187487665286,0.2387622153083185
1.0,0.17146803472770322,0.2385408697026529
1.0,0.1714342079305583,0.2382358744035206
1.0,0.17140039447731756,0.2381359722880144
1.0,0.17136659436008678,0.2379404472191905
1.0,0.1713328075709779,0.2378354367996554
1.0,0.1712990341021092,0.2374339743864642
1.0,0.17126527394560503,0.237397072828687
1.0,0.17123152709359607,0.2372971183760516
1.0,0.17119779353821907,0.2371687838558681
1.0,0.1711640732716171,0.2370789349062056
1.0,0.17113036628593933,0.2370111856542469
1.0,0.1710966725733412,0.2369315310202517
1.0,0.17106299212598425,0.2369069989861048
1.0,0.1710293249360362,0.2368975416044917
1.0,0.170995670995671,0.236850384616737
1.0,0.17096203029706866,0.2368106889678257
1.0,0.17092840283241542,0.2365180148100621
1.0,0.17089478859390364,0.2364376899457433
1.0,0.1708611875737318,0.2362849586359575
1.0,0.17082759976410458,0.2362599780151766
1.0,0.17079402515723272,0.2362134556629914
1.0,0.17076046374533307,0.2361962988592513
1.0,0.17072691552062869,0.2359712569163007
1.0,0.17069338047534865,0.235963384625453
1.0,0.1706598586017282,0.2358211047175387
1.0,0.17062634989200864,0.2358202747212592
1.0,0.17059285433843738,0.2357471736428323
1.0,0.17055937193326792,0.2357161207207206
1.0,0.1705259026687598,0.2356021177918483
1.0,0.17049244653717874,0.235568498091173
1.0,0.17045900353079638,0.2355468569684443
1.0,0.17042557364189057,0.2354516914963329
1.0,0.1703921568627451,0.2353470718708492
1.0,0.17035875318564989,0.2353283364097121
1.0,0.17032536260290082,0.2352970600897835
1.0,0.1702919851067999,0.2350608908243338
1.0,0.17025862068965517,0.2350444122667177
1.0,0.1702252693437806,0.2347765484338354
1.0,0.17019193106149627,0.2347309142214843
1.0,0.17015860583512826,0.2345858006546848
1.0,0.17012529365700862,0.2345514935014011
1.0,0.17009199451947543,0.2343889265344561
1.0,0.1700587084148728,0.2340699405014418
1.0,0.17002543533555078,0.2339782175177328
1.0,0.16999217527386543,0.2337944059404691
1.0,0.16995892822217876,0.2337707411447945
1.0,0.16992569417285883,0.2336598849523302
1.0,0.16989247311827957,0.233637376921544
1.0,0.16985926505082094,0.2335539879194628
1.0,0.16982606996286886,0.2335459808934304
1.0,0.16979288784681515,0.2335254067493801
1.0,0.16975971869505763,0.2334876961873494
1.0,0.1697265625,0.2333962377301824
1.0,0.16969341925405193,0.2333615587938487
1.0,0.16966028894962906,0.2332988075532334
1.0,0.16962717157915283,0.2331545613638653
1.0,0.16959406713505074,0.2331487053749709
1.0,0.1695609756097561,0.2328166889240074
1.0,0.16952789699570817,0.2328093311341171
1.0,0.16949483128535206,0.232780410403194
1.0,0.16946177847113886,0.2327004158719307
1.0,0.16942873854552545,0.2326965004878142
1.0,0.16939571150097466,0.2326547799676472
1.0,0.16936269732995518,0.2326534684712531
1.0,0.16932969602494155,0.2326021820761122
1.0,0.1692967075784142,0.2324403656027308
1.0,0.16926373198285938,0.2323475367233028
1.0,0.16923076923076924,0.2322949415966209
1.0,0.16919781931464176,0.23228593507674
1.0,0.16916488222698073,0.2322794117362061
1.0,0.16913195796029584,0.2319657967156299
1.0,0.16909904650710256,0.2319004220062025
1.0,0.1690661478599222,0.2318728539892936
1.0,0.16903326201128185,0.2318128460708185
1.0,0.1690003889537145,0.2316156143911012
1.0,0.1689675286797589,0.2316129079065202
1.0,0.16893468118195956,0.2314997438206784
1.0,0.16890184645286685,0.2314931745031356
1.0,0.16886902448503693,0.231265232648589
1.0,0.16883621527103168,0.2310759816004914
1.0,0.16880341880341881,0.2310087652697124
1.0,0.1687706350747718,0.2308740238656312
1.0,0.1687378640776699,0.2308251907145407
1.0,0.1687051058046981,0.230762577741376
1.0,0.1686723602484472,0.2306474081612739
1.0,0.16863962740151367,0.2305832473977369
1.0,0.1686069072564998,0.230513616419921
1.0,0.16857419980601357,0.2305101132067467
1.0,0.16854150504266874,0.2302917573781781
1.0,0.16850882295908473,0.2302662995966169
1.0,0.16847615354788678,0.230108449873358
1.0,0.16844349680170576,0.2300814249069776
1.0,0.1684108527131783,0.2300807501106412
1.0,0.16837822127494673,0.2300081745945549
1.0,0.16834560247965905,0.2299248804384202
1.0,0.16831299631996902,0.2299196693994322
1.0,0.168280402788536,0.2298432147033332
1.0,0.16824782187802517,0.2298029149759936
1.0,0.16821525358110723,0.2297290088791922
1.0,0.16818269789045867,0.2297010353401686
1.0,0.1681501547987616,0.2296630219699092
1.0,0.1681176242987038,0.2296525592077728
1.0,0.16808510638297872,0.2295836749767127
1.0,0.16805260104428543,0.2295300984834316
1.0,0.1680201082753287,0.2295198943753792
1.0,0.16798762806881887,0.2295042344795038
1.0,0.16795516041747197,0.2294858413205973
1.0,0.16792270531400966,0.229464074196283
1.0,0.1678902627511592,0.2294147840091714
1.0,0.16785783272165347,0.2293351643015299
1.0,0.16782541521823097,0.2291926459576692
1.0,0.16779301023363583,0.2291635836230278
1.0,0.16776061776061776,0.2289681486847818
1.0,0.16772823779193205,0.2288250286770288
1.0,0.16769587032033964,0.2287349686100366
1.0,0.167663515338607,0.2285961356791149
1.0,0.16763117283950618,0.2284492712197419
1.0,0.16759884281581486,0.228294405358701
1.0,0.16756652526031623,0.2281329711685136
1.0,0.1675342201657991,0.2279940007786512
1.0,0.16750192752505783,0.2279652430997034
1.0,0.16746964733089229,0.2279226507843021
1.0,0.1674373795761079,0.2278593701110537
1.0,0.1674051242535157,0.2278440718834314
1.0,0.1673728813559322,0.2278022941550293
1.0,0.16734065087617947,0.2277525944089515
1.0,0.1673084328070851,0.2276831218345339
1.0,0.1672762271414822,0.2275598836257684
1.0,0.1672440338722094,0.2272713445218581
1.0,0.16721185299211083,0.2272418053026469
1.0,0.16717968449403617,0.2271574915365628
1.0,0.16714752837084054,0.2270100030504916
1.0,0.1671153846153846,0.2269820216662457
1.0,0.16708325322053452,0.2269177865405461
1.0,0.16705113417916187,0.2265948450577219
1.0,0.16701902748414377,0.2264466376909099
1.0,0.1669869331283628,0.2263307025454076
1.0,0.166954851104707,0.2263122724048467
1.0,0.16692278140606992,0.2262469712770347
1.0,0.1668907240253505,0.2261968437267069
1.0,0.16685867895545314,0.2261669804432335
1.0,0.16682664618928778,0.226128148310884
1.0,0.16679462571976966,0.2261167075236819
1.0,0.1667626175398196,0.2260137630606546
1.0,0.16673062164236377,0.2259431084668421
1.0,0.16669863802033377,0.2259396809852095
1.0,0.16666666666666666,0.2259038668916118
1.0,0.1666347075743049,0.2259007954956491
1.0,0.16660276073619631,0.2253738611785528
1.0,0.16657082614529423,0.2253513882593892
1.0,0.1665389037945573,0.2252799715434723
1.0,0.1665069936769496,0.2252299060839144
1.0,0.16647509578544062,0.2252259412581503
1.0,0.16644321011300517,0.2251633431841574
1.0,0.1664113366526235,0.225017729170951
1.0,0.16637947539728126,0.224985140002165
1.0,0.16634762633996938,0.2249744946119083
1.0,0.16631578947368422,0.2249170975161626
1.0,0.16628396479142749,0.2247285823751699
1.0,0.16625215228620624,0.2246843674654395
1.0,0.1662203519510329,0.2246831020567506
1.0,0.1661885637789252,0.2245613081114946
1.0,0.16615678776290632,0.2242143648449817
1.0,0.1661250238960046,0.2241124468286617
1.0,0.16609327217125383,0.2241051090469051
1.0,0.1660615325816931,0.2237859057119166
1.0,0.16602980512036683,0.2237643005409669
1.0,0.16599808978032474,0.2237501995075896
1.0,0.16596638655462184,0.2237347552972171
1.0,0.1659346954363185,0.2237102755848194
1.0,0.16590301641848035,0.2236188236728689
1.0,0.16587134949417828,0.2234625323476966
1.0,0.16583969465648854,0.2234612033060647
1.0,0.16580805189849265,0.2233920206792674
1.0,0.16577642121327738,0.2233634734937345
1.0,0.16574480259393476,0.223125105639557
1.0,0.16571319603356216,0.2230112008024797
1.0,0.16568160152526215,0.2228460570642053
1.0,0.16565001906214258,0.2226733616085932
1.0,0.16561844863731656,0.2226151881100352
1.0,0.16558689024390244,0.2225779884345315
1.0,0.16555534387502382,0.2225396661317759
1.0,0.16552380952380952,0.222524233479881
1.0,0.16549228718339365,0.2224475851001877
1.0,0.16546077684691546,0.2223431799903512
1.0,0.1654292785075195,0.2223349454197646
1.0,0.16539779215835554,0.2223048781003068
1.0,0.1653663177925785,0.2222703598578597
1.0,0.16533485540334855,0.2222187798180532
1.0,0.1653034049838311,0.2221418677089637
1.0,0.16527196652719664,0.2221357272885759
1.0,0.16524054002662103,0.2220699126420904
1.0,0.16520912547528518,0.2220627968923709
1.0,0.16517772286637522,0.221872260455348
1.0,0.16514633219308247,0.2218044530473699
1.0,0.16511495344860347,0.2217548974977168
1.0,0.1650835866261398,0.2217102664285768
1.0,0.16505223171889838,0.2216512977338957
1.0,0.16502088872009116,0.2215820266343858
1.0,0.16498955762293527,0.2214341756760131
1.0,0.164958238420653,0.2213514194037271
1.0,0.1649269311064718,0.2212161936075724
1.0,0.16489563567362428,0.2211139664932216
1.0,0.16486435211534814,0.2210843506429233
1.0,0.1648330804248862,0.2209902841891441
1.0,0.16480182059548645,0.2209447949286376
1.0,0.16477057262040198,0.2208925007102581
1.0,0.164739336492891,0.2207129059390152
1.0,0.16470811220621684,0.2205639344917337
1.0,0.1646768997536479,0.2205195442017073
1.0,0.16464569912845775,0.2203901764294064
1.0,0.164614510323925,0.2202290058478045
1.0,0.16458333333333333,0.2201955735155719
1.0,0.1645521681499716,0.2199718176438702
1.0,0.16452101476713366,0.2199585690280016
1.0,0.1644898731781185,0.2197748993075925
1.0,0.16445874337623012,0.2196673857994959
1.0,0.16442762535477767,0.2195326471017696
1.0,0.16439651910707528,0.2190509968143207
1.0,0.1643654246264422,0.2190492910916945
1.0,0.16433434190620272,0.2190008478035827
1.0,0.16430327093968614,0.2188206425212038
1.0,0.16427221172022685,0.2187936716555479
1.0,0.16424116424116425,0.2187686195985667
1.0,0.1642101284958428,0.2187175259175865
1.0,0.16417910447761194,0.2187044650251367
1.0,0.1641480921798262,0.2186840337541106
1.0,0.16411709159584514,0.2186440191021757
1.0,0.16408610271903323,0.2185344052412917
1.0,0.16405512554276006,0.2184503649315894
1.0,0.16402416006040016,0.2184403880744652
1.0,0.1639932062653331,0.2182246842126166
1.0,0.1639622641509434,0.2180895002482208
1.0,0.16393133371062063,0.2179089272140713
1.0,0.16390041493775934,0.2178172989250148
1.0,0.16386950782575901,0.2178076559958314
1.0,0.16383861236802413,0.2176565388117221
1.0,0.1638077285579642,0.2173926498566566
1.0,0.16377685638899359,0.2172704412478868
1.0,0.16374599585453176,0.2172285621098272
1.0,0.16371514694800302,0.2169274122023777
1.0,0.1636843096628367,0.2169014904029589
1.0,0.16365348399246704,0.2167363883289558
1.0,0.16362266993033328,0.2166632098588544
1.0,0.16359186746987953,0.2166348539682709
1.0,0.16356107660455488,0.2165976576754417
1.0,0.16353029732781332,0.2165028276967054
1.0,0.16349952963311382,0.2164283352650471
1.0,0.16346877351392025,0.2164060610092698
1.0,0.16343802896370133,0.216376689467258
1.0,0.1634072959759308,0.2162634088235836
1.0,0.16337657454408724,0.2162366224532399
1.0,0.16334586466165413,0.2161026774448292
1.0,0.1633151663221199,0.2160432829097398
1.0,0.16328447951897782,0.2159918184804161
1.0,0.16325380424572608,0.215944310126737
1.0,0.16322314049586778,0.2159225732345772
1.0,0.1631924882629108,0.2158898476660111
1.0,0.163161847540368,0.2157653964532744
1.0,0.1631312183217571,0.215749761182153
1.0,0.1631006006006006,0.2156544261019541
1.0,0.16306999437042596,0.2155906100887068
1.0,0.1630393996247655,0.2155833039909999
1.0,0.16300881635715625,0.2155456992912905
1.0,0.1629782445611403,0.2155302979710643
1.0,0.1629476842302644,0.215501610337117
1.0,0.16291713535808025,0.2153671562284521
1.0,0.16288659793814433,0.2153046252170198
1.0,0.162856071964018,0.2152252316909672
1.0,0.16282555742926738,0.2151927956907321
1.0,0.16279505432746347,0.2151858925227243
1.0,0.16276456265218206,0.2151329438382087
1.0,0.16273408239700374,0.2151099839498942
1.0,0.16270361355551394,0.2150472445376936
1.0,0.16267315612130287,0.2149951509536769
1.0,0.16264271008796558,0.2149109693088239
1.0,0.16261227544910178,0.2149077205957408
1.0,0.1625818521983162,0.2148631527457948
1.0,0.16255144032921812,0.2147363692458388
1.0,0.16252103983542174,0.2146121425371076
1.0,0.162490650710546,0.2144694437501209
1.0,0.1624602729482146,0.2143697522685507
1.0,0.16242990654205608,0.2143070418049994
1.0,0.16239955148570362,0.2141697619737023
1.0,0.1623692077727952,0.2141440288361746
1.0,0.16233887539697367,0.21409365115561
1.0,0.16230855435188643,0.2140429754866095
1.0,0.16227824463118581,0.2139682169936778
1.0,0.16224794622852876,0.2139641498046563
1.0,0.162217659137577,0.21393397003546
1.0,0.162187383351997,0.2138802603405227
1.0,0.16215711886545997,0.2138285496582039
1.0,0.16212686567164178,0.2136407643590161
1.0,0.1620966237642231,0.2135152045934472
1.0,0.16206639313688923,0.213506823453818
1.0,0.1620361737833302,0.2134851437328368
1.0,0.16200596569724088,0.2133271105421584
1.0,0.1619757688723206,0.213201707893691
1.0,0.16194558330227357,0.213165536065928
1.0,0.16191540898080864,0.2131142578657622
1.0,0.16188524590163936,0.213100738467769
1.0,0.1618550940584839,0.213092014804646
1.0,0.16182495344506517,0.213089947509126
1.0,0.16179482405511078,0.2129505982590425
1.0,0.16176470588235295,0.2126319246745267
1.0,0.16173459892052858,0.2125079361429434
1.0,0.16170450316337923,0.2122079236249421
1.0,0.16167441860465118,0.212092561267525
1.0,0.16164434523809523,0.2119823284408599
1.0,0.161614283057467,0.2119002323774503
1.0,0.16158423205652658,0.2118816208336695
1.0,0.16155419222903886,0.2117124007110749
1.0,0.16152416356877322,0.211491327458872
1.0,0.1614941460695038,0.2113207047588509
1.0,0.16146413972500928,0.2112823345353982
1.0,0.161434144529073,0.2112795487840389
1.0,0.16140416047548292,0.2111189024526573
1.0,0.16137418755803157,0.2109910547400859
1.0,0.16134422577051616,0.2107815108052109
1.0,0.16131427510673843,0.2107373464668689
1.0,0.16128433556050484,0.2106933143723402
1.0,0.16125440712562628,0.2105778885413783
1.0,0.16122448979591836,0.2105152975474932
1.0,0.16119458356520125,0.210493581677667
1.0,0.1611646884272997,0.2104407135977931
1.0,0.16113480437604302,0.2103218156004317
1.0,0.1611049314052651,0.2102542347333145
1.0,0.16107506950880446,0.21025160515699
1.0,0.1610452186805041,0.2101273297536624
1.0,0.1610153789142116,0.2099939064052947
1.0,0.16098555020377917,0.2099400890229817
1.0,0.16095573254306353,0.2098241092843558
1.0,0.16092592592592592,0.2096675176776476
1.0,0.16089613034623218,0.2096656239979499
1.0,0.16086634579785264,0.2095517400971442
1.0,0.16083657227466222,0.2094804182205636
1.0,0.16080680977054035,0.209461387883115
1.0,0.16077705827937094,0.2094540290367543
1.0,0.16074731779504253,0.2094345100289179
1.0,0.1607175883114481,0.2092855291209113
1.0,0.1606878698224852,0.2092553677998403
1.0,0.16065816232205582,0.2091704305655419
1.0,0.16062846580406653,0.2091465238584867
1.0,0.16059878026242838,0.2090507282790465
1.0,0.16056910569105692,0.2085592331574057
1.0,0.16053944208387216,0.2084243465236867
1.0,0.16050978943479868,0.208385156088832
1.0,0.16048014773776548,0.208307425076273
1.0,0.16045051698670607,0.2082767174815731
1.0,0.16042089717555844,0.2081788674498885
1.0,0.16039128829826504,0.2080581674621877
1.0,0.16036169034877285,0.2079897831726217
1.0,0.1603321033210332,0.2079850300365589
1.0,0.16030252720900204,0.2079784040934939
1.0,0.16027296200663962,0.2079427023506088
1.0,0.16024340770791076,0.207890135882013
1.0,0.16021386430678466,0.2078824048527336
1.0,0.160184331797235,0.2077782708733092
1.0,0.16015481017323996,0.2077406202201925
1.0,0.160125299428782,0.2077397895385314
1.0,0.1600957995578482,0.2076337402575153
1.0,0.1600663105544299,0.207599560878987
1.0,0.16003683241252303,0.2075891922113587
1.0,0.1600073651261278,0.2075128465467232
1.0,0.15997790868924888,0.2074865353733827
1.0,0.15994846309589544,0.2074437832193291
1.0,0.15991902834008098,0.2074142096093005
1.0,0.15988960441582337,0.2074088834347043
1.0,0.15986019131714496,0.2071930560244088
1.0,0.15983078903807246,0.2071432260119242
1.0,0.159801397572637,0.207051838861648
1.0,0.15977201691487405,0.2070516689451879
1.0,0.15974264705882352,0.206630364594933
1.0,0.15971328799852968,0.2065423101883969
1.0,0.15968393972804115,0.206529007470549
1.0,0.15965460224141098,0.2065231168884514
1.0,0.15962527553269654,0.2065201662645645
1.0,0.1595959595959596,0.2063895927056858
1.0,0.15956665442526624,0.2061831801171963
1.0,0.159537360014687,0.2060956912581535
1.0,0.1595080763582966,0.2060696732480293
1.0,0.15947880345017434,0.206047714685452
1.0,0.15944954128440367,0.2058101650415532
1.0,0.15942028985507245,0.2058001330464551
1.0,0.15939104915627292,0.2057262445950775
1.0,0.1593618191821016,0.2055839441201691
1.0,0.15933259992665932,0.2055322540332203
1.0,0.15930339138405133,0.2054984038588077
1.0,0.1592741935483871,0.2049181847326061
1.0,0.15924500641378048,0.2047133300755655
1.0,0.15921582997434958,0.2046763132013378
1.0,0.1591866642242169,0.2046167327844759
1.0,0.15915750915750915,0.2045579385219173
1.0,0.15912836476835746,0.2043340031953711
1.0,0.1590992310508971,0.2043097913045009
1.0,0.1590701079992678,0.2042996717361996
1.0,0.15904099560761348,0.2041947840468253
1.0,0.15901189387008235,0.2041087205537297
1.0,0.15898280278082694,0.2040596621125125
1.0,0.158953722334004,0.2039957959647694
1.0,0.1589246525237747,0.2039260887412722
1.0,0.15889559334430425,0.2038928629323882
1.0,0.15886654478976234,0.2038791867851061
1.0,0.1588375068543228,0.2038737133826098
1.0,0.15880847953216373,0.2038725818732288
1.0,0.15877946281746758,0.2038270978984033
1.0,0.1587504567044209,0.2037867963654153
1.0,0.1587214611872146,0.203745236782434
1.0,0.15869247626004382,0.2037246861890434
1.0,0.1586635019171079,0.2036674729314891
1.0,0.15863453815261044,0.2036348086703071
1.0,0.15860558496075927,0.2035625473731803
1.0,0.15857664233576643,0.2034501073601685
1.0,0.1585477102718482,0.2034178630256591
1.0,0.1585187887632251,0.2033473225878286
1.0,0.15848987780412183,0.2029396753387663
1.0,0.15846097738876733,0.2029077525501319
1.0,0.1584320875113947,0.2028089732634947
1.0,0.15840320816624134,0.2026482945498589
1.0,0.15837433934754874,0.2026305537346526
1.0,0.15834548104956267,0.2026026045582138
1.0,0.15831663326653306,0.2025844536471704
1.0,0.15828779599271403,0.2025753838351865
1.0,0.15825896922236388,0.2025333664098977
1.0,0.15823015294974507,0.2024325629551743
1.0,0.15820134716912435,0.2024053470276551
1.0,0.15817255187477247,0.2023924575070715
1.0,0.1581437670609645,0.2023366994715525
1.0,0.15811499272197962,0.2022357055075722
1.0,0.15808622885210113,0.2022129001083486
1.0,0.15805747544561657,0.2021814286471025
1.0,0.1580287324968176,0.2021783519135445
1.0,0.158,0.201878779311089
1.0,0.15797127794946372,0.2017439459274143
1.0,0.1579425663395129,0.2016669138697518
1.0,0.15791386516445574,0.2016016278906452
1.0,0.15788517441860464,0.2016010859868174
1.0,0.1578564940962761,0.2014663065358421
1.0,0.15782782419179078,0.2014114396455316
1.0,0.1577991646994734,0.2013862630618269
1.0,0.15777051561365288,0.2013634402757705
1.0,0.15774187692866218,0.2012772758137015
1.0,0.15771324863883848,0.2012468612682519
1.0,0.15768463073852296,0.2009374678446612
1.0,0.15765602322206096,0.2008028349983397
1.0,0.15762742608380192,0.2007892936915138
1.0,0.15759883931809937,0.200697559730402
1.0,0.15757026291931098,0.2006510305942112
1.0,0.1575416968817984,0.2005450509989535
1.0,0.1575131411999275,0.2004693469657399
1.0,0.15748459586806815,0.2004311003236346
1.0,0.1574560608805943,0.2003731217056684
1.0,0.15742753623188405,0.2002618480792386
1.0,0.15739902191631952,0.2002246595746562
1.0,0.15737051792828685,0.2001172277364056
1.0,0.15734202426217636,0.2000652725565562
1.0,0.15731354091238234,0.1999205692769733
1.0,0.15728506787330318,0.1998954060448492
1.0,0.15725660513934128,0.1997894645278288
1.0,0.1572281527049032,0.1997290258779654
1.0,0.1571997105643994,0.1996970084355358
1.0,0.15717127871224454,0.1995627812979179
1.0,0.15714285714285714,0.1995361469261801
1.0,0.15711444585065992,0.1994734229773599
1.0,0.15708604483007954,0.1994606351719861
1.0,0.15705765407554673,0.1994038951115398
1.0,0.1570292735814962,0.199353763715494
1.0,0.15700090334236674,0.1992990936788043
1.0,0.15697254335260116,0.1992609202642858
1.0,0.1569441936066462,0.1991797921474132
1.0,0.1569158540989527,0.1989831194824593
1.0,0.15688752482397544,0.1989702560941523
1.0,0.1568592057761733,0.1988610365822555
1.0,0.156830896950009,0.198730415945021
1.0,0.15680259833994947,0.1987265859816428
1.0,0.15677430994046546,0.1986631964282519
1.0,0.15674603174603174,0.1986315470725855
1.0,0.15671776375112714,0.19861548842175
1.0,0.1566895059502344,0.1982989234516275
1.0,0.15666125833784028,0.1982857468449832
1.0,0.15663302090843548,0.1982222680744444
1.0,0.1566047936565147,0.1982060587220639
1.0,0.1565765765765766,0.1980986966737008
1.0,0.15654836966312377,0.1979584305244738
1.0,0.15652017291066284,0.1979422870596474
1.0,0.1564919863137043,0.197880174949787
1.0,0.1564638098667627,0.1978510577966918
1.0,0.15643564356435644,0.1978212333461838
1.0,0.15640748740100793,0.1976155892862271
1.0,0.15637934137124349,0.1974528782724886
1.0,0.15635120546959339,0.1974406979822258
1.0,0.15632307969059184,0.1973566982120141
1.0,0.156294964028777,0.197139147399236
1.0,0.15626685847869087,0.1971131556667752
1.0,0.15623876303487955,0.1971098801694118
1.0,0.15621067769189287,0.1969893385826752
1.0,0.1561826024442847,0.1968227980844045
1.0,0.15615453728661277,0.1966757676102406
1.0,0.15612648221343872,0.1965971118210413
1.0,0.15609843721932817,0.1965463969629647
1.0,0.15607040229885058,0.1965406555536252
1.0,0.15604237744657928,0.1964617131220797
1.0,0.15601436265709157,0.196307357010957
1.0,0.1559863579249686,0.1962307544736617
1.0,0.1559583632447954,0.1961956098291973
1.0,0.15593037861116096,0.1961743480341222
1.0,0.15590240401865804,0.1960157833124978
1.0,0.1558744394618834,0.1955324681550354
1.0,0.1558464849354376,0.1954209282293783
1.0,0.15581854043392504,0.1952345941695084
1.0,0.1557906059519541,0.1951919421109864
1.0,0.15576268148413694,0.1951543288262357
1.0,0.1557347670250896,0.1951240010386331
1.0,0.155706862569432,0.194983580422983
1.0,0.15567896811178789,0.1949181664006763
1.0,0.15565108364678487,0.1948332346668688
1.0,0.15562320916905445,0.1945756791593101
1.0,0.15559534467323188,0.1944814390200233
1.0,0.15556749015395632,0.1944800013235299
1.0,0.15553964560587077,0.1944349641285598
1.0,0.15551181102362205,0.1941118939354456
1.0,0.15548398640186079,0.1941019089600049
1.0,0.1554561717352415,0.1939475628504158
1.0,0.15542836701842247,0.1938894909504326
1.0,0.15540057224606582,0.1937137986993983
1.0,0.15537278741283747,0.1936716853320469
1.0,0.1553450125134072,0.19366010903622
1.0,0.1553172475424486,0.1936336209308754
1.0,0.15528949249463903,0.1935741383750235
1.0,0.15526174736465964,0.1935496242960803
1.0,0.15523401214719543,0.1935478871465623
1.0,0.15520628683693516,0.1935252936693714
1.0,0.15517857142857142,0.1935073347752262
1.0,0.15515086591680058,0.1934014053330508
1.0,0.15512317029632275,0.1933488595385679
1.0,0.15509548456184188,0.1932172917838408
1.0,0.15506780870806566,0.1931616594026424
1.0,0.15504014272970562,0.1931516294853839
1.0,0.15501248662147699,0.1931391016632744
1.0,0.15498484037809881,0.1930797355007413
1.0,0.15495720399429386,0.1930697813419564
1.0,0.15492957746478872,0.1930327089801408
1.0,0.15490196078431373,0.1930020723472011
1.0,0.15487435394760293,0.1929657664786252
1.0,0.15484675694939415,0.1928879387850134
1.0,0.154819169784429,0.1928737683904141
1.0,0.1547915924474528,0.192658965337364
1.0,0.15476402493321462,0.19265566902544
1.0,0.15473646723646722,0.1924942981727078
1.0,0.15470891935196723,0.1924060753379957
1.0,0.1546813812744749,0.192396916150397
1.0,0.15465385299875423,0.1923344869163564
1.0,0.15462633451957294,0.1922733968902719
1.0,0.15459882583170254,0.1922216435256066
1.0,0.15457132692991818,0.1922041853324648
1.0,0.15454383780899875,0.1920824837226174
1.0,0.15451635846372688,0.1920572855968167
1.0,0.1544888888888889,0.1919043899542383
1.0,0.1544614290792748,0.1918599312063663
1.0,0.15443397902967834,0.1917132592547021
1.0,0.15440653873489693,0.1916012915037341
1.0,0.15437910818973175,0.1915167441724846
1.0,0.15435168738898758,0.1914798680651061
1.0,0.15432427632747292,0.1913892065847245
1.0,0.154296875,0.1913667946043908
1.0,0.1542694834013847,0.1910983176177369
1.0,0.15424210152644657,0.1910921251036664
1.0,0.15421472937000888,0.1910667904559507
1.0,0.15418736692689852,0.1908680383004677
1.0,0.15416001419194608,0.1908042083356526
1.0,0.1541326711599858,0.1907537029863586
1.0,0.15410533782585564,0.1906066298441102
1.0,0.15407801418439715,0.1904700686709685
1.0,0.15405070023045558,0.190422307659665
1.0,0.15402339595887982,0.1904147726097712
1.0,0.1539961013645224,0.1903785166981371
1.0,0.15396881644223956,0.1902537371505689
1.0,0.15394154118689105,0.1902424229799181
1.0,0.15391427559334042,0.1902138173831681
1.0,0.15388701965645477,0.1900641103560091
1.0,0.15385977337110482,0.1900570057051332
1.0,0.153832536732165,0.190052231632738
1.0,0.15380530973451328,0.1896820254178497
1.0,0.15377809237303133,0.1896758997321247
1.0,0.1537508846426044,0.1894817944067651
1.0,0.15372368653812135,0.1894405404987746
1.0,0.15369649805447472,0.1893712113853022
1.0,0.15366931918656057,0.1893392300764167
1.0,0.15364214992927863,0.1893242492194786
1.0,0.15361499027753225,0.1892530126050189
1.0,0.15358784022622834,0.1891296142103353
1.0,0.15356069977027745,0.1891134848048254
1.0,0.15353356890459363,0.1888631197933426
1.0,0.15350644762409468,0.1884820589724989
1.0,0.15347933592370186,0.1884791254178086
1.0,0.1534522337983401,0.1884757860956034
1.0,0.15342514124293785,0.1884196124283461
1.0,0.1533980582524272,0.1883359649249003
1.0,0.15337098482174374,0.1883228426637824
1.0,0.15334392094582672,0.1883017479558831
1.0,0.1533168666196189,0.1882879351516851
1.0,0.1532898218380667,0.1881723896435784
1.0,0.15326278659611994,0.1881464377802375
1.0,0.15323576088873214,0.1879130058888368
1.0,0.15320874471086038,0.1878900529904755
1.0,0.15318173805746518,0.1877816621887765
1.0,0.15315474092351075,0.187745722855131
1.0,0.15312775330396475,0.187635350452725
1.0,0.15310077519379844,0.1875972013608715
1.0,0.1530738065879866,0.1873570793776132
1.0,0.15304684748150757,0.1871792023139527
1.0,0.1530198978693432,0.1870647014747422
1.0,0.15299295774647886,0.1870635559583554
1.0,0.15296602710790355,0.1870220533154069
1.0,0.15293910594860965,0.186992530517677
1.0,0.15291219426359318,0.1867926820623746
1.0,0.15288529204785362,0.1867536353992375
1.0,0.15285839929639403,0.1864554254968919
1.0,0.1528315160042209,0.1864235591251488
1.0,0.1528046421663443,0.1864122701057332
1.0,0.1527777777777778,0.1862887341715401
1.0,0.15275092283353842,0.1862231025261826
1.0,0.15272407732864676,0.1861724521635845
1.0,0.15269724125812686,0.1859878184398063
1.0,0.1526704146170063,0.1859357992909223
1.0,0.1526435974003162,0.1858618804134618
1.0,0.15261678960309097,0.1858300975847571
1.0,0.15258999122036873,0.1858249856535465
1.0,0.152563202247191,0.1857712376565134
1.0,0.15253642267860276,0.1855582334519626
1.0,0.1525096525096525,0.1855370361944026
1.0,0.15248289173539217,0.1854686727602174
1.0,0.1524561403508772,0.1854684638243166
1.0,0.15242939835116645,0.1852985615711486
1.0,0.15240266573132236,0.185298393159553
1.0,0.15237594248641065,0.1851871801094569
1.0,0.15234922861150071,0.1851589836714419
1.0,0.15232252410166522,0.1851532377635827
1.0,0.15229582895198038,0.1851290402012399
1.0,0.15226914315752585,0.1850613422270325
1.0,0.15224246671338473,0.1850609446426037
1.0,0.15221579961464354,0.1850118770355149
1.0,0.1521891418563923,0.1846443550949411
1.0,0.1521624934337244,0.1846267475463768
1.0,0.15213585434173668,0.1845994155529735
1.0,0.1521092245755295,0.1845919693211447
1.0,0.15208260413020652,0.1845690166803783
1.0,0.15205599300087488,0.1844417858038143
1.0,0.15202939118264522,0.1843254633526548
1.0,0.15200279867063146,0.1841860124141544
1.0,0.15197621545995102,0.1841079955694962
1.0,0.15194964154572477,0.1840049387891387
1.0,0.1519230769230769,0.1838761418979829
1.0,0.15189652158713512,0.1837550053750808
1.0,0.15186997553303042,0.1836996534209639
1.0,0.15184343875589726,0.1836916061358752
1.0,0.15181691125087352,0.1836299487998947
1.0,0.15179039301310043,0.1834614089879681
1.0,0.15176388403772267,0.1834485404479062
1.0,0.15173738431988826,0.183085412649982
1.0,0.1517108938547486,0.1829089166308707
1.0,0.15168441263745855,0.1828690314518836
1.0,0.15165794066317625,0.1828487623979829
1.0,0.15163147792706333,0.1828264232160014
1.0,0.15160502442428472,0.1828055313704853
1.0,0.15157858015000872,0.182755609328063
1.0,0.15155214509940704,0.1826577484278476
1.0,0.15152571926765476,0.1826044093434039
1.0,0.15149930264993028,0.1824473894480019
1.0,0.15147289524141538,0.1823694395862483
1.0,0.15144649703729524,0.1823088776616994
1.0,0.15142010803275832,0.1822526459391826
1.0,0.15139372822299652,0.1822503798939121
1.0,0.15136735760320502,0.1822411032137125
1.0,0.15134099616858238,0.182181294916854
1.0,0.1513146439143305,0.1821099029132099
1.0,0.1512883008356546,0.1821013404636511
1.0,0.15126196692776328,0.1820947137128712
1.0,0.15123564218586844,0.1820427880384604
1.0,0.15120932660518532,0.1820236578146118
1.0,0.1511830201809325,0.1815481860245652
1.0,0.15115672290833188,0.1815476869576571
1.0,0.1511304347826087,0.1812250724587425
1.0,0.15110415579899147,0.1810259129058489
1.0,0.1510778859527121,0.1809927717492104
1.0,0.15105162523900573,0.1808910613862175
1.0,0.1510253736531109,0.1808573188198927
1.0,0.15099913119026934,0.1808006671807784
1.0,0.1509728978457262,0.1807740153516292
1.0,0.15094667361472988,0.1806123333793785
1.0,0.15092045849253213,0.1805809487785876
1.0,0.15089425247438792,0.1805377755394122
1.0,0.15086805555555555,0.180324293843803
1.0,0.15084186773129665,0.1802879499049976
1.0,0.15081568899687608,0.1802456375906897
1.0,0.15078951934756205,0.1802279897982079
1.0,0.15076335877862596,0.1801129165405262
1.0,0.1507372072853426,0.1800510191480605
1.0,0.15071106486298994,0.1797790620992611
1.0,0.1506849315068493,0.1797592193833114
1.0,0.15065880721220526,0.1797507542541886
1.0,0.15063269197434564,0.1797299729994603
1.0,0.15060658578856154,0.1796375925173498
1.0,0.15058048865014728,0.1795198360091542
1.0,0.15055440055440056,0.1794403073198378
1.0,0.1505283214966222,0.1793843157114232
1.0,0.15050225147211638,0.1791076437399523
1.0,0.15047619047619049,0.1790024658713209
1.0,0.15045013850415512,0.1789735610699478
1.0,0.15042409555132422,0.1789511575895076
1.0,0.1503980616130149,0.1787521187717634
1.0,0.1503720366845475,0.1784109823210495
1.0,0.15034602076124567,0.178396269559282
1.0,0.15032001383843627,0.1783494097825601
1.0,0.15029401591144934,0.1783475404245262
1.0,0.1502680269756182,0.1780564265677674
1.0,0.15024204702627939,0.1779607236411833
1.0,0.15021607605877269,0.1779606294790189
1.0,0.15019011406844107,0.177897223689906
1.0,0.1501641610506307,0.1777615069741674
1.0,0.15013821700069108,0.1777321901117362
1.0,0.15011228191397477,0.177630264015474
1.0,0.15008635578583765,0.1776199339844922
1.0,0.15006043861163876,0.1776083323516788
1.0,0.15003453038674033,0.1773981589214265
1.0,0.15000863110650786,0.1773191187365409
1.0,0.14998274076630996,0.1771484284483387
1.0,0.14995685936151856,0.1770626221202985
1.0,0.14993098688750864,0.1768420320836553
1.0,0.14990512333965844,0.1767692213688662
1.0,0.14987926871334942,0.1765671537588565
1.0,0.1498534230039662,0.1763314939913715
1.0,0.14982758620689654,0.1761632414289836
1.0,0.14980175831753145,0.1760902520898543
1.0,0.14977593933126507,0.1759971750149425
1.0,0.14975012924349473,0.1759229916377991
1.0,0.14972432804962096,0.1758347689257819
1.0,0.14969853574504738,0.1757693687305382
1.0,0.14967275232518085,0.175529552528491
1.0,0.14964697778543137,0.1754286368237279
1.0,0.14962121212121213,0.1753556374661093
1.0,0.14959545532793941,0.1753216495075328
1.0,0.1495697074010327,0.175278867655806
1.0,0.14954396833591466,0.1751459452014059
1.0,0.14951823812801102,0.175035345469125
1.0,0.14949251677275074,0.174874127741531
1.0,0.14946680426556588,0.1748097942354227
1.0,0.14944110060189167,0.174517739473317
1.0,0.14941540577716644,0.1744814167658034
1.0,0.1493897197868317,0.1744649676677895
1.0,0.14936404262633207,0.1744504857526019
1.0,0.14933837429111532,0.1743312933972597
1.0,0.1493127147766323,0.1743125676030689
1.0,0.14928706407833706,0.1743022832477203
1.0,0.1492614221916867,0.1742989498444527
1.0,0.1492357891121415,0.1741799055861654
1.0,0.14921016483516483,0.1741533390793866
1.0,0.1491845493562232,0.1740193619549296
1.0,0.14915894267078614,0.1739903557401075
1.0,0.1491333447743264,0.1738583623629903
1.0,0.14910775566231985,0.1736860293862593
1.0,0.14908217533024531,0.1736296957294468
1.0,0.1490566037735849,0.1736023867357262
1.0,0.1490310409878237,0.1735839640353213
1.0,0.14900548696844992,0.1735675558570975
1.0,0.1489799417109549,0.1734455171227179
1.0,0.14895440521083306,0.1734424206154445
1.0,0.14892887746358183,0.1734352311493891
1.0,0.14890335846470185,0.1734143338618794
1.0,0.14887784820969677,0.1732783865297457
1.0,0.14885234669407332,0.173252052608021
1.0,0.14882685391334133,0.1731667869959538
1.0,0.1488013698630137,0.1731413477120462
1.0,0.1487758945386064,0.1731329458113276
1.0,0.14875042793563847,0.1730767581407706
1.0,0.14872497004963203,0.1730671549014016
1.0,0.14869952087611224,0.1729918271906518
1.0,0.14867408041060737,0.1727611566610558
1.0,0.14864864864864866,0.1727550270581994
1.0,0.14862322558577049,0.1727473516915796
1.0,0.14859781121751026,0.1725446022571912
1.0,0.14857240553940845,0.1725206898178596
1.0,0.14854700854700856,0.1724610274483577
1.0,0.1485216202358571,0.1724515007885308
1.0,0.14849624060150377,0.1723865241360324
1.0,0.14847086963950112,0.1723787955326331
1.0,0.14844550734540485,0.1720252852303545
1.0,0.1484201537147737,0.1720097285984501
1.0,0.1483948087431694,0.1719690352800719
1.0,0.14836947242615672,0.1718546370726918
1.0,0.14834414475930352,0.1718236664790444
1.0,0.1483188257381806,0.1717346140026478
1.0,0.14829351535836177,0.1713810029496531
1.0,0.148268213615424,0.1713680610217891
1.0,0.1482429205049471,0.1712547822617932
1.0,0.14821763602251406,0.171242414070178
1.0,0.1481923601637108,0.1711314620800902
1.0,0.14816709292412616,0.171076475861884
1.0,0.1481418342993522,0.1710677172385434
1.0,0.1481165842849838,0.1710037671096127
1.0,0.14809134287661896,0.1707198175845135
1.0,0.1480661100698586,0.1705974719755174
1.0,0.14804088586030664,0.1705786759678556
1.0,0.1480156702435701,0.1705640498145994
1.0,0.14799046321525886,0.1704594535972462
1.0,0.14796526477098587,0.1704427403499888
1.0,0.14794007490636704,0.1703333228629373
1.0,0.1479148936170213,0.1703197717835103
1.0,0.14788972089857044,0.1703045634359171
1.0,0.14786455674663945,0.1702972184113426
1.0,0.14783940115685607,0.1702878059385699
1.0,0.14781425412485116,0.170102246367163
1.0,0.1477891156462585,0.1700349781790138
1.0,0.14776398571671484,0.1700102378604369
1.0,0.1477388643318599,0.1699455115922036
1.0,0.1477137514873364,0.1699005134137393
1.0,0.14768864717878993,0.1696367642387027
1.0,0.14766355140186915,0.1695625365368502
1.0,0.14763846415222562,0.1695274663449934
1.0,0.14761338542551383,0.1694411729625272
1.0,0.1475883152173913,0.1694204463086256
1.0,0.14756325352351843,0.1693288692589477
1.0,0.14753820033955858,0.1692523515504895
1.0,0.14751315566117806,0.1691326058359853
1.0,0.14748811948404617,0.1690846708258174
1.0,0.14746309180383504,0.1690349578809362
1.0,0.14743807261621988,0.169023213801886
1.0,0.14741306191687872,0.1689818480020088
1.0,0.14738805970149255,0.1689795893645468
1.0,0.1473630659657453,0.1689386576594198
1.0,0.14733808070532384,0.1688889528402894
1.0,0.14731310391591795,0.1688726181481809
1.0,0.14728813559322035,0.1688719902563311
1.0,0.14726317573292663,0.1686834578237627
1.0,0.14723822433073536,0.1685209011639256
1.0,0.14721328138234796,0.1685084309679254
1.0,0.14718834688346882,0.1684948386672464
1.0,0.14716342082980524,0.1684660190891272
1.0,0.1471385032170674,0.1684628053251018
1.0,0.14711359404096835,0.1684354736184964
1.0,0.1470886932972241,0.1683204456752014
1.0,0.14706380098155356,0.1682936328493869
1.0,0.1470389170896785,0.1682166449168816
1.0,0.14701404161732362,0.1681272598648502
1.0,0.1469891745602165,0.1681026471899303
1.0,0.1469643159140876,0.1680763336661209
1.0,0.14693946567467028,0.1678347544251942
1.0,0.14691462383770076,0.1677025721126024
1.0,0.1468897903989182,0.1676791127270397
1.0,0.14686496535406457,0.1675902366399057
1.0,0.14684014869888476,0.1675507575977317
1.0,0.14681534042912653,0.1675154984476976
1.0,0.14679054054054055,0.1672633433803526
1.0,0.14676574902888026,0.1670398060941854
1.0,0.14674096588990207,0.1668049556420169
1.0,0.14671619111936518,0.1667295394098571
1.0,0.14669142471303173,0.1667144999823753
1.0,0.14666666666666667,0.1666979935122193
1.0,0.1466419169760378,0.1666600205644255
1.0,0.14661717563691581,0.1666060479201865
1.0,0.14659244264507423,0.1664972340969887
1.0,0.14656771799628943,0.1664333341234918
1.0,0.14654300168634063,0.1663983583704635
1.0,0.14651829371100994,0.1663658034114847
1.0,0.14649359406608226,0.166324207037848
1.0,0.14646890274734536,0.1661333363098796
1.0,0.14644421975058983,0.1660602748892437
1.0,0.1464195450716091,0.1660586294386973
1.0,0.14639487870619947,0.1659862335160305
1.0,0.14637022065016,0.1658691775866089
1.0,0.1463455708992927,0.1658535582941724
1.0,0.14632092944940225,0.1658243022333417
1.0,0.14629629629629629,0.1655387362883401
1.0,0.14627167143578523,0.1654904076600845
1.0,0.14624705486368225,0.1654156228913381
1.0,0.14622244657580347,0.1654105915611512
1.0,0.1461978465679677,0.1653461028771441
1.0,0.14617325483599664,0.1652666600103896
1.0,0.14614867137571477,0.1651660061091832
1.0,0.1461240961829494,0.1651173808659111
1.0,0.1460995292535306,0.1649914159430774
1.0,0.1460749705832913,0.1649798963172608
1.0,0.1460504201680672,0.1649542170284445
1.0,0.14602587800369685,0.1648868906478652
1.0,0.1460013440860215,0.1648700832167227
1.0,0.14597681841088528,0.1646955416756254
1.0,0.14595230097413503,0.1644756939271709
1.0,0.1459277917716205,0.1642394797313656
1.0,0.1459032907991941,0.1642205351701279
1.0,0.1458787980527111,0.1641589986232656
1.0,0.14585431352802955,0.1641251771553518
1.0,0.14582983722101023,0.1640310945705433
1.0,0.14580536912751677,0.1640137748535273
1.0,0.14578090924341552,0.1639795120656339
1.0,0.14575645756457564,0.1639782483285184
1.0,0.14573201408686903,0.1638567266576309
1.0,0.14570757880617036,0.1638025247162516
1.0,0.14568315171835708,0.1637747217086371
1.0,0.1456587328193094,0.1637679004451208
1.0,0.14563432210491034,0.1637295643306932
1.0,0.14560991957104558,0.1635271079270824
1.0,0.14558552521360363,0.1634584194339308
1.0,0.1455611390284757,0.1634297274851723
1.0,0.14553676101155585,0.1634083055351509
1.0,0.1455123911587408,0.1633061768946004
1.0,0.14548802946593,0.1632888386474199
1.0,0.1454636759290258,0.1632586377360967
1.0,0.14543933054393304,0.1632567722717473
1.0,0.14541499330655958,0.163190495343194
1.0,0.1453906642128158,0.1630849147506324
1.0,0.14536634325861492,0.1630834304591433
1.0,0.1453420304398729,0.1630566320938608
1.0,0.14531772575250837,0.1629989458523711
1.0,0.14529342919244273,0.1629963719726294
1.0,0.14526914075560013,0.1628951521052415
1.0,0.1452448604379074,0.1627998076254679
1.0,0.14522058823529413,0.1627271185512025
1.0,0.14519632414369257,0.1626458781706441
1.0,0.14517206815903774,0.162577775700036
1.0,0.14514782027726741,0.1624810263312404
1.0,0.14512358049432197,0.1624670032217212
1.0,0.14509934880614458,0.1624572463345642
1.0,0.14507512520868113,0.1623601534562632
1.0,0.14505090969788015,0.1623557913689397
1.0,0.14502670226969291,0.1622654700439175
1.0,0.1450025029200734,0.1622495547444884
1.0,0.14497831164497832,0.16216352279257
1.0,0.14495412844036698,0.1621583238703549
1.0,0.14492995330220146,0.1620758451252003
1.0,0.14490578622644656,0.1619337250935817
1.0,0.1448816272090697,0.1619001961911964
1.0,0.144857476246041,0.1618793530333406
1.0,0.14483333333333334,0.1616332727873046
1.0,0.14480919846692217,0.1615727002538601
1.0,0.14478507164278573,0.1615415780301617
1.0,0.14476095285690488,0.1615384617815871
1.0,0.14473684210526316,0.1614640760321911
1.0,0.1447127393838468,0.1614563245272751
1.0,0.1446886446886447,0.1613830364328093
1.0,0.1446645580156484,0.1612745665761565
1.0,0.1446404793608522,0.1611758494479412
1.0,0.14461640872025294,0.1611687335089814
1.0,0.14459234608985025,0.1610731533223242
1.0,0.14456829146564631,0.1610225658494676
1.0,0.14454424484364603,0.1610193694707207
1.0,0.14452020621985698,0.1609968023055978
1.0,0.14449617559028932,0.1609364322079744
1.0,0.14447215295095595,0.1608625021198159
1.0,0.14444813829787234,0.1607206597869528
1.0,0.14442413162705667,0.1606349919746108
1.0,0.14440013293452975,0.1605973452649269
1.0,0.144376142216315,0.1604819263276703
1.0,0.14435215946843855,0.1604646280429559
1.0,0.1443281846869291,0.1604513784354397
1.0,0.144304217867818,0.160365791689356
1.0,0.1442802590071393,0.1603576648254986
1.0,0.14425630810092963,0.1602215839714041
1.0,0.14423236514522822,0.1601993086124973
1.0,0.144208430136077,0.1601928723665255
1.0,0.1441845030695205,0.1600835133541529
1.0,0.14416058394160583,0.1600459832653871
1.0,0.14413667274838282,0.1597483543865973
1.0,0.14411276948590382,0.1596800406012253
1.0,0.14408887415022384,0.159610433392233
1.0,0.14406498673740054,0.1595938615137414
1.0,0.14404110724349412,0.159520493680359
1.0,0.14401723566456745,0.1595177537725245
1.0,0.143993371996686,0.159496914030417
1.0,0.14396951623591783,0.15925227210978
1.0,0.1439456683783336,0.1592435620436069
1.0,0.14392182842000661,0.1592294054295659
1.0,0.14389799635701275,0.1591646307484618
1.0,0.14387417218543047,0.1589629126794093
1.0,0.14385035590134085,0.1589244351134152
1.0,0.14382654750082755,0.15892286328488
1.0,0.14380274697997683,0.1588819743707266
1.0,0.14377895433487756,0.1588438285769607
1.0,0.14375516956162118,0.158803304123109
1.0,0.1437313926563017,0.1586765560135973
1.0,0.1437076236150157,0.1586741553031593
1.0,0.14368386243386244,0.1586269000551691
1.0,0.14366010910894364,0.158584104736268
1.0,0.14363636363636365,0.1585750118347925
1.0,0.14361262601222938,0.1584240950507718
1.0,0.14358889623265036,0.1582854783151173
1.0,0.14356517429373863,0.1582834818178055
1.0,0.14354146019160885,0.1581182012640093
1.0,0.1435177539223782,0.158112426374905
1.0,0.14349405548216645,0.1577808875597175
1.0,0.1434703648670959,0.1577605117694108
1.0,0.1434466820732915,0.1574812356288809
1.0,0.14342300709688066,0.1574285781378808
1.0,0.1433993399339934,0.1574050380397904
1.0,0.14337568058076225,0.1571885891249895
1.0,0.14335202903332234,0.1570847147935657
1.0,0.1433283852878113,0.1569937145558464
1.0,0.14330474934036938,0.1567043607871219
1.0,0.14328112118713932,0.1566282398778658
1.0,0.14325750082426641,0.1565759590425942
1.0,0.14323388824789846,0.1563415969968698
1.0,0.1432102834541859,0.1563071085994536
1.0,0.1431866864392816,0.1561703957765703
1.0,0.14316309719934103,0.1561479191633908
1.0,0.14313951573052217,0.1560886028294677
1.0,0.1431159420289855,0.1560172689514624
1.0,0.14309237609089412,0.1559451166899297
1.0,0.14306881791241358,0.1557350470313641
1.0,0.14304526748971194,0.1556749829851609
1.0,0.14302172481895983,0.155619606076077
1.0,0.14299818989633042,0.1555716189640479
1.0,0.14297466271799933,0.1555071622640358
1.0,0.14295114328014477,0.1554248869606387
1.0,0.14292763157894736,0.1553798504150793
1.0,0.14290412761059038,0.1553798172407573
1.0,0.14288063137125945,0.1552484768966339
1.0,0.14285714285714285,0.1552400123309788
1.0,0.1428336620644313,0.1552320989496239
1.0,0.142810188989318,0.1551849712005182
1.0,0.14278672362799869,0.1551241842812367
1.0,0.1427632659766716,0.1550011489781663
1.0,0.14273981603153746,0.154837741583286
1.0,0.14271637378879948,0.1547804780704764
1.0,0.1426929392446634,0.1545620813530882
1.0,0.14266951239533737,0.1544107238748286
1.0,0.14264609323703217,0.1542585487185561
1.0,0.14262268176596093,0.1541762667751683
1.0,0.14259927797833935,0.1541409655831838
1.0,0.14257588187038556,0.154103407676971
1.0,0.14255249343832022,0.1540489955712274
1.0,0.1425291126783664,0.1539810722188568
1.0,0.14250573958674975,0.1539636433400922
1.0,0.1424823741596983,0.1538397473496476
1.0,0.14245901639344263,0.153815112784379
1.0,0.1424356662842157,0.1537411992614979
1.0,0.14241232382825303,0.1537247407346117
1.0,0.14238898902179256,0.1534940285476229
1.0,0.14236566186107472,0.1534810442020683
1.0,0.14234234234234233,0.1533823890798125
1.0,0.1423190304618408,0.1531277012985198
1.0,0.1422957262158179,0.1529457541336605
1.0,0.14227242960052391,0.152921386223432
1.0,0.1422491406122115,0.1529190031280251
1.0,0.14222585924713585,0.1528830735844202
1.0,0.14220258550155457,0.1528134734613823
1.0,0.14217931937172776,0.1525223087388658
1.0,0.14215606085391788,0.1523506815533368
1.0,0.14213280994438993,0.1521136271172861
1.0,0.1421095666394113,0.1520760903026239
1.0,0.1420863309352518,0.151997797256307
1.0,0.14206310282818374,0.1519617206438374
1.0,0.14203988231448186,0.1519260525736997
1.0,0.14201666939042326,0.1518414413279014
1.0,0.14199346405228758,0.1517473962491622
1.0,0.1419702662963568,0.1517368135897719
1.0,0.14194707611891538,0.1517288784271239
1.0,0.1419238935162502,0.1517084210344196
1.0,0.14190071848465055,0.1516803326884407
1.0,0.14187755102040817,0.151540998502334
1.0,0.14185439111981718,0.1515358505096407
1.0,0.14183123877917414,0.151513527775134
1.0,0.14180809399477806,0.151465967842818
1.0,0.14178495676293032,0.151465614031705
1.0,0.14176182707993476,0.1513284532571423
1.0,0.14173870494209753,0.1512730230535662
1.0,0.14171559034572734,0.1512340688743745
1.0,0.14169248328713516,0.1511921188903211
1.0,0.1416693837626345,0.1510983194672839
1.0,0.14164629176854115,0.1509399573016076
1.0,0.1416232073011734,0.1508270407637853
1.0,0.14160013035685187,0.1506941456075736
1.0,0.14157706093189965,0.1506404863036863
1.0,0.14155399902264212,0.150527731630536
1.0,0.14153094462540716,0.1505224571834335
1.0,0.141507897736525,0.1504779131100187
1.0,0.14148485835232824,0.1504376553893524
1.0,0.14146182646915187,0.1504017020005506
1.0,0.14143880208333334,0.1503729196561696
1.0,0.14141578519121237,0.1503244378466265
1.0,0.14139277578913115,0.1502026168623011
1.0,0.1413697738734342,0.1500448621419278
1.0,0.14134677944046845,0.1500321828718582
1.0,0.1413237924865832,0.1496943713446517
1.0,0.14130081300813008,0.1496914640809778
1.0,0.14127784100146318,0.1496542872428852
1.0,0.14125487646293888,0.1495789993102679
1.0,0.14123191938891597,0.1494640393145161
1.0,0.14120896977575562,0.1494106067864089
1.0,0.1411860276198213,0.1493852533558094
1.0,0.1411630929174789,0.149336304511663
1.0,0.14114016566509663,0.1493254521883739
1.0,0.14111724585904514,0.149319843454495
1.0,0.14109433349569736,0.1492779268491387
1.0,0.14107142857142857,0.149237860306914
1.0,0.14104853108261645,0.1492083737557911
1.0,0.14102564102564102,0.1491969787404533
1.0,0.14100275839688464,0.1490656805527825
1.0,0.140979883192732,0.1490432247726038
1.0,0.14095701540957015,0.1490297585764317
1.0,0.1409341550437885,0.1488997974957919
1.0,0.14091130209177882,0.1488796413886931
1.0,0.14088845654993515,0.148855190506938
1.0,0.14086561841465392,0.1488132239685368
1.0,0.14084278768233388,0.1486772212792219
1.0,0.1408199643493761,0.148672720229402
1.0,0.14079714841218405,0.148558053987787
1.0,0.14077433986716345,0.148556251582308
1.0,0.14075153871072238,0.1485414243056697
1.0,0.14072874493927126,0.1485192459397048
1.0,0.1407059585492228,0.1484050967384318
1.0,0.14068317953699205,0.1483685761336416
1.0,0.14066040789899645,0.1482454365888597
1.0,0.1406376436316556,0.1481251718915703
1.0,0.14061488673139158,0.1477164966936611
1.0,0.1405921371946287,0.1475610410735711
1.0,0.14056939501779359,0.1473485701195865
1.0,0.1405466601973152,0.1473124923750391
1.0,0.14052393272962485,0.1472684968307395
1.0,0.14050121261115603,0.1471403344638769
1.0,0.14047849983834465,0.1470070748712385
1.0,0.1404557944076289,0.1469643986365041
1.0,0.14043309631544926,0.1469069274589323
1.0,0.14041040555824852,0.1468025782246471
1.0,0.14038772213247172,0.146788398466482
1.0,0.14036504603456632,0.1467746200154066
1.0,0.14034237726098192,0.1467386788523045
1.0,0.14031971580817051,0.1466434984249177
1.0,0.14029706167258638,0.1465739538132493
1.0,0.14027441485068604,0.1465280315355346
1.0,0.14025177533892835,0.1463923366942952
1.0,0.1402291431337744,0.1463410073902826
1.0,0.14020651823168764,0.1462615120186532
1.0,0.14018390062913372,0.1462239452979015
1.0,0.14016129032258065,0.1461873900368231
1.0,0.14013868730849863,0.1461849595226362
1.0,0.14011609158336022,0.1460201886523618
1.0,0.14009350314364016,0.1459142051742998
1.0,0.1400709219858156,0.1458190321663857
1.0,0.14004834810636582,0.1457741583976523
1.0,0.14002578150177247,0.1455248028694463
1.0,0.1400032221685194,0.1455054519598572
1.0,0.13998067010309279,0.1454001521555602
1.0,0.13995812530198098,0.1453909470947378
1.0,0.13993558776167472,0.1451898741016476
1.0,0.1399130574786669,0.1451033782699311
1.0,0.13989053444945268,0.1450483346327044
1.0,0.13986801867052953,0.1449616586454249
1.0,0.13984551013839716,0.1448552120578587
1.0,0.13982300884955753,0.1448440402334794
1.0,0.1398005148005148,0.1448438276005732
1.0,0.13977802798777544,0.1447607453897516
1.0,0.13975554840784818,0.1446358042986858
1.0,0.13973307605724394,0.1446141958342902
1.0,0.1397106109324759,0.1445707744342234
1.0,0.13968815303005946,0.1444470643519068
1.0,0.13966570234651238,0.1443405956844726
1.0,0.1396432588783545,0.1442827863870676
1.0,0.13962082262210798,0.1442424397311398
1.0,0.13959839357429718,0.144135193045245
1.0,0.13957597173144876,0.1440905429850814
1.0,0.13955355709009154,0.1440746628990928
1.0,0.13953114964675659,0.1439443514125176
1.0,0.1395087493979772,0.1438977519394579
1.0,0.13948635634028891,0.1437834946078138
1.0,0.1394639704702295,0.143712020597651
1.0,0.1394415917843389,0.143458966748679
1.0,0.13941922027915932,0.1433447317833137
1.0,0.13939685595123516,0.1432008394361057
1.0,0.13937449879711308,0.1431081957260552
1.0,0.13935214881334188,0.1430621701623337
1.0,0.13932980599647266,0.1429516546305559
1.0,0.13930747034305868,0.1428841392908738
1.0,0.1392851418496554,0.1428597506298724
1.0,0.13926282051282052,0.1428396702152654
1.0,0.13924050632911392,0.142833217849062
1.0,0.13921819929509774,0.1427026899604759
1.0,0.1391958994073362,0.1425892630871351
1.0,0.1391736066623959,0.142542877830238
1.0,0.13915132105684547,0.1424911148982366
1.0,0.13912904258725584,0.1423773609574342
1.0,0.1391067712502001,0.1423598339576605
1.0,0.13908450704225353,0.1422438082297811
1.0,0.1390622499599936,0.1422299935289069
1.0,0.13904,0.141795401475012
1.0,0.1390177571588546,0.1417278166519776
1.0,0.1389955214331414,0.1417245472410479
1.0,0.13897329281944668,0.1417064529524333
1.0,0.1389510713143588,0.1417059808483117
1.0,0.13892885691446843,0.1416644450548095
1.0,0.13890664961636828,0.1416286240561608
1.0,0.13888444941665334,0.1415974676269745
1.0,0.13886225631192073,0.1415820743549261
1.0,0.13884007029876977,0.1415764404578187
1.0,0.1388178913738019,0.1415055246004646
1.0,0.13879571953362083,0.141410629481239
1.0,0.13877355477483233,0.141374754996562
1.0,0.13875139709404438,0.1412751361453228
1.0,0.13872924648786716,0.1412269413956347
1.0,0.138707102952913,0.1411565949544468
1.0,0.13868496648579637,0.1411259473159873
1.0,0.13866283708313387,0.1411092907490135
1.0,0.13864071474154435,0.1410555171849719
1.0,0.13861859945764876,0.1409477894100551
1.0,0.13859649122807016,0.1408026049699684
1.0,0.1385743900494339,0.1408011401375648
1.0,0.13855229591836735,0.1406981791848569
1.0,0.13853020883150008,0.1405897258118187
1.0,0.1385081287854638,0.1405683321067238
1.0,0.13848605577689244,0.1405073676847733
1.0,0.13846398980242192,0.1405054531262594
1.0,0.13844193085869047,0.1403422346886887
1.0,0.13841987894233831,0.1402139850795343
1.0,0.13839783405000797,0.1401066121217854
1.0,0.13837579617834395,0.1400986631743913
1.0,0.138353765323993,0.1400550947492637
1.0,0.13833174148360394,0.1400053483052158
1.0,0.1383097246538278,0.1399931305670389
1.0,0.13828771483131763,0.1399596283836699
1.0,0.13826571201272872,0.1399365587889427
1.0,0.13824371619471842,0.1398635730739725
1.0,0.13822172737394625,0.1397693288123286
1.0,0.1381997455470738,0.1397382094409346
1.0,0.13817777071076484,0.139626077165155
1.0,0.13815580286168522,0.1395987035343716
1.0,0.13813384199650294,0.1395470496228886
1.0,0.1381118881118881,0.1395055956518702
1.0,0.13808994120451296,0.1395017297553911
1.0,0.1380680012710518,0.1394325560004401
1.0,0.13804606830818109,0.1394186257747332
1.0,0.13802414231257942,0.1394090810775764
1.0,0.13800222328092743,0.1393200267961106
1.0,0.13798031120990792,0.1389662057218597
1.0,0.13795840609620574,0.1389192050145426
1.0,0.13793650793650794,0.1388695505968696
1.0,0.13791461672750358,0.1387827863678534
1.0,0.13789273246588385,0.1387670892305116
1.0,0.13787085514834205,0.1387595533364546
1.0,0.1378489847715736,0.1385431081649671
1.0,0.13782712133227598,0.1385389126802227
1.0,0.13780526482714875,0.1385073466909943
1.0,0.13778341525289362,0.138448781258152
1.0,0.13776157260621433,0.1384214448929205
1.0,0.13773973688381677,0.1382675286483035
1.0,0.13771790808240889,0.1381906734286333
1.0,0.1376960861987007,0.1380776668958052
1.0,0.13767427122940432,0.1380047993705712
1.0,0.13765246317123397,0.1379086870770616
1.0,0.13763066202090593,0.1378899196272429
1.0,0.13760886777513856,0.1378241482539341
1.0,0.13758708043065232,0.1377787614929533
1.0,0.1375652999841697,0.1377454825753691
1.0,0.13754352643241533,0.13772137181525
1.0,0.13752175977211584,0.1376203624088105
1.0,0.1375,0.1372426392965006
1.0,0.1374782471127986,0.1371696257976409
1.0,0.13745650110724456,0.1370994416508393
1.0,0.13743476198007276,0.1369996209264684
1.0,0.13741302972802025,0.136996590963671
1.0,0.1373913043478261,0.1369754451962525
1.0,0.13736958583623143,0.1366732159124906
1.0,0.13734787418997946,0.1365208445687798
1.0,0.13732616940581543,0.1364267193653081
1.0,0.13730447148048666,0.1364150486309638
1.0,0.1372827804107425,0.1359725630470466
1.0,0.13726109619333438,0.1357497504636687
1.0,0.13723941882501578,0.1357264891635528
1.0,0.13721774830254224,0.13572437010099
1.0,0.1371960846226713,0.1356873222832758
1.0,0.1371744277821626,0.1356043982868715
1.0,0.1371527777777778,0.1355015363897307
1.0,0.13713113460628057,0.1354861816359905
1.0,0.13710949826443672,0.1354460635633976
1.0,0.13708786874901405,0.1354372274512535
1.0,0.13706624605678233,0.1353376030426415
1.0,0.1370446301845135,0.135312998222201
1.0,0.1370230211289814,0.1351658484478277
1.0,0.13700141888696202,0.1350956409029146
1.0,0.1369798234552333,0.1350721070864124
1.0,0.13695823483057526,0.1350024573975857
1.0,0.13693665300976993,0.1348153555133955
1.0,0.1369150779896014,0.1347310315616795
1.0,0.13689350976685571,0.1346449605406597
1.0,0.136871948338321,0.1345983042014323
1.0,0.13685039370078741,0.1344106384136726
1.0,0.13682884585104707,0.1343230335813198
1.0,0.1368073047858942,0.1343169895621611
1.0,0.13678577050212498,0.1342313006339918
1.0,0.1367642429965376,0.134216454447284
1.0,0.13674272226593234,0.1341612032769585
1.0,0.1367212083071114,0.1341339388200295
1.0,0.13669970111687904,0.1338526264775242
1.0,0.13667820069204153,0.13368428769512
1.0,0.13665670702940713,0.1336683024842618
1.0,0.13663522012578616,0.1335531180624589
1.0,0.1366137399779909,0.1334810500223048
1.0,0.13659226658283558,0.1334455236520496
1.0,0.13657079993713658,0.133426692984532
1.0,0.13654934003771213,0.1332272741788081
1.0,0.13652788688138257,0.1331216152645824
1.0,0.13650644046497015,0.1330976119064413
1.0,0.1364850007852992,0.1330542532704403
1.0,0.13646356783919597,0.1329928115726002
1.0,0.13644214162348878,0.1329830941166971
1.0,0.13642072213500786,0.1329576872308483
1.0,0.13639930937058548,0.1327606711898235
1.0,0.13637790332705588,0.132719077731254
1.0,0.1363565040012553,0.1327041895769553
1.0,0.13633511139002197,0.1326653581296341
1.0,0.13631372549019607,0.1326513881821375
1.0,0.13629234629861983,0.1326449983546259
1.0,0.13627097381213737,0.132588779934127
1.0,0.13624960802759487,0.1325769324654859
1.0,0.1362282489418404,0.1325061830276757
1.0,0.13620689655172413,0.1324486747175883
1.0,0.13618555085409811,0.1324113523985499
1.0,0.13616421184581637,0.1323358956785812
1.0,0.1361428795237349,0.1322685640185466
1.0,0.13612155388471178,0.1322341599016973
1.0,0.13610023492560688,0.1322275939659717
1.0,0.13607892264328217,0.1322005305939823
1.0,0.13605761703460154,0.1321413220025308
1.0,0.1360363180964308,0.1320533094097082
1.0,0.13601502582563782,0.1320399964929404
1.0,0.13599374021909233,0.1318992102197887
1.0,0.1359724612736661,0.1317792531877408
1.0,0.1359511889862328,0.1317312026749289
1.0,0.13592992335366808,0.1316746052555654
1.0,0.13590866437284954,0.1316634440243221
1.0,0.13588741204065677,0.1316080498098465
1.0,0.13586616635397122,0.1315774367651327
1.0,0.1358449273096764,0.1315654972982841
1.0,0.1358236949046577,0.1314702170539607
1.0,0.13580246913580246,0.1314495365595658
1.0,0.13578125,0.1310541121648506
1.0,0.13576003749414153,0.1310002553445879
1.0,0.13573883161512026,0.1309704957351385
1.0,0.13571763235983134,0.1309511775302607
1.0,0.13569643972517176,0.1308633976266302
1.0,0.1356752537080406,0.1307847328194685
1.0,0.13565407430533874,0.1306879429214753
1.0,0.1356329015139691,0.130621314343108
1.0,0.13561173533083645,0.130591338023654
1.0,0.13559057575284755,0.130585567644871
1.0,0.13556942277691109,0.1304130390018075
1.0,0.1355482763999376,0.1302544929822148
1.0,0.13552713661883967,0.1301757926704485
1.0,0.13550600343053174,0.1301520435674849
1.0,0.13548487683193014,0.1301507641812452
1.0,0.13546375681995323,0.1300890111885065
1.0,0.1354426433915212,0.1300544732962328
1.0,0.13542153654355618,0.1300160628814065
1.0,0.13540043627298223,0.1299915209610668
1.0,0.13537934257672535,0.1299833790366737
1.0,0.1353582554517134,0.1299030278417338
1.0,0.13533717489487618,0.1297698801476242
1.0,0.13531610090314544,0.1295483144034509
1.0,0.13529503347345478,0.129421101959793
1.0,0.13527397260273974,0.1293279069790675
1.0,0.13525291828793776,0.1292805443177654
1.0,0.13523187052598817,0.1292116171226099
1.0,0.13521082931383227,0.1292088789719603
1.0,0.1351897946484132,0.1290870169891598
1.0,0.135168766526676,0.1290113053002306
1.0,0.13514774494556764,0.1289477642426251
1.0,0.135126729902037,0.1288449133240043
1.0,0.13510572139303484,0.1287224937054703
1.0,0.13508471941551375,0.1287021236518704
1.0,0.13506372396642835,0.1285927718644369
1.0,0.13504273504273503,0.1285705998953015
1.0,0.13502175264139216,0.1284370035727746
1.0,0.13500077675935995,0.1283692440384481
1.0,0.1349798073936005,0.1281665316828869
1.0,0.13495884454107782,0.1279987251062314
1.0,0.13493788819875777,0.1279484919311064
1.0,0.13491693836360813,0.1279288045898868
1.0,0.13489599503259858,0.1278124493122757
1.0,0.1348750582027006,0.1276010371109987
1.0,0.13485412787088766,0.1274881277210357
1.0,0.13483320403413498,0.1274767714859309
1.0,0.1348122866894198,0.1274268627577783
1.0,0.1347913758337211,0.1273920212910977
1.0,0.13477047146401985,0.1273122368260261
1.0,0.1347495735772988,0.1271445822153372
1.0,0.13472868217054262,0.1269688610414712
1.0,0.13470779724073786,0.1267439150827433
1.0,0.1346869187848729,0.1266367460331511
1.0,0.13466604679993802,0.1265964708027547
1.0,0.13464518128292532,0.1265610498853136
1.0,0.13462432223082882,0.1264627064566761
1.0,0.13460346964064437,0.1263795944573051
1.0,0.13458262350936967,0.1262981552003943
1.0,0.13456178383400433,0.1262886484242831
1.0,0.13454095061154978,0.1262000737173514
1.0,0.1345201238390093,0.1259023596846053
1.0,0.134499303513388,0.1258929640386376
1.0,0.13447848963169298,0.1258492799196941
1.0,0.13445768219093301,0.1256397714425079
1.0,0.1344368811881188,0.125594689496668
1.0,0.13441608662026294,0.1255924269566115
1.0,0.13439529848437984,0.1254790112721656
1.0,0.1343745167774857,0.1253556362196056
1.0,0.13435374149659865,0.1253553625955318
1.0,0.1343329726387386,0.1253356890527528
1.0,0.13431221020092735,0.1253186390803667
1.0,0.13429145418018854,0.1252718594121661
1.0,0.1342707045735476,0.1251570329329271
1.0,0.13424996137803183,0.1250973116788582
1.0,0.13422922459067038,0.1248070240801662
1.0,0.1342084942084942,0.1246321719867386
1.0,0.13418777022853615,0.1246019560805987
1.0,0.1341670526478308,0.1245673763442688
1.0,0.13414634146341464,0.1245577383039406
1.0,0.13412563667232597,0.1242907466969777
1.0,0.13410493827160494,0.1242643879579804
1.0,0.13408424625829346,0.1241228111163785
1.0,0.13406356062943536,0.1241212528354348
1.0,0.1340428813820762,0.1240547463946356
1.0,0.1340222085132634,0.1240396447205758
1.0,0.13400154202004627,0.1239803265044423
1.0,0.1339808818994758,0.123829086517218
1.0,0.1339602281486049,0.1238246349085096
1.0,0.13393958076448828,0.1236282411377495
1.0,0.13391893974418245,0.1235507105436278
1.0,0.13389830508474576,0.1233950531117691
1.0,0.13387767678323834,0.1231706970497954
1.0,0.1338570548367221,0.1231479258148832
1.0,0.1338364392422609,0.1231270090911628
1.0,0.13381582999692024,0.123111090390866
1.0,0.1337952270977675,0.1230659215293639
1.0,0.13377463054187191,0.12300706956614
1.0,0.13375404032630445,0.1229539423499886
1.0,0.1337334564481379,0.1228634329310282
1.0,0.13371287890444683,0.1228328220358472
1.0,0.1336923076923077,0.1227611717404733
1.0,0.13367174280879865,0.1227506161408019
1.0,0.1336511842509997,0.1227241496649015
1.0,0.13363063201599262,0.1226919000838984
1.0,0.133610086100861,0.1226594699495392
1.0,0.13358954650269023,0.1226070642848189
1.0,0.13356901321856748,0.1224893735888215
1.0,0.1335484862455817,0.1224642692674677
1.0,0.1335279655808236,0.1223580061791443
1.0,0.13350745122138577,0.1221982190119125
1.0,0.13348694316436252,0.1221302232563553
1.0,0.13346644140684993,0.122114615026212
1.0,0.13344594594594594,0.1219990510412097
1.0,0.1334254567787502,0.1219591592190683
1.0,0.13340497390236414,0.1218329182980291
1.0,0.13338449731389102,0.1217326941010059
1.0,0.13336402701043584,0.1215465333834266
1.0,0.1333435629891054,0.1214697429797177
1.0,0.13332310524700827,0.1213234856619656
1.0,0.1333026537812548,0.1213164329824252
1.0,0.13328220858895706,0.1209152651548634
1.0,0.13326176966722894,0.1208376967051587
1.0,0.13324133701318613,0.1208232857974609
1.0,0.13322091062394603,0.1208177525456836
1.0,0.13320049049662783,0.1207699017307088
1.0,0.1331800766283525,0.1206972721884228
1.0,0.1331596690162427,0.1205283177298046
1.0,0.133139267657423,0.1204779577811156
1.0,0.1331188725490196,0.1201759120851262
1.0,0.13309848368816052,0.1201749029907971
1.0,0.13307810107197549,0.1201632513066595
1.0,0.13305772469759608,0.1199368640433466
1.0,0.13303735456215554,0.1198756229950419
1.0,0.1330169906627889,0.1197638352836177
1.0,0.132996632996633,0.1197177612077569
1.0,0.13297628156082633,0.119544482415249
1.0,0.13295593635250919,0.1193802591710622
1.0,0.13293559736882363,0.1192616072516896
1.0,0.13291526460691344,0.119128434798411
1.0,0.13289493806392413,0.1190974576493241
1.0,0.13287461773700307,0.1190000570108019
1.0,0.1328543036232992,0.1189748613427667
1.0,0.13283399571996332,0.1189507482074915
1.0,0.13281369402414794,0.1188885860787055
1.0,0.13279339853300734,0.1187345411052676
1.0,0.13277310924369748,0.1187015264026837
1.0,0.1327528261533761,0.1186200056519016
1.0,0.1327325492592027,0.1185870922638684
1.0,0.13271227855833842,0.1184635132366927
1.0,0.13269201404794626,0.1184537200106481
1.0,0.13267175572519083,0.1183618042683438
1.0,0.1326515035872386,0.1183210924209249
1.0,0.13263125763125763,0.1183198197640506
1.0,0.1326110178544178,0.1181052359651641
1.0,0.13259078425389076,0.1181029998121726
1.0,0.13257055682684973,0.1180978345780844
1.0,0.1325503355704698,0.1179031518431504
1.0,0.13253012048192772,0.1178760180345802
1.0,0.13250991155840194,0.1178650024111597
1.0,0.13248970879707272,0.1178629042151303
1.0,0.13246951219512196,0.1176965505827946
1.0,0.13244932174973328,0.1175068933178374
1.0,0.13242913745809204,0.1174519354129752
1.0,0.13240895931738533,0.1172684586477203
1.0,0.13238878732480194,0.1172369081243401
1.0,0.13236862147753237,0.1171368659853836
1.0,0.13234846177276882,0.1167593179257608
1.0,0.1323283082077052,0.1167203981819892
1.0,0.13230816077953714,0.1166653729520975
1.0,0.132288019485462,0.1165795410934244
1.0,0.13226788432267883,0.1165229651878561
1.0,0.13224775528838836,0.1164981427583784
1.0,0.13222763237979307,0.1160343690651852
1.0,0.13220751559409707,0.1159971763932723
1.0,0.13218740492850622,0.1159123857990559
1.0,0.13216730038022814,0.115870513252292
1.0,0.13214720194647203,0.1158140724262919
1.0,0.13212710962444885,0.1157497526478947
1.0,0.13210702341137123,0.1157413600862682
1.0,0.13208694330445356,0.11570705843582
1.0,0.13206686930091185,0.1154475277015597
1.0,0.13204680139796385,0.1152116320442162
1.0,0.13202673959282893,0.1151192951418386
1.0,0.13200668388272824,0.1150802631952283
1.0,0.13198663426488458,0.1150554819394592
1.0,0.1319665907365224,0.1149801008217879
1.0,0.1319465532948679,0.1149681330950613
1.0,0.13192652193714893,0.114836345982761
1.0,0.13190649666059504,0.1148256268705454
1.0,0.1318864774624374,0.1147778235176394
1.0,0.13186646433990895,0.1147684531552127
1.0,0.13184645729024427,0.1147431403062123
1.0,0.1318264563106796,0.114730562595256
1.0,0.1318064613984529,0.1146087909365816
1.0,0.13178647255080375,0.1145355572781089
1.0,0.13176648976497346,0.1142438456672218
1.0,0.13174651303820498,0.1141247289714029
1.0,0.13172654236774292,0.1139952299877836
1.0,0.13170657775083358,0.1139545901806582
1.0,0.13168661918472496,0.1138762368701234
1.0,0.13166666666666665,0.1137901347587354
1.0,0.13164672019391002,0.1135899122063345
1.0,0.13162677976370796,0.1135548696582429
1.0,0.13160684537331516,0.1135272008304344
1.0,0.1315869170199879,0.1134953061061028
1.0,0.1315669947009841,0.1133090281036636
1.0,0.13154707841356342,0.1132636937696344
1.0,0.13152716815498713,0.1132611902561803
1.0,0.13150726392251816,0.1132555731948659
1.0,0.1314873657134211,0.1131325160601316
1.0,0.1314674735249622,0.1131039426158149
1.0,0.1314475873544093,0.1130483909976187
1.0,0.13142770719903207,0.1129554328033048
1.0,0.13140783305610163,0.112908474871068
1.0,0.13138796492289084,0.112835262473737
1.0,0.1313681027966742,0.1127740432844961
1.0,0.13134824667472794,0.1127403337046418
1.0,0.13132839655432976,0.1127192627001988
1.0,0.13130855243275913,0.1125491647119268
1.0,0.1312887143072972,0.1123959685440004
1.0,0.1312688821752266,0.1123787404635733
1.0,0.13124905603383175,0.1123636573947502
1.0,0.13122923588039867,0.1123219497062886
1.0,0.131209421712215,0.1122655670672275
1.0,0.13118961352657005,0.1121497396920672
1.0,0.13116981132075473,0.1121227932254902
1.0,0.1311500150920616,0.1121079000625046
1.0,0.13113022483778483,0.1119820532975522
1.0,0.13111044055522028,0.1116888990343032
1.0,0.1310906622416654,0.1116683181583683
1.0,0.1310708898944193,0.1115886034980825
1.0,0.13105112351078269,0.111583823838114
1.0,0.1310313630880579,0.1115502091541494
1.0,0.1310116086235489,0.1113055470277077
1.0,0.13099186011456135,0.1112784339410153
1.0,0.1309721175584024,0.1111812581682524
1.0,0.13095238095238096,0.1110926051581666
1.0,0.13093265029380743,0.1110628463841975
1.0,0.13091292557999398,0.1110503590116821
1.0,0.13089320680825425,0.1110275111410545
1.0,0.13087349397590362,0.1109759836962455
1.0,0.130853787080259,0.1109480510949286
1.0,0.13083408611863898,0.1107966609357271
1.0,0.13081439108836368,0.1106490391245474
1.0,0.13079470198675497,0.1105369741485218
1.0,0.13077501881113618,0.1105088265682899
1.0,0.1307553415588324,0.1104204675136329
1.0,0.13073567022717014,0.1103840503580665
1.0,0.13071600481347773,0.110359266408606
1.0,0.13069634531508498,0.1102659296828965
1.0,0.1306766917293233,0.1101277263021814
1.0,0.1306570440535258,0.1100451160508784
1.0,0.13063740228502707,0.1100379571206786
1.0,0.13061776642116338,0.1099546111965333
1.0,0.13059813645927262,0.1098849883916652
1.0,0.1305785123966942,0.1098498002958785
1.0,0.13055889423076922,0.1096521859906168
1.0,0.13053928195884032,0.1096084509522029
1.0,0.13051967557825173,0.1094212770555629
1.0,0.1305000750863493,0.109379826935868
1.0,0.13048048048048047,0.1091851994773138
1.0,0.1304608917579943,0.1091714592048894
1.0,0.13044130891624137,0.1091015875479233
1.0,0.13042173195257392,0.1090184555447599
1.0,0.13040216086434575,0.1090029920993337
1.0,0.13038259564891222,0.1088992712391674
1.0,0.13036303630363036,0.1088722176542346
1.0,0.1303434828258587,0.1088565174517726
1.0,0.1303239352129574,0.1088179412946761
1.0,0.1303043934622882,0.1086458126154233
1.0,0.13028485757121439,0.1084855030465049
1.0,0.13026532753710088,0.1084176324015195
1.0,0.13024580335731414,0.1083780407999035
1.0,0.13022628502922223,0.1083595763141522
1.0,0.13020677255019478,0.1083218668509468
1.0,0.130187265917603,0.1083175205626228
1.0,0.13016776512881964,0.1082063348417118
1.0,0.1301482701812191,0.108116193464707
1.0,0.1301287810721773,0.1080359327371984
1.0,0.1301092977990717,0.1080166935596177
1.0,0.13008982035928143,0.1080162184069267
1.0,0.1300703487501871,0.1079989447464225
1.0,0.13005088296917092,0.1079546365049903
1.0,0.13003142301361664,0.1079439328965906
1.0,0.13001196888090963,0.1079083926751472
1.0,0.1299925205684368,0.1075979688000444
1.0,0.1299730780735866,0.1075902541784171
1.0,0.12995364139374907,0.1075465716741274
1.0,0.1299342105263158,0.1074387894661181
1.0,0.12991478546867993,0.1072651775643985
1.0,0.12989536621823616,0.1072590313892024
1.0,0.12987595277238081,0.1072098988921744
1.0,0.12985654512851166,0.1072011132963156
1.0,0.1298371432840281,0.1071368595849987
1.0,0.12981774723633105,0.1071022468566099
1.0,0.129798356982823,0.1069509912177427
1.0,0.129778972520908,0.1069267735743207
1.0,0.12975959384799163,0.1066859579309748
1.0,0.12974022096148105,0.1066553606665849
1.0,0.1297208538587849,0.1066234072444679
1.0,0.12970149253731345,0.1065854534078099
1.0,0.12968213699447845,0.106447188210505
1.0,0.12966278722769323,0.1064000553747883
1.0,0.12964344323437266,0.1062946555540704
1.0,0.12962410501193317,0.1062282000898365
1.0,0.12960477255779268,0.1058435781940503
1.0,0.1295854458693707,0.1057371291409203
1.0,0.12956612494408826,0.1055694714569116
1.0,0.12954680977936792,0.1053120239667391
1.0,0.12952750037263377,0.1051521422473059
1.0,0.12950819672131147,0.1049607138049906
1.0,0.12948889882282819,0.1049482413565586
1.0,0.12946960667461263,0.1049284250274872
1.0,0.12945032027409503,0.1048895505258763
1.0,0.12943103961870717,0.1048615892006115
1.0,0.12941176470588237,0.1047826880524095
1.0,0.1293924955330554,0.1047733127439541
1.0,0.12937323209766266,0.104656218827792
1.0,0.129353974397142,0.1046217343923578
1.0,0.12933472242893287,0.1046154838954268
1.0,0.1293154761904762,0.1045678529712685
1.0,0.12929623567921442,0.1045151236195845
1.0,0.1292770008925915,0.1044394749668079
1.0,0.12925777182805295,0.1044156035872347
1.0,0.1292385484830458,0.104318041186147
1.0,0.12921933085501858,0.1043144921609374
1.0,0.12920011894142136,0.104280194338792
1.0,0.12918091273970567,0.1042566345611918
1.0,0.12916171224732462,0.1041002865387681
1.0,0.1291425174617328,0.1040122929207489
1.0,0.12912332838038634,0.1039403150168257
1.0,0.12910414500074283,0.1038121790706457
1.0,0.12908496732026145,0.1037983580378882
1.0,0.1290657953364028,0.1037603522153987
1.0,0.12904662904662906,0.1037523755014538
1.0,0.12902746844840385,0.1036217084500881
1.0,0.1290083135391924,0.1034974655286541
1.0,0.12898916431646135,0.1034162972958978
1.0,0.12897002077767883,0.1030341710613492
1.0,0.1289508829203146,0.1029946347649448
1.0,0.12893175074183977,0.1029655479540524
1.0,0.12891262423972705,0.1027873132963209
1.0,0.12889350341145062,0.1027362427861623
1.0,0.12887438825448613,0.1026818018051124
1.0,0.12885527876631078,0.1026816664630674
1.0,0.12883617494440325,0.102391038347082
1.0,0.1288170767862437,0.1023380418727806
1.0,0.12879798428931377,0.1021805326544334
1.0,0.1287788974510966,0.1019534845581477
1.0,0.1287598162690769,0.1019029782092808
1.0,0.12874074074074074,0.1017444112075295
1.0,0.12872167086357578,0.1016445910595802
1.0,0.12870260663507108,0.1016166413770882
1.0,0.1286835480527173,0.1015082823922144
1.0,0.12866449511400652,0.1015032538962241
1.0,0.12864544781643228,0.1014083991967566
1.0,0.12862640615748963,0.1013011715637955
1.0,0.12860737013467516,0.1012542290266692
1.0,0.12858833974548683,0.1010484795708414
1.0,0.1285693149874242,0.1010294192539258
1.0,0.12855029585798816,0.1009932760967404
1.0,0.12853128235468125,0.1008455699815588
1.0,0.1285122744750074,0.1003248641329722
1.0,0.12849327221647197,0.1000125973907794
1.0,0.1284742755765819,0.099972295952007
1.0,0.12845528455284552,0.099863437493243
1.0,0.1284362991427727,0.0998535925928254
1.0,0.12841731934387468,0.0998523335314091
1.0,0.1283983451536643,0.0998317800121343
1.0,0.12837937656965578,0.0998054456576725
1.0,0.12836041358936484,0.0997981756125901
1.0,0.12834145621030868,0.0997000768484725
1.0,0.1283225044300059,0.0996904836730638
1.0,0.12830355824597667,0.0996812170622686
1.0,0.12828461765574253,0.0996227042648893
1.0,0.12826568265682656,0.0995977054892031
1.0,0.12824675324675325,0.0995811128667614
1.0,0.12822782942304856,0.0994514804262014
1.0,0.1282089111832399,0.0992498062995423
1.0,0.12818999852485619,0.099169250778057
1.0,0.12817109144542774,0.0990136738690167
1.0,0.12815218994248637,0.0989551457570942
1.0,0.12813329401356532,0.0989260566441343
1.0,0.12811440365619933,0.0988823887052927
1.0,0.12809551886792453,0.0988629723739405
1.0,0.12807663964627855,0.0988426689729867
1.0,0.12805776598880048,0.0987626678587758
1.0,0.1280388978930308,0.0987046842668772
1.0,0.1280200353565115,0.0986843423632884
1.0,0.12800117837678598,0.0986821397766145
1.0,0.1279823269513991,0.0985728460746352
1.0,0.1279634810778972,0.0985407684520548
1.0,0.12794464075382803,0.0984823631902433
1.0,0.12792580597674078,0.0984597242869693
1.0,0.12790697674418605,0.0982951854782646
1.0,0.12788815305371598,0.0982795525131483
1.0,0.12786933490288405,0.0982524991216552
1.0,0.12785052228924526,0.0980995981809427
1.0,0.127831715210356,0.0980090298149447
1.0,0.1278129136637741,0.0979966084090655
1.0,0.12779411764705884,0.0978173508215858
1.0,0.12777532715777093,0.0977368240905049
1.0,0.12775654219347252,0.097666828289683
1.0,0.12773776275172719,0.0976665748803991
1.0,0.12771898883009994,0.0976194731478358
1.0,0.12770022042615722,0.0975007021701078
1.0,0.12768145753746693,0.097441526797841
1.0,0.12766270016159836,0.0973634559947015
1.0,0.12764394829612222,0.0972782349468256
1.0,0.12762520193861066,0.0972463574873984
1.0,0.12760646108663729,0.0971556451564295
1.0,0.12758772573777713,0.0971468772651348
1.0,0.12756899588960657,0.0970382240017756
1.0,0.1275502715397035,0.0968653133225867
1.0,0.1275315526856472,0.0968273434820811
1.0,0.12751283932501833,0.0963009873852177
1.0,0.12749413145539906,0.0960905466664882
1.0,0.1274754290743729,0.0958930609532363
1.0,0.1274567321795248,0.0956645171096887
1.0,0.12743804076844112,0.0954578193921112
1.0,0.12741935483870967,0.0954466814770502
1.0,0.12740067438791966,0.0954386489669377
1.0,0.12738199941366168,0.0953816504346316
1.0,0.12736332991352778,0.0952450625094722
1.0,0.12734466588511137,0.0951782639471691
1.0,0.12732600732600732,0.0949292464474841
1.0,0.1273073542338119,0.0949036069804345
1.0,0.12728870660612274,0.094790948591809
1.0,0.12727006444053895,0.0947474519660751
1.0,0.127251427734661,0.0945480715503581
1.0,0.1272327964860908,0.0944919970014555
1.0,0.12721417069243157,0.0944467090338923
1.0,0.12719555035128804,0.094341843913694
1.0,0.12717693546026634,0.0942919802769212
1.0,0.12715832601697397,0.0940539189624732
1.0,0.12713972201901974,0.0938488954679408
1.0,0.12712112346401405,0.0937791222575684
1.0,0.12710253034956853,0.0936343834164484
1.0,0.12708394267329629,0.0934651387338779
1.0,0.1270653604328118,0.0934611001066369
1.0,0.127046783625731,0.0933979938687703
1.0,0.1270282122496711,0.0933400996248359
1.0,0.1270096463022508,0.0933066436481278
1.0,0.12699108578109017,0.0931476192970702
1.0,0.12697253068381065,0.09289007483688
1.0,0.12695398100803507,0.0928230493398748
1.0,0.12693543675138766,0.0927841342408598
1.0,0.12691689791149408,0.0927650766938366
1.0,0.1268983644859813,0.0927569074735765
1.0,0.12687983647247775,0.092594814294703
1.0,0.12686131386861313,0.0924954425358184
1.0,0.12684279667201867,0.0924867085921189
1.0,0.1268242848803269,0.0922119689734497
1.0,0.12680577849117175,0.0921864738163487
1.0,0.12678727750218852,0.0920810648955539
1.0,0.12676878191101384,0.0919716547270712
1.0,0.12675029171528587,0.0919318224595435
1.0,0.12673180691264402,0.0917062444770593
1.0,0.12671332750072908,0.0916979568716848
1.0,0.12669485347718326,0.0916682309482967
1.0,0.12667638483965016,0.0915065696447406
1.0,0.12665792158577466,0.0914436565489521
1.0,0.12663946371320314,0.0913928668690459
1.0,0.12662101121958327,0.0912937268592247
1.0,0.1266025641025641,0.0911847012587857
1.0,0.12658412235979608,0.0911599307017908
1.0,0.12656568598893098,0.0911111747543236
1.0,0.12654725498762195,0.0910734663050117
1.0,0.12652882935352358,0.09086582907504
1.0,0.12651040908429176,0.0908501396242993
1.0,0.1264919941775837,0.090755181419611
1.0,0.12647358463105807,0.0907356899169215
1.0,0.12645518044237486,0.0906696540373693
1.0,0.12643678160919541,0.0905767855831749
1.0,0.12641838812918244,0.0905685819943902
1.0,0.1264,0.0905076437888375
1.0,0.12638161721931354,0.090429565326398
1.0,0.1263632397847899,0.0904142426829528
1.0,0.1263448676940971,0.0904095459493177
1.0,0.12632650094490477,0.0902332279154152
1.0,0.12630813953488373,0.0901334895061924
1.0,0.12628978346170613,0.0900945884348752
1.0,0.12627143272304564,0.0900738357857259
1.0,0.12625308731657708,0.0900187355658276
1.0,0.12623474723997677,0.0899326840473213
1.0,0.1262164124909223,0.0896841225427391
1.0,0.12619808306709265,0.0896589301680896
1.0,0.12617975896616815,0.0895078797811878
1.0,0.12616144018583042,0.0891894873958218
1.0,0.12614312672376252,0.0891488120935862
1.0,0.12612481857764876,0.0890484357491966
1.0,0.12610651574517487,0.0890089128633609
1.0,0.12608821822402785,0.0889222739013107
1.0,0.12606992601189612,0.0889084322846016
1.0,0.12605163910646938,0.0887002447325052
1.0,0.12603335750543873,0.088465148089723
1.0,0.12601508120649652,0.0883740970887501
1.0,0.12599681020733652,0.088332368857216
1.0,0.12597854450565382,0.0881034752398228
1.0,0.1259602840991448,0.087991131822325
1.0,0.12594202898550724,0.0875889771096808
1.0,0.1259237791624402,0.0875514783309906
1.0,0.12590553462764417,0.0873693254008409
1.0,0.1258872953788208,0.0873122608079115
1.0,0.12586906141367324,0.0872808398190938
1.0,0.12585083272990585,0.0872245039090311
1.0,0.12583260932522444,0.087161483046756
1.0,0.12581439119733603,0.0871147864688827
1.0,0.12579617834394904,0.087093115253456
1.0,0.1257779707627732,0.087010423252028
1.0,0.12575976845151954,0.0867837990849089
1.0,0.12574157140790046,0.0867263491288682
1.0,0.12572337962962962,0.0865202409702524
1.0,0.1257051931144221,0.0864805771555463
1.0,0.1256870118599942,0.0863451398812267
1.0,0.12566883586406363,0.086230878432681
1.0,0.12565066512434933,0.0862294444283851
1.0,0.12563249963857165,0.0862095268271977
1.0,0.12561433940445216,0.0861140783337041
1.0,0.12559618441971382,0.0860939613695971
1.0,0.12557803468208092,0.0860657096064226
1.0,0.12555989018927902,0.0859973304216445
1.0,0.12554175093903497,0.0859250143218736
1.0,0.125523616929077,0.0856721612286176
1.0,0.1255054881571346,0.085354159535431
1.0,0.12548736462093862,0.0853176159136786
1.0,0.1254692463182212,0.0851887259875914
1.0,0.12545113324671575,0.0851099553620742
1.0,0.12543302540415704,0.0850564676166536
1.0,0.12541492278828115,0.0849507709360379
1.0,0.1253968253968254,0.08484188528126
1.0,0.1253787332275285,0.0846636582655668
1.0,0.1253606462781304,0.0846196206052247
1.0,0.1253425645463724,0.0844318888406844
1.0,0.12532448802999713,0.0844058424810532
1.0,0.1253064167267484,0.0843539422588428
1.0,0.1252883506343714,0.0843209819086692
1.0,0.12527028975061266,0.0842985621138726
1.0,0.12525223407321995,0.084087375932942
1.0,0.12523418359994234,0.0839547971898992
1.0,0.12521613832853026,0.0838162834706451
1.0,0.12519809825673534,0.08367643119584
1.0,0.12518006338231058,0.0834381720956694
1.0,0.12516203370301024,0.0833744907846947
1.0,0.12514400921658986,0.0833535277099919
1.0,0.12512598992080634,0.0833243778538848
1.0,0.1251079758134178,0.0832412927769939
1.0,0.12508996689218368,0.0830185309639597
1.0,0.1250719631548647,0.0829983090067394
1.0,0.1250539645992229,0.0829631553873839
1.0,0.12503597122302157,0.0829372025718452
1.0,0.1250179830240253,0.0828896332827925
1.0,0.125,0.0828821887199987
1.0,0.12498202214871279,0.0827605494164175
1.0,0.12496404946793213,0.0826873952183936
1.0,0.12494608195542775,0.0824980012103483
1.0,0.12492811960897067,0.08245767514216
1.0,0.1249101624263332,0.0822869501091896
1.0,0.12489221040528888,0.0822571893737489
1.0,0.12487426354361258,0.0821080176624572
1.0,0.12485632183908046,0.082093208208668
1.0,0.1248383852894699,0.0820931059647426
1.0,0.12482045389255961,0.0817706274895992
1.0,0.12480252764612954,0.0816825049651821
1.0,0.12478460654796095,0.0815472012813572
1.0,0.12476669059583632,0.0813818780999864
1.0,0.12474877978753948,0.0813236784779202
1.0,0.12473087412085546,0.081154189417186
1.0,0.12471297359357061,0.0811297093945253
1.0,0.12469507820347252,0.0810477062757216
1.0,0.12467718794835007,0.0810206965470796
1.0,0.1246593028259934,0.0810041840281091
1.0,0.12464142283419392,0.080992194145548
1.0,0.1246235479707443,0.0809603986697711
1.0,0.12460567823343849,0.080913528255084
1.0,0.12458781362007168,0.0805827054247198
1.0,0.12456995412844037,0.080501754048762
1.0,0.12455209975634227,0.08042217714167
1.0,0.12453425050157638,0.0804086774281033
1.0,0.12451640636194297,0.0803724428412592
1.0,0.12449856733524356,0.0802292747261001
1.0,0.12448073341928091,0.0800238629931204
1.0,0.12446290461185906,0.0799798075336675
1.0,0.12444508091078334,0.0798767868748597
1.0,0.12442726231386025,0.0798327404061028
1.0,0.12440944881889764,0.0797606292297931
1.0,0.12439164042370456,0.0797332926175857
1.0,0.12437383712609132,0.0796970725206709
1.0,0.1243560389238695,0.0796816168942999
1.0,0.12433824581485191,0.0795428635479861
1.0,0.12432045779685265,0.0795381481339195
1.0,0.12430267486768702,0.0794374200184549
1.0,0.12428489702517162,0.0794070423510854
1.0,0.12426712426712427,0.0793782793255037
1.0,0.12424935659136403,0.0793700381652501
1.0,0.12423159399571122,0.0793355365588935
1.0,0.12421383647798742,0.0791841373018529
1.0,0.12419608403601544,0.0790665540338353
1.0,0.12417833666761932,0.0790508120283559
1.0,0.12416059437062438,0.0789002175611218
1.0,0.12414285714285714,0.078886897857817
1.0,0.12412512498214541,0.0787301288773487
1.0,0.1241073978863182,0.0786188210246986
1.0,0.12408967585320577,0.0783290516820018
1.0,0.12407195888063964,0.0782463013929597
1.0,0.12405424696645254,0.078113984188903
1.0,0.12403654010847845,0.0781067133121115
1.0,0.12401883830455258,0.0780857222472086
1.0,0.12400114155251142,0.0780167371456501
1.0,0.1239834498501926,0.0778965765729833
1.0,0.12396576319543509,0.0776372288754781
1.0,0.12394808158607902,0.0775746548447128
1.0,0.12393040501996577,0.0774899841855011
1.0,0.12391273349493798,0.0773413510489626
1.0,0.12389506700883947,0.0770573521951512
1.0,0.12387740555951532,0.0770202519465263
1.0,0.12385974914481186,0.076977335038054
1.0,0.1238420977625766,0.0769018167208227
1.0,0.1238244514106583,0.0768386355170633
1.0,0.12380681008690697,0.0768372925693555
1.0,0.12378917378917378,0.0767714797640023
1.0,0.12377154251531121,0.0766427533869755
1.0,0.12375391626317289,0.0765832847162514
1.0,0.1237362950306137,0.0765765937857095
1.0,0.12371867881548974,0.0763541937592012
1.0,0.12370106761565837,0.0763214037331895
1.0,0.12368346142897808,0.0761844483413726
1.0,0.12366586025330867,0.0761245308867531
1.0,0.1236482640865111,0.0760978123149885
1.0,0.12363067292644757,0.0760621569826979
1.0,0.12361308677098151,0.0760273300133419
1.0,0.12359550561797752,0.0759409975909432
1.0,0.12357792946530148,0.0758746088739722
1.0,0.12356035831082042,0.0758295021677859
1.0,0.12354279215240262,0.0758175492175702
1.0,0.12352523098791755,0.0757160649967507
1.0,0.12350767481523593,0.0754780301283841
1.0,0.12349012363222964,0.0753701484518458
1.0,0.12347257743677181,0.0752446573672292
1.0,0.12345503622673676,0.0751207374049336
1.0,0.1234375,0.0750893447915331
1.0,0.1234199687544383,0.0750710403455504
1.0,0.12340244248792956,0.0750217310832976
1.0,0.12338492119835298,0.0749984969254004
1.0,0.12336740488358887,0.074978468617878
1.0,0.1233498935415188,0.0747943929381913
1.0,0.12333238717002555,0.0747936119102192
1.0,0.12331488576699305,0.074625127718512
1.0,0.12329738933030647,0.074453784994518
1.0,0.12327989785785218,0.0744330408060079
1.0,0.12326241134751773,0.0742760043111666
1.0,0.12324492979719189,0.074263159015756
1.0,0.12322745320476461,0.0740522771728759
1.0,0.12320998156812704,0.0740232655988501
1.0,0.12319251488517154,0.0739859142131987
1.0,0.12317505315379164,0.0739424866290473
1.0,0.12315759637188209,0.0739282124686271
1.0,0.12314014453733882,0.0739025860417509
1.0,0.12312269764805894,0.0738152605197785
1.0,0.12310525570194078,0.0737657612060849
1.0,0.12308781869688386,0.0736587285087541
1.0,0.12307038663078884,0.0736557362019877
1.0,0.12305295950155763,0.073335077970399
1.0,0.12303553730709331,0.0731629234218426
1.0,0.12301812004530012,0.0730964135087141
1.0,0.12300070771408352,0.0728240010487951
1.0,0.12298330031135013,0.0727010469623192
1.0,0.12296589783500778,0.0726856886303829
1.0,0.12294850028296547,0.0725970316192609
1.0,0.1229311076531334,0.0724768071937042
1.0,0.12291371994342291,0.0724177874969539
1.0,0.12289633715174657,0.072208973678611
1.0,0.1228789592760181,0.0719840403719934
1.0,0.12286158631415241,0.0716810732753871
1.0,0.1228442182640656,0.0716800715224459
1.0,0.12282685512367492,0.071507358333734
1.0,0.12280949689089882,0.0714335720925995
1.0,0.12279214356365692,0.0713525024826829
1.0,0.12277479513987002,0.0712280262045715
1.0,0.12275745161746009,0.0711953792849714
1.0,0.12274011299435028,0.0710953299747866
1.0,0.12272277926846491,0.0710035509434409
1.0,0.12270545043772946,0.0709591290383357
1.0,0.12268812650007059,0.070899176475294
1.0,0.12267080745341614,0.0708486000803331
1.0,0.12265349329569514,0.0707643776634773
1.0,0.12263618402483771,0.0707504886937198
1.0,0.12261887963877523,0.0707164067785496
1.0,0.12260158013544017,0.0705929337633159
1.0,0.12258428551276626,0.070468586013909
1.0,0.12256699576868829,0.0703679039604503
1.0,0.12254971090114229,0.0702618095435775
1.0,0.12253243090806543,0.070173703711402
1.0,0.12251515578739602,0.0701362569913611
1.0,0.12249788553707358,0.0699975749466218
1.0,0.12248062015503876,0.0698800246876583
1.0,0.12246335963923337,0.0697492257324694
1.0,0.12244610398760039,0.069649573773414
1.0,0.12242885319808397,0.069616560823356
1.0,0.12241160726862939,0.0693839972420787
1.0,0.1223943661971831,0.0689335984168401
1.0,0.12237712998169271,0.0688771360130543
1.0,0.12235989862010702,0.068802751634722
1.0,0.1223426721103759,0.0686864766185064
1.0,0.12232545045045046,0.0686191694662799
1.0,0.1223082336382829,0.06856948606793
1.0,0.12229102167182662,0.0685294475435762
1.0,0.12227381454903616,0.0683437719201756
1.0,0.12225661226786719,0.0680905231769611
1.0,0.12223941482627655,0.0680461077901451
1.0,0.12222222222222222,0.0679472057870995
1.0,0.12220503445366333,0.0678274729582446
1.0,0.12218785151856018,0.067789842523601
1.0,0.12217067341487417,0.0674824687627633
1.0,0.12215350014056789,0.0674590092349057
1.0,0.12213633169360506,0.0674567729568609
1.0,0.12211916807195053,0.0674449216731293
1.0,0.12210200927357033,0.0673770349178951
1.0,0.12208485529643158,0.067222664713464
1.0,0.1220677061385026,0.0670583189670561
1.0,0.12205056179775281,0.0670007523832222
1.0,0.12203342227215279,0.0669456103931134
1.0,0.12201628755967425,0.0668793552873311
1.0,0.12199915765829004,0.0668503590105333
1.0,0.12198203256597417,0.0667567263405736
1.0,0.12196491228070175,0.0667289685111161
1.0,0.12194779680044907,0.0666197048969777
1.0,0.1219306861231935,0.0666089185583641
1.0,0.12191358024691358,0.0665695154238139
1.0,0.121896479169589,0.0664886886361619
1.0,0.12187938288920055,0.0664568680470136
1.0,0.12186229140373019,0.0663898944506747
1.0,0.12184520471116096,0.0663662420801951
1.0,0.12182812280947708,0.0663543812196416
1.0,0.12181104569666386,0.0662939432065094
1.0,0.12179397337070778,0.0661867700352061
1.0,0.12177690582959641,0.0661524118829078
1.0,0.12175984307131849,0.0661444660926841
1.0,0.12174278509386383,0.0661052436316407
1.0,0.12172573189522343,0.0658976479205822
1.0,0.12170868347338935,0.0658618313984165
1.0,0.12169163982635485,0.0658047563782426
1.0,0.12167460095211426,0.065797860028418
1.0,0.12165756684866302,0.0655413562171928
1.0,0.12164053751399775,0.0650500592317694
1.0,0.12162351294611616,0.0650212879483856
1.0,0.12160649314301707,0.0649670178132107
1.0,0.12158947810270043,0.0648937914028755
1.0,0.12157246782316732,0.0644557805428121
1.0,0.12155546230241993,0.0643026193995081
1.0,0.12153846153846154,0.0641986274027904
1.0,0.1215214655292966,0.0640441898366939
1.0,0.12150447427293065,0.0639975071896544
1.0,0.12148748776737034,0.0639740208013142
1.0,0.12147050601062342,0.0639490868181646
1.0,0.1214535290006988,0.0639257464993607
1.0,0.12143655673560648,0.0638271799237685
1.0,0.12141958921335755,0.0636450808970924
1.0,0.12140262643196424,0.0633665242177911
1.0,0.12138566838943987,0.0631235898999882
1.0,0.12136871508379889,0.0631171988183236
1.0,0.12135176651305683,0.063087190937922
1.0,0.12133482267523038,0.0626512327129581
1.0,0.1213178835683373,0.0625806210910924
1.0,0.12130094919039643,0.062543172024749
1.0,0.12128401953942777,0.0625133269563983
1.0,0.12126709461345242,0.0623090614876169
1.0,0.12125017441049253,0.0618849727345458
1.0,0.12123325892857142,0.0617643069480231
1.0,0.12121634816571349,0.0617451930123009
1.0,0.12119944211994421,0.0615520686341432
1.0,0.1211825407892902,0.0615502498249828
1.0,0.12116564417177914,0.0614631654106203
1.0,0.12114875226543985,0.0614587357012858
1.0,0.1211318650683022,0.0611578340392158
1.0,0.12111498257839722,0.0610652918510546
1.0,0.12109810479375696,0.0610632648489999
1.0,0.12108123171241465,0.0606842980362408
1.0,0.12106436333240457,0.06053088663335
1.0,0.12104749965176208,0.0605098240968354
1.0,0.12103064066852368,0.0600820892237545
1.0,0.12101378638072692,0.0599433539038529
1.0,0.12099693678641046,0.0598549398195597
1.0,0.12098009188361408,0.0595704542043777
1.0,0.12096325167037862,0.0592336670988848
1.0,0.120946416144746,0.0592259668599082
1.0,0.12092958530475925,0.0591828600992056
1.0,0.1209127591484625,0.0590121388780846
1.0,0.12089593767390094,0.0589575746714278
1.0,0.12087912087912088,0.0589243890314713
1.0,0.12086230876216968,0.0588721952503031
1.0,0.12084550132109581,0.0587280335208932
1.0,0.12082869855394883,0.0587261596836806
1.0,0.12081190045877938,0.0587149929750143
1.0,0.12079510703363915,0.0586604190036449
1.0,0.12077831827658096,0.0585196531672703
1.0,0.1207615341856587,0.0585054467495138
1.0,0.12074475475892733,0.0584935888935243
1.0,0.1207279799944429,0.0584448011415591
1.0,0.12071120989026253,0.0583020933566154
1.0,0.12069444444444444,0.0580383211988271
1.0,0.12067768365504791,0.058028759938378
1.0,0.1206609275201333,0.0579793282169173
1.0,0.12064417603776205,0.0579243585777623
1.0,0.12062742920599667,0.0578359162793679
1.0,0.12061068702290076,0.0578194317756953
1.0,0.120593949486539,0.057799503853716
1.0,0.12057721659497711,0.0577296223981936
1.0,0.12056048834628191,0.0574452749537162
1.0,0.1205437647385213,0.0573143400963951
1.0,0.12052704576976421,0.0572730637749294
1.0,0.12051033143808071,0.0572106515643351
1.0,0.12049362174154188,0.0571726448285979
1.0,0.12047691667821989,0.0571484323417706
1.0,0.12046021624618797,0.0571186107436991
1.0,0.12044352044352044,0.0569729640896364
1.0,0.12042682926829268,0.0567848945836104
1.0,0.12041014271858112,0.0565489188609688
1.0,0.12039346079246328,0.0565390383760674
1.0,0.12037678348801772,0.0565288796231504
1.0,0.1203601108033241,0.056474567954602
1.0,0.1203434427364631,0.0564574076262539
1.0,0.12032677928551648,0.0562884875044647
1.0,0.12031012044856708,0.0562334928410157
1.0,0.12029346622369878,0.0561834386780989
1.0,0.12027681660899654,0.056150175289525
1.0,0.12026017160254636,0.0556406203001315
1.0,0.1202435312024353,0.0555528669902195
1.0,0.12022689540675152,0.0554185313234359
1.0,0.12021026421358418,0.0553669872766929
1.0,0.12019363762102352,0.0547666440428752
1.0,0.12017701562716084,0.0547248717079096
1.0,0.12016039823008849,0.0547073733948023
1.0,0.1201437854278999,0.0546116403438116
1.0,0.12012717721868953,0.054520883046952
1.0,0.12011057360055287,0.0544933182019559
1.0,0.1200939745715865,0.0544828899415903
1.0,0.12007738012988807,0.0544547816605591
1.0,0.12006079027355623,0.0544318332178904
1.0,0.1200442050006907,0.0543853033994056
1.0,0.12002762430939226,0.0542820673477016
1.0,0.12001104819776275,0.0542516175331291
1.0,0.119994476663905,0.0542448421565108
1.0,0.11997790970592297,0.0541570331727978
1.0,0.1199613473219216,0.0540571025094037
1.0,0.11994478951000691,0.0537936084138032
1.0,0.11992823626828596,0.0535150691126277
1.0,0.11991168759486684,0.053297525146752
1.0,0.11989514348785872,0.0531007222966596
1.0,0.11987860394537178,0.0530688159598219
1.0,0.11986206896551724,0.0529140542807907
1.0,0.11984553854640739,0.052685436783039
1.0,0.11982901268615555,0.0526273473826381
1.0,0.11981249138287606,0.052486942968023
1.0,0.11979597463468432,0.0524404359696928
1.0,0.11977946243969675,0.0523400459633015
1.0,0.11976295479603087,0.0517226747547295
1.0,0.11974645170180516,0.0516584794007434
1.0,0.11972995315513915,0.051627244822988
1.0,0.11971345915415346,0.0515174873859273
1.0,0.11969696969696969,0.0513196982345961
1.0,0.1196804847817105,0.0511953003609339
1.0,0.11966400440649959,0.0511316604161675
1.0,0.11964752856946166,0.0510894185861084
1.0,0.11963105726872247,0.0510601313199849
1.0,0.11961459050240882,0.0507283430275277
1.0,0.1195981282686485,0.050722654269592
1.0,0.11958167056557038,0.0505957535992007
1.0,0.11956521739130435,0.050362049787755
1.0,0.11954876874398129,0.0503359815828837
1.0,0.11953232462173315,0.050301663836897
1.0,0.11951588502269289,0.05015435836819
1.0,0.11949944994499449,0.0501428846359727
1.0,0.119483019386773,0.0501097858328148
1.0,0.11946659334616443,0.0500304686162199
1.0,0.11945017182130584,0.0500041850485176
1.0,0.11943375481033534,0.0498955083007461
1.0,0.11941734231139206,0.0498161603547278
1.0,0.1194009343226161,0.0497998617962637
1.0,0.11938453084214865,0.0495233440587281
1.0,0.11936813186813187,0.0494204608695335
1.0,0.11935173739870897,0.0493347215773955
1.0,0.11933534743202417,0.0491528146134097
1.0,0.11931896196622271,0.0489531309972748
1.0,0.11930258099945085,0.0487427363179582
1.0,0.11928620452985587,0.0486378289205665
1.0,0.11926983255558606,0.0485228836660638
1.0,0.11925346507479072,0.0485039525402663
1.0,0.1192371020856202,0.0482254865887041
1.0,0.11922074358622582,0.0481945287862794
1.0,0.11920438957475994,0.047921004396323
1.0,0.11918804004937594,0.0478084727494021
1.0,0.11917169500822819,0.0477374626362623
1.0,0.1191553544494721,0.0474518972216551
1.0,0.11913901837126405,0.0473847820437424
1.0,0.11912268677176148,0.0473815363142279
1.0,0.1191063596491228,0.0473237657131701
1.0,0.11909003700150747,0.0471583150031396
1.0,0.11907371882707592,0.0471329925473024
1.0,0.11905740512398959,0.0471137406350315
1.0,0.11904109589041095,0.0469955554199168
1.0,0.1190247911245035,0.0466376641446753
1.0,0.11900849082443166,0.0465820495640463
1.0,0.11899219498836094,0.0465725340896699
1.0,0.11897590361445783,0.046513573429729
1.0,0.1189596167008898,0.0461625167673945
1.0,0.11894333424582534,0.0460923005116085
1.0,0.11892705624743397,0.0459842292206757
1.0,0.11891078270388615,0.045973712692226
1.0,0.1188945136133534,0.0458884340450376
1.0,0.11887824897400821,0.045822871214374
1.0,0.11886198878402407,0.0456849233867895
1.0,0.11884573304157549,0.0456567123755341
1.0,0.11882948174483796,0.0456467895415233
1.0,0.11881323489198797,0.0456176627462653
1.0,0.11879699248120301,0.0455607737138591
1.0,0.11878075451066156,0.0455306797650012
1.0,0.11876452097854312,0.0454860282074091
1.0,0.11874829188302816,0.0454641666036634
1.0,0.11873206722229813,0.045222871500734
1.0,0.11871584699453552,0.0451439228422745
1.0,0.11869963119792377,0.0450460689266819
1.0,0.11868341983064737,0.0449004250038665
1.0,0.11866721289089172,0.0447798495749364
1.0,0.11865101037684325,0.0440549132815919
1.0,0.11863481228668941,0.0439039712082558
1.0,0.11861861861861862,0.0436163103865118
1.0,0.11860242937082026,0.0432804202126146
1.0,0.11858624454148471,0.043275109714275
1.0,0.11857006412880339,0.0432661488857771
1.0,0.11855388813096862,0.0429239461524875
1.0,0.11853771654617379,0.0428707955283321
1.0,0.11852154937261321,0.0427884798252902
1.0,0.1185053866084822,0.0426666355375556
1.0,0.1184892282519771,0.0424948743531025
1.0,0.11847307430129517,0.0424812977921404
1.0,0.11845692475463468,0.0423422206156409
1.0,0.1184407796101949,0.042243855199887
1.0,0.11842463886617607,0.0420990353433867
1.0,0.1184085025207794,0.0420187078261063
1.0,0.11839237057220708,0.0419055761093816
1.0,0.11837624301866231,0.0418512752412024
1.0,0.11836011985834922,0.041739258045657
1.0,0.11834400108947296,0.0416903621915438
1.0,0.11832788671023965,0.041481249363025
1.0,0.11831177671885637,0.0414450697556767
1.0,0.11829567111353118,0.0413265572041855
1.0,0.11827956989247312,0.0413187213732897
1.0,0.11826347305389222,0.0412374298114213
1.0,0.11824738059599946,0.0411962694828665
1.0,0.1182312925170068,0.0411756538926653
1.0,0.11821520881512719,0.0410272863744588
1.0,0.11819912948857454,0.0409148626616339
1.0,0.11818305453556371,0.0407549822823359
1.0,0.11816698395431058,0.0405348179747348
1.0,0.11815091774303195,0.0403791498511061
1.0,0.11813485589994563,0.0402622443662179
1.0,0.11811879842327036,0.0402262685246201
1.0,0.11810274531122587,0.0399396856806954
1.0,0.11808669656203288,0.0399130836134367
1.0,0.11807065217391305,0.0399058992878627
1.0,0.11805461214508899,0.0398751049316312
1.0,0.1180385764737843,0.0397737528008676
1.0,0.11802254515822355,0.0396433884398646
1.0,0.11800651819663227,0.0395044656017934
1.0,0.11799049558723693,0.0392813938104088
1.0,0.117974477328265,0.0392801617074974
1.0,0.11795846341794489,0.0392340415221787
1.0,0.11794245385450597,0.0391528611590869
1.0,0.11792644863617859,0.0386207288945133
1.0,0.11791044776119403,0.0385004939861782
1.0,0.11789445122778457,0.0380153182067619
1.0,0.1178784590341834,0.0380072063745655
1.0,0.11786247117862471,0.0376967615220202
1.0,0.11784648765934364,0.037645574263459
1.0,0.11783050847457627,0.037600307579423
1.0,0.11781453362255966,0.0370889548069574
1.0,0.11779856310153179,0.0369548006354801
1.0,0.11778259690973164,0.036782101749571
1.0,0.11776663504539911,0.0367604696699813
1.0,0.11775067750677506,0.0365151504180714
1.0,0.11773472429210134,0.036478328496408
1.0,0.1177187753996207,0.0364489886610105
1.0,0.11770283082757686,0.0360529365473848
1.0,0.11768689057421451,0.0360153790240853
1.0,0.11767095463777928,0.0358933315472238
1.0,0.11765502301651774,0.0356534524770833
1.0,0.11763909570867741,0.0355321428082473
1.0,0.11762317271250677,0.0354433729421647
1.0,0.11760725402625524,0.0346483751702778
1.0,0.11759133964817321,0.0344875888969049
1.0,0.11757542957651197,0.0341035532539202
1.0,0.11755952380952381,0.0337212175945205
1.0,0.11754362234546192,0.0337114635399651
1.0,0.11752772518258046,0.0336472857433013
1.0,0.11751183231913455,0.033643886017896
1.0,0.11749594375338021,0.0333404503897274
1.0,0.11748005948357443,0.0332796558920725
1.0,0.11746417950797512,0.0325595879444882
1.0,0.1174483038248412,0.0324541627308123
1.0,0.11743243243243243,0.0324357675033501
1.0,0.1174165653290096,0.0323236305232014
1.0,0.11740070251283437,0.0322012668495005
1.0,0.11738484398216939,0.0321846623213421
1.0,0.11736898973527823,0.0321608481713056
1.0,0.11735313977042539,0.0318712229805327
1.0,0.11733729408587631,0.0318582184315823
1.0,0.1173214526798974,0.0312819305649344
1.0,0.11730561555075594,0.0311370329395772
1.0,0.1172897826967202,0.0309932604064419
1.0,0.11727395411605938,0.030823052641243
1.0,0.11725812980704359,0.0307788778682566
1.0,0.11724230976794388,0.0306707668355076
1.0,0.11722649399703224,0.0301980169506871
1.0,0.1172106824925816,0.0300875237335713
1.0,0.11719487525286582,0.0299951366107017
1.0,0.11717907227615966,0.0298766484683416
1.0,0.11716327356073884,0.0298235134833988
1.0,0.11714747910488002,0.0296506337245474
1.0,0.11713168890686076,0.0294080292290837
1.0,0.11711590296495956,0.0293761972917502
1.0,0.11710012127745587,0.0293665554412609
1.0,0.11708434384263001,0.0293525051880764
1.0,0.1170685706587633,0.0291605705527325
1.0,0.11705280172413793,0.0288313499508193
1.0,0.11703703703703704,0.0287294225143149
1.0,0.11702127659574468,0.0285561319079306
1.0,0.11700552039854585,0.0284946575251796
1.0,0.11698976844372644,0.0284928757592555
1.0,0.11697402072957329,0.0284161447312002
1.0,0.11695827725437416,0.0282511876691292
1.0,0.11694253801641771,0.0272312420077697
1.0,0.11692680301399354,0.0272205816235777
1.0,0.11691107224539217,0.0270939906016635
1.0,0.11689534570890503,0.0268884838509245
1.0,0.11687962340282448,0.0268454562403869
1.0,0.11686390532544379,0.0257902026729156
1.0,0.11684819147505715,0.0257271385031803
1.0,0.11683248184995966,0.0248280047046909
1.0,0.11681677644844737,0.0244469950436153
1.0,0.11680107526881721,0.0238297850835846
1.0,0.11678537830936703,0.0238201465074108
1.0,0.11676968556839559,0.0235144384718346
1.0,0.11675399704420261,0.0228333580113313
1.0,0.11673831273508867,0.0227239590289624
1.0,0.11672263263935527,0.0217411032680644
1.0,0.11670695675530486,0.0216169514729905
1.0,0.11669128508124077,0.0213958949477717
1.0,0.11667561761546724,0.021384215234651
1.0,0.11665995435628944,0.0211163234579823
1.0,0.11664429530201342,0.0207686627227532
1.0,0.11662864045094617,0.0201777947341954
1.0,0.1166129898013956,0.0199463646706224
1.0,0.11659734335167046,0.0196550877754612
1.0,0.1165817011000805,0.0195961237527283
1.0,0.11656606304493629,0.0192787250712071
1.0,0.11655042918454936,0.0187627844044659
1.0,0.11653479951723213,0.0186758808295996
1.0,0.11651917404129794,0.018662010220031
1.0,0.116503552755061,0.0181596625953376
1.0,0.11648793565683646,0.0181581484698006
1.0,0.11647232274494036,0.017931269442341
1.0,0.11645671401768963,0.0179285348814421
1.0,0.11644110947340212,0.0172739632149916
1.0,0.11642550911039656,0.0166656406460702
1.0,0.11640991292699263,0.0165601954758217
1.0,0.11639432092151085,0.0161937293497308
1.0,0.11637873309227266,0.0160410011909423
1.0,0.11636314943760043,0.015714974561898
1.0,0.11634756995581738,0.0154906621298347
1.0,0.11633199464524765,0.0151158114996935
1.0,0.11631642350421631,0.0146255394364315
1.0,0.11630085653104925,0.0144220622582785
1.0,0.11628529372407333,0.0142190629459045
1.0,0.11626973508161627,0.014212887954934
1.0,0.1162541806020067,0.0141580577664618
1.0,0.1162386302835741,0.013460739287075
1.0,0.11622308412464892,0.0134245744455169
1.0,0.11620754212356245,0.0132983725600417
1.0,0.11619200427864688,0.0132370816021255
1.0,0.1161764705882353,0.0126098579371018
1.0,0.11616094105066167,0.0121879936876119
1.0,0.1161454156642609,0.0110145865543547
1.0,0.11612989442736871,0.010888823068323
1.0,0.11611437733832175,0.0107447294993806
1.0,0.11609886439545758,0.00960841368694
1.0,0.11608335559711462,0.0093829110581111
1.0,0.11606785094163216,0.0082082559565553
1.0,0.11605235042735043,0.007899619253105
1.0,0.1160368540526105,0.0075966395558671
1.0,0.11602136181575434,0.0072466548394725
1.0,0.11600587371512482,0.0059511153463591
1.0,0.11599038974906567,0.0054900788560268
1.0,0.11597490991592152,0.005394188087053
1.0,0.1159594342140379,0.0053418640795572
1.0,0.11594396264176117,0.0049251422815139
1.0,0.11592849519743863,0.0041117901943492
1.0,0.11591303187941844,0.0038117734150366
1.0,0.11589757268604961,0.0029365288937369
1.0,0.1158821176156821,0.0028370422668273
1.0,0.11586666666666667,0.0020573544292284
