fpr,tpr,threshold
0.0,0.0,1.0000000009312964
0.0,0.0011507479861910242,0.9999999999312964
0.0,0.0023014959723820483,0.9999999997568594
0.0,0.0034522439585730723,0.9999999985374564
0.0,0.004602991944764097,0.9999999979646266
0.0,0.005753739930955121,0.9999999959812368
0.0,0.006904487917146145,0.9999999957721236
0.0,0.00805523590333717,0.9999999956341512
0.0,0.009205983889528193,0.9999999948421804
0.0,0.010356731875719217,0.999999984028818
0.0,0.011507479861910242,0.9999999777928644
0.0,0.012658227848101266,0.9999999280215578
0.0,0.01380897583429229,0.999999926841204
0.0,0.014959723820483314,0.9999999224927374
0.0,0.01611047180667434,0.9999999064505966
0.0,0.01726121979286536,0.9999998892759908
0.0,0.018411967779056387,0.999999830758136
0.0,0.019562715765247412,0.999999821424869
0.0,0.020713463751438434,0.9999996754375636
0.0,0.02186421173762946,0.9999995348920424
0.0,0.023014959723820484,0.9999995216970008
0.0,0.024165707710011506,0.9999994217481556
0.0,0.02531645569620253,0.9999993474492956
0.0,0.026467203682393557,0.9999991182899456
0.0,0.02761795166858458,0.999998969548187
0.0,0.028768699654775604,0.9999989220549824
0.0,0.02991944764096663,0.9999989025885542
0.0,0.031070195627157654,0.9999988383697208
0.0,0.03222094361334868,0.9999987683137284
0.0,0.0333716915995397,0.999998664963438
0.0,0.03452243958573072,0.9999986471326772
0.0,0.03567318757192175,0.9999986155339888
0.0,0.03682393555811277,0.9999985994629224
0.0,0.0379746835443038,0.99999857965267
0.0,0.039125431530494824,0.99999840738366
0.0,0.04027617951668585,0.9999982220392708
0.0,0.04142692750287687,0.9999981380830728
0.0,0.04257767548906789,0.9999972792389222
0.0,0.04372842347525892,0.9999972300597998
0.0,0.04487917146144994,0.9999971959868575
0.0,0.04602991944764097,0.9999971167164596
0.0,0.047180667433831994,0.9999968424434744
0.0,0.04833141542002301,0.9999967612530712
0.0,0.04948216340621404,0.9999967250368692
0.0,0.05063291139240506,0.999996472821894
0.0,0.05178365937859609,0.9999960295449576
0.0,0.05293440736478711,0.999995215694482
0.0,0.05408515535097814,0.9999947166344476
0.0,0.05523590333716916,0.9999946625341312
0.0,0.05638665132336018,0.9999936509667396
0.0,0.05753739930955121,0.9999935285833716
0.0,0.05868814729574223,0.9999931802182748
0.0,0.05983889528193326,0.9999924643067802
0.0,0.06098964326812428,0.9999924463270028
0.0,0.06214039125431531,0.9999921713053193
0.0,0.06329113924050633,0.9999920802973362
0.0,0.06444188722669736,0.999991915872147
0.0,0.06559263521288838,0.999991522657275
0.0,0.0667433831990794,0.9999913552346704
0.0,0.06789413118527042,0.9999899670722826
0.0,0.06904487917146145,0.9999892855226412
0.0,0.07019562715765247,0.9999889488785636
0.0,0.0713463751438435,0.999988844206292
0.0,0.07249712313003452,0.9999873296893252
0.0,0.07364787111622555,0.9999870708237688
0.0,0.07479861910241657,0.9999869389050068
0.0,0.0759493670886076,0.9999861249269828
0.0,0.07710011507479862,0.9999858712011156
0.0,0.07825086306098965,0.9999855824838624
0.0,0.07940161104718067,0.9999852244849508
0.0,0.0805523590333717,0.9999848982340814
0.0,0.08170310701956271,0.9999841755695412
0.0,0.08285385500575373,0.9999841089807808
0.0,0.08400460299194476,0.9999826206852944
0.0,0.08515535097813579,0.9999812755929852
0.0,0.08630609896432681,0.9999806725037516
0.0,0.08745684695051784,0.999980226679124
0.0,0.08860759493670886,0.9999792431399432
0.0,0.08975834292289989,0.999978241518994
0.0,0.09090909090909091,0.9999777347292048
0.0,0.09205983889528194,0.9999776320614778
0.0,0.09321058688147296,0.9999758041081456
0.0,0.09436133486766399,0.9999751900753228
0.0,0.09551208285385501,0.9999749477449236
0.0,0.09666283084004602,0.9999745128217488
0.0,0.09781357882623705,0.9999732641342812
0.0,0.09896432681242807,0.9999730135639708
0.0,0.1001150747986191,0.999972943871733
0.0,0.10126582278481013,0.9999726934206338
0.0,0.10241657077100115,0.9999719458760864
0.0,0.10356731875719218,0.9999709707691784
0.0,0.1047180667433832,0.9999649856819908
0.0,0.10586881472957423,0.9999643316755384
0.0,0.10701956271576525,0.9999633863454668
0.0,0.10817031070195628,0.9999629781248762
0.0,0.1093210586881473,0.9999571601850464
0.0,0.11047180667433831,0.9999513083292
0.0,0.11162255466052934,0.9999506579735348
0.0,0.11277330264672036,0.999946657343843
0.0,0.11392405063291139,0.9999464513462156
0.0,0.11507479861910241,0.9999462481344292
0.0,0.11622554660529344,0.9999404165522032
0.0,0.11737629459148446,0.9999389352927897
0.0,0.11852704257767549,0.9999376744708376
0.0,0.11967779056386652,0.9999372057956198
0.0,0.12082853855005754,0.9999325856510874
0.0,0.12197928653624857,0.9999321036877108
0.0,0.12313003452243959,0.9999282455672804
0.0,0.12428078250863062,0.9999262547402996
0.0,0.12543153049482164,0.999925260294202
0.0,0.12658227848101267,0.999921964436594
0.0,0.1277330264672037,0.9999188976818328
0.0,0.12888377445339472,0.999917097684142
0.0,0.13003452243958574,0.999913891382673
0.0,0.13118527042577677,0.99990822632208
0.0,0.1323360184119678,0.9999049834515072
0.0,0.1334867663981588,0.9999041622982432
0.0,0.13463751438434982,0.9999036920267071
0.0,0.13578826237054084,0.9999017433427136
0.0,0.13693901035673187,0.9999006402535512
0.0,0.1380897583429229,0.9998946778643608
0.0,0.13924050632911392,0.9998859268249302
0.0,0.14039125431530494,0.9998846631614172
0.0,0.14154200230149597,0.9998777658400676
0.0,0.142692750287687,0.9998758898506022
0.0,0.14384349827387802,0.9998731098699668
0.0,0.14499424626006904,0.999868262378206
0.0,0.14614499424626007,0.9998570491524782
0.0,0.1472957422324511,0.9998563037840272
0.0,0.14844649021864212,0.9998488354800774
0.0,0.14959723820483314,0.9998419031306518
0.0,0.15074798619102417,0.9998409865402812
0.0,0.1518987341772152,0.9998382885863978
0.0,0.15304948216340622,0.9998377863014264
0.0,0.15420023014959724,0.9998301601454768
0.0,0.15535097813578827,0.9998290486670532
0.0,0.1565017261219793,0.9998103325155904
0.0,0.15765247410817032,0.9998080780207071
0.0,0.15880322209436135,0.9998003346881472
0.0,0.15995397008055237,0.9997881757942344
0.0,0.1611047180667434,0.9997785412447102
0.0,0.1622554660529344,0.999767725071927
0.0,0.16340621403912542,0.9997671670909272
0.0,0.16455696202531644,0.99976127318896
0.0,0.16570771001150747,0.999760966720969
0.0,0.1668584579976985,0.9997557302697648
0.0,0.16800920598388952,0.9997551739184888
0.0,0.16915995397008055,0.9997475150751176
0.0,0.17031070195627157,0.9997459966601976
0.0,0.1714614499424626,0.9997449629896588
0.0,0.17261219792865362,0.9997204289536604
0.0,0.17376294591484465,0.9997203765910964
0.0,0.17491369390103567,0.999719904504084
0.0,0.1760644418872267,0.9997147414124952
0.0,0.17721518987341772,0.9997093882606976
0.0,0.17836593785960875,0.99970841729205
0.0,0.17951668584579977,0.9997000972344268
0.0,0.1806674338319908,0.9996969672512296
0.0,0.18181818181818182,0.9996967944199242
0.0,0.18296892980437285,0.9996964100532532
0.0,0.18411967779056387,0.9996927085892487
0.0,0.1852704257767549,0.9996795456423638
0.0,0.18642117376294592,0.9996792765226556
0.0,0.18757192174913695,0.9996769469883844
0.0,0.18872266973532797,0.9996768173399196
0.0,0.189873417721519,0.9996753250987312
0.0,0.19102416570771003,0.9996668499515268
0.0,0.19217491369390102,0.9996556997435349
0.0,0.19332566168009205,0.99964560039064
0.0,0.19447640966628307,0.9996354848282424
0.0,0.1956271576524741,0.999599681456974
0.0,0.19677790563866512,0.999580244785161
0.0,0.19792865362485615,0.9995382507476894
0.0,0.19907940161104717,0.9995111482185844
0.0,0.2002301495972382,0.9995103334054648
0.0,0.20138089758342922,0.9995068754384197
0.0,0.20253164556962025,0.9994865474301348
0.0,0.20368239355581128,0.9994836568362016
0.0,0.2048331415420023,0.9994628481589186
0.0,0.20598388952819333,0.9994598151424496
0.0,0.20713463751438435,0.9994517968808307
0.0,0.20828538550057538,0.9994390943652854
0.0,0.2094361334867664,0.9994350200737118
0.0,0.21058688147295743,0.999429229946244
0.0,0.21173762945914845,0.9994184172884726
0.0,0.21288837744533948,0.9994049467213556
0.0,0.2140391254315305,0.9993862193719044
0.0,0.21518987341772153,0.9993675825897652
0.0,0.21634062140391255,0.9993314193915253
0.0,0.21749136939010358,0.9993254452011756
0.0,0.2186421173762946,0.9992990851815776
0.0,0.21979286536248563,0.9992797401371096
0.0,0.22094361334867663,0.999279125684609
0.0,0.22209436133486765,0.999277324773893
0.0,0.22324510932105868,0.9992395542761076
0.0,0.2243958573072497,0.9992312687331848
0.0,0.22554660529344073,0.999220742024544
0.0,0.22669735327963175,0.9992205684095792
0.0,0.22784810126582278,0.9992176631151616
0.0,0.2289988492520138,0.9992061706634512
0.0,0.23014959723820483,0.9991994370123566
0.0,0.23130034522439585,0.99918831793448
0.0,0.23245109321058688,0.9991832031238626
0.0,0.2336018411967779,0.9991425920805268
0.0,0.23475258918296893,0.9991338350949358
0.0,0.23590333716915995,0.999121791002282
0.0,0.23705408515535098,0.9990991733758008
0.0,0.238204833141542,0.9990652849073623
0.0,0.23935558112773303,0.9990598539457396
0.0,0.24050632911392406,0.9990540953212392
0.0,0.24165707710011508,0.9990143923672196
0.0,0.2428078250863061,0.998981366981372
0.0,0.24395857307249713,0.9989718991457024
0.0,0.24510932105868816,0.9989295869285336
0.0,0.24626006904487918,0.9989005345132604
0.0,0.2474108170310702,0.9988983824867164
0.0,0.24856156501726123,0.9988528706568096
0.0,0.24971231300345226,0.9988248321132314
0.0,0.2508630609896433,0.9988121179881244
0.0,0.2520138089758343,0.9988089741995688
0.0,0.25316455696202533,0.998788946324083
0.0,0.25431530494821636,0.9987754795203696
0.0,0.2554660529344074,0.9987642712110004
0.0,0.2566168009205984,0.9987612165377312
0.0,0.25776754890678943,0.9987585707065696
0.0,0.25891829689298046,0.9987245588845384
0.0,0.2600690448791715,0.9986737363803796
0.0,0.2612197928653625,0.9986647951694052
0.0,0.26237054085155354,0.9986294769419356
0.0,0.26352128883774456,0.9986286414691792
0.0,0.2646720368239356,0.9985762726991828
0.0,0.26582278481012656,0.9985732808521314
0.0,0.2669735327963176,0.9985682338383712
0.0,0.2681242807825086,0.9985589019655524
0.0,0.26927502876869963,0.9984805969207518
0.0,0.27042577675489066,0.9984602877755504
0.0,0.2715765247410817,0.998458348820705
0.0,0.2727272727272727,0.9984398957080524
0.0,0.27387802071346373,0.9984059673756942
0.0,0.27502876869965476,0.998399612225968
0.0,0.2761795166858458,0.9983981037963718
0.0,0.2773302646720368,0.9983945881486062
0.0,0.27848101265822783,0.9983652314551756
0.0,0.27963176064441886,0.9983607565603468
0.0,0.2807825086306099,0.998336391711863
0.0,0.2819332566168009,0.9983137709851684
0.0,0.28308400460299193,0.9983020334247756
0.0,0.28423475258918296,0.9982797718382522
0.0,0.285385500575374,0.9982743441130398
0.0,0.286536248561565,0.9981949323761076
0.0,0.28768699654775604,0.9981681355311915
0.0,0.28883774453394706,0.9981141133192468
0.0,0.2899884925201381,0.998077138241046
0.0,0.2911392405063291,0.9980746782403016
0.0,0.29228998849252014,0.9980371805227768
0.0,0.29344073647871116,0.9980094099235174
0.0,0.2945914844649022,0.9979664065707032
0.0,0.2957422324510932,0.9979601602580324
0.0,0.29689298043728424,0.9979600285196134
0.0,0.29804372842347526,0.997942251853969
0.0,0.2991944764096663,0.9979224210488896
0.0,0.3003452243958573,0.9978663246435462
0.0,0.30149597238204834,0.9978367303276768
0.0,0.30264672036823936,0.9978131331554358
0.0,0.3037974683544304,0.9977661390629232
0.0,0.3049482163406214,0.9977656659156018
0.0,0.30609896432681244,0.9976775766722208
0.0,0.30724971231300346,0.9976139437150652
0.0,0.3084004602991945,0.9975416971046656
0.0,0.3095512082853855,0.9975296214844004
0.0,0.31070195627157654,0.9975076399504952
0.0,0.31185270425776757,0.9974780128493304
0.0,0.3130034522439586,0.9974236856136204
0.0,0.3141542002301496,0.997421670446549
0.0,0.31530494821634064,0.9974068396592196
0.0,0.31645569620253167,0.9974044466768632
0.0,0.3176064441887227,0.9973890753828272
0.0,0.3187571921749137,0.9973687096587688
0.0,0.31990794016110474,0.9973529786875284
0.0,0.32105868814729577,0.9973392968953616
0.0,0.3222094361334868,0.9973030598959194
0.0,0.3233601841196778,0.9972982067235308
0.0,0.3245109321058688,0.9972806127599976
0.0,0.3256616800920598,0.9971850181981998
0.0,0.32681242807825084,0.9970874101709544
0.0,0.32796317606444186,0.9970583359871056
0.0,0.3291139240506329,0.9970182628690764
0.0,0.3302646720368239,0.996975659202351
0.0,0.33141542002301494,0.9969419689415728
0.0,0.33256616800920596,0.9969108979878732
0.0,0.333716915995397,0.9968940451376844
0.0,0.334867663981588,0.9968741403588148
0.0,0.33601841196777904,0.9968542289859716
0.0,0.33716915995397007,0.9967563537074888
0.0,0.3383199079401611,0.99671669974349
0.0,0.3394706559263521,0.996631857142441
0.0,0.34062140391254314,0.9966305660798754
0.0,0.34177215189873417,0.9965997117863624
0.0,0.3429228998849252,0.9965067935621946
0.0,0.3440736478711162,0.9964950544981448
0.0,0.34522439585730724,0.9964505296142364
0.0,0.34637514384349827,0.9964480455218891
0.0,0.3475258918296893,0.9964123270996632
0.0,0.3486766398158803,0.9963705646644734
0.0,0.34982738780207134,0.9963034130892936
0.0,0.35097813578826237,0.9962754925447146
0.0,0.3521288837744534,0.996266326929726
0.0,0.3532796317606444,0.9962577667679896
0.0,0.35443037974683544,0.9962522815186432
0.0,0.35558112773302647,0.9961931970572931
0.0,0.3567318757192175,0.9961774481851976
0.0,0.3578826237054085,0.9961700103897064
0.0,0.35903337169159955,0.996160972277335
0.0,0.36018411967779057,0.9961602576524542
0.0,0.3613348676639816,0.9961444457473726
0.0,0.3624856156501726,0.9961115345877968
0.0,0.36363636363636365,0.996068746459174
0.0,0.36478711162255467,0.9960560405225636
0.0,0.3659378596087457,0.995961826928706
0.0,0.3670886075949367,0.9959512610625192
0.0,0.36823935558112775,0.9959176924309472
0.0,0.3693901035673188,0.9958741206232232
0.0,0.3705408515535098,0.9958679964347704
0.0,0.3716915995397008,0.9958647518458632
0.0,0.37284234752589185,0.9958561426487132
0.0,0.3739930955120829,0.995847101383642
0.0,0.3751438434982739,0.9958416047722922
0.0,0.3762945914844649,0.9958248388480896
0.0,0.37744533947065595,0.9958078674637424
0.0,0.378596087456847,0.9957735448182664
0.0,0.379746835443038,0.9957723427635922
0.0,0.380897583429229,0.9956970358786864
0.0,0.38204833141542005,0.9956376813725069
0.0,0.383199079401611,0.9955569759434616
0.0,0.38434982738780205,0.9955124703147736
0.0,0.38550057537399307,0.9954869223599632
0.0,0.3866513233601841,0.9954649595826178
0.0,0.3878020713463751,0.9954589095921166
0.0,0.38895281933256615,0.9953746568935942
0.0,0.39010356731875717,0.9953546788830152
0.0,0.3912543153049482,0.9953447007082676
0.0,0.3924050632911392,0.995284026562798
0.0,0.39355581127733025,0.9952682601681608
0.0,0.3947065592635213,0.9952475976472224
0.0,0.3958573072497123,0.995235726251632
0.0,0.3970080552359033,0.995220602681256
0.0,0.39815880322209435,0.995087201113491
0.0,0.3993095512082854,0.9950337378042012
0.0,0.4004602991944764,0.995007664774026
0.0,0.4016110471806674,0.9949720631130384
0.0,0.40276179516685845,0.9949357184282556
0.0,0.4039125431530495,0.9949337629502648
0.0,0.4050632911392405,0.9949015901594348
0.0,0.4062140391254315,0.9948718407709324
0.0,0.40736478711162255,0.9948040115185788
0.0,0.4085155350978136,0.9947336769379423
0.0,0.4096662830840046,0.9947285814162172
0.0,0.4108170310701956,0.9947273906657312
0.0,0.41196777905638665,0.9946111311058272
0.0,0.4131185270425777,0.9945799681827792
0.0,0.4142692750287687,0.9945612694954143
0.0,0.4154200230149597,0.9945348271795612
0.0,0.41657077100115075,0.994532957896292
0.0,0.4177215189873418,0.9943694397030356
0.0,0.4188722669735328,0.994329594979378
0.0,0.42002301495972383,0.994305786853384
0.0,0.42117376294591485,0.994297787144472
0.0,0.4223245109321059,0.994269933635158
0.0,0.4234752589182969,0.9942541742388916
0.0,0.42462600690448793,0.9942137327719018
0.0,0.42577675489067895,0.994148408786287
0.0,0.42692750287687,0.994103382820471
0.0,0.428078250863061,0.9940364742424544
0.0,0.42922899884925203,0.9940271257266188
0.0,0.43037974683544306,0.9940219325344608
0.0,0.4315304948216341,0.99400260026944
0.0,0.4326812428078251,0.993947718053365
0.0,0.43383199079401613,0.9939436716701
0.0,0.43498273878020716,0.9939251100437144
0.0,0.4361334867663982,0.993923027693228
0.0,0.4372842347525892,0.9938739823784132
0.0,0.43843498273878023,0.9938506326775968
0.0,0.43958573072497126,0.9938276708315
0.0,0.4407364787111623,0.9938148692781978
0.0,0.44188722669735325,0.9938029476308978
0.0,0.4430379746835443,0.9937740640518186
0.0,0.4441887226697353,0.9937737805688708
0.0,0.44533947065592633,0.9937239442281716
0.0,0.44649021864211735,0.993710553430023
0.0,0.4476409666283084,0.993683368854732
0.0,0.4487917146144994,0.9936577212003864
0.0,0.44994246260069043,0.9936178241980164
0.0,0.45109321058688145,0.9936165177937176
0.0,0.4522439585730725,0.9935943527306952
0.0,0.4533947065592635,0.9935925200396084
0.0,0.45454545454545453,0.9935426400791348
0.0,0.45569620253164556,0.9935299762975294
0.0,0.4568469505178366,0.993506502006006
0.0,0.4579976985040276,0.99347713239239
0.0,0.45914844649021863,0.9934393941345072
0.0,0.46029919447640966,0.9934385759941496
0.0,0.4614499424626007,0.9934054451149604
0.0,0.4626006904487917,0.993397687111796
0.0,0.46375143843498273,0.9933658503013362
0.0,0.46490218642117376,0.9933388137108384
0.0,0.4660529344073648,0.9933033024556704
0.0,0.4672036823935558,0.993301819271784
0.0,0.46835443037974683,0.9932997238187768
0.0,0.46950517836593786,0.99324337052163
0.0,0.4706559263521289,0.9931876589303016
0.0,0.4718066743383199,0.993091335482624
0.0,0.47295742232451093,0.9930807940567924
0.0,0.47410817031070196,0.9929674181556084
0.0,0.475258918296893,0.992859044563708
0.0,0.476409666283084,0.9928227615508212
0.0,0.47756041426927504,0.9927700653091764
0.0,0.47871116225546606,0.9927572816451036
0.0,0.4798619102416571,0.9926536680195198
0.0,0.4810126582278481,0.9926113720534095
0.0,0.48216340621403914,0.9925959836255543
0.0,0.48331415420023016,0.9925946056046422
0.0,0.4844649021864212,0.9925213182624648
0.0,0.4856156501726122,0.9925111129326554
0.0,0.48676639815880324,0.9924572409841846
0.0,0.48791714614499426,0.992389356053548
0.0,0.4890678941311853,0.9922255311555012
0.0,0.4902186421173763,0.9921446778284516
0.0,0.49136939010356734,0.992114478712216
0.0,0.49252013808975836,0.9920619242422896
0.0,0.4936708860759494,0.9920247001250708
0.0,0.4948216340621404,0.9918398708698888
0.0,0.49597238204833144,0.9918336724835574
0.0,0.49712313003452246,0.9918242865368938
0.0,0.4982738780207135,0.9916080957956782
0.0,0.4994246260069045,0.9915877884997484
0.0,0.5005753739930955,0.9915800297050896
0.0,0.5017261219792866,0.9914721564608188
0.0,0.5028768699654775,0.9914684649903044
0.0,0.5040276179516686,0.9913994477663968
0.0,0.5051783659378596,0.9912889596617848
0.0,0.5063291139240507,0.9912218806387398
0.0,0.5074798619102416,0.9912145395410188
0.0,0.5086306098964327,0.9911631043951538
0.0,0.5097813578826237,0.9911539397067668
0.0,0.5109321058688148,0.9910884229430952
0.0,0.5120828538550057,0.9909346765464562
0.0,0.5132336018411968,0.9909275065884504
0.0,0.5143843498273878,0.9907950762673507
0.0,0.5155350978135789,0.990735096930216
0.0,0.5166858457997698,0.9904821459011368
0.0,0.5178365937859609,0.9903490487614026
0.0,0.5189873417721519,0.9903487322089444
0.0,0.520138089758343,0.9901979381435828
0.0,0.5212888377445339,0.9901719287943512
0.0,0.522439585730725,0.990152758235005
0.0,0.523590333716916,0.9901471849447372
0.0,0.5247410817031071,0.9901155934624528
0.0,0.525891829689298,0.990112790609645
0.0,0.5270425776754891,0.9900628071484254
0.0,0.5281933256616801,0.98986293431413
0.0,0.5293440736478712,0.989834041568748
0.0,0.5304948216340621,0.9897445911568804
0.0,0.5316455696202531,0.9897262898202658
0.0,0.5327963176064442,0.9897052369283416
0.0,0.5339470655926352,0.9896435338764478
0.0,0.5350978135788262,0.9896284597160966
0.0,0.5362485615650172,0.9896176008241472
0.0,0.5373993095512083,0.9893242565774912
0.0,0.5385500575373993,0.9893221428843604
0.0,0.5397008055235903,0.9892017674622368
0.0,0.5408515535097813,0.9891933748880336
0.0,0.5420023014959724,0.989181280655341
0.0,0.5431530494821634,0.9890460728497256
0.0,0.5443037974683544,0.9890085915877704
0.0,0.5454545454545454,0.9885744658527904
0.0,0.5466052934407365,0.9885501061556574
0.0,0.5477560414269275,0.9885375003916782
0.0,0.5489067894131185,0.9885258600736354
0.0,0.5500575373993095,0.9884646267358908
0.0,0.5512082853855006,0.9884367496435328
0.0,0.5523590333716916,0.9883376807506492
0.0,0.5535097813578826,0.9883071622991304
0.0,0.5546605293440736,0.988295681789392
0.0,0.5558112773302647,0.9880940404912004
0.0,0.5569620253164557,0.9878393202594928
0.0,0.5581127733026467,0.9877866969421714
0.00015080681646810435,0.5581127733026467,0.9876880610523984
0.00015080681646810435,0.5592635212888377,0.98765661419267
0.00015080681646810435,0.5604142692750288,0.987493587259352
0.00015080681646810435,0.5615650172612198,0.9874924459204192
0.00015080681646810435,0.5627157652474108,0.9873978754265106
0.00015080681646810435,0.5638665132336018,0.987322489475786
0.00015080681646810435,0.5650172612197929,0.9872307817839688
0.00015080681646810435,0.5661680092059839,0.9871983758463584
0.00015080681646810435,0.567318757192175,0.9871745941352954
0.00015080681646810435,0.5684695051783659,0.986941388227844
0.00015080681646810435,0.569620253164557,0.9869329172780632
0.00015080681646810435,0.570771001150748,0.986863587805756
0.00015080681646810435,0.571921749136939,0.9867015861026286
0.00015080681646810435,0.57307249712313,0.9866287268280908
0.00015080681646810435,0.5742232451093211,0.9865615680530936
0.0003016136329362087,0.5742232451093211,0.9864304526529262
0.0003016136329362087,0.5753739930955121,0.9863289017388988
0.0003016136329362087,0.5765247410817032,0.986235311945992
0.0003016136329362087,0.5776754890678941,0.9862129635502772
0.0003016136329362087,0.5788262370540852,0.986115560787015
0.0003016136329362087,0.5799769850402762,0.9860762875162846
0.0003016136329362087,0.5811277330264673,0.985907552028061
0.0003016136329362087,0.5822784810126582,0.9858701460342284
0.0003016136329362087,0.5834292289988493,0.985818678678392
0.0003016136329362087,0.5845799769850403,0.9857428695692916
0.0003016136329362087,0.5857307249712314,0.9856810988383802
0.0003016136329362087,0.5868814729574223,0.9855670415389016
0.0003016136329362087,0.5880322209436134,0.9855159262254916
0.0003016136329362087,0.5891829689298044,0.9854857552544328
0.0003016136329362087,0.5903337169159953,0.9854529319770196
0.0003016136329362087,0.5914844649021864,0.9852539915822622
0.0003016136329362087,0.5926352128883774,0.985139048328394
0.0003016136329362087,0.5937859608745685,0.9850223622552872
0.0003016136329362087,0.5949367088607594,0.985017078732022
0.0003016136329362087,0.5960874568469505,0.9849002827202514
0.0003016136329362087,0.5972382048331415,0.9848782506475308
0.0003016136329362087,0.5983889528193326,0.984867557522702
0.0003016136329362087,0.5995397008055235,0.984846805709037
0.0003016136329362087,0.6006904487917146,0.9848423469790388
0.0003016136329362087,0.6018411967779056,0.9844096246309576
0.0003016136329362087,0.6029919447640967,0.9843433123536248
0.00045242044940431306,0.6029919447640967,0.9843070461572904
0.00045242044940431306,0.6041426927502876,0.9842587270151189
0.00045242044940431306,0.6052934407364787,0.9842352868916008
0.00045242044940431306,0.6064441887226697,0.984203145791422
0.00045242044940431306,0.6075949367088608,0.9838347878521028
0.00045242044940431306,0.6087456846950517,0.983581902561836
0.00045242044940431306,0.6098964326812428,0.9834988128975038
0.00045242044940431306,0.6110471806674338,0.9834526923678883
0.00045242044940431306,0.6121979286536249,0.9833392246527268
0.00045242044940431306,0.6133486766398158,0.9831404472480512
0.00045242044940431306,0.6144994246260069,0.983012941703908
0.00045242044940431306,0.6156501726121979,0.982857860640382
0.00045242044940431306,0.616800920598389,0.982856305578932
0.00045242044940431306,0.61795166858458,0.982769779603539
0.00045242044940431306,0.619102416570771,0.982690652513266
0.00045242044940431306,0.620253164556962,0.9823618207744071
0.00045242044940431306,0.6214039125431531,0.9823418329119372
0.00045242044940431306,0.622554660529344,0.982274389547589
0.00045242044940431306,0.6237054085155351,0.9822152183413846
0.00045242044940431306,0.6248561565017261,0.9821074099997013
0.00045242044940431306,0.6260069044879172,0.9818374610786016
0.0006032272658724174,0.6260069044879172,0.9817955127890788
0.0006032272658724174,0.6271576524741082,0.9811343905318484
0.0006032272658724174,0.6283084004602992,0.9810165762144748
0.0007540340823405218,0.6283084004602992,0.9809681844665562
0.0007540340823405218,0.6294591484464902,0.9808009044109552
0.0007540340823405218,0.6306098964326813,0.9807259993050936
0.0007540340823405218,0.6317606444188723,0.9806969801083462
0.0007540340823405218,0.6329113924050633,0.980689409592606
0.0009048408988086261,0.6329113924050633,0.9804509386474288
0.0009048408988086261,0.6340621403912543,0.980146104269956
0.0009048408988086261,0.6352128883774454,0.979978277922124
0.0009048408988086261,0.6363636363636364,0.9795018984186804
0.0009048408988086261,0.6375143843498274,0.9794147326866316
0.0010556477152767305,0.6375143843498274,0.9793674306247676
0.0010556477152767305,0.6386651323360184,0.979346221808038
0.0010556477152767305,0.6398158803222095,0.979307915095254
0.0010556477152767305,0.6409666283084005,0.9793078176740138
0.0010556477152767305,0.6421173762945915,0.9793026243422416
0.0010556477152767305,0.6432681242807825,0.9791241808066332
0.0010556477152767305,0.6444188722669736,0.9786067777086892
0.0010556477152767305,0.6455696202531646,0.9783865297577968
0.0012064545317448348,0.6455696202531646,0.978264828383634
0.0012064545317448348,0.6467203682393556,0.9782405797224244
0.0012064545317448348,0.6478711162255466,0.9781438993642146
0.0013572613482129392,0.6478711162255466,0.9779841354114422
0.0013572613482129392,0.6490218642117376,0.9779032215543884
0.0013572613482129392,0.6501726121979287,0.9769139521733784
0.0015080681646810435,0.6501726121979287,0.9768959953219954
0.0015080681646810435,0.6513233601841196,0.9766697741790634
0.0016588749811491479,0.6513233601841196,0.9764614462986636
0.0016588749811491479,0.6524741081703107,0.9763947750588698
0.0018096817976172522,0.6524741081703107,0.9760594949543712
0.0018096817976172522,0.6536248561565017,0.9755432418671424
0.0019604886140853566,0.6536248561565017,0.9752667839722254
0.0019604886140853566,0.6547756041426928,0.9752399812311712
0.0019604886140853566,0.6559263521288837,0.975208209518549
0.0019604886140853566,0.6570771001150748,0.9748347664312144
0.0019604886140853566,0.6582278481012658,0.9748039560431524
0.0019604886140853566,0.6593785960874569,0.9741498323013552
0.0019604886140853566,0.6605293440736478,0.9737986222058872
0.0019604886140853566,0.6616800920598389,0.9735477865817476
0.0019604886140853566,0.6628308400460299,0.973489873590894
0.0019604886140853566,0.663981588032221,0.9733944164510516
0.0019604886140853566,0.6651323360184119,0.9732311151541406
0.0019604886140853566,0.666283084004603,0.9729969659360584
0.0019604886140853566,0.667433831990794,0.972719715039579
0.0019604886140853566,0.6685845799769851,0.9724050160971892
0.002111295430553461,0.6685845799769851,0.9722409070077848
0.002111295430553461,0.669735327963176,0.9720945457667868
0.002111295430553461,0.6708860759493671,0.971254150924872
0.002111295430553461,0.6720368239355581,0.9712188058078204
0.002111295430553461,0.6731875719217492,0.9712064268206502
0.002111295430553461,0.6743383199079401,0.97119385268586
0.002111295430553461,0.6754890678941312,0.9711679555428616
0.002111295430553461,0.6766398158803222,0.9706268610284884
0.002111295430553461,0.6777905638665133,0.969802287678928
0.0022621022470215653,0.6777905638665133,0.969442643576074
0.0022621022470215653,0.6789413118527042,0.968890673824566
0.0022621022470215653,0.6800920598388953,0.968449066825067
0.0022621022470215653,0.6812428078250863,0.9683576294255404
0.0022621022470215653,0.6823935558112774,0.968221940422501
0.0024129090634896697,0.6823935558112774,0.9679745189364304
0.0024129090634896697,0.6835443037974683,0.9677985353578878
0.0024129090634896697,0.6846950517836594,0.9672496875135848
0.0024129090634896697,0.6858457997698504,0.9671308496625488
0.0024129090634896697,0.6869965477560415,0.9670262652641076
0.0024129090634896697,0.6881472957422324,0.966981550561559
0.002563715879957774,0.6881472957422324,0.9668025749609592
0.002563715879957774,0.6892980437284235,0.9666471617097586
0.002563715879957774,0.6904487917146145,0.9665692610639096
0.002563715879957774,0.6915995397008056,0.9661398224020455
0.002563715879957774,0.6927502876869965,0.9657930925161828
0.002563715879957774,0.6939010356731876,0.9657739577646248
0.002563715879957774,0.6950517836593786,0.9655805961637016
0.0027145226964258784,0.6950517836593786,0.9651542744032034
0.0028653295128939827,0.6950517836593786,0.965104352138778
0.0028653295128939827,0.6962025316455697,0.9650557218020384
0.0028653295128939827,0.6973532796317606,0.9649719555117168
0.0028653295128939827,0.6985040276179517,0.9647495411998478
0.0028653295128939827,0.6996547756041427,0.964641363565
0.003016136329362087,0.6996547756041427,0.9643562353120364
0.003016136329362087,0.7008055235903338,0.9640210366037524
0.0031669431458301914,0.7008055235903338,0.964014383795602
0.0031669431458301914,0.7019562715765247,0.9639585562132876
0.0033177499622982958,0.7019562715765247,0.9634746562467186
0.0034685567787664,0.7019562715765247,0.963314530801776
0.0036193635952345045,0.7019562715765247,0.9630839806374928
0.0036193635952345045,0.7031070195627158,0.9630828825707376
0.0036193635952345045,0.7042577675489068,0.9630046892479616
0.0036193635952345045,0.7054085155350979,0.9628286713832396
0.0036193635952345045,0.7065592635212888,0.9626634728315768
0.003770170411702609,0.7065592635212888,0.9626154917317258
0.003920977228170713,0.7065592635212888,0.9625514917275134
0.003920977228170713,0.7077100115074798,0.9623248740121032
0.003920977228170713,0.7088607594936709,0.9619404259312792
0.003920977228170713,0.7100115074798619,0.9616716037394596
0.004071784044638818,0.7100115074798619,0.9612566453095964
0.004071784044638818,0.7111622554660529,0.961139078472211
0.004071784044638818,0.7123130034522439,0.9607472115964149
0.004071784044638818,0.713463751438435,0.9603262582620474
0.004222590861106922,0.713463751438435,0.960104249055903
0.004373397677575027,0.713463751438435,0.9590433853207332
0.004524204494043131,0.713463751438435,0.9590409531046172
0.004524204494043131,0.714614499424626,0.9587781234571834
0.004675011310511235,0.714614499424626,0.9584744396591393
0.004675011310511235,0.715765247410817,0.9583950528859876
0.004675011310511235,0.716915995397008,0.9583788268171008
0.004675011310511235,0.7180667433831991,0.9582479646702392
0.004675011310511235,0.7192174913693901,0.95820380206857
0.004675011310511235,0.7203682393555811,0.9580462163773348
0.004825818126979339,0.7203682393555811,0.9578389209555837
0.004825818126979339,0.7215189873417721,0.9577973340427184
0.004825818126979339,0.7226697353279632,0.9573352513811152
0.004825818126979339,0.7238204833141542,0.9573020337250736
0.004825818126979339,0.7249712313003452,0.956586113720057
0.004825818126979339,0.7261219792865362,0.9565446296309064
0.004825818126979339,0.7272727272727273,0.9555362179864854
0.004825818126979339,0.7284234752589183,0.9550410985419828
0.004825818126979339,0.7295742232451093,0.9547510045515664
0.004825818126979339,0.7307249712313003,0.9546107421274668
0.004825818126979339,0.7318757192174914,0.9544286760725564
0.004825818126979339,0.7330264672036824,0.953956306057905
0.004825818126979339,0.7341772151898734,0.953596131878104
0.004825818126979339,0.7353279631760644,0.9535653523115478
0.004976624943447444,0.7353279631760644,0.9535333762685776
0.004976624943447444,0.7364787111622555,0.9534462685501084
0.004976624943447444,0.7376294591484465,0.953167156271946
0.005127431759915548,0.7376294591484465,0.9528915773816788
0.005127431759915548,0.7387802071346375,0.9522994548738762
0.005127431759915548,0.7399309551208285,0.9522808067376376
0.005127431759915548,0.7410817031070196,0.952095746379103
0.005127431759915548,0.7422324510932106,0.9520892090633736
0.005278238576383653,0.7422324510932106,0.9516425213303428
0.005278238576383653,0.7433831990794016,0.951630206309377
0.005278238576383653,0.7445339470655926,0.9512117353335924
0.005278238576383653,0.7456846950517837,0.9505589030769184
0.005429045392851757,0.7456846950517837,0.9498458461427204
0.0055798522093198615,0.7456846950517837,0.9491827027698572
0.0055798522093198615,0.7468354430379747,0.9484246273226924
0.0055798522093198615,0.7479861910241657,0.9476035778967948
0.0057306590257879654,0.7479861910241657,0.9473244797650536
0.00588146584225607,0.7479861910241657,0.9468399996774104
0.00588146584225607,0.7491369390103567,0.9466539360218352
0.00588146584225607,0.7502876869965478,0.9461721040006784
0.00588146584225607,0.7514384349827388,0.946000867959511
0.00588146584225607,0.7525891829689298,0.9459753912040498
0.00588146584225607,0.7537399309551208,0.9458116038155212
0.00588146584225607,0.7548906789413119,0.9448425139373422
0.00588146584225607,0.7560414269275029,0.944551255031798
0.00588146584225607,0.757192174913694,0.9442881863856964
0.00588146584225607,0.7583429228998849,0.9436108582328012
0.00588146584225607,0.759493670886076,0.943467116435806
0.00588146584225607,0.760644418872267,0.9424750846663263
0.006032272658724174,0.760644418872267,0.941713608737803
0.006183079475192279,0.760644418872267,0.9415351494111666
0.006183079475192279,0.761795166858458,0.9414827151037044
0.006183079475192279,0.762945914844649,0.941164471120428
0.006183079475192279,0.7640966628308401,0.9397383942065708
0.006183079475192279,0.7652474108170311,0.9396721265329606
0.006183079475192279,0.766398158803222,0.939606868595178
0.006333886291660383,0.766398158803222,0.9392221913680736
0.006484693108128488,0.766398158803222,0.939147385168523
0.006484693108128488,0.7675489067894131,0.9389454559190508
0.006484693108128488,0.7686996547756041,0.9384412767588286
0.006484693108128488,0.7698504027617952,0.9384254750085288
0.006484693108128488,0.7710011507479861,0.9383951387923952
0.0066354999245965916,0.7710011507479861,0.9382088222844704
0.0066354999245965916,0.7721518987341772,0.938031655698394
0.0066354999245965916,0.7733026467203682,0.9378537289161206
0.006786306741064696,0.7733026467203682,0.9374821593728824
0.0069371135575328,0.7733026467203682,0.9367118579041244
0.0069371135575328,0.7744533947065593,0.9364369384070488
0.007087920374000905,0.7744533947065593,0.9362024837552358
0.007238727190469009,0.7744533947065593,0.9361839580699418
0.007389534006937114,0.7744533947065593,0.9359382828969534
0.007389534006937114,0.7756041426927502,0.9357302281566486
0.007389534006937114,0.7767548906789413,0.9357168674760136
0.007540340823405218,0.7767548906789413,0.934755042396714
0.007540340823405218,0.7779056386651323,0.9343428132179172
0.007540340823405218,0.7790563866513234,0.934135111632743
0.007540340823405218,0.7802071346375143,0.9338470877796003
0.007540340823405218,0.7813578826237054,0.933801304326504
0.007540340823405218,0.7825086306098964,0.9336931753832436
0.0076911476398733225,0.7825086306098964,0.9332451448421594
0.0076911476398733225,0.7836593785960875,0.932965550728336
0.0076911476398733225,0.7848101265822784,0.932917385376824
0.007841954456341426,0.7848101265822784,0.932806559763768
0.007992761272809531,0.7848101265822784,0.931462998545923
0.007992761272809531,0.7859608745684695,0.9311995245523352
0.007992761272809531,0.7871116225546605,0.9309692658832852
0.008143568089277636,0.7871116225546605,0.9295411126295956
0.008294374905745739,0.7871116225546605,0.9295333008803428
0.008294374905745739,0.7882623705408516,0.9294571818708588
0.008294374905745739,0.7894131185270425,0.9292446130948928
0.008445181722213844,0.7894131185270425,0.929228129676269
0.008595988538681949,0.7894131185270425,0.9289665835028004
0.008746795355150053,0.7894131185270425,0.9287919089081174
0.008746795355150053,0.7905638665132336,0.9287635157023012
0.008897602171618156,0.7905638665132336,0.9287482947861369
0.008897602171618156,0.7917146144994246,0.9287024957893872
0.008897602171618156,0.7928653624856157,0.9280254684325904
0.009048408988086261,0.7928653624856157,0.9279811886144312
0.009048408988086261,0.7940161104718066,0.9269589640129164
0.009048408988086261,0.7951668584579977,0.9267319097670246
0.009048408988086261,0.7963176064441887,0.9265225369596792
0.009199215804554366,0.7963176064441887,0.9261998072232476
0.009199215804554366,0.7974683544303798,0.9255391472857124
0.00935002262102247,0.7974683544303798,0.9251648917462428
0.009500829437490574,0.7974683544303798,0.9235610079284892
0.009651636253958679,0.7974683544303798,0.9234964260974626
0.009651636253958679,0.7986191024165707,0.922437747809848
0.009802443070426783,0.7986191024165707,0.9222641051137348
0.009802443070426783,0.7997698504027618,0.922223994594725
0.009802443070426783,0.8009205983889528,0.9219513428251828
0.009802443070426783,0.8020713463751439,0.9218153480814788
0.009802443070426783,0.8032220943613348,0.9217260334610952
0.009802443070426783,0.8043728423475259,0.9216454430300258
0.009802443070426783,0.8055235903337169,0.9203028843659538
0.009802443070426783,0.806674338319908,0.9188943524839416
0.009802443070426783,0.807825086306099,0.9184952064038352
0.009953249886894888,0.807825086306099,0.9177299677717236
0.009953249886894888,0.80897583429229,0.9176213314007632
0.010104056703362991,0.80897583429229,0.9166316399865968
0.010254863519831096,0.80897583429229,0.9165474950420214
0.010254863519831096,0.810126582278481,0.9162063830274408
0.010254863519831096,0.8112773302646721,0.91616845824801
0.0104056703362992,0.8112773302646721,0.9157006654998646
0.010556477152767306,0.8112773302646721,0.915635144366818
0.010556477152767306,0.812428078250863,0.9150292403961262
0.010707283969235409,0.812428078250863,0.9150042407838
0.010707283969235409,0.8135788262370541,0.914920153421996
0.010707283969235409,0.8147295742232451,0.9145580472924654
0.010858090785703513,0.8147295742232451,0.914051277257486
0.010858090785703513,0.8158803222094362,0.9136089115422724
0.011008897602171618,0.8158803222094362,0.9127359108935053
0.011159704418639723,0.8158803222094362,0.9125139517480098
0.011310511235107826,0.8158803222094362,0.912137800898392
0.011461318051575931,0.8158803222094362,0.9121108795396332
0.011461318051575931,0.8170310701956272,0.9118783968431432
0.011461318051575931,0.8181818181818182,0.911712274589202
0.011461318051575931,0.8193325661680092,0.911433811489148
0.011612124868044036,0.8193325661680092,0.911429461608604
0.011612124868044036,0.8204833141542003,0.9108368348851692
0.011612124868044036,0.8216340621403913,0.9107147571597504
0.011612124868044036,0.8227848101265823,0.9106562287473432
0.011612124868044036,0.8239355581127733,0.9098797216491302
0.011612124868044036,0.8250863060989643,0.9097882684375688
0.01176293168451214,0.8250863060989643,0.9096530316353042
0.01176293168451214,0.8262370540851554,0.9095902794505724
0.011913738500980244,0.8262370540851554,0.9093143085192416
0.012064545317448348,0.8262370540851554,0.9079731317931566
0.012064545317448348,0.8273878020713463,0.90773407615545
0.012215352133916453,0.8273878020713463,0.9077106427302905
0.012215352133916453,0.8285385500575374,0.9065493468358672
0.012215352133916453,0.8296892980437284,0.9064024725608738
0.012366158950384558,0.8296892980437284,0.9060548964904124
0.012366158950384558,0.8308400460299195,0.90601471761032
0.012516965766852661,0.8308400460299195,0.9052972555669702
0.012667772583320766,0.8308400460299195,0.9039366398218416
0.012667772583320766,0.8319907940161104,0.90377866129121
0.01281857939978887,0.8319907940161104,0.903404412649863
0.01281857939978887,0.8331415420023015,0.902853694622
0.01281857939978887,0.8342922899884925,0.9026579029704312
0.012969386216256975,0.8342922899884925,0.9020997872175036
0.012969386216256975,0.8354430379746836,0.9020682953549308
0.013120193032725078,0.8354430379746836,0.9013007919581392
0.013120193032725078,0.8365937859608745,0.9011603474908074
0.013120193032725078,0.8377445339470656,0.9011193392982872
0.013270999849193183,0.8377445339470656,0.9010663388073477
0.013421806665661288,0.8377445339470656,0.9006052481916815
0.013421806665661288,0.8388952819332566,0.9005984537265268
0.013421806665661288,0.8400460299194477,0.8999241265240652
0.013421806665661288,0.8411967779056386,0.8991014495924541
0.013421806665661288,0.8423475258918297,0.8989477275156764
0.013572613482129393,0.8423475258918297,0.8984966996875807
0.013572613482129393,0.8434982738780207,0.8979305758678274
0.013723420298597496,0.8434982738780207,0.8966126189873206
0.013723420298597496,0.8446490218642118,0.8965326331244989
0.013723420298597496,0.8457997698504027,0.8961359837365773
0.0138742271150656,0.8457997698504027,0.8956171832086758
0.0138742271150656,0.8469505178365938,0.895518658580037
0.0138742271150656,0.8481012658227848,0.8948680262271166
0.014025033931533705,0.8481012658227848,0.8948672924307713
0.01417584074800181,0.8481012658227848,0.8943536637289985
0.01417584074800181,0.8492520138089759,0.8941472490702873
0.014326647564469915,0.8492520138089759,0.8940376819162522
0.014326647564469915,0.8504027617951668,0.8940006350438353
0.014326647564469915,0.8515535097813579,0.8935449071880475
0.014326647564469915,0.8527042577675489,0.8930590706925573
0.014326647564469915,0.85385500575374,0.8926569632978115
0.014326647564469915,0.8550057537399309,0.8925723383693819
0.014326647564469915,0.856156501726122,0.8923397887361485
0.014326647564469915,0.857307249712313,0.8920803816126337
0.014326647564469915,0.8584579976985041,0.8915230648923261
0.014326647564469915,0.859608745684695,0.8912816669630435
0.014326647564469915,0.8607594936708861,0.8910877406712369
0.014477454380938018,0.8607594936708861,0.8901017371326477
0.014477454380938018,0.8619102416570771,0.8896402722510212
0.014628261197406123,0.8619102416570771,0.8893345001625802
0.014779068013874228,0.8619102416570771,0.8888957258503861
0.014929874830342332,0.8619102416570771,0.8888916609594644
0.014929874830342332,0.8630609896432682,0.8887670657168649
0.015080681646810435,0.8630609896432682,0.8884925390533411
0.01523148846327854,0.8630609896432682,0.8883347743482298
0.01523148846327854,0.8642117376294591,0.8881794873595084
0.01523148846327854,0.8653624856156502,0.8876102975443819
0.015382295279746645,0.8653624856156502,0.8874094534298043
0.015382295279746645,0.8665132336018412,0.8871200694128699
0.01553310209621475,0.8665132336018412,0.8869548971432646
0.015683908912682853,0.8665132336018412,0.8869375597582307
0.015834715729150958,0.8665132336018412,0.8865991848296748
0.015985522545619062,0.8665132336018412,0.8864680205128931
0.015985522545619062,0.8676639815880323,0.8862163228473828
0.016136329362087167,0.8676639815880323,0.8855879012043879
0.016287136178555272,0.8676639815880323,0.885225977280467
0.016437942995023377,0.8676639815880323,0.8846016919334706
0.016588749811491478,0.8676639815880323,0.884241249051263
0.016739556627959583,0.8676639815880323,0.8842054570040185
0.016890363444427688,0.8676639815880323,0.8836471368970639
0.017041170260895792,0.8676639815880323,0.8831300147316932
0.017191977077363897,0.8676639815880323,0.881717073214342
0.017342783893832002,0.8676639815880323,0.8813890637266023
0.017493590710300107,0.8676639815880323,0.8812719408345547
0.01764439752676821,0.8676639815880323,0.8808530968896289
0.017795204343236313,0.8676639815880323,0.8807820554819744
0.017946011159704418,0.8676639815880323,0.8800528529779632
0.017946011159704418,0.8688147295742232,0.88002432261115
0.017946011159704418,0.8699654775604143,0.8797487511798601
0.018096817976172522,0.8699654775604143,0.879566365606918
0.018247624792640627,0.8699654775604143,0.8795487605547163
0.018247624792640627,0.8711162255466053,0.8794761101690097
0.018398431609108732,0.8711162255466053,0.8791157286582203
0.018549238425576837,0.8711162255466053,0.8765265358824759
0.01870004524204494,0.8711162255466053,0.8764581558440689
0.018850852058513046,0.8711162255466053,0.8763688497426244
0.019001658874981148,0.8711162255466053,0.8762687042245936
0.019152465691449252,0.8711162255466053,0.8755355570375868
0.019152465691449252,0.8722669735327964,0.8752169544512691
0.019152465691449252,0.8734177215189873,0.8751600657529734
0.019303272507917357,0.8734177215189873,0.8750513743222267
0.019454079324385462,0.8734177215189873,0.8744465755851857
0.019454079324385462,0.8745684695051784,0.8741278633272219
0.019604886140853567,0.8745684695051784,0.8741096463431791
0.01975569295732167,0.8745684695051784,0.8737223717910603
0.019906499773789776,0.8745684695051784,0.8728509382614605
0.02005730659025788,0.8745684695051784,0.8723319380660872
0.020208113406725983,0.8745684695051784,0.8722540396917706
0.020358920223194087,0.8745684695051784,0.8721480233444169
0.020509727039662192,0.8745684695051784,0.8713560353528176
0.020660533856130297,0.8745684695051784,0.8708750934593475
0.0208113406725984,0.8745684695051784,0.8708116652892587
0.020962147489066506,0.8745684695051784,0.8704117590255893
0.020962147489066506,0.8757192174913694,0.870315724065003
0.02111295430553461,0.8757192174913694,0.8702958530961958
0.021263761122002716,0.8757192174913694,0.8701312174904695
0.021414567938470817,0.8757192174913694,0.8701189180379887
0.021565374754938922,0.8757192174913694,0.869949900857796
0.021716181571407027,0.8757192174913694,0.8697838558256475
0.021716181571407027,0.8768699654775605,0.8684123107888758
0.02186698838787513,0.8768699654775605,0.8683731639786667
0.02186698838787513,0.8780207134637514,0.8682470754325524
0.02186698838787513,0.8791714614499425,0.8678351236967489
0.022017795204343237,0.8791714614499425,0.8675947909473142
0.022017795204343237,0.8803222094361335,0.8667496967409493
0.02216860202081134,0.8803222094361335,0.8667080087040689
0.022319408837279446,0.8803222094361335,0.8663865844849798
0.02247021565374755,0.8803222094361335,0.8661605285270498
0.022621022470215652,0.8803222094361335,0.8654474075085153
0.022771829286683757,0.8803222094361335,0.864362551725993
0.022922636103151862,0.8803222094361335,0.8634591318662828
0.023073442919619967,0.8803222094361335,0.8622296445866545
0.02322424973608807,0.8803222094361335,0.8619947009931251
0.02322424973608807,0.8814729574223246,0.8613411547671368
0.02322424973608807,0.8826237054085155,0.8610042485558516
0.023375056552556176,0.8826237054085155,0.8604516525377488
0.02352586336902428,0.8826237054085155,0.8603860706006403
0.023676670185492386,0.8826237054085155,0.8598428556808979
0.023676670185492386,0.8837744533947065,0.8597603428400532
0.023827477001960487,0.8837744533947065,0.8595584672002751
0.023978283818428592,0.8837744533947065,0.8595290051656628
0.024129090634896697,0.8837744533947065,0.8594003620218027
0.0242798974513648,0.8837744533947065,0.8590753284965785
0.024430704267832906,0.8837744533947065,0.8586366105125792
0.02458151108430101,0.8837744533947065,0.8582006947514922
0.02458151108430101,0.8849252013808976,0.8574889935321535
0.024732317900769116,0.8849252013808976,0.8568831396633366
0.02488312471723722,0.8849252013808976,0.8566789330701882
0.02488312471723722,0.8860759493670886,0.8566425595365219
0.025033931533705322,0.8860759493670886,0.8565632079208093
0.025184738350173427,0.8860759493670886,0.8565605294010484
0.025184738350173427,0.8872266973532796,0.855859109686932
0.02533554516664153,0.8872266973532796,0.855841574389301
0.02533554516664153,0.8883774453394706,0.8555374317301039
0.025486351983109636,0.8883774453394706,0.854995500059496
0.02563715879957774,0.8883774453394706,0.854321957607492
0.025787965616045846,0.8883774453394706,0.8540915970881321
0.025787965616045846,0.8895281933256617,0.8540260319723216
0.02593877243251395,0.8895281933256617,0.8536460218933092
0.02593877243251395,0.8906789413118527,0.8525112405436543
0.026089579248982055,0.8906789413118527,0.8516657413823433
0.026240386065450157,0.8906789413118527,0.8515527265486635
0.02639119288191826,0.8906789413118527,0.8515433439476849
0.026541999698386366,0.8906789413118527,0.8513911410268282
0.02669280651485447,0.8906789413118527,0.8509849435511484
0.026843613331322576,0.8906789413118527,0.8507577164259362
0.02699442014779068,0.8906789413118527,0.8506339056267995
0.027145226964258785,0.8906789413118527,0.8504454624678459
0.027145226964258785,0.8918296892980437,0.8503569906174225
0.027145226964258785,0.8929804372842347,0.850066782753027
0.027145226964258785,0.8941311852704258,0.849936083263239
0.02729603378072689,0.8941311852704258,0.8492333350200181
0.02729603378072689,0.8952819332566168,0.8491938696185996
0.02744684059719499,0.8952819332566168,0.8491631568139741
0.02744684059719499,0.8964326812428078,0.8488412958671049
0.02744684059719499,0.8975834292289988,0.8485706294885762
0.027597647413663096,0.8975834292289988,0.8481458512267273
0.0277484542301312,0.8975834292289988,0.8480226440942524
0.027899261046599306,0.8975834292289988,0.8480086815322023
0.02805006786306741,0.8975834292289988,0.847853767408536
0.02805006786306741,0.8987341772151899,0.8476910223576043
0.02805006786306741,0.8998849252013809,0.8472308099693566
0.02805006786306741,0.9010356731875719,0.8471928320610006
0.028200874679535515,0.9010356731875719,0.8468451841071274
0.02835168149600362,0.9010356731875719,0.8467622253540762
0.028502488312471725,0.9010356731875719,0.8467374789853692
0.028502488312471725,0.9021864211737629,0.8459971908332055
0.028502488312471725,0.903337169159954,0.8455287998172586
0.02865329512893983,0.903337169159954,0.8455163227617266
0.02865329512893983,0.904487917146145,0.8452572141419339
0.02865329512893983,0.905638665132336,0.8449427351614968
0.02880410194540793,0.905638665132336,0.8437369988872518
0.02880410194540793,0.906789413118527,0.8428938888013414
0.028954908761876036,0.906789413118527,0.8426820187169307
0.028954908761876036,0.9079401611047181,0.8424798061910407
0.02910571557834414,0.9079401611047181,0.8423474760460282
0.029256522394812245,0.9079401611047181,0.8423464096591073
0.02940732921128035,0.9079401611047181,0.8419776873723602
0.029558136027748455,0.9079401611047181,0.8419565047980746
0.029558136027748455,0.9090909090909091,0.8416234788977687
0.02970894284421656,0.9090909090909091,0.840727498936517
0.02970894284421656,0.9102416570771001,0.8401787066294487
0.029859749660684665,0.9102416570771001,0.8400062088202811
0.030010556477152766,0.9102416570771001,0.8396888009351042
0.03016136329362087,0.9102416570771001,0.8391821975636451
0.03016136329362087,0.9113924050632911,0.838881629433657
0.030312170110088976,0.9113924050632911,0.8388487662184249
0.030312170110088976,0.9125431530494822,0.8376149955601744
0.03046297692655708,0.9125431530494822,0.8374756919312653
0.030613783743025185,0.9125431530494822,0.8367109464730086
0.030613783743025185,0.9136939010356732,0.8361142848342593
0.030613783743025185,0.9148446490218642,0.8358565654689606
0.03076459055949329,0.9148446490218642,0.8357599845851912
0.030915397375961395,0.9148446490218642,0.8356796924531373
0.030915397375961395,0.9159953970080552,0.8356110782345525
0.030915397375961395,0.9171461449942463,0.8355819583624097
0.0310662041924295,0.9171461449942463,0.8354049856447924
0.0312170110088976,0.9171461449942463,0.8348710044952536
0.031367817825365706,0.9171461449942463,0.8343978566236608
0.031367817825365706,0.9182968929804373,0.8340479359497068
0.03151862464183381,0.9182968929804373,0.8336631291144724
0.03151862464183381,0.9194476409666283,0.8332875056271966
0.031669431458301915,0.9194476409666283,0.833275629689197
0.03182023827477002,0.9194476409666283,0.8332731252672035
0.03182023827477002,0.9205983889528193,0.8330815784435819
0.031971045091238125,0.9205983889528193,0.8329335263615639
0.03212185190770623,0.9205983889528193,0.8327723930231129
0.032272658724174334,0.9205983889528193,0.8313138047253048
0.032272658724174334,0.9217491369390104,0.8298808427133688
0.03242346554064244,0.9217491369390104,0.8297593507532578
0.032574272357110544,0.9217491369390104,0.8292707204068794
0.03272507917357865,0.9217491369390104,0.8290754433944563
0.03287588599004675,0.9217491369390104,0.8288316025905701
0.03302669280651485,0.9217491369390104,0.8288177343107285
0.03302669280651485,0.9228998849252014,0.8284359175708337
0.033177499622982956,0.9228998849252014,0.8280314056023732
0.033177499622982956,0.9240506329113924,0.8274616297472988
0.03332830643945106,0.9240506329113924,0.8273150025943661
0.03332830643945106,0.9252013808975834,0.8270806362396975
0.033479113255919166,0.9252013808975834,0.8265291577150626
0.03362992007238727,0.9252013808975834,0.8264368722172551
0.033780726888855375,0.9252013808975834,0.8260879362452844
0.03393153370532348,0.9252013808975834,0.8253793879081487
0.034082340521791585,0.9252013808975834,0.8251938198084929
0.03423314733825969,0.9252013808975834,0.825121215438031
0.03423314733825969,0.9263521288837745,0.8250898065219544
0.034383954154727794,0.9263521288837745,0.8250066060492525
0.034383954154727794,0.9275028768699655,0.8249357253023479
0.0345347609711959,0.9275028768699655,0.8246727013216473
0.034685567787664004,0.9275028768699655,0.8243778722495831
0.034685567787664004,0.9286536248561565,0.8241474629673113
0.03483637460413211,0.9286536248561565,0.8238423315987615
0.03483637460413211,0.9298043728423475,0.8234444003888494
0.03483637460413211,0.9309551208285386,0.8227669655606734
0.03483637460413211,0.9321058688147296,0.8226624524453521
0.03483637460413211,0.9332566168009206,0.8225559275816072
0.034987181420600214,0.9332566168009206,0.8224980132542885
0.03513798823706832,0.9332566168009206,0.8224543713892131
0.03528879505353642,0.9332566168009206,0.8218129357324451
0.03528879505353642,0.9344073647871116,0.8206469543084026
0.03528879505353642,0.9355581127733027,0.8206425116729263
0.03528879505353642,0.9367088607594937,0.8206008593729202
0.03528879505353642,0.9378596087456847,0.819527085433221
0.03543960187000452,0.9378596087456847,0.8190084088453458
0.035590408686472626,0.9378596087456847,0.8183217069824706
0.03574121550294073,0.9378596087456847,0.8183075838429873
0.035892022319408835,0.9378596087456847,0.8181603898013757
0.03604282913587694,0.9378596087456847,0.817918646165303
0.03604282913587694,0.9390103567318757,0.8174303166505451
0.036193635952345045,0.9390103567318757,0.8170956115624239
0.03634444276881315,0.9390103567318757,0.8170712278747215
0.036495249585281254,0.9390103567318757,0.8170114348892685
0.036495249585281254,0.9401611047180668,0.8166366581817223
0.03664605640174936,0.9401611047180668,0.8165803069476884
0.036796863218217464,0.9401611047180668,0.8161096565069657
0.03694767003468557,0.9401611047180668,0.8160254922320617
0.037098476851153674,0.9401611047180668,0.8157221430869425
0.037098476851153674,0.9413118527042578,0.8151234830116819
0.037098476851153674,0.9424626006904487,0.8149261762890257
0.037098476851153674,0.9436133486766398,0.8124922588698482
0.03724928366762178,0.9436133486766398,0.8123732386798457
0.03740009048408988,0.9436133486766398,0.8120624752465966
0.03740009048408988,0.9447640966628308,0.811958837192955
0.03755089730055799,0.9447640966628308,0.8108587853561331
0.03770170411702609,0.9447640966628308,0.8107755417565412
0.03770170411702609,0.9459148446490219,0.8107397019322872
0.03785251093349419,0.9459148446490219,0.810641584625502
0.038003317749962295,0.9459148446490219,0.8100530791122009
0.0381541245664304,0.9459148446490219,0.809250377032203
0.038304931382898505,0.9459148446490219,0.8090803355524039
0.03845573819936661,0.9459148446490219,0.8089203619204872
0.038606545015834715,0.9459148446490219,0.8087238529749305
0.03875735183230282,0.9459148446490219,0.8081311503843213
0.03875735183230282,0.9470655926352128,0.8076742678992438
0.038908158648770924,0.9470655926352128,0.8075706132325413
0.038908158648770924,0.9482163406214039,0.8072855782193585
0.03905896546523903,0.9482163406214039,0.8062038954416073
0.039209772281707134,0.9482163406214039,0.8060430824667517
0.03936057909817524,0.9482163406214039,0.8060417793526188
0.03936057909817524,0.9493670886075949,0.8057959359102739
0.03936057909817524,0.950517836593786,0.8057104918692407
0.03951138591464334,0.950517836593786,0.8049240926951025
0.03966219273111145,0.950517836593786,0.8048236011088564
0.03981299954757955,0.950517836593786,0.8046043333636863
0.03996380636404766,0.950517836593786,0.8043989730971707
0.04011461318051576,0.950517836593786,0.8038319040005587
0.04026541999698386,0.950517836593786,0.8037447666700124
0.040416226813451965,0.950517836593786,0.802450610346792
0.04056703362992007,0.950517836593786,0.8020011008219808
0.04056703362992007,0.9516685845799769,0.8014068191362705
0.040717840446388175,0.9516685845799769,0.8013938368599421
0.04086864726285628,0.9516685845799769,0.8011860393599052
0.041019454079324384,0.9516685845799769,0.8003902144821772
0.04117026089579249,0.9516685845799769,0.8002367188956458
0.041321067712260594,0.9516685845799769,0.8001680452170902
0.0414718745287287,0.9516685845799769,0.7999524116228861
0.0416226813451968,0.9516685845799769,0.7998284147283391
0.04177348816166491,0.9516685845799769,0.7996670189898109
0.04192429497813301,0.9516685845799769,0.7993862694890566
0.04207510179460112,0.9516685845799769,0.7992511111604282
0.04222590861106922,0.9516685845799769,0.7991653717425954
0.04237671542753733,0.9516685845799769,0.7989840012854944
0.04252752224400543,0.9516685845799769,0.7982319341905721
0.04252752224400543,0.952819332566168,0.7978785508733861
0.04267832906047354,0.952819332566168,0.7970489586936922
0.042829135876941635,0.952819332566168,0.7963020973252503
0.04297994269340974,0.952819332566168,0.7954211315325499
0.04297994269340974,0.953970080552359,0.795111120832475
0.043130749509877844,0.953970080552359,0.794686804865926
0.04328155632634595,0.953970080552359,0.7946407483221336
0.043432363142814054,0.953970080552359,0.7945701453283455
0.04358316995928216,0.953970080552359,0.7939828368850903
0.04373397677575026,0.953970080552359,0.7929181976968982
0.04388478359221837,0.953970080552359,0.7929051397738675
0.04403559040868647,0.953970080552359,0.7925694810828384
0.04418639722515458,0.953970080552359,0.7922984073207945
0.04433720404162268,0.953970080552359,0.7917772740149096
0.04448801085809079,0.953970080552359,0.7916819608822137
0.04463881767455889,0.953970080552359,0.7915917101323738
0.044789624491027,0.953970080552359,0.791320731835824
0.0449404313074951,0.953970080552359,0.7912713763037691
0.045091238123963207,0.953970080552359,0.7912166579886493
0.045091238123963207,0.9551208285385501,0.7912002708197649
0.045242044940431304,0.9551208285385501,0.7910645848774609
0.04539285175689941,0.9551208285385501,0.7909143708285357
0.045543658573367514,0.9551208285385501,0.7908531846078111
0.04569446538983562,0.9551208285385501,0.7906630775650427
0.045845272206303724,0.9551208285385501,0.7902053147043984
0.04599607902277183,0.9551208285385501,0.789192641567564
0.04614688583923993,0.9551208285385501,0.788959741598441
0.04629769265570804,0.9551208285385501,0.7888216429983745
0.04644849947217614,0.9551208285385501,0.7887178034389759
0.04659930628864425,0.9551208285385501,0.7884380659737117
0.04675011310511235,0.9551208285385501,0.7881830035204853
0.04690091992158046,0.9551208285385501,0.7878814817577884
0.04705172673804856,0.9551208285385501,0.7874677277573756
0.04720253355451667,0.9551208285385501,0.7873897166548222
0.04720253355451667,0.956271576524741,0.7873358497988482
0.04720253355451667,0.9574223245109321,0.7868633521837405
0.04735334037098477,0.9574223245109321,0.7864912595721865
0.047504147187452876,0.9574223245109321,0.7864898421360659
0.047654954003920974,0.9574223245109321,0.7855377289830064
0.04780576082038908,0.9574223245109321,0.7854793853185589
0.047956567636857184,0.9574223245109321,0.7852202896049508
0.04810737445332529,0.9574223245109321,0.7850940253208346
0.04825818126979339,0.9574223245109321,0.7848275459547039
0.0484089880862615,0.9574223245109321,0.7845176825059504
0.0485597949027296,0.9574223245109321,0.7845062451449171
0.04871060171919771,0.9574223245109321,0.7843593979310268
0.04871060171919771,0.9585730724971231,0.7843378423533286
0.04886140853566581,0.9585730724971231,0.7841356135680658
0.04901221535213392,0.9585730724971231,0.7841300246771413
0.04916302216860202,0.9585730724971231,0.7839108442703198
0.04931382898507013,0.9585730724971231,0.7835453417829706
0.04946463580153823,0.9585730724971231,0.7827575424821835
0.049615442618006336,0.9585730724971231,0.7824900005018616
0.04976624943447444,0.9585730724971231,0.7821158182944182
0.04976624943447444,0.9597238204833142,0.781720543050478
0.049917056250942546,0.9597238204833142,0.7813256547299413
0.050067863067410644,0.9597238204833142,0.7807781575747726
0.05021866988387875,0.9597238204833142,0.7804906535193473
0.05036947670034685,0.9597238204833142,0.780369462237722
0.05036947670034685,0.9608745684695051,0.7801688999293136
0.05052028351681496,0.9608745684695051,0.7800160545375986
0.05052028351681496,0.9620253164556962,0.7789541248320491
0.05067109033328306,0.9620253164556962,0.7788781358839658
0.05082189714975117,0.9620253164556962,0.7784459200233081
0.05097270396621927,0.9620253164556962,0.7780998076762247
0.05112351078268738,0.9620253164556962,0.777930537004887
0.05127431759915548,0.9620253164556962,0.776732636823473
0.05142512441562359,0.9620253164556962,0.7761647412218688
0.05157593123209169,0.9620253164556962,0.7760801552880261
0.05157593123209169,0.9631760644418872,0.7760456824169281
0.051726738048559796,0.9631760644418872,0.7760252216333952
0.0518775448650279,0.9631760644418872,0.7760118058392612
0.052028351681496006,0.9631760644418872,0.775917777634029
0.05217915849796411,0.9631760644418872,0.775736311072296
0.05217915849796411,0.9643268124280783,0.7756938291620372
0.052329965314432215,0.9643268124280783,0.77554050652176
0.05248077213090031,0.9643268124280783,0.7751020507619585
0.05263157894736842,0.9643268124280783,0.7748453970827496
0.05278238576383652,0.9643268124280783,0.7748187600794733
0.05293319258030463,0.9643268124280783,0.774768171252327
0.05308399939677273,0.9643268124280783,0.7738022107486499
0.05323480621324084,0.9643268124280783,0.7732631549723313
0.05338561302970894,0.9643268124280783,0.7720357017863734
0.05338561302970894,0.9654775604142692,0.7718546288070322
0.05338561302970894,0.9666283084004603,0.7710178535807712
0.05353641984617705,0.9666283084004603,0.7709173912930513
0.05368722666264515,0.9666283084004603,0.7706368625852376
0.053838033479113256,0.9666283084004603,0.7706063462176633
0.05398884029558136,0.9666283084004603,0.7705180041440702
0.054139647112049466,0.9666283084004603,0.7700871794729447
0.05429045392851757,0.9666283084004603,0.769853610690639
0.054441260744985676,0.9666283084004603,0.7698256407428831
0.05459206756145378,0.9666283084004603,0.7695053597542693
0.054742874377921885,0.9666283084004603,0.7692268682317551
0.05489368119438998,0.9666283084004603,0.7691968193569991
0.05504448801085809,0.9666283084004603,0.7687064599778785
0.05504448801085809,0.9677790563866513,0.7678727919800067
0.05504448801085809,0.9689298043728424,0.7678471391880668
0.05504448801085809,0.9700805523590333,0.7676439333264681
0.05519529482732619,0.9700805523590333,0.7673834300710345
0.0553461016437943,0.9700805523590333,0.7670632575253626
0.0554969084602624,0.9700805523590333,0.766642449250781
0.05564771527673051,0.9700805523590333,0.7666171998280255
0.05579852209319861,0.9700805523590333,0.7660022919673624
0.055949328909666717,0.9700805523590333,0.7659558912416404
0.05610013572613482,0.9700805523590333,0.7658709963343597
0.056250942542602926,0.9700805523590333,0.7651313650619396
0.05640174935907103,0.9700805523590333,0.7648435118063581
0.056552556175539136,0.9700805523590333,0.7641945814905304
0.05670336299200724,0.9700805523590333,0.7641666471319479
0.056854169808475345,0.9700805523590333,0.7639958726821015
0.05700497662494345,0.9700805523590333,0.7627388786255256
0.057155783441411555,0.9700805523590333,0.7627341782857179
0.05730659025787966,0.9700805523590333,0.7626600044011573
0.05745739707434776,0.9700805523590333,0.7623578140034792
0.05760820389081586,0.9700805523590333,0.7621467389753256
0.05775901070728397,0.9700805523590333,0.7614637911933378
0.05790981752375207,0.9700805523590333,0.7613789530152779
0.05806062434022018,0.9700805523590333,0.7612385707144553
0.05821143115668828,0.9700805523590333,0.7606641299204143
0.058362237973156386,0.9700805523590333,0.7605370473547316
0.05851304478962449,0.9700805523590333,0.7603378712767125
0.05851304478962449,0.9712313003452244,0.7599015565763062
0.058663851606092596,0.9712313003452244,0.758507131698739
0.058663851606092596,0.9723820483314154,0.7582373106775616
0.058663851606092596,0.9735327963176065,0.758112117413864
0.0588146584225607,0.9735327963176065,0.7577908857815036
0.058965465239028805,0.9735327963176065,0.7577848479271502
0.058965465239028805,0.9746835443037974,0.7565927352352527
0.05911627205549691,0.9746835443037974,0.7561071164262009
0.059267078871965015,0.9746835443037974,0.7556452332366712
0.05941788568843312,0.9746835443037974,0.7555894119055744
0.059568692504901224,0.9746835443037974,0.7551649454201267
0.05971949932136933,0.9746835443037974,0.7551378494445485
0.05987030613783743,0.9746835443037974,0.7550699497251093
0.06002111295430553,0.9746835443037974,0.7548430264970557
0.06017191977077364,0.9746835443037974,0.7545470860342401
0.06032272658724174,0.9746835443037974,0.7544690926837898
0.060473533403709846,0.9746835443037974,0.7528297572309861
0.06062434022017795,0.9746835443037974,0.7526306974680884
0.060775147036646056,0.9746835443037974,0.752559529650348
0.06092595385311416,0.9746835443037974,0.7524524743874903
0.061076760669582265,0.9746835443037974,0.7523723981812572
0.06122756748605037,0.9746835443037974,0.7522702582487262
0.061378374302518475,0.9746835443037974,0.7519888121334937
0.06152918111898658,0.9746835443037974,0.7515715781397797
0.061679987935454685,0.9746835443037974,0.7513092874997741
0.06183079475192279,0.9746835443037974,0.7507573957325754
0.061981601568390894,0.9746835443037974,0.7505064981377005
0.062132408384859,0.9746835443037974,0.7498837685294784
0.062132408384859,0.9758342922899885,0.7496434539232906
0.0622832152013271,0.9758342922899885,0.749472381958856
0.0624340220177952,0.9758342922899885,0.7493135173007578
0.0625848288342633,0.9758342922899885,0.7491661638149154
0.0625848288342633,0.9769850402761795,0.7486123095934422
0.06273563565073141,0.9769850402761795,0.748559621993562
0.06288644246719952,0.9769850402761795,0.7483500576665997
0.06303724928366762,0.9769850402761795,0.7476858896667457
0.06318805610013573,0.9769850402761795,0.7471854175057074
0.06333886291660383,0.9769850402761795,0.7469880989831026
0.06333886291660383,0.9781357882623706,0.7468672704087458
0.06348966973307194,0.9781357882623706,0.7463763227593597
0.06364047654954004,0.9781357882623706,0.7461894909527604
0.06364047654954004,0.9792865362485615,0.7451246785716027
0.06379128336600814,0.9792865362485615,0.7450131380694619
0.06394209018247625,0.9792865362485615,0.7443345166829474
0.06409289699894435,0.9792865362485615,0.744314918047814
0.06409289699894435,0.9804372842347526,0.7439580631322226
0.06424370381541246,0.9804372842347526,0.7439459540012318
0.06439451063188056,0.9804372842347526,0.7438681758518
0.06454531744834867,0.9804372842347526,0.7430039837279255
0.06469612426481677,0.9804372842347526,0.7427423787591042
0.06484693108128488,0.9804372842347526,0.7421399549338429
0.06499773789775298,0.9804372842347526,0.741303561843205
0.06514854471422109,0.9804372842347526,0.7406011796258178
0.06529935153068919,0.9804372842347526,0.7405277227662023
0.0654501583471573,0.9804372842347526,0.7402505635590211
0.0656009651636254,0.9804372842347526,0.7402380008575837
0.0657517719800935,0.9804372842347526,0.7398478232414499
0.0659025787965616,0.9804372842347526,0.7389097767863558
0.0660533856130297,0.9804372842347526,0.7389073659244121
0.06620419242949781,0.9804372842347526,0.7388848513995718
0.06635499924596591,0.9804372842347526,0.7387626462679657
0.06650580606243402,0.9804372842347526,0.7386785565634921
0.06650580606243402,0.9815880322209436,0.7380072477026609
0.06665661287890212,0.9815880322209436,0.7378052854322577
0.06680741969537023,0.9815880322209436,0.7376719354565833
0.06695822651183833,0.9815880322209436,0.7375487354837057
0.06710903332830644,0.9815880322209436,0.737429737392769
0.06725984014477454,0.9815880322209436,0.7373842259959291
0.06741064696124265,0.9815880322209436,0.7369429973105135
0.06756145377771075,0.9815880322209436,0.7361577488159496
0.06771226059417886,0.9815880322209436,0.7352753066807853
0.06786306741064696,0.9815880322209436,0.735263832409369
0.06801387422711506,0.9815880322209436,0.7344093753279803
0.06816468104358317,0.9815880322209436,0.7342953761609864
0.06831548786005127,0.9815880322209436,0.7341094498096015
0.06846629467651938,0.9815880322209436,0.7335397318843903
0.06861710149298748,0.9815880322209436,0.733506928776603
0.06876790830945559,0.9815880322209436,0.7332115883406307
0.0689187151259237,0.9815880322209436,0.7325717438847104
0.0690695219423918,0.9815880322209436,0.7319912806663457
0.0692203287588599,0.9815880322209436,0.7317449314808407
0.06937113557532801,0.9815880322209436,0.7315896710958684
0.06952194239179611,0.9815880322209436,0.7310388988052144
0.06967274920826422,0.9815880322209436,0.7309753056683687
0.06982355602473232,0.9815880322209436,0.7306026384522177
0.06997436284120043,0.9815880322209436,0.730307336096163
0.07012516965766853,0.9815880322209436,0.7302930219064568
0.07027597647413664,0.9815880322209436,0.7301324794431768
0.07042678329060474,0.9815880322209436,0.7298003778405328
0.07057759010707285,0.9815880322209436,0.7296955417099805
0.07072839692354095,0.9815880322209436,0.7291682414343166
0.07072839692354095,0.9827387802071347,0.7291339805005657
0.07087920374000904,0.9827387802071347,0.7290859493872843
0.07103001055647715,0.9827387802071347,0.729080557034827
0.07118081737294525,0.9827387802071347,0.728729675635187
0.07133162418941336,0.9827387802071347,0.7283301274839884
0.07148243100588146,0.9827387802071347,0.7281259723824619
0.07163323782234957,0.9827387802071347,0.7274860933231995
0.07178404463881767,0.9827387802071347,0.727405402821786
0.07193485145528578,0.9827387802071347,0.7273802695719761
0.07208565827175388,0.9827387802071347,0.7272539966404982
0.07223646508822198,0.9827387802071347,0.7271434736991115
0.07238727190469009,0.9827387802071347,0.7262629713905688
0.0725380787211582,0.9827387802071347,0.7258304382783256
0.0725380787211582,0.9838895281933256,0.7258166852736013
0.0726888855376263,0.9838895281933256,0.7255872539789697
0.0728396923540944,0.9838895281933256,0.7255111301166661
0.07299049917056251,0.9838895281933256,0.7254212981992191
0.07314130598703061,0.9838895281933256,0.725245427901629
0.07329211280349872,0.9838895281933256,0.725086527747884
0.07344291961996682,0.9838895281933256,0.7250511287437676
0.07359372643643493,0.9838895281933256,0.724404210240993
0.07374453325290303,0.9838895281933256,0.7238894853097761
0.07374453325290303,0.9850402761795167,0.723853505717832
0.07389534006937114,0.9850402761795167,0.7230942073374442
0.07404614688583924,0.9850402761795167,0.7228984228310975
0.07419695370230735,0.9850402761795167,0.7228335936693878
0.07434776051877545,0.9850402761795167,0.7227869046959989
0.07449856733524356,0.9850402761795167,0.7223731066254223
0.07464937415171166,0.9850402761795167,0.7221457891346368
0.07480018096817977,0.9850402761795167,0.7219586235660039
0.07495098778464787,0.9850402761795167,0.7218713227200726
0.07510179460111598,0.9850402761795167,0.7216405295149473
0.07525260141758408,0.9850402761795167,0.7216374374886378
0.07540340823405219,0.9850402761795167,0.7215828338042477
0.07540340823405219,0.9861910241657077,0.7215289662661296
0.07555421505052029,0.9861910241657077,0.7215170838176909
0.07570502186698838,0.9861910241657077,0.7214147131259644
0.07585582868345649,0.9861910241657077,0.7211713933678249
0.07600663549992459,0.9861910241657077,0.7207112304582134
0.0761574423163927,0.9861910241657077,0.7207109002370559
0.0763082491328608,0.9861910241657077,0.7206696368166322
0.0764590559493289,0.9861910241657077,0.720333739387041
0.07660986276579701,0.9861910241657077,0.7201362988681362
0.07676066958226511,0.9861910241657077,0.7196456157158271
0.07691147639873322,0.9861910241657077,0.7195442975110656
0.07706228321520132,0.9861910241657077,0.7194825668658353
0.07721309003166943,0.9861910241657077,0.7193845789561523
0.07736389684813753,0.9861910241657077,0.7193722827608778
0.07751470366460564,0.9861910241657077,0.7188713263027734
0.07766551048107374,0.9861910241657077,0.718798121357649
0.07781631729754185,0.9861910241657077,0.7171883478049584
0.07796712411400995,0.9861910241657077,0.71713488108482
0.07811793093047806,0.9861910241657077,0.7167290725691915
0.07826873774694616,0.9861910241657077,0.7166908142101832
0.07841954456341427,0.9861910241657077,0.7166221587139899
0.07857035137988237,0.9861910241657077,0.716322394779713
0.07872115819635048,0.9861910241657077,0.7162593424658025
0.07887196501281858,0.9861910241657077,0.7161251845000648
0.07902277182928669,0.9861910241657077,0.7158189292978568
0.07917357864575479,0.9861910241657077,0.7156558756811867
0.0793243854622229,0.9861910241657077,0.7154157064132837
0.079475192278691,0.9861910241657077,0.7153422638119338
0.0796259990951591,0.9861910241657077,0.715125744692425
0.07977680591162721,0.9861910241657077,0.7150443130268304
0.07992761272809532,0.9861910241657077,0.7148049272623902
0.07992761272809532,0.9873417721518988,0.7145502544887578
0.08007841954456342,0.9873417721518988,0.7144365983012988
0.08022922636103152,0.9873417721518988,0.7141587480048476
0.08038003317749963,0.9873417721518988,0.713594413190401
0.08053083999396772,0.9873417721518988,0.7134973165871475
0.08068164681043583,0.9873417721518988,0.7129747352228815
0.08083245362690393,0.9873417721518988,0.7126917431441626
0.08098326044337203,0.9873417721518988,0.7126454281796469
0.08113406725984014,0.9873417721518988,0.7126183159705913
0.08128487407630824,0.9873417721518988,0.7125477514046912
0.08143568089277635,0.9873417721518988,0.7123723548321008
0.08158648770924445,0.9873417721518988,0.7122425222734308
0.08173729452571256,0.9873417721518988,0.7119211371614665
0.08188810134218066,0.9873417721518988,0.7115457339129552
0.08203890815864877,0.9873417721518988,0.711008004884751
0.08218971497511687,0.9873417721518988,0.7105346052550161
0.08234052179158498,0.9873417721518988,0.710336330016
0.08249132860805308,0.9873417721518988,0.7102593809640418
0.08264213542452119,0.9873417721518988,0.7098459650564594
0.08279294224098929,0.9873417721518988,0.7094269450082334
0.0829437490574574,0.9873417721518988,0.709291726049635
0.0830945558739255,0.9873417721518988,0.7089078504292605
0.0832453626903936,0.9873417721518988,0.7088647296891508
0.08339616950686171,0.9873417721518988,0.70885028870077
0.08354697632332982,0.9873417721518988,0.7086407509619125
0.08369778313979792,0.9873417721518988,0.7085391578431426
0.08384858995626603,0.9873417721518988,0.708423050273544
0.08399939677273413,0.9873417721518988,0.708304423299145
0.08415020358920224,0.9873417721518988,0.7079966535179816
0.08430101040567034,0.9873417721518988,0.7079857976557586
0.08445181722213844,0.9873417721518988,0.7079801710735657
0.08460262403860655,0.9873417721518988,0.7079408685513164
0.08475343085507465,0.9873417721518988,0.7075608109580727
0.08490423767154276,0.9873417721518988,0.7071572664093139
0.08505504448801086,0.9873417721518988,0.7069816551842207
0.08520585130447897,0.9873417721518988,0.7067042083684758
0.08535665812094707,0.9873417721518988,0.7059744745819186
0.08550746493741516,0.9873417721518988,0.7053307743463669
0.08565827175388327,0.9873417721518988,0.7050162963121044
0.08580907857035137,0.9873417721518988,0.7049737355167291
0.08595988538681948,0.9873417721518988,0.7048832323213484
0.08611069220328758,0.9873417721518988,0.7048255643401595
0.08626149901975569,0.9873417721518988,0.704751781559992
0.0864123058362238,0.9873417721518988,0.7046914664190452
0.0865631126526919,0.9873417721518988,0.7044304908528641
0.08671391946916,0.9873417721518988,0.704248748764621
0.08686472628562811,0.9873417721518988,0.7040254967111641
0.08701553310209621,0.9873417721518988,0.7038735958461422
0.08716633991856432,0.9873417721518988,0.7038618449148177
0.08731714673503242,0.9873417721518988,0.7037164779098977
0.08746795355150053,0.9873417721518988,0.7036117895851827
0.08761876036796863,0.9873417721518988,0.7035876880964479
0.08776956718443674,0.9873417721518988,0.7035143627073117
0.08792037400090484,0.9873417721518988,0.7034789316801234
0.08807118081737295,0.9873417721518988,0.7034380097954003
0.08822198763384105,0.9873417721518988,0.7031104827008212
0.08837279445030916,0.9873417721518988,0.7029677133866357
0.08852360126677726,0.9873417721518988,0.7026454246123165
0.08867440808324537,0.9873417721518988,0.7025942147041656
0.08882521489971347,0.9873417721518988,0.7023923800566172
0.08897602171618157,0.9873417721518988,0.7022030969590265
0.08912682853264968,0.9873417721518988,0.70215119243898
0.08927763534911778,0.9873417721518988,0.7021352751758265
0.08942844216558589,0.9873417721518988,0.7020437709718916
0.089579248982054,0.9873417721518988,0.7020211349732356
0.0897300557985221,0.9873417721518988,0.7019279389545741
0.0898808626149902,0.9873417721518988,0.7017168980497821
0.09003166943145831,0.9873417721518988,0.7015817083375616
0.09018247624792641,0.9873417721518988,0.7015728125211865
0.0903332830643945,0.9873417721518988,0.7015410015006235
0.09048408988086261,0.9873417721518988,0.7011489144174575
0.09063489669733071,0.9873417721518988,0.7010811956559777
0.09078570351379882,0.9873417721518988,0.7010603748365634
0.09093651033026692,0.9873417721518988,0.7009777033782444
0.09108731714673503,0.9873417721518988,0.7009571716774394
0.09123812396320313,0.9873417721518988,0.700640149885484
0.09138893077967124,0.9873417721518988,0.7006341032247829
0.09153973759613934,0.9873417721518988,0.7005688769708123
0.09169054441260745,0.9873417721518988,0.7005492188545596
0.09184135122907555,0.9873417721518988,0.7004603522365177
0.09199215804554366,0.9873417721518988,0.6997839752826064
0.09214296486201176,0.9873417721518988,0.699639044076053
0.09229377167847987,0.9873417721518988,0.6996388490270021
0.09244457849494797,0.9873417721518988,0.6996328546260278
0.09259538531141608,0.9873417721518988,0.6993315033323506
0.09274619212788418,0.9873417721518988,0.6992897034988721
0.09289699894435229,0.9873417721518988,0.6989671501917182
0.09304780576082039,0.9873417721518988,0.6988747414615668
0.0931986125772885,0.9873417721518988,0.698732402326051
0.0933494193937566,0.9873417721518988,0.6987299081696702
0.0935002262102247,0.9873417721518988,0.6981774969275706
0.09365103302669281,0.9873417721518988,0.6979396594509154
0.09380183984316091,0.9873417721518988,0.6975875037558429
0.09395264665962902,0.9873417721518988,0.6973027512564579
0.09410345347609712,0.9873417721518988,0.6972400915316641
0.09425426029256523,0.9873417721518988,0.697041212225835
0.09440506710903333,0.9873417721518988,0.6967008401864783
0.09455587392550144,0.9873417721518988,0.6966269103818066
0.09470668074196954,0.9873417721518988,0.6965217038717331
0.09485748755843765,0.9873417721518988,0.6964722018528878
0.09500829437490575,0.9873417721518988,0.695566567024244
0.09515910119137384,0.9873417721518988,0.6953377066971504
0.09530990800784195,0.9873417721518988,0.6951675083808176
0.09546071482431005,0.9873417721518988,0.6951073244707744
0.09561152164077816,0.9873417721518988,0.694720426552567
0.09576232845724626,0.9873417721518988,0.6945073669353394
0.09591313527371437,0.9873417721518988,0.6944876534858554
0.09606394209018247,0.9873417721518988,0.6936088001893375
0.09621474890665058,0.9873417721518988,0.6934552232750198
0.09636555572311868,0.9873417721518988,0.6929976400764816
0.09651636253958679,0.9873417721518988,0.6927284342163245
0.09666716935605489,0.9873417721518988,0.6923825403386139
0.09666716935605489,0.9884925201380897,0.692098438105138
0.096817976172523,0.9884925201380897,0.6918371968936131
0.0969687829889911,0.9884925201380897,0.6916162750482643
0.0971195898054592,0.9884925201380897,0.6914451092252885
0.09727039662192731,0.9884925201380897,0.6912321340927831
0.09742120343839542,0.9884925201380897,0.6910551050552618
0.09757201025486352,0.9884925201380897,0.6909055448600284
0.09772281707133162,0.9884925201380897,0.6906632029493754
0.09787362388779973,0.9884925201380897,0.6906454033403181
0.09802443070426783,0.9884925201380897,0.6895390340025397
0.09817523752073594,0.9884925201380897,0.6894637262950747
0.09832604433720404,0.9884925201380897,0.689312796799707
0.09847685115367215,0.9884925201380897,0.6891446459210225
0.09862765797014025,0.9884925201380897,0.6890171690466051
0.09877846478660836,0.9884925201380897,0.6888125750272126
0.09892927160307646,0.9884925201380897,0.6884399047524613
0.09908007841954457,0.9884925201380897,0.6883607209452034
0.09923088523601267,0.9884925201380897,0.68810853463995
0.09938169205248078,0.9884925201380897,0.6881027407314841
0.09953249886894888,0.9884925201380897,0.6877592409405905
0.09968330568541699,0.9884925201380897,0.6871097640647245
0.09983411250188509,0.9884925201380897,0.6869606755183079
0.0999849193183532,0.9884925201380897,0.6869567018554325
0.10013572613482129,0.9884925201380897,0.6868937667048998
0.10028653295128939,0.9884925201380897,0.6865646389122276
0.1004373397677575,0.9884925201380897,0.6865568675815749
0.1005881465842256,0.9884925201380897,0.6861757186906333
0.1007389534006937,0.9884925201380897,0.6861357218664567
0.10088976021716181,0.9884925201380897,0.6859711759541834
0.10104056703362992,0.9884925201380897,0.6858492668229592
0.10119137385009802,0.9884925201380897,0.6858211621279993
0.10134218066656613,0.9884925201380897,0.6851538093894389
0.10149298748303423,0.9884925201380897,0.6847503372781617
0.10164379429950234,0.9884925201380897,0.6846829936077595
0.10179460111597044,0.9884925201380897,0.68409757565167
0.10194540793243854,0.9884925201380897,0.6837443455103397
0.10209621474890665,0.9884925201380897,0.6837293018739399
0.10224702156537475,0.9884925201380897,0.6834137340704387
0.10239782838184286,0.9884925201380897,0.6832206081050465
0.10254863519831096,0.9884925201380897,0.683094850577431
0.10269944201477907,0.9884925201380897,0.6830590025396472
0.10285024883124717,0.9884925201380897,0.6828825806415146
0.10300105564771528,0.9884925201380897,0.6827165952305337
0.10315186246418338,0.9884925201380897,0.6825584403916222
0.10330266928065149,0.9884925201380897,0.6821478354628933
0.10345347609711959,0.9884925201380897,0.6817416696025276
0.1036042829135877,0.9884925201380897,0.6815556914900511
0.1037550897300558,0.9884925201380897,0.6815417378691665
0.10390589654652391,0.9884925201380897,0.6813459135714526
0.10405670336299201,0.9884925201380897,0.6810567386856607
0.10420751017946012,0.9884925201380897,0.6810001124087717
0.10435831699592822,0.9884925201380897,0.680884119713414
0.10450912381239633,0.9884925201380897,0.6802179519502354
0.10465993062886443,0.9884925201380897,0.6801279465580474
0.10481073744533254,0.9884925201380897,0.6798983824359381
0.10496154426180063,0.9884925201380897,0.67968469657015
0.10511235107826873,0.9884925201380897,0.6796685214883331
0.10526315789473684,0.9884925201380897,0.6794452661006978
0.10541396471120494,0.9884925201380897,0.6792930971119835
0.10556477152767305,0.9884925201380897,0.6792129599465776
0.10571557834414115,0.9884925201380897,0.6792062787464748
0.10586638516060926,0.9884925201380897,0.6790078093217545
0.10601719197707736,0.9884925201380897,0.6789471665016148
0.10616799879354546,0.9884925201380897,0.6788485825117585
0.10631880561001357,0.9884925201380897,0.6785941445749921
0.10646961242648167,0.9884925201380897,0.6785746442709084
0.10662041924294978,0.9884925201380897,0.6783510756175092
0.10677122605941788,0.9884925201380897,0.6782070527622577
0.10692203287588599,0.9884925201380897,0.677834042433063
0.1070728396923541,0.9884925201380897,0.6777095710153676
0.1072236465088222,0.9884925201380897,0.6775733142028078
0.1073744533252903,0.9884925201380897,0.6771260429474616
0.10752526014175841,0.9884925201380897,0.6767056921602822
0.10767606695822651,0.9884925201380897,0.6766626005534556
0.10782687377469462,0.9884925201380897,0.6766553927500011
0.10797768059116272,0.9884925201380897,0.6765895629859204
0.10812848740763083,0.9884925201380897,0.6763373451817333
0.10827929422409893,0.9884925201380897,0.6761089086148957
0.10843010104056704,0.9884925201380897,0.6759965281117686
0.10858090785703514,0.9884925201380897,0.6752984797858209
0.10873171467350325,0.9884925201380897,0.6751484503781763
0.10888252148997135,0.9884925201380897,0.6745584254669619
0.10903332830643946,0.9884925201380897,0.6744901959590107
0.10918413512290756,0.9884925201380897,0.6742534243510812
0.10933494193937567,0.9884925201380897,0.6741684298878537
0.10948574875584377,0.9884925201380897,0.6737949363461543
0.10963655557231188,0.9884925201380897,0.6737403098456105
0.10978736238877997,0.9884925201380897,0.6736424699598732
0.10993816920524807,0.9884925201380897,0.6735791542942109
0.11008897602171618,0.9884925201380897,0.673466547204326
0.11023978283818428,0.9884925201380897,0.6731523684179077
0.11039058965465239,0.9884925201380897,0.6730464285475813
0.11054139647112049,0.9884925201380897,0.6726842665940723
0.11054139647112049,0.9896432681242808,0.6726276274512842
0.1106922032875886,0.9896432681242808,0.6717987372294894
0.1108430101040567,0.9896432681242808,0.6716196387499229
0.1109938169205248,0.9896432681242808,0.6715578540503331
0.11114462373699291,0.9896432681242808,0.6713810761508828
0.11129543055346101,0.9896432681242808,0.6713765372685474
0.11144623736992912,0.9896432681242808,0.6711659305826091
0.11159704418639722,0.9896432681242808,0.6709548743558549
0.11174785100286533,0.9896432681242808,0.6706667676789888
0.11189865781933343,0.9896432681242808,0.6705746735780411
0.11204946463580154,0.9896432681242808,0.6684787158892184
0.11220027145226964,0.9896432681242808,0.6684207641676976
0.11235107826873775,0.9896432681242808,0.6676555268597898
0.11250188508520585,0.9896432681242808,0.6675010749612047
0.11265269190167396,0.9896432681242808,0.6672580935670427
0.11280349871814206,0.9896432681242808,0.6672118551178559
0.11295430553461017,0.9896432681242808,0.6672046593564653
0.11310511235107827,0.9896432681242808,0.6670756657663685
0.11310511235107827,0.9907940161104718,0.667011811628651
0.11325591916754638,0.9907940161104718,0.6664637783269108
0.11340672598401448,0.9907940161104718,0.6659470138255997
0.11355753280048259,0.9907940161104718,0.6657251126116799
0.11370833961695069,0.9907940161104718,0.6656946206791583
0.1138591464334188,0.9907940161104718,0.6655135464533088
0.1140099532498869,0.9907940161104718,0.6653723993127533
0.114160760066355,0.9907940161104718,0.664461043771969
0.11431156688282311,0.9907940161104718,0.6632869757103699
0.11446237369929121,0.9907940161104718,0.6630350197180599
0.11461318051575932,0.9907940161104718,0.6628530357554543
0.11476398733222741,0.9907940161104718,0.662753643632593
0.11491479414869551,0.9907940161104718,0.6627021738055263
0.11506560096516362,0.9907940161104718,0.6626960102548564
0.11521640778163172,0.9907940161104718,0.6621333664527221
0.11536721459809983,0.9907940161104718,0.6621158251066174
0.11536721459809983,0.9919447640966629,0.6620944765705286
0.11551802141456793,0.9919447640966629,0.6615668098829864
0.11566882823103604,0.9919447640966629,0.6610304642655008
0.11581963504750414,0.9919447640966629,0.660938960262305
0.11597044186397225,0.9919447640966629,0.6607296670985552
0.11612124868044035,0.9919447640966629,0.660129576083647
0.11627205549690846,0.9919447640966629,0.6598504369196783
0.11642286231337656,0.9919447640966629,0.6597815287989309
0.11657366912984467,0.9919447640966629,0.6597177009266804
0.11672447594631277,0.9919447640966629,0.6594842215561292
0.11687528276278088,0.9919447640966629,0.6584353237797027
0.11702608957924898,0.9919447640966629,0.6579840653107276
0.11717689639571709,0.9919447640966629,0.6572709603154249
0.11732770321218519,0.9919447640966629,0.6567064739160037
0.1174785100286533,0.9919447640966629,0.6564438231501154
0.1176293168451214,0.9919447640966629,0.6562836824940593
0.1177801236615895,0.9919447640966629,0.6552549562706746
0.11793093047805761,0.9919447640966629,0.6552105046169412
0.11808173729452572,0.9919447640966629,0.6550589020481289
0.11823254411099382,0.9919447640966629,0.6549960724819902
0.11838335092746193,0.9919447640966629,0.6549646893040566
0.11853415774393003,0.9919447640966629,0.654566049229082
0.11868496456039813,0.9919447640966629,0.6542123238248151
0.11883577137686624,0.9919447640966629,0.6537771131673035
0.11898657819333434,0.9919447640966629,0.653326715125183
0.11913738500980245,0.9919447640966629,0.6530726873325806
0.11928819182627055,0.9919447640966629,0.6529447884657791
0.11943899864273866,0.9919447640966629,0.652664956867355
0.11958980545920675,0.9919447640966629,0.6526429799726917
0.11974061227567485,0.9919447640966629,0.6526037543399227
0.11989141909214296,0.9919447640966629,0.6523903234816152
0.12004222590861106,0.9919447640966629,0.6523811462190869
0.12019303272507917,0.9919447640966629,0.6522688816830763
0.12034383954154727,0.9919447640966629,0.6521645523110837
0.12049464635801538,0.9919447640966629,0.6521121671720691
0.12064545317448348,0.9919447640966629,0.6518867742352489
0.12079625999095159,0.9919447640966629,0.6518153806027888
0.12094706680741969,0.9919447640966629,0.6516630431328148
0.1210978736238878,0.9919447640966629,0.6514664766631213
0.1212486804403559,0.9919447640966629,0.6514200504826413
0.121399487256824,0.9919447640966629,0.6513773598742834
0.12155029407329211,0.9919447640966629,0.6513690975217399
0.12170110088976022,0.9919447640966629,0.6512202607422465
0.12185190770622832,0.9919447640966629,0.6510605442106411
0.12200271452269643,0.9919447640966629,0.6510488315685162
0.12200271452269643,0.9930955120828538,0.6510132682938814
0.12215352133916453,0.9930955120828538,0.6509586436309184
0.12215352133916453,0.9942462600690449,0.6509493139305882
0.12230432815563264,0.9942462600690449,0.6508771643500894
0.12245513497210074,0.9942462600690449,0.6507348600102915
0.12260594178856885,0.9942462600690449,0.6506811213157964
0.12260594178856885,0.9953970080552359,0.6506401032084588
0.12275674860503695,0.9953970080552359,0.6504945080628161
0.12290755542150505,0.9953970080552359,0.6504649168138201
0.12305836223797316,0.9953970080552359,0.6500713818014824
0.12320916905444126,0.9953970080552359,0.6499013815317282
0.12335997587090937,0.9953970080552359,0.6496279759472732
0.12351078268737747,0.9953970080552359,0.6495100655354442
0.12366158950384558,0.9953970080552359,0.649493344812675
0.12381239632031368,0.9953970080552359,0.6492660053797874
0.12396320313678179,0.9953970080552359,0.6487450944904826
0.12411400995324989,0.9953970080552359,0.6484080016900486
0.124264816769718,0.9953970080552359,0.6480593437266814
0.12441562358618609,0.9953970080552359,0.6480348930098025
0.1245664304026542,0.9953970080552359,0.647904218282909
0.1247172372191223,0.9953970080552359,0.6478222048906406
0.1248680440355904,0.9953970080552359,0.6477532039655629
0.12501885085205852,0.9953970080552359,0.6475341945112769
0.1251696576685266,0.9953970080552359,0.6473022528367202
0.12532046448499473,0.9953970080552359,0.6472908018278649
0.12547127130146282,0.9953970080552359,0.647110943125082
0.12562207811793094,0.9953970080552359,0.6470750615605596
0.12577288493439903,0.9953970080552359,0.6468981141418132
0.12577288493439903,0.996547756041427,0.6467782984840791
0.12592369175086715,0.996547756041427,0.6466327997790039
0.12607449856733524,0.996547756041427,0.6465734031272798
0.12622530538380336,0.996547756041427,0.6464378571295968
0.12637611220027145,0.996547756041427,0.646381624574236
0.12652691901673957,0.996547756041427,0.6459009470619662
0.12667772583320766,0.996547756041427,0.6458071446369827
0.12682853264967578,0.996547756041427,0.6457383350898875
0.12697933946614387,0.996547756041427,0.6457060821457777
0.12713014628261196,0.996547756041427,0.645599581093412
0.12728095309908008,0.996547756041427,0.6455973290736322
0.12743175991554817,0.996547756041427,0.6448286348772613
0.1275825667320163,0.996547756041427,0.6445894570383693
0.12773337354848438,0.996547756041427,0.6445603594116223
0.1278841803649525,0.996547756041427,0.6443939636996684
0.1280349871814206,0.996547756041427,0.6441211530549115
0.1281857939978887,0.996547756041427,0.6438545483985484
0.1283366008143568,0.996547756041427,0.643845759695516
0.12848740763082492,0.996547756041427,0.6438345805444161
0.128638214447293,0.996547756041427,0.6438031366811423
0.12878902126376113,0.996547756041427,0.6437181336470383
0.12893982808022922,0.996547756041427,0.6437129148645728
0.12909063489669734,0.996547756041427,0.6433671891858036
0.12924144171316543,0.996547756041427,0.6430319596367448
0.12939224852963355,0.996547756041427,0.6430135575789485
0.12954305534610164,0.996547756041427,0.643006572926347
0.12969386216256976,0.996547756041427,0.6427443717718855
0.12984466897903785,0.996547756041427,0.6425518184491195
0.12999547579550597,0.996547756041427,0.6424283904579501
0.13014628261197406,0.996547756041427,0.6424283763968822
0.13029708942844218,0.996547756041427,0.6423125798276484
0.13044789624491027,0.996547756041427,0.6423027199276377
0.13059870306137839,0.996547756041427,0.6422022194504814
0.13074950987784648,0.996547756041427,0.6421335362703146
0.1309003166943146,0.996547756041427,0.6419432442790511
0.13105112351078269,0.996547756041427,0.641848218487746
0.1312019303272508,0.996547756041427,0.6416682107849057
0.1313527371437189,0.996547756041427,0.6416379392585901
0.131503543960187,0.996547756041427,0.6414899066170848
0.1316543507766551,0.996547756041427,0.6413524153427786
0.1318051575931232,0.996547756041427,0.6408065422006979
0.13195596440959131,0.996547756041427,0.6399301989257075
0.1321067712260594,0.996547756041427,0.6396794860050061
0.13225757804252752,0.996547756041427,0.6395306843290403
0.13240838485899561,0.996547756041427,0.6395024066925357
0.13255919167546373,0.996547756041427,0.6392453178657874
0.13270999849193182,0.996547756041427,0.6390554112294953
0.13286080530839994,0.996547756041427,0.6386204629433416
0.13301161212486803,0.996547756041427,0.6383081515525068
0.13316241894133615,0.996547756041427,0.6380836442836397
0.13331322575780424,0.996547756041427,0.6379747886344981
0.13346403257427236,0.996547756041427,0.6377379081738348
0.13361483939074045,0.996547756041427,0.637678677182943
0.13376564620720857,0.996547756041427,0.6376744657512643
0.13391645302367666,0.996547756041427,0.6376721489081346
0.13406725984014478,0.996547756041427,0.6374252283387334
0.13421806665661287,0.996547756041427,0.6371944000341296
0.134368873473081,0.996547756041427,0.637136365644993
0.13451968028954908,0.996547756041427,0.6368587049980112
0.1346704871060172,0.996547756041427,0.6367007431216415
0.1348212939224853,0.996547756041427,0.6366627720524902
0.1349721007389534,0.996547756041427,0.6366209864444375
0.1351229075554215,0.996547756041427,0.636530486533694
0.13527371437188962,0.996547756041427,0.6355553408278051
0.1354245211883577,0.996547756041427,0.6355080793452113
0.13557532800482583,0.996547756041427,0.6349036731147353
0.13572613482129392,0.996547756041427,0.6340044939155081
0.13587694163776204,0.996547756041427,0.633767213184444
0.13602774845423013,0.996547756041427,0.6337255463372994
0.13617855527069825,0.996547756041427,0.6335534796726392
0.13632936208716634,0.996547756041427,0.6332753419895226
0.13648016890363446,0.996547756041427,0.6331807629802513
0.13663097572010255,0.996547756041427,0.6329480758537595
0.13678178253657064,0.996547756041427,0.6328981369310793
0.13693258935303876,0.996547756041427,0.6327009590819496
0.13708339616950685,0.996547756041427,0.6324798510500628
0.13723420298597497,0.996547756041427,0.6324149092317091
0.13738500980244306,0.996547756041427,0.6323910107060893
0.13753581661891118,0.996547756041427,0.6322581224070899
0.13768662343537927,0.996547756041427,0.6321650324012713
0.1378374302518474,0.996547756041427,0.632094558562771
0.13798823706831548,0.996547756041427,0.6319993080434487
0.1381390438847836,0.996547756041427,0.6314364166062121
0.1382898507012517,0.996547756041427,0.6310810693654902
0.1384406575177198,0.996547756041427,0.6309282742393777
0.1385914643341879,0.996547756041427,0.6307113907240958
0.13874227115065602,0.996547756041427,0.6307098918773993
0.1388930779671241,0.996547756041427,0.6303783013633969
0.13904388478359223,0.996547756041427,0.630223445973223
0.13919469160006032,0.996547756041427,0.630017915476185
0.13934549841652843,0.996547756041427,0.6298901396769284
0.13949630523299653,0.996547756041427,0.6298545124095752
0.13964711204946464,0.996547756041427,0.6297423280269498
0.13979791886593274,0.996547756041427,0.6295353801092564
0.13994872568240085,0.996547756041427,0.6295163556668054
0.14009953249886894,0.996547756041427,0.6293270874755187
0.14025033931533706,0.996547756041427,0.6291604558235101
0.14040114613180515,0.996547756041427,0.6291506573611062
0.14055195294827327,0.996547756041427,0.6286264055923431
0.14070275976474136,0.996547756041427,0.6285277571479728
0.14085356658120948,0.996547756041427,0.6282213564480349
0.14100437339767757,0.996547756041427,0.6280704711089882
0.1411551802141457,0.996547756041427,0.6279204391217665
0.14130598703061378,0.996547756041427,0.6278614071222339
0.1414567938470819,0.996547756041427,0.6275592494831241
0.14160760066355,0.996547756041427,0.6275504854020185
0.14175840748001808,0.996547756041427,0.627352510624954
0.1419092142964862,0.996547756041427,0.626688105206837
0.1420600211129543,0.996547756041427,0.6265092553331919
0.1422108279294224,0.996547756041427,0.6265030183922747
0.1423616347458905,0.996547756041427,0.6263085011633114
0.14251244156235862,0.996547756041427,0.6259862623055714
0.1426632483788267,0.996547756041427,0.6256533177352936
0.14281405519529483,0.996547756041427,0.6256284446341713
0.14296486201176292,0.996547756041427,0.6252747936387679
0.14311566882823104,0.996547756041427,0.6247902791718991
0.14326647564469913,0.996547756041427,0.6247394683804567
0.14341728246116725,0.996547756041427,0.6246325085513532
0.14356808927763534,0.996547756041427,0.6245648796210496
0.14371889609410346,0.996547756041427,0.6245144161354399
0.14386970291057155,0.996547756041427,0.6243326290173253
0.14402050972703967,0.996547756041427,0.6241987927482485
0.14417131654350776,0.996547756041427,0.6239634471593722
0.14432212335997588,0.996547756041427,0.6239098412614109
0.14447293017644397,0.996547756041427,0.6238135756593929
0.1446237369929121,0.996547756041427,0.6234320743517667
0.14477454380938018,0.996547756041427,0.623111525055258
0.1449253506258483,0.996547756041427,0.623082906882562
0.1450761574423164,0.996547756041427,0.622938200339139
0.1452269642587845,0.996547756041427,0.6220696345873539
0.1453777710752526,0.996547756041427,0.6217683734002214
0.14552857789172072,0.996547756041427,0.6213522961227526
0.1456793847081888,0.996547756041427,0.6211649847778623
0.14583019152465693,0.996547756041427,0.6211399748706016
0.14598099834112502,0.996547756041427,0.6211257027762319
0.14613180515759314,0.996547756041427,0.6211002952155261
0.14628261197406123,0.996547756041427,0.6210382382880387
0.14643341879052932,0.996547756041427,0.6209726181863566
0.14658422560699744,0.996547756041427,0.6209517209712356
0.14673503242346553,0.996547756041427,0.6207276767571527
0.14688583923993365,0.996547756041427,0.6207240718463926
0.14703664605640174,0.996547756041427,0.620697558983855
0.14718745287286986,0.996547756041427,0.620631286412254
0.14733825968933795,0.996547756041427,0.6205881350980196
0.14748906650580607,0.996547756041427,0.6205616029145851
0.14763987332227416,0.996547756041427,0.6205446358653258
0.14779068013874228,0.996547756041427,0.6203663698101595
0.14794148695521037,0.996547756041427,0.620315242758336
0.14809229377167848,0.996547756041427,0.6197427477030774
0.14824310058814658,0.996547756041427,0.6197153535326889
0.1483939074046147,0.996547756041427,0.6195122545723046
0.14854471422108279,0.996547756041427,0.6194032744631054
0.1486955210375509,0.996547756041427,0.6193518863046892
0.148846327854019,0.996547756041427,0.6192878006486762
0.1489971346704871,0.996547756041427,0.6192424351669826
0.1491479414869552,0.996547756041427,0.6189235895905602
0.14929874830342332,0.996547756041427,0.6188678962279588
0.14944955511989141,0.996547756041427,0.6187660842499364
0.14960036193635953,0.996547756041427,0.6187590619160548
0.14975116875282762,0.996547756041427,0.6186987915520412
0.14990197556929574,0.996547756041427,0.6186922060908916
0.15005278238576383,0.996547756041427,0.6185871132951095
0.15020358920223195,0.996547756041427,0.6182240475515244
0.15035439601870004,0.996547756041427,0.6178827026391581
0.15050520283516816,0.996547756041427,0.6176229025825013
0.15065600965163625,0.996547756041427,0.617468734757317
0.15080681646810437,0.996547756041427,0.6174443208039797
0.15095762328457246,0.996547756041427,0.6169888024982446
0.15110843010104058,0.996547756041427,0.6169271085242908
0.15125923691750867,0.996547756041427,0.6169234682511581
0.15141004373397676,0.996547756041427,0.6169173505079204
0.15156085055044488,0.996547756041427,0.6168305903826429
0.15171165736691297,0.996547756041427,0.6167481002887321
0.1518624641833811,0.996547756041427,0.6162725253914029
0.15201327099984918,0.996547756041427,0.6160497580289481
0.1521640778163173,0.996547756041427,0.6160139984487045
0.1523148846327854,0.996547756041427,0.6159281967080821
0.1524656914492535,0.996547756041427,0.6157147645355917
0.1526164982657216,0.996547756041427,0.6156851065500257
0.15276730508218972,0.996547756041427,0.6151565461244675
0.1529181118986578,0.996547756041427,0.6148644460751419
0.15306891871512593,0.996547756041427,0.6144674721409721
0.15321972553159402,0.996547756041427,0.6144157057966898
0.15337053234806214,0.996547756041427,0.614395892548102
0.15352133916453023,0.996547756041427,0.6143457592348447
0.15367214598099835,0.996547756041427,0.6143231128617619
0.15382295279746644,0.996547756041427,0.6142655597390605
0.15397375961393456,0.996547756041427,0.6142404852174328
0.15412456643040265,0.996547756041427,0.6142227060347416
0.15427537324687077,0.996547756041427,0.6140872027303309
0.15442618006333886,0.996547756041427,0.6140426622609496
0.15457698687980698,0.996547756041427,0.6139039153618725
0.15472779369627507,0.996547756041427,0.6134830825360299
0.1548786005127432,0.996547756041427,0.6134125201778023
0.15502940732921128,0.996547756041427,0.6132912074614346
0.1551802141456794,0.996547756041427,0.6132367255876165
0.1553310209621475,0.996547756041427,0.6128876755038304
0.1554818277786156,0.996547756041427,0.6128307956321075
0.1556326345950837,0.996547756041427,0.6124412913195161
0.15578344141155182,0.996547756041427,0.6123621641904087
0.1559342482280199,0.996547756041427,0.612207814572021
0.15608505504448802,0.996547756041427,0.6120092737038245
0.15623586186095612,0.996547756041427,0.6118196938253995
0.1563866686774242,0.996547756041427,0.6113748153650972
0.15653747549389233,0.996547756041427,0.61128452052193
0.15668828231036042,0.996547756041427,0.611214202877581
0.15683908912682853,0.996547756041427,0.6105284749064038
0.15698989594329663,0.996547756041427,0.6104497238867337
0.15714070275976474,0.996547756041427,0.6104151293996306
0.15729150957623284,0.996547756041427,0.6094059204700477
0.15744231639270095,0.996547756041427,0.6092506288201175
0.15759312320916904,0.996547756041427,0.6086732986351281
0.15774393002563716,0.996547756041427,0.6086124180921753
0.15789473684210525,0.996547756041427,0.608516674381235
0.15804554365857337,0.996547756041427,0.6080518044189063
0.15819635047504146,0.996547756041427,0.608028490509798
0.15834715729150958,0.996547756041427,0.608028243332048
0.15849796410797767,0.996547756041427,0.6076561620783388
0.1586487709244458,0.996547756041427,0.6070159926899428
0.15879957774091388,0.996547756041427,0.6066325173564506
0.158950384557382,0.996547756041427,0.6065992663685223
0.1591011913738501,0.996547756041427,0.6064184090954639
0.1592519981903182,0.996547756041427,0.6063372836920993
0.1594028050067863,0.996547756041427,0.606128147690944
0.15955361182325442,0.996547756041427,0.6059792068179799
0.1597044186397225,0.996547756041427,0.6059502821122791
0.15985522545619063,0.996547756041427,0.6057675082792437
0.16000603227265872,0.996547756041427,0.6055796549159544
0.16015683908912684,0.996547756041427,0.6054077002807652
0.16030764590559493,0.996547756041427,0.6053671265161731
0.16045845272206305,0.996547756041427,0.6052464250673155
0.16060925953853114,0.996547756041427,0.6047327958318611
0.16076006635499926,0.996547756041427,0.6046736947416504
0.16076006635499926,0.997698504027618,0.6045313072115568
0.16091087317146735,0.997698504027618,0.6040313539292629
0.16106167998793544,0.997698504027618,0.6039883143087287
0.16121248680440356,0.997698504027618,0.6038291394600176
0.16136329362087165,0.997698504027618,0.6037545338889573
0.16151410043733977,0.997698504027618,0.6037466580159179
0.16166490725380786,0.997698504027618,0.6035191535826226
0.16181571407027598,0.997698504027618,0.603441253984495
0.16196652088674407,0.997698504027618,0.6032874355070184
0.1621173277032122,0.997698504027618,0.6032810369516807
0.16226813451968028,0.997698504027618,0.6029168631714795
0.1624189413361484,0.997698504027618,0.6028034562516525
0.1625697481526165,0.997698504027618,0.6027025330871415
0.1627205549690846,0.997698504027618,0.6025531266157774
0.1628713617855527,0.997698504027618,0.6025246399004464
0.16302216860202082,0.997698504027618,0.6023973849937194
0.1631729754184889,0.997698504027618,0.6022465332822399
0.16332378223495703,0.997698504027618,0.6022113643389698
0.16347458905142512,0.997698504027618,0.6018183097048316
0.16362539586789324,0.997698504027618,0.6012094976063962
0.16377620268436133,0.997698504027618,0.6006526230046132
0.16392700950082945,0.997698504027618,0.6002316581301106
0.16407781631729754,0.997698504027618,0.5999896572433685
0.16422862313376566,0.997698504027618,0.5997731628933135
0.16437942995023375,0.997698504027618,0.5997114525421108
0.16453023676670187,0.997698504027618,0.5997035312164203
0.16468104358316996,0.997698504027618,0.5995268395366722
0.16483185039963807,0.997698504027618,0.5992509754082116
0.16498265721610617,0.997698504027618,0.5992089949810656
0.16513346403257428,0.997698504027618,0.5991782675894749
0.16528427084904238,0.997698504027618,0.5991356511363769
0.1654350776655105,0.997698504027618,0.5989832262297656
0.16558588448197858,0.997698504027618,0.5989167370818784
0.1657366912984467,0.997698504027618,0.5985946734424599
0.1658874981149148,0.997698504027618,0.5984795036459368
0.1658874981149148,0.998849252013809,0.5983939610770602
0.16603830493138289,0.998849252013809,0.5980359337738018
0.166189111747851,0.998849252013809,0.59787186762381
0.1663399185643191,0.998849252013809,0.5977252620339819
0.1664907253807872,0.998849252013809,0.5975790901046432
0.1666415321972553,0.998849252013809,0.5973649718436363
0.16679233901372342,0.998849252013809,0.5972420506815518
0.16694314583019151,0.998849252013809,0.5972129155013637
0.16709395264665963,0.998849252013809,0.5971323475243354
0.16724475946312772,0.998849252013809,0.5970716759422181
0.16739556627959584,0.998849252013809,0.5969359305487434
0.16754637309606393,0.998849252013809,0.5968116915554488
0.16769717991253205,0.998849252013809,0.5967332898844507
0.16784798672900014,0.998849252013809,0.5966489917104537
0.16799879354546826,0.998849252013809,0.5965878759477097
0.16814960036193635,0.998849252013809,0.5961903606546448
0.16830040717840447,0.998849252013809,0.5960468214439406
0.16845121399487256,0.998849252013809,0.595973776264487
0.16860202081134068,0.998849252013809,0.5959508189515558
0.16875282762780877,0.998849252013809,0.5958364073430563
0.1689036344442769,0.998849252013809,0.5958209207449856
0.16905444126074498,0.998849252013809,0.595761439136505
0.1692052480772131,0.998849252013809,0.5957388122266678
0.1693560548936812,0.998849252013809,0.5956088308091033
0.1695068617101493,0.998849252013809,0.5954026559433286
0.1696576685266174,0.998849252013809,0.5953172920113816
0.16980847534308552,0.998849252013809,0.5951569244561721
0.1699592821595536,0.998849252013809,0.5951077903122253
0.17011008897602173,0.998849252013809,0.5950928554045566
0.17026089579248982,0.998849252013809,0.5948231235090637
0.17041170260895794,0.998849252013809,0.5947363413678867
0.17056250942542603,0.998849252013809,0.594435125373954
0.17071331624189415,0.998849252013809,0.5939907360511983
0.17086412305836224,0.998849252013809,0.5939680171894465
0.17101492987483033,0.998849252013809,0.5931834500036812
0.17116573669129845,0.998849252013809,0.5928140992216099
0.17131654350776654,0.998849252013809,0.5926415521052543
0.17146735032423466,0.998849252013809,0.5924690689872419
0.17161815714070275,0.998849252013809,0.5922734833101784
0.17176896395717087,0.998849252013809,0.5921186501812203
0.17191977077363896,0.998849252013809,0.5911823709987445
0.17207057759010708,0.998849252013809,0.5911396751317773
0.17222138440657517,0.998849252013809,0.5908041604892907
0.1723721912230433,0.998849252013809,0.590795834220346
0.17252299803951138,0.998849252013809,0.5906698294165709
0.1726738048559795,0.998849252013809,0.590645865483714
0.1728246116724476,0.998849252013809,0.5906341336959906
0.1729754184889157,0.998849252013809,0.5902737486974714
0.1731262253053838,0.998849252013809,0.5901850053129326
0.17327703212185191,0.998849252013809,0.5901021615923057
0.17342783893832,0.998849252013809,0.5897328981677835
0.17357864575478812,0.998849252013809,0.5895541494746396
0.17372945257125622,0.998849252013809,0.5895135899308792
0.17388025938772433,0.998849252013809,0.5892624539220488
0.17403106620419243,0.998849252013809,0.5891890804353423
0.17418187302066054,0.998849252013809,0.5889612437606115
0.17433267983712863,0.998849252013809,0.5888032536726144
0.17448348665359675,0.998849252013809,0.5887268428468851
0.17463429347006484,0.998849252013809,0.5885007432512872
0.17478510028653296,0.998849252013809,0.5879966825285629
0.17493590710300105,0.998849252013809,0.5879156965689653
0.17508671391946917,0.998849252013809,0.5878223577033794
0.17523752073593726,0.998849252013809,0.5877569143146444
0.17538832755240538,0.998849252013809,0.5873947859954877
0.17553913436887347,0.998849252013809,0.5869729293502423
0.17568994118534156,0.998849252013809,0.5868813845945741
0.17584074800180968,0.998849252013809,0.5868459001353186
0.17599155481827777,0.998849252013809,0.586724316530249
0.1761423616347459,0.998849252013809,0.5867158657838142
0.17629316845121398,0.998849252013809,0.5865141623123729
0.1764439752676821,0.998849252013809,0.5862878021777862
0.1765947820841502,0.998849252013809,0.5862236771945835
0.1767455889006183,0.998849252013809,0.5861969418699494
0.1768963957170864,0.998849252013809,0.5860368597254909
0.17704720253355452,0.998849252013809,0.5857591712956934
0.1771980093500226,0.998849252013809,0.5857522085231818
0.17734881616649073,0.998849252013809,0.5857158972330742
0.17749962298295882,0.998849252013809,0.5855287047561482
0.17765042979942694,0.998849252013809,0.5852220839763197
0.17780123661589503,0.998849252013809,0.5851035284128523
0.17795204343236315,0.998849252013809,0.5850048526096825
0.17810285024883124,0.998849252013809,0.5849431115572785
0.17825365706529936,0.998849252013809,0.5846867128849347
0.17840446388176745,0.998849252013809,0.5845235861542996
0.17855527069823557,0.998849252013809,0.5843848769005612
0.17870607751470366,0.998849252013809,0.5842365423574072
0.17885688433117178,0.998849252013809,0.584020894119253
0.17900769114763987,0.998849252013809,0.583970909277769
0.179158497964108,0.998849252013809,0.5839541231824785
0.17930930478057608,0.998849252013809,0.5839436140356199
0.1794601115970442,0.998849252013809,0.5837537823119311
0.1796109184135123,0.998849252013809,0.583554478488175
0.1797617252299804,0.998849252013809,0.5834753802414406
0.1799125320464485,0.998849252013809,0.5832928638917789
0.18006333886291662,0.998849252013809,0.583283754946794
0.1802141456793847,0.998849252013809,0.583242395300614
0.18036495249585283,0.998849252013809,0.5831333574984989
0.18051575931232092,0.998849252013809,0.5830818335549479
0.180666566128789,0.998849252013809,0.5827346765043134
0.18081737294525713,0.998849252013809,0.582644689611392
0.18096817976172522,0.998849252013809,0.5824502545499851
0.18111898657819334,0.998849252013809,0.5821096509954171
0.18126979339466143,0.998849252013809,0.5819966109032984
0.18142060021112955,0.998849252013809,0.5816693527105278
0.18157140702759764,0.998849252013809,0.5816666781988298
0.18172221384406576,0.998849252013809,0.5816334453409002
0.18187302066053385,0.998849252013809,0.5815042677887851
0.18202382747700196,0.998849252013809,0.5808554597855922
0.18217463429347006,0.998849252013809,0.5807514168659045
0.18232544110993817,0.998849252013809,0.580660841212563
0.18247624792640627,0.998849252013809,0.5803699813120907
0.18262705474287438,0.998849252013809,0.5803476613733267
0.18277786155934247,0.998849252013809,0.5802822667549862
0.1829286683758106,0.998849252013809,0.5801918164635551
0.18307947519227868,0.998849252013809,0.5800166576627531
0.1832302820087468,0.998849252013809,0.5798287036964215
0.1833810888252149,0.998849252013809,0.579519340474027
0.183531895641683,0.998849252013809,0.5793751069251817
0.1836827024581511,0.998849252013809,0.5788985803064325
0.18383350927461922,0.998849252013809,0.5784151284150616
0.1839843160910873,0.998849252013809,0.5783014736633165
0.18413512290755543,0.998849252013809,0.5782898564166316
0.18428592972402352,0.998849252013809,0.5772957104578503
0.18443673654049164,0.998849252013809,0.5769851978857734
0.18458754335695973,0.998849252013809,0.5768831368765721
0.18473835017342785,0.998849252013809,0.5767400583969438
0.18488915698989594,0.998849252013809,0.5767217869323847
0.18503996380636406,0.998849252013809,0.5766691459001481
0.18519077062283215,0.998849252013809,0.5760659950323456
0.18534157743930027,0.998849252013809,0.5760503166771929
0.18549238425576836,0.998849252013809,0.5752764033105107
0.18564319107223645,0.998849252013809,0.5747405622181845
0.18579399788870457,0.998849252013809,0.5743601298799327
0.18594480470517266,0.998849252013809,0.5739355023935457
0.18609561152164078,0.998849252013809,0.5738317888164501
0.18624641833810887,0.998849252013809,0.5738269535091555
0.186397225154577,0.998849252013809,0.573740042434865
0.18654803197104508,0.998849252013809,0.5735700089295156
0.1866988387875132,0.998849252013809,0.5735254019697057
0.1868496456039813,0.998849252013809,0.5734703600953566
0.1870004524204494,0.998849252013809,0.5734525084600746
0.1871512592369175,0.998849252013809,0.5734250969912356
0.18730206605338562,0.998849252013809,0.573085835555362
0.1874528728698537,0.998849252013809,0.5730538436661751
0.18760367968632183,0.998849252013809,0.5730205442604541
0.18775448650278992,0.998849252013809,0.572613100205182
0.18790529331925804,0.998849252013809,0.5721629777768856
0.18805610013572613,0.998849252013809,0.571879959079735
0.18820690695219425,0.998849252013809,0.5716077245297694
0.18835771376866234,0.998849252013809,0.5711252021374998
0.18850852058513046,0.998849252013809,0.5704448390332977
0.18865932740159855,0.998849252013809,0.5704027372528879
0.18881013421806667,0.998849252013809,0.5703018860713859
0.18896094103453476,0.998849252013809,0.5702032651307886
0.18911174785100288,0.998849252013809,0.57014331495793
0.18926255466747097,0.998849252013809,0.5700702226771974
0.18941336148393909,0.998849252013809,0.5696208919345821
0.18956416830040718,0.998849252013809,0.5694722108994565
0.1897149751168753,0.998849252013809,0.5692245290217056
0.18986578193334339,0.998849252013809,0.5690808781504116
0.1900165887498115,0.998849252013809,0.5689005411438101
0.1901673955662796,0.998849252013809,0.568858564774134
0.1903182023827477,0.998849252013809,0.5686903749521341
0.1904690091992158,0.998849252013809,0.5686289605255822
0.1906198160156839,0.998849252013809,0.5685948012993542
0.19077062283215201,0.998849252013809,0.5685382609333383
0.1909214296486201,0.998849252013809,0.5685139836282935
0.19107223646508822,0.998849252013809,0.5684802043950556
0.19122304328155632,0.998849252013809,0.568373830021965
0.19137385009802443,0.998849252013809,0.5682711880408473
0.19152465691449252,0.998849252013809,0.5682413715928777
0.19167546373096064,0.998849252013809,0.5681861783502218
0.19182627054742873,0.998849252013809,0.5681691635012857
0.19197707736389685,0.998849252013809,0.5681409895279289
0.19212788418036494,0.998849252013809,0.567468817200334
0.19227869099683306,0.998849252013809,0.5673651538048095
0.19242949781330115,0.998849252013809,0.5672421533402989
0.19258030462976927,0.998849252013809,0.5672118657526768
0.19273111144623736,0.998849252013809,0.5667896383024775
0.19288191826270548,0.998849252013809,0.5667006103975539
0.19303272507917357,0.998849252013809,0.5663838327493397
0.1931835318956417,0.998849252013809,0.5661858773285771
0.19333433871210978,0.998849252013809,0.5661286120558893
0.1934851455285779,0.998849252013809,0.5660752723429117
0.193635952345046,0.998849252013809,0.5659949276251038
0.1937867591615141,0.998849252013809,0.5659181729251918
0.1939375659779822,0.998849252013809,0.5658976637318277
0.19408837279445032,0.998849252013809,0.5657867153254098
0.1942391796109184,0.998849252013809,0.5657718014511183
0.19438998642738653,0.998849252013809,0.5655197272161535
0.19454079324385462,0.998849252013809,0.5654519422700895
0.19469160006032274,0.998849252013809,0.5654180342925559
0.19484240687679083,0.998849252013809,0.5652381646817893
0.19499321369325895,0.998849252013809,0.5651491331296797
0.19514402050972704,0.998849252013809,0.5650567180224564
0.19529482732619513,0.998849252013809,0.5649510434479516
0.19544563414266325,0.998849252013809,0.5649377016889936
0.19559644095913134,0.998849252013809,0.5647640025712768
0.19574724777559946,0.998849252013809,0.5645600925869231
0.19589805459206755,0.998849252013809,0.5644406341544844
0.19604886140853567,0.998849252013809,0.5641249257200807
0.19619966822500376,0.998849252013809,0.5640417448621069
0.19635047504147188,0.998849252013809,0.5640267287537811
0.19650128185793997,0.998849252013809,0.5637667428337604
0.1966520886744081,0.998849252013809,0.563479071844364
0.19680289549087618,0.998849252013809,0.5632109187278175
0.1969537023073443,0.998849252013809,0.563121924983233
0.1971045091238124,0.998849252013809,0.5630133239765984
0.1972553159402805,0.998849252013809,0.562813820489096
0.1974061227567486,0.998849252013809,0.5623007292314245
0.19755692957321672,0.998849252013809,0.5620676765404228
0.1977077363896848,0.998849252013809,0.5619098091714931
0.19785854320615293,0.998849252013809,0.5615867083052114
0.19800935002262102,0.998849252013809,0.5614789061278986
0.19816015683908914,0.998849252013809,0.5614389241489163
0.19831096365555723,0.998849252013809,0.5613312492240513
0.19846177047202535,0.998849252013809,0.5612757807459186
0.19861257728849344,0.998849252013809,0.5612633525907752
0.19876338410496155,0.998849252013809,0.5607762699765467
0.19891419092142965,0.998849252013809,0.5607585773668136
0.19906499773789776,0.998849252013809,0.5607210080228372
0.19921580455436586,0.998849252013809,0.56059038014461
0.19936661137083397,0.998849252013809,0.5603189338877038
0.19951741818730206,0.998849252013809,0.5601596675921181
0.19966822500377018,0.998849252013809,0.5600774313922322
0.19981903182023827,0.998849252013809,0.5600293945247625
0.1999698386367064,0.998849252013809,0.5600139609960566
0.20012064545317448,0.998849252013809,0.5599990302413356
0.20027145226964257,0.998849252013809,0.5599864009924004
0.2004222590861107,0.998849252013809,0.5594755292814007
0.20057306590257878,0.998849252013809,0.5594365777414807
0.2007238727190469,0.998849252013809,0.5589391150885933
0.200874679535515,0.998849252013809,0.5588689126579491
0.2010254863519831,0.998849252013809,0.5588596003690228
0.2011762931684512,0.998849252013809,0.5584385892189752
0.20132709998491932,0.998849252013809,0.558297411590311
0.2014779068013874,0.998849252013809,0.5582088884150364
0.20162871361785553,0.998849252013809,0.5579643927569249
0.20177952043432362,0.998849252013809,0.5579072438733933
0.20193032725079174,0.998849252013809,0.5576370033502054
0.20208113406725983,0.998849252013809,0.5568354365864663
0.20223194088372795,0.998849252013809,0.5561641997248121
0.20238274770019604,0.998849252013809,0.5559310797943504
0.20253355451666416,0.998849252013809,0.5558574024832398
0.20268436133313225,0.998849252013809,0.5558083276703699
0.20283516814960037,0.998849252013809,0.5552990936665424
0.20298597496606846,0.998849252013809,0.5549301257827424
0.20313678178253658,0.998849252013809,0.5548970843921459
0.20328758859900467,0.998849252013809,0.554744438222718
0.2034383954154728,0.998849252013809,0.5544360487719519
0.20358920223194088,0.998849252013809,0.5541137141913683
0.203740009048409,0.998849252013809,0.5540952906806935
0.2038908158648771,0.998849252013809,0.553882068430324
0.2040416226813452,0.998849252013809,0.5538036588165886
0.2041924294978133,0.998849252013809,0.5537041553077181
0.20434323631428142,0.998849252013809,0.5536379626827732
0.2044940431307495,0.998849252013809,0.5531092497659362
0.20464484994721763,0.998849252013809,0.5529501364841096
0.20479565676368572,0.998849252013809,0.5526418164652737
0.2049464635801538,0.998849252013809,0.552430848304315
0.20509727039662193,0.998849252013809,0.5522261512189032
0.20524807721309002,0.998849252013809,0.5522118370000763
0.20539888402955814,0.998849252013809,0.551901806276758
0.20554969084602623,0.998849252013809,0.5517728774672017
0.20570049766249435,0.998849252013809,0.5516201992840466
0.20585130447896244,0.998849252013809,0.5514669095446518
0.20600211129543056,0.998849252013809,0.5514572872227376
0.20615291811189865,0.998849252013809,0.5514165721842994
0.20630372492836677,0.998849252013809,0.5513701377165666
0.20645453174483486,0.998849252013809,0.5513651977880362
0.20660533856130298,0.998849252013809,0.5511843283391296
0.20675614537777107,0.998849252013809,0.5509725181441999
0.20690695219423919,0.998849252013809,0.5506558027715445
0.20705775901070728,0.998849252013809,0.5505564745927182
0.2072085658271754,0.998849252013809,0.5498351453171146
0.20735937264364349,0.998849252013809,0.5497201392024376
0.2075101794601116,0.998849252013809,0.5492948636488121
0.2076609862765797,0.998849252013809,0.5492347284162782
0.20781179309304781,0.998849252013809,0.5490780126326962
0.2079625999095159,0.998849252013809,0.5488088041220279
0.20811340672598402,0.998849252013809,0.5487646774183637
0.20826421354245211,0.998849252013809,0.5485497755345263
0.20841502035892023,0.998849252013809,0.5483836525845698
0.20856582717538832,0.998849252013809,0.548368718185006
0.20871663399185644,0.998849252013809,0.5483439757245206
0.20886744080832453,0.998849252013809,0.5481343840820123
0.20901824762479265,0.998849252013809,0.5480632297787377
0.20916905444126074,0.998849252013809,0.5479722669451148
0.20931986125772886,0.998849252013809,0.5479187240809773
0.20947066807419695,0.998849252013809,0.547829735519108
0.20962147489066507,0.998849252013809,0.5477268716013193
0.20977228170713316,0.998849252013809,0.5477156141088271
0.20992308852360125,0.998849252013809,0.5475863344543642
0.21007389534006937,0.998849252013809,0.5475532505213223
0.21022470215653746,0.998849252013809,0.5475416520939368
0.21037550897300558,0.998849252013809,0.5473064634791801
0.21052631578947367,0.998849252013809,0.5468546218094532
0.2106771226059418,0.998849252013809,0.5468388886457346
0.21082792942240988,0.998849252013809,0.5467812513905016
0.210978736238878,0.998849252013809,0.5464211460595741
0.2111295430553461,0.998849252013809,0.5462458814471113
0.2112803498718142,0.998849252013809,0.5461995192203868
0.2114311566882823,0.998849252013809,0.5455694671805225
0.21158196350475042,0.998849252013809,0.5454901311498093
0.2117327703212185,0.998849252013809,0.5452878859539513
0.21188357713768663,0.998849252013809,0.5451680203698057
0.21203438395415472,0.998849252013809,0.5450399221937214
0.21218519077062284,0.998849252013809,0.5450121326195925
0.21233599758709093,0.998849252013809,0.5444965015497971
0.21248680440355905,0.998849252013809,0.5442798038285933
0.21263761122002714,0.998849252013809,0.5437449754092101
0.21278841803649526,0.998849252013809,0.5436390391105013
0.21293922485296335,0.998849252013809,0.5433830528732312
0.21309003166943147,0.998849252013809,0.5430459618264274
0.21324083848589956,0.998849252013809,0.542959263315129
0.21339164530236768,0.998849252013809,0.5429352895362313
0.21354245211883577,0.998849252013809,0.5427632071630778
0.2136932589353039,0.998849252013809,0.5425401829371057
0.21384406575177198,0.998849252013809,0.5425013530639806
0.2139948725682401,0.998849252013809,0.5424193400136091
0.2141456793847082,0.998849252013809,0.5424055613843134
0.2142964862011763,0.998849252013809,0.542296891362964
0.2144472930176444,0.998849252013809,0.542158031095929
0.21459809983411252,0.998849252013809,0.5420930910699846
0.2147489066505806,0.998849252013809,0.5417565509260885
0.2148997134670487,0.998849252013809,0.5417550859498007
0.21505052028351682,0.998849252013809,0.5415928016480483
0.2152013270999849,0.998849252013809,0.5412059685235185
0.21535213391645303,0.998849252013809,0.5411785474063847
0.21550294073292112,0.998849252013809,0.5409866251840807
0.21565374754938924,0.998849252013809,0.5409546098325182
0.21580455436585733,0.998849252013809,0.5408635070914055
0.21595536118232544,0.998849252013809,0.5408339568144506
0.21610616799879354,0.998849252013809,0.5407703726236122
0.21625697481526165,0.998849252013809,0.5403500842261242
0.21640778163172975,0.998849252013809,0.5402446200230321
0.21655858844819786,0.998849252013809,0.5400061722057232
0.21670939526466595,0.998849252013809,0.5399463931090749
0.21686020208113407,0.998849252013809,0.5394894540736845
0.21701100889760216,0.998849252013809,0.5392840424894606
0.21716181571407028,0.998849252013809,0.539248522814717
0.21731262253053837,0.998849252013809,0.5391880847090363
0.2174634293470065,0.998849252013809,0.5391606293070896
0.21761423616347458,0.998849252013809,0.5389126801076749
0.2177650429799427,0.998849252013809,0.5388270204435943
0.2179158497964108,0.998849252013809,0.5388177792690554
0.2180666566128789,0.998849252013809,0.5381473328005608
0.218217463429347,0.998849252013809,0.5380531849407147
0.21836827024581512,0.998849252013809,0.5380472856740761
0.2185190770622832,0.998849252013809,0.5378792565544588
0.21866988387875133,0.998849252013809,0.5377892326210078
0.21882069069521942,0.998849252013809,0.5375636467020007
0.21897149751168754,0.998849252013809,0.5375497346225471
0.21912230432815563,0.998849252013809,0.53741012752905
0.21927311114462375,0.998849252013809,0.537037329465537
0.21942391796109184,0.998849252013809,0.5370318517131825
0.21957472477755993,0.998849252013809,0.5368844497520361
0.21972553159402805,0.998849252013809,0.5368355035826312
0.21987633841049614,0.998849252013809,0.5367071289578147
0.22002714522696426,0.998849252013809,0.5366993865627161
0.22017795204343235,0.998849252013809,0.5362058558336082
0.22032875885990047,0.998849252013809,0.5360752939778776
0.22047956567636856,0.998849252013809,0.5360543261956665
0.22063037249283668,0.998849252013809,0.5359849836479822
0.22078117930930477,0.998849252013809,0.5359204438445664
0.2209319861257729,0.998849252013809,0.5359151280640873
0.22108279294224098,0.998849252013809,0.5359115237384
0.2212335997587091,0.998849252013809,0.535858689149883
0.2213844065751772,0.998849252013809,0.5358126971634953
0.2215352133916453,0.998849252013809,0.5357961640811305
0.2216860202081134,0.998849252013809,0.5354651040652153
0.22183682702458152,0.998849252013809,0.535419848360616
0.2219876338410496,0.998849252013809,0.5352571788655333
0.22213844065751773,0.998849252013809,0.5352253724790178
0.22228924747398582,0.998849252013809,0.5350955378104015
0.22244005429045394,0.998849252013809,0.5350880398914548
0.22259086110692203,0.998849252013809,0.5350693700605187
0.22274166792339015,0.998849252013809,0.5346812143232444
0.22289247473985824,0.998849252013809,0.5346795335122094
0.22304328155632636,0.998849252013809,0.5346431176202043
0.22319408837279445,0.998849252013809,0.5345768468360675
0.22334489518926257,0.998849252013809,0.5344620517285862
0.22349570200573066,0.998849252013809,0.5344314233387971
0.22364650882219878,0.998849252013809,0.5342566432641387
0.22379731563866687,0.998849252013809,0.5342511096828955
0.22394812245513498,0.998849252013809,0.5342496067402837
0.22409892927160308,0.998849252013809,0.5341541042382484
0.2242497360880712,0.998849252013809,0.5338908167401586
0.22440054290453929,0.998849252013809,0.5337870645139109
0.22455134972100738,0.998849252013809,0.5337132863404541
0.2247021565374755,0.998849252013809,0.5335429193070977
0.22485296335394359,0.998849252013809,0.5335080160582807
0.2250037701704117,0.998849252013809,0.5333716797636129
0.2251545769868798,0.998849252013809,0.5332133979768784
0.22530538380334791,0.998849252013809,0.5331952431577136
0.225456190619816,0.998849252013809,0.5327527051904823
0.22560699743628412,0.998849252013809,0.5325492028489309
0.22575780425275221,0.998849252013809,0.5325365268384167
0.22590861106922033,0.998849252013809,0.5325183012066602
0.22605941788568842,0.998849252013809,0.5322728351051896
0.22621022470215654,0.998849252013809,0.5321560656445308
0.22636103151862463,0.998849252013809,0.5321549156573212
0.22651183833509275,0.998849252013809,0.5321075921704129
0.22666264515156084,0.998849252013809,0.5320788587839931
0.22681345196802896,0.998849252013809,0.5319235962022641
0.22696425878449705,0.998849252013809,0.5318606474646643
0.22711506560096517,0.998849252013809,0.5317541663266696
0.22726587241743326,0.998849252013809,0.5316369051175656
0.22741667923390138,0.998849252013809,0.5315273027119116
0.22756748605036947,0.998849252013809,0.5314450133436877
0.2277182928668376,0.998849252013809,0.5313403767801144
0.22786909968330568,0.998849252013809,0.5312753202802244
0.2280199064997738,0.998849252013809,0.5311167283044708
0.2281707133162419,0.998849252013809,0.5309520786157282
0.22832152013271,0.998849252013809,0.5308406282337984
0.2284723269491781,0.998849252013809,0.5305804127637999
0.22862313376564622,0.998849252013809,0.5305608586795352
0.2287739405821143,0.998849252013809,0.5303785674306187
0.22892474739858243,0.998849252013809,0.5301960816586082
0.22907555421505052,0.998849252013809,0.5298969383528102
0.22922636103151864,0.998849252013809,0.5298909702168938
0.22937716784798673,0.998849252013809,0.5296107819645246
0.22952797466445482,0.998849252013809,0.5295675536958858
0.22967878148092294,0.998849252013809,0.5295389614057943
0.22982958829739103,0.998849252013809,0.5293241218671183
0.22998039511385915,0.998849252013809,0.5291622802016337
0.23013120193032724,0.998849252013809,0.5291544654956322
0.23028200874679536,0.998849252013809,0.5291057912115759
0.23043281556326345,0.998849252013809,0.5289381954518465
0.23058362237973157,0.998849252013809,0.5289269964476504
0.23073442919619966,0.998849252013809,0.5288412536315072
0.23088523601266778,0.998849252013809,0.5288143985893321
0.23103604282913587,0.998849252013809,0.5287989075803784
0.231186849645604,0.998849252013809,0.5286696983148034
0.23133765646207208,0.998849252013809,0.5286205710790423
0.2314884632785402,0.998849252013809,0.5284032015870628
0.2316392700950083,0.998849252013809,0.5282769951115741
0.2317900769114764,0.998849252013809,0.5282297515459159
0.2319408837279445,0.998849252013809,0.5280080312766157
0.23209169054441262,0.998849252013809,0.5279670257069252
0.2322424973608807,0.998849252013809,0.5279058837580012
0.23239330417734883,0.998849252013809,0.5278243156816074
0.23254411099381692,0.998849252013809,0.5276907310437865
0.23269491781028503,0.998849252013809,0.5275556921508835
0.23284572462675313,0.998849252013809,0.527549375880805
0.23299653144322124,0.998849252013809,0.5274157073843814
0.23314733825968934,0.998849252013809,0.527330493359491
0.23329814507615745,0.998849252013809,0.5271109790022933
0.23344895189262554,0.998849252013809,0.5270983574155071
0.23359975870909366,0.998849252013809,0.5270876515616135
0.23375056552556175,0.998849252013809,0.5268633816535252
0.23390137234202987,0.998849252013809,0.5267276517023906
0.23405217915849796,0.998849252013809,0.5266154263792515
0.23420298597496605,0.998849252013809,0.5265905841103938
0.23435379279143417,0.998849252013809,0.5265735038045425
0.23450459960790226,0.998849252013809,0.5265601113201067
0.23465540642437038,0.998849252013809,0.5264708640140177
0.23480621324083847,0.998849252013809,0.5262425983278973
0.23480621324083847,1.0,0.5262181850977324
0.2349570200573066,1.0,0.5259024852783106
0.23510782687377468,1.0,0.5258777533948933
0.2352586336902428,1.0,0.5256258181561512
0.2354094405067109,1.0,0.5255255130597495
0.235560247323179,1.0,0.5253850892198559
0.2357110541396471,1.0,0.5252950601448348
0.23586186095611522,1.0,0.5252808186457707
0.2360126677725833,1.0,0.5252262151353265
0.23616347458905143,1.0,0.5248539009277035
0.23631428140551952,1.0,0.5247629795226316
0.23646508822198764,1.0,0.524576016419897
0.23661589503845573,1.0,0.5243447499101362
0.23676670185492385,1.0,0.5241652345576218
0.23691750867139194,1.0,0.5241648732626306
0.23706831548786006,1.0,0.524018496265427
0.23721912230432815,1.0,0.523958870367403
0.23736992912079627,1.0,0.5235953009249166
0.23752073593726436,1.0,0.5233809311386147
0.23767154275373248,1.0,0.523304998785976
0.23782234957020057,1.0,0.5232350627459511
0.2379731563866687,1.0,0.523178074571679
0.23812396320313678,1.0,0.5230410293899571
0.2382747700196049,1.0,0.5226252533882121
0.238425576836073,1.0,0.522608317842695
0.2385763836525411,1.0,0.522489374460618
0.2387271904690092,1.0,0.5222958292064873
0.23887799728547732,1.0,0.5218775270597313
0.2390288041019454,1.0,0.5218509937120863
0.2391796109184135,1.0,0.5216252900242179
0.23933041773488162,1.0,0.5212770514791123
0.2394812245513497,1.0,0.521267201891751
0.23963203136781783,1.0,0.52114319096539
0.23978283818428592,1.0,0.520884349258032
0.23993364500075404,1.0,0.5206050790285611
0.24008445181722213,1.0,0.5204561212467688
0.24023525863369025,1.0,0.5201797416369252
0.24038606545015834,1.0,0.5201539073328292
0.24053687226662646,1.0,0.520040278664503
0.24068767908309455,1.0,0.5199624470502349
0.24083848589956267,1.0,0.5198531049755811
0.24098929271603076,1.0,0.5197145410457856
0.24114009953249887,1.0,0.519711817660286
0.24129090634896697,1.0,0.5196455158992294
0.24144171316543508,1.0,0.5195024786338799
0.24159251998190318,1.0,0.5193577958029159
0.2417433267983713,1.0,0.5193497813464515
0.24189413361483939,1.0,0.5192222351021623
0.2420449404313075,1.0,0.5191890754775158
0.2421957472477756,1.0,0.5191498620771752
0.2423465540642437,1.0,0.5191235440821629
0.2424973608807118,1.0,0.5191217455674048
0.24264816769717992,1.0,0.518978971457068
0.242798974513648,1.0,0.5183574660187594
0.24294978133011613,1.0,0.5183326982680747
0.24310058814658422,1.0,0.5179106225529969
0.24325139496305234,1.0,0.5178934801554061
0.24340220177952043,1.0,0.5178131155057721
0.24355300859598855,1.0,0.5175314381260058
0.24370381541245664,1.0,0.5173979673909843
0.24385462222892476,1.0,0.5173006029557045
0.24400542904539285,1.0,0.5172411686272752
0.24415623586186094,1.0,0.517075018170274
0.24430704267832906,1.0,0.5168607575307463
0.24445784949479715,1.0,0.5167396245672947
0.24460865631126527,1.0,0.5166201774403165
0.24475946312773336,1.0,0.516576156965363
0.24491026994420148,1.0,0.5161355001931471
0.24506107676066957,1.0,0.5161078219106876
0.2452118835771377,1.0,0.5160864650070238
0.24536269039360578,1.0,0.515876265412118
0.2455134972100739,1.0,0.5158687319310408
0.245664304026542,1.0,0.5158483165617368
0.2458151108430101,1.0,0.515816827137068
0.2459659176594782,1.0,0.5153206911112538
0.24611672447594632,1.0,0.5150872982102491
0.2462675312924144,1.0,0.515024989686451
0.24641833810888253,1.0,0.51502021938156
0.24656914492535062,1.0,0.5147240977113057
0.24671995174181874,1.0,0.5147132543352332
0.24687075855828683,1.0,0.5145955041615977
0.24702156537475495,1.0,0.5143704645780903
0.24717237219122304,1.0,0.5143693420277733
0.24732317900769116,1.0,0.5143498516715702
0.24747398582415925,1.0,0.5143460698026303
0.24762479264062737,1.0,0.5141520260666619
0.24777559945709546,1.0,0.51400115637887
0.24792640627356358,1.0,0.5139540409832677
0.24807721309003167,1.0,0.5138718014177883
0.24822801990649979,1.0,0.5135276071509786
0.24837882672296788,1.0,0.5135216998144476
0.248529633539436,1.0,0.5134990858608018
0.2486804403559041,1.0,0.5134446596833929
0.24883124717237218,1.0,0.5133771978802713
0.2489820539888403,1.0,0.5133082693269213
0.2491328608053084,1.0,0.5132995712091142
0.2492836676217765,1.0,0.5130869214249831
0.2494344744382446,1.0,0.5129796118195469
0.24958528125471272,1.0,0.5128816399901198
0.2497360880711808,1.0,0.5126811458339172
0.24988689488764892,1.0,0.5126507487661154
0.25003770170411704,1.0,0.5125773024380983
0.2501885085205851,1.0,0.5125604934691887
0.2503393153370532,1.0,0.5124622693512773
0.25049012215352134,1.0,0.5124284866299257
0.25064092896998946,1.0,0.5121088912740767
0.2507917357864575,1.0,0.512106067018256
0.25094254260292564,1.0,0.5120133332669682
0.25109334941939376,1.0,0.511513443160092
0.2512441562358619,1.0,0.5110685759409003
0.25139496305232994,1.0,0.511000652031065
0.25154576986879806,1.0,0.5107188707752306
0.2516965766852662,1.0,0.5105250922651244
0.2518473835017343,1.0,0.5102774718895775
0.25199819031820236,1.0,0.5101594711598347
0.2521489971346705,1.0,0.5100197474739605
0.2522998039511386,1.0,0.5099483505701442
0.2524506107676067,1.0,0.5097545448981707
0.2526014175840748,1.0,0.5095557919103362
0.2527522244005429,1.0,0.5088226523797512
0.252903031217011,1.0,0.5083807662822054
0.25305383803347914,1.0,0.5082440929874631
0.2532046448499472,1.0,0.508232623926229
0.2533554516664153,1.0,0.5081688918322781
0.25350625848288344,1.0,0.5080961853437432
0.25365706529935156,1.0,0.5078679888688425
0.2538078721158196,1.0,0.5077429026020834
0.25395867893228774,1.0,0.5075539875385229
0.25410948574875586,1.0,0.5075143328903459
0.2542602925652239,1.0,0.5074611927129485
0.25441109938169204,1.0,0.5074448180206975
0.25456190619816016,1.0,0.5071529283090429
0.2547127130146283,1.0,0.5070364242858864
0.25486351983109634,1.0,0.5069730638932275
0.25501432664756446,1.0,0.5065144907060513
0.2551651334640326,1.0,0.5063636151798794
0.2553159402805007,1.0,0.5062316174177348
0.25546674709696876,1.0,0.50620446089355
0.2556175539134369,1.0,0.5060234408073983
0.255768360729905,1.0,0.5058608886979271
0.2559191675463731,1.0,0.5057105720347775
0.2560699743628412,1.0,0.5056804226119915
0.2562207811793093,1.0,0.5053484820813554
0.2563715879957774,1.0,0.5049457667312414
0.25652239481224554,1.0,0.5047988690139447
0.2566732016287136,1.0,0.504655249695443
0.2568240084451817,1.0,0.5046323581739767
0.25697481526164984,1.0,0.5046053558664466
0.25712562207811795,1.0,0.5046038712509511
0.257276428894586,1.0,0.504557668480824
0.25742723571105414,1.0,0.5045064645698457
0.25757804252752226,1.0,0.5043900087763399
0.2577288493439904,1.0,0.5043637706742526
0.25787965616045844,1.0,0.5043634938465126
0.25803046297692656,1.0,0.504236034204242
0.2581812697933947,1.0,0.5040655953283714
0.2583320766098628,1.0,0.5039029436896536
0.25848288342633086,1.0,0.5035240683770091
0.258633690242799,1.0,0.5034815951243036
0.2587844970592671,1.0,0.5032701849741334
0.25893530387573516,1.0,0.5032640429971693
0.2590861106922033,1.0,0.5029742991961811
0.2592369175086714,1.0,0.5029709357306916
0.2593877243251395,1.0,0.5028648312471465
0.2595385311416076,1.0,0.5027662856495501
0.2596893379580757,1.0,0.5022847588275414
0.2598401447745438,1.0,0.5021848195709353
0.25999095159101193,1.0,0.5021732484275964
0.26014175840748,1.0,0.5020558678912427
0.2602925652239481,1.0,0.5016978989251777
0.26044337204041623,1.0,0.5016731683149529
0.26059417885688435,1.0,0.5015943470705602
0.2607449856733524,1.0,0.5015928478507014
0.26089579248982053,1.0,0.5014626958103524
0.26104659930628865,1.0,0.5014488518305948
0.26119740612275677,1.0,0.5013919611508577
0.26134821293922483,1.0,0.5010282241826506
0.26149901975569295,1.0,0.5009225765986685
0.26164982657216107,1.0,0.5009163019351791
0.2618006333886292,1.0,0.5008702177345071
0.26195144020509725,1.0,0.5007324329929775
0.26210224702156537,1.0,0.5005822421417525
0.2622530538380335,1.0,0.5005385512919882
0.2624038606545016,1.0,0.5002863059166563
0.26255466747096967,1.0,0.5002418429681151
0.2627054742874378,1.0,0.500166436508589
0.2628562811039059,1.0,0.5001523172913559
0.263007087920374,1.0,0.4998003800057554
0.2631578947368421,1.0,0.4997414959066735
0.2633087015533102,1.0,0.4996781886518055
0.26345950836977833,1.0,0.4996217246949149
0.2636103151862464,1.0,0.4993061154288815
0.2637611220027145,1.0,0.4991024013147589
0.26391192881918263,1.0,0.4990160115426931
0.26406273563565075,1.0,0.4988903374901572
0.2642135424521188,1.0,0.4987724756236968
0.26436434926858693,1.0,0.4987692783076968
0.26451515608505505,1.0,0.4985751357706919
0.26466596290152317,1.0,0.4979050872313764
0.26481676971799123,1.0,0.4978609204779348
0.26496757653445935,1.0,0.4977279560819761
0.26511838335092747,1.0,0.4973283042866421
0.2652691901673956,1.0,0.4972232521459712
0.26541999698386365,1.0,0.4971903714444414
0.26557080380033177,1.0,0.497053374069119
0.2657216106167999,1.0,0.4968416640359482
0.265872417433268,1.0,0.4968007424447371
0.26602322424973607,1.0,0.4967877570366038
0.2661740310662042,1.0,0.4964858042384141
0.2663248378826723,1.0,0.4964078580176703
0.2664756446991404,1.0,0.4962140707925938
0.2666264515156085,1.0,0.4958821410970105
0.2667772583320766,1.0,0.4958748040456623
0.2669280651485447,1.0,0.4958115760897524
0.26707887196501284,1.0,0.4956520507231978
0.2672296787814809,1.0,0.4953684127290998
0.267380485597949,1.0,0.4949737563060949
0.26753129241441714,1.0,0.4949452146030536
0.26768209923088526,1.0,0.4948552424097975
0.2678329060473533,1.0,0.494851221367083
0.26798371286382144,1.0,0.494478664439812
0.26813451968028956,1.0,0.4944217304517343
0.2682853264967577,1.0,0.4943889735424226
0.26843613331322574,1.0,0.4943132631432181
0.26858694012969386,1.0,0.4942082361697117
0.268737746946162,1.0,0.4941539915818133
0.26888855376263004,1.0,0.4940002934823947
0.26903936057909816,1.0,0.4937960108659772
0.2691901673955663,1.0,0.4936673439233299
0.2693409742120344,1.0,0.4935472594961697
0.26949178102850246,1.0,0.4934952434455887
0.2696425878449706,1.0,0.4932094931217552
0.2697933946614387,1.0,0.4931758297977634
0.2699442014779068,1.0,0.4931430615081165
0.2700950082943749,1.0,0.4930179046380576
0.270245815110843,1.0,0.4929580951117442
0.2703966219273111,1.0,0.4925180204153375
0.27054742874377924,1.0,0.4924115401452641
0.2706982355602473,1.0,0.4921003193842317
0.2708490423767154,1.0,0.4920632835411082
0.27099984919318354,1.0,0.4919900209007046
0.27115065600965166,1.0,0.4917291160272113
0.2713014628261197,1.0,0.4916019696281437
0.27145226964258784,1.0,0.4914055703877716
0.27160307645905596,1.0,0.4912921250908007
0.2717538832755241,1.0,0.4911953351253251
0.27190469009199214,1.0,0.4911064613589193
0.27205549690846026,1.0,0.491089900730549
0.2722063037249284,1.0,0.4907976251945036
0.2723571105413965,1.0,0.4906454138700128
0.27250791735786456,1.0,0.4905826774833984
0.2726587241743327,1.0,0.4904103097710739
0.2728095309908008,1.0,0.4903240175033363
0.2729603378072689,1.0,0.4903207660064976
0.273111144623737,1.0,0.4903134113668015
0.2732619514402051,1.0,0.4903078320165125
0.2734127582566732,1.0,0.4902814077744872
0.2735635650731413,1.0,0.4899671668911023
0.2737143718896094,1.0,0.4899513430751243
0.2738651787060775,1.0,0.4898183081960315
0.27401598552254564,1.0,0.4898084725921481
0.2741667923390137,1.0,0.4896569723012688
0.2743175991554818,1.0,0.4894956626287758
0.27446840597194994,1.0,0.4894052361292265
0.27461921278841805,1.0,0.489245617794545
0.2747700196048861,1.0,0.4892231778353387
0.27492082642135424,1.0,0.4891802079873757
0.27507163323782235,1.0,0.4888866958388723
0.2752224400542905,1.0,0.4887704932804788
0.27537324687075854,1.0,0.4887679521534425
0.27552405368722666,1.0,0.4887545749422117
0.2756748605036948,1.0,0.4887204199527328
0.2758256673201629,1.0,0.4886967728353382
0.27597647413663096,1.0,0.4885384129950092
0.2761272809530991,1.0,0.4884372300000551
0.2762780877695672,1.0,0.4883589568778217
0.2764288945860353,1.0,0.4883582781429336
0.2765797014025034,1.0,0.4883366536785232
0.2767305082189715,1.0,0.4880304010427432
0.2768813150354396,1.0,0.4876865180507957
0.27703212185190773,1.0,0.4876087001929305
0.2771829286683758,1.0,0.4873042667794272
0.2773337354848439,1.0,0.4872888862367062
0.27748454230131203,1.0,0.4872658290899054
0.27763534911778015,1.0,0.4872447176958778
0.2777861559342482,1.0,0.4870644388731739
0.27793696275071633,1.0,0.4870390064816741
0.27808776956718445,1.0,0.4869893146420383
0.2782385763836525,1.0,0.4869667301384051
0.27838938320012063,1.0,0.486508732792857
0.27854019001658875,1.0,0.4864697685410688
0.27869099683305687,1.0,0.4864695471210534
0.27884180364952493,1.0,0.486263574125742
0.27899261046599305,1.0,0.4861590495112894
0.27914341728246117,1.0,0.485916237883658
0.2792942240989293,1.0,0.4858379307326558
0.27944503091539735,1.0,0.4854794579187145
0.27959583773186547,1.0,0.4854576593353682
0.2797466445483336,1.0,0.4850510408854704
0.2798974513648017,1.0,0.484876305523089
0.28004825818126977,1.0,0.4848213549397263
0.2801990649977379,1.0,0.4847690609462118
0.280349871814206,1.0,0.4843489569029746
0.2805006786306741,1.0,0.4842225152330407
0.2806514854471422,1.0,0.4839533532599803
0.2808022922636103,1.0,0.4838153148869428
0.28095309908007843,1.0,0.4836480887709686
0.28110390589654655,1.0,0.4834631902807755
0.2812547127130146,1.0,0.4833980198039427
0.28140551952948273,1.0,0.4833342485023704
0.28155632634595085,1.0,0.4831661207443939
0.28170713316241897,1.0,0.4830263633997561
0.28185793997888703,1.0,0.4828072217313781
0.28200874679535515,1.0,0.4827706545997307
0.28215955361182327,1.0,0.4826301939043609
0.2823103604282914,1.0,0.4824595553342834
0.28246116724475945,1.0,0.4824414373990071
0.28261197406122757,1.0,0.4824306045243692
0.2827627808776957,1.0,0.4822936856942701
0.2829135876941638,1.0,0.4820842469149283
0.28306439451063187,1.0,0.4818531676269
0.2832152013271,1.0,0.4816351242088714
0.2833660081435681,1.0,0.4816070032534245
0.28351681496003617,1.0,0.4815539885772223
0.2836676217765043,1.0,0.4813516660232743
0.2838184285929724,1.0,0.4812576519699291
0.2839692354094405,1.0,0.4812518148488897
0.2841200422259086,1.0,0.4809736031230048
0.2842708490423767,1.0,0.4809174726293565
0.2844216558588448,1.0,0.4808692061724493
0.28457246267531294,1.0,0.4806497492196527
0.284723269491781,1.0,0.4806487509059807
0.2848740763082491,1.0,0.4803346849202666
0.28502488312471724,1.0,0.4802616057678173
0.28517568994118536,1.0,0.4802083687204748
0.2853264967576534,1.0,0.4800181219941651
0.28547730357412154,1.0,0.4800137226096535
0.28562811039058966,1.0,0.479823127622651
0.2857789172070578,1.0,0.4795176787758159
0.28592972402352584,1.0,0.4794154163774077
0.28608053083999396,1.0,0.4788786521282793
0.2862313376564621,1.0,0.4788016614797761
0.2863821444729302,1.0,0.478415569940936
0.28653295128939826,1.0,0.4782525490330286
0.2866837581058664,1.0,0.4782476877376854
0.2868345649223345,1.0,0.4781494267345278
0.2869853717388026,1.0,0.4780276367121479
0.2871361785552707,1.0,0.4777127559923145
0.2872869853717388,1.0,0.477522261011798
0.2874377921882069,1.0,0.4774441576896015
0.28758859900467504,1.0,0.477344513518541
0.2877394058211431,1.0,0.4773430311500681
0.2878902126376112,1.0,0.4772903712268748
0.28804101945407934,1.0,0.47712405179024
0.2881918262705474,1.0,0.4771055000212356
0.2883426330870155,1.0,0.4769287749249374
0.28849343990348364,1.0,0.4767637972827367
0.28864424671995176,1.0,0.4767061234118445
0.2887950535364198,1.0,0.4766493037494894
0.28894586035288794,1.0,0.4765282750317327
0.28909666716935606,1.0,0.4764888259462261
0.2892474739858242,1.0,0.4763674378450679
0.28939828080229224,1.0,0.4760582608784421
0.28954908761876036,1.0,0.4758905410017801
0.2896998944352285,1.0,0.4758529483807295
0.2898507012516966,1.0,0.4758289835722346
0.29000150806816466,1.0,0.4757244250138753
0.2901523148846328,1.0,0.4756795408824386
0.2903031217011009,1.0,0.4755250174600295
0.290453928517569,1.0,0.4753311609099574
0.2906047353340371,1.0,0.4753294046206037
0.2907555421505052,1.0,0.4752502171229477
0.2909063489669733,1.0,0.4751941016089224
0.29105715578344143,1.0,0.4751509620878825
0.2912079625999095,1.0,0.4750361253571161
0.2913587694163776,1.0,0.4746990066599161
0.29150957623284574,1.0,0.4742839568205845
0.29166038304931385,1.0,0.4739386341828427
0.2918111898657819,1.0,0.4736679395052526
0.29196199668225004,1.0,0.4736033155395499
0.29211280349871815,1.0,0.4735263088242195
0.2922636103151863,1.0,0.4733977241630666
0.29241441713165434,1.0,0.4732977038688558
0.29256522394812245,1.0,0.4731714387902038
0.2927160307645906,1.0,0.4731393737794899
0.29286683758105864,1.0,0.4730312630296009
0.29301764439752676,1.0,0.4729185793755718
0.2931684512139949,1.0,0.4728737991900048
0.293319258030463,1.0,0.4728436294204136
0.29347006484693106,1.0,0.4725972637502114
0.2936208716633992,1.0,0.4724121924997824
0.2937716784798673,1.0,0.4722660904342836
0.2939224852963354,1.0,0.472078330385856
0.2940732921128035,1.0,0.4720367333509936
0.2942240989292716,1.0,0.4719548870055269
0.2943749057457397,1.0,0.471932455445092
0.29452571256220783,1.0,0.4719221161199223
0.2946765193786759,1.0,0.4717020777773686
0.294827326195144,1.0,0.4716683972654711
0.29497813301161213,1.0,0.4716161673600959
0.29512893982808025,1.0,0.4716061664995599
0.2952797466445483,1.0,0.4715086071985218
0.29543055346101643,1.0,0.471479931328139
0.29558136027748455,1.0,0.4714289848527032
0.29573216709395267,1.0,0.4713547974195127
0.29588297391042073,1.0,0.4710966619281805
0.29603378072688885,1.0,0.4709311381016348
0.29618458754335697,1.0,0.4708304988666357
0.2963353943598251,1.0,0.4705426538697718
0.29648620117629315,1.0,0.4704064116684932
0.29663700799276127,1.0,0.4703579625288033
0.2967878148092294,1.0,0.4703285857485979
0.2969386216256975,1.0,0.4701512983142616
0.29708942844216557,1.0,0.4701178871613957
0.2972402352586337,1.0,0.4699056196816361
0.2973910420751018,1.0,0.4698734727628592
0.2975418488915699,1.0,0.4697375300647087
0.297692655708038,1.0,0.4695484264115692
0.2978434625245061,1.0,0.4695074859799179
0.2979942693409742,1.0,0.4692417334384117
0.2981450761574423,1.0,0.4691387803901226
0.2982958829739104,1.0,0.4690779395598787
0.2984466897903785,1.0,0.4690204346652906
0.29859749660684665,1.0,0.4689166582803435
0.2987483034233147,1.0,0.4685152157128504
0.29889911023978283,1.0,0.4684638284823569
0.29904991705625095,1.0,0.4681674353434399
0.29920072387271907,1.0,0.4681209196025173
0.29935153068918713,1.0,0.4680673685693164
0.29950233750565525,1.0,0.4679009586012471
0.29965314432212337,1.0,0.4678540363007922
0.2998039511385915,1.0,0.4675343895405463
0.29995475795505955,1.0,0.4674026270924837
0.30010556477152767,1.0,0.4672812729642864
0.3002563715879958,1.0,0.4672260111970458
0.3004071784044639,1.0,0.4671186735701463
0.30055798522093197,1.0,0.4668323932231689
0.3007087920374001,1.0,0.4666967279177696
0.3008595988538682,1.0,0.4664765706183194
0.3010104056703363,1.0,0.4664454929745649
0.3011612124868044,1.0,0.4664222521653885
0.3013120193032725,1.0,0.4662855737067305
0.3014628261197406,1.0,0.4661981069304725
0.30161363293620874,1.0,0.4661409226915758
0.3017644397526768,1.0,0.4660949176677217
0.3019152465691449,1.0,0.4660569267363117
0.30206605338561304,1.0,0.4659243826734359
0.30221686020208116,1.0,0.4658417544706103
0.3023676670185492,1.0,0.465805011369153
0.30251847383501734,1.0,0.4657735124762995
0.30266928065148546,1.0,0.4657344088906912
0.3028200874679535,1.0,0.4655270743514654
0.30297089428442164,1.0,0.4650440508198165
0.30312170110088976,1.0,0.4649960170737818
0.3032725079173579,1.0,0.464808986837732
0.30342331473382594,1.0,0.4647936158334822
0.30357412155029406,1.0,0.464654060017268
0.3037249283667622,1.0,0.4646287164457396
0.3038757351832303,1.0,0.464228816564367
0.30402654199969836,1.0,0.4640484410102126
0.3041773488161665,1.0,0.464025321486832
0.3043281556326346,1.0,0.4639150174141154
0.3044789624491027,1.0,0.4638162788788284
0.3046297692655708,1.0,0.4638061919633856
0.3047805760820389,1.0,0.4634345154019391
0.304931382898507,1.0,0.4633247466346236
0.30508218971497514,1.0,0.4631436685646093
0.3052329965314432,1.0,0.4630663224793417
0.3053838033479113,1.0,0.4630286880099269
0.30553461016437944,1.0,0.4629513324035066
0.30568541698084756,1.0,0.4629482589996638
0.3058362237973156,1.0,0.4626786571233147
0.30598703061378374,1.0,0.4626758649191294
0.30613783743025186,1.0,0.4625190494235154
0.30628864424672,1.0,0.4625057626639138
0.30643945106318804,1.0,0.4624408441529671
0.30659025787965616,1.0,0.4622698685238082
0.3067410646961243,1.0,0.462268902507175
0.3068918715125924,1.0,0.4622593964315885
0.30704267832906046,1.0,0.4621489692221888
0.3071934851455286,1.0,0.4621109095324041
0.3073442919619967,1.0,0.4617069483767854
0.30749509877846476,1.0,0.4615066737828783
0.3076459055949329,1.0,0.4614910176960276
0.307796712411401,1.0,0.4614700225454078
0.3079475192278691,1.0,0.4614104295420327
0.3080983260443372,1.0,0.4613621343567582
0.3082491328608053,1.0,0.461243515740756
0.3083999396772734,1.0,0.4606054893793285
0.30855074649374153,1.0,0.4602544436409667
0.3087015533102096,1.0,0.4601225193838824
0.3088523601266777,1.0,0.4600889694391811
0.30900316694314583,1.0,0.4599518898775648
0.30915397375961395,1.0,0.459934276396045
0.309304780576082,1.0,0.4597985219927428
0.30945558739255014,1.0,0.4597729635703456
0.30960639420901825,1.0,0.4596801930934299
0.3097572010254864,1.0,0.4596100518432621
0.30990800784195444,1.0,0.45944209286466
0.31005881465842255,1.0,0.4590226387730091
0.3102096214748907,1.0,0.4588971139272338
0.3103604282913588,1.0,0.4588670968252792
0.31051123510782686,1.0,0.4588390054003834
0.310662041924295,1.0,0.4587765334297216
0.3108128487407631,1.0,0.4586602967822176
0.3109636555572312,1.0,0.458656641505441
0.3111144623736993,1.0,0.4585613077555407
0.3112652691901674,1.0,0.4585343579287538
0.3114160760066355,1.0,0.4584505270735989
0.31156688282310363,1.0,0.4583488070934375
0.3117176896395717,1.0,0.4581892386440463
0.3118684964560398,1.0,0.4581278189372987
0.31201930327250793,1.0,0.4581274448804416
0.31217011008897605,1.0,0.4578869071088057
0.3123209169054441,1.0,0.4577888664560426
0.31247172372191223,1.0,0.4574353832020077
0.31262253053838035,1.0,0.4574300300644632
0.3127733373548484,1.0,0.4573915513927268
0.31292414417131653,1.0,0.4573258768111529
0.31307495098778465,1.0,0.457251347593921
0.31322575780425277,1.0,0.4572448834046181
0.31337656462072083,1.0,0.4571543539805138
0.31352737143718895,1.0,0.4569305232179811
0.31367817825365707,1.0,0.4564950660050589
0.3138289850701252,1.0,0.4564333683900127
0.31397979188659325,1.0,0.456359856728347
0.31413059870306137,1.0,0.4561217013372367
0.3142814055195295,1.0,0.4561132030783004
0.3144322123359976,1.0,0.4559525051315604
0.31458301915246567,1.0,0.4557717862417477
0.3147338259689338,1.0,0.4557424258923886
0.3148846327854019,1.0,0.4554185617380141
0.31503543960187,1.0,0.4553701330335674
0.3151862464183381,1.0,0.4553126354767657
0.3153370532348062,1.0,0.4552771392295239
0.3154878600512743,1.0,0.4545328548451042
0.31563866686774245,1.0,0.4544678253467192
0.3157894736842105,1.0,0.4542717129849377
0.3159402805006786,1.0,0.4541433928120307
0.31609108731714675,1.0,0.4540253980195918
0.31624189413361486,1.0,0.4539356615677857
0.31639270095008293,1.0,0.4539210524605931
0.31654350776655105,1.0,0.4537677621395405
0.31669431458301917,1.0,0.4531980445925946
0.3168451213994873,1.0,0.4531820240681703
0.31699592821595535,1.0,0.4528641474162668
0.31714673503242347,1.0,0.4526968726415479
0.3172975418488916,1.0,0.4523621932471844
0.31744834866535965,1.0,0.4522750588913964
0.31759915548182777,1.0,0.4522683766080075
0.3177499622982959,1.0,0.4518631059158163
0.317900769114764,1.0,0.4517087288201147
0.31805157593123207,1.0,0.4516928081560706
0.3182023827477002,1.0,0.4516842938572312
0.3183531895641683,1.0,0.4516677909140258
0.3185039963806364,1.0,0.4516330271957317
0.3186548031971045,1.0,0.4516222378050958
0.3188056100135726,1.0,0.4515776175435246
0.3189564168300407,1.0,0.4515401872255882
0.31910722364650884,1.0,0.4515399913696715
0.3192580304629769,1.0,0.4513817648991389
0.319408837279445,1.0,0.4510871788828143
0.31955964409591314,1.0,0.4510165973234163
0.31971045091238126,1.0,0.4510029163597766
0.3198612577288493,1.0,0.45066384118273
0.32001206454531744,1.0,0.4505408662780646
0.32016287136178556,1.0,0.4505331278637928
0.3203136781782537,1.0,0.4504856814304869
0.32046448499472174,1.0,0.4504557074286477
0.32061529181118986,1.0,0.4504404774587149
0.320766098627658,1.0,0.4502848494148261
0.3209169054441261,1.0,0.4499593444223368
0.32106771226059416,1.0,0.4495165887887743
0.3212185190770623,1.0,0.4494793176929299
0.3213693258935304,1.0,0.4492569107024327
0.3215201327099985,1.0,0.4491755277978608
0.3216709395264666,1.0,0.449123667515141
0.3218217463429347,1.0,0.4487107407372932
0.3219725531594028,1.0,0.4486843695733383
0.3221233599758709,1.0,0.4486558608677137
0.322274166792339,1.0,0.4484502643574163
0.3224249736088071,1.0,0.4483968029839597
0.32257578042527524,1.0,0.4483167332830416
0.3227265872417433,1.0,0.4482041147822402
0.3228773940582114,1.0,0.4481901967338735
0.32302820087467954,1.0,0.4479948372440464
0.32317900769114766,1.0,0.4479410794821749
0.3233298145076157,1.0,0.4479253378832403
0.32348062132408384,1.0,0.4479004176298825
0.32363142814055196,1.0,0.4478339596828963
0.3237822349570201,1.0,0.4477904343570905
0.32393304177348814,1.0,0.4472301700907763
0.32408384858995626,1.0,0.4471114704127738
0.3242346554064244,1.0,0.4469648223411288
0.3243854622228925,1.0,0.4469563872229393
0.32453626903936056,1.0,0.4468140324504655
0.3246870758558287,1.0,0.446783274906515
0.3248378826722968,1.0,0.4467439892773527
0.3249886894887649,1.0,0.4466531660407197
0.325139496305233,1.0,0.4465224421032038
0.3252903031217011,1.0,0.4463450286424328
0.3254411099381692,1.0,0.4462526129710102
0.32559191675463733,1.0,0.4462120288789367
0.3257427235711054,1.0,0.4459336371823029
0.3258935303875735,1.0,0.4458978759866048
0.32604433720404163,1.0,0.4457657471920733
0.32619514402050975,1.0,0.4455949683714909
0.3263459508369778,1.0,0.4455424116080273
0.32649675765344593,1.0,0.4455169004485366
0.32664756446991405,1.0,0.4454326620780568
0.32679837128638217,1.0,0.4453167118483548
0.32694917810285024,1.0,0.4452925655888667
0.32709998491931835,1.0,0.4451999408576708
0.3272507917357865,1.0,0.4447337309282738
0.32740159855225454,1.0,0.4446997389843222
0.32755240536872265,1.0,0.4446854119584695
0.3277032121851908,1.0,0.4443845412996289
0.3278540190016589,1.0,0.4442642036476634
0.32800482581812695,1.0,0.4442561740278561
0.3281556326345951,1.0,0.4441713599432147
0.3283064394510632,1.0,0.444046889987766
0.3284572462675313,1.0,0.4440395444617551
0.3286080530839994,1.0,0.4438444879817736
0.3287588599004675,1.0,0.4437482128628795
0.3289096667169356,1.0,0.4437336780590777
0.32906047353340373,1.0,0.4436859536322489
0.3292112803498718,1.0,0.4431599780672287
0.3293620871663399,1.0,0.4430655195084044
0.32951289398280803,1.0,0.4428293175127803
0.32966370079927615,1.0,0.4427926476458946
0.3298145076157442,1.0,0.4427041159497907
0.32996531443221233,1.0,0.442668455442135
0.33011612124868045,1.0,0.4425053713970229
0.33026692806514857,1.0,0.4424258280168734
0.33041773488161663,1.0,0.4423791752076689
0.33056854169808475,1.0,0.442364436686724
0.33071934851455287,1.0,0.4421003440504465
0.330870155331021,1.0,0.4415030141082305
0.33102096214748905,1.0,0.4409128460650811
0.33117176896395717,1.0,0.4408334657886521
0.3313225757804253,1.0,0.4407020983624478
0.3314733825968934,1.0,0.4404738938604463
0.33162418941336147,1.0,0.4402610960718017
0.3317749962298296,1.0,0.4401652153869796
0.3319258030462977,1.0,0.4399691403080512
0.33207660986276577,1.0,0.439917625344664
0.3322274166792339,1.0,0.439897656541673
0.332378223495702,1.0,0.4398276095169275
0.3325290303121701,1.0,0.4397581068865451
0.3326798371286382,1.0,0.4396211022005366
0.3328306439451063,1.0,0.4395731368791764
0.3329814507615744,1.0,0.4395700265788266
0.33313225757804255,1.0,0.4393925285931572
0.3332830643945106,1.0,0.4392125622144208
0.3334338712109787,1.0,0.4390612436642612
0.33358467802744685,1.0,0.4389896773165097
0.33373548484391496,1.0,0.4385299796314296
0.33388629166038303,1.0,0.4384223509497797
0.33403709847685115,1.0,0.4383450025511988
0.33418790529331927,1.0,0.4382763798932259
0.3343387121097874,1.0,0.4382231567282816
0.33448951892625545,1.0,0.4381649295689601
0.33464032574272357,1.0,0.4381276319985135
0.3347911325591917,1.0,0.4380944608047726
0.3349419393756598,1.0,0.4380934139927766
0.33509274619212787,1.0,0.438041389946151
0.335243553008596,1.0,0.4376269649499253
0.3353943598250641,1.0,0.4374809032479846
0.3355451666415322,1.0,0.4373661712476432
0.3356959734580003,1.0,0.4371570694816835
0.3358467802744684,1.0,0.4371552838541853
0.3359975870909365,1.0,0.4370141925263602
0.33614839390740464,1.0,0.4370068712790875
0.3362992007238727,1.0,0.4368681011873604
0.3364500075403408,1.0,0.4368396693745274
0.33660081435680894,1.0,0.4367258669348559
0.336751621173277,1.0,0.4367142828495362
0.3369024279897451,1.0,0.4366860824576059
0.33705323480621324,1.0,0.4366322816946875
0.33720404162268136,1.0,0.4366281687998978
0.3373548484391494,1.0,0.4366274380914729
0.33750565525561754,1.0,0.4365753580637133
0.33765646207208566,1.0,0.4363666347235333
0.3378072688885538,1.0,0.4359795456707845
0.33795807570502184,1.0,0.4358912936745517
0.33810888252148996,1.0,0.4358650161054055
0.3382596893379581,1.0,0.4358355997065499
0.3384104961544262,1.0,0.4357501476160214
0.33856130297089426,1.0,0.4356677891637358
0.3387121097873624,1.0,0.4354450428537821
0.3388629166038305,1.0,0.4353073340451455
0.3390137234202986,1.0,0.4352806606990416
0.3391645302367667,1.0,0.4352127209123443
0.3393153370532348,1.0,0.4350720300674133
0.3394661438697029,1.0,0.4350667574348516
0.33961695068617104,1.0,0.4348666506026984
0.3397677575026391,1.0,0.4347583559177001
0.3399185643191072,1.0,0.4347083529850408
0.34006937113557534,1.0,0.4345988476167805
0.34022017795204346,1.0,0.4345282684533945
0.3403709847685115,1.0,0.4343788726988637
0.34052179158497964,1.0,0.4343686831003528
0.34067259840144776,1.0,0.4341222580503425
0.3408234052179159,1.0,0.434106964703587
0.34097421203438394,1.0,0.4340002117495756
0.34112501885085206,1.0,0.4337693982603011
0.3412758256673202,1.0,0.4336386924644425
0.3414266324837883,1.0,0.4335384296384079
0.34157743930025636,1.0,0.4334052509471031
0.3417282461167245,1.0,0.4332241908588397
0.3418790529331926,1.0,0.4330884091166056
0.34202985974966066,1.0,0.4330779082495878
0.3421806665661288,1.0,0.4329712658385901
0.3423314733825969,1.0,0.4328048397219561
0.342482280199065,1.0,0.4325174915206278
0.3426330870155331,1.0,0.4323185565933595
0.3427838938320012,1.0,0.432058176275843
0.3429347006484693,1.0,0.4317521446267808
0.34308550746493743,1.0,0.4315355758733567
0.3432363142814055,1.0,0.4314493590681115
0.3433871210978736,1.0,0.4313566429533106
0.34353792791434173,1.0,0.4301884458592919
0.34368873473080985,1.0,0.4299135164127575
0.3438395415472779,1.0,0.429874788150053
0.34399034836374603,1.0,0.4296822186825457
0.34414115518021415,1.0,0.4292100392748373
0.34429196199668227,1.0,0.4291620013729395
0.34444276881315034,1.0,0.4290082778253396
0.34459357562961845,1.0,0.4289070729067802
0.3447443824460866,1.0,0.4287592835338825
0.3448951892625547,1.0,0.4287273823229661
0.34504599607902275,1.0,0.4286857960376775
0.3451968028954909,1.0,0.4284734894290319
0.345347609711959,1.0,0.4284437262247607
0.3454984165284271,1.0,0.4281752649585657
0.3456492233448952,1.0,0.4281450977731088
0.3458000301613633,1.0,0.4280512994340278
0.3459508369778314,1.0,0.427769122394544
0.34610164379429953,1.0,0.4277677714498981
0.3462524506107676,1.0,0.4276999315258054
0.3464032574272357,1.0,0.4276022962173464
0.34655406424370383,1.0,0.427411413083792
0.3467048710601719,1.0,0.4273635105680105
0.34685567787664,1.0,0.4273481880472878
0.34700648469310813,1.0,0.4271236927171266
0.34715729150957625,1.0,0.4270983392571192
0.3473080983260443,1.0,0.4270732037445504
0.34745890514251243,1.0,0.4268950508851898
0.34760971195898055,1.0,0.4267801417448533
0.34776051877544867,1.0,0.4267562084540856
0.34791132559191673,1.0,0.4267171038890728
0.34806213240838485,1.0,0.4266823857222418
0.34821293922485297,1.0,0.4264581028958025
0.3483637460413211,1.0,0.4259782735552836
0.34851455285778915,1.0,0.4259022156031229
0.34866535967425727,1.0,0.4258671288769345
0.3488161664907254,1.0,0.4258035916271477
0.3489669733071935,1.0,0.425784982051926
0.34911778012366157,1.0,0.4256988355382001
0.3492685869401297,1.0,0.425499554986571
0.3494193937565978,1.0,0.4253706005919113
0.3495702005730659,1.0,0.4251830984286093
0.349721007389534,1.0,0.4250859449193199
0.3498718142060021,1.0,0.4250632041813956
0.3500226210224702,1.0,0.4249625376203459
0.35017342783893834,1.0,0.4248769876662118
0.3503242346554064,1.0,0.4247556869444355
0.3504750414718745,1.0,0.4247388698369816
0.35062584828834265,1.0,0.4245815648430412
0.35077665510481076,1.0,0.4245639613537079
0.3509274619212788,1.0,0.4244770944082197
0.35107826873774695,1.0,0.4244687030478865
0.35122907555421506,1.0,0.4242326318121023
0.3513798823706831,1.0,0.4242192501347988
0.35153068918715125,1.0,0.4241126216453736
0.35168149600361936,1.0,0.4240478629762174
0.3518323028200875,1.0,0.4240347907851964
0.35198310963655555,1.0,0.423928753653585
0.35213391645302367,1.0,0.4239180619054685
0.3522847232694918,1.0,0.4238228798992661
0.3524355300859599,1.0,0.4236818484275088
0.35258633690242797,1.0,0.4231282177118252
0.3527371437188961,1.0,0.4230150578817308
0.3528879505353642,1.0,0.4228964785239267
0.3530387573518323,1.0,0.4226954297638269
0.3531895641683004,1.0,0.4226228380179323
0.3533403709847685,1.0,0.4225264838881661
0.3534911778012366,1.0,0.4223466343244803
0.35364198461770474,1.0,0.4221505929170877
0.3537927914341728,1.0,0.4221268497424935
0.3539435982506409,1.0,0.4219193842926524
0.35409440506710904,1.0,0.421764905769502
0.35424521188357716,1.0,0.4212879537475434
0.3543960187000452,1.0,0.421044038888719
0.35454682551651334,1.0,0.4210291769420196
0.35469763233298146,1.0,0.4209774603271664
0.3548484391494496,1.0,0.4209677814047636
0.35499924596591764,1.0,0.420815284594575
0.35515005278238576,1.0,0.4207717114971031
0.3553008595988539,1.0,0.4206799236996555
0.355451666415322,1.0,0.4206032471126817
0.35560247323179006,1.0,0.4204843209573909
0.3557532800482582,1.0,0.4203579589466427
0.3559040868647263,1.0,0.4203093582732324
0.3560548936811944,1.0,0.420093361476199
0.3562057004976625,1.0,0.4197613731576611
0.3563565073141306,1.0,0.4195608092106288
0.3565073141305987,1.0,0.4192822684796138
0.3566581209470668,1.0,0.4192644290420845
0.3568089277635349,1.0,0.4192063981759191
0.356959734580003,1.0,0.4191875672911063
0.35711054139647114,1.0,0.4191197853347032
0.3572613482129392,1.0,0.418813656910618
0.3574121550294073,1.0,0.4187835124879295
0.35756296184587544,1.0,0.4187533683037197
0.35771376866234356,1.0,0.4187200807885154
0.3578645754788116,1.0,0.4187183187033643
0.35801538229527974,1.0,0.418560125388128
0.35816618911174786,1.0,0.4185205743384746
0.358316995928216,1.0,0.41810995360508
0.35846780274468404,1.0,0.4180996230781024
0.35861860956115216,1.0,0.4180956557041762
0.3587694163776203,1.0,0.4180591615662417
0.3589202231940884,1.0,0.4179760588297804
0.35907103001055646,1.0,0.4178060642773447
0.3592218368270246,1.0,0.4177724936962738
0.3593726436434927,1.0,0.4176273591599844
0.3595234504599608,1.0,0.4175203728063909
0.3596742572764289,1.0,0.4174544432639894
0.359825064092897,1.0,0.4174389688404888
0.3599758709093651,1.0,0.4173638495428199
0.36012667772583323,1.0,0.4173621848878415
0.3602774845423013,1.0,0.4172092695937899
0.3604282913587694,1.0,0.4170752953001572
0.36057909817523753,1.0,0.416823975293521
0.36072990499170565,1.0,0.4167775505641819
0.3608807118081737,1.0,0.4167533805606085
0.36103151862464183,1.0,0.4165817309216403
0.36118232544110995,1.0,0.4161249384360548
0.361333132257578,1.0,0.4159143505167424
0.36148393907404613,1.0,0.4158933389321155
0.36163474589051425,1.0,0.4158653035350629
0.36178555270698237,1.0,0.4157489448372314
0.36193635952345043,1.0,0.4155465243531833
0.36208716633991855,1.0,0.4155244533074728
0.3622379731563867,1.0,0.415517018049598
0.3623887799728548,1.0,0.4153596729231739
0.36253958678932285,1.0,0.4152103349212686
0.362690393605791,1.0,0.4152068640934536
0.3628412004222591,1.0,0.414695486540078
0.3629920072387272,1.0,0.4145709290683537
0.3631428140551953,1.0,0.4138767738177537
0.3632936208716634,1.0,0.4138046857306461
0.3634444276881315,1.0,0.4137787456726761
0.36359523450459963,1.0,0.413701970196476
0.3637460413210677,1.0,0.4136649117091217
0.3638968481375358,1.0,0.4135780438028939
0.36404765495400393,1.0,0.4133528619307199
0.36419846177047205,1.0,0.4132862533165556
0.3643492685869401,1.0,0.4132572550816327
0.36450007540340823,1.0,0.4132331756067755
0.36465088221987635,1.0,0.4131207424048989
0.36480168903634447,1.0,0.4127702252082987
0.36495249585281253,1.0,0.412672980500639
0.36510330266928065,1.0,0.4125048940673946
0.36525410948574877,1.0,0.4121379891896276
0.3654049163022169,1.0,0.4118408643239215
0.36555572311868495,1.0,0.4115568569874449
0.36570652993515307,1.0,0.4115358900251351
0.3658573367516212,1.0,0.4114984853226578
0.36600814356808925,1.0,0.4112427283879709
0.36615895038455737,1.0,0.4109513940562168
0.3663097572010255,1.0,0.4107019282129091
0.3664605640174936,1.0,0.4105576537474122
0.36661137083396167,1.0,0.410429338784069
0.3667621776504298,1.0,0.4103662755043847
0.3669129844668979,1.0,0.4101893701768865
0.367063791283366,1.0,0.4101031316710357
0.3672145980998341,1.0,0.4098663189373033
0.3673654049163022,1.0,0.4098610113056884
0.3675162117327703,1.0,0.4098563589916286
0.36766701854923844,1.0,0.4098489863731741
0.3678178253657065,1.0,0.4097687302974112
0.3679686321821746,1.0,0.4096369933962719
0.36811943899864275,1.0,0.4094966857321089
0.36827024581511086,1.0,0.4094789925792773
0.3684210526315789,1.0,0.4093848522298532
0.36857185944804705,1.0,0.4093407669896358
0.36872266626451516,1.0,0.4093017713672065
0.3688734730809833,1.0,0.4092991715282189
0.36902427989745135,1.0,0.4092314097755366
0.36917508671391946,1.0,0.4092014336771869
0.3693258935303876,1.0,0.4090577372577986
0.3694767003468557,1.0,0.4090407926592656
0.36962750716332377,1.0,0.408996254502957
0.3697783139797919,1.0,0.4086246075971788
0.36992912079626,1.0,0.4086232018544699
0.3700799276127281,1.0,0.408577182912236
0.3702307344291962,1.0,0.4084529029953883
0.3703815412456643,1.0,0.4084449212235183
0.3705323480621324,1.0,0.4083514485005316
0.37068315487860054,1.0,0.4081604331982451
0.3708339616950686,1.0,0.408125914948224
0.3709847685115367,1.0,0.4080113670794627
0.37113557532800484,1.0,0.4079855223021028
0.3712863821444729,1.0,0.407977366903592
0.371437188960941,1.0,0.4079681466151695
0.37158799577740914,1.0,0.407844092280679
0.37173880259387726,1.0,0.4077443160161993
0.3718896094103453,1.0,0.4076704396766282
0.37204041622681344,1.0,0.4076468530635159
0.37219122304328156,1.0,0.4074680108254822
0.3723420298597497,1.0,0.4074288560091189
0.37249283667621774,1.0,0.4073465899807693
0.37264364349268586,1.0,0.4071508243485971
0.372794450309154,1.0,0.4069031736063982
0.3729452571256221,1.0,0.4068500906589568
0.37309606394209016,1.0,0.4067914149400808
0.3732468707585583,1.0,0.4067906716954671
0.3733976775750264,1.0,0.4067705766050665
0.3735484843914945,1.0,0.4066024798676834
0.3736992912079626,1.0,0.4064427370333656
0.3738500980244307,1.0,0.4063080552722764
0.3740009048408988,1.0,0.4062763528777858
0.37415171165736694,1.0,0.405793340438658
0.374302518473835,1.0,0.4055042113464842
0.3744533252903031,1.0,0.4054024867474113
0.37460413210677124,1.0,0.4053242219651705
0.37475493892323936,1.0,0.4053095670082727
0.3749057457397074,1.0,0.4050346117311946
0.37505655255617554,1.0,0.4047533604578302
0.37520735937264366,1.0,0.4044222346396599
0.3753581661891118,1.0,0.4042320681495215
0.37550897300557984,1.0,0.4037434843213894
0.37565977982204796,1.0,0.4036967227277067
0.3758105866385161,1.0,0.4035555031400881
0.37596139345498414,1.0,0.4035353017978202
0.37611220027145226,1.0,0.4035100082204295
0.3762630070879204,1.0,0.4033069013986086
0.3764138139043885,1.0,0.4032599891881291
0.37656462072085656,1.0,0.4032290150064671
0.3767154275373247,1.0,0.4030572658462046
0.3768662343537928,1.0,0.4029297643408093
0.3770170411702609,1.0,0.4027769346398304
0.377167847986729,1.0,0.4027022769991557
0.3773186548031971,1.0,0.4026728262592466
0.3774694616196652,1.0,0.4025743496298932
0.37762026843613333,1.0,0.4024801207134019
0.3777710752526014,1.0,0.4024189815096624
0.3779218820690695,1.0,0.4023228452522349
0.37807268888553763,1.0,0.4022295296642426
0.37822349570200575,1.0,0.4021728944190112
0.3783743025184738,1.0,0.4020165248086387
0.37852510933494193,1.0,0.4018065121568945
0.37867591615141005,1.0,0.4017300518393522
0.37882672296787817,1.0,0.4016824396281858
0.37897752978434623,1.0,0.401659993803436
0.37912833660081435,1.0,0.4016559930495812
0.37927914341728247,1.0,0.4016239793822326
0.3794299502337506,1.0,0.4013025736947856
0.37958075705021865,1.0,0.4010387935694636
0.37973156386668677,1.0,0.4010357744106458
0.3798823706831549,1.0,0.4009278589850862
0.380033177499623,1.0,0.4007875559188247
0.3801839843160911,1.0,0.4007098829473166
0.3803347911325592,1.0,0.4006595749231286
0.3804855979490273,1.0,0.4004388601537901
0.3806364047654954,1.0,0.4002636776184141
0.3807872115819635,1.0,0.4001569232017499
0.3809380183984316,1.0,0.4000886591201126
0.38108882521489973,1.0,0.399972761925793
0.3812396320313678,1.0,0.3998750876868379
0.3813904388478359,1.0,0.3998253043232246
0.38154124566430403,1.0,0.3997440807235863
0.38169205248077215,1.0,0.3996791005482108
0.3818428592972402,1.0,0.3995428849623078
0.38199366611370833,1.0,0.3994910916992959
0.38214447293017645,1.0,0.3994162354013302
0.38229527974664457,1.0,0.3992288400239223
0.38244608656311263,1.0,0.3991861636202145
0.38259689337958075,1.0,0.3991685044541348
0.38274770019604887,1.0,0.3990843254292924
0.382898507012517,1.0,0.3990453797207036
0.38304931382898505,1.0,0.3988086518519211
0.38320012064545317,1.0,0.3988050590868416
0.3833509274619213,1.0,0.398608492580162
0.3835017342783894,1.0,0.3983107548209183
0.38365254109485747,1.0,0.398107353948314
0.3838033479113256,1.0,0.3980919587151985
0.3839541547277937,1.0,0.3979813431218705
0.3841049615442618,1.0,0.3978469833285355
0.3842557683607299,1.0,0.3977364454936776
0.384406575177198,1.0,0.397716174002217
0.3845573819936661,1.0,0.3976297338593919
0.38470818881013424,1.0,0.3975654996775854
0.3848589956266023,1.0,0.3975547397222309
0.3850098024430704,1.0,0.3973309370955095
0.38516060925953854,1.0,0.3973059603659739
0.38531141607600666,1.0,0.3972221117411461
0.3854622228924747,1.0,0.397208303492434
0.38561302970894284,1.0,0.3971537606041702
0.38576383652541096,1.0,0.3969827849346569
0.385914643341879,1.0,0.3969463050729704
0.38606545015834715,1.0,0.3968716530925026
0.38621625697481526,1.0,0.3967085592761613
0.3863670637912834,1.0,0.3964301750989857
0.38651787060775145,1.0,0.3964171009592637
0.38666867742421956,1.0,0.3962238987054404
0.3868194842406877,1.0,0.3961943196876794
0.3869702910571558,1.0,0.3959224620419968
0.38712109787362387,1.0,0.3957211575436946
0.387271904690092,1.0,0.3957018356660722
0.3874227115065601,1.0,0.3955633104421063
0.3875735183230282,1.0,0.3954959660379701
0.3877243251394963,1.0,0.3954001425230571
0.3878751319559644,1.0,0.3950279426521027
0.3880259387724325,1.0,0.3948808655751059
0.38817674558890064,1.0,0.3948079023056662
0.3883275524053687,1.0,0.3947889159064734
0.3884783592218368,1.0,0.3947475487863417
0.38862916603830494,1.0,0.3947311605032207
0.38877997285477306,1.0,0.3947246514661661
0.3889307796712411,1.0,0.3946586358068098
0.38908158648770924,1.0,0.3944923242611755
0.38923239330417736,1.0,0.3943776986667318
0.3893832001206455,1.0,0.3940885135017976
0.38953400693711354,1.0,0.3937260672148533
0.38968481375358166,1.0,0.3936367777674776
0.3898356205700498,1.0,0.3935859930438329
0.3899864273865179,1.0,0.3933107436715707
0.39013723420298596,1.0,0.3930352517316697
0.3902880410194541,1.0,0.3930315472441459
0.3904388478359222,1.0,0.3930247638661782
0.39058965465239026,1.0,0.3929938426092748
0.3907404614688584,1.0,0.3928021719297319
0.3908912682853265,1.0,0.3925767615523144
0.3910420751017946,1.0,0.3924626232547442
0.3911928819182627,1.0,0.3922098535583264
0.3913436887347308,1.0,0.3919216471177897
0.3914944955511989,1.0,0.3918196527687775
0.39164530236766704,1.0,0.3915895676087486
0.3917961091841351,1.0,0.3914140954832985
0.3919469160006032,1.0,0.3912154085291849
0.39209772281707134,1.0,0.3911274508740954
0.39224852963353946,1.0,0.3910751079390251
0.3923993364500075,1.0,0.3908871500251046
0.39255014326647564,1.0,0.3908510470389825
0.39270095008294376,1.0,0.3907944451829306
0.3928517568994119,1.0,0.3903919195311188
0.39300256371587994,1.0,0.3903750367307929
0.39315337053234806,1.0,0.3902864777102274
0.3933041773488162,1.0,0.3901652208132253
0.3934549841652843,1.0,0.3901215353089345
0.39360579098175236,1.0,0.3900390400816468
0.3937565977982205,1.0,0.3900086543174858
0.3939074046146886,1.0,0.3898680045194422
0.3940582114311567,1.0,0.3898368470688609
0.3942090182476248,1.0,0.3898301522362914
0.3943598250640929,1.0,0.3898084641667435
0.394510631880561,1.0,0.3897677312604218
0.39466143869702913,1.0,0.3895578499569409
0.3948122455134972,1.0,0.3891210226327027
0.3949630523299653,1.0,0.3887432967572491
0.39511385914643343,1.0,0.3885701547954109
0.3952646659629015,1.0,0.3885344172093198
0.3954154727793696,1.0,0.3884984851422176
0.39556627959583773,1.0,0.3883506947497783
0.39571708641230585,1.0,0.3882669522737901
0.3958678932287739,1.0,0.3882174563020158
0.39601870004524203,1.0,0.3881435253852435
0.39616950686171015,1.0,0.3880621598900406
0.39632031367817827,1.0,0.3878936759988001
0.39647112049464633,1.0,0.3878681625418858
0.39662192731111445,1.0,0.3876193382285309
0.39677273412758257,1.0,0.3875086965149434
0.3969235409440507,1.0,0.387500769868656
0.39707434776051875,1.0,0.3874836063164349
0.39722515457698687,1.0,0.3871186766526576
0.397375961393455,1.0,0.3869379598608824
0.3975267682099231,1.0,0.3864441276242438
0.3976775750263912,1.0,0.3861658017017063
0.3978283818428593,1.0,0.3860895696663595
0.3979791886593274,1.0,0.3859745654335909
0.39812999547579553,1.0,0.385720431486265
0.3982808022922636,1.0,0.3856903383320189
0.3984316091087317,1.0,0.385643750793697
0.39858241592519983,1.0,0.3855501857870562
0.39873322274166795,1.0,0.3854366377345843
0.398884029558136,1.0,0.3854067181574374
0.39903483637460413,1.0,0.3853867874416898
0.39918564319107225,1.0,0.3853789800097386
0.39933645000754037,1.0,0.3852987624643147
0.39948725682400843,1.0,0.3852088236710967
0.39963806364047655,1.0,0.3850554615807968
0.39978887045694467,1.0,0.38486836485592
0.3999396772734128,1.0,0.3847583462047966
0.40009048408988085,1.0,0.3847452345067654
0.40024129090634897,1.0,0.384713712411852
0.4003920977228171,1.0,0.3846741433019986
0.40054290453928515,1.0,0.3836945135163555
0.40069371135575327,1.0,0.3834285125610056
0.4008445181722214,1.0,0.3833685167593
0.4009953249886895,1.0,0.3833476063101371
0.40114613180515757,1.0,0.3831439084088975
0.4012969386216257,1.0,0.3830985901508373
0.4014477454380938,1.0,0.3830971335692855
0.4015985522545619,1.0,0.3828453236408536
0.40174935907103,1.0,0.3826130370889785
0.4019001658874981,1.0,0.3825660102606857
0.4020509727039662,1.0,0.3824821510921556
0.40220177952043434,1.0,0.3822975060226975
0.4023525863369024,1.0,0.3821666792967269
0.4025033931533705,1.0,0.3821539691960857
0.40265419996983864,1.0,0.3820299813006054
0.40280500678630676,1.0,0.3819357164082379
0.4029558136027748,1.0,0.381919145722184
0.40310662041924294,1.0,0.3819146010802473
0.40325742723571106,1.0,0.3818622663223097
0.4034082340521792,1.0,0.3818421681286419
0.40355904086864725,1.0,0.381657676234415
0.40370984768511536,1.0,0.3815777518518188
0.4038606545015835,1.0,0.381464040411657
0.4040114613180516,1.0,0.3814407060715519
0.40416226813451966,1.0,0.381427288245693
0.4043130749509878,1.0,0.3811414956808091
0.4044638817674559,1.0,0.3810531976420315
0.404614688583924,1.0,0.3806873982928761
0.4047654954003921,1.0,0.380526614821367
0.4049163022168602,1.0,0.3805142076334284
0.4050671090333283,1.0,0.3804756845655539
0.4052179158497964,1.0,0.3804039506790521
0.4053687226662645,1.0,0.3803718488663291
0.4055195294827326,1.0,0.3802134293792304
0.40567033629920074,1.0,0.3801784949123663
0.4058211431156688,1.0,0.3801760592183523
0.4059719499321369,1.0,0.3799131214912074
0.40612275674860504,1.0,0.379889811446005
0.40627356356507316,1.0,0.3797681064395519
0.4064243703815412,1.0,0.3796345603632186
0.40657517719800934,1.0,0.3795770068153398
0.40672598401447746,1.0,0.3791606102601685
0.4068767908309456,1.0,0.3791135312864035
0.40702759764741364,1.0,0.3790896656728429
0.40717840446388176,1.0,0.3787694793321446
0.4073292112803499,1.0,0.3787026036686045
0.407480018096818,1.0,0.3786012958457142
0.40763082491328606,1.0,0.3785866608229052
0.4077816317297542,1.0,0.3781548620708134
0.4079324385462223,1.0,0.3781194716319377
0.4080832453626904,1.0,0.3780605758772316
0.4082340521791585,1.0,0.3780584430438593
0.4083848589956266,1.0,0.3780315748863015
0.4085356658120947,1.0,0.3778952816169658
0.40868647262856284,1.0,0.3778104233757389
0.4088372794450309,1.0,0.3776486231489316
0.408988086261499,1.0,0.3776265207242182
0.40913889307796714,1.0,0.377520128845857
0.40928969989443525,1.0,0.377460143821796
0.4094405067109033,1.0,0.3773704013496293
0.40959131352737144,1.0,0.3773111233810348
0.40974212034383956,1.0,0.3772503047471103
0.4098929271603076,1.0,0.3768286903973807
0.41004373397677574,1.0,0.3766799775683791
0.41019454079324386,1.0,0.3766276770100544
0.410345347609712,1.0,0.3765799498215144
0.41049615442618004,1.0,0.3764863547463133
0.41064696124264816,1.0,0.376261587368414
0.4107977680591163,1.0,0.376134914383588
0.4109485748755844,1.0,0.3759942481385085
0.41109938169205246,1.0,0.3758906274616186
0.4112501885085206,1.0,0.3758624730223219
0.4114009953249887,1.0,0.3757768739626921
0.4115518021414568,1.0,0.375774363652268
0.4117026089579249,1.0,0.3757443332766531
0.411853415774393,1.0,0.3755286925823832
0.4120042225908611,1.0,0.3753937811695561
0.41215502940732923,1.0,0.375292019996745
0.4123058362237973,1.0,0.3752638209321023
0.4124566430402654,1.0,0.3751597967116059
0.41260744985673353,1.0,0.3750587874599537
0.41275825667320165,1.0,0.3749995636683815
0.4129090634896697,1.0,0.3745891369837232
0.41305987030613783,1.0,0.3745657747316872
0.41321067712260595,1.0,0.374467049562834
0.41336148393907407,1.0,0.3743877554790261
0.41351229075554213,1.0,0.3742870507800135
0.41366309757201025,1.0,0.374152215884222
0.41381390438847837,1.0,0.3740318463687454
0.4139647112049465,1.0,0.373893964499391
0.41411551802141455,1.0,0.3737463413817463
0.41426632483788267,1.0,0.3736936117756367
0.4144171316543508,1.0,0.3735564383511675
0.4145679384708189,1.0,0.3735282488238395
0.41471874528728697,1.0,0.3735162310196553
0.4148695521037551,1.0,0.3731215193285458
0.4150203589202232,1.0,0.3731178567520065
0.41517116573669127,1.0,0.3730559089233259
0.4153219725531594,1.0,0.3728812976215566
0.4154727793696275,1.0,0.372794230281206
0.41562358618609563,1.0,0.3727174646163138
0.4157743930025637,1.0,0.372703960680174
0.4159251998190318,1.0,0.3727017502360972
0.41607600663549993,1.0,0.3725425361060114
0.41622681345196805,1.0,0.3725273796244574
0.4163776202684361,1.0,0.372328455859957
0.41652842708490423,1.0,0.3723086707441259
0.41667923390137235,1.0,0.3718044448390453
0.41683004071784047,1.0,0.3716654408854775
0.41698084753430853,1.0,0.3716489310545854
0.41713165435077665,1.0,0.3714670651255525
0.41728246116724477,1.0,0.3713954283540972
0.4174332679837129,1.0,0.3713722102736068
0.41758407480018095,1.0,0.3712828732968709
0.41773488161664907,1.0,0.3710280817476409
0.4178856884331172,1.0,0.3709666505217372
0.4180364952495853,1.0,0.370660088904947
0.41818730206605337,1.0,0.3706021310703544
0.4183381088825215,1.0,0.3705156293487381
0.4184889156989896,1.0,0.3705096959489461
0.4186397225154577,1.0,0.3703652822869853
0.4187905293319258,1.0,0.3702493021582875
0.4189413361483939,1.0,0.3701905684444517
0.419092142964862,1.0,0.3701866792866073
0.41924294978133014,1.0,0.3696557691277514
0.4193937565977982,1.0,0.3694268050323288
0.4195445634142663,1.0,0.3692388394104406
0.41969537023073444,1.0,0.3691772112146058
0.4198461770472025,1.0,0.3690394497998907
0.4199969838636706,1.0,0.3689661055942606
0.42014779068013874,1.0,0.3689457294129863
0.42029859749660686,1.0,0.3686591604127818
0.4204494043130749,1.0,0.3684095807279473
0.42060021112954304,1.0,0.3682800983784268
0.42075101794601116,1.0,0.3682065115408383
0.4209018247624793,1.0,0.3680733755856302
0.42105263157894735,1.0,0.368032030612397
0.42120343839541546,1.0,0.3677052035113048
0.4213542452118836,1.0,0.3676864179751946
0.4215050520283517,1.0,0.3676681033793359
0.42165585884481976,1.0,0.3676133016723224
0.4218066656612879,1.0,0.3675826259165191
0.421957472477756,1.0,0.3671902224222515
0.4221082792942241,1.0,0.3670982885866741
0.4222590861106922,1.0,0.367049699921525
0.4224098929271603,1.0,0.366914259068645
0.4225606997436284,1.0,0.3668543237424428
0.42271150656009654,1.0,0.3668246149930055
0.4228623133765646,1.0,0.3666757209386291
0.4230131201930327,1.0,0.3666690002895496
0.42316392700950084,1.0,0.3666443498641863
0.42331473382596896,1.0,0.3663572503549207
0.423465540642437,1.0,0.3662442991062601
0.42361634745890514,1.0,0.3661849171973596
0.42376715427537326,1.0,0.3660231457240283
0.4239179610918414,1.0,0.3659213102270471
0.42406876790830944,1.0,0.3658718683884903
0.42421957472477756,1.0,0.3657405644515906
0.4243703815412457,1.0,0.3657262053145408
0.42452118835771374,1.0,0.3655053929321633
0.42467199517418186,1.0,0.3654321517380834
0.42482280199065,1.0,0.3651949838869673
0.4249736088071181,1.0,0.3650880042651265
0.42512441562358616,1.0,0.3642837881543544
0.4252752224400543,1.0,0.3642579350806306
0.4254260292565224,1.0,0.3642552688364779
0.4255768360729905,1.0,0.3641577038570799
0.4257276428894586,1.0,0.3641101402973903
0.4258784497059267,1.0,0.3640227944860377
0.4260292565223948,1.0,0.3639936505217365
0.42618006333886294,1.0,0.363979335320704
0.426330870155331,1.0,0.363911672516934
0.4264816769717991,1.0,0.3638373081516029
0.42663248378826724,1.0,0.3634763214569014
0.42678329060473535,1.0,0.3632791818029905
0.4269340974212034,1.0,0.3632744832848794
0.42708490423767154,1.0,0.3631845833379276
0.42723571105413966,1.0,0.3631548796680956
0.4273865178706078,1.0,0.3630054771073749
0.42753732468707584,1.0,0.3627588495512063
0.42768813150354396,1.0,0.3625737264388254
0.4278389383200121,1.0,0.362421768473511
0.4279897451364802,1.0,0.362396996769062
0.42814055195294826,1.0,0.3621314299507094
0.4282913587694164,1.0,0.3621111404908526
0.4284421655858845,1.0,0.3620459029862427
0.4285929724023526,1.0,0.3619033785541659
0.4287437792188207,1.0,0.3618002189045867
0.4288945860352888,1.0,0.3616742551973966
0.4290453928517569,1.0,0.3613870418876111
0.42919619966822503,1.0,0.3613124438112257
0.4293470064846931,1.0,0.3610646198616479
0.4294978133011612,1.0,0.3609977089917336
0.42964862011762933,1.0,0.3609394679887064
0.4297994269340974,1.0,0.3609293221381514
0.4299502337505655,1.0,0.3606718901232442
0.43010104056703363,1.0,0.360553764516249
0.43025184738350175,1.0,0.3604670667623261
0.4304026541999698,1.0,0.3604091561177225
0.43055346101643793,1.0,0.360211523464081
0.43070426783290605,1.0,0.3600803746296068
0.43085507464937417,1.0,0.3600532330892926
0.43100588146584223,1.0,0.359884926556639
0.43115668828231035,1.0,0.3597317397592068
0.43130749509877847,1.0,0.3596905344648859
0.4314583019152466,1.0,0.3593491891241858
0.43160910873171465,1.0,0.359252654441361
0.43175991554818277,1.0,0.3590272537659418
0.4319107223646509,1.0,0.359013050955328
0.432061529181119,1.0,0.3588624119660226
0.43221233599758707,1.0,0.3588556180888715
0.4323631428140552,1.0,0.3587604535361353
0.4325139496305233,1.0,0.3586382753982909
0.4326647564469914,1.0,0.3584180522524113
0.4328155632634595,1.0,0.358308268861349
0.4329663700799276,1.0,0.358048349179397
0.43311717689639573,1.0,0.3577018576451282
0.43326798371286385,1.0,0.3574392590768016
0.4334187905293319,1.0,0.3574024321398578
0.43356959734580003,1.0,0.3573588707416275
0.43372040416226815,1.0,0.3573489296939159
0.43387121097873627,1.0,0.3565745221256433
0.43402201779520433,1.0,0.3562326844664438
0.43417282461167245,1.0,0.3560453830077451
0.43432363142814057,1.0,0.3559934466556131
0.43447443824460863,1.0,0.3557405636227781
0.43462524506107675,1.0,0.3556599622290152
0.43477605187754487,1.0,0.3553702749458103
0.434926858694013,1.0,0.355314314495171
0.43507766551048105,1.0,0.3551771308417015
0.43522847232694917,1.0,0.355122466164833
0.4353792791434173,1.0,0.3551181243487751
0.4355300859598854,1.0,0.355020348522145
0.43568089277635347,1.0,0.3548199446635173
0.4358316995928216,1.0,0.3547620921834387
0.4359825064092897,1.0,0.3547561743244593
0.4361333132257578,1.0,0.3547435928252198
0.4362841200422259,1.0,0.3546773341365649
0.436434926858694,1.0,0.3546299598375173
0.4365857336751621,1.0,0.3545124747462294
0.43673654049163024,1.0,0.3543081378116717
0.4368873473080983,1.0,0.3539976585740563
0.4370381541245664,1.0,0.3539729473694348
0.43718896094103454,1.0,0.3539421988859718
0.43733976775750266,1.0,0.3538137300366432
0.4374905745739707,1.0,0.3537017086300677
0.43764138139043884,1.0,0.3536243094366224
0.43779218820690696,1.0,0.3533936091266817
0.4379429950233751,1.0,0.3533661743417664
0.43809380183984314,1.0,0.3532876135872131
0.43824460865631126,1.0,0.353010270654463
0.4383954154727794,1.0,0.3529798187199814
0.4385462222892475,1.0,0.3529724071420295
0.43869702910571556,1.0,0.3528552263955394
0.4388478359221837,1.0,0.352813679824276
0.4389986427386518,1.0,0.3526330664175868
0.43914944955511986,1.0,0.3526215920186522
0.439300256371588,1.0,0.3526025861775912
0.4394510631880561,1.0,0.352591693564075
0.4396018700045242,1.0,0.3525471167746561
0.4397526768209923,1.0,0.3525108606755693
0.4399034836374604,1.0,0.35246704511811
0.4400542904539285,1.0,0.3523019800267513
0.44020509727039664,1.0,0.3522238465350668
0.4403559040868647,1.0,0.3521565534039163
0.4405067109033328,1.0,0.3521024849315041
0.44065751771980094,1.0,0.3519704950995064
0.44080832453626906,1.0,0.3518412577620517
0.4409591313527371,1.0,0.3518396302298716
0.44110993816920524,1.0,0.351773914426611
0.44126074498567336,1.0,0.3516966663329726
0.4414115518021415,1.0,0.351678060763771
0.44156235861860954,1.0,0.3516191211160376
0.44171316543507766,1.0,0.3514212208203444
0.4418639722515458,1.0,0.3513991344090194
0.4420147790680139,1.0,0.3512971866719341
0.44216558588448196,1.0,0.3511364842327032
0.4423163927009501,1.0,0.3509717979521793
0.4424671995174182,1.0,0.350967468919371
0.4426180063338863,1.0,0.3508900387144042
0.4427688131503544,1.0,0.3508817772448618
0.4429196199668225,1.0,0.3508204240975198
0.4430704267832906,1.0,0.3506455959653177
0.44322123359975873,1.0,0.3506265820914867
0.4433720404162268,1.0,0.3506100391331739
0.4435228472326949,1.0,0.3506033597306083
0.44367365404916304,1.0,0.350421846446864
0.44382446086563115,1.0,0.3502222473684948
0.4439752676820992,1.0,0.3501436470295219
0.44412607449856734,1.0,0.350098319050393
0.44427688131503545,1.0,0.3500231467648837
0.4444276881315035,1.0,0.3498790141245004
0.44457849494797164,1.0,0.3497591259023221
0.44472930176443976,1.0,0.3496806263856721
0.4448801085809079,1.0,0.3496779366339457
0.44503091539737594,1.0,0.3496756742250746
0.44518172221384406,1.0,0.3496446286598847
0.4453325290303122,1.0,0.3495769459269783
0.4454833358467803,1.0,0.3493429289059927
0.44563414266324836,1.0,0.3492198658657363
0.4457849494797165,1.0,0.3491999051193748
0.4459357562961846,1.0,0.3490025337112354
0.4460865631126527,1.0,0.3488192680747681
0.4462373699291208,1.0,0.3486811336705334
0.4463881767455889,1.0,0.348676410625436
0.446538983562057,1.0,0.3486608841366688
0.44668979037852513,1.0,0.3486489553833757
0.4468405971949932,1.0,0.3483837695887897
0.4469914040114613,1.0,0.3483805922402014
0.44714221082792943,1.0,0.3483707157591836
0.44729301764439755,1.0,0.3482527227416643
0.4474438244608656,1.0,0.3481987453123362
0.44759463127733373,1.0,0.3478651191093435
0.44774543809380185,1.0,0.3478298219683214
0.44789624491026997,1.0,0.3478229938547963
0.44804705172673803,1.0,0.3476515431962893
0.44819785854320615,1.0,0.3472653574064621
0.44834866535967427,1.0,0.3470948226532546
0.4484994721761424,1.0,0.3470198325155196
0.44865027899261045,1.0,0.3468678457991329
0.44880108580907857,1.0,0.3468455187776704
0.4489518926255467,1.0,0.3465993839757765
0.44910269944201475,1.0,0.3465083688950205
0.44925350625848287,1.0,0.346504321391092
0.449404313074951,1.0,0.3464840822299672
0.4495551198914191,1.0,0.3459869971086261
0.44970592670788717,1.0,0.3459311147729383
0.4498567335243553,1.0,0.3458531281502086
0.4500075403408234,1.0,0.345829985545908
0.4501583471572915,1.0,0.3456958788352626
0.4503091539737596,1.0,0.3455623848826973
0.4504599607902277,1.0,0.3452545038869768
0.45061076760669583,1.0,0.3452277470499717
0.45076157442316395,1.0,0.3450370539505693
0.450912381239632,1.0,0.3449425401730754
0.45106318805610013,1.0,0.3448736357309891
0.45121399487256825,1.0,0.3447888830225629
0.45136480168903637,1.0,0.344668161665872
0.45151560850550443,1.0,0.344642742722518
0.45166641532197255,1.0,0.3446020360410055
0.45181722213844067,1.0,0.3445516562909077
0.4519680289549088,1.0,0.3445504402553095
0.45211883577137685,1.0,0.3444543601644726
0.45226964258784497,1.0,0.3442696824561715
0.4524204494043131,1.0,0.3441936210826808
0.4525712562207812,1.0,0.3440615868467117
0.45272206303724927,1.0,0.3439029061043439
0.4528728698537174,1.0,0.3438919278866684
0.4530236766701855,1.0,0.3438683911840487
0.4531744834866536,1.0,0.3434929078370267
0.4533252903031217,1.0,0.3433033650961393
0.4534760971195898,1.0,0.3431287190292744
0.4536269039360579,1.0,0.3427698600742291
0.453777710752526,1.0,0.342714373001949
0.4539285175689941,1.0,0.342648390117949
0.4540793243854622,1.0,0.3426298492026011
0.45423013120193034,1.0,0.3425711383815349
0.4543809380183984,1.0,0.3425602628376457
0.4545317448348665,1.0,0.3423993828433311
0.45468255165133464,1.0,0.342316263878352
0.45483335846780276,1.0,0.3421425683143581
0.4549841652842708,1.0,0.3420531963030143
0.45513497210073894,1.0,0.3419925137544473
0.45528577891720706,1.0,0.3418626823799824
0.4554365857336752,1.0,0.3417701103115815
0.45558739255014324,1.0,0.341377760057263
0.45573819936661136,1.0,0.341121628318086
0.4558890061830795,1.0,0.3410788842013572
0.4560398129995476,1.0,0.3408941763389153
0.45619061981601566,1.0,0.3407674633013673
0.4563414266324838,1.0,0.3406091098369897
0.4564922334489519,1.0,0.3405975852630516
0.45664304026542,1.0,0.3405176348419833
0.4567938470818881,1.0,0.340474113441461
0.4569446538983562,1.0,0.3404571633767945
0.4570954607148243,1.0,0.3404551731137731
0.45724626753129244,1.0,0.3404548269918379
0.4573970743477605,1.0,0.3404348339288123
0.4575478811642286,1.0,0.3401853561088397
0.45769868798069674,1.0,0.3400253264567038
0.45784949479716486,1.0,0.3399271062667747
0.4580003016136329,1.0,0.3397339488284897
0.45815110843010104,1.0,0.3396914255059313
0.45830191524656916,1.0,0.3394340085607757
0.4584527220630373,1.0,0.3394020305851434
0.45860352887950534,1.0,0.3392795652942119
0.45875433569597346,1.0,0.3390968916119545
0.4589051425124416,1.0,0.3390186689050117
0.45905594932890964,1.0,0.3390024619719917
0.45920675614537776,1.0,0.338901033011033
0.4593575629618459,1.0,0.3386928816098047
0.459508369778314,1.0,0.3384583403737956
0.45965917659478206,1.0,0.3383357853305181
0.4598099834112502,1.0,0.3382433880931079
0.4599607902277183,1.0,0.3381000938378579
0.4601115970441864,1.0,0.3380756309289178
0.4602624038606545,1.0,0.337963505305102
0.4604132106771226,1.0,0.3377585259454037
0.4605640174935907,1.0,0.3375378787630878
0.46071482431005883,1.0,0.3375205760115813
0.4608656311265269,1.0,0.3375140969063162
0.461016437942995,1.0,0.3374155912918206
0.46116724475946314,1.0,0.3373672039024871
0.46131805157593125,1.0,0.3373482091895128
0.4614688583923993,1.0,0.3371942334894377
0.46161966520886744,1.0,0.3368745918349832
0.46177047202533555,1.0,0.336869829931099
0.4619212788418037,1.0,0.3368679811573817
0.46207208565827174,1.0,0.3368578967512267
0.46222289247473985,1.0,0.3368284161557787
0.462373699291208,1.0,0.3364937822074992
0.4625245061076761,1.0,0.3364040111987957
0.46267531292414416,1.0,0.3362913068371207
0.4628261197406123,1.0,0.3362756793170757
0.4629769265570804,1.0,0.3362334683863798
0.4631277333735485,1.0,0.3361929095352757
0.4632785401900166,1.0,0.3360927358033396
0.4634293470064847,1.0,0.3360481542288225
0.4635801538229528,1.0,0.3357781121132057
0.4637309606394209,1.0,0.3357188719269059
0.463881767455889,1.0,0.3356781292481005
0.4640325742723571,1.0,0.3356580237820601
0.46418338108882523,1.0,0.3356227748432325
0.4643341879052933,1.0,0.3354942368282847
0.4644849947217614,1.0,0.335324064360343
0.46463580153822953,1.0,0.335048789674719
0.46478660835469765,1.0,0.3349719859715101
0.4649374151711657,1.0,0.3348030534529835
0.46508822198763383,1.0,0.3347069684357168
0.46523902880410195,1.0,0.3346855974085808
0.46538983562057007,1.0,0.3344620520792727
0.46554064243703813,1.0,0.3343859137758562
0.46569144925350625,1.0,0.3343683716725487
0.46584225606997437,1.0,0.3341408086269096
0.4659930628864425,1.0,0.3341382798047614
0.46614386970291055,1.0,0.334090916909209
0.46629467651937867,1.0,0.333909532260479
0.4664454833358468,1.0,0.3338293843522364
0.4665962901523149,1.0,0.3337958707046571
0.46674709696878297,1.0,0.3337505886129663
0.4668979037852511,1.0,0.3336750710757266
0.4670487106017192,1.0,0.3335041702147202
0.4671995174181873,1.0,0.3333470769454741
0.4673503242346554,1.0,0.3333241063958616
0.4675011310511235,1.0,0.3333000142676885
0.4676519378675916,1.0,0.333284566130778
0.46780274468405975,1.0,0.3332331340176653
0.4679535515005278,1.0,0.3331356552133636
0.4681043583169959,1.0,0.3331337018873596
0.46825516513346405,1.0,0.3331292494227847
0.4684059719499321,1.0,0.3331219324468432
0.46855677876640023,1.0,0.3327789148867801
0.46870758558286835,1.0,0.3327203058639374
0.46885839239933647,1.0,0.3325891820662586
0.46900919921580453,1.0,0.3324718166902043
0.46916000603227265,1.0,0.3323445732415423
0.46931081284874077,1.0,0.3321422529780461
0.4694616196652089,1.0,0.3320615278867243
0.46961242648167695,1.0,0.3319572711874176
0.46976323329814507,1.0,0.3319181802157585
0.4699140401146132,1.0,0.3317927044001557
0.4700648469310813,1.0,0.3317735415313083
0.47021565374754937,1.0,0.331736242522727
0.4703664605640175,1.0,0.3315142940093824
0.4705172673804856,1.0,0.3314647322370194
0.4706680741969537,1.0,0.3314312322940775
0.4708188810134218,1.0,0.3314167848879535
0.4709696878298899,1.0,0.3313993841188675
0.471120494646358,1.0,0.3313042193621546
0.47127130146282614,1.0,0.3312538976816214
0.4714221082792942,1.0,0.3312003267019485
0.4715729150957623,1.0,0.3311807633575154
0.47172372191223044,1.0,0.3310651947191528
0.47187452872869856,1.0,0.3310460531487804
0.4720253355451666,1.0,0.3309249354756324
0.47217614236163474,1.0,0.3308402236697091
0.47232694917810286,1.0,0.3306493338493582
0.472477755994571,1.0,0.3306326242217288
0.47262856281103904,1.0,0.3305996143512376
0.47277936962750716,1.0,0.3303811439346535
0.4729301764439753,1.0,0.330371255027336
0.4730809832604434,1.0,0.3303262522517105
0.47323179007691146,1.0,0.3302919824030766
0.4733825968933796,1.0,0.3302505845145406
0.4735334037098477,1.0,0.3299700522687136
0.47368421052631576,1.0,0.3299334180820671
0.4738350173427839,1.0,0.3297233394661082
0.473985824159252,1.0,0.3297223257930181
0.4741366309757201,1.0,0.3296936204480147
0.4742874377921882,1.0,0.3295890418539806
0.4744382446086563,1.0,0.3295786247987941
0.4745890514251244,1.0,0.3294807995936897
0.47473985824159254,1.0,0.3294642957820143
0.4748906650580606,1.0,0.3292989628244823
0.4750414718745287,1.0,0.32927081432388
0.47519227869099684,1.0,0.3291063114080949
0.47534308550746496,1.0,0.3289634031523622
0.475493892323933,1.0,0.3288901792035747
0.47564469914040114,1.0,0.3287397309728085
0.47579550595686926,1.0,0.3286955092667484
0.4759463127733374,1.0,0.3286578373834931
0.47609711958980544,1.0,0.3286201378433573
0.47624792640627356,1.0,0.3282776029446733
0.4763987332227417,1.0,0.3282042808945836
0.4765495400392098,1.0,0.3281826432931165
0.47670034685567786,1.0,0.3280327661197589
0.476851153672146,1.0,0.3278155470529723
0.4770019604886141,1.0,0.3277361254855521
0.4771527673050822,1.0,0.3277117088557915
0.4773035741215503,1.0,0.3276895541565588
0.4774543809380184,1.0,0.3275302492502557
0.4776051877544865,1.0,0.3275251657629159
0.47775599457095463,1.0,0.3273943376394702
0.4779068013874227,1.0,0.3272604399576893
0.4780576082038908,1.0,0.3272413895133741
0.47820841502035893,1.0,0.3271596165201014
0.478359221836827,1.0,0.3270795054665762
0.4785100286532951,1.0,0.3270571012486646
0.47866083546976324,1.0,0.3270356342531768
0.47881164228623135,1.0,0.3269387250855752
0.4789624491026994,1.0,0.3269370865895787
0.47911325591916754,1.0,0.3268371360543048
0.47926406273563565,1.0,0.3266909898169176
0.4794148695521038,1.0,0.3266720292371153
0.47956567636857184,1.0,0.326509059972403
0.47971648318503995,1.0,0.3262391593485022
0.4798672900015081,1.0,0.3259686863685068
0.4800180968179762,1.0,0.3259490542482076
0.48016890363444426,1.0,0.3259284081605534
0.4803197104509124,1.0,0.3258742445671837
0.4804705172673805,1.0,0.3258606207178354
0.4806213240838486,1.0,0.3258394328948895
0.4807721309003167,1.0,0.3258313706832453
0.4809229377167848,1.0,0.3257181655038187
0.4810737445332529,1.0,0.3257079689674168
0.48122455134972103,1.0,0.3256731338080071
0.4813753581661891,1.0,0.3255930556124045
0.4815261649826572,1.0,0.3255335149738915
0.48167697179912533,1.0,0.3254946426217918
0.48182777861559345,1.0,0.3250775808183507
0.4819785854320615,1.0,0.3249871138535784
0.48212939224852963,1.0,0.3249592158128132
0.48228019906499775,1.0,0.3248050352461677
0.48243100588146587,1.0,0.3247903605658442
0.48258181269793393,1.0,0.3246330699701558
0.48273261951440205,1.0,0.3246018179562667
0.48288342633087017,1.0,0.3244930800527187
0.48303423314733823,1.0,0.3242474854190526
0.48318503996380635,1.0,0.3242096131608571
0.48333584678027447,1.0,0.3241266273508789
0.4834866535967426,1.0,0.3240463862556768
0.48363746041321065,1.0,0.323636294038357
0.48378826722967877,1.0,0.3234922656420402
0.4839390740461469,1.0,0.3234662012759094
0.484089880862615,1.0,0.3234287702002613
0.48424068767908307,1.0,0.3232895201916647
0.4843914944955512,1.0,0.3231644852755523
0.4845423013120193,1.0,0.3230579068414168
0.4846931081284874,1.0,0.3230167888318748
0.4848439149449555,1.0,0.3229476077269363
0.4849947217614236,1.0,0.3227540360106423
0.4851455285778917,1.0,0.3226013324363805
0.48529633539435985,1.0,0.3225698547331432
0.4854471422108279,1.0,0.3225390413887164
0.485597949027296,1.0,0.3224917179152728
0.48574875584376415,1.0,0.322441455800367
0.48589956266023226,1.0,0.3224084208197879
0.48605036947670033,1.0,0.322392142474008
0.48620117629316845,1.0,0.3223827434046024
0.48635198310963657,1.0,0.3222826158733319
0.4865027899261047,1.0,0.3222824465792603
0.48665359674257275,1.0,0.3221392437970994
0.48680440355904087,1.0,0.3220600961670661
0.486955210375509,1.0,0.3220450032040159
0.4871060171919771,1.0,0.32204171148854
0.48725682400844517,1.0,0.3220389321446362
0.4874076308249133,1.0,0.3220181506193715
0.4875584376413814,1.0,0.3213479690996187
0.4877092444578495,1.0,0.3209300430939797
0.4878600512743176,1.0,0.3207123325172408
0.4880108580907857,1.0,0.3205568925253557
0.4881616649072538,1.0,0.3202865072559854
0.4883124717237219,1.0,0.320149419505189
0.48846327854019,1.0,0.3200808787107716
0.4886140853566581,1.0,0.3200052423935897
0.48876489217312624,1.0,0.319914652550907
0.4889156989895943,1.0,0.3198919094988502
0.4890665058060624,1.0,0.3198622329266943
0.48921731262253054,1.0,0.3198454974753971
0.48936811943899866,1.0,0.3198155982302346
0.4895189262554667,1.0,0.319717979417834
0.48966973307193484,1.0,0.3194206112536195
0.48982053988840296,1.0,0.3193773045740842
0.4899713467048711,1.0,0.3193758231367349
0.49012215352133914,1.0,0.3193463679984658
0.49027296033780726,1.0,0.3192978813935293
0.4904237671542754,1.0,0.3192174949676918
0.4905745739707435,1.0,0.3191130311987304
0.49072538078721156,1.0,0.3190562419540725
0.4908761876036797,1.0,0.3190300383913931
0.4910269944201478,1.0,0.3190092637894751
0.4911778012366159,1.0,0.3188267780097396
0.491328608053084,1.0,0.3187964010451678
0.4914794148695521,1.0,0.3187917578106186
0.4916302216860202,1.0,0.318616380465007
0.49178102850248834,1.0,0.3185986180064337
0.4919318353189564,1.0,0.3184694512447792
0.4920826421354245,1.0,0.3184524118259743
0.49223344895189264,1.0,0.3184467678311383
0.49238425576836076,1.0,0.3182716811753729
0.4925350625848288,1.0,0.3182639430656528
0.49268586940129694,1.0,0.3181983695820637
0.49283667621776506,1.0,0.3180466929424165
0.4929874830342331,1.0,0.3179935872902338
0.49313828985070124,1.0,0.3179803073725096
0.49328909666716936,1.0,0.3179209469127477
0.4934399034836375,1.0,0.3179145297227921
0.49359071030010554,1.0,0.3178697625603466
0.49374151711657366,1.0,0.3178336841201627
0.4938923239330418,1.0,0.3177989540339243
0.4940431307495099,1.0,0.3177863999197853
0.49419393756597796,1.0,0.3176095203515769
0.4943447443824461,1.0,0.3176005495804699
0.4944955511989142,1.0,0.3175658474707543
0.4946463580153823,1.0,0.3175521643043869
0.4947971648318504,1.0,0.3175194146284226
0.4949479716483185,1.0,0.3172281095890923
0.4950987784647866,1.0,0.3171132139354795
0.49524958528125473,1.0,0.3170890735619099
0.4954003920977228,1.0,0.3170424380636313
0.4955511989141909,1.0,0.316858358969193
0.49570200573065903,1.0,0.3167404631278392
0.49585281254712715,1.0,0.3166272818690786
0.4960036193635952,1.0,0.316620827003758
0.49615442618006333,1.0,0.316610090469846
0.49630523299653145,1.0,0.3165363700023919
0.49645603981299957,1.0,0.3164241261598151
0.49660684662946764,1.0,0.3163518049061348
0.49675765344593575,1.0,0.3163199054101275
0.4969084602624039,1.0,0.3163073950680767
0.497059267078872,1.0,0.316296592694834
0.49721007389534005,1.0,0.316224655154339
0.4973608807118082,1.0,0.316197214427885
0.4975116875282763,1.0,0.316146793599928
0.49766249434474435,1.0,0.3159917501291464
0.4978133011612125,1.0,0.3157417268263061
0.4979641079776806,1.0,0.3156564510377367
0.4981149147941487,1.0,0.3156506636817028
0.4982657216106168,1.0,0.3156194893587092
0.4984165284270849,1.0,0.3154146866742165
0.498567335243553,1.0,0.3153670622878104
0.49871814206002113,1.0,0.3153180777790534
0.4988689488764892,1.0,0.3153103891789749
0.4990197556929573,1.0,0.3151342766534843
0.49917056250942543,1.0,0.3150998639193877
0.49932136932589355,1.0,0.3150751382309892
0.4994721761423616,1.0,0.3150444512779515
0.49962298295882973,1.0,0.3150227796145007
0.49977378977529785,1.0,0.3150174435724356
0.49992459659176597,1.0,0.3150062805192555
0.5000754034082341,1.0,0.3148387573705585
0.5002262102247022,1.0,0.3146788340225392
0.5003770170411702,1.0,0.3146605212326728
0.5005278238576384,1.0,0.3145300356287567
0.5006786306741065,1.0,0.3145007792891436
0.5008294374905746,1.0,0.314488860503971
0.5009802443070427,1.0,0.3144347441728219
0.5011310511235108,1.0,0.3140571535891058
0.5012818579399789,1.0,0.3140278599033819
0.501432664756447,1.0,0.3140213594661337
0.501583471572915,1.0,0.3138434546265983
0.5017342783893832,1.0,0.3137434866960453
0.5018850852058513,1.0,0.3135894321240989
0.5020358920223195,1.0,0.3135084606880565
0.5021866988387875,1.0,0.3133702583180761
0.5023375056552556,1.0,0.3133415489081602
0.5024883124717238,1.0,0.3130820477245908
0.5026391192881918,1.0,0.3130361738015753
0.5027899261046599,1.0,0.3128823621638537
0.5029407329211281,1.0,0.3128194088264827
0.5030915397375961,1.0,0.3128140677321501
0.5032423465540642,1.0,0.3128007175463529
0.5033931533705324,1.0,0.3127200320956237
0.5035439601870004,1.0,0.3126285932008542
0.5036947670034686,1.0,0.3126249646724183
0.5038455738199367,1.0,0.3125501203973798
0.5039963806364047,1.0,0.3124671544658927
0.5041471874528729,1.0,0.312299462569843
0.504297994269341,1.0,0.3122513310338395
0.504448801085809,1.0,0.3120529015971894
0.5045996079022772,1.0,0.3119588360211373
0.5047504147187453,1.0,0.3116920962873807
0.5049012215352134,1.0,0.311684157972307
0.5050520283516815,1.0,0.3116582161534754
0.5052028351681496,1.0,0.3116423469951319
0.5053536419846177,1.0,0.3116354584431411
0.5055044488010858,1.0,0.3114943895131328
0.5056552556175539,1.0,0.3111490053044581
0.505806062434022,1.0,0.3111103996126628
0.5059568692504901,1.0,0.3110988395711619
0.5061076760669583,1.0,0.311053984206291
0.5062584828834263,1.0,0.3110177671393431
0.5064092896998944,1.0,0.3107410058298654
0.5065600965163626,1.0,0.3106246878311093
0.5067109033328306,1.0,0.3105443436155665
0.5068617101492987,1.0,0.310500557865991
0.5070125169657669,1.0,0.3104212594257545
0.5071633237822349,1.0,0.310411493742014
0.5073141305987031,1.0,0.3103506073045686
0.5074649374151712,1.0,0.3101214350065294
0.5076157442316392,1.0,0.3101076799380418
0.5077665510481074,1.0,0.3100484646333996
0.5079173578645755,1.0,0.3100009750423353
0.5080681646810435,1.0,0.3098086846058241
0.5082189714975117,1.0,0.3097953499449343
0.5083697783139798,1.0,0.3097532013404039
0.5085205851304478,1.0,0.3095936513362114
0.508671391946916,1.0,0.3095214582151792
0.5088221987633841,1.0,0.3091657058706327
0.5089730055798523,1.0,0.3090876750578825
0.5091238123963203,1.0,0.3090274236249702
0.5092746192127884,1.0,0.3087612452759767
0.5094254260292566,1.0,0.3087108906993958
0.5095762328457246,1.0,0.308612827468696
0.5097270396621927,1.0,0.3085796054038148
0.5098778464786609,1.0,0.308558019978986
0.5100286532951289,1.0,0.308485521483641
0.5101794601115971,1.0,0.3084438915971387
0.5103302669280652,1.0,0.3082427670778351
0.5104810737445332,1.0,0.3082057721306665
0.5106318805610014,1.0,0.3081152960229206
0.5107826873774695,1.0,0.3080300822812256
0.5109334941939375,1.0,0.3078181387289374
0.5110843010104057,1.0,0.3076889093058542
0.5112351078268738,1.0,0.3076245954007641
0.5113859146433419,1.0,0.3075486104067413
0.51153672145981,1.0,0.3074388358050628
0.5116875282762781,1.0,0.307385978378524
0.5118383350927462,1.0,0.3073164754064464
0.5119891419092143,1.0,0.3072042573755146
0.5121399487256824,1.0,0.3072036499867364
0.5122907555421505,1.0,0.3070744213878872
0.5124415623586186,1.0,0.3069823228294488
0.5125923691750867,1.0,0.306854850851125
0.5127431759915548,1.0,0.306833627629567
0.5128939828080229,1.0,0.3067761024416664
0.5130447896244911,1.0,0.3066647747573389
0.5131955964409591,1.0,0.3064961940930109
0.5133464032574272,1.0,0.3059267708558955
0.5134972100738954,1.0,0.3059134187447664
0.5136480168903634,1.0,0.3058082512322893
0.5137988237068315,1.0,0.3058079241905052
0.5139496305232997,1.0,0.3057992284415187
0.5141004373397677,1.0,0.305590021830903
0.5142512441562359,1.0,0.3055220472079121
0.514402050972704,1.0,0.3054887294955923
0.514552857789172,1.0,0.3053476303890704
0.5147036646056402,1.0,0.3052183760843134
0.5148544714221083,1.0,0.3051520983642928
0.5150052782385763,1.0,0.3051109015732847
0.5151560850550445,1.0,0.3050610591332222
0.5153068918715126,1.0,0.3050059988277606
0.5154576986879807,1.0,0.3049113781707488
0.5156085055044488,1.0,0.3045819441676243
0.5157593123209169,1.0,0.3045689182117774
0.515910119137385,1.0,0.3045521457870757
0.5160609259538531,1.0,0.3045372501236463
0.5162117327703212,1.0,0.3044913394728492
0.5163625395867893,1.0,0.30440444713282
0.5165133464032574,1.0,0.3042371144906521
0.5166641532197256,1.0,0.304203884387798
0.5168149600361936,1.0,0.3041572762893154
0.5169657668526617,1.0,0.3041393751954195
0.5171165736691299,1.0,0.3039822878734024
0.517267380485598,1.0,0.3038044127199662
0.517418187302066,1.0,0.3037012301640143
0.5175689941185342,1.0,0.3036452101582415
0.5177198009350023,1.0,0.3036058386658318
0.5178706077514703,1.0,0.3034611719945115
0.5180214145679385,1.0,0.3033776749084587
0.5181722213844066,1.0,0.3031722373530415
0.5183230282008747,1.0,0.3031186467206942
0.5184738350173428,1.0,0.3028434624935218
0.5186246418338109,1.0,0.3028211863787282
0.518775448650279,1.0,0.302781213856717
0.5189262554667471,1.0,0.3027451176750196
0.5190770622832152,1.0,0.3025082796475601
0.5192278690996833,1.0,0.3023714972627729
0.5193786759161514,1.0,0.3020017199358848
0.5195294827326196,1.0,0.3019731976262651
0.5196802895490876,1.0,0.3018543280336305
0.5198310963655557,1.0,0.301749845816853
0.5199819031820239,1.0,0.3016776806948794
0.5201327099984919,1.0,0.3016621068644009
0.52028351681496,1.0,0.3015349911080435
0.5204343236314282,1.0,0.3015181720402807
0.5205851304478962,1.0,0.3013785313789439
0.5207359372643644,1.0,0.3012136235476778
0.5208867440808325,1.0,0.3011782848213096
0.5210375508973005,1.0,0.3011201376235924
0.5211883577137687,1.0,0.3009151658988941
0.5213391645302368,1.0,0.3007249425195906
0.5214899713467048,1.0,0.3007180131962942
0.521640778163173,1.0,0.3007179072469911
0.5217915849796411,1.0,0.3006739252662814
0.5219423917961092,1.0,0.3006275907510882
0.5220931986125773,1.0,0.3005551841250993
0.5222440054290454,1.0,0.3004463357813462
0.5223948122455135,1.0,0.3004001453594953
0.5225456190619816,1.0,0.3001607354344025
0.5226964258784497,1.0,0.2998665317217642
0.5228472326949178,1.0,0.2997411734573559
0.5229980395113859,1.0,0.299631120459534
0.523148846327854,1.0,0.2995959319158705
0.5232996531443221,1.0,0.2995890945023702
0.5234504599607902,1.0,0.299451469970143
0.5236012667772584,1.0,0.2990677000143821
0.5237520735937264,1.0,0.2989871699645908
0.5239028804101945,1.0,0.2989097216649844
0.5240536872266627,1.0,0.2987460606164761
0.5242044940431307,1.0,0.2987233046960465
0.5243553008595988,1.0,0.2986905429055885
0.524506107676067,1.0,0.298677783612627
0.524656914492535,1.0,0.2985097738952463
0.5248077213090032,1.0,0.2984901830602761
0.5249585281254713,1.0,0.2984350399491561
0.5251093349419393,1.0,0.2984305305383011
0.5252601417584075,1.0,0.2981865898568562
0.5254109485748756,1.0,0.2979906724434673
0.5255617553913436,1.0,0.2976939846411188
0.5257125622078118,1.0,0.2975895113400207
0.5258633690242799,1.0,0.2975728152212101
0.526014175840748,1.0,0.2975099372168264
0.5261649826572161,1.0,0.2974051387500142
0.5263157894736842,1.0,0.2972817642991841
0.5264665962901524,1.0,0.2970906085859028
0.5266174031066204,1.0,0.2969587126938723
0.5267682099230885,1.0,0.296948009319011
0.5269190167395567,1.0,0.2969351628068528
0.5270698235560247,1.0,0.2969245088306533
0.5272206303724928,1.0,0.29691042075593
0.527371437188961,1.0,0.2968656671833182
0.527522244005429,1.0,0.2967239861071528
0.5276730508218972,1.0,0.2966075569413317
0.5278238576383653,1.0,0.2963637584359206
0.5279746644548333,1.0,0.296265451422219
0.5281254712713015,1.0,0.2962056399601158
0.5282762780877696,1.0,0.2961888114852462
0.5284270849042376,1.0,0.2960160882213455
0.5285778917207058,1.0,0.2959981073471384
0.5287286985371739,1.0,0.2959575473119839
0.528879505353642,1.0,0.2958394889130707
0.5290303121701101,1.0,0.2956794158710442
0.5291811189865782,1.0,0.2956225844479903
0.5293319258030463,1.0,0.2956096899008089
0.5294827326195144,1.0,0.2955715027312784
0.5296335394359825,1.0,0.2954122458345922
0.5297843462524506,1.0,0.2953726033718774
0.5299351530689187,1.0,0.2953463825778263
0.5300859598853869,1.0,0.2950438972751601
0.5302367667018549,1.0,0.2950160077117573
0.530387573518323,1.0,0.2942860762535878
0.5305383803347912,1.0,0.2941780960680186
0.5306891871512592,1.0,0.2940168384378581
0.5308399939677273,1.0,0.2939308906699882
0.5309908007841955,1.0,0.2938430454969281
0.5311416076006635,1.0,0.2935473766635746
0.5312924144171317,1.0,0.2934031240858484
0.5314432212335998,1.0,0.2933211438016709
0.5315940280500678,1.0,0.2932854228591645
0.531744834866536,1.0,0.293157609888881
0.5318956416830041,1.0,0.2930850453209587
0.5320464484994721,1.0,0.2926876881548202
0.5321972553159403,1.0,0.2926494410377722
0.5323480621324084,1.0,0.2926237244871158
0.5324988689488764,1.0,0.2924477003844728
0.5326496757653446,1.0,0.2923946022568555
0.5328004825818127,1.0,0.2923485963335042
0.5329512893982808,1.0,0.2923199990074728
0.5331020962147489,1.0,0.2923196565998683
0.533252903031217,1.0,0.2921505579632516
0.5334037098476851,1.0,0.2921383316610991
0.5335545166641532,1.0,0.292137123748522
0.5337053234806213,1.0,0.2920142495421979
0.5338561302970894,1.0,0.2919745499264157
0.5340069371135575,1.0,0.2918673565069755
0.5341577439300257,1.0,0.291833666817308
0.5343085507464937,1.0,0.2917636698806692
0.5344593575629618,1.0,0.2917526002620623
0.53461016437943,1.0,0.2917336568969415
0.534760971195898,1.0,0.2917149153964663
0.5349117780123661,1.0,0.2916959929293518
0.5350625848288343,1.0,0.291685485620235
0.5352133916453023,1.0,0.2915913597539267
0.5353641984617705,1.0,0.2915907152358298
0.5355150052782386,1.0,0.2914182471519869
0.5356658120947067,1.0,0.2913479563545962
0.5358166189111748,1.0,0.2912554602281792
0.5359674257276429,1.0,0.2911328258056695
0.536118232544111,1.0,0.2910125493340769
0.5362690393605791,1.0,0.2910077337025621
0.5364198461770472,1.0,0.2908219351891289
0.5365706529935154,1.0,0.2904418245965266
0.5367214598099834,1.0,0.2904062222807105
0.5368722666264515,1.0,0.2903739302676297
0.5370230734429197,1.0,0.2902978761429604
0.5371738802593877,1.0,0.2902819794222606
0.5373246870758558,1.0,0.2900736708278049
0.537475493892324,1.0,0.2900257885484865
0.537626300708792,1.0,0.2897400553954166
0.5377771075252601,1.0,0.2897345360548999
0.5379279143417283,1.0,0.2895204665019962
0.5380787211581963,1.0,0.2894865058656167
0.5382295279746645,1.0,0.2894011102259833
0.5383803347911326,1.0,0.2890282323495336
0.5385311416076006,1.0,0.2890243891667952
0.5386819484240688,1.0,0.2889856317338192
0.5388327552405369,1.0,0.288893337216185
0.5389835620570049,1.0,0.2887742850937412
0.5391343688734731,1.0,0.2887704012618575
0.5392851756899412,1.0,0.2885696298853707
0.5394359825064093,1.0,0.2885016865212229
0.5395867893228774,1.0,0.2884503683664413
0.5397375961393455,1.0,0.2884496406370337
0.5398884029558136,1.0,0.2883663829085285
0.5400392097722817,1.0,0.2881450684609554
0.5401900165887498,1.0,0.2880979523416578
0.5403408234052179,1.0,0.2880667542512574
0.540491630221686,1.0,0.2880358652052261
0.5406424370381542,1.0,0.2879718752112623
0.5407932438546222,1.0,0.2879565425426819
0.5409440506710903,1.0,0.2879180431865905
0.5410948574875585,1.0,0.2879051338264342
0.5412456643040265,1.0,0.2878433617745695
0.5413964711204946,1.0,0.2877964286739103
0.5415472779369628,1.0,0.2876437977310913
0.5416980847534308,1.0,0.2875206437296176
0.5418488915698989,1.0,0.2874993911103798
0.5419996983863671,1.0,0.2874594289200584
0.5421505052028351,1.0,0.2873899095214713
0.5423013120193033,1.0,0.2873609197448039
0.5424521188357714,1.0,0.2873594487163797
0.5426029256522394,1.0,0.2871477924712008
0.5427537324687076,1.0,0.28713974497118
0.5429045392851757,1.0,0.2870835641519521
0.5430553461016437,1.0,0.2870659755544313
0.5432061529181119,1.0,0.2870576206100922
0.54335695973458,1.0,0.286990018048874
0.5435077665510482,1.0,0.2869183819513478
0.5436585733675162,1.0,0.286819928816181
0.5438093801839843,1.0,0.2866692168503568
0.5439601870004525,1.0,0.2863415906703423
0.5441109938169205,1.0,0.2862810196306096
0.5442618006333886,1.0,0.2861991250431983
0.5444126074498568,1.0,0.2861334034159172
0.5445634142663248,1.0,0.2860865448436375
0.544714221082793,1.0,0.2860438423063631
0.5448650278992611,1.0,0.2860174318461125
0.5450158347157291,1.0,0.2859901792373238
0.5451666415321973,1.0,0.28597930527553
0.5453174483486654,1.0,0.2859228690490682
0.5454682551651334,1.0,0.2858726521271664
0.5456190619816016,1.0,0.2857264462444808
0.5457698687980697,1.0,0.2857234459373257
0.5459206756145378,1.0,0.2857216691383247
0.5460714824310059,1.0,0.2857196941862422
0.546222289247474,1.0,0.2856847383013418
0.5463730960639421,1.0,0.2855592781160118
0.5465239028804102,1.0,0.2854537580044144
0.5466747096968783,1.0,0.2853954204895739
0.5468255165133464,1.0,0.2852198617659541
0.5469763233298145,1.0,0.2851680049643038
0.5471271301462826,1.0,0.2851289983642943
0.5472779369627507,1.0,0.2850929848782362
0.5474287437792188,1.0,0.2847709811365744
0.547579550595687,1.0,0.284744862143141
0.547730357412155,1.0,0.2847277227343499
0.5478811642286231,1.0,0.2846869893252826
0.5480319710450913,1.0,0.2846580850244498
0.5481827778615593,1.0,0.2844015551023259
0.5483335846780274,1.0,0.2843927561749588
0.5484843914944956,1.0,0.2841226201448106
0.5486351983109636,1.0,0.2840092899550533
0.5487860051274318,1.0,0.2839841545509899
0.5489368119438999,1.0,0.2839619763072579
0.5490876187603679,1.0,0.2838156193142131
0.5492384255768361,1.0,0.2838046481698502
0.5493892323933042,1.0,0.2836632944602554
0.5495400392097722,1.0,0.283652507567414
0.5496908460262404,1.0,0.2836080984928145
0.5498416528427085,1.0,0.2836070546069909
0.5499924596591766,1.0,0.2835780258158177
0.5501432664756447,1.0,0.2832997819807115
0.5502940732921128,1.0,0.2832700609551011
0.550444880108581,1.0,0.2831910664899231
0.550595686925049,1.0,0.2831715709980928
0.5507464937415171,1.0,0.2828597234655095
0.5508973005579852,1.0,0.2828058332803397
0.5510481073744533,1.0,0.2827013967492776
0.5511989141909215,1.0,0.2826882318626286
0.5513497210073895,1.0,0.2826355519750768
0.5515005278238576,1.0,0.2825883322779651
0.5516513346403258,1.0,0.2825155954434872
0.5518021414567938,1.0,0.2824486655072744
0.5519529482732619,1.0,0.2823246273747397
0.5521037550897301,1.0,0.2822914146353034
0.5522545619061981,1.0,0.2819504619764814
0.5524053687226662,1.0,0.2819443614348794
0.5525561755391344,1.0,0.2819351631060876
0.5527069823556024,1.0,0.2818639870462722
0.5528577891720706,1.0,0.2817384859398989
0.5530085959885387,1.0,0.2815800581056982
0.5531594028050068,1.0,0.2815509657756974
0.5533102096214749,1.0,0.2815475937439157
0.553461016437943,1.0,0.2815294017790641
0.553611823254411,1.0,0.2814731919310366
0.5537626300708792,1.0,0.2813347799371339
0.5539134368873473,1.0,0.2813106764516727
0.5540642437038155,1.0,0.2813095372828553
0.5542150505202835,1.0,0.2812848691354665
0.5543658573367516,1.0,0.281227853989817
0.5545166641532198,1.0,0.2811876655021579
0.5546674709696878,1.0,0.2810995252766383
0.5548182777861559,1.0,0.2810638009098352
0.5549690846026241,1.0,0.280967835207916
0.5551198914190921,1.0,0.2809153841691005
0.5552706982355603,1.0,0.280912055712704
0.5554215050520284,1.0,0.2808752663633508
0.5555723118684964,1.0,0.2808616620514208
0.5557231186849646,1.0,0.2804833480059457
0.5558739255014327,1.0,0.2803336707429349
0.5560247323179007,1.0,0.2802806054106989
0.5561755391343689,1.0,0.2802606942824687
0.556326345950837,1.0,0.2802419174853361
0.556477152767305,1.0,0.2801653672793162
0.5566279595837732,1.0,0.2801215796286738
0.5567787664002413,1.0,0.2800618886889832
0.5569295732167094,1.0,0.2799696919234263
0.5570803800331775,1.0,0.2798522530329205
0.5572311868496456,1.0,0.2798038771176608
0.5573819936661137,1.0,0.2797433638539154
0.5575328004825818,1.0,0.2797373194759623
0.5576836072990499,1.0,0.2797202558569309
0.557834414115518,1.0,0.2795950535935244
0.5579852209319861,1.0,0.2795839423971559
0.5581360277484543,1.0,0.2795743719112486
0.5582868345649223,1.0,0.2795500278877497
0.5584376413813904,1.0,0.2794262563743161
0.5585884481978586,1.0,0.279389274154273
0.5587392550143266,1.0,0.2793596323251788
0.5588900618307947,1.0,0.2793369150249679
0.5590408686472629,1.0,0.2792831017572997
0.5591916754637309,1.0,0.2789246619144398
0.5593424822801991,1.0,0.2788446403718751
0.5594932890966672,1.0,0.2786618213048075
0.5596440959131352,1.0,0.2785767158585672
0.5597949027296034,1.0,0.2784437863553716
0.5599457095460715,1.0,0.2783299345992912
0.5600965163625395,1.0,0.278325679063725
0.5602473231790077,1.0,0.278300503968573
0.5603981299954758,1.0,0.2781383341068156
0.560548936811944,1.0,0.2781377791392621
0.560699743628412,1.0,0.277929069674789
0.5608505504448801,1.0,0.2778930013883063
0.5610013572613483,1.0,0.2778123733170971
0.5611521640778163,1.0,0.2777988480354679
0.5613029708942844,1.0,0.2777752706234833
0.5614537777107526,1.0,0.2777431401029082
0.5616045845272206,1.0,0.27751598108901
0.5617553913436887,1.0,0.2774847819979563
0.5619061981601569,1.0,0.2772666177328731
0.5620570049766249,1.0,0.2772153094930111
0.5622078117930931,1.0,0.2771561023205666
0.5623586186095612,1.0,0.2771437648204804
0.5625094254260292,1.0,0.2771210250033314
0.5626602322424974,1.0,0.2768162747276606
0.5628110390589655,1.0,0.2766725019965068
0.5629618458754335,1.0,0.2766564807727552
0.5631126526919017,1.0,0.27662624427113
0.5632634595083698,1.0,0.2762233899155813
0.5634142663248379,1.0,0.2760318046013316
0.563565073141306,1.0,0.2760239710851129
0.5637158799577741,1.0,0.2758966866992511
0.5638666867742422,1.0,0.2757112023615082
0.5640174935907103,1.0,0.2756064203628885
0.5641683004071784,1.0,0.2755883369267252
0.5643191072236465,1.0,0.2755548039413105
0.5644699140401146,1.0,0.2753651368314428
0.5646207208565828,1.0,0.2753268457057891
0.5647715276730508,1.0,0.2752830386547101
0.5649223344895189,1.0,0.2752761715929419
0.5650731413059871,1.0,0.2752710444261985
0.5652239481224551,1.0,0.2751680614668259
0.5653747549389232,1.0,0.2751332074414344
0.5655255617553914,1.0,0.275051649513286
0.5656763685718594,1.0,0.2749809071013899
0.5658271753883276,1.0,0.2749475414480369
0.5659779822047957,1.0,0.2749092558036252
0.5661287890212637,1.0,0.274875660536976
0.5662795958377319,1.0,0.2747765996571213
0.5664304026542,1.0,0.274667430044457
0.566581209470668,1.0,0.2746581425532073
0.5667320162871362,1.0,0.2746144277272258
0.5668828231036043,1.0,0.2745433944243089
0.5670336299200723,1.0,0.2743877108170146
0.5671844367365405,1.0,0.2743273959310788
0.5673352435530086,1.0,0.2737738146395826
0.5674860503694767,1.0,0.273767771181945
0.5676368571859448,1.0,0.2737569567008528
0.5677876640024129,1.0,0.273754791557582
0.567938470818881,1.0,0.2735584705588352
0.5680892776353491,1.0,0.2735288403356352
0.5682400844518172,1.0,0.273524573216985
0.5683908912682853,1.0,0.2734480478127186
0.5685416980847534,1.0,0.2734347705675209
0.5686925049012216,1.0,0.2732461264128867
0.5688433117176896,1.0,0.2730949519665844
0.5689941185341577,1.0,0.2730737275810617
0.5691449253506259,1.0,0.2730627726687592
0.569295732167094,1.0,0.272962711056738
0.569446538983562,1.0,0.2729069034045015
0.5695973458000302,1.0,0.2726751784302211
0.5697481526164982,1.0,0.2724973485370144
0.5698989594329664,1.0,0.2724349552025191
0.5700497662494345,1.0,0.2723903820881953
0.5702005730659025,1.0,0.2723682522281336
0.5703513798823707,1.0,0.2722844242306931
0.5705021866988388,1.0,0.2722832453342191
0.5706529935153069,1.0,0.2721394297423831
0.570803800331775,1.0,0.2720672310088682
0.5709546071482431,1.0,0.2719978387847124
0.5711054139647112,1.0,0.2719308206844896
0.5712562207811793,1.0,0.2717854077786656
0.5714070275976474,1.0,0.2716997708240899
0.5715578344141156,1.0,0.2715447661263778
0.5717086412305836,1.0,0.2714411614330188
0.5718594480470517,1.0,0.2714309637198675
0.5720102548635199,1.0,0.2713872303271459
0.5721610616799879,1.0,0.2713753138317583
0.572311868496456,1.0,0.2711018419126169
0.5724626753129242,1.0,0.2710998149788651
0.5726134821293922,1.0,0.2710866625621272
0.5727642889458604,1.0,0.2710676746313392
0.5729150957623285,1.0,0.2709705169018765
0.5730659025787965,1.0,0.2708386081810079
0.5732167093952647,1.0,0.2707854185340886
0.5733675162117328,1.0,0.2707845791107233
0.5735183230282008,1.0,0.2706657372847291
0.573669129844669,1.0,0.2705927613340481
0.5738199366611371,1.0,0.2705272271021416
0.5739707434776052,1.0,0.2704539128982986
0.5741215502940733,1.0,0.2703568402318808
0.5742723571105414,1.0,0.2703130392571506
0.5744231639270095,1.0,0.2702699562527237
0.5745739707434776,1.0,0.2700561827488797
0.5747247775599457,1.0,0.2696836104093369
0.5748755843764138,1.0,0.2696359875280898
0.5750263911928819,1.0,0.2695815458172325
0.5751771980093501,1.0,0.2693476058328782
0.5753280048258181,1.0,0.2693441890372763
0.5754788116422862,1.0,0.2692643275180265
0.5756296184587544,1.0,0.2692122582813022
0.5757804252752224,1.0,0.2691998353404478
0.5759312320916905,1.0,0.2690678300509662
0.5760820389081587,1.0,0.2689028228160849
0.5762328457246267,1.0,0.268834122296809
0.5763836525410948,1.0,0.2688154644985209
0.576534459357563,1.0,0.2688022565761848
0.576685266174031,1.0,0.2687842238760509
0.5768360729904992,1.0,0.2687761763786802
0.5769868798069673,1.0,0.2686596714328115
0.5771376866234353,1.0,0.2685557435327538
0.5772884934399035,1.0,0.2684454705573318
0.5774393002563716,1.0,0.2683888454493396
0.5775901070728396,1.0,0.2683160990855633
0.5777409138893078,1.0,0.2682577279843847
0.5778917207057759,1.0,0.2681238782949721
0.578042527522244,1.0,0.2679352926226258
0.5781933343387121,1.0,0.2679105771561657
0.5783441411551802,1.0,0.2678873489421637
0.5784949479716484,1.0,0.2674982308755211
0.5786457547881164,1.0,0.2674773739787325
0.5787965616045845,1.0,0.2673699244734506
0.5789473684210527,1.0,0.2673136847433975
0.5790981752375207,1.0,0.2671962906512865
0.5792489820539889,1.0,0.2671671906610259
0.579399788870457,1.0,0.267156460124685
0.579550595686925,1.0,0.2664107347159727
0.5797014025033932,1.0,0.2662899188792764
0.5798522093198613,1.0,0.2662735006451494
0.5800030161363293,1.0,0.2662701929200621
0.5801538229527975,1.0,0.2662479472262152
0.5803046297692656,1.0,0.2659115474581798
0.5804554365857337,1.0,0.2657388794963212
0.5806062434022018,1.0,0.2656776689014344
0.5807570502186699,1.0,0.2655907989730409
0.580907857035138,1.0,0.2655606973652074
0.5810586638516061,1.0,0.2654606939625724
0.5812094706680742,1.0,0.2654478692337704
0.5813602774845423,1.0,0.2654437954880281
0.5815110843010104,1.0,0.2654271004755847
0.5816618911174785,1.0,0.2653448575191298
0.5818126979339466,1.0,0.2652620464145733
0.5819635047504147,1.0,0.265185500453488
0.5821143115668829,1.0,0.2650872141026689
0.5822651183833509,1.0,0.2650367965902625
0.582415925199819,1.0,0.2649514739273609
0.5825667320162872,1.0,0.2649483658001
0.5827175388327552,1.0,0.2649081467888844
0.5828683456492233,1.0,0.264826169034247
0.5830191524656915,1.0,0.2647216734601752
0.5831699592821595,1.0,0.2646652988113371
0.5833207660986277,1.0,0.264554887572164
0.5834715729150958,1.0,0.2644564411592726
0.5836223797315638,1.0,0.264370494754677
0.583773186548032,1.0,0.2642300529413697
0.5839239933645001,1.0,0.264159079254848
0.5840748001809681,1.0,0.2641237371081546
0.5842256069974363,1.0,0.2640695579226965
0.5843764138139044,1.0,0.2640553522473605
0.5845272206303725,1.0,0.2639617566786038
0.5846780274468406,1.0,0.2639500775156085
0.5848288342633087,1.0,0.2638563801526034
0.5849796410797768,1.0,0.2638320687294315
0.5851304478962449,1.0,0.2638245030967219
0.585281254712713,1.0,0.2637840015216746
0.5854320615291811,1.0,0.2637800133621158
0.5855828683456492,1.0,0.2637552148102889
0.5857336751621173,1.0,0.2637403501596135
0.5858844819785854,1.0,0.2636719208641124
0.5860352887950535,1.0,0.2636456158368231
0.5861860956115217,1.0,0.263615301152998
0.5863369024279897,1.0,0.2636134088948988
0.5864877092444578,1.0,0.26327022404175
0.586638516060926,1.0,0.263162629318049
0.586789322877394,1.0,0.2631408877296692
0.5869401296938621,1.0,0.2631143285350554
0.5870909365103303,1.0,0.2630641769970681
0.5872417433267983,1.0,0.2630212935050181
0.5873925501432665,1.0,0.2627863519086323
0.5875433569597346,1.0,0.2626573659722359
0.5876941637762026,1.0,0.2626514237632141
0.5878449705926708,1.0,0.2626360784816574
0.5879957774091389,1.0,0.2624712206751484
0.588146584225607,1.0,0.262440859991126
0.5882973910420751,1.0,0.2624360481735438
0.5884481978585432,1.0,0.2624091091471545
0.5885990046750114,1.0,0.2619944094468133
0.5887498114914794,1.0,0.2617722228993709
0.5889006183079475,1.0,0.2615006104177612
0.5890514251244157,1.0,0.2614318744315837
0.5892022319408837,1.0,0.2614304698811551
0.5893530387573518,1.0,0.2613124029128988
0.58950384557382,1.0,0.2612537861463301
0.589654652390288,1.0,0.261188638737052
0.5898054592067562,1.0,0.2609274593765021
0.5899562660232243,1.0,0.2608846375434804
0.5901070728396923,1.0,0.2608840161591517
0.5902578796561605,1.0,0.260763931497269
0.5904086864726286,1.0,0.2604549850918708
0.5905594932890966,1.0,0.2604414715820136
0.5907103001055648,1.0,0.2603203383423282
0.5908611069220329,1.0,0.2601886776894879
0.5910119137385009,1.0,0.2600218211083872
0.5911627205549691,1.0,0.260017095897008
0.5913135273714372,1.0,0.2598321731067778
0.5914643341879053,1.0,0.2598320108715093
0.5916151410043734,1.0,0.2595238127699499
0.5917659478208415,1.0,0.2595091567078755
0.5919167546373096,1.0,0.2594971412194162
0.5920675614537777,1.0,0.2592472409182558
0.5922183682702458,1.0,0.2591439140562694
0.5923691750867139,1.0,0.2590371029879851
0.592519981903182,1.0,0.2589363600624401
0.5926707887196502,1.0,0.2588813421253922
0.5928215955361182,1.0,0.258880208357659
0.5929724023525863,1.0,0.2588707171924349
0.5931232091690545,1.0,0.2588706628345015
0.5932740159855225,1.0,0.2588127669407466
0.5934248228019906,1.0,0.2587324195539838
0.5935756296184588,1.0,0.2586680972099602
0.5937264364349268,1.0,0.2586394296167681
0.593877243251395,1.0,0.2584976466282999
0.5940280500678631,1.0,0.2584740564403853
0.5941788568843311,1.0,0.2584617482042072
0.5943296637007993,1.0,0.2584498708425187
0.5944804705172674,1.0,0.2583970535687841
0.5946312773337354,1.0,0.2582923752015771
0.5947820841502036,1.0,0.2582438404960246
0.5949328909666717,1.0,0.2581713146930108
0.5950836977831399,1.0,0.2580166754228861
0.5952345045996079,1.0,0.2578068416290858
0.595385311416076,1.0,0.2575894534835375
0.5955361182325442,1.0,0.2575506566851999
0.5956869250490122,1.0,0.2575057897398917
0.5958377318654803,1.0,0.2574155545274706
0.5959885386819485,1.0,0.2573939129722024
0.5961393454984165,1.0,0.2572616414081135
0.5962901523148846,1.0,0.2572526030466557
0.5964409591313528,1.0,0.2572022388329267
0.5965917659478208,1.0,0.2570883696948212
0.596742572764289,1.0,0.2570738841059219
0.596893379580757,1.0,0.2568301855585656
0.5970441863972251,1.0,0.2567164163132449
0.5971949932136933,1.0,0.256689267951754
0.5973458000301614,1.0,0.2566805485488057
0.5974966068466294,1.0,0.2566235898658991
0.5976474136630976,1.0,0.2565682256220513
0.5977982204795657,1.0,0.2565014765554432
0.5979490272960338,1.0,0.2564544066621283
0.5980998341125019,1.0,0.2562396925469667
0.59825064092897,1.0,0.2561890627932393
0.5984014477454381,1.0,0.2560339649211673
0.5985522545619062,1.0,0.2560041957423606
0.5987030613783743,1.0,0.255859128813456
0.5988538681948424,1.0,0.25573941462096
0.5990046750113105,1.0,0.2556064681495961
0.5991554818277787,1.0,0.2555743652152039
0.5993062886442467,1.0,0.255558594695131
0.5994570954607148,1.0,0.255490311034306
0.599607902277183,1.0,0.25533285218349
0.599758709093651,1.0,0.2553060539499183
0.5999095159101191,1.0,0.2551058634891689
0.6000603227265873,1.0,0.2550744397075352
0.6002111295430553,1.0,0.2549394023386414
0.6003619363595234,1.0,0.2548741220584662
0.6005127431759916,1.0,0.2548202542828195
0.6006635499924596,1.0,0.2547066810035893
0.6008143568089278,1.0,0.2546912197241582
0.6009651636253959,1.0,0.254664528133299
0.6011159704418639,1.0,0.2546404402608329
0.6012667772583321,1.0,0.2545919628682487
0.6014175840748002,1.0,0.2545787128984553
0.6015683908912682,1.0,0.2545534048963501
0.6017191977077364,1.0,0.2545329428735994
0.6018700045242045,1.0,0.2545143130001917
0.6020208113406726,1.0,0.2544082573472094
0.6021716181571407,1.0,0.2542890201930616
0.6023224249736088,1.0,0.2542602884849964
0.602473231790077,1.0,0.2542057587322724
0.602624038606545,1.0,0.2542013519325365
0.6027748454230131,1.0,0.254186214283381
0.6029256522394812,1.0,0.2541349169257026
0.6030764590559493,1.0,0.2540674554719502
0.6032272658724175,1.0,0.2540484002829845
0.6033780726888855,1.0,0.2540142361768918
0.6035288795053536,1.0,0.2539341470662792
0.6036796863218218,1.0,0.2537639673663736
0.6038304931382898,1.0,0.2537336738534698
0.6039812999547579,1.0,0.2537169123566183
0.6041321067712261,1.0,0.2535980100743459
0.6042829135876941,1.0,0.2534703966371753
0.6044337204041623,1.0,0.2534223610553579
0.6045845272206304,1.0,0.2533433746559577
0.6047353340370984,1.0,0.2532067783773482
0.6048861408535666,1.0,0.2531865503960231
0.6050369476700347,1.0,0.2531016084700999
0.6051877544865027,1.0,0.2528981651545782
0.6053385613029709,1.0,0.2528848753378201
0.605489368119439,1.0,0.2528820179614526
0.605640174935907,1.0,0.2527985832377368
0.6057909817523752,1.0,0.2527811177139505
0.6059417885688433,1.0,0.2526040091138452
0.6060925953853115,1.0,0.2524931604093436
0.6062434022017795,1.0,0.2524031911773601
0.6063942090182476,1.0,0.252386282845386
0.6065450158347158,1.0,0.2521514973250865
0.6066958226511838,1.0,0.2521329270774229
0.6068466294676519,1.0,0.2521010156529256
0.6069974362841201,1.0,0.2520067275376547
0.6071482431005881,1.0,0.2519622785390211
0.6072990499170563,1.0,0.2518890439853827
0.6074498567335244,1.0,0.251840385271902
0.6076006635499924,1.0,0.2517930785762799
0.6077514703664606,1.0,0.2517829535760706
0.6079022771829287,1.0,0.2517273411102663
0.6080530839993967,1.0,0.251686418028257
0.6082038908158649,1.0,0.2516648511637812
0.608354697632333,1.0,0.2516594295854526
0.6085055044488011,1.0,0.251573369609376
0.6086563112652692,1.0,0.251231477279864
0.6088071180817373,1.0,0.2511402595531399
0.6089579248982054,1.0,0.2511399885811775
0.6091087317146735,1.0,0.2511260573347777
0.6092595385311416,1.0,0.2510919134632613
0.6094103453476097,1.0,0.2509048121756227
0.6095611521640778,1.0,0.2508763926837144
0.609711958980546,1.0,0.2507220702663387
0.609862765797014,1.0,0.2506999451432899
0.6100135726134821,1.0,0.250610367174521
0.6101643794299503,1.0,0.2503929489039036
0.6103151862464183,1.0,0.2503390760081077
0.6104659930628864,1.0,0.2503319384648515
0.6106167998793546,1.0,0.2502561440648362
0.6107676066958226,1.0,0.25024211625005
0.6109184135122907,1.0,0.2502201507792444
0.6110692203287589,1.0,0.250195164108037
0.6112200271452269,1.0,0.2499208613901324
0.6113708339616951,1.0,0.2497909582245095
0.6115216407781632,1.0,0.2497659144460143
0.6116724475946312,1.0,0.2496874495785526
0.6118232544110994,1.0,0.249615208636581
0.6119740612275675,1.0,0.2496102977460469
0.6121248680440355,1.0,0.2495912571752367
0.6122756748605037,1.0,0.2495383030257888
0.6124264816769718,1.0,0.2492531950102803
0.61257728849344,1.0,0.2492374145177149
0.612728095309908,1.0,0.2490410251799862
0.6128789021263761,1.0,0.2490026949165137
0.6130297089428443,1.0,0.2487511082740636
0.6131805157593123,1.0,0.2486017151381601
0.6133313225757804,1.0,0.2485118133182301
0.6134821293922486,1.0,0.2484923804348551
0.6136329362087166,1.0,0.2484851911961332
0.6137837430251848,1.0,0.248402757196491
0.6139345498416529,1.0,0.2483517197314065
0.6140853566581209,1.0,0.248341003603838
0.6142361634745891,1.0,0.2482596609707336
0.6143869702910572,1.0,0.2481860857194275
0.6145377771075252,1.0,0.2481844219990681
0.6146885839239934,1.0,0.2478145352798515
0.6148393907404615,1.0,0.2477367101893865
0.6149901975569295,1.0,0.2477216910683914
0.6151410043733977,1.0,0.2477161693094846
0.6152918111898658,1.0,0.2473468873888175
0.6154426180063339,1.0,0.2473262377333488
0.615593424822802,1.0,0.247244792313391
0.6157442316392701,1.0,0.2470334765879499
0.6158950384557382,1.0,0.2469680517817231
0.6160458452722063,1.0,0.2469195703193736
0.6161966520886744,1.0,0.2469165059096724
0.6163474589051425,1.0,0.2469097500352874
0.6164982657216106,1.0,0.2469050681490589
0.6166490725380788,1.0,0.2468369592608755
0.6167998793545468,1.0,0.2468166822070862
0.6169506861710149,1.0,0.2468156829375537
0.6171014929874831,1.0,0.2467872391735089
0.6172522998039511,1.0,0.2464793169385725
0.6174031066204192,1.0,0.2464358442319497
0.6175539134368874,1.0,0.2463409605342309
0.6177047202533554,1.0,0.2463093082116933
0.6178555270698236,1.0,0.2462985775116535
0.6180063338862917,1.0,0.2460477791265733
0.6181571407027597,1.0,0.2459931206978907
0.6183079475192279,1.0,0.2459464810069483
0.618458754335696,1.0,0.2458077830804974
0.618609561152164,1.0,0.2457742618544185
0.6187603679686322,1.0,0.2457408292360773
0.6189111747851003,1.0,0.245567911295105
0.6190619816015684,1.0,0.2455480917055691
0.6192127884180365,1.0,0.2454319595363178
0.6193635952345046,1.0,0.2454299398074632
0.6195144020509727,1.0,0.2454138618200103
0.6196652088674408,1.0,0.2454022315024732
0.6198160156839089,1.0,0.245306924910577
0.619966822500377,1.0,0.2452358665276933
0.6201176293168451,1.0,0.2450901900124416
0.6202684361333132,1.0,0.2450832944675494
0.6204192429497813,1.0,0.244874397438126
0.6205700497662494,1.0,0.2447501773212991
0.6207208565827176,1.0,0.2446726191281702
0.6208716633991856,1.0,0.2445748679446877
0.6210224702156537,1.0,0.244539828638784
0.6211732770321219,1.0,0.2444971829258649
0.62132408384859,1.0,0.2444871935889581
0.621474890665058,1.0,0.2444249658868022
0.6216256974815262,1.0,0.244401015828575
0.6217765042979942,1.0,0.2443595504601909
0.6219273111144624,1.0,0.2440696833979817
0.6220781179309305,1.0,0.2440659177306366
0.6222289247473985,1.0,0.2439703225253449
0.6223797315638667,1.0,0.2438879307706577
0.6225305383803348,1.0,0.2438526885841115
0.6226813451968028,1.0,0.243793490682818
0.622832152013271,1.0,0.2437821963437402
0.6229829588297391,1.0,0.2437155456357853
0.6231337656462073,1.0,0.2436415166464517
0.6232845724626753,1.0,0.2436023557946834
0.6234353792791434,1.0,0.243578744801065
0.6235861860956116,1.0,0.2435731204164624
0.6237369929120796,1.0,0.2434954928511824
0.6238877997285477,1.0,0.2433752557753428
0.6240386065450159,1.0,0.2433562715254747
0.6241894133614839,1.0,0.2431423265732478
0.6243402201779521,1.0,0.2431345936202935
0.6244910269944202,1.0,0.2430453813588226
0.6246418338108882,1.0,0.2428810011283902
0.6247926406273564,1.0,0.2428605452940234
0.6249434474438245,1.0,0.2427996238319066
0.6250942542602925,1.0,0.242749402315238
0.6252450610767607,1.0,0.2427252243167775
0.6253958678932288,1.0,0.2426979256760429
0.6255466747096968,1.0,0.2423355695442945
0.625697481526165,1.0,0.2422142608543508
0.6258482883426331,1.0,0.2422066494067148
0.6259990951591012,1.0,0.2420687742936437
0.6261499019755693,1.0,0.2420134286858267
0.6263007087920374,1.0,0.2419871578813305
0.6264515156085055,1.0,0.2419181093178662
0.6266023224249736,1.0,0.2418192543461362
0.6267531292414417,1.0,0.2416836933372907
0.6269039360579098,1.0,0.2416585768170805
0.6270547428743779,1.0,0.2416584050115532
0.6272055496908461,1.0,0.2416279591738407
0.6273563565073141,1.0,0.2416240709862067
0.6275071633237822,1.0,0.2416224401234355
0.6276579701402504,1.0,0.2415865134630486
0.6278087769567184,1.0,0.2414733349052664
0.6279595837731865,1.0,0.2414561414499433
0.6281103905896547,1.0,0.2414520777212966
0.6282611974061227,1.0,0.2414113299438439
0.6284120042225909,1.0,0.2413095261572306
0.628562811039059,1.0,0.2412678414528842
0.628713617855527,1.0,0.2411537345607038
0.6288644246719952,1.0,0.2409602026422004
0.6290152314884633,1.0,0.2409228188532478
0.6291660383049313,1.0,0.2408875815994993
0.6293168451213995,1.0,0.2407159492925705
0.6294676519378676,1.0,0.2407039520972089
0.6296184587543356,1.0,0.2404995240987534
0.6297692655708038,1.0,0.2404291561507499
0.6299200723872719,1.0,0.2402868986522872
0.63007087920374,1.0,0.2402517739997051
0.6302216860202081,1.0,0.2401154109336166
0.6303724928366762,1.0,0.2400961804048895
0.6305232996531444,1.0,0.2400808894380437
0.6306741064696124,1.0,0.2400042422344197
0.6308249132860805,1.0,0.2399149672291281
0.6309757201025487,1.0,0.2398273517990441
0.6311265269190167,1.0,0.2398136091941373
0.6312773337354849,1.0,0.2397473791141667
0.631428140551953,1.0,0.2397074977392616
0.631578947368421,1.0,0.2395613319421659
0.6317297541848892,1.0,0.2394745031801673
0.6318805610013573,1.0,0.2394178387290569
0.6320313678178253,1.0,0.2393012402052092
0.6321821746342935,1.0,0.2392220298751911
0.6323329814507616,1.0,0.2392145329144245
0.6324837882672297,1.0,0.2391898317656682
0.6326345950836978,1.0,0.2390245357555132
0.6327854019001659,1.0,0.2389385687537821
0.632936208716634,1.0,0.2387944587574963
0.6330870155331021,1.0,0.2387622153083185
0.6332378223495702,1.0,0.2385408697026529
0.6333886291660383,1.0,0.2382358744035206
0.6335394359825064,1.0,0.2381359722880144
0.6336902427989746,1.0,0.2379404472191905
0.6338410496154426,1.0,0.2378354367996554
0.6339918564319107,1.0,0.2374339743864642
0.6341426632483789,1.0,0.237397072828687
0.6342934700648469,1.0,0.2372971183760516
0.634444276881315,1.0,0.2371687838558681
0.6345950836977832,1.0,0.2370789349062056
0.6347458905142512,1.0,0.2370111856542469
0.6348966973307193,1.0,0.2369315310202517
0.6350475041471875,1.0,0.2369069989861048
0.6351983109636555,1.0,0.2368975416044917
0.6353491177801237,1.0,0.236850384616737
0.6354999245965918,1.0,0.2368106889678257
0.6356507314130598,1.0,0.2365180148100621
0.635801538229528,1.0,0.2364376899457433
0.6359523450459961,1.0,0.2362849586359575
0.6361031518624641,1.0,0.2362599780151766
0.6362539586789323,1.0,0.2362134556629914
0.6364047654954004,1.0,0.2361962988592513
0.6365555723118685,1.0,0.2359712569163007
0.6367063791283366,1.0,0.235963384625453
0.6368571859448047,1.0,0.2358211047175387
0.6370079927612728,1.0,0.2358202747212592
0.6371587995777409,1.0,0.2357471736428323
0.637309606394209,1.0,0.2357161207207206
0.6374604132106771,1.0,0.2356021177918483
0.6376112200271452,1.0,0.235568498091173
0.6377620268436134,1.0,0.2355468569684443
0.6379128336600814,1.0,0.2354516914963329
0.6380636404765495,1.0,0.2353470718708492
0.6382144472930177,1.0,0.2353283364097121
0.6383652541094857,1.0,0.2352970600897835
0.6385160609259538,1.0,0.2350608908243338
0.638666867742422,1.0,0.2350444122667177
0.63881767455889,1.0,0.2347765484338354
0.6389684813753582,1.0,0.2347309142214843
0.6391192881918263,1.0,0.2345858006546848
0.6392700950082943,1.0,0.2345514935014011
0.6394209018247625,1.0,0.2343889265344561
0.6395717086412306,1.0,0.2340699405014418
0.6397225154576986,1.0,0.2339782175177328
0.6398733222741668,1.0,0.2337944059404691
0.6400241290906349,1.0,0.2337707411447945
0.640174935907103,1.0,0.2336598849523302
0.6403257427235711,1.0,0.233637376921544
0.6404765495400392,1.0,0.2335539879194628
0.6406273563565074,1.0,0.2335459808934304
0.6407781631729754,1.0,0.2335254067493801
0.6409289699894435,1.0,0.2334876961873494
0.6410797768059117,1.0,0.2333962377301824
0.6412305836223797,1.0,0.2333615587938487
0.6413813904388478,1.0,0.2332988075532334
0.641532197255316,1.0,0.2331545613638653
0.641683004071784,1.0,0.2331487053749709
0.6418338108882522,1.0,0.2328166889240074
0.6419846177047203,1.0,0.2328093311341171
0.6421354245211883,1.0,0.232780410403194
0.6422862313376565,1.0,0.2327004158719307
0.6424370381541246,1.0,0.2326965004878142
0.6425878449705926,1.0,0.2326547799676472
0.6427386517870608,1.0,0.2326534684712531
0.6428894586035289,1.0,0.2326021820761122
0.643040265419997,1.0,0.2324403656027308
0.6431910722364651,1.0,0.2323475367233028
0.6433418790529332,1.0,0.2322949415966209
0.6434926858694013,1.0,0.23228593507674
0.6436434926858694,1.0,0.2322794117362061
0.6437942995023375,1.0,0.2319657967156299
0.6439451063188056,1.0,0.2319004220062025
0.6440959131352737,1.0,0.2318728539892936
0.6442467199517418,1.0,0.2318128460708185
0.6443975267682099,1.0,0.2316156143911012
0.644548333584678,1.0,0.2316129079065202
0.6446991404011462,1.0,0.2314997438206784
0.6448499472176142,1.0,0.2314931745031356
0.6450007540340823,1.0,0.231265232648589
0.6451515608505505,1.0,0.2310759816004914
0.6453023676670185,1.0,0.2310087652697124
0.6454531744834866,1.0,0.2308740238656312
0.6456039812999548,1.0,0.2308251907145407
0.6457547881164228,1.0,0.230762577741376
0.645905594932891,1.0,0.2306474081612739
0.6460564017493591,1.0,0.2305832473977369
0.6462072085658271,1.0,0.230513616419921
0.6463580153822953,1.0,0.2305101132067467
0.6465088221987634,1.0,0.2302917573781781
0.6466596290152314,1.0,0.2302662995966169
0.6468104358316996,1.0,0.230108449873358
0.6469612426481677,1.0,0.2300814249069776
0.6471120494646359,1.0,0.2300807501106412
0.6472628562811039,1.0,0.2300081745945549
0.647413663097572,1.0,0.2299248804384202
0.6475644699140402,1.0,0.2299196693994322
0.6477152767305082,1.0,0.2298432147033332
0.6478660835469763,1.0,0.2298029149759936
0.6480168903634445,1.0,0.2297290088791922
0.6481676971799125,1.0,0.2297010353401686
0.6483185039963807,1.0,0.2296630219699092
0.6484693108128488,1.0,0.2296525592077728
0.6486201176293168,1.0,0.2295836749767127
0.648770924445785,1.0,0.2295300984834316
0.648921731262253,1.0,0.2295198943753792
0.6490725380787211,1.0,0.2295042344795038
0.6492233448951893,1.0,0.2294858413205973
0.6493741517116574,1.0,0.229464074196283
0.6495249585281254,1.0,0.2294147840091714
0.6496757653445936,1.0,0.2293351643015299
0.6498265721610617,1.0,0.2291926459576692
0.6499773789775298,1.0,0.2291635836230278
0.6501281857939979,1.0,0.2289681486847818
0.650278992610466,1.0,0.2288250286770288
0.6504297994269341,1.0,0.2287349686100366
0.6505806062434022,1.0,0.2285961356791149
0.6507314130598703,1.0,0.2284492712197419
0.6508822198763384,1.0,0.228294405358701
0.6510330266928065,1.0,0.2281329711685136
0.6511838335092747,1.0,0.2279940007786512
0.6513346403257427,1.0,0.2279652430997034
0.6514854471422108,1.0,0.2279226507843021
0.651636253958679,1.0,0.2278593701110537
0.651787060775147,1.0,0.2278440718834314
0.6519378675916151,1.0,0.2278022941550293
0.6520886744080833,1.0,0.2277525944089515
0.6522394812245513,1.0,0.2276831218345339
0.6523902880410195,1.0,0.2275598836257684
0.6525410948574876,1.0,0.2272713445218581
0.6526919016739556,1.0,0.2272418053026469
0.6528427084904238,1.0,0.2271574915365628
0.6529935153068919,1.0,0.2270100030504916
0.6531443221233599,1.0,0.2269820216662457
0.6532951289398281,1.0,0.2269177865405461
0.6534459357562962,1.0,0.2265948450577219
0.6535967425727643,1.0,0.2264466376909099
0.6537475493892324,1.0,0.2263307025454076
0.6538983562057005,1.0,0.2263122724048467
0.6540491630221686,1.0,0.2262469712770347
0.6541999698386367,1.0,0.2261968437267069
0.6543507766551048,1.0,0.2261669804432335
0.654501583471573,1.0,0.226128148310884
0.654652390288041,1.0,0.2261167075236819
0.6548031971045091,1.0,0.2260137630606546
0.6549540039209772,1.0,0.2259431084668421
0.6551048107374453,1.0,0.2259396809852095
0.6552556175539135,1.0,0.2259038668916118
0.6554064243703815,1.0,0.2259007954956491
0.6555572311868496,1.0,0.2253738611785528
0.6557080380033178,1.0,0.2253513882593892
0.6558588448197858,1.0,0.2252799715434723
0.6560096516362539,1.0,0.2252299060839144
0.6561604584527221,1.0,0.2252259412581503
0.6563112652691901,1.0,0.2251633431841574
0.6564620720856583,1.0,0.225017729170951
0.6566128789021264,1.0,0.224985140002165
0.6567636857185944,1.0,0.2249744946119083
0.6569144925350626,1.0,0.2249170975161626
0.6570652993515307,1.0,0.2247285823751699
0.6572161061679987,1.0,0.2246843674654395
0.6573669129844669,1.0,0.2246831020567506
0.657517719800935,1.0,0.2245613081114946
0.6576685266174032,1.0,0.2242143648449817
0.6578193334338712,1.0,0.2241124468286617
0.6579701402503393,1.0,0.2241051090469051
0.6581209470668075,1.0,0.2237859057119166
0.6582717538832755,1.0,0.2237643005409669
0.6584225606997436,1.0,0.2237501995075896
0.6585733675162118,1.0,0.2237347552972171
0.6587241743326798,1.0,0.2237102755848194
0.6588749811491479,1.0,0.2236188236728689
0.6590257879656161,1.0,0.2234625323476966
0.6591765947820841,1.0,0.2234612033060647
0.6593274015985523,1.0,0.2233920206792674
0.6594782084150204,1.0,0.2233634734937345
0.6596290152314884,1.0,0.223125105639557
0.6597798220479566,1.0,0.2230112008024797
0.6599306288644247,1.0,0.2228460570642053
0.6600814356808927,1.0,0.2226733616085932
0.6602322424973609,1.0,0.2226151881100352
0.660383049313829,1.0,0.2225779884345315
0.6605338561302971,1.0,0.2225396661317759
0.6606846629467652,1.0,0.222524233479881
0.6608354697632333,1.0,0.2224475851001877
0.6609862765797014,1.0,0.2223431799903512
0.6611370833961695,1.0,0.2223349454197646
0.6612878902126376,1.0,0.2223048781003068
0.6614386970291057,1.0,0.2222703598578597
0.6615895038455738,1.0,0.2222187798180532
0.661740310662042,1.0,0.2221418677089637
0.66189111747851,1.0,0.2221357272885759
0.6620419242949781,1.0,0.2220699126420904
0.6621927311114463,1.0,0.2220627968923709
0.6623435379279143,1.0,0.221872260455348
0.6624943447443824,1.0,0.2218044530473699
0.6626451515608506,1.0,0.2217548974977168
0.6627959583773186,1.0,0.2217102664285768
0.6629467651937868,1.0,0.2216512977338957
0.6630975720102549,1.0,0.2215820266343858
0.6632483788267229,1.0,0.2214341756760131
0.6633991856431911,1.0,0.2213514194037271
0.6635499924596592,1.0,0.2212161936075724
0.6637007992761272,1.0,0.2211139664932216
0.6638516060925954,1.0,0.2210843506429233
0.6640024129090635,1.0,0.2209902841891441
0.6641532197255315,1.0,0.2209447949286376
0.6643040265419997,1.0,0.2208925007102581
0.6644548333584678,1.0,0.2207129059390152
0.664605640174936,1.0,0.2205639344917337
0.664756446991404,1.0,0.2205195442017073
0.6649072538078721,1.0,0.2203901764294064
0.6650580606243403,1.0,0.2202290058478045
0.6652088674408083,1.0,0.2201955735155719
0.6653596742572764,1.0,0.2199718176438702
0.6655104810737446,1.0,0.2199585690280016
0.6656612878902126,1.0,0.2197748993075925
0.6658120947066808,1.0,0.2196673857994959
0.6659629015231489,1.0,0.2195326471017696
0.6661137083396169,1.0,0.2190509968143207
0.6662645151560851,1.0,0.2190492910916945
0.6664153219725532,1.0,0.2190008478035827
0.6665661287890212,1.0,0.2188206425212038
0.6667169356054894,1.0,0.2187936716555479
0.6668677424219575,1.0,0.2187686195985667
0.6670185492384256,1.0,0.2187175259175865
0.6671693560548937,1.0,0.2187044650251367
0.6673201628713618,1.0,0.2186840337541106
0.6674709696878299,1.0,0.2186440191021757
0.667621776504298,1.0,0.2185344052412917
0.6677725833207661,1.0,0.2184503649315894
0.6679233901372342,1.0,0.2184403880744652
0.6680741969537023,1.0,0.2182246842126166
0.6682250037701705,1.0,0.2180895002482208
0.6683758105866385,1.0,0.2179089272140713
0.6685266174031066,1.0,0.2178172989250148
0.6686774242195748,1.0,0.2178076559958314
0.6688282310360428,1.0,0.2176565388117221
0.6689790378525109,1.0,0.2173926498566566
0.6691298446689791,1.0,0.2172704412478868
0.6692806514854471,1.0,0.2172285621098272
0.6694314583019152,1.0,0.2169274122023777
0.6695822651183834,1.0,0.2169014904029589
0.6697330719348514,1.0,0.2167363883289558
0.6698838787513196,1.0,0.2166632098588544
0.6700346855677877,1.0,0.2166348539682709
0.6701854923842557,1.0,0.2165976576754417
0.6703362992007239,1.0,0.2165028276967054
0.670487106017192,1.0,0.2164283352650471
0.67063791283366,1.0,0.2164060610092698
0.6707887196501282,1.0,0.216376689467258
0.6709395264665963,1.0,0.2162634088235836
0.6710903332830644,1.0,0.2162366224532399
0.6712411400995325,1.0,0.2161026774448292
0.6713919469160006,1.0,0.2160432829097398
0.6715427537324687,1.0,0.2159918184804161
0.6716935605489368,1.0,0.215944310126737
0.6718443673654049,1.0,0.2159225732345772
0.671995174181873,1.0,0.2158898476660111
0.6721459809983411,1.0,0.2157653964532744
0.6722967878148093,1.0,0.215749761182153
0.6724475946312773,1.0,0.2156544261019541
0.6725984014477454,1.0,0.2155906100887068
0.6727492082642136,1.0,0.2155833039909999
0.6729000150806816,1.0,0.2155456992912905
0.6730508218971497,1.0,0.2155302979710643
0.6732016287136179,1.0,0.215501610337117
0.673352435530086,1.0,0.2153671562284521
0.673503242346554,1.0,0.2153046252170198
0.6736540491630222,1.0,0.2152252316909672
0.6738048559794902,1.0,0.2151927956907321
0.6739556627959584,1.0,0.2151858925227243
0.6741064696124265,1.0,0.2151329438382087
0.6742572764288945,1.0,0.2151099839498942
0.6744080832453627,1.0,0.2150472445376936
0.6745588900618308,1.0,0.2149951509536769
0.6747096968782988,1.0,0.2149109693088239
0.674860503694767,1.0,0.2149077205957408
0.6750113105112351,1.0,0.2148631527457948
0.6751621173277033,1.0,0.2147363692458388
0.6753129241441713,1.0,0.2146121425371076
0.6754637309606394,1.0,0.2144694437501209
0.6756145377771076,1.0,0.2143697522685507
0.6757653445935756,1.0,0.2143070418049994
0.6759161514100437,1.0,0.2141697619737023
0.6760669582265119,1.0,0.2141440288361746
0.6762177650429799,1.0,0.21409365115561
0.6763685718594481,1.0,0.2140429754866095
0.6765193786759162,1.0,0.2139682169936778
0.6766701854923842,1.0,0.2139641498046563
0.6768209923088524,1.0,0.21393397003546
0.6769717991253205,1.0,0.2138802603405227
0.6771226059417885,1.0,0.2138285496582039
0.6772734127582567,1.0,0.2136407643590161
0.6774242195747248,1.0,0.2135152045934472
0.6775750263911929,1.0,0.213506823453818
0.677725833207661,1.0,0.2134851437328368
0.6778766400241291,1.0,0.2133271105421584
0.6780274468405972,1.0,0.213201707893691
0.6781782536570653,1.0,0.213165536065928
0.6783290604735334,1.0,0.2131142578657622
0.6784798672900015,1.0,0.213100738467769
0.6786306741064696,1.0,0.213092014804646
0.6787814809229377,1.0,0.213089947509126
0.6789322877394058,1.0,0.2129505982590425
0.6790830945558739,1.0,0.2126319246745267
0.6792339013723421,1.0,0.2125079361429434
0.6793847081888101,1.0,0.2122079236249421
0.6795355150052782,1.0,0.212092561267525
0.6796863218217464,1.0,0.2119823284408599
0.6798371286382144,1.0,0.2119002323774503
0.6799879354546825,1.0,0.2118816208336695
0.6801387422711507,1.0,0.2117124007110749
0.6802895490876187,1.0,0.211491327458872
0.6804403559040869,1.0,0.2113207047588509
0.680591162720555,1.0,0.2112823345353982
0.680741969537023,1.0,0.2112795487840389
0.6808927763534912,1.0,0.2111189024526573
0.6810435831699593,1.0,0.2109910547400859
0.6811943899864273,1.0,0.2107815108052109
0.6813451968028955,1.0,0.2107373464668689
0.6814960036193636,1.0,0.2106933143723402
0.6816468104358318,1.0,0.2105778885413783
0.6817976172522998,1.0,0.2105152975474932
0.6819484240687679,1.0,0.210493581677667
0.682099230885236,1.0,0.2104407135977931
0.6822500377017041,1.0,0.2103218156004317
0.6824008445181722,1.0,0.2102542347333145
0.6825516513346404,1.0,0.21025160515699
0.6827024581511084,1.0,0.2101273297536624
0.6828532649675766,1.0,0.2099939064052947
0.6830040717840447,1.0,0.2099400890229817
0.6831548786005127,1.0,0.2098241092843558
0.6833056854169809,1.0,0.2096675176776476
0.683456492233449,1.0,0.2096656239979499
0.683607299049917,1.0,0.2095517400971442
0.6837581058663852,1.0,0.2094804182205636
0.6839089126828533,1.0,0.209461387883115
0.6840597194993213,1.0,0.2094540290367543
0.6842105263157895,1.0,0.2094345100289179
0.6843613331322576,1.0,0.2092855291209113
0.6845121399487257,1.0,0.2092553677998403
0.6846629467651938,1.0,0.2091704305655419
0.6848137535816619,1.0,0.2091465238584867
0.68496456039813,1.0,0.2090507282790465
0.6851153672145981,1.0,0.2085592331574057
0.6852661740310662,1.0,0.2084243465236867
0.6854169808475343,1.0,0.208385156088832
0.6855677876640024,1.0,0.208307425076273
0.6857185944804706,1.0,0.2082767174815731
0.6858694012969386,1.0,0.2081788674498885
0.6860202081134067,1.0,0.2080581674621877
0.6861710149298749,1.0,0.2079897831726217
0.6863218217463429,1.0,0.2079850300365589
0.686472628562811,1.0,0.2079784040934939
0.6866234353792792,1.0,0.2079427023506088
0.6867742421957472,1.0,0.207890135882013
0.6869250490122154,1.0,0.2078824048527336
0.6870758558286835,1.0,0.2077782708733092
0.6872266626451515,1.0,0.2077406202201925
0.6873774694616197,1.0,0.2077397895385314
0.6875282762780878,1.0,0.2076337402575153
0.6876790830945558,1.0,0.207599560878987
0.687829889911024,1.0,0.2075891922113587
0.6879806967274921,1.0,0.2075128465467232
0.6881315035439601,1.0,0.2074865353733827
0.6882823103604283,1.0,0.2074437832193291
0.6884331171768964,1.0,0.2074142096093005
0.6885839239933645,1.0,0.2074088834347043
0.6887347308098326,1.0,0.2071930560244088
0.6888855376263007,1.0,0.2071432260119242
0.6890363444427688,1.0,0.207051838861648
0.6891871512592369,1.0,0.2070516689451879
0.689337958075705,1.0,0.206630364594933
0.6894887648921731,1.0,0.2065423101883969
0.6896395717086412,1.0,0.206529007470549
0.6897903785251094,1.0,0.2065231168884514
0.6899411853415774,1.0,0.2065201662645645
0.6900919921580455,1.0,0.2063895927056858
0.6902427989745137,1.0,0.2061831801171963
0.6903936057909817,1.0,0.2060956912581535
0.6905444126074498,1.0,0.2060696732480293
0.690695219423918,1.0,0.206047714685452
0.690846026240386,1.0,0.2058101650415532
0.6909968330568542,1.0,0.2058001330464551
0.6911476398733223,1.0,0.2057262445950775
0.6912984466897903,1.0,0.2055839441201691
0.6914492535062585,1.0,0.2055322540332203
0.6916000603227266,1.0,0.2054984038588077
0.6917508671391946,1.0,0.2049181847326061
0.6919016739556628,1.0,0.2047133300755655
0.6920524807721309,1.0,0.2046763132013378
0.6922032875885991,1.0,0.2046167327844759
0.6923540944050671,1.0,0.2045579385219173
0.6925049012215352,1.0,0.2043340031953711
0.6926557080380034,1.0,0.2043097913045009
0.6928065148544714,1.0,0.2042996717361996
0.6929573216709395,1.0,0.2041947840468253
0.6931081284874077,1.0,0.2041087205537297
0.6932589353038757,1.0,0.2040596621125125
0.6934097421203438,1.0,0.2039957959647694
0.693560548936812,1.0,0.2039260887412722
0.69371135575328,1.0,0.2038928629323882
0.6938621625697482,1.0,0.2038791867851061
0.6940129693862163,1.0,0.2038737133826098
0.6941637762026843,1.0,0.2038725818732288
0.6943145830191525,1.0,0.2038270978984033
0.6944653898356206,1.0,0.2037867963654153
0.6946161966520886,1.0,0.203745236782434
0.6947670034685568,1.0,0.2037246861890434
0.6949178102850249,1.0,0.2036674729314891
0.695068617101493,1.0,0.2036348086703071
0.6952194239179611,1.0,0.2035625473731803
0.6953702307344292,1.0,0.2034501073601685
0.6955210375508973,1.0,0.2034178630256591
0.6956718443673654,1.0,0.2033473225878286
0.6958226511838335,1.0,0.2029396753387663
0.6959734580003016,1.0,0.2029077525501319
0.6961242648167697,1.0,0.2028089732634947
0.6962750716332379,1.0,0.2026482945498589
0.6964258784497059,1.0,0.2026305537346526
0.696576685266174,1.0,0.2026026045582138
0.6967274920826422,1.0,0.2025844536471704
0.6968782988991102,1.0,0.2025753838351865
0.6970291057155783,1.0,0.2025333664098977
0.6971799125320465,1.0,0.2024325629551743
0.6973307193485145,1.0,0.2024053470276551
0.6974815261649827,1.0,0.2023924575070715
0.6976323329814508,1.0,0.2023366994715525
0.6977831397979188,1.0,0.2022357055075722
0.697933946614387,1.0,0.2022129001083486
0.6980847534308551,1.0,0.2021814286471025
0.6982355602473231,1.0,0.2021783519135445
0.6983863670637913,1.0,0.201878779311089
0.6985371738802594,1.0,0.2017439459274143
0.6986879806967274,1.0,0.2016669138697518
0.6988387875131956,1.0,0.2016016278906452
0.6989895943296637,1.0,0.2016010859868174
0.6991404011461319,1.0,0.2014663065358421
0.6992912079625999,1.0,0.2014114396455316
0.699442014779068,1.0,0.2013862630618269
0.6995928215955362,1.0,0.2013634402757705
0.6997436284120042,1.0,0.2012772758137015
0.6998944352284723,1.0,0.2012468612682519
0.7000452420449405,1.0,0.2009374678446612
0.7001960488614085,1.0,0.2008028349983397
0.7003468556778767,1.0,0.2007892936915138
0.7004976624943448,1.0,0.200697559730402
0.7006484693108128,1.0,0.2006510305942112
0.700799276127281,1.0,0.2005450509989535
0.700950082943749,1.0,0.2004693469657399
0.7011008897602171,1.0,0.2004311003236346
0.7012516965766853,1.0,0.2003731217056684
0.7014025033931534,1.0,0.2002618480792386
0.7015533102096215,1.0,0.2002246595746562
0.7017041170260896,1.0,0.2001172277364056
0.7018549238425577,1.0,0.2000652725565562
0.7020057306590258,1.0,0.1999205692769733
0.7021565374754939,1.0,0.1998954060448492
0.702307344291962,1.0,0.1997894645278288
0.7024581511084301,1.0,0.1997290258779654
0.7026089579248982,1.0,0.1996970084355358
0.7027597647413663,1.0,0.1995627812979179
0.7029105715578344,1.0,0.1995361469261801
0.7030613783743025,1.0,0.1994734229773599
0.7032121851907707,1.0,0.1994606351719861
0.7033629920072387,1.0,0.1994038951115398
0.7035137988237068,1.0,0.199353763715494
0.703664605640175,1.0,0.1992990936788043
0.703815412456643,1.0,0.1992609202642858
0.7039662192731111,1.0,0.1991797921474132
0.7041170260895793,1.0,0.1989831194824593
0.7042678329060473,1.0,0.1989702560941523
0.7044186397225155,1.0,0.1988610365822555
0.7045694465389836,1.0,0.198730415945021
0.7047202533554516,1.0,0.1987265859816428
0.7048710601719198,1.0,0.1986631964282519
0.7050218669883879,1.0,0.1986315470725855
0.7051726738048559,1.0,0.19861548842175
0.7053234806213241,1.0,0.1982989234516275
0.7054742874377922,1.0,0.1982857468449832
0.7056250942542603,1.0,0.1982222680744444
0.7057759010707284,1.0,0.1982060587220639
0.7059267078871965,1.0,0.1980986966737008
0.7060775147036646,1.0,0.1979584305244738
0.7062283215201327,1.0,0.1979422870596474
0.7063791283366008,1.0,0.197880174949787
0.7065299351530689,1.0,0.1978510577966918
0.706680741969537,1.0,0.1978212333461838
0.7068315487860052,1.0,0.1976155892862271
0.7069823556024732,1.0,0.1974528782724886
0.7071331624189413,1.0,0.1974406979822258
0.7072839692354095,1.0,0.1973566982120141
0.7074347760518775,1.0,0.197139147399236
0.7075855828683456,1.0,0.1971131556667752
0.7077363896848138,1.0,0.1971098801694118
0.7078871965012818,1.0,0.1969893385826752
0.7080380033177499,1.0,0.1968227980844045
0.7081888101342181,1.0,0.1966757676102406
0.7083396169506861,1.0,0.1965971118210413
0.7084904237671543,1.0,0.1965463969629647
0.7086412305836224,1.0,0.1965406555536252
0.7087920374000904,1.0,0.1964617131220797
0.7089428442165586,1.0,0.196307357010957
0.7090936510330267,1.0,0.1962307544736617
0.7092444578494947,1.0,0.1961956098291973
0.7093952646659629,1.0,0.1961743480341222
0.709546071482431,1.0,0.1960157833124978
0.7096968782988992,1.0,0.1955324681550354
0.7098476851153672,1.0,0.1954209282293783
0.7099984919318353,1.0,0.1952345941695084
0.7101492987483035,1.0,0.1951919421109864
0.7103001055647715,1.0,0.1951543288262357
0.7104509123812396,1.0,0.1951240010386331
0.7106017191977078,1.0,0.194983580422983
0.7107525260141758,1.0,0.1949181664006763
0.710903332830644,1.0,0.1948332346668688
0.7110541396471121,1.0,0.1945756791593101
0.7112049464635801,1.0,0.1944814390200233
0.7113557532800483,1.0,0.1944800013235299
0.7115065600965164,1.0,0.1944349641285598
0.7116573669129844,1.0,0.1941118939354456
0.7118081737294526,1.0,0.1941019089600049
0.7119589805459207,1.0,0.1939475628504158
0.7121097873623888,1.0,0.1938894909504326
0.7122605941788569,1.0,0.1937137986993983
0.712411400995325,1.0,0.1936716853320469
0.7125622078117931,1.0,0.19366010903622
0.7127130146282612,1.0,0.1936336209308754
0.7128638214447293,1.0,0.1935741383750235
0.7130146282611974,1.0,0.1935496242960803
0.7131654350776655,1.0,0.1935478871465623
0.7133162418941336,1.0,0.1935252936693714
0.7134670487106017,1.0,0.1935073347752262
0.7136178555270698,1.0,0.1934014053330508
0.713768662343538,1.0,0.1933488595385679
0.713919469160006,1.0,0.1932172917838408
0.7140702759764741,1.0,0.1931616594026424
0.7142210827929423,1.0,0.1931516294853839
0.7143718896094103,1.0,0.1931391016632744
0.7145226964258784,1.0,0.1930797355007413
0.7146735032423466,1.0,0.1930697813419564
0.7148243100588146,1.0,0.1930327089801408
0.7149751168752828,1.0,0.1930020723472011
0.7151259236917509,1.0,0.1929657664786252
0.7152767305082189,1.0,0.1928879387850134
0.7154275373246871,1.0,0.1928737683904141
0.7155783441411552,1.0,0.192658965337364
0.7157291509576232,1.0,0.19265566902544
0.7158799577740914,1.0,0.1924942981727078
0.7160307645905595,1.0,0.1924060753379957
0.7161815714070277,1.0,0.192396916150397
0.7163323782234957,1.0,0.1923344869163564
0.7164831850399638,1.0,0.1922733968902719
0.716633991856432,1.0,0.1922216435256066
0.7167847986729,1.0,0.1922041853324648
0.7169356054893681,1.0,0.1920824837226174
0.7170864123058363,1.0,0.1920572855968167
0.7172372191223043,1.0,0.1919043899542383
0.7173880259387724,1.0,0.1918599312063663
0.7175388327552406,1.0,0.1917132592547021
0.7176896395717086,1.0,0.1916012915037341
0.7178404463881768,1.0,0.1915167441724846
0.7179912532046449,1.0,0.1914798680651061
0.7181420600211129,1.0,0.1913892065847245
0.7182928668375811,1.0,0.1913667946043908
0.7184436736540492,1.0,0.1910983176177369
0.7185944804705172,1.0,0.1910921251036664
0.7187452872869854,1.0,0.1910667904559507
0.7188960941034535,1.0,0.1908680383004677
0.7190469009199216,1.0,0.1908042083356526
0.7191977077363897,1.0,0.1907537029863586
0.7193485145528578,1.0,0.1906066298441102
0.7194993213693259,1.0,0.1904700686709685
0.719650128185794,1.0,0.190422307659665
0.719800935002262,1.0,0.1904147726097712
0.7199517418187302,1.0,0.1903785166981371
0.7201025486351983,1.0,0.1902537371505689
0.7202533554516665,1.0,0.1902424229799181
0.7204041622681345,1.0,0.1902138173831681
0.7205549690846026,1.0,0.1900641103560091
0.7207057759010708,1.0,0.1900570057051332
0.7208565827175388,1.0,0.190052231632738
0.7210073895340069,1.0,0.1896820254178497
0.7211581963504751,1.0,0.1896758997321247
0.7213090031669431,1.0,0.1894817944067651
0.7214598099834113,1.0,0.1894405404987746
0.7216106167998794,1.0,0.1893712113853022
0.7217614236163474,1.0,0.1893392300764167
0.7219122304328156,1.0,0.1893242492194786
0.7220630372492837,1.0,0.1892530126050189
0.7222138440657517,1.0,0.1891296142103353
0.7223646508822199,1.0,0.1891134848048254
0.722515457698688,1.0,0.1888631197933426
0.722666264515156,1.0,0.1884820589724989
0.7228170713316242,1.0,0.1884791254178086
0.7229678781480923,1.0,0.1884757860956034
0.7231186849645604,1.0,0.1884196124283461
0.7232694917810285,1.0,0.1883359649249003
0.7234202985974966,1.0,0.1883228426637824
0.7235711054139647,1.0,0.1883017479558831
0.7237219122304328,1.0,0.1882879351516851
0.7238727190469009,1.0,0.1881723896435784
0.724023525863369,1.0,0.1881464377802375
0.7241743326798371,1.0,0.1879130058888368
0.7243251394963053,1.0,0.1878900529904755
0.7244759463127733,1.0,0.1877816621887765
0.7246267531292414,1.0,0.187745722855131
0.7247775599457096,1.0,0.187635350452725
0.7249283667621776,1.0,0.1875972013608715
0.7250791735786457,1.0,0.1873570793776132
0.7252299803951139,1.0,0.1871792023139527
0.725380787211582,1.0,0.1870647014747422
0.7255315940280501,1.0,0.1870635559583554
0.7256824008445182,1.0,0.1870220533154069
0.7258332076609862,1.0,0.186992530517677
0.7259840144774544,1.0,0.1867926820623746
0.7261348212939225,1.0,0.1867536353992375
0.7262856281103905,1.0,0.1864554254968919
0.7264364349268587,1.0,0.1864235591251488
0.7265872417433268,1.0,0.1864122701057332
0.726738048559795,1.0,0.1862887341715401
0.726888855376263,1.0,0.1862231025261826
0.7270396621927311,1.0,0.1861724521635845
0.7271904690091993,1.0,0.1859878184398063
0.7273412758256673,1.0,0.1859357992909223
0.7274920826421354,1.0,0.1858618804134618
0.7276428894586036,1.0,0.1858300975847571
0.7277936962750716,1.0,0.1858249856535465
0.7279445030915397,1.0,0.1857712376565134
0.7280953099080079,1.0,0.1855582334519626
0.7282461167244759,1.0,0.1855370361944026
0.7283969235409441,1.0,0.1854686727602174
0.7285477303574122,1.0,0.1854684638243166
0.7286985371738802,1.0,0.1852985615711486
0.7288493439903484,1.0,0.185298393159553
0.7290001508068165,1.0,0.1851871801094569
0.7291509576232845,1.0,0.1851589836714419
0.7293017644397527,1.0,0.1851532377635827
0.7294525712562208,1.0,0.1851290402012399
0.7296033780726889,1.0,0.1850613422270325
0.729754184889157,1.0,0.1850609446426037
0.7299049917056251,1.0,0.1850118770355149
0.7300557985220932,1.0,0.1846443550949411
0.7302066053385613,1.0,0.1846267475463768
0.7303574121550294,1.0,0.1845994155529735
0.7305082189714975,1.0,0.1845919693211447
0.7306590257879656,1.0,0.1845690166803783
0.7308098326044338,1.0,0.1844417858038143
0.7309606394209018,1.0,0.1843254633526548
0.7311114462373699,1.0,0.1841860124141544
0.7312622530538381,1.0,0.1841079955694962
0.7314130598703061,1.0,0.1840049387891387
0.7315638666867742,1.0,0.1838761418979829
0.7317146735032424,1.0,0.1837550053750808
0.7318654803197104,1.0,0.1836996534209639
0.7320162871361785,1.0,0.1836916061358752
0.7321670939526467,1.0,0.1836299487998947
0.7323179007691147,1.0,0.1834614089879681
0.7324687075855829,1.0,0.1834485404479062
0.732619514402051,1.0,0.183085412649982
0.732770321218519,1.0,0.1829089166308707
0.7329211280349872,1.0,0.1828690314518836
0.7330719348514553,1.0,0.1828487623979829
0.7332227416679233,1.0,0.1828264232160014
0.7333735484843915,1.0,0.1828055313704853
0.7335243553008596,1.0,0.182755609328063
0.7336751621173278,1.0,0.1826577484278476
0.7338259689337958,1.0,0.1826044093434039
0.7339767757502639,1.0,0.1824473894480019
0.734127582566732,1.0,0.1823694395862483
0.7342783893832001,1.0,0.1823088776616994
0.7344291961996682,1.0,0.1822526459391826
0.7345800030161364,1.0,0.1822503798939121
0.7347308098326044,1.0,0.1822411032137125
0.7348816166490726,1.0,0.182181294916854
0.7350324234655407,1.0,0.1821099029132099
0.7351832302820087,1.0,0.1821013404636511
0.7353340370984769,1.0,0.1820947137128712
0.735484843914945,1.0,0.1820427880384604
0.735635650731413,1.0,0.1820236578146118
0.7357864575478812,1.0,0.1815481860245652
0.7359372643643493,1.0,0.1815476869576571
0.7360880711808174,1.0,0.1812250724587425
0.7362388779972855,1.0,0.1810259129058489
0.7363896848137536,1.0,0.1809927717492104
0.7365404916302217,1.0,0.1808910613862175
0.7366912984466898,1.0,0.1808573188198927
0.7368421052631579,1.0,0.1808006671807784
0.736992912079626,1.0,0.1807740153516292
0.7371437188960941,1.0,0.1806123333793785
0.7372945257125622,1.0,0.1805809487785876
0.7374453325290303,1.0,0.1805377755394122
0.7375961393454984,1.0,0.180324293843803
0.7377469461619666,1.0,0.1802879499049976
0.7378977529784346,1.0,0.1802456375906897
0.7380485597949027,1.0,0.1802279897982079
0.7381993666113709,1.0,0.1801129165405262
0.7383501734278389,1.0,0.1800510191480605
0.738500980244307,1.0,0.1797790620992611
0.7386517870607752,1.0,0.1797592193833114
0.7388025938772432,1.0,0.1797507542541886
0.7389534006937114,1.0,0.1797299729994603
0.7391042075101795,1.0,0.1796375925173498
0.7392550143266475,1.0,0.1795198360091542
0.7394058211431157,1.0,0.1794403073198378
0.7395566279595838,1.0,0.1793843157114232
0.7397074347760518,1.0,0.1791076437399523
0.73985824159252,1.0,0.1790024658713209
0.7400090484089881,1.0,0.1789735610699478
0.7401598552254562,1.0,0.1789511575895076
0.7403106620419243,1.0,0.1787521187717634
0.7404614688583924,1.0,0.1784109823210495
0.7406122756748605,1.0,0.178396269559282
0.7407630824913286,1.0,0.1783494097825601
0.7409138893077967,1.0,0.1783475404245262
0.7410646961242648,1.0,0.1780564265677674
0.7412155029407329,1.0,0.1779607236411833
0.7413663097572011,1.0,0.1779606294790189
0.7415171165736691,1.0,0.177897223689906
0.7416679233901372,1.0,0.1777615069741674
0.7418187302066054,1.0,0.1777321901117362
0.7419695370230734,1.0,0.177630264015474
0.7421203438395415,1.0,0.1776199339844922
0.7422711506560097,1.0,0.1776083323516788
0.7424219574724777,1.0,0.1773981589214265
0.7425727642889458,1.0,0.1773191187365409
0.742723571105414,1.0,0.1771484284483387
0.742874377921882,1.0,0.1770626221202985
0.7430251847383502,1.0,0.1768420320836553
0.7431759915548183,1.0,0.1767692213688662
0.7433267983712863,1.0,0.1765671537588565
0.7434776051877545,1.0,0.1763314939913715
0.7436284120042226,1.0,0.1761632414289836
0.7437792188206906,1.0,0.1760902520898543
0.7439300256371588,1.0,0.1759971750149425
0.7440808324536269,1.0,0.1759229916377991
0.7442316392700951,1.0,0.1758347689257819
0.7443824460865631,1.0,0.1757693687305382
0.7445332529030312,1.0,0.175529552528491
0.7446840597194994,1.0,0.1754286368237279
0.7448348665359674,1.0,0.1753556374661093
0.7449856733524355,1.0,0.1753216495075328
0.7451364801689037,1.0,0.175278867655806
0.7452872869853717,1.0,0.1751459452014059
0.7454380938018399,1.0,0.175035345469125
0.745588900618308,1.0,0.174874127741531
0.745739707434776,1.0,0.1748097942354227
0.7458905142512442,1.0,0.174517739473317
0.7460413210677123,1.0,0.1744814167658034
0.7461921278841803,1.0,0.1744649676677895
0.7463429347006485,1.0,0.1744504857526019
0.7464937415171166,1.0,0.1743312933972597
0.7466445483335846,1.0,0.1743125676030689
0.7467953551500528,1.0,0.1743022832477203
0.7469461619665209,1.0,0.1742989498444527
0.747096968782989,1.0,0.1741799055861654
0.7472477755994571,1.0,0.1741533390793866
0.7473985824159252,1.0,0.1740193619549296
0.7475493892323933,1.0,0.1739903557401075
0.7477001960488614,1.0,0.1738583623629903
0.7478510028653295,1.0,0.1736860293862593
0.7480018096817976,1.0,0.1736296957294468
0.7481526164982657,1.0,0.1736023867357262
0.7483034233147339,1.0,0.1735839640353213
0.7484542301312019,1.0,0.1735675558570975
0.74860503694767,1.0,0.1734455171227179
0.7487558437641382,1.0,0.1734424206154445
0.7489066505806062,1.0,0.1734352311493891
0.7490574573970743,1.0,0.1734143338618794
0.7492082642135425,1.0,0.1732783865297457
0.7493590710300105,1.0,0.173252052608021
0.7495098778464787,1.0,0.1731667869959538
0.7496606846629468,1.0,0.1731413477120462
0.7498114914794148,1.0,0.1731329458113276
0.749962298295883,1.0,0.1730767581407706
0.7501131051123511,1.0,0.1730671549014016
0.7502639119288191,1.0,0.1729918271906518
0.7504147187452873,1.0,0.1727611566610558
0.7505655255617554,1.0,0.1727550270581994
0.7507163323782235,1.0,0.1727473516915796
0.7508671391946916,1.0,0.1725446022571912
0.7510179460111597,1.0,0.1725206898178596
0.7511687528276279,1.0,0.1724610274483577
0.7513195596440959,1.0,0.1724515007885308
0.751470366460564,1.0,0.1723865241360324
0.7516211732770322,1.0,0.1723787955326331
0.7517719800935002,1.0,0.1720252852303545
0.7519227869099683,1.0,0.1720097285984501
0.7520735937264365,1.0,0.1719690352800719
0.7522244005429045,1.0,0.1718546370726918
0.7523752073593727,1.0,0.1718236664790444
0.7525260141758408,1.0,0.1717346140026478
0.7526768209923088,1.0,0.1713810029496531
0.752827627808777,1.0,0.1713680610217891
0.752978434625245,1.0,0.1712547822617932
0.7531292414417131,1.0,0.171242414070178
0.7532800482581813,1.0,0.1711314620800902
0.7534308550746494,1.0,0.171076475861884
0.7535816618911175,1.0,0.1710677172385434
0.7537324687075856,1.0,0.1710037671096127
0.7538832755240537,1.0,0.1707198175845135
0.7540340823405218,1.0,0.1705974719755174
0.7541848891569899,1.0,0.1705786759678556
0.754335695973458,1.0,0.1705640498145994
0.7544865027899261,1.0,0.1704594535972462
0.7546373096063942,1.0,0.1704427403499888
0.7547881164228624,1.0,0.1703333228629373
0.7549389232393304,1.0,0.1703197717835103
0.7550897300557985,1.0,0.1703045634359171
0.7552405368722667,1.0,0.1702972184113426
0.7553913436887347,1.0,0.1702878059385699
0.7555421505052028,1.0,0.170102246367163
0.755692957321671,1.0,0.1700349781790138
0.755843764138139,1.0,0.1700102378604369
0.7559945709546072,1.0,0.1699455115922036
0.7561453777710753,1.0,0.1699005134137393
0.7562961845875433,1.0,0.1696367642387027
0.7564469914040115,1.0,0.1695625365368502
0.7565977982204796,1.0,0.1695274663449934
0.7567486050369476,1.0,0.1694411729625272
0.7568994118534158,1.0,0.1694204463086256
0.7570502186698839,1.0,0.1693288692589477
0.7572010254863519,1.0,0.1692523515504895
0.7573518323028201,1.0,0.1691326058359853
0.7575026391192882,1.0,0.1690846708258174
0.7576534459357563,1.0,0.1690349578809362
0.7578042527522244,1.0,0.169023213801886
0.7579550595686925,1.0,0.1689818480020088
0.7581058663851606,1.0,0.1689795893645468
0.7582566732016287,1.0,0.1689386576594198
0.7584074800180968,1.0,0.1688889528402894
0.7585582868345649,1.0,0.1688726181481809
0.758709093651033,1.0,0.1688719902563311
0.7588599004675012,1.0,0.1686834578237627
0.7590107072839692,1.0,0.1685209011639256
0.7591615141004373,1.0,0.1685084309679254
0.7593123209169055,1.0,0.1684948386672464
0.7594631277333735,1.0,0.1684660190891272
0.7596139345498416,1.0,0.1684628053251018
0.7597647413663098,1.0,0.1684354736184964
0.7599155481827778,1.0,0.1683204456752014
0.760066354999246,1.0,0.1682936328493869
0.7602171618157141,1.0,0.1682166449168816
0.7603679686321821,1.0,0.1681272598648502
0.7605187754486503,1.0,0.1681026471899303
0.7606695822651184,1.0,0.1680763336661209
0.7608203890815864,1.0,0.1678347544251942
0.7609711958980546,1.0,0.1677025721126024
0.7611220027145227,1.0,0.1676791127270397
0.7612728095309907,1.0,0.1675902366399057
0.7614236163474589,1.0,0.1675507575977317
0.761574423163927,1.0,0.1675154984476976
0.7617252299803952,1.0,0.1672633433803526
0.7618760367968632,1.0,0.1670398060941854
0.7620268436133313,1.0,0.1668049556420169
0.7621776504297995,1.0,0.1667295394098571
0.7623284572462675,1.0,0.1667144999823753
0.7624792640627356,1.0,0.1666979935122193
0.7626300708792038,1.0,0.1666600205644255
0.7627808776956718,1.0,0.1666060479201865
0.76293168451214,1.0,0.1664972340969887
0.7630824913286081,1.0,0.1664333341234918
0.7632332981450761,1.0,0.1663983583704635
0.7633841049615443,1.0,0.1663658034114847
0.7635349117780124,1.0,0.166324207037848
0.7636857185944804,1.0,0.1661333363098796
0.7638365254109486,1.0,0.1660602748892437
0.7639873322274167,1.0,0.1660586294386973
0.7641381390438848,1.0,0.1659862335160305
0.7642889458603529,1.0,0.1658691775866089
0.764439752676821,1.0,0.1658535582941724
0.7645905594932891,1.0,0.1658243022333417
0.7647413663097572,1.0,0.1655387362883401
0.7648921731262253,1.0,0.1654904076600845
0.7650429799426934,1.0,0.1654156228913381
0.7651937867591615,1.0,0.1654105915611512
0.7653445935756297,1.0,0.1653461028771441
0.7654954003920977,1.0,0.1652666600103896
0.7656462072085658,1.0,0.1651660061091832
0.765797014025034,1.0,0.1651173808659111
0.765947820841502,1.0,0.1649914159430774
0.7660986276579701,1.0,0.1649798963172608
0.7662494344744383,1.0,0.1649542170284445
0.7664002412909063,1.0,0.1648868906478652
0.7665510481073744,1.0,0.1648700832167227
0.7667018549238426,1.0,0.1646955416756254
0.7668526617403106,1.0,0.1644756939271709
0.7670034685567788,1.0,0.1642394797313656
0.7671542753732469,1.0,0.1642205351701279
0.7673050821897149,1.0,0.1641589986232656
0.7674558890061831,1.0,0.1641251771553518
0.7676066958226512,1.0,0.1640310945705433
0.7677575026391192,1.0,0.1640137748535273
0.7679083094555874,1.0,0.1639795120656339
0.7680591162720555,1.0,0.1639782483285184
0.7682099230885236,1.0,0.1638567266576309
0.7683607299049917,1.0,0.1638025247162516
0.7685115367214598,1.0,0.1637747217086371
0.768662343537928,1.0,0.1637679004451208
0.768813150354396,1.0,0.1637295643306932
0.7689639571708641,1.0,0.1635271079270824
0.7691147639873323,1.0,0.1634584194339308
0.7692655708038003,1.0,0.1634297274851723
0.7694163776202685,1.0,0.1634083055351509
0.7695671844367366,1.0,0.1633061768946004
0.7697179912532046,1.0,0.1632888386474199
0.7698687980696728,1.0,0.1632586377360967
0.7700196048861409,1.0,0.1632567722717473
0.7701704117026089,1.0,0.163190495343194
0.7703212185190771,1.0,0.1630849147506324
0.7704720253355452,1.0,0.1630834304591433
0.7706228321520133,1.0,0.1630566320938608
0.7707736389684814,1.0,0.1629989458523711
0.7709244457849495,1.0,0.1629963719726294
0.7710752526014176,1.0,0.1628951521052415
0.7712260594178857,1.0,0.1627998076254679
0.7713768662343538,1.0,0.1627271185512025
0.7715276730508219,1.0,0.1626458781706441
0.77167847986729,1.0,0.162577775700036
0.771829286683758,1.0,0.1624810263312404
0.7719800935002262,1.0,0.1624670032217212
0.7721309003166943,1.0,0.1624572463345642
0.7722817071331625,1.0,0.1623601534562632
0.7724325139496305,1.0,0.1623557913689397
0.7725833207660986,1.0,0.1622654700439175
0.7727341275825668,1.0,0.1622495547444884
0.7728849343990348,1.0,0.16216352279257
0.7730357412155029,1.0,0.1621583238703549
0.7731865480319711,1.0,0.1620758451252003
0.7733373548484391,1.0,0.1619337250935817
0.7734881616649073,1.0,0.1619001961911964
0.7736389684813754,1.0,0.1618793530333406
0.7737897752978434,1.0,0.1616332727873046
0.7739405821143116,1.0,0.1615727002538601
0.7740913889307797,1.0,0.1615415780301617
0.7742421957472477,1.0,0.1615384617815871
0.7743930025637159,1.0,0.1614640760321911
0.774543809380184,1.0,0.1614563245272751
0.7746946161966521,1.0,0.1613830364328093
0.7748454230131202,1.0,0.1612745665761565
0.7749962298295883,1.0,0.1611758494479412
0.7751470366460564,1.0,0.1611687335089814
0.7752978434625245,1.0,0.1610731533223242
0.7754486502789926,1.0,0.1610225658494676
0.7755994570954607,1.0,0.1610193694707207
0.7757502639119288,1.0,0.1609968023055978
0.7759010707283969,1.0,0.1609364322079744
0.776051877544865,1.0,0.1608625021198159
0.7762026843613331,1.0,0.1607206597869528
0.7763534911778013,1.0,0.1606349919746108
0.7765042979942693,1.0,0.1605973452649269
0.7766551048107374,1.0,0.1604819263276703
0.7768059116272056,1.0,0.1604646280429559
0.7769567184436736,1.0,0.1604513784354397
0.7771075252601417,1.0,0.160365791689356
0.7772583320766099,1.0,0.1603576648254986
0.7774091388930779,1.0,0.1602215839714041
0.7775599457095461,1.0,0.1601993086124973
0.7777107525260142,1.0,0.1601928723665255
0.7778615593424822,1.0,0.1600835133541529
0.7780123661589504,1.0,0.1600459832653871
0.7781631729754185,1.0,0.1597483543865973
0.7783139797918865,1.0,0.1596800406012253
0.7784647866083547,1.0,0.159610433392233
0.7786155934248228,1.0,0.1595938615137414
0.778766400241291,1.0,0.159520493680359
0.778917207057759,1.0,0.1595177537725245
0.7790680138742271,1.0,0.159496914030417
0.7792188206906953,1.0,0.15925227210978
0.7793696275071633,1.0,0.1592435620436069
0.7795204343236314,1.0,0.1592294054295659
0.7796712411400996,1.0,0.1591646307484618
0.7798220479565676,1.0,0.1589629126794093
0.7799728547730358,1.0,0.1589244351134152
0.7801236615895039,1.0,0.15892286328488
0.7802744684059719,1.0,0.1588819743707266
0.7804252752224401,1.0,0.1588438285769607
0.7805760820389082,1.0,0.158803304123109
0.7807268888553762,1.0,0.1586765560135973
0.7808776956718444,1.0,0.1586741553031593
0.7810285024883125,1.0,0.1586269000551691
0.7811793093047805,1.0,0.158584104736268
0.7813301161212487,1.0,0.1585750118347925
0.7814809229377168,1.0,0.1584240950507718
0.7816317297541849,1.0,0.1582854783151173
0.781782536570653,1.0,0.1582834818178055
0.7819333433871211,1.0,0.1581182012640093
0.7820841502035892,1.0,0.158112426374905
0.7822349570200573,1.0,0.1577808875597175
0.7823857638365254,1.0,0.1577605117694108
0.7825365706529935,1.0,0.1574812356288809
0.7826873774694616,1.0,0.1574285781378808
0.7828381842859298,1.0,0.1574050380397904
0.7829889911023978,1.0,0.1571885891249895
0.7831397979188659,1.0,0.1570847147935657
0.7832906047353341,1.0,0.1569937145558464
0.7834414115518021,1.0,0.1567043607871219
0.7835922183682702,1.0,0.1566282398778658
0.7837430251847384,1.0,0.1565759590425942
0.7838938320012064,1.0,0.1563415969968698
0.7840446388176746,1.0,0.1563071085994536
0.7841954456341427,1.0,0.1561703957765703
0.7843462524506107,1.0,0.1561479191633908
0.7844970592670789,1.0,0.1560886028294677
0.784647866083547,1.0,0.1560172689514624
0.784798672900015,1.0,0.1559451166899297
0.7849494797164832,1.0,0.1557350470313641
0.7851002865329513,1.0,0.1556749829851609
0.7852510933494194,1.0,0.155619606076077
0.7854019001658875,1.0,0.1555716189640479
0.7855527069823556,1.0,0.1555071622640358
0.7857035137988237,1.0,0.1554248869606387
0.7858543206152918,1.0,0.1553798504150793
0.7860051274317599,1.0,0.1553798172407573
0.786155934248228,1.0,0.1552484768966339
0.7863067410646961,1.0,0.1552400123309788
0.7864575478811642,1.0,0.1552320989496239
0.7866083546976324,1.0,0.1551849712005182
0.7867591615141004,1.0,0.1551241842812367
0.7869099683305686,1.0,0.1550011489781663
0.7870607751470367,1.0,0.154837741583286
0.7872115819635047,1.0,0.1547804780704764
0.7873623887799729,1.0,0.1545620813530882
0.787513195596441,1.0,0.1544107238748286
0.787664002412909,1.0,0.1542585487185561
0.7878148092293772,1.0,0.1541762667751683
0.7879656160458453,1.0,0.1541409655831838
0.7881164228623134,1.0,0.154103407676971
0.7882672296787815,1.0,0.1540489955712274
0.7884180364952496,1.0,0.1539810722188568
0.7885688433117177,1.0,0.1539636433400922
0.7887196501281858,1.0,0.1538397473496476
0.7888704569446539,1.0,0.153815112784379
0.789021263761122,1.0,0.1537411992614979
0.7891720705775901,1.0,0.1537247407346117
0.7893228773940583,1.0,0.1534940285476229
0.7894736842105263,1.0,0.1534810442020683
0.7896244910269944,1.0,0.1533823890798125
0.7897752978434626,1.0,0.1531277012985198
0.7899261046599306,1.0,0.1529457541336605
0.7900769114763987,1.0,0.152921386223432
0.7902277182928669,1.0,0.1529190031280251
0.7903785251093349,1.0,0.1528830735844202
0.790529331925803,1.0,0.1528134734613823
0.7906801387422712,1.0,0.1525223087388658
0.7908309455587392,1.0,0.1523506815533368
0.7909817523752074,1.0,0.1521136271172861
0.7911325591916755,1.0,0.1520760903026239
0.7912833660081435,1.0,0.151997797256307
0.7914341728246117,1.0,0.1519617206438374
0.7915849796410798,1.0,0.1519260525736997
0.7917357864575478,1.0,0.1518414413279014
0.791886593274016,1.0,0.1517473962491622
0.7920374000904841,1.0,0.1517368135897719
0.7921882069069522,1.0,0.1517288784271239
0.7923390137234203,1.0,0.1517084210344196
0.7924898205398884,1.0,0.1516803326884407
0.7926406273563565,1.0,0.151540998502334
0.7927914341728246,1.0,0.1515358505096407
0.7929422409892927,1.0,0.151513527775134
0.7930930478057608,1.0,0.151465967842818
0.7932438546222289,1.0,0.151465614031705
0.7933946614386971,1.0,0.1513284532571423
0.7935454682551651,1.0,0.1512730230535662
0.7936962750716332,1.0,0.1512340688743745
0.7938470818881014,1.0,0.1511921188903211
0.7939978887045694,1.0,0.1510983194672839
0.7941486955210375,1.0,0.1509399573016076
0.7942995023375057,1.0,0.1508270407637853
0.7944503091539737,1.0,0.1506941456075736
0.7946011159704419,1.0,0.1506404863036863
0.79475192278691,1.0,0.150527731630536
0.794902729603378,1.0,0.1505224571834335
0.7950535364198462,1.0,0.1504779131100187
0.7952043432363143,1.0,0.1504376553893524
0.7953551500527823,1.0,0.1504017020005506
0.7955059568692505,1.0,0.1503729196561696
0.7956567636857186,1.0,0.1503244378466265
0.7958075705021866,1.0,0.1502026168623011
0.7959583773186548,1.0,0.1500448621419278
0.7961091841351229,1.0,0.1500321828718582
0.7962599909515911,1.0,0.1496943713446517
0.7964107977680591,1.0,0.1496914640809778
0.7965616045845272,1.0,0.1496542872428852
0.7967124114009954,1.0,0.1495789993102679
0.7968632182174634,1.0,0.1494640393145161
0.7970140250339315,1.0,0.1494106067864089
0.7971648318503997,1.0,0.1493852533558094
0.7973156386668677,1.0,0.149336304511663
0.7974664454833359,1.0,0.1493254521883739
0.797617252299804,1.0,0.149319843454495
0.797768059116272,1.0,0.1492779268491387
0.7979188659327402,1.0,0.149237860306914
0.7980696727492083,1.0,0.1492083737557911
0.7982204795656763,1.0,0.1491969787404533
0.7983712863821445,1.0,0.1490656805527825
0.7985220931986126,1.0,0.1490432247726038
0.7986729000150807,1.0,0.1490297585764317
0.7988237068315488,1.0,0.1488997974957919
0.7989745136480169,1.0,0.1488796413886931
0.799125320464485,1.0,0.148855190506938
0.7992761272809531,1.0,0.1488132239685368
0.7994269340974212,1.0,0.1486772212792219
0.7995777409138893,1.0,0.148672720229402
0.7997285477303574,1.0,0.148558053987787
0.7998793545468256,1.0,0.148556251582308
0.8000301613632936,1.0,0.1485414243056697
0.8001809681797617,1.0,0.1485192459397048
0.8003317749962299,1.0,0.1484050967384318
0.8004825818126979,1.0,0.1483685761336416
0.800633388629166,1.0,0.1482454365888597
0.8007841954456342,1.0,0.1481251718915703
0.8009350022621022,1.0,0.1477164966936611
0.8010858090785703,1.0,0.1475610410735711
0.8012366158950385,1.0,0.1473485701195865
0.8013874227115065,1.0,0.1473124923750391
0.8015382295279747,1.0,0.1472684968307395
0.8016890363444428,1.0,0.1471403344638769
0.8018398431609108,1.0,0.1470070748712385
0.801990649977379,1.0,0.1469643986365041
0.8021414567938471,1.0,0.1469069274589323
0.8022922636103151,1.0,0.1468025782246471
0.8024430704267833,1.0,0.146788398466482
0.8025938772432514,1.0,0.1467746200154066
0.8027446840597195,1.0,0.1467386788523045
0.8028954908761876,1.0,0.1466434984249177
0.8030462976926557,1.0,0.1465739538132493
0.8031971045091238,1.0,0.1465280315355346
0.8033479113255919,1.0,0.1463923366942952
0.80349871814206,1.0,0.1463410073902826
0.8036495249585281,1.0,0.1462615120186532
0.8038003317749962,1.0,0.1462239452979015
0.8039511385914644,1.0,0.1461873900368231
0.8041019454079325,1.0,0.1461849595226362
0.8042527522244005,1.0,0.1460201886523618
0.8044035590408687,1.0,0.1459142051742998
0.8045543658573368,1.0,0.1458190321663857
0.8047051726738048,1.0,0.1457741583976523
0.804855979490273,1.0,0.1455248028694463
0.805006786306741,1.0,0.1455054519598572
0.8051575931232091,1.0,0.1454001521555602
0.8053083999396773,1.0,0.1453909470947378
0.8054592067561454,1.0,0.1451898741016476
0.8056100135726135,1.0,0.1451033782699311
0.8057608203890816,1.0,0.1450483346327044
0.8059116272055497,1.0,0.1449616586454249
0.8060624340220178,1.0,0.1448552120578587
0.8062132408384859,1.0,0.1448440402334794
0.806364047654954,1.0,0.1448438276005732
0.8065148544714221,1.0,0.1447607453897516
0.8066656612878902,1.0,0.1446358042986858
0.8068164681043584,1.0,0.1446141958342902
0.8069672749208264,1.0,0.1445707744342234
0.8071180817372945,1.0,0.1444470643519068
0.8072688885537627,1.0,0.1443405956844726
0.8074196953702307,1.0,0.1442827863870676
0.8075705021866988,1.0,0.1442424397311398
0.807721309003167,1.0,0.144135193045245
0.807872115819635,1.0,0.1440905429850814
0.8080229226361032,1.0,0.1440746628990928
0.8081737294525713,1.0,0.1439443514125176
0.8083245362690393,1.0,0.1438977519394579
0.8084753430855075,1.0,0.1437834946078138
0.8086261499019756,1.0,0.143712020597651
0.8087769567184436,1.0,0.143458966748679
0.8089277635349118,1.0,0.1433447317833137
0.8090785703513799,1.0,0.1432008394361057
0.809229377167848,1.0,0.1431081957260552
0.8093801839843161,1.0,0.1430621701623337
0.8095309908007842,1.0,0.1429516546305559
0.8096817976172523,1.0,0.1428841392908738
0.8098326044337204,1.0,0.1428597506298724
0.8099834112501885,1.0,0.1428396702152654
0.8101342180666566,1.0,0.142833217849062
0.8102850248831247,1.0,0.1427026899604759
0.8104358316995928,1.0,0.1425892630871351
0.8105866385160609,1.0,0.142542877830238
0.810737445332529,1.0,0.1424911148982366
0.8108882521489972,1.0,0.1423773609574342
0.8110390589654652,1.0,0.1423598339576605
0.8111898657819333,1.0,0.1422438082297811
0.8113406725984015,1.0,0.1422299935289069
0.8114914794148695,1.0,0.141795401475012
0.8116422862313376,1.0,0.1417278166519776
0.8117930930478058,1.0,0.1417245472410479
0.8119438998642738,1.0,0.1417064529524333
0.812094706680742,1.0,0.1417059808483117
0.8122455134972101,1.0,0.1416644450548095
0.8123963203136781,1.0,0.1416286240561608
0.8125471271301463,1.0,0.1415974676269745
0.8126979339466144,1.0,0.1415820743549261
0.8128487407630824,1.0,0.1415764404578187
0.8129995475795506,1.0,0.1415055246004646
0.8131503543960187,1.0,0.141410629481239
0.8133011612124869,1.0,0.141374754996562
0.8134519680289549,1.0,0.1412751361453228
0.813602774845423,1.0,0.1412269413956347
0.8137535816618912,1.0,0.1411565949544468
0.8139043884783592,1.0,0.1411259473159873
0.8140551952948273,1.0,0.1411092907490135
0.8142060021112955,1.0,0.1410555171849719
0.8143568089277635,1.0,0.1409477894100551
0.8145076157442317,1.0,0.1408026049699684
0.8146584225606998,1.0,0.1408011401375648
0.8148092293771678,1.0,0.1406981791848569
0.814960036193636,1.0,0.1405897258118187
0.8151108430101041,1.0,0.1405683321067238
0.8152616498265721,1.0,0.1405073676847733
0.8154124566430403,1.0,0.1405054531262594
0.8155632634595084,1.0,0.1403422346886887
0.8157140702759764,1.0,0.1402139850795343
0.8158648770924446,1.0,0.1401066121217854
0.8160156839089127,1.0,0.1400986631743913
0.8161664907253808,1.0,0.1400550947492637
0.8163172975418489,1.0,0.1400053483052158
0.816468104358317,1.0,0.1399931305670389
0.8166189111747851,1.0,0.1399596283836699
0.8167697179912532,1.0,0.1399365587889427
0.8169205248077213,1.0,0.1398635730739725
0.8170713316241894,1.0,0.1397693288123286
0.8172221384406575,1.0,0.1397382094409346
0.8173729452571257,1.0,0.139626077165155
0.8175237520735937,1.0,0.1395987035343716
0.8176745588900618,1.0,0.1395470496228886
0.81782536570653,1.0,0.1395055956518702
0.817976172522998,1.0,0.1395017297553911
0.8181269793394661,1.0,0.1394325560004401
0.8182777861559343,1.0,0.1394186257747332
0.8184285929724023,1.0,0.1394090810775764
0.8185793997888705,1.0,0.1393200267961106
0.8187302066053386,1.0,0.1389662057218597
0.8188810134218066,1.0,0.1389192050145426
0.8190318202382748,1.0,0.1388695505968696
0.8191826270547429,1.0,0.1387827863678534
0.8193334338712109,1.0,0.1387670892305116
0.8194842406876791,1.0,0.1387595533364546
0.8196350475041472,1.0,0.1385431081649671
0.8197858543206152,1.0,0.1385389126802227
0.8199366611370834,1.0,0.1385073466909943
0.8200874679535515,1.0,0.138448781258152
0.8202382747700196,1.0,0.1384214448929205
0.8203890815864877,1.0,0.1382675286483035
0.8205398884029558,1.0,0.1381906734286333
0.820690695219424,1.0,0.1380776668958052
0.820841502035892,1.0,0.1380047993705712
0.8209923088523601,1.0,0.1379086870770616
0.8211431156688282,1.0,0.1378899196272429
0.8212939224852963,1.0,0.1378241482539341
0.8214447293017645,1.0,0.1377787614929533
0.8215955361182326,1.0,0.1377454825753691
0.8217463429347006,1.0,0.13772137181525
0.8218971497511688,1.0,0.1376203624088105
0.8220479565676369,1.0,0.1372426392965006
0.8221987633841049,1.0,0.1371696257976409
0.8223495702005731,1.0,0.1370994416508393
0.8225003770170412,1.0,0.1369996209264684
0.8226511838335093,1.0,0.136996590963671
0.8228019906499774,1.0,0.1369754451962525
0.8229527974664455,1.0,0.1366732159124906
0.8231036042829136,1.0,0.1365208445687798
0.8232544110993817,1.0,0.1364267193653081
0.8234052179158498,1.0,0.1364150486309638
0.8235560247323179,1.0,0.1359725630470466
0.823706831548786,1.0,0.1357497504636687
0.8238576383652542,1.0,0.1357264891635528
0.8240084451817222,1.0,0.13572437010099
0.8241592519981903,1.0,0.1356873222832758
0.8243100588146585,1.0,0.1356043982868715
0.8244608656311265,1.0,0.1355015363897307
0.8246116724475946,1.0,0.1354861816359905
0.8247624792640628,1.0,0.1354460635633976
0.8249132860805308,1.0,0.1354372274512535
0.8250640928969989,1.0,0.1353376030426415
0.8252148997134671,1.0,0.135312998222201
0.8253657065299351,1.0,0.1351658484478277
0.8255165133464033,1.0,0.1350956409029146
0.8256673201628714,1.0,0.1350721070864124
0.8258181269793394,1.0,0.1350024573975857
0.8259689337958076,1.0,0.1348153555133955
0.8261197406122757,1.0,0.1347310315616795
0.8262705474287437,1.0,0.1346449605406597
0.8264213542452119,1.0,0.1345983042014323
0.82657216106168,1.0,0.1344106384136726
0.8267229678781481,1.0,0.1343230335813198
0.8268737746946162,1.0,0.1343169895621611
0.8270245815110843,1.0,0.1342313006339918
0.8271753883275524,1.0,0.134216454447284
0.8273261951440205,1.0,0.1341612032769585
0.8274770019604886,1.0,0.1341339388200295
0.8276278087769567,1.0,0.1338526264775242
0.8277786155934248,1.0,0.13368428769512
0.827929422409893,1.0,0.1336683024842618
0.828080229226361,1.0,0.1335531180624589
0.8282310360428291,1.0,0.1334810500223048
0.8283818428592973,1.0,0.1334455236520496
0.8285326496757653,1.0,0.133426692984532
0.8286834564922334,1.0,0.1332272741788081
0.8288342633087016,1.0,0.1331216152645824
0.8289850701251696,1.0,0.1330976119064413
0.8291358769416378,1.0,0.1330542532704403
0.8292866837581059,1.0,0.1329928115726002
0.8294374905745739,1.0,0.1329830941166971
0.8295882973910421,1.0,0.1329576872308483
0.8297391042075102,1.0,0.1327606711898235
0.8298899110239782,1.0,0.132719077731254
0.8300407178404464,1.0,0.1327041895769553
0.8301915246569145,1.0,0.1326653581296341
0.8303423314733825,1.0,0.1326513881821375
0.8304931382898507,1.0,0.1326449983546259
0.8306439451063188,1.0,0.132588779934127
0.830794751922787,1.0,0.1325769324654859
0.830945558739255,1.0,0.1325061830276757
0.8310963655557231,1.0,0.1324486747175883
0.8312471723721913,1.0,0.1324113523985499
0.8313979791886593,1.0,0.1323358956785812
0.8315487860051274,1.0,0.1322685640185466
0.8316995928215956,1.0,0.1322341599016973
0.8318503996380636,1.0,0.1322275939659717
0.8320012064545318,1.0,0.1322005305939823
0.8321520132709999,1.0,0.1321413220025308
0.8323028200874679,1.0,0.1320533094097082
0.8324536269039361,1.0,0.1320399964929404
0.8326044337204042,1.0,0.1318992102197887
0.8327552405368722,1.0,0.1317792531877408
0.8329060473533404,1.0,0.1317312026749289
0.8330568541698085,1.0,0.1316746052555654
0.8332076609862766,1.0,0.1316634440243221
0.8333584678027447,1.0,0.1316080498098465
0.8335092746192128,1.0,0.1315774367651327
0.8336600814356809,1.0,0.1315654972982841
0.833810888252149,1.0,0.1314702170539607
0.8339616950686171,1.0,0.1314495365595658
0.8341125018850852,1.0,0.1310541121648506
0.8342633087015533,1.0,0.1310002553445879
0.8344141155180214,1.0,0.1309704957351385
0.8345649223344895,1.0,0.1309511775302607
0.8347157291509576,1.0,0.1308633976266302
0.8348665359674258,1.0,0.1307847328194685
0.8350173427838938,1.0,0.1306879429214753
0.8351681496003619,1.0,0.130621314343108
0.8353189564168301,1.0,0.130591338023654
0.8354697632332981,1.0,0.130585567644871
0.8356205700497662,1.0,0.1304130390018075
0.8357713768662344,1.0,0.1302544929822148
0.8359221836827024,1.0,0.1301757926704485
0.8360729904991706,1.0,0.1301520435674849
0.8362237973156387,1.0,0.1301507641812452
0.8363746041321067,1.0,0.1300890111885065
0.8365254109485749,1.0,0.1300544732962328
0.836676217765043,1.0,0.1300160628814065
0.836827024581511,1.0,0.1299915209610668
0.8369778313979792,1.0,0.1299833790366737
0.8371286382144473,1.0,0.1299030278417338
0.8372794450309154,1.0,0.1297698801476242
0.8374302518473835,1.0,0.1295483144034509
0.8375810586638516,1.0,0.129421101959793
0.8377318654803197,1.0,0.1293279069790675
0.8378826722967878,1.0,0.1292805443177654
0.8380334791132559,1.0,0.1292116171226099
0.838184285929724,1.0,0.1292088789719603
0.8383350927461921,1.0,0.1290870169891598
0.8384858995626603,1.0,0.1290113053002306
0.8386367063791283,1.0,0.1289477642426251
0.8387875131955964,1.0,0.1288449133240043
0.8389383200120646,1.0,0.1287224937054703
0.8390891268285326,1.0,0.1287021236518704
0.8392399336450007,1.0,0.1285927718644369
0.8393907404614689,1.0,0.1285705998953015
0.839541547277937,1.0,0.1284370035727746
0.839692354094405,1.0,0.1283692440384481
0.8398431609108732,1.0,0.1281665316828869
0.8399939677273413,1.0,0.1279987251062314
0.8401447745438094,1.0,0.1279484919311064
0.8402955813602775,1.0,0.1279288045898868
0.8404463881767456,1.0,0.1278124493122757
0.8405971949932137,1.0,0.1276010371109987
0.8407480018096818,1.0,0.1274881277210357
0.8408988086261499,1.0,0.1274767714859309
0.841049615442618,1.0,0.1274268627577783
0.8412004222590861,1.0,0.1273920212910977
0.8413512290755543,1.0,0.1273122368260261
0.8415020358920223,1.0,0.1271445822153372
0.8416528427084904,1.0,0.1269688610414712
0.8418036495249586,1.0,0.1267439150827433
0.8419544563414266,1.0,0.1266367460331511
0.8421052631578947,1.0,0.1265964708027547
0.8422560699743629,1.0,0.1265610498853136
0.8424068767908309,1.0,0.1264627064566761
0.8425576836072991,1.0,0.1263795944573051
0.8427084904237672,1.0,0.1262981552003943
0.8428592972402352,1.0,0.1262886484242831
0.8430101040567034,1.0,0.1262000737173514
0.8431609108731715,1.0,0.1259023596846053
0.8433117176896395,1.0,0.1258929640386376
0.8434625245061077,1.0,0.1258492799196941
0.8436133313225758,1.0,0.1256397714425079
0.8437641381390439,1.0,0.125594689496668
0.843914944955512,1.0,0.1255924269566115
0.8440657517719801,1.0,0.1254790112721656
0.8442165585884482,1.0,0.1253556362196056
0.8443673654049163,1.0,0.1253553625955318
0.8445181722213844,1.0,0.1253356890527528
0.8446689790378525,1.0,0.1253186390803667
0.8448197858543206,1.0,0.1252718594121661
0.8449705926707887,1.0,0.1251570329329271
0.8451213994872568,1.0,0.1250973116788582
0.8452722063037249,1.0,0.1248070240801662
0.8454230131201931,1.0,0.1246321719867386
0.8455738199366611,1.0,0.1246019560805987
0.8457246267531292,1.0,0.1245673763442688
0.8458754335695974,1.0,0.1245577383039406
0.8460262403860654,1.0,0.1242907466969777
0.8461770472025335,1.0,0.1242643879579804
0.8463278540190017,1.0,0.1241228111163785
0.8464786608354697,1.0,0.1241212528354348
0.8466294676519379,1.0,0.1240547463946356
0.846780274468406,1.0,0.1240396447205758
0.846931081284874,1.0,0.1239803265044423
0.8470818881013422,1.0,0.123829086517218
0.8472326949178103,1.0,0.1238246349085096
0.8473835017342783,1.0,0.1236282411377495
0.8475343085507465,1.0,0.1235507105436278
0.8476851153672146,1.0,0.1233950531117691
0.8478359221836828,1.0,0.1231706970497954
0.8479867290001508,1.0,0.1231479258148832
0.8481375358166189,1.0,0.1231270090911628
0.8482883426330871,1.0,0.123111090390866
0.8484391494495551,1.0,0.1230659215293639
0.8485899562660232,1.0,0.12300706956614
0.8487407630824914,1.0,0.1229539423499886
0.8488915698989594,1.0,0.1228634329310282
0.8490423767154275,1.0,0.1228328220358472
0.8491931835318957,1.0,0.1227611717404733
0.8493439903483637,1.0,0.1227506161408019
0.8494947971648319,1.0,0.1227241496649015
0.8496456039813,1.0,0.1226919000838984
0.849796410797768,1.0,0.1226594699495392
0.8499472176142362,1.0,0.1226070642848189
0.8500980244307043,1.0,0.1224893735888215
0.8502488312471723,1.0,0.1224642692674677
0.8503996380636405,1.0,0.1223580061791443
0.8505504448801086,1.0,0.1221982190119125
0.8507012516965767,1.0,0.1221302232563553
0.8508520585130448,1.0,0.122114615026212
0.8510028653295129,1.0,0.1219990510412097
0.851153672145981,1.0,0.1219591592190683
0.8513044789624491,1.0,0.1218329182980291
0.8514552857789172,1.0,0.1217326941010059
0.8516060925953853,1.0,0.1215465333834266
0.8517568994118534,1.0,0.1214697429797177
0.8519077062283216,1.0,0.1213234856619656
0.8520585130447896,1.0,0.1213164329824252
0.8522093198612577,1.0,0.1209152651548634
0.8523601266777259,1.0,0.1208376967051587
0.8525109334941939,1.0,0.1208232857974609
0.852661740310662,1.0,0.1208177525456836
0.8528125471271302,1.0,0.1207699017307088
0.8529633539435982,1.0,0.1206972721884228
0.8531141607600664,1.0,0.1205283177298046
0.8532649675765345,1.0,0.1204779577811156
0.8534157743930025,1.0,0.1201759120851262
0.8535665812094707,1.0,0.1201749029907971
0.8537173880259388,1.0,0.1201632513066595
0.8538681948424068,1.0,0.1199368640433466
0.854019001658875,1.0,0.1198756229950419
0.8541698084753431,1.0,0.1197638352836177
0.8543206152918111,1.0,0.1197177612077569
0.8544714221082793,1.0,0.119544482415249
0.8546222289247474,1.0,0.1193802591710622
0.8547730357412155,1.0,0.1192616072516896
0.8549238425576836,1.0,0.119128434798411
0.8550746493741517,1.0,0.1190974576493241
0.8552254561906198,1.0,0.1190000570108019
0.8553762630070879,1.0,0.1189748613427667
0.855527069823556,1.0,0.1189507482074915
0.8556778766400241,1.0,0.1188885860787055
0.8558286834564922,1.0,0.1187345411052676
0.8559794902729604,1.0,0.1187015264026837
0.8561302970894284,1.0,0.1186200056519016
0.8562811039058965,1.0,0.1185870922638684
0.8564319107223647,1.0,0.1184635132366927
0.8565827175388327,1.0,0.1184537200106481
0.8567335243553008,1.0,0.1183618042683438
0.856884331171769,1.0,0.1183210924209249
0.857035137988237,1.0,0.1183198197640506
0.8571859448047052,1.0,0.1181052359651641
0.8573367516211733,1.0,0.1181029998121726
0.8574875584376414,1.0,0.1180978345780844
0.8576383652541095,1.0,0.1179031518431504
0.8577891720705776,1.0,0.1178760180345802
0.8579399788870457,1.0,0.1178650024111597
0.8580907857035138,1.0,0.1178629042151303
0.8582415925199819,1.0,0.1176965505827946
0.8583923993364501,1.0,0.1175068933178374
0.8585432061529181,1.0,0.1174519354129752
0.8586940129693862,1.0,0.1172684586477203
0.8588448197858544,1.0,0.1172369081243401
0.8589956266023224,1.0,0.1171368659853836
0.8591464334187905,1.0,0.1167593179257608
0.8592972402352587,1.0,0.1167203981819892
0.8594480470517267,1.0,0.1166653729520975
0.8595988538681948,1.0,0.1165795410934244
0.859749660684663,1.0,0.1165229651878561
0.859900467501131,1.0,0.1164981427583784
0.8600512743175992,1.0,0.1160343690651852
0.8602020811340673,1.0,0.1159971763932723
0.8603528879505353,1.0,0.1159123857990559
0.8605036947670035,1.0,0.115870513252292
0.8606545015834716,1.0,0.1158140724262919
0.8608053083999396,1.0,0.1157497526478947
0.8609561152164078,1.0,0.1157413600862682
0.8611069220328759,1.0,0.11570705843582
0.861257728849344,1.0,0.1154475277015597
0.8614085356658121,1.0,0.1152116320442162
0.8615593424822802,1.0,0.1151192951418386
0.8617101492987483,1.0,0.1150802631952283
0.8618609561152164,1.0,0.1150554819394592
0.8620117629316845,1.0,0.1149801008217879
0.8621625697481526,1.0,0.1149681330950613
0.8623133765646207,1.0,0.114836345982761
0.8624641833810889,1.0,0.1148256268705454
0.8626149901975569,1.0,0.1147778235176394
0.862765797014025,1.0,0.1147684531552127
0.8629166038304932,1.0,0.1147431403062123
0.8630674106469612,1.0,0.114730562595256
0.8632182174634293,1.0,0.1146087909365816
0.8633690242798975,1.0,0.1145355572781089
0.8635198310963655,1.0,0.1142438456672218
0.8636706379128336,1.0,0.1141247289714029
0.8638214447293018,1.0,0.1139952299877836
0.8639722515457698,1.0,0.1139545901806582
0.864123058362238,1.0,0.1138762368701234
0.8642738651787061,1.0,0.1137901347587354
0.8644246719951741,1.0,0.1135899122063345
0.8645754788116423,1.0,0.1135548696582429
0.8647262856281104,1.0,0.1135272008304344
0.8648770924445784,1.0,0.1134953061061028
0.8650278992610466,1.0,0.1133090281036636
0.8651787060775147,1.0,0.1132636937696344
0.8653295128939829,1.0,0.1132611902561803
0.8654803197104509,1.0,0.1132555731948659
0.865631126526919,1.0,0.1131325160601316
0.8657819333433872,1.0,0.1131039426158149
0.8659327401598552,1.0,0.1130483909976187
0.8660835469763233,1.0,0.1129554328033048
0.8662343537927915,1.0,0.112908474871068
0.8663851606092595,1.0,0.112835262473737
0.8665359674257277,1.0,0.1127740432844961
0.8666867742421958,1.0,0.1127403337046418
0.8668375810586638,1.0,0.1127192627001988
0.866988387875132,1.0,0.1125491647119268
0.8671391946916001,1.0,0.1123959685440004
0.8672900015080681,1.0,0.1123787404635733
0.8674408083245363,1.0,0.1123636573947502
0.8675916151410044,1.0,0.1123219497062886
0.8677424219574725,1.0,0.1122655670672275
0.8678932287739406,1.0,0.1121497396920672
0.8680440355904087,1.0,0.1121227932254902
0.8681948424068768,1.0,0.1121079000625046
0.8683456492233449,1.0,0.1119820532975522
0.868496456039813,1.0,0.1116888990343032
0.8686472628562811,1.0,0.1116683181583683
0.8687980696727492,1.0,0.1115886034980825
0.8689488764892173,1.0,0.111583823838114
0.8690996833056854,1.0,0.1115502091541494
0.8692504901221535,1.0,0.1113055470277077
0.8694012969386217,1.0,0.1112784339410153
0.8695521037550897,1.0,0.1111812581682524
0.8697029105715578,1.0,0.1110926051581666
0.869853717388026,1.0,0.1110628463841975
0.870004524204494,1.0,0.1110503590116821
0.8701553310209621,1.0,0.1110275111410545
0.8703061378374303,1.0,0.1109759836962455
0.8704569446538983,1.0,0.1109480510949286
0.8706077514703665,1.0,0.1107966609357271
0.8707585582868346,1.0,0.1106490391245474
0.8709093651033026,1.0,0.1105369741485218
0.8710601719197708,1.0,0.1105088265682899
0.8712109787362389,1.0,0.1104204675136329
0.8713617855527069,1.0,0.1103840503580665
0.8715125923691751,1.0,0.110359266408606
0.8716633991856432,1.0,0.1102659296828965
0.8718142060021113,1.0,0.1101277263021814
0.8719650128185794,1.0,0.1100451160508784
0.8721158196350475,1.0,0.1100379571206786
0.8722666264515156,1.0,0.1099546111965333
0.8724174332679837,1.0,0.1098849883916652
0.8725682400844518,1.0,0.1098498002958785
0.87271904690092,1.0,0.1096521859906168
0.872869853717388,1.0,0.1096084509522029
0.8730206605338562,1.0,0.1094212770555629
0.8731714673503242,1.0,0.109379826935868
0.8733222741667923,1.0,0.1091851994773138
0.8734730809832605,1.0,0.1091714592048894
0.8736238877997285,1.0,0.1091015875479233
0.8737746946161966,1.0,0.1090184555447599
0.8739255014326648,1.0,0.1090029920993337
0.8740763082491328,1.0,0.1088992712391674
0.8742271150656009,1.0,0.1088722176542346
0.8743779218820691,1.0,0.1088565174517726
0.8745287286985371,1.0,0.1088179412946761
0.8746795355150053,1.0,0.1086458126154233
0.8748303423314734,1.0,0.1084855030465049
0.8749811491479415,1.0,0.1084176324015195
0.8751319559644096,1.0,0.1083780407999035
0.8752827627808777,1.0,0.1083595763141522
0.8754335695973458,1.0,0.1083218668509468
0.8755843764138139,1.0,0.1083175205626228
0.875735183230282,1.0,0.1082063348417118
0.8758859900467502,1.0,0.108116193464707
0.8760367968632182,1.0,0.1080359327371984
0.8761876036796863,1.0,0.1080166935596177
0.8763384104961545,1.0,0.1080162184069267
0.8764892173126225,1.0,0.1079989447464225
0.8766400241290906,1.0,0.1079546365049903
0.8767908309455588,1.0,0.1079439328965906
0.8769416377620268,1.0,0.1079083926751472
0.877092444578495,1.0,0.1075979688000444
0.8772432513949631,1.0,0.1075902541784171
0.8773940582114311,1.0,0.1075465716741274
0.8775448650278993,1.0,0.1074387894661181
0.8776956718443674,1.0,0.1072651775643985
0.8778464786608354,1.0,0.1072590313892024
0.8779972854773036,1.0,0.1072098988921744
0.8781480922937717,1.0,0.1072011132963156
0.8782988991102397,1.0,0.1071368595849987
0.8784497059267079,1.0,0.1071022468566099
0.878600512743176,1.0,0.1069509912177427
0.8787513195596441,1.0,0.1069267735743207
0.8789021263761122,1.0,0.1066859579309748
0.8790529331925803,1.0,0.1066553606665849
0.8792037400090484,1.0,0.1066234072444679
0.8793545468255165,1.0,0.1065854534078099
0.8795053536419846,1.0,0.106447188210505
0.8796561604584527,1.0,0.1064000553747883
0.8798069672749208,1.0,0.1062946555540704
0.879957774091389,1.0,0.1062282000898365
0.880108580907857,1.0,0.1058435781940503
0.8802593877243251,1.0,0.1057371291409203
0.8804101945407933,1.0,0.1055694714569116
0.8805610013572613,1.0,0.1053120239667391
0.8807118081737294,1.0,0.1051521422473059
0.8808626149901976,1.0,0.1049607138049906
0.8810134218066656,1.0,0.1049482413565586
0.8811642286231338,1.0,0.1049284250274872
0.8813150354396019,1.0,0.1048895505258763
0.8814658422560699,1.0,0.1048615892006115
0.8816166490725381,1.0,0.1047826880524095
0.8817674558890062,1.0,0.1047733127439541
0.8819182627054742,1.0,0.104656218827792
0.8820690695219424,1.0,0.1046217343923578
0.8822198763384105,1.0,0.1046154838954268
0.8823706831548787,1.0,0.1045678529712685
0.8825214899713467,1.0,0.1045151236195845
0.8826722967878148,1.0,0.1044394749668079
0.882823103604283,1.0,0.1044156035872347
0.882973910420751,1.0,0.104318041186147
0.8831247172372191,1.0,0.1043144921609374
0.8832755240536873,1.0,0.104280194338792
0.8834263308701553,1.0,0.1042566345611918
0.8835771376866234,1.0,0.1041002865387681
0.8837279445030916,1.0,0.1040122929207489
0.8838787513195596,1.0,0.1039403150168257
0.8840295581360278,1.0,0.1038121790706457
0.8841803649524959,1.0,0.1037983580378882
0.8843311717689639,1.0,0.1037603522153987
0.8844819785854321,1.0,0.1037523755014538
0.8846327854019002,1.0,0.1036217084500881
0.8847835922183682,1.0,0.1034974655286541
0.8849343990348364,1.0,0.1034162972958978
0.8850852058513045,1.0,0.1030341710613492
0.8852360126677726,1.0,0.1029946347649448
0.8853868194842407,1.0,0.1029655479540524
0.8855376263007088,1.0,0.1027873132963209
0.8856884331171769,1.0,0.1027362427861623
0.885839239933645,1.0,0.1026818018051124
0.8859900467501131,1.0,0.1026816664630674
0.8861408535665812,1.0,0.102391038347082
0.8862916603830493,1.0,0.1023380418727806
0.8864424671995175,1.0,0.1021805326544334
0.8865932740159855,1.0,0.1019534845581477
0.8867440808324536,1.0,0.1019029782092808
0.8868948876489218,1.0,0.1017444112075295
0.8870456944653898,1.0,0.1016445910595802
0.8871965012818579,1.0,0.1016166413770882
0.8873473080983261,1.0,0.1015082823922144
0.8874981149147941,1.0,0.1015032538962241
0.8876489217312623,1.0,0.1014083991967566
0.8877997285477304,1.0,0.1013011715637955
0.8879505353641984,1.0,0.1012542290266692
0.8881013421806666,1.0,0.1010484795708414
0.8882521489971347,1.0,0.1010294192539258
0.8884029558136027,1.0,0.1009932760967404
0.8885537626300709,1.0,0.1008455699815588
0.888704569446539,1.0,0.1003248641329722
0.888855376263007,1.0,0.1000125973907794
0.8890061830794752,1.0,0.099972295952007
0.8891569898959433,1.0,0.099863437493243
0.8893077967124114,1.0,0.0998535925928254
0.8894586035288795,1.0,0.0998523335314091
0.8896094103453476,1.0,0.0998317800121343
0.8897602171618157,1.0,0.0998054456576725
0.8899110239782838,1.0,0.0997981756125901
0.8900618307947519,1.0,0.0997000768484725
0.89021263761122,1.0,0.0996904836730638
0.8903634444276881,1.0,0.0996812170622686
0.8905142512441563,1.0,0.0996227042648893
0.8906650580606243,1.0,0.0995977054892031
0.8908158648770924,1.0,0.0995811128667614
0.8909666716935606,1.0,0.0994514804262014
0.8911174785100286,1.0,0.0992498062995423
0.8912682853264967,1.0,0.099169250778057
0.8914190921429649,1.0,0.0990136738690167
0.891569898959433,1.0,0.0989551457570942
0.8917207057759011,1.0,0.0989260566441343
0.8918715125923692,1.0,0.0988823887052927
0.8920223194088372,1.0,0.0988629723739405
0.8921731262253054,1.0,0.0988426689729867
0.8923239330417735,1.0,0.0987626678587758
0.8924747398582416,1.0,0.0987046842668772
0.8926255466747097,1.0,0.0986843423632884
0.8927763534911778,1.0,0.0986821397766145
0.8929271603076459,1.0,0.0985728460746352
0.893077967124114,1.0,0.0985407684520548
0.8932287739405821,1.0,0.0984823631902433
0.8933795807570503,1.0,0.0984597242869693
0.8935303875735183,1.0,0.0982951854782646
0.8936811943899864,1.0,0.0982795525131483
0.8938320012064546,1.0,0.0982524991216552
0.8939828080229226,1.0,0.0980995981809427
0.8941336148393907,1.0,0.0980090298149447
0.8942844216558589,1.0,0.0979966084090655
0.8944352284723269,1.0,0.0978173508215858
0.8945860352887951,1.0,0.0977368240905049
0.8947368421052632,1.0,0.097666828289683
0.8948876489217312,1.0,0.0976665748803991
0.8950384557381994,1.0,0.0976194731478358
0.8951892625546675,1.0,0.0975007021701078
0.8953400693711355,1.0,0.097441526797841
0.8954908761876037,1.0,0.0973634559947015
0.8956416830040718,1.0,0.0972782349468256
0.8957924898205399,1.0,0.0972463574873984
0.895943296637008,1.0,0.0971556451564295
0.8960941034534761,1.0,0.0971468772651348
0.8962449102699442,1.0,0.0970382240017756
0.8963957170864123,1.0,0.0968653133225867
0.8965465239028804,1.0,0.0968273434820811
0.8966973307193485,1.0,0.0963009873852177
0.8968481375358166,1.0,0.0960905466664882
0.8969989443522848,1.0,0.0958930609532363
0.8971497511687528,1.0,0.0956645171096887
0.8973005579852209,1.0,0.0954578193921112
0.8974513648016891,1.0,0.0954466814770502
0.8976021716181571,1.0,0.0954386489669377
0.8977529784346252,1.0,0.0953816504346316
0.8979037852510934,1.0,0.0952450625094722
0.8980545920675614,1.0,0.0951782639471691
0.8982053988840295,1.0,0.0949292464474841
0.8983562057004977,1.0,0.0949036069804345
0.8985070125169657,1.0,0.094790948591809
0.8986578193334339,1.0,0.0947474519660751
0.898808626149902,1.0,0.0945480715503581
0.89895943296637,1.0,0.0944919970014555
0.8991102397828382,1.0,0.0944467090338923
0.8992610465993063,1.0,0.094341843913694
0.8994118534157743,1.0,0.0942919802769212
0.8995626602322425,1.0,0.0940539189624732
0.8997134670487106,1.0,0.0938488954679408
0.8998642738651788,1.0,0.0937791222575684
0.9000150806816468,1.0,0.0936343834164484
0.9001658874981149,1.0,0.0934651387338779
0.900316694314583,1.0,0.0934611001066369
0.9004675011310511,1.0,0.0933979938687703
0.9006183079475192,1.0,0.0933400996248359
0.9007691147639874,1.0,0.0933066436481278
0.9009199215804554,1.0,0.0931476192970702
0.9010707283969236,1.0,0.09289007483688
0.9012215352133917,1.0,0.0928230493398748
0.9013723420298597,1.0,0.0927841342408598
0.9015231488463279,1.0,0.0927650766938366
0.901673955662796,1.0,0.0927569074735765
0.901824762479264,1.0,0.092594814294703
0.9019755692957322,1.0,0.0924954425358184
0.9021263761122003,1.0,0.0924867085921189
0.9022771829286684,1.0,0.0922119689734497
0.9024279897451365,1.0,0.0921864738163487
0.9025787965616046,1.0,0.0920810648955539
0.9027296033780727,1.0,0.0919716547270712
0.9028804101945408,1.0,0.0919318224595435
0.9030312170110089,1.0,0.0917062444770593
0.903182023827477,1.0,0.0916979568716848
0.9033328306439451,1.0,0.0916682309482967
0.9034836374604132,1.0,0.0915065696447406
0.9036344442768813,1.0,0.0914436565489521
0.9037852510933494,1.0,0.0913928668690459
0.9039360579098176,1.0,0.0912937268592247
0.9040868647262856,1.0,0.0911847012587857
0.9042376715427537,1.0,0.0911599307017908
0.9043884783592219,1.0,0.0911111747543236
0.9045392851756899,1.0,0.0910734663050117
0.904690091992158,1.0,0.09086582907504
0.9048408988086262,1.0,0.0908501396242993
0.9049917056250942,1.0,0.090755181419611
0.9051425124415624,1.0,0.0907356899169215
0.9052933192580305,1.0,0.0906696540373693
0.9054441260744985,1.0,0.0905767855831749
0.9055949328909667,1.0,0.0905685819943902
0.9057457397074348,1.0,0.0905076437888375
0.9058965465239028,1.0,0.090429565326398
0.906047353340371,1.0,0.0904142426829528
0.9061981601568391,1.0,0.0904095459493177
0.9063489669733072,1.0,0.0902332279154152
0.9064997737897753,1.0,0.0901334895061924
0.9066505806062434,1.0,0.0900945884348752
0.9068013874227115,1.0,0.0900738357857259
0.9069521942391796,1.0,0.0900187355658276
0.9071030010556477,1.0,0.0899326840473213
0.9072538078721158,1.0,0.0896841225427391
0.9074046146885839,1.0,0.0896589301680896
0.907555421505052,1.0,0.0895078797811878
0.9077062283215201,1.0,0.0891894873958218
0.9078570351379882,1.0,0.0891488120935862
0.9080078419544564,1.0,0.0890484357491966
0.9081586487709244,1.0,0.0890089128633609
0.9083094555873925,1.0,0.0889222739013107
0.9084602624038607,1.0,0.0889084322846016
0.9086110692203287,1.0,0.0887002447325052
0.9087618760367968,1.0,0.088465148089723
0.908912682853265,1.0,0.0883740970887501
0.909063489669733,1.0,0.088332368857216
0.9092142964862012,1.0,0.0881034752398228
0.9093651033026693,1.0,0.087991131822325
0.9095159101191373,1.0,0.0875889771096808
0.9096667169356055,1.0,0.0875514783309906
0.9098175237520736,1.0,0.0873693254008409
0.9099683305685417,1.0,0.0873122608079115
0.9101191373850098,1.0,0.0872808398190938
0.9102699442014779,1.0,0.0872245039090311
0.9104207510179461,1.0,0.087161483046756
0.9105715578344141,1.0,0.0871147864688827
0.9107223646508822,1.0,0.087093115253456
0.9108731714673504,1.0,0.087010423252028
0.9110239782838184,1.0,0.0867837990849089
0.9111747851002865,1.0,0.0867263491288682
0.9113255919167547,1.0,0.0865202409702524
0.9114763987332227,1.0,0.0864805771555463
0.9116272055496909,1.0,0.0863451398812267
0.911778012366159,1.0,0.086230878432681
0.911928819182627,1.0,0.0862294444283851
0.9120796259990952,1.0,0.0862095268271977
0.9122304328155633,1.0,0.0861140783337041
0.9123812396320313,1.0,0.0860939613695971
0.9125320464484995,1.0,0.0860657096064226
0.9126828532649676,1.0,0.0859973304216445
0.9128336600814356,1.0,0.0859250143218736
0.9129844668979038,1.0,0.0856721612286176
0.9131352737143719,1.0,0.085354159535431
0.91328608053084,1.0,0.0853176159136786
0.9134368873473081,1.0,0.0851887259875914
0.9135876941637762,1.0,0.0851099553620742
0.9137385009802443,1.0,0.0850564676166536
0.9138893077967124,1.0,0.0849507709360379
0.9140401146131805,1.0,0.08484188528126
0.9141909214296486,1.0,0.0846636582655668
0.9143417282461167,1.0,0.0846196206052247
0.9144925350625849,1.0,0.0844318888406844
0.9146433418790529,1.0,0.0844058424810532
0.914794148695521,1.0,0.0843539422588428
0.9149449555119892,1.0,0.0843209819086692
0.9150957623284572,1.0,0.0842985621138726
0.9152465691449253,1.0,0.084087375932942
0.9153973759613935,1.0,0.0839547971898992
0.9155481827778615,1.0,0.0838162834706451
0.9156989895943297,1.0,0.08367643119584
0.9158497964107978,1.0,0.0834381720956694
0.9160006032272658,1.0,0.0833744907846947
0.916151410043734,1.0,0.0833535277099919
0.9163022168602021,1.0,0.0833243778538848
0.9164530236766701,1.0,0.0832412927769939
0.9166038304931383,1.0,0.0830185309639597
0.9167546373096064,1.0,0.0829983090067394
0.9169054441260746,1.0,0.0829631553873839
0.9170562509425426,1.0,0.0829372025718452
0.9172070577590107,1.0,0.0828896332827925
0.9173578645754789,1.0,0.0828821887199987
0.9175086713919469,1.0,0.0827605494164175
0.917659478208415,1.0,0.0826873952183936
0.9178102850248832,1.0,0.0824980012103483
0.9179610918413512,1.0,0.08245767514216
0.9181118986578193,1.0,0.0822869501091896
0.9182627054742875,1.0,0.0822571893737489
0.9184135122907555,1.0,0.0821080176624572
0.9185643191072237,1.0,0.082093208208668
0.9187151259236918,1.0,0.0820931059647426
0.9188659327401598,1.0,0.0817706274895992
0.919016739556628,1.0,0.0816825049651821
0.9191675463730961,1.0,0.0815472012813572
0.9193183531895641,1.0,0.0813818780999864
0.9194691600060323,1.0,0.0813236784779202
0.9196199668225004,1.0,0.081154189417186
0.9197707736389685,1.0,0.0811297093945253
0.9199215804554366,1.0,0.0810477062757216
0.9200723872719047,1.0,0.0810206965470796
0.9202231940883728,1.0,0.0810041840281091
0.9203740009048409,1.0,0.080992194145548
0.920524807721309,1.0,0.0809603986697711
0.9206756145377771,1.0,0.080913528255084
0.9208264213542452,1.0,0.0805827054247198
0.9209772281707134,1.0,0.080501754048762
0.9211280349871814,1.0,0.08042217714167
0.9212788418036495,1.0,0.0804086774281033
0.9214296486201177,1.0,0.0803724428412592
0.9215804554365857,1.0,0.0802292747261001
0.9217312622530538,1.0,0.0800238629931204
0.921882069069522,1.0,0.0799798075336675
0.92203287588599,1.0,0.0798767868748597
0.9221836827024581,1.0,0.0798327404061028
0.9223344895189263,1.0,0.0797606292297931
0.9224852963353943,1.0,0.0797332926175857
0.9226361031518625,1.0,0.0796970725206709
0.9227869099683306,1.0,0.0796816168942999
0.9229377167847986,1.0,0.0795428635479861
0.9230885236012668,1.0,0.0795381481339195
0.9232393304177349,1.0,0.0794374200184549
0.9233901372342029,1.0,0.0794070423510854
0.9235409440506711,1.0,0.0793782793255037
0.9236917508671392,1.0,0.0793700381652501
0.9238425576836073,1.0,0.0793355365588935
0.9239933645000754,1.0,0.0791841373018529
0.9241441713165435,1.0,0.0790665540338353
0.9242949781330116,1.0,0.0790508120283559
0.9244457849494797,1.0,0.0789002175611218
0.9245965917659478,1.0,0.078886897857817
0.924747398582416,1.0,0.0787301288773487
0.924898205398884,1.0,0.0786188210246986
0.9250490122153522,1.0,0.0783290516820018
0.9251998190318202,1.0,0.0782463013929597
0.9253506258482883,1.0,0.078113984188903
0.9255014326647565,1.0,0.0781067133121115
0.9256522394812245,1.0,0.0780857222472086
0.9258030462976926,1.0,0.0780167371456501
0.9259538531141608,1.0,0.0778965765729833
0.9261046599306288,1.0,0.0776372288754781
0.926255466747097,1.0,0.0775746548447128
0.9264062735635651,1.0,0.0774899841855011
0.9265570803800331,1.0,0.0773413510489626
0.9267078871965013,1.0,0.0770573521951512
0.9268586940129694,1.0,0.0770202519465263
0.9270095008294374,1.0,0.076977335038054
0.9271603076459056,1.0,0.0769018167208227
0.9273111144623737,1.0,0.0768386355170633
0.9274619212788417,1.0,0.0768372925693555
0.9276127280953099,1.0,0.0767714797640023
0.927763534911778,1.0,0.0766427533869755
0.9279143417282462,1.0,0.0765832847162514
0.9280651485447142,1.0,0.0765765937857095
0.9282159553611823,1.0,0.0763541937592012
0.9283667621776505,1.0,0.0763214037331895
0.9285175689941185,1.0,0.0761844483413726
0.9286683758105866,1.0,0.0761245308867531
0.9288191826270548,1.0,0.0760978123149885
0.9289699894435228,1.0,0.0760621569826979
0.929120796259991,1.0,0.0760273300133419
0.9292716030764591,1.0,0.0759409975909432
0.9294224098929271,1.0,0.0758746088739722
0.9295732167093953,1.0,0.0758295021677859
0.9297240235258634,1.0,0.0758175492175702
0.9298748303423314,1.0,0.0757160649967507
0.9300256371587996,1.0,0.0754780301283841
0.9301764439752677,1.0,0.0753701484518458
0.9303272507917358,1.0,0.0752446573672292
0.9304780576082039,1.0,0.0751207374049336
0.930628864424672,1.0,0.0750893447915331
0.9307796712411401,1.0,0.0750710403455504
0.9309304780576082,1.0,0.0750217310832976
0.9310812848740763,1.0,0.0749984969254004
0.9312320916905444,1.0,0.074978468617878
0.9313828985070125,1.0,0.0747943929381913
0.9315337053234807,1.0,0.0747936119102192
0.9316845121399487,1.0,0.074625127718512
0.9318353189564168,1.0,0.074453784994518
0.931986125772885,1.0,0.0744330408060079
0.932136932589353,1.0,0.0742760043111666
0.9322877394058211,1.0,0.074263159015756
0.9324385462222893,1.0,0.0740522771728759
0.9325893530387573,1.0,0.0740232655988501
0.9327401598552254,1.0,0.0739859142131987
0.9328909666716936,1.0,0.0739424866290473
0.9330417734881616,1.0,0.0739282124686271
0.9331925803046298,1.0,0.0739025860417509
0.9333433871210979,1.0,0.0738152605197785
0.9334941939375659,1.0,0.0737657612060849
0.9336450007540341,1.0,0.0736587285087541
0.9337958075705022,1.0,0.0736557362019877
0.9339466143869702,1.0,0.073335077970399
0.9340974212034384,1.0,0.0731629234218426
0.9342482280199065,1.0,0.0730964135087141
0.9343990348363747,1.0,0.0728240010487951
0.9345498416528427,1.0,0.0727010469623192
0.9347006484693108,1.0,0.0726856886303829
0.934851455285779,1.0,0.0725970316192609
0.935002262102247,1.0,0.0724768071937042
0.9351530689187151,1.0,0.0724177874969539
0.9353038757351833,1.0,0.072208973678611
0.9354546825516513,1.0,0.0719840403719934
0.9356054893681195,1.0,0.0716810732753871
0.9357562961845876,1.0,0.0716800715224459
0.9359071030010556,1.0,0.071507358333734
0.9360579098175238,1.0,0.0714335720925995
0.9362087166339919,1.0,0.0713525024826829
0.9363595234504599,1.0,0.0712280262045715
0.9365103302669281,1.0,0.0711953792849714
0.9366611370833962,1.0,0.0710953299747866
0.9368119438998642,1.0,0.0710035509434409
0.9369627507163324,1.0,0.0709591290383357
0.9371135575328005,1.0,0.070899176475294
0.9372643643492686,1.0,0.0708486000803331
0.9374151711657367,1.0,0.0707643776634773
0.9375659779822048,1.0,0.0707504886937198
0.9377167847986729,1.0,0.0707164067785496
0.937867591615141,1.0,0.0705929337633159
0.9380183984316091,1.0,0.070468586013909
0.9381692052480772,1.0,0.0703679039604503
0.9383200120645453,1.0,0.0702618095435775
0.9384708188810135,1.0,0.070173703711402
0.9386216256974815,1.0,0.0701362569913611
0.9387724325139496,1.0,0.0699975749466218
0.9389232393304178,1.0,0.0698800246876583
0.9390740461468858,1.0,0.0697492257324694
0.9392248529633539,1.0,0.069649573773414
0.9393756597798221,1.0,0.069616560823356
0.9395264665962901,1.0,0.0693839972420787
0.9396772734127583,1.0,0.0689335984168401
0.9398280802292264,1.0,0.0688771360130543
0.9399788870456944,1.0,0.068802751634722
0.9401296938621626,1.0,0.0686864766185064
0.9402805006786307,1.0,0.0686191694662799
0.9404313074950987,1.0,0.06856948606793
0.9405821143115669,1.0,0.0685294475435762
0.940732921128035,1.0,0.0683437719201756
0.9408837279445031,1.0,0.0680905231769611
0.9410345347609712,1.0,0.0680461077901451
0.9411853415774393,1.0,0.0679472057870995
0.9413361483939074,1.0,0.0678274729582446
0.9414869552103755,1.0,0.067789842523601
0.9416377620268436,1.0,0.0674824687627633
0.9417885688433117,1.0,0.0674590092349057
0.9419393756597798,1.0,0.0674567729568609
0.9420901824762479,1.0,0.0674449216731293
0.942240989292716,1.0,0.0673770349178951
0.9423917961091841,1.0,0.067222664713464
0.9425426029256523,1.0,0.0670583189670561
0.9426934097421203,1.0,0.0670007523832222
0.9428442165585884,1.0,0.0669456103931134
0.9429950233750566,1.0,0.0668793552873311
0.9431458301915246,1.0,0.0668503590105333
0.9432966370079927,1.0,0.0667567263405736
0.9434474438244609,1.0,0.0667289685111161
0.943598250640929,1.0,0.0666197048969777
0.9437490574573971,1.0,0.0666089185583641
0.9438998642738652,1.0,0.0665695154238139
0.9440506710903332,1.0,0.0664886886361619
0.9442014779068014,1.0,0.0664568680470136
0.9443522847232695,1.0,0.0663898944506747
0.9445030915397375,1.0,0.0663662420801951
0.9446538983562057,1.0,0.0663543812196416
0.9448047051726738,1.0,0.0662939432065094
0.944955511989142,1.0,0.0661867700352061
0.94510631880561,1.0,0.0661524118829078
0.9452571256220781,1.0,0.0661444660926841
0.9454079324385463,1.0,0.0661052436316407
0.9455587392550143,1.0,0.0658976479205822
0.9457095460714824,1.0,0.0658618313984165
0.9458603528879506,1.0,0.0658047563782426
0.9460111597044186,1.0,0.065797860028418
0.9461619665208868,1.0,0.0655413562171928
0.9463127733373549,1.0,0.0650500592317694
0.9464635801538229,1.0,0.0650212879483856
0.9466143869702911,1.0,0.0649670178132107
0.9467651937867592,1.0,0.0648937914028755
0.9469160006032272,1.0,0.0644557805428121
0.9470668074196954,1.0,0.0643026193995081
0.9472176142361635,1.0,0.0641986274027904
0.9473684210526315,1.0,0.0640441898366939
0.9475192278690997,1.0,0.0639975071896544
0.9476700346855678,1.0,0.0639740208013142
0.9478208415020359,1.0,0.0639490868181646
0.947971648318504,1.0,0.0639257464993607
0.9481224551349721,1.0,0.0638271799237685
0.9482732619514402,1.0,0.0636450808970924
0.9484240687679083,1.0,0.0633665242177911
0.9485748755843764,1.0,0.0631235898999882
0.9487256824008445,1.0,0.0631171988183236
0.9488764892173126,1.0,0.063087190937922
0.9490272960337808,1.0,0.0626512327129581
0.9491781028502488,1.0,0.0625806210910924
0.9493289096667169,1.0,0.062543172024749
0.9494797164831851,1.0,0.0625133269563983
0.9496305232996531,1.0,0.0623090614876169
0.9497813301161212,1.0,0.0618849727345458
0.9499321369325894,1.0,0.0617643069480231
0.9500829437490574,1.0,0.0617451930123009
0.9502337505655256,1.0,0.0615520686341432
0.9503845573819937,1.0,0.0615502498249828
0.9505353641984617,1.0,0.0614631654106203
0.9506861710149299,1.0,0.0614587357012858
0.950836977831398,1.0,0.0611578340392158
0.950987784647866,1.0,0.0610652918510546
0.9511385914643342,1.0,0.0610632648489999
0.9512893982808023,1.0,0.0606842980362408
0.9514402050972703,1.0,0.06053088663335
0.9515910119137385,1.0,0.0605098240968354
0.9517418187302066,1.0,0.0600820892237545
0.9518926255466748,1.0,0.0599433539038529
0.9520434323631428,1.0,0.0598549398195597
0.9521942391796109,1.0,0.0595704542043777
0.952345045996079,1.0,0.0592336670988848
0.9524958528125471,1.0,0.0592259668599082
0.9526466596290152,1.0,0.0591828600992056
0.9527974664454834,1.0,0.0590121388780846
0.9529482732619514,1.0,0.0589575746714278
0.9530990800784196,1.0,0.0589243890314713
0.9532498868948877,1.0,0.0588721952503031
0.9534006937113557,1.0,0.0587280335208932
0.9535515005278239,1.0,0.0587261596836806
0.953702307344292,1.0,0.0587149929750143
0.95385311416076,1.0,0.0586604190036449
0.9540039209772282,1.0,0.0585196531672703
0.9541547277936963,1.0,0.0585054467495138
0.9543055346101644,1.0,0.0584935888935243
0.9544563414266325,1.0,0.0584448011415591
0.9546071482431006,1.0,0.0583020933566154
0.9547579550595687,1.0,0.0580383211988271
0.9549087618760368,1.0,0.058028759938378
0.9550595686925049,1.0,0.0579793282169173
0.955210375508973,1.0,0.0579243585777623
0.9553611823254411,1.0,0.0578359162793679
0.9555119891419093,1.0,0.0578194317756953
0.9556627959583773,1.0,0.057799503853716
0.9558136027748454,1.0,0.0577296223981936
0.9559644095913136,1.0,0.0574452749537162
0.9561152164077816,1.0,0.0573143400963951
0.9562660232242497,1.0,0.0572730637749294
0.9564168300407179,1.0,0.0572106515643351
0.9565676368571859,1.0,0.0571726448285979
0.956718443673654,1.0,0.0571484323417706
0.9568692504901222,1.0,0.0571186107436991
0.9570200573065902,1.0,0.0569729640896364
0.9571708641230584,1.0,0.0567848945836104
0.9573216709395265,1.0,0.0565489188609688
0.9574724777559945,1.0,0.0565390383760674
0.9576232845724627,1.0,0.0565288796231504
0.9577740913889308,1.0,0.056474567954602
0.9579248982053988,1.0,0.0564574076262539
0.958075705021867,1.0,0.0562884875044647
0.9582265118383351,1.0,0.0562334928410157
0.9583773186548032,1.0,0.0561834386780989
0.9585281254712713,1.0,0.056150175289525
0.9586789322877394,1.0,0.0556406203001315
0.9588297391042075,1.0,0.0555528669902195
0.9589805459206756,1.0,0.0554185313234359
0.9591313527371437,1.0,0.0553669872766929
0.9592821595536118,1.0,0.0547666440428752
0.9594329663700799,1.0,0.0547248717079096
0.9595837731865481,1.0,0.0547073733948023
0.9597345800030161,1.0,0.0546116403438116
0.9598853868194842,1.0,0.054520883046952
0.9600361936359524,1.0,0.0544933182019559
0.9601870004524204,1.0,0.0544828899415903
0.9603378072688885,1.0,0.0544547816605591
0.9604886140853567,1.0,0.0544318332178904
0.9606394209018247,1.0,0.0543853033994056
0.9607902277182929,1.0,0.0542820673477016
0.960941034534761,1.0,0.0542516175331291
0.961091841351229,1.0,0.0542448421565108
0.9612426481676972,1.0,0.0541570331727978
0.9613934549841653,1.0,0.0540571025094037
0.9615442618006333,1.0,0.0537936084138032
0.9616950686171015,1.0,0.0535150691126277
0.9618458754335696,1.0,0.053297525146752
0.9619966822500376,1.0,0.0531007222966596
0.9621474890665058,1.0,0.0530688159598219
0.9622982958829739,1.0,0.0529140542807907
0.9624491026994421,1.0,0.052685436783039
0.9625999095159101,1.0,0.0526273473826381
0.9627507163323782,1.0,0.052486942968023
0.9629015231488464,1.0,0.0524404359696928
0.9630523299653144,1.0,0.0523400459633015
0.9632031367817825,1.0,0.0517226747547295
0.9633539435982507,1.0,0.0516584794007434
0.9635047504147187,1.0,0.051627244822988
0.9636555572311869,1.0,0.0515174873859273
0.963806364047655,1.0,0.0513196982345961
0.963957170864123,1.0,0.0511953003609339
0.9641079776805912,1.0,0.0511316604161675
0.9642587844970593,1.0,0.0510894185861084
0.9644095913135273,1.0,0.0510601313199849
0.9645603981299955,1.0,0.0507283430275277
0.9647112049464636,1.0,0.050722654269592
0.9648620117629317,1.0,0.0505957535992007
0.9650128185793998,1.0,0.050362049787755
0.9651636253958679,1.0,0.0503359815828837
0.965314432212336,1.0,0.050301663836897
0.9654652390288041,1.0,0.05015435836819
0.9656160458452722,1.0,0.0501428846359727
0.9657668526617403,1.0,0.0501097858328148
0.9659176594782084,1.0,0.0500304686162199
0.9660684662946765,1.0,0.0500041850485176
0.9662192731111446,1.0,0.0498955083007461
0.9663700799276127,1.0,0.0498161603547278
0.9665208867440809,1.0,0.0497998617962637
0.9666716935605489,1.0,0.0495233440587281
0.966822500377017,1.0,0.0494204608695335
0.9669733071934852,1.0,0.0493347215773955
0.9671241140099532,1.0,0.0491528146134097
0.9672749208264213,1.0,0.0489531309972748
0.9674257276428895,1.0,0.0487427363179582
0.9675765344593575,1.0,0.0486378289205665
0.9677273412758257,1.0,0.0485228836660638
0.9678781480922938,1.0,0.0485039525402663
0.9680289549087618,1.0,0.0482254865887041
0.96817976172523,1.0,0.0481945287862794
0.9683305685416981,1.0,0.047921004396323
0.9684813753581661,1.0,0.0478084727494021
0.9686321821746343,1.0,0.0477374626362623
0.9687829889911024,1.0,0.0474518972216551
0.9689337958075706,1.0,0.0473847820437424
0.9690846026240386,1.0,0.0473815363142279
0.9692354094405067,1.0,0.0473237657131701
0.9693862162569749,1.0,0.0471583150031396
0.9695370230734429,1.0,0.0471329925473024
0.969687829889911,1.0,0.0471137406350315
0.9698386367063792,1.0,0.0469955554199168
0.9699894435228472,1.0,0.0466376641446753
0.9701402503393154,1.0,0.0465820495640463
0.9702910571557835,1.0,0.0465725340896699
0.9704418639722515,1.0,0.046513573429729
0.9705926707887197,1.0,0.0461625167673945
0.9707434776051878,1.0,0.0460923005116085
0.9708942844216558,1.0,0.0459842292206757
0.971045091238124,1.0,0.045973712692226
0.971195898054592,1.0,0.0458884340450376
0.9713467048710601,1.0,0.045822871214374
0.9714975116875283,1.0,0.0456849233867895
0.9716483185039964,1.0,0.0456567123755341
0.9717991253204645,1.0,0.0456467895415233
0.9719499321369326,1.0,0.0456176627462653
0.9721007389534007,1.0,0.0455607737138591
0.9722515457698688,1.0,0.0455306797650012
0.9724023525863369,1.0,0.0454860282074091
0.972553159402805,1.0,0.0454641666036634
0.9727039662192731,1.0,0.045222871500734
0.9728547730357412,1.0,0.0451439228422745
0.9730055798522094,1.0,0.0450460689266819
0.9731563866686774,1.0,0.0449004250038665
0.9733071934851455,1.0,0.0447798495749364
0.9734580003016137,1.0,0.0440549132815919
0.9736088071180817,1.0,0.0439039712082558
0.9737596139345498,1.0,0.0436163103865118
0.973910420751018,1.0,0.0432804202126146
0.974061227567486,1.0,0.043275109714275
0.9742120343839542,1.0,0.0432661488857771
0.9743628412004223,1.0,0.0429239461524875
0.9745136480168903,1.0,0.0428707955283321
0.9746644548333585,1.0,0.0427884798252902
0.9748152616498266,1.0,0.0426666355375556
0.9749660684662946,1.0,0.0424948743531025
0.9751168752827628,1.0,0.0424812977921404
0.9752676820992309,1.0,0.0423422206156409
0.975418488915699,1.0,0.042243855199887
0.9755692957321671,1.0,0.0420990353433867
0.9757201025486352,1.0,0.0420187078261063
0.9758709093651033,1.0,0.0419055761093816
0.9760217161815714,1.0,0.0418512752412024
0.9761725229980395,1.0,0.041739258045657
0.9763233298145076,1.0,0.0416903621915438
0.9764741366309757,1.0,0.041481249363025
0.9766249434474438,1.0,0.0414450697556767
0.976775750263912,1.0,0.0413265572041855
0.97692655708038,1.0,0.0413187213732897
0.9770773638968482,1.0,0.0412374298114213
0.9772281707133162,1.0,0.0411962694828665
0.9773789775297843,1.0,0.0411756538926653
0.9775297843462525,1.0,0.0410272863744588
0.9776805911627205,1.0,0.0409148626616339
0.9778313979791886,1.0,0.0407549822823359
0.9779822047956568,1.0,0.0405348179747348
0.9781330116121248,1.0,0.0403791498511061
0.978283818428593,1.0,0.0402622443662179
0.9784346252450611,1.0,0.0402262685246201
0.9785854320615291,1.0,0.0399396856806954
0.9787362388779973,1.0,0.0399130836134367
0.9788870456944654,1.0,0.0399058992878627
0.9790378525109334,1.0,0.0398751049316312
0.9791886593274016,1.0,0.0397737528008676
0.9793394661438697,1.0,0.0396433884398646
0.9794902729603379,1.0,0.0395044656017934
0.9796410797768059,1.0,0.0392813938104088
0.979791886593274,1.0,0.0392801617074974
0.9799426934097422,1.0,0.0392340415221787
0.9800935002262102,1.0,0.0391528611590869
0.9802443070426783,1.0,0.0386207288945133
0.9803951138591465,1.0,0.0385004939861782
0.9805459206756145,1.0,0.0380153182067619
0.9806967274920826,1.0,0.0380072063745655
0.9808475343085508,1.0,0.0376967615220202
0.9809983411250188,1.0,0.037645574263459
0.981149147941487,1.0,0.037600307579423
0.9812999547579551,1.0,0.0370889548069574
0.9814507615744231,1.0,0.0369548006354801
0.9816015683908913,1.0,0.036782101749571
0.9817523752073594,1.0,0.0367604696699813
0.9819031820238274,1.0,0.0365151504180714
0.9820539888402956,1.0,0.036478328496408
0.9822047956567637,1.0,0.0364489886610105
0.9823556024732318,1.0,0.0360529365473848
0.9825064092896999,1.0,0.0360153790240853
0.982657216106168,1.0,0.0358933315472238
0.9828080229226361,1.0,0.0356534524770833
0.9829588297391042,1.0,0.0355321428082473
0.9831096365555723,1.0,0.0354433729421647
0.9832604433720404,1.0,0.0346483751702778
0.9834112501885085,1.0,0.0344875888969049
0.9835620570049767,1.0,0.0341035532539202
0.9837128638214447,1.0,0.0337212175945205
0.9838636706379128,1.0,0.0337114635399651
0.984014477454381,1.0,0.0336472857433013
0.984165284270849,1.0,0.033643886017896
0.9843160910873171,1.0,0.0333404503897274
0.9844668979037853,1.0,0.0332796558920725
0.9846177047202533,1.0,0.0325595879444882
0.9847685115367215,1.0,0.0324541627308123
0.9849193183531896,1.0,0.0324357675033501
0.9850701251696576,1.0,0.0323236305232014
0.9852209319861258,1.0,0.0322012668495005
0.9853717388025939,1.0,0.0321846623213421
0.9855225456190619,1.0,0.0321608481713056
0.9856733524355301,1.0,0.0318712229805327
0.9858241592519982,1.0,0.0318582184315823
0.9859749660684662,1.0,0.0312819305649344
0.9861257728849344,1.0,0.0311370329395772
0.9862765797014025,1.0,0.0309932604064419
0.9864273865178707,1.0,0.030823052641243
0.9865781933343387,1.0,0.0307788778682566
0.9867290001508068,1.0,0.0306707668355076
0.986879806967275,1.0,0.0301980169506871
0.987030613783743,1.0,0.0300875237335713
0.9871814206002111,1.0,0.0299951366107017
0.9873322274166793,1.0,0.0298766484683416
0.9874830342331473,1.0,0.0298235134833988
0.9876338410496155,1.0,0.0296506337245474
0.9877846478660836,1.0,0.0294080292290837
0.9879354546825516,1.0,0.0293761972917502
0.9880862614990198,1.0,0.0293665554412609
0.9882370683154879,1.0,0.0293525051880764
0.9883878751319559,1.0,0.0291605705527325
0.9885386819484241,1.0,0.0288313499508193
0.9886894887648922,1.0,0.0287294225143149
0.9888402955813603,1.0,0.0285561319079306
0.9889911023978284,1.0,0.0284946575251796
0.9891419092142965,1.0,0.0284928757592555
0.9892927160307646,1.0,0.0284161447312002
0.9894435228472327,1.0,0.0282511876691292
0.9895943296637008,1.0,0.0272312420077697
0.9897451364801689,1.0,0.0272205816235777
0.989895943296637,1.0,0.0270939906016635
0.9900467501131052,1.0,0.0268884838509245
0.9901975569295732,1.0,0.0268454562403869
0.9903483637460413,1.0,0.0257902026729156
0.9904991705625095,1.0,0.0257271385031803
0.9906499773789775,1.0,0.0248280047046909
0.9908007841954456,1.0,0.0244469950436153
0.9909515910119138,1.0,0.0238297850835846
0.9911023978283818,1.0,0.0238201465074108
0.9912532046448499,1.0,0.0235144384718346
0.9914040114613181,1.0,0.0228333580113313
0.9915548182777861,1.0,0.0227239590289624
0.9917056250942543,1.0,0.0217411032680644
0.9918564319107224,1.0,0.0216169514729905
0.9920072387271904,1.0,0.0213958949477717
0.9921580455436586,1.0,0.021384215234651
0.9923088523601267,1.0,0.0211163234579823
0.9924596591765947,1.0,0.0207686627227532
0.9926104659930629,1.0,0.0201777947341954
0.992761272809531,1.0,0.0199463646706224
0.9929120796259991,1.0,0.0196550877754612
0.9930628864424672,1.0,0.0195961237527283
0.9932136932589353,1.0,0.0192787250712071
0.9933645000754034,1.0,0.0187627844044659
0.9935153068918715,1.0,0.0186758808295996
0.9936661137083396,1.0,0.018662010220031
0.9938169205248077,1.0,0.0181596625953376
0.9939677273412758,1.0,0.0181581484698006
0.994118534157744,1.0,0.017931269442341
0.994269340974212,1.0,0.0179285348814421
0.9944201477906801,1.0,0.0172739632149916
0.9945709546071483,1.0,0.0166656406460702
0.9947217614236163,1.0,0.0165601954758217
0.9948725682400844,1.0,0.0161937293497308
0.9950233750565526,1.0,0.0160410011909423
0.9951741818730206,1.0,0.015714974561898
0.9953249886894887,1.0,0.0154906621298347
0.9954757955059569,1.0,0.0151158114996935
0.995626602322425,1.0,0.0146255394364315
0.9957774091388931,1.0,0.0144220622582785
0.9959282159553612,1.0,0.0142190629459045
0.9960790227718292,1.0,0.014212887954934
0.9962298295882974,1.0,0.0141580577664618
0.9963806364047655,1.0,0.013460739287075
0.9965314432212335,1.0,0.0134245744455169
0.9966822500377017,1.0,0.0132983725600417
0.9968330568541698,1.0,0.0132370816021255
0.996983863670638,1.0,0.0126098579371018
0.997134670487106,1.0,0.0121879936876119
0.9972854773035741,1.0,0.0110145865543547
0.9974362841200423,1.0,0.010888823068323
0.9975870909365103,1.0,0.0107447294993806
0.9977378977529784,1.0,0.00960841368694
0.9978887045694466,1.0,0.0093829110581111
0.9980395113859146,1.0,0.0082082559565553
0.9981903182023828,1.0,0.007899619253105
0.9983411250188509,1.0,0.0075966395558671
0.9984919318353189,1.0,0.0072466548394725
0.9986427386517871,1.0,0.0059511153463591
0.9987935454682552,1.0,0.0054900788560268
0.9989443522847232,1.0,0.005394188087053
0.9990951591011914,1.0,0.0053418640795572
0.9992459659176595,1.0,0.0049251422815139
0.9993967727341276,1.0,0.0041117901943492
0.9995475795505957,1.0,0.0038117734150366
0.9996983863670638,1.0,0.0029365288937369
0.9998491931835319,1.0,0.0028370422668273
1.0,1.0,0.0020573544292284
1.0,1.0,0.0
