arch,lr,seed,fold,n_train,n_val,total_epochs,best_epoch,train_loss_final,val_loss_final,train_acc_final,val_acc_final,macro_precision,macro_recall,macro_f1,weighted_f1,time_seconds,precision_0,recall_0,f1_0,precision_1,recall_1,f1_1,precision_2,recall_2,f1_2,precision_3,recall_3,f1_3,precision_4,recall_4,f1_4,precision_5,recall_5,f1_5,precision_6,recall_6,f1_6,precision_7,recall_7,f1_7,precision_8,recall_8,f1_8,precision_9,recall_9,f1_9
arch_shallow,0.0001,42,0,9956.0,2493.0,50.0,49.0,0.6039930449292417,0.6391544742248764,0.8517476898352752,0.8375451263537906,0.7481243198057754,0.694553908165055,0.6974116014261289,0.8310057695994811,3.534950256347656,0.8859934853420195,0.918918918918919,0.9021558872305142,0.8282051282051283,0.9584569732937686,0.8885832187070152,0.8586206896551725,0.8355704697986577,0.8469387755102041,0.8361204013377926,0.8143322475570033,0.8250825082508251,0.8263888888888888,0.815068493150685,0.8206896551724138,0.7777777777777778,0.1272727272727272,0.2187499999999999,0.890728476821192,0.9087837837837838,0.899665551839465,0.8146964856230032,0.8121019108280255,0.8133971291866029,0.0,0.0,0.0,0.7627118644067796,0.7550335570469798,0.7588532883642495
arch_shallow,0.0001,42,1,9958.0,2491.0,50.0,49.0,0.650613771962442,0.6799238777751138,0.8451496284394456,0.8378161380971497,0.76992441536161,0.6849458157757777,0.6793894364495819,0.8281878049617745,3.465411901473999,0.8785942492012779,0.929054054054054,0.90311986863711,0.8487179487179487,0.9821958456973294,0.9105914718019256,0.8415492957746479,0.802013422818792,0.8213058419243987,0.8456375838926175,0.8208469055374593,0.8330578512396695,0.8188405797101449,0.773972602739726,0.795774647887324,1.0,0.0185185185185185,0.0363636363636363,0.8600682593856656,0.8513513513513513,0.8556876061120544,0.8201219512195121,0.8594249201277955,0.8393135725429017,0.0,0.0,0.0,0.7857142857142857,0.8120805369127517,0.7986798679867986
arch_shallow,0.0001,42,2,9960.0,2489.0,50.0,49.0,0.6381962114011993,0.6641494480515109,0.8444779116465864,0.8348734431498593,0.7522606774444668,0.6902610494230568,0.6920829222134322,0.828071127349961,3.448936939239502,0.9023569023569024,0.9054054054054054,0.9038785834738616,0.8901098901098901,0.9614243323442137,0.9243937232524964,0.8678571428571429,0.8154362416107382,0.8408304498269896,0.8401253918495298,0.8758169934640523,0.8576,0.7483660130718954,0.7842465753424658,0.7658862876254181,0.8571428571428571,0.1111111111111111,0.1967213114754098,0.8391167192429022,0.8986486486486487,0.8678629690048939,0.8380952380952381,0.8434504792332268,0.8407643312101911,0.0,0.0,0.0,0.7394366197183099,0.7070707070707071,0.7228915662650603
arch_shallow,0.0001,42,3,9960.0,2489.0,50.0,49.0,0.6409503891644583,0.6719802622933547,0.8451807228915663,0.8392928887103255,0.771719219510038,0.6877331890955659,0.6838659643010676,0.8304365165172372,3.399481296539306,0.8940397350993378,0.9121621621621622,0.903010033444816,0.875,0.9762611275964392,0.922861150070126,0.8385964912280702,0.802013422818792,0.8198970840480275,0.834375,0.8725490196078431,0.853035143769968,0.8464566929133859,0.7363013698630136,0.7875457875457875,1.0,0.037037037037037,0.0714285714285714,0.8473520249221184,0.918918918918919,0.8816855753646677,0.8662207357859532,0.8274760383386581,0.8464052287581699,0.0,0.0,0.0,0.7151515151515152,0.7946127946127947,0.7527910685805422
arch_shallow,0.0001,42,4,9962.0,2487.0,50.0,49.0,0.6271914663017842,0.655076269623659,0.8486247741417386,0.8476075593084037,0.777109140446541,0.7069596595289278,0.7134836063826777,0.8420532639403768,3.4603991508483887,0.9023569023569024,0.9054054054054054,0.9038785834738616,0.8773333333333333,0.9762611275964392,0.9241573033707864,0.8545454545454545,0.7912457912457912,0.8216783216783218,0.8264984227129337,0.8562091503267973,0.841091492776886,0.8096774193548387,0.8595890410958904,0.8338870431893688,1.0,0.1851851851851851,0.3125,0.8758389261744967,0.8847457627118644,0.8802698145025295,0.8255451713395638,0.8466453674121406,0.83596214511041,0.0,0.0,0.0,0.7992957746478874,0.7643097643097643,0.7814113597246126
arch_shallow,0.0001,7,0,9956.0,2493.0,50.0,49.0,0.635204262142206,0.6651146716312363,0.8394937725994375,0.8347372643401524,0.7663384681143887,0.6827091558754996,0.676731614376858,0.8249174185031408,3.479323148727417,0.8831168831168831,0.918918918918919,0.9006622516556292,0.871313672922252,0.9643916913946587,0.9154929577464788,0.8344827586206897,0.8120805369127517,0.8231292517006803,0.832258064516129,0.8403908794788274,0.8363047001620746,0.7864406779661017,0.7945205479452054,0.7904599659284497,1.0,0.0181818181818181,0.0357142857142857,0.8983050847457628,0.8952702702702703,0.8967851099830796,0.8224852071005917,0.8853503184713376,0.8527607361963191,0.0,0.0,0.0,0.734982332155477,0.697986577181208,0.7160068846815836
arch_shallow,0.0001,7,1,9958.0,2491.0,50.0,49.0,0.6366170720103336,0.642383721089222,0.8388230568387226,0.8446407065435568,0.7756779798478003,0.6955443264026882,0.694974042436918,0.836690569742513,3.3941729068756104,0.913907284768212,0.9324324324324323,0.9230769230769232,0.8578811369509044,0.9851632047477744,0.9171270718232044,0.8698884758364313,0.785234899328859,0.8253968253968255,0.8122977346278317,0.8175895765472313,0.8149350649350648,0.8338983050847457,0.8424657534246576,0.838160136286201,1.0,0.074074074074074,0.1379310344827586,0.8823529411764706,0.9121621621621622,0.8970099667774085,0.8317152103559871,0.8210862619808307,0.8263665594855305,0.0,0.0,0.0,0.7548387096774194,0.785234899328859,0.7697368421052633
arch_shallow,0.0001,7,2,9960.0,2489.0,50.0,49.0,0.6351488139819275,0.6690785499641375,0.8449799196787149,0.8312575331458417,0.7633403259847241,0.6887197107890076,0.69186478529687,0.8241745217113448,3.4029297828674316,0.905084745762712,0.902027027027027,0.9035532994923858,0.8441558441558441,0.9643916913946587,0.9002770083102491,0.8209459459459459,0.8154362416107382,0.8181818181818182,0.8459016393442623,0.8431372549019608,0.8445171849427168,0.7821428571428571,0.75,0.7657342657342658,1.0,0.1296296296296296,0.2295081967213114,0.8504672897196262,0.9222972972972971,0.8849270664505672,0.8364779874213837,0.8498402555910544,0.84310618066561,0.0,0.0,0.0,0.74822695035461,0.7104377104377104,0.7288428324697755
arch_shallow,0.0001,7,3,9960.0,2489.0,50.0,49.0,0.6090253383830283,0.647666426126243,0.8505020080321285,0.8433105664925673,0.7576143711284032,0.695941501562848,0.6965326105869557,0.8360408937476447,3.3449699878692627,0.8810289389067524,0.9256756756756755,0.9028006589785832,0.8706199460916442,0.9584569732937686,0.9124293785310734,0.89198606271777,0.8590604026845637,0.8752136752136752,0.8018018018018018,0.8725490196078431,0.8356807511737089,0.7737704918032787,0.8082191780821918,0.7906197654941374,0.8333333333333334,0.0925925925925925,0.1666666666666666,0.8686868686868687,0.8716216216216216,0.8701517706576728,0.8585526315789473,0.8338658146964856,0.846029173419773,0.0,0.0,0.0,0.7963636363636364,0.7373737373737373,0.7657342657342656
arch_shallow,0.0001,7,4,9962.0,2487.0,50.0,49.0,0.6167522765266858,0.6656153353861505,0.8494278257378036,0.8303176517893044,0.6640913617435843,0.677553966972624,0.670478753170085,0.8211087009869009,3.5005879402160645,0.8770226537216829,0.9155405405405406,0.8958677685950412,0.8706199460916442,0.9584569732937686,0.9124293785310734,0.8356164383561644,0.8215488215488216,0.8285229202037352,0.8113207547169812,0.8431372549019608,0.826923076923077,0.7781456953642384,0.8047945205479452,0.7912457912457913,0.0,0.0,0.0,0.8908450704225352,0.8576271186440678,0.8739205526770294,0.842443729903537,0.8370607028753994,0.8397435897435898,0.0,0.0,0.0,0.7348993288590604,0.7373737373737373,0.7361344537815125
arch_shallow,0.0001,13,0,9956.0,2493.0,50.0,49.0,0.6269223883691419,0.6948197496651425,0.8463238248292487,0.8375451263537906,0.6714595034904112,0.6838450508750021,0.6766225189544242,0.827907227645014,3.4513330459594727,0.9228187919463088,0.929054054054054,0.9259259259259258,0.8449612403100775,0.9703264094955488,0.9033149171270718,0.8586206896551725,0.8355704697986577,0.8469387755102041,0.7993827160493827,0.8436482084690554,0.820919175911252,0.8157894736842105,0.7431506849315068,0.7777777777777779,0.0,0.0,0.0,0.8819672131147541,0.9087837837837838,0.8951747088186356,0.865979381443299,0.802547770700637,0.8330578512396696,0.0,0.0,0.0,0.7250755287009063,0.8053691275167785,0.7631160572337042
arch_shallow,0.0001,13,1,9958.0,2491.0,50.0,49.0,0.6152611451699448,0.6621342720108446,0.8454508937537658,0.8305901244480128,0.7132644250636789,0.6791435290573355,0.673310068200174,0.8208848083792475,3.3528800010681152,0.9069767441860463,0.9222972972972971,0.914572864321608,0.8489583333333334,0.9673590504451038,0.9042995839112344,0.8241379310344827,0.802013422818792,0.8129251700680271,0.838006230529595,0.8762214983713354,0.8566878980891719,0.7891156462585034,0.7945205479452054,0.7918088737201364,0.5,0.0185185185185185,0.0357142857142857,0.8688524590163934,0.8952702702702703,0.8818635607321131,0.8280254777070064,0.8306709265175719,0.8293460925039874,0.0,0.0,0.0,0.7285714285714285,0.6845637583892618,0.7058823529411764
arch_shallow,0.0001,13,2,9960.0,2489.0,50.0,49.0,0.6007129109761095,0.6181963115344254,0.856425702811245,0.8517476898352752,0.7810788538682162,0.6967859144201132,0.6910371038896987,0.8423228574464092,3.36099624633789,0.9163879598662208,0.9256756756756755,0.9210084033613444,0.872,0.9703264094955488,0.9185393258426966,0.8529411764705882,0.7785234899328859,0.8140350877192983,0.8317460317460318,0.8562091503267973,0.8438003220611916,0.845360824742268,0.8424657534246576,0.8439108061749571,1.0,0.0185185185185185,0.0363636363636363,0.846875,0.9155405405405406,0.8798701298701299,0.8709677419354839,0.8626198083067093,0.8667736757624398,0.0,0.0,0.0,0.7745098039215687,0.797979797979798,0.7860696517412936
arch_shallow,0.0001,13,3,9960.0,2489.0,50.0,49.0,0.6074179391649523,0.6506140565156789,0.8550200803212852,0.8425070309361189,0.7738652573913329,0.6889630741283503,0.6834889174931902,0.833011548087511,3.338275909423828,0.906040268456376,0.9121621621621622,0.9090909090909092,0.84375,0.9614243323442137,0.8987517337031901,0.8607142857142858,0.8087248322147651,0.8339100346020761,0.8370607028753994,0.8562091503267973,0.8465266558966074,0.8006872852233677,0.797945205479452,0.7993138936535162,1.0,0.0185185185185185,0.0363636363636363,0.875,0.8986486486486487,0.8866666666666666,0.8238805970149253,0.8817891373801917,0.8518518518518519,0.0,0.0,0.0,0.7915194346289752,0.7542087542087542,0.7724137931034484
arch_shallow,0.0001,13,4,9962.0,2487.0,50.0,49.0,0.6041851356135541,0.6461577532556935,0.8481228668941979,0.8536389223964616,0.754810683752432,0.7042090023492719,0.7050006618637144,0.8465975408588056,3.3414509296417236,0.9010238907849828,0.8918918918918919,0.8964346349745331,0.8680738786279684,0.9762611275964392,0.9189944134078212,0.8945454545454545,0.8282828282828283,0.8601398601398601,0.8307692307692308,0.8823529411764706,0.8557844690966719,0.7866666666666666,0.8082191780821918,0.7972972972972971,0.7142857142857143,0.0925925925925925,0.1639344262295081,0.8870431893687708,0.905084745762712,0.8959731543624161,0.8512658227848101,0.8594249201277955,0.8553259141494435,0.0,0.0,0.0,0.8144329896907216,0.797979797979798,0.8061224489795918
arch_shallow,0.0001,21,0,9956.0,2493.0,50.0,49.0,0.6097859086218397,0.6383672928192643,0.8425070309361189,0.8231046931407943,0.7253397319131699,0.6750636958055214,0.6713784655563715,0.8148354695353758,3.359943389892578,0.9003322259136213,0.9155405405405406,0.9078726968174204,0.8828337874659401,0.9614243323442137,0.9204545454545456,0.8540145985401459,0.785234899328859,0.8181818181818181,0.8018575851393189,0.8436482084690554,0.8222222222222222,0.8191489361702128,0.791095890410959,0.8048780487804879,0.6666666666666666,0.0363636363636363,0.0689655172413793,0.8525641025641025,0.8986486486486487,0.875,0.7896440129449838,0.7770700636942676,0.78330658105939,0.0,0.0,0.0,0.6863354037267081,0.7416107382550335,0.7129032258064516
arch_shallow,0.0001,21,1,9958.0,2491.0,50.0,49.0,0.6285078698803366,0.651451433113821,0.8553926491263306,0.8474508229626656,0.7772364719718812,0.6946917074544706,0.6909103580933542,0.8386797650835865,3.3543460369110107,0.9096989966555185,0.918918918918919,0.9142857142857144,0.8736559139784946,0.9643916913946587,0.9167842031029618,0.8461538461538461,0.8120805369127517,0.8287671232876713,0.8307210031347962,0.8631921824104235,0.8466453674121405,0.8280701754385965,0.8082191780821918,0.8180242634315426,1.0,0.037037037037037,0.0714285714285714,0.8823529411764706,0.9121621621621622,0.8970099667774085,0.8442367601246106,0.865814696485623,0.8548895899053628,0.0,0.0,0.0,0.7574750830564784,0.7651006711409396,0.7612687813021701
arch_shallow,0.0001,21,2,9960.0,2489.0,50.0,49.0,0.6044468339568668,0.6350139036652934,0.852710843373494,0.8445158698272398,0.7753260582047863,0.6953241893151321,0.694863370300394,0.8365885510295454,3.353384256362915,0.9022801302931596,0.9358108108108107,0.9187396351575456,0.8519480519480519,0.973293768545994,0.9085872576177284,0.847972972972973,0.8422818791946308,0.845117845117845,0.8024691358024691,0.8496732026143791,0.8253968253968254,0.8404255319148937,0.8116438356164384,0.8257839721254355,1.0,0.074074074074074,0.1379310344827586,0.9,0.8817567567567568,0.8907849829351536,0.8365384615384616,0.8338658146964856,0.8351999999999999,0.0,0.0,0.0,0.7716262975778547,0.7508417508417509,0.7610921501706486
arch_shallow,0.0001,21,3,9960.0,2489.0,50.0,49.0,0.6287568065922929,0.6428324550275983,0.8400602409638555,0.8348734431498593,0.7302557578555522,0.6888945716132798,0.6894287508263297,0.8278028696617556,3.3466968536376953,0.9087837837837838,0.9087837837837838,0.9087837837837838,0.8537234042553191,0.9525222551928784,0.9004207573632538,0.8432055749128919,0.8120805369127517,0.8273504273504274,0.801948051948052,0.8071895424836601,0.8045602605863194,0.7820069204152249,0.773972602739726,0.7779690189328743,0.625,0.0925925925925925,0.1612903225806451,0.8980263157894737,0.9222972972972971,0.91,0.8277945619335347,0.8753993610223643,0.8509316770186336,0.0,0.0,0.0,0.7620689655172413,0.7441077441077442,0.7529812606473595
arch_shallow,0.0001,21,4,9962.0,2487.0,50.0,49.0,0.6096263586093925,0.6343986710850423,0.8463160008030516,0.8427824688379574,0.7736582996515955,0.6906461820223029,0.6867414170343431,0.8338129864714507,3.358469247817993,0.8940397350993378,0.9121621621621622,0.903010033444816,0.8733509234828496,0.9821958456973294,0.9245810055865924,0.8555555555555555,0.7777777777777778,0.8148148148148148,0.8458904109589042,0.8071895424836601,0.826086956521739,0.8151815181518152,0.8458904109589042,0.8302521008403362,1.0,0.037037037037037,0.0714285714285714,0.8488745980707395,0.8949152542372881,0.8712871287128713,0.8419452887537994,0.8849840255591054,0.8629283489096573,0.0,0.0,0.0,0.761744966442953,0.7643097643097643,0.7630252100840335
arch_shallow,0.0001,99,0,9956.0,2493.0,50.0,49.0,0.6120431829534949,0.608549635294767,0.8500401767778224,0.8499799438427598,0.7558699550288118,0.6985248613614614,0.6965324004765251,0.8419369411882915,3.430769920349121,0.9452054794520548,0.9324324324324323,0.9387755102040816,0.8578947368421053,0.9673590504451038,0.909344490934449,0.8706293706293706,0.8355704697986577,0.8527397260273972,0.8364779874213837,0.8664495114006515,0.8512000000000001,0.8487084870848709,0.7876712328767124,0.8170515097690941,0.75,0.0545454545454545,0.1016949152542372,0.8802588996763754,0.918918918918919,0.8991735537190082,0.8338557993730408,0.8471337579617835,0.8404423380726698,0.0,0.0,0.0,0.7356687898089171,0.7751677852348994,0.7549019607843137
arch_shallow,0.0001,99,1,9958.0,2491.0,50.0,49.0,0.6202826288418037,0.7027916238955972,0.8455513155252059,0.8334002408671216,0.7171443867829945,0.6846478756183074,0.6825087101034087,0.8254774938106205,3.643864870071411,0.9307958477508652,0.9087837837837838,0.9196581196581196,0.8594594594594595,0.9436201780415432,0.8995756718528997,0.802547770700637,0.8456375838926175,0.8235294117647058,0.8151515151515152,0.8762214983713354,0.8445839874411303,0.8263888888888888,0.815068493150685,0.8206896551724138,0.5,0.0555555555555555,0.0999999999999999,0.8908450704225352,0.8547297297297297,0.8724137931034482,0.8143712574850299,0.8690095846645367,0.8408037094281298,0.0,0.0,0.0,0.7318840579710145,0.6778523489932886,0.7038327526132404
arch_shallow,0.0001,99,2,9960.0,2489.0,50.0,49.0,0.6248181563763223,0.6559052314001268,0.8509036144578314,0.8312575331458417,0.7510998340526319,0.6888959187857401,0.691523822698389,0.824162157953678,3.5018420219421387,0.8918032786885246,0.918918918918919,0.9051580698835276,0.8601583113456465,0.9673590504451038,0.9106145251396648,0.8321167883211679,0.7651006711409396,0.7972027972027971,0.8350515463917526,0.7941176470588235,0.8140703517587939,0.7633333333333333,0.7842465753424658,0.7736486486486486,0.875,0.1296296296296296,0.2258064516129032,0.8445121951219512,0.9358108108108107,0.8878205128205129,0.834375,0.853035143769968,0.8436018957345972,0.0,0.0,0.0,0.7746478873239436,0.7407407407407407,0.757314974182444
arch_shallow,0.0001,99,3,9960.0,2489.0,50.0,49.0,0.613262453949709,0.6433050382703898,0.8512048192771084,0.84933708316593,0.7799234451252853,0.6964159952710551,0.6928278976660279,0.8404914636229168,3.3686649799346924,0.924092409240924,0.945945945945946,0.9348914858096828,0.8423772609819121,0.9673590504451038,0.9005524861878453,0.872791519434629,0.8288590604026845,0.8502581755593803,0.7987804878048781,0.8562091503267973,0.8264984227129337,0.8345070422535211,0.8116438356164384,0.8229166666666667,1.0,0.037037037037037,0.0714285714285714,0.9161073825503356,0.9222972972972971,0.9191919191919192,0.8285714285714286,0.8338658146964856,0.8312101910828026,0.0,0.0,0.0,0.7820069204152249,0.7609427609427609,0.7713310580204779
arch_shallow,0.0001,99,4,9962.0,2487.0,50.0,49.0,0.5890012181531543,0.6245256412926804,0.8582613932945192,0.8480096501809409,0.7046394810601203,0.6938207096880094,0.6885586926544311,0.8393756477801042,3.352033853530884,0.9057239057239056,0.9087837837837838,0.9072512647554808,0.862796833773087,0.9703264094955488,0.9134078212290504,0.8909090909090909,0.8249158249158249,0.8566433566433567,0.8395061728395061,0.8888888888888888,0.8634920634920634,0.81,0.8321917808219178,0.820945945945946,0.25,0.0185185185185185,0.0344827586206896,0.8790849673202614,0.911864406779661,0.8951747088186355,0.8664383561643836,0.8083067092651757,0.8363636363636364,0.0,0.0,0.0,0.7419354838709677,0.7744107744107744,0.757825370675453
arch_shallow,0.0005,42,0,9956.0,2493.0,50.0,49.0,0.2668116079585905,0.3088894783020464,0.9254720771394134,0.9117529081428,0.8099965692047881,0.7961499355477281,0.8016926990788458,0.9107594682933836,3.403372049331665,0.9320388349514565,0.972972972972973,0.9520661157024792,0.9213483146067416,0.973293768545994,0.9466089466089466,0.9042904290429042,0.9194630872483222,0.9118136439267888,0.9198606271777005,0.8599348534201955,0.888888888888889,0.8918032786885246,0.9315068493150684,0.911222780569514,0.7906976744186046,0.6181818181818182,0.693877551020408,0.9523809523809524,0.945945945945946,0.9491525423728814,0.9041533546325878,0.9012738853503184,0.9027113237639552,0.0,0.0,0.0,0.8833922261484098,0.8389261744966443,0.8605851979345955
arch_shallow,0.0005,42,1,9958.0,2491.0,50.0,49.0,0.2652610370895337,0.3286431803855424,0.9254870455914842,0.9173022882376556,0.8096491803549963,0.7890272776750205,0.7964693096511174,0.915881258088464,3.4955530166625977,0.9285714285714286,0.9662162162162162,0.9470198675496688,0.9454022988505748,0.9762611275964392,0.9605839416058394,0.9054054054054054,0.8993288590604027,0.9023569023569022,0.8996763754045307,0.9055374592833876,0.9025974025974024,0.9,0.8938356164383562,0.8969072164948453,0.7428571428571429,0.4814814814814814,0.5842696629213483,0.9379310344827586,0.918918918918919,0.9283276450511946,0.939297124600639,0.939297124600639,0.939297124600639,0.0,0.0,0.0,0.8973509933774835,0.9093959731543624,0.9033333333333332
arch_shallow,0.0005,42,2,9960.0,2489.0,50.0,49.0,0.266540061766826,0.320211649086759,0.9276104417670684,0.9120128565689032,0.8142639185910443,0.7863744732478521,0.7957775243196148,0.9108068732640582,3.4848520755767822,0.939799331103679,0.9493243243243245,0.9445378151260504,0.9589442815249268,0.9703264094955488,0.9646017699115044,0.931740614334471,0.9161073825503356,0.9238578680203046,0.9163987138263664,0.931372549019608,0.9238249594813612,0.8571428571428571,0.9041095890410958,0.88,0.84375,0.5,0.627906976744186,0.9081967213114754,0.9358108108108107,0.9217970049916806,0.93,0.8913738019169329,0.9102773246329526,0.0,0.0,0.0,0.8566666666666667,0.8653198653198653,0.8609715242881072
arch_shallow,0.0005,42,3,9960.0,2489.0,50.0,49.0,0.2606100522068357,0.3196127000366834,0.9300200803212852,0.909602249899558,0.8071424898040155,0.7767256557346262,0.7857448103315785,0.9075903388657554,3.3129379749298096,0.9405940594059404,0.9628378378378378,0.9515859766277128,0.9534883720930232,0.973293768545994,0.9632892804698971,0.8770764119601329,0.8859060402684564,0.8814691151919866,0.875,0.915032679738562,0.8945686900958466,0.9247311827956988,0.8835616438356164,0.9036777583187392,0.7857142857142857,0.4074074074074074,0.5365853658536585,0.931372549019608,0.9628378378378378,0.946843853820598,0.933774834437086,0.9009584664536742,0.9170731707317074,0.0,0.0,0.0,0.8496732026143791,0.8754208754208754,0.8623548922056384
arch_shallow,0.0005,42,4,9962.0,2487.0,50.0,49.0,0.2628788226862416,0.3131519198309723,0.9288295522987352,0.9139525532770406,0.8158886399461391,0.7940973474803773,0.8023156249565151,0.913047679589049,3.3321242332458496,0.955631399317406,0.945945945945946,0.9507640067911712,0.9428571428571428,0.9792284866468842,0.9606986899563318,0.9321428571428572,0.8787878787878788,0.904679376083189,0.8785942492012779,0.8986928104575164,0.8885298869143781,0.8870967741935484,0.9417808219178082,0.9136212624584718,0.8378378378378378,0.5740740740740741,0.6813186813186813,0.936026936026936,0.9423728813559322,0.9391891891891893,0.906148867313916,0.8945686900958466,0.9003215434083601,0.0,0.0,0.0,0.8825503355704698,0.8855218855218855,0.8840336134453781
arch_shallow,0.0005,7,0,9956.0,2493.0,50.0,49.0,0.2685630872522085,0.3249331258597817,0.92657693852953,0.9073405535499398,0.8036083515553134,0.7849223917754211,0.7920667693341463,0.9062778586466094,3.3405230045318604,0.94314381270903,0.9527027027027029,0.9478991596638656,0.9367816091954024,0.9673590504451038,0.9518248175182482,0.9096989966555185,0.912751677852349,0.9112227805695144,0.8957654723127035,0.8957654723127035,0.8957654723127035,0.882943143812709,0.9041095890410958,0.8934010152284263,0.7631578947368421,0.5272727272727272,0.6236559139784946,0.9453924914675768,0.9358108108108107,0.9405772495755518,0.9073482428115016,0.9044585987261148,0.9059011164274322,0.0,0.0,0.0,0.8518518518518519,0.8489932885906041,0.8504201680672269
arch_shallow,0.0005,7,1,9958.0,2491.0,50.0,49.0,0.2723291254243008,0.2902644433112162,0.9245832496485238,0.9193095142513048,0.8316609615584858,0.7923660890704374,0.8044868462506948,0.9178426580853646,3.4640090465545654,0.9539473684210528,0.9797297297297296,0.9666666666666666,0.9166666666666666,0.9792284866468842,0.9469153515064562,0.9149659863945578,0.9026845637583892,0.9087837837837835,0.8881789137380192,0.9055374592833876,0.896774193548387,0.9054054054054054,0.9178082191780822,0.91156462585034,0.9642857142857144,0.5,0.6585365853658536,0.9553264604810996,0.9391891891891893,0.9471890971039184,0.944078947368421,0.9169329073482428,0.9303079416531604,0.0,0.0,0.0,0.8737541528239202,0.8825503355704698,0.8781302170283807
arch_shallow,0.0005,7,2,9960.0,2489.0,50.0,49.0,0.2634967845757699,0.3283338400628571,0.9262048192771084,0.909602249899558,0.8126434115611284,0.7765086311471336,0.7867036071366973,0.9073533892882902,3.404391288757324,0.9657534246575342,0.9527027027027029,0.9591836734693876,0.9299719887955182,0.9851632047477744,0.956772334293948,0.9263157894736842,0.8859060402684564,0.9056603773584906,0.8928571428571429,0.8986928104575164,0.8957654723127035,0.8775510204081632,0.8835616438356164,0.8805460750853241,0.8461538461538461,0.4074074074074074,0.5499999999999999,0.9163987138263664,0.9628378378378378,0.9390444810543658,0.9056603773584906,0.9201277955271564,0.91283676703645,0.0,0.0,0.0,0.8657718120805369,0.8686868686868687,0.8672268907563024
arch_shallow,0.0005,7,3,9960.0,2489.0,50.0,49.0,0.2588831715198066,0.3269617663343874,0.9282128514056224,0.9156287665729208,0.8214118407908065,0.7969969264387504,0.8060956489672726,0.9147732286347948,3.342639923095703,0.9285714285714286,0.9662162162162162,0.9470198675496688,0.9396551724137931,0.9703264094955488,0.9547445255474452,0.918918918918919,0.912751677852349,0.915824915824916,0.907051282051282,0.9248366013071896,0.9158576051779936,0.8778877887788779,0.910958904109589,0.8941176470588234,0.8888888888888888,0.5925925925925926,0.711111111111111,0.944636678200692,0.9222972972972971,0.9333333333333332,0.9271523178807948,0.8945686900958466,0.9105691056910568,0.0,0.0,0.0,0.8813559322033898,0.8754208754208754,0.8783783783783785
arch_shallow,0.0005,7,4,9962.0,2487.0,50.0,49.0,0.2591865840881217,0.3274209740711818,0.9290303151977516,0.9075190993164456,0.8048807350070483,0.7842026524562677,0.7918831697496024,0.9065810619345732,3.4387331008911133,0.9333333333333332,0.945945945945946,0.9395973154362416,0.9587020648967552,0.9643916913946587,0.9615384615384616,0.8979591836734694,0.8888888888888888,0.8934010152284263,0.9084967320261438,0.9084967320261438,0.9084967320261438,0.8807947019867549,0.910958904109589,0.8956228956228957,0.7777777777777778,0.5185185185185185,0.6222222222222222,0.931740614334471,0.9254237288135592,0.9285714285714286,0.919093851132686,0.9073482428115016,0.9131832797427654,0.0,0.0,0.0,0.8409090909090909,0.8720538720538721,0.856198347107438
arch_shallow,0.0005,13,0,9956.0,2493.0,50.0,49.0,0.2630399604100301,0.3416059532590091,0.9293893129770991,0.9121540312876052,0.8197371736583208,0.7980028424844265,0.8065234430088918,0.911663892350394,3.356206178665161,0.959866220735786,0.9695945945945946,0.9647058823529412,0.944927536231884,0.9673590504451038,0.9560117302052786,0.9057239057239056,0.9026845637583892,0.904201680672269,0.8706624605678234,0.8990228013029316,0.8846153846153847,0.8819672131147541,0.9212328767123288,0.9011725293132328,0.8974358974358975,0.6363636363636364,0.7446808510638298,0.972027972027972,0.9391891891891893,0.9553264604810996,0.9052287581699346,0.8821656050955414,0.8935483870967742,0.0,0.0,0.0,0.8595317725752508,0.8624161073825504,0.8609715242881073
arch_shallow,0.0005,13,1,9958.0,2491.0,50.0,49.0,0.2574536082964437,0.3271746517297305,0.929303072906206,0.9144921718185468,0.8169302997134515,0.782367890750949,0.7924209228716736,0.9123970986278388,3.3178470134735107,0.9477124183006536,0.9797297297297296,0.9634551495016612,0.942528735632184,0.973293768545994,0.9576642335766424,0.9041095890410958,0.8859060402684564,0.894915254237288,0.890625,0.9283387622149836,0.9090909090909092,0.910958904109589,0.910958904109589,0.910958904109589,0.8518518518518519,0.4259259259259259,0.5679012345679013,0.9238410596026492,0.9425675675675677,0.9331103678929766,0.924342105263158,0.8977635782747604,0.9108589951377632,0.0,0.0,0.0,0.8733333333333333,0.8791946308724832,0.8762541806020067
arch_shallow,0.0005,13,2,9960.0,2489.0,50.0,49.0,0.2561010005715922,0.3149587598715127,0.9316265060240964,0.9164323021293692,0.8181211348081023,0.7916250301572084,0.8007952635435907,0.9151690364245504,3.360400915145874,0.9342105263157896,0.9594594594594594,0.9466666666666668,0.9588235294117649,0.9673590504451038,0.9630723781388478,0.9041095890410958,0.8859060402684564,0.894915254237288,0.8990228013029316,0.9019607843137256,0.9004893964110929,0.8957654723127035,0.9417808219178082,0.9181969949916527,0.8484848484848485,0.5185185185185185,0.6436781609195402,0.9136212624584718,0.929054054054054,0.9212730318257956,0.932258064516129,0.9233226837060704,0.92776886035313,0.0,0.0,0.0,0.8949152542372881,0.8888888888888888,0.8918918918918918
arch_shallow,0.0005,13,3,9960.0,2489.0,50.0,49.0,0.2600275596110308,0.3352158507816816,0.9281124497991968,0.9108075532342306,0.8244204784550455,0.7883262856702424,0.8001182698388922,0.9095319727261906,3.3441102504730225,0.9461279461279462,0.9493243243243245,0.9477234401349072,0.9312320916905444,0.9643916913946587,0.9475218658892128,0.916083916083916,0.8791946308724832,0.8972602739726028,0.9047619047619048,0.931372549019608,0.9178743961352656,0.891156462585034,0.8972602739726028,0.89419795221843,0.9666666666666668,0.5370370370370371,0.6904761904761905,0.9276315789473684,0.9527027027027029,0.94,0.9,0.9201277955271564,0.9099526066350712,0.0,0.0,0.0,0.8605442176870748,0.8518518518518519,0.8561759729272419
arch_shallow,0.0005,13,4,9962.0,2487.0,50.0,49.0,0.2585230184625614,0.3148767677658112,0.9268219233085726,0.923200643345396,0.8130609964243423,0.7940403439630472,0.8010475311399231,0.9218295803139002,3.468149900436402,0.9594594594594594,0.9594594594594594,0.9594594594594594,0.9376770538243626,0.9821958456973294,0.9594202898550724,0.9379310344827586,0.915824915824916,0.9267461669505964,0.9193548387096774,0.931372549019608,0.9253246753246752,0.89,0.9143835616438356,0.9020270270270272,0.7222222222222222,0.4814814814814814,0.5777777777777777,0.939799331103679,0.952542372881356,0.9461279461279462,0.9129032258064516,0.9041533546325878,0.9085072231139648,0.0,0.0,0.0,0.9112627986348124,0.898989898989899,0.905084745762712
arch_shallow,0.0005,21,0,9956.0,2493.0,50.0,49.0,0.2588278027947177,0.2984876193600656,0.9262756126958618,0.910148415563578,0.813609507158551,0.7783819600510014,0.7884160077752778,0.9080892362912936,3.319192886352539,0.9473684210526316,0.972972972972973,0.96,0.953757225433526,0.9792284866468842,0.9663250366032212,0.9370629370629372,0.8993288590604027,0.9178082191780822,0.8746081504702194,0.9087947882736156,0.8913738019169328,0.8827361563517915,0.928082191780822,0.9048414023372288,0.8518518518518519,0.4181818181818181,0.5609756097560975,0.9391891891891893,0.9391891891891893,0.9391891891891893,0.8990228013029316,0.8789808917197452,0.8888888888888888,0.0,0.0,0.0,0.8504983388704319,0.8590604026845637,0.8547579298831386
arch_shallow,0.0005,21,1,9958.0,2491.0,50.0,49.0,0.2644188539974985,0.320736568105184,0.9281984334203656,0.9128863910076276,0.8020210216566568,0.7749006554600448,0.7825218748056556,0.91037144240957,3.3272829055786133,0.9375,0.9628378378378378,0.95,0.9505813953488372,0.9703264094955488,0.960352422907489,0.9209621993127148,0.8993288590604027,0.9100169779286926,0.9084967320261438,0.9055374592833876,0.9070146818923328,0.8841059602649006,0.9143835616438356,0.898989898989899,0.7037037037037037,0.3518518518518518,0.4691358024691358,0.9297658862876256,0.9391891891891893,0.934453781512605,0.9150943396226416,0.9297124600638976,0.9223454833597464,0.0,0.0,0.0,0.87,0.8758389261744967,0.8729096989966555
arch_shallow,0.0005,21,2,9960.0,2489.0,50.0,49.0,0.2533160370603176,0.318326264867902,0.9286144578313252,0.9132181599035756,0.8222975382883805,0.7982061268147141,0.8073772219512076,0.9125051122806768,3.3129727840423584,0.9375,0.9628378378378378,0.95,0.9285714285714286,0.9643916913946587,0.9461426491994178,0.906040268456376,0.906040268456376,0.906040268456376,0.8805031446540881,0.915032679738562,0.8974358974358974,0.8963210702341137,0.9178082191780822,0.9069373942470388,0.918918918918919,0.6296296296296297,0.7472527472527473,0.9523809523809524,0.945945945945946,0.9491525423728814,0.9324324324324323,0.8817891373801917,0.9064039408866996,0.0,0.0,0.0,0.8703071672354948,0.8585858585858586,0.8644067796610171
arch_shallow,0.0005,21,3,9960.0,2489.0,50.0,49.0,0.2647978940897053,0.3095693159008949,0.9255020080321286,0.9192446765769384,0.8087718154567037,0.7985294334568455,0.8029362434847892,0.918700173279457,3.320011854171753,0.9591836734693876,0.9527027027027029,0.9559322033898304,0.9557522123893806,0.9614243323442137,0.9585798816568049,0.8838709677419355,0.9194630872483222,0.9013157894736842,0.9042904290429042,0.8954248366013072,0.8998357963875204,0.9044368600682594,0.9075342465753424,0.905982905982906,0.7045454545454546,0.5740740740740741,0.6326530612244898,0.9591836734693876,0.9527027027027029,0.9559322033898304,0.9150943396226416,0.9297124600638976,0.9223454833597464,0.0,0.0,0.0,0.9013605442176872,0.8922558922558923,0.8967851099830796
arch_shallow,0.0005,21,4,9962.0,2487.0,50.0,49.0,0.2663056360224567,0.3144296373630339,0.9250150572174264,0.9131483715319664,0.8159150288051735,0.7901248329925451,0.7992671500797399,0.9119764340075408,3.3240978717803955,0.9248366013071896,0.956081081081081,0.9401993355481728,0.9596541786743517,0.9881305637982196,0.9736842105263158,0.901060070671378,0.8585858585858586,0.8793103448275861,0.92,0.9019607843137256,0.9108910891089108,0.9026845637583892,0.9212328767123288,0.9118644067796612,0.8529411764705882,0.5370370370370371,0.6590909090909091,0.9324324324324323,0.9355932203389832,0.934010152284264,0.9166666666666666,0.9137380191693292,0.9152,0.0,0.0,0.0,0.8488745980707395,0.8888888888888888,0.8684210526315789
arch_shallow,0.0005,99,0,9956.0,2493.0,50.0,49.0,0.2641899634246938,0.2704730626859601,0.9273804740859783,0.923385479342158,0.8192555813340064,0.7934691718731196,0.8022699794205446,0.9218946357668956,3.339003801345825,0.9661016949152542,0.9628378378378378,0.964467005076142,0.9355742296918768,0.9910979228486648,0.962536023054755,0.9581881533101044,0.9228187919463088,0.9401709401709402,0.8927444794952681,0.9218241042345277,0.907051282051282,0.916955017301038,0.9075342465753424,0.9122203098106711,0.7878787878787878,0.4727272727272727,0.5909090909090909,0.953020134228188,0.9594594594594594,0.956228956228956,0.9230769230769232,0.9171974522292994,0.9201277955271566,0.0,0.0,0.0,0.8590163934426229,0.8791946308724832,0.8689883913764511
arch_shallow,0.0005,99,1,9958.0,2491.0,50.0,49.0,0.2612536542591552,0.3616050569812769,0.9258887326772444,0.90726615816941,0.8002270749861691,0.7840444878035104,0.790343408834191,0.9063041465088568,3.4006409645080566,0.962457337883959,0.9527027027027029,0.9575551782682512,0.9385964912280702,0.9525222551928784,0.9455081001472754,0.864951768488746,0.9026845637583892,0.8834154351395732,0.89171974522293,0.9120521172638436,0.9017713365539451,0.9241379310344828,0.9178082191780822,0.9209621993127148,0.717948717948718,0.5185185185185185,0.6021505376344085,0.9310344827586208,0.9121621621621622,0.9215017064846416,0.8844984802431611,0.9297124600638976,0.9065420560747663,0.0,0.0,0.0,0.8869257950530035,0.8422818791946308,0.8640275387263339
arch_shallow,0.0005,99,2,9960.0,2489.0,50.0,49.0,0.2561180972284496,0.3143845872621386,0.9302208835341366,0.9124146243471274,0.8212049446034511,0.7806503284469989,0.7916221532076709,0.9102444703245488,3.4081788063049316,0.9258064516129032,0.9695945945945946,0.9471947194719472,0.9619883040935672,0.9762611275964392,0.9690721649484536,0.9052631578947368,0.8657718120805369,0.8850771869639795,0.9084745762711864,0.8758169934640523,0.891846921797005,0.89,0.9143835616438356,0.9020270270270272,0.92,0.4259259259259259,0.5822784810126582,0.9161290322580644,0.9594594594594594,0.9372937293729372,0.9198717948717948,0.9169329073482428,0.9184,0.0,0.0,0.0,0.864516129032258,0.9023569023569024,0.8830313014827017
arch_shallow,0.0005,99,3,9960.0,2489.0,50.0,49.0,0.2631549593768184,0.3110047602853201,0.9256024096385542,0.9152269987946968,0.8227148046427158,0.7923157887671778,0.8026013321332808,0.9139277968869428,3.3326447010040283,0.9375,0.9628378378378378,0.95,0.9342857142857144,0.9703264094955488,0.9519650655021834,0.928082191780822,0.9093959731543624,0.9186440677966102,0.9016393442622952,0.8986928104575164,0.9001636661211129,0.8817891373801917,0.9452054794520548,0.912396694214876,0.90625,0.5370370370370371,0.6744186046511628,0.9594594594594594,0.9594594594594594,0.9594594594594594,0.9022801302931596,0.8849840255591054,0.8935483870967742,0.0,0.0,0.0,0.8758620689655172,0.8552188552188552,0.8654173764906302
arch_shallow,0.0005,99,4,9962.0,2487.0,50.0,49.0,0.2538854939205149,0.3263178977966807,0.9319413772334872,0.9055086449537596,0.8001640580741839,0.7747870417390006,0.7829899113068028,0.9037963778600208,3.3791801929473877,0.952542372881356,0.9493243243243245,0.9509306260575296,0.9401709401709402,0.9792284866468842,0.9593023255813952,0.9265734265734266,0.8922558922558923,0.9090909090909092,0.878125,0.9183006535947712,0.8977635782747604,0.8809523809523809,0.886986301369863,0.8839590443686005,0.7419354838709677,0.4259259259259259,0.5411764705882354,0.9111842105263158,0.9389830508474576,0.9248747913188649,0.9297658862876256,0.8881789137380192,0.9084967320261438,0.0,0.0,0.0,0.8403908794788274,0.8686868686868687,0.8543046357615893
arch_shallow,0.001,42,0,9956.0,2493.0,50.0,49.0,0.1904553556519014,0.2546743785562623,0.9475693049417436,0.9253910950661852,0.8180972404067403,0.8178092533219236,0.8176363363763788,0.9250826478093732,3.4032557010650635,0.9475409836065574,0.9763513513513512,0.9617304492512478,0.9348441926345608,0.9792284866468842,0.9565217391304348,0.9141914191419142,0.929530201342282,0.9217970049916806,0.9469964664310954,0.8729641693811075,0.9084745762711864,0.898360655737705,0.9383561643835616,0.917922948073702,0.7454545454545455,0.7454545454545455,0.7454545454545455,0.9593220338983052,0.956081081081081,0.957698815566836,0.9283387622149836,0.9076433121019108,0.9178743961352656,0.0,0.0,0.0,0.9059233449477352,0.87248322147651,0.8888888888888888
arch_shallow,0.001,42,1,9958.0,2491.0,50.0,49.0,0.1861534431409111,0.2708663165785149,0.9477806788511748,0.9297470895222802,0.8190055877020399,0.8084324104980481,0.812962642531559,0.9290803940339628,3.651700973510742,0.940983606557377,0.9695945945945946,0.9550748752079868,0.9647058823529412,0.973293768545994,0.968980797636632,0.9278350515463918,0.906040268456376,0.9168081494057724,0.907936507936508,0.9315960912052116,0.919614147909968,0.9192982456140352,0.8972602739726028,0.9081455805892548,0.7272727272727273,0.5925925925925926,0.6530612244897959,0.9457627118644067,0.9425675675675677,0.9441624365482232,0.943217665615142,0.9552715654952076,0.9492063492063492,0.0,0.0,0.0,0.9130434782608696,0.9161073825503356,0.914572864321608
arch_shallow,0.001,42,2,9960.0,2489.0,50.0,49.0,0.187706333570797,0.2591376659740237,0.9503012048192772,0.928887103254319,0.8340549933625248,0.806448765040898,0.8163106686538569,0.9280117638493962,3.568795919418335,0.956081081081081,0.956081081081081,0.956081081081081,0.9703264094955488,0.9703264094955488,0.9703264094955488,0.936026936026936,0.9328859060402684,0.934453781512605,0.926984126984127,0.954248366013072,0.9404186795491144,0.8844884488448845,0.9178082191780822,0.9008403361344538,0.9117647058823528,0.5740740740740741,0.7045454545454545,0.9311475409836064,0.9594594594594594,0.9450915141430948,0.9403973509933776,0.9073482428115016,0.9235772357723576,0.0,0.0,0.0,0.8833333333333333,0.8922558922558923,0.8877721943048577
arch_shallow,0.001,42,3,9960.0,2489.0,50.0,49.0,0.183690569151634,0.2621328921364456,0.9493975903614458,0.926878264363198,0.8265928177120154,0.8062192131555184,0.8141036450140084,0.926145210258966,3.4455349445343018,0.946843853820598,0.9628378378378378,0.9547738693467336,0.9646017699115044,0.9703264094955488,0.9674556213017752,0.9003322259136213,0.9093959731543624,0.9048414023372288,0.9006410256410257,0.9183006535947712,0.9093851132686084,0.9494584837545126,0.9006849315068494,0.9244288224956064,0.8421052631578947,0.5925925925925926,0.6956521739130435,0.937908496732026,0.9695945945945946,0.9534883720930232,0.948220064724919,0.9361022364217252,0.9421221864951768,0.0,0.0,0.0,0.8758169934640523,0.9023569023569024,0.888888888888889
arch_shallow,0.001,42,4,9962.0,2487.0,50.0,49.0,0.1865948867679631,0.2553076760980364,0.9488054607508531,0.933252915158826,0.8358714098731592,0.8221572727169717,0.8280037994188447,0.9329425577894884,3.4310879707336426,0.9625850340136054,0.956081081081081,0.9593220338983052,0.9650145772594751,0.9821958456973294,0.973529411764706,0.953405017921147,0.8956228956228957,0.9236111111111112,0.903846153846154,0.9215686274509804,0.9126213592233008,0.9022801302931596,0.9486301369863014,0.9248747913188649,0.8863636363636364,0.7222222222222222,0.7959183673469388,0.94314381270903,0.9559322033898304,0.9494949494949496,0.9290322580645162,0.9201277955271564,0.9245585874799358,0.0,0.0,0.0,0.9130434782608696,0.9191919191919192,0.9161073825503356
arch_shallow,0.001,7,0,9956.0,2493.0,50.0,49.0,0.1896982017475635,0.2702213363494917,0.948473282442748,0.9213798636181308,0.815792931279625,0.8025023383281965,0.8080928618380673,0.9207920052476828,3.5775439739227295,0.9593220338983052,0.956081081081081,0.957698815566836,0.9533527696793004,0.9703264094955488,0.961764705882353,0.9141914191419142,0.929530201342282,0.9217970049916806,0.896774193548387,0.9055374592833876,0.9011345218800648,0.9057239057239056,0.9212328767123288,0.9134125636672326,0.7674418604651163,0.6,0.673469387755102,0.9554794520547946,0.9425675675675677,0.9489795918367347,0.9260450160771704,0.9171974522292994,0.9216,0.0,0.0,0.0,0.8795986622073578,0.8825503355704698,0.88107202680067
arch_shallow,0.001,7,1,9958.0,2491.0,50.0,49.0,0.1918287377092642,0.2291038001567524,0.947981522394055,0.9333600963468488,0.8459975417057544,0.8147070305460528,0.8260568683705707,0.9326844673783398,3.423014879226685,0.9602649006622516,0.9797297297297296,0.9698996655518396,0.94,0.9762611275964392,0.957787481804949,0.9133333333333332,0.9194630872483222,0.9163879598662208,0.9102564102564102,0.9250814332247556,0.9176090468497576,0.9163879598662208,0.9383561643835616,0.9272419627749576,1.0,0.6296296296296297,0.7727272727272727,0.9757785467128028,0.9527027027027029,0.964102564102564,0.9446254071661238,0.926517571884984,0.935483870967742,0.0,0.0,0.0,0.8993288590604027,0.8993288590604027,0.8993288590604027
arch_shallow,0.001,7,2,9960.0,2489.0,50.0,49.0,0.1837841768773535,0.2687779565386666,0.9495983935742972,0.924467657693853,0.8262411471236382,0.8025597551041315,0.8113447591714043,0.923442439378657,3.3932390213012695,0.972508591065292,0.956081081081081,0.9642248722316864,0.9540229885057472,0.9851632047477744,0.9693430656934308,0.9366197183098592,0.8926174496644296,0.9140893470790378,0.9153094462540716,0.9183006535947712,0.9168026101141926,0.910958904109589,0.910958904109589,0.910958904109589,0.8611111111111112,0.5740740740740741,0.6888888888888889,0.9206349206349206,0.9797297297297296,0.9492635024549918,0.9090909090909092,0.926517571884984,0.9177215189873418,0.0,0.0,0.0,0.8821548821548821,0.8821548821548821,0.882154882154882
arch_shallow,0.001,7,3,9960.0,2489.0,50.0,49.0,0.1832808651142586,0.2641982935736062,0.9504016064257028,0.9316994777018884,0.8355233867347133,0.8178228291465569,0.8251407070093103,0.9312863358251862,3.437609910964966,0.9381107491856676,0.972972972972973,0.9552238805970148,0.9674556213017752,0.9703264094955488,0.9688888888888888,0.925925925925926,0.9228187919463088,0.9243697478991596,0.9225806451612903,0.934640522875817,0.9285714285714284,0.9084745762711864,0.9178082191780822,0.9131175468483816,0.902439024390244,0.6851851851851852,0.7789473684210526,0.955631399317406,0.945945945945946,0.9507640067911712,0.9449838187702264,0.9329073482428116,0.9389067524115756,0.0,0.0,0.0,0.8896321070234113,0.8956228956228957,0.8926174496644296
arch_shallow,0.001,7,4,9962.0,2487.0,50.0,49.0,0.1829231490186948,0.2710400574648511,0.9513149969885564,0.9236027342179332,0.8183464419103444,0.8127710376155155,0.8153559023140835,0.9235225238009928,3.5589969158172607,0.9493243243243245,0.9493243243243245,0.9493243243243245,0.9788519637462236,0.9614243323442137,0.9700598802395208,0.906040268456376,0.9090909090909092,0.907563025210084,0.9193548387096774,0.931372549019608,0.9253246753246752,0.9057239057239056,0.9212328767123288,0.9134125636672326,0.7755102040816326,0.7037037037037037,0.7378640776699029,0.9423728813559322,0.9423728813559322,0.9423728813559322,0.9288025889967636,0.9169329073482428,0.9228295819935692,0.0,0.0,0.0,0.8774834437086093,0.8922558922558923,0.8848080133555928
arch_shallow,0.001,13,0,9956.0,2493.0,50.0,49.0,0.1860085011199262,0.2805217506106945,0.9487746082764162,0.92498997192138,0.8275445429167669,0.8160703344576785,0.8211065935653108,0.9247041723807232,3.3926210403442383,0.959866220735786,0.9695945945945946,0.9647058823529412,0.961764705882353,0.9703264094955488,0.96602658788774,0.919732441471572,0.9228187919463088,0.9212730318257956,0.8935483870967742,0.9022801302931596,0.8978930307941653,0.898360655737705,0.9383561643835616,0.917922948073702,0.8695652173913043,0.7272727272727273,0.792079207920792,0.976027397260274,0.9628378378378378,0.9693877551020408,0.912621359223301,0.8980891719745223,0.9052969502407704,0.0,0.0,0.0,0.8839590443686007,0.8691275167785235,0.8764805414551607
arch_shallow,0.001,13,1,9958.0,2491.0,50.0,49.0,0.1814125073069333,0.2694262858481706,0.949789114279976,0.9237254114813328,0.8203889937406414,0.799125500426015,0.8070113197018507,0.922543086055427,3.3760738372802734,0.954248366013072,0.9864864864864864,0.9700996677740864,0.956268221574344,0.973293768545994,0.9647058823529412,0.902027027027027,0.8959731543624161,0.898989898989899,0.9166666666666666,0.9315960912052116,0.9240710823909531,0.9206896551724136,0.9143835616438356,0.9175257731958762,0.8055555555555556,0.5370370370370371,0.6444444444444446,0.9304635761589404,0.9493243243243245,0.939799331103679,0.9283387622149836,0.9105431309904152,0.9193548387096774,0.0,0.0,0.0,0.8896321070234113,0.8926174496644296,0.8911222780569514
arch_shallow,0.001,13,2,9960.0,2489.0,50.0,49.0,0.1819148131015683,0.261901182254459,0.9519076305220884,0.9260747288067496,0.8224423766878811,0.8071960667721403,0.8133927030925072,0.9254045531536887,3.4613189697265625,0.9403973509933776,0.9594594594594594,0.9498327759197324,0.9702380952380952,0.9673590504451038,0.9687964338781576,0.8996655518394648,0.9026845637583892,0.9011725293132328,0.9233333333333332,0.9052287581699346,0.9141914191419144,0.9022801302931596,0.9486301369863014,0.9248747913188649,0.8048780487804879,0.6111111111111112,0.6947368421052632,0.9269102990033222,0.9425675675675677,0.9346733668341708,0.9363057324840764,0.939297124600639,0.937799043062201,0.0,0.0,0.0,0.9204152249134948,0.8956228956228957,0.9078498293515358
arch_shallow,0.001,13,3,9960.0,2489.0,50.0,49.0,0.1832944097962237,0.2805610680661048,0.9502008032128514,0.9252711932503012,0.8342972408213344,0.8094345093876318,0.8190468209827824,0.924699432200752,3.4655871391296387,0.9594594594594594,0.9594594594594594,0.9594594594594594,0.9533527696793004,0.9703264094955488,0.961764705882353,0.9246575342465754,0.906040268456376,0.9152542372881356,0.9223300970873788,0.931372549019608,0.9268292682926828,0.9010238907849828,0.9041095890410958,0.9025641025641024,0.945945945945946,0.6481481481481481,0.7692307692307693,0.9565217391304348,0.9662162162162162,0.961344537815126,0.9034267912772586,0.926517571884984,0.9148264984227128,0.0,0.0,0.0,0.8762541806020067,0.8821548821548821,0.8791946308724832
arch_shallow,0.001,13,4,9962.0,2487.0,50.0,49.0,0.1828918232639136,0.2636420223471971,0.9499096566954428,0.942098914354644,0.8317684455540775,0.8248046299172879,0.827978576173505,0.9417286477084812,3.3688251972198486,0.9661016949152542,0.9628378378378378,0.964467005076142,0.943342776203966,0.9881305637982196,0.965217391304348,0.9522184300341296,0.9393939393939394,0.9457627118644067,0.940983606557377,0.937908496732026,0.939443535188216,0.9310344827586208,0.9246575342465754,0.9278350515463916,0.75,0.6666666666666666,0.7058823529411765,0.9562289562289562,0.9627118644067796,0.9594594594594594,0.941747572815534,0.9297124600638976,0.9356913183279744,0.0,0.0,0.0,0.936026936026936,0.936026936026936,0.936026936026936
arch_shallow,0.001,21,0,9956.0,2493.0,50.0,49.0,0.1822430208332333,0.2307372358402372,0.9494777018883086,0.9286000802246288,0.8297452358304321,0.8069317788450177,0.8154673891003469,0.9276575677987282,3.372361898422241,0.9540983606557376,0.983108108108108,0.9683860232945092,0.967741935483871,0.9792284866468842,0.9734513274336284,0.9479166666666666,0.9161073825503356,0.931740614334471,0.9163987138263664,0.9283387622149836,0.9223300970873788,0.898360655737705,0.9383561643835616,0.917922948073702,0.8648648648648649,0.5818181818181818,0.6956521739130435,0.9461279461279462,0.9493243243243245,0.9477234401349072,0.9171974522292994,0.9171974522292994,0.9171974522292994,0.0,0.0,0.0,0.8847457627118644,0.8758389261744967,0.8802698145025295
arch_shallow,0.001,21,1,9958.0,2491.0,50.0,49.0,0.1880343640169712,0.2622272174089963,0.9489857401084556,0.93054997992774,0.8264159414209249,0.8061840471100279,0.8138777992543698,0.9295318119128638,3.555025100708008,0.9504950495049505,0.972972972972973,0.9616026711185308,0.9647058823529412,0.973293768545994,0.968980797636632,0.931740614334471,0.9161073825503356,0.9238578680203046,0.9283387622149836,0.9283387622149836,0.9283387622149836,0.9084745762711864,0.9178082191780822,0.9131175468483816,0.8108108108108109,0.5555555555555556,0.6593406593406594,0.9372937293729372,0.9594594594594594,0.9482470784641068,0.9396825396825396,0.9456869009584664,0.9426751592356688,0.0,0.0,0.0,0.8926174496644296,0.8926174496644296,0.8926174496644297
arch_shallow,0.001,21,2,9960.0,2489.0,50.0,49.0,0.1760063371958234,0.2625681593701031,0.9522088353413656,0.9260747288067496,0.8282037372440175,0.8163928970456524,0.8215084808124861,0.9257142246377428,3.3565080165863037,0.9531772575250836,0.9628378378378378,0.9579831932773112,0.9475218658892128,0.9643916913946587,0.9558823529411764,0.915824915824916,0.912751677852349,0.9142857142857144,0.8987341772151899,0.9281045751633988,0.9131832797427653,0.8980263157894737,0.934931506849315,0.9161073825503356,0.8666666666666667,0.7222222222222222,0.7878787878787877,0.9562289562289562,0.9594594594594594,0.957841483979764,0.9405940594059404,0.9105431309904152,0.9253246753246752,0.0,0.0,0.0,0.9052631578947368,0.8686868686868687,0.88659793814433
arch_shallow,0.001,21,3,9960.0,2489.0,50.0,49.0,0.1882150926343047,0.2552341366292244,0.9474899598393576,0.9321012454801124,0.8235835928873882,0.8213063551701802,0.8223925532051684,0.9320441767547564,3.457432985305786,0.9694915254237289,0.9662162162162162,0.9678510998307952,0.9644970414201184,0.9673590504451038,0.965925925925926,0.9052287581699346,0.929530201342282,0.9172185430463576,0.920265780730897,0.9052287581699346,0.9126853377265238,0.9212328767123288,0.9212328767123288,0.9212328767123288,0.75,0.7222222222222222,0.7358490566037735,0.9658703071672357,0.956081081081081,0.9609507640067912,0.9301587301587302,0.9361022364217252,0.9331210191082804,0.0,0.0,0.0,0.9090909090909092,0.9090909090909092,0.9090909090909092
arch_shallow,0.001,21,4,9962.0,2487.0,50.0,49.0,0.1892674485117852,0.254436164189595,0.946396305962658,0.93124246079614,0.8326502271128289,0.8141834914107331,0.8216587201066998,0.9306645941287336,3.561890125274658,0.943894389438944,0.9662162162162162,0.9549248747913188,0.9766081871345028,0.9910979228486648,0.98379970544919,0.9201388888888888,0.8922558922558923,0.905982905982906,0.9285714285714286,0.934640522875817,0.9315960912052116,0.9155405405405406,0.928082191780822,0.9217687074829932,0.875,0.6481481481481481,0.7446808510638299,0.9491525423728814,0.9491525423728814,0.9491525423728814,0.9385113268608414,0.926517571884984,0.932475884244373,0.0,0.0,0.0,0.8790849673202614,0.9057239057239056,0.8922056384742951
arch_shallow,0.001,99,0,9956.0,2493.0,50.0,49.0,0.1859321762347772,0.2140392335871802,0.9489754921655283,0.9390292819895708,0.8348153858397381,0.8212666640275484,0.8270496030627136,0.938561755871872,3.3901331424713135,0.9794520547945206,0.9662162162162162,0.9727891156462584,0.9597701149425288,0.9910979228486648,0.9751824817518248,0.9527027027027029,0.9463087248322148,0.9494949494949496,0.9258064516129032,0.9348534201954396,0.9303079416531604,0.9328621908127208,0.9041095890410958,0.9182608695652174,0.8181818181818182,0.6545454545454545,0.7272727272727274,0.9698996655518396,0.9797297297297296,0.9747899159663864,0.9361022364217252,0.9331210191082804,0.934609250398724,0.0,0.0,0.0,0.8733766233766234,0.9026845637583892,0.8877887788778878
arch_shallow,0.001,99,1,9958.0,2491.0,50.0,49.0,0.1846370973317889,0.303520127643396,0.9488853183370156,0.923323966278603,0.8198288640614922,0.8063918605032037,0.8120171257782308,0.9228968377502842,3.3820979595184326,0.9826989619377162,0.9594594594594594,0.9709401709401708,0.9557522123893806,0.9614243323442137,0.9585798816568049,0.8698412698412699,0.9194630872483222,0.8939641109298532,0.912621359223301,0.9185667752442996,0.9155844155844156,0.918918918918919,0.9315068493150684,0.9251700680272108,0.7906976744186046,0.6296296296296297,0.7010309278350516,0.9450171821305842,0.929054054054054,0.9369676320272572,0.9107692307692308,0.9456869009584664,0.927899686520376,0.0,0.0,0.0,0.9119718309859156,0.8691275167785235,0.8900343642611684
arch_shallow,0.001,99,2,9960.0,2489.0,50.0,49.0,0.1795981199114739,0.2545415765558689,0.9483935742971888,0.9300924065889916,0.835127962585221,0.8089330869381129,0.8184468767409483,0.929156698437856,3.3641610145568848,0.9318181818181818,0.9695945945945946,0.9503311258278144,0.973529411764706,0.9821958456973294,0.9778434268833088,0.9175257731958762,0.8959731543624161,0.9066213921901528,0.9322033898305084,0.8986928104575164,0.9151414309484192,0.9225589225589226,0.9383561643835616,0.930390492359932,0.9142857142857144,0.5925925925925926,0.7191011235955056,0.9315960912052116,0.9662162162162162,0.9485903814262024,0.9385113268608414,0.926517571884984,0.932475884244373,0.0,0.0,0.0,0.8892508143322475,0.9191919191919192,0.9039735099337748
arch_shallow,0.001,99,3,9960.0,2489.0,50.0,49.0,0.186045378061487,0.2448145980199702,0.9480923694779116,0.93571715548413,0.8416124177638904,0.8259044483548614,0.832500621731217,0.935357493256468,3.376060962677002,0.9503311258278144,0.9695945945945946,0.959866220735786,0.9591836734693876,0.9762611275964392,0.9676470588235292,0.938566552901024,0.9228187919463088,0.9306260575296108,0.9333333333333332,0.915032679738562,0.924092409240924,0.8980891719745223,0.9657534246575342,0.9306930693069309,0.9302325581395348,0.7407407407407407,0.8247422680412371,0.9727891156462584,0.9662162162162162,0.9694915254237289,0.9137380191693292,0.9137380191693292,0.9137380191693292,0.0,0.0,0.0,0.9198606271777005,0.8888888888888888,0.9041095890410958
arch_shallow,0.001,99,4,9962.0,2487.0,50.0,49.0,0.180355437341166,0.2714988403506486,0.952419192933146,0.9223964616003216,0.8144188830310256,0.8024600736453869,0.80748661274669,0.9218189576817004,3.372209072113037,0.9595959595959596,0.9628378378378378,0.9612141652613828,0.9650145772594751,0.9821958456973294,0.973529411764706,0.9228187919463088,0.925925925925926,0.9243697478991596,0.8980891719745223,0.9215686274509804,0.9096774193548388,0.8929765886287625,0.9143835616438356,0.9035532994923858,0.7441860465116279,0.5925925925925926,0.6597938144329897,0.9292929292929292,0.9355932203389832,0.9324324324324323,0.953020134228188,0.9073482428115016,0.9296235679214404,0.0,0.0,0.0,0.8791946308724832,0.8821548821548821,0.880672268907563
arch_shallow,0.005,42,0,9956.0,2493.0,50.0,47.0,0.0527607959580937,0.2019094245534318,0.9887505022097228,0.9438427597272364,0.8351917802610537,0.8403319489857284,0.8373832662518031,0.9438576076329293,3.3914787769317627,0.9633333333333334,0.9763513513513512,0.9697986577181208,0.96242774566474,0.9881305637982196,0.9751098096632504,0.9335548172757476,0.9429530201342282,0.9382303839732888,0.9683098591549296,0.8957654723127035,0.9306260575296108,0.9081967213114754,0.9486301369863014,0.9279731993299832,0.7666666666666667,0.8363636363636363,0.8,0.9728813559322034,0.9695945945945946,0.9712351945854484,0.9455128205128204,0.9394904458598726,0.9424920127795527,0.0,0.0,0.0,0.9310344827586208,0.906040268456376,0.9183673469387756
arch_shallow,0.005,42,1,9958.0,2491.0,50.0,49.0,0.0538087133015426,0.2088732988057691,0.9886523398272744,0.9470092332396628,0.8355251071769663,0.8393949923018976,0.8372644396798847,0.9470659213020448,3.375511884689331,0.9566666666666668,0.9695945945945946,0.9630872483221476,0.9763313609467456,0.9792284866468842,0.9777777777777776,0.9486301369863014,0.929530201342282,0.9389830508474576,0.9283387622149836,0.9283387622149836,0.9283387622149836,0.9605734767025088,0.9178082191780822,0.9387040280210158,0.7413793103448276,0.7962962962962963,0.7678571428571429,0.9593220338983052,0.956081081081081,0.957698815566836,0.9446153846153846,0.9808306709265175,0.962382445141066,0.0,0.0,0.0,0.9393939393939394,0.9362416107382552,0.9378151260504204
arch_shallow,0.005,42,2,9960.0,2489.0,50.0,49.0,0.0549121070775868,0.1867354125566034,0.9887550200803212,0.9445560466050624,0.841216268928569,0.8300733907366962,0.8349742207610535,0.9442804769867122,3.3778140544891357,0.9694915254237289,0.9662162162162162,0.9678510998307952,0.9820359281437124,0.973293768545994,0.977645305514158,0.9463087248322148,0.9463087248322148,0.9463087248322148,0.948220064724919,0.9575163398692812,0.9528455284552846,0.9228187919463088,0.9417808219178082,0.9322033898305084,0.8444444444444444,0.7037037037037037,0.7676767676767676,0.95,0.9628378378378378,0.9563758389261744,0.9415584415584416,0.926517571884984,0.933977455716586,0.0,0.0,0.0,0.9072847682119204,0.9225589225589226,0.9148580968280468
arch_shallow,0.005,42,3,9960.0,2489.0,50.0,49.0,0.053713238695334,0.1991330496357777,0.988855421686747,0.9433507432703896,0.839545533454778,0.8317976746124229,0.8353019049403991,0.94306918656217,3.36598801612854,0.9473684210526316,0.972972972972973,0.96,0.9678362573099416,0.9821958456973294,0.9749631811487482,0.9340277777777778,0.9026845637583892,0.9180887372013652,0.9177215189873418,0.9477124183006536,0.932475884244373,0.96113074204947,0.9315068493150684,0.9460869565217392,0.8333333333333334,0.7407407407407407,0.7843137254901961,0.9662162162162162,0.9662162162162162,0.9662162162162162,0.9587301587301588,0.9648562300319488,0.961783439490446,0.0,0.0,0.0,0.9090909090909092,0.9090909090909092,0.9090909090909092
arch_shallow,0.005,42,4,9962.0,2487.0,50.0,49.0,0.0533659481951372,0.1882938706303583,0.9889580405541056,0.9505428226779252,0.8540891881781809,0.8440263728652149,0.8485499476018823,0.9504309084864108,3.376501083374023,0.9726962457337884,0.9628378378378378,0.967741935483871,0.9736070381231672,0.9851632047477744,0.9793510324483776,0.9515570934256056,0.925925925925926,0.938566552901024,0.9372937293729372,0.9281045751633988,0.9326765188834154,0.921311475409836,0.9623287671232876,0.9413735343383584,0.9361702127659576,0.8148148148148148,0.8712871287128713,0.9594594594594594,0.9627118644067796,0.961082910321489,0.9611650485436892,0.9488817891373802,0.954983922829582,0.0,0.0,0.0,0.9276315789473684,0.9494949494949496,0.9384359400998336
arch_shallow,0.005,7,0,9956.0,2493.0,50.0,49.0,0.055528547675039,0.2105234576108744,0.9874447569304942,0.9378259125551544,0.8300296024382332,0.8264488562738974,0.8281550361407148,0.9377235243840022,3.3693971633911133,0.9727891156462584,0.9662162162162162,0.9694915254237289,0.9589442815249268,0.9703264094955488,0.9646017699115044,0.9174917491749176,0.9328859060402684,0.925124792013311,0.919093851132686,0.9250814332247556,0.922077922077922,0.9310344827586208,0.9246575342465754,0.9278350515463916,0.7692307692307693,0.7272727272727273,0.7476635514018691,0.9691780821917808,0.956081081081081,0.9625850340136052,0.9339622641509434,0.945859872611465,0.9398734177215188,0.0,0.0,0.0,0.9285714285714286,0.9161073825503356,0.9222972972972974
arch_shallow,0.005,7,1,9958.0,2491.0,50.0,49.0,0.0548080001063703,0.1660573564009478,0.989656557541675,0.95383380168607,0.8603526918662141,0.851372470250466,0.8555043866591736,0.9537604340005196,3.3546838760375977,0.973421926910299,0.9898648648648648,0.9815745393634842,0.9706744868035192,0.9821958456973294,0.9764011799410032,0.9355932203389832,0.9261744966442952,0.9308600337268128,0.9534883720930232,0.9348534201954396,0.9440789473684212,0.929530201342282,0.9486301369863014,0.9389830508474576,0.9791666666666666,0.8703703703703703,0.9215686274509804,0.9796610169491524,0.9763513513513512,0.9780033840947546,0.9548387096774194,0.9456869009584664,0.9502407704654894,0.0,0.0,0.0,0.9271523178807948,0.9395973154362416,0.9333333333333332
arch_shallow,0.005,7,2,9960.0,2489.0,50.0,47.0,0.0505742225851921,0.2120068978172973,0.9897590361445784,0.9457613499397348,0.8408835631005365,0.8308402801149208,0.8352453226545846,0.945401465040396,3.3562097549438477,0.9726027397260274,0.9594594594594594,0.9659863945578232,0.976470588235294,0.9851632047477744,0.980797636632201,0.958041958041958,0.9194630872483222,0.9383561643835616,0.9537953795379538,0.9444444444444444,0.949096880131363,0.925925925925926,0.9417808219178082,0.933786078098472,0.8260869565217391,0.7037037037037037,0.76,0.9449838187702264,0.9864864864864864,0.9652892561983472,0.9226006191950464,0.952076677316294,0.9371069182389936,0.0,0.0,0.0,0.9283276450511946,0.915824915824916,0.9220338983050848
arch_shallow,0.005,7,3,9960.0,2489.0,50.0,49.0,0.052890372696197,0.1913030302460734,0.9897590361445784,0.956609079951788,0.8587093065761678,0.8460731389001422,0.8516208473228402,0.956402532424609,3.3554067611694336,0.9572368421052632,0.983108108108108,0.97,0.9821958456973294,0.9821958456973294,0.9821958456973294,0.945945945945946,0.9395973154362416,0.9427609427609428,0.9423076923076924,0.9607843137254902,0.9514563106796116,0.9523809523809524,0.958904109589041,0.955631399317406,0.9333333333333332,0.7777777777777778,0.8484848484848485,0.9661016949152542,0.9628378378378378,0.964467005076142,0.9702970297029704,0.939297124600639,0.9545454545454546,0.0,0.0,0.0,0.9372937293729372,0.9562289562289562,0.9466666666666668
arch_shallow,0.005,7,4,9962.0,2487.0,50.0,49.0,0.0525800499415263,0.2095956218017592,0.9893595663521382,0.9473260956976276,0.8422880791453669,0.8459856191712047,0.8440312616332314,0.9474411952926418,3.3675410747528076,0.9634551495016612,0.9797297297297296,0.9715242881072026,0.9849397590361446,0.9703264094955488,0.9775784753363228,0.9194630872483222,0.9225589225589226,0.9210084033613444,0.9387096774193548,0.9509803921568628,0.9448051948051948,0.938566552901024,0.9417808219178082,0.9401709401709402,0.8245614035087719,0.8703703703703703,0.8468468468468469,0.96875,0.9457627118644067,0.9571183533447684,0.9641693811074918,0.9456869009584664,0.9548387096774194,0.0,0.0,0.0,0.920265780730897,0.9326599326599326,0.9264214046822742
arch_shallow,0.005,13,0,9956.0,2493.0,50.0,49.0,0.0533466879185984,0.2140351190853563,0.9886500602651668,0.9486562374649016,0.8444122818939208,0.8445250659478768,0.8444176207693934,0.9485725451714772,3.363734722137451,0.9605263157894736,0.9864864864864864,0.9733333333333332,0.9733727810650888,0.9762611275964392,0.9748148148148148,0.9493243243243245,0.9429530201342282,0.9461279461279462,0.919093851132686,0.9250814332247556,0.922077922077922,0.9496644295302014,0.9691780821917808,0.9593220338983052,0.8363636363636363,0.8363636363636363,0.8363636363636363,0.9795221843003412,0.9695945945945946,0.9745331069609507,0.9449838187702264,0.929936305732484,0.9373996789727126,0.0,0.0,0.0,0.9312714776632304,0.9093959731543624,0.9202037351443124
arch_shallow,0.005,13,1,9958.0,2491.0,50.0,49.0,0.0517424689898765,0.2100825175100826,0.989455713998795,0.9462063428342032,0.8422337142917508,0.8374999954611535,0.839720932907899,0.9460491242518162,3.3572280406951904,0.9703947368421052,0.9966216216216216,0.9833333333333334,0.9820359281437124,0.973293768545994,0.977645305514158,0.929054054054054,0.9228187919463088,0.9259259259259258,0.9415584415584416,0.9446254071661238,0.943089430894309,0.931740614334471,0.934931506849315,0.9333333333333332,0.84,0.7777777777777778,0.8076923076923077,0.953020134228188,0.9594594594594594,0.956228956228956,0.9514563106796116,0.939297124600639,0.945337620578778,0.0,0.0,0.0,0.9230769230769232,0.9261744966442952,0.9246231155778896
arch_shallow,0.005,13,2,9960.0,2489.0,50.0,49.0,0.0543817548396631,0.1892679195207905,0.988152610441767,0.9493772599437524,0.8422502126418466,0.8400537761604628,0.8410789438743075,0.9493438509862916,3.3514981269836426,0.9664429530201344,0.972972972972973,0.9696969696969696,0.9909638554216867,0.9762611275964392,0.98355754857997,0.9141914191419142,0.929530201342282,0.9217970049916806,0.9466666666666668,0.9281045751633988,0.9372937293729374,0.9333333333333332,0.958904109589041,0.9459459459459458,0.8076923076923077,0.7777777777777778,0.7924528301886792,0.9563758389261744,0.9628378378378378,0.9595959595959596,0.9648562300319488,0.9648562300319488,0.9648562300319488,0.0,0.0,0.0,0.9419795221843004,0.9292929292929292,0.9355932203389832
arch_shallow,0.005,13,3,9960.0,2489.0,50.0,49.0,0.0519452443784281,0.2128639842899612,0.9896586345381526,0.948573724387304,0.8474454072945216,0.8392738679458102,0.8430039599127644,0.9484053879579228,3.3458101749420166,0.9759450171821306,0.9594594594594594,0.9676320272572404,0.9705014749262536,0.9762611275964392,0.9733727810650888,0.9453924914675768,0.929530201342282,0.9373942470389172,0.9331210191082804,0.9575163398692812,0.9451612903225808,0.9225589225589226,0.9383561643835616,0.930390492359932,0.875,0.7777777777777778,0.823529411764706,0.9730639730639732,0.9763513513513512,0.9747048903878583,0.9376947040498442,0.9616613418530352,0.9495268138801262,0.0,0.0,0.0,0.9411764705882352,0.915824915824916,0.9283276450511946
arch_shallow,0.005,13,4,9962.0,2487.0,50.0,49.0,0.0513198608119295,0.2131164418814192,0.9904637622967276,0.9549658222758344,0.8476882647847624,0.8461209009296005,0.846834406088394,0.9548756272126496,3.379842758178711,0.969283276450512,0.9594594594594594,0.964346349745331,0.9597701149425288,0.9910979228486648,0.9751824817518248,0.9653979238754326,0.9393939393939394,0.95221843003413,0.9533333333333334,0.934640522875817,0.943894389438944,0.9461279461279462,0.9623287671232876,0.9541595925297114,0.8113207547169812,0.7962962962962963,0.8037383177570094,0.9663299663299664,0.9728813559322034,0.9695945945945948,0.945859872611465,0.9488817891373802,0.9473684210526316,0.0,0.0,0.0,0.9594594594594594,0.9562289562289562,0.957841483979764
arch_shallow,0.005,21,0,9956.0,2493.0,50.0,49.0,0.0528186857899674,0.1535433818124096,0.9897549216552832,0.9502607300441236,0.8513980245885495,0.835272219880159,0.8420904356582231,0.949944774333245,3.374145030975342,0.983108108108108,0.983108108108108,0.983108108108108,0.9792284866468842,0.9792284866468842,0.9792284866468842,0.956081081081081,0.9496644295302014,0.9528619528619529,0.9471947194719472,0.9348534201954396,0.940983606557377,0.929530201342282,0.9486301369863014,0.9389830508474576,0.9069767441860463,0.7090909090909091,0.7959183673469388,0.9662162162162162,0.9662162162162162,0.9662162162162162,0.9341692789968652,0.9490445859872612,0.9415481832543444,0.0,0.0,0.0,0.9114754098360656,0.9328859060402684,0.9220563847429518
arch_shallow,0.005,21,1,9958.0,2491.0,50.0,48.0,0.0543399121349082,0.2042846780707299,0.987748543884314,0.9526294660778803,0.8480521449098296,0.8380142788266538,0.8425008299631003,0.9522971952907032,3.3785557746887207,0.9634551495016612,0.9797297297297296,0.9715242881072026,0.9794117647058824,0.9881305637982196,0.983751846381093,0.9461279461279462,0.9429530201342282,0.9445378151260504,0.9537953795379538,0.9413680781758956,0.9475409836065573,0.9322033898305084,0.9417808219178082,0.9369676320272572,0.8478260869565217,0.7222222222222222,0.78,0.9501661129568106,0.9662162162162162,0.9581239530988276,0.9587301587301588,0.9648562300319488,0.961783439490446,0.0,0.0,0.0,0.9488054607508531,0.9328859060402684,0.9407783417935702
arch_shallow,0.005,21,2,9960.0,2489.0,50.0,49.0,0.0486686846720234,0.2019157269691716,0.990562248995984,0.9425472077139412,0.8379430379632739,0.83905174254816,0.8384047863403868,0.9425255095706918,3.356215000152588,0.9661016949152542,0.9628378378378378,0.964467005076142,0.9587020648967552,0.9643916913946587,0.9615384615384616,0.9355932203389832,0.9261744966442952,0.9308600337268128,0.9387096774193548,0.9509803921568628,0.9448051948051948,0.9102990033222592,0.9383561643835616,0.924114671163575,0.8181818181818182,0.8333333333333334,0.8256880733944955,0.9534883720930232,0.9695945945945946,0.9614740368509214,0.9546925566343042,0.9424920127795527,0.9485530546623794,0.0,0.0,0.0,0.943661971830986,0.9023569023569024,0.9225473321858864
arch_shallow,0.005,21,3,9960.0,2489.0,50.0,49.0,0.0552521711204235,0.1911735858539866,0.989156626506024,0.9533949377259944,0.8465543116201063,0.8524539060705212,0.8493260923326063,0.9535229771434934,3.350003957748413,0.9761904761904762,0.9695945945945946,0.9728813559322034,0.9850746268656716,0.9792284866468842,0.982142857142857,0.9433333333333334,0.9496644295302014,0.9464882943143812,0.9381107491856676,0.9411764705882352,0.9396411092985316,0.9419795221843004,0.9452054794520548,0.9435897435897436,0.8135593220338984,0.8888888888888888,0.8495575221238938,0.9761092150170648,0.9662162162162162,0.9711375212224108,0.9492063492063492,0.9552715654952076,0.9522292993630572,0.0,0.0,0.0,0.9419795221843004,0.9292929292929292,0.9355932203389832
arch_shallow,0.005,21,4,9962.0,2487.0,50.0,49.0,0.0536466804178172,0.181106941811425,0.9894599478016464,0.9533574587856856,0.8492190887958287,0.8416081916026747,0.8451000516468673,0.9530957763120704,3.4017789363861084,0.9634551495016612,0.9797297297297296,0.9715242881072026,0.9852941176470588,0.9940652818991098,0.9896602658788776,0.944636678200692,0.9191919191919192,0.9317406143344712,0.9504950495049505,0.9411764705882352,0.9458128078817734,0.9457627118644067,0.9554794520547946,0.950596252129472,0.8541666666666666,0.7592592592592593,0.8039215686274509,0.9629629629629628,0.9694915254237289,0.966216216216216,0.9525316455696202,0.9616613418530352,0.9570747217806042,0.0,0.0,0.0,0.9328859060402684,0.936026936026936,0.934453781512605
arch_shallow,0.005,99,0,9956.0,2493.0,50.0,49.0,0.0512772756043545,0.1587597424619224,0.9903575733226196,0.9534697152025672,0.8483857450830155,0.8421807451693482,0.8450733313232803,0.953284454325662,3.358909845352173,0.9829931972789115,0.9763513513513512,0.9796610169491526,0.9792899408284024,0.9821958456973294,0.9807407407407408,0.9629629629629628,0.959731543624161,0.961344537815126,0.9421221864951768,0.9543973941368078,0.948220064724919,0.936842105263158,0.9143835616438356,0.925476603119584,0.84,0.7636363636363637,0.8000000000000002,0.9766666666666668,0.9898648648648648,0.9832214765100672,0.9526813880126184,0.961783439490446,0.9572107765451664,0.0,0.0,0.0,0.9102990033222592,0.9194630872483222,0.9148580968280468
arch_shallow,0.005,99,1,9958.0,2491.0,50.0,49.0,0.054197867716306,0.2353735494821801,0.9885519180558344,0.9470092332396628,0.8439486978953363,0.833638115661782,0.8382033838106213,0.9468308985095302,3.346918821334839,0.9730639730639732,0.9763513513513512,0.9747048903878583,0.9790419161676648,0.9703264094955488,0.9746646795827124,0.9012738853503184,0.9496644295302014,0.9248366013071896,0.944078947368421,0.9348534201954396,0.939443535188216,0.9553264604810996,0.952054794520548,0.95368782161235,0.8478260869565217,0.7222222222222222,0.78,0.9655172413793104,0.945945945945946,0.955631399317406,0.9341692789968652,0.952076677316294,0.9430379746835444,0.0,0.0,0.0,0.9391891891891893,0.9328859060402684,0.936026936026936
arch_shallow,0.005,99,2,9960.0,2489.0,50.0,49.0,0.0508548050650307,0.1934743599524748,0.9893574297188756,0.9465648854961832,0.8500142238191598,0.8347122730467407,0.841200290125987,0.9462007118750908,3.3504269123077393,0.9442622950819672,0.972972972972973,0.9584026622296172,0.9880597014925372,0.9821958456973294,0.9851190476190476,0.9342560553633218,0.906040268456376,0.919931856899489,0.9433333333333334,0.9248366013071896,0.933993399339934,0.9427609427609428,0.958904109589041,0.9507640067911716,0.9302325581395348,0.7407407407407407,0.8247422680412371,0.9444444444444444,0.9763513513513512,0.9601328903654484,0.9396825396825396,0.9456869009584664,0.9426751592356688,0.0,0.0,0.0,0.9331103678929766,0.9393939393939394,0.9362416107382552
arch_shallow,0.005,99,3,9960.0,2489.0,50.0,49.0,0.0535239360067366,0.1657088206583231,0.9899598393574296,0.9594214543993572,0.8619827722361298,0.8590511321102102,0.8604086594425946,0.9593770777479208,3.3395659923553467,0.9605263157894736,0.9864864864864864,0.9733333333333332,0.9734513274336284,0.9792284866468842,0.9763313609467454,0.9586206896551724,0.9328859060402684,0.9455782312925172,0.9511400651465798,0.954248366013072,0.9526916802610114,0.9370860927152318,0.9691780821917808,0.952861952861953,0.9423076923076924,0.9074074074074074,0.9245283018867924,0.9896907216494846,0.972972972972973,0.981260647359455,0.9581993569131833,0.952076677316294,0.9551282051282052,0.0,0.0,0.0,0.9488054607508531,0.936026936026936,0.9423728813559322
arch_shallow,0.005,99,4,9962.0,2487.0,50.0,49.0,0.0511297921678676,0.2030660139131709,0.9898614735996788,0.9396863691194208,0.830028517542921,0.8288895622111827,0.8293979438199022,0.9396497668812268,3.3590798377990723,0.9666666666666668,0.9797297297297296,0.9731543624161074,0.9765395894428152,0.9881305637982196,0.9823008849557522,0.9297658862876256,0.936026936026936,0.9328859060402684,0.9153094462540716,0.9183006535947712,0.9168026101141926,0.9124579124579124,0.928082191780822,0.9202037351443124,0.7547169811320755,0.7407407407407407,0.7476635514018692,0.958904109589041,0.9491525423728814,0.9540034071550256,0.9700996677740864,0.9329073482428116,0.9511400651465798,0.0,0.0,0.0,0.915824915824916,0.915824915824916,0.915824915824916
arch_shallow,0.01,42,0,9956.0,2493.0,50.0,29.0,0.0196494835054646,0.2023417134354639,0.9988951386098834,0.9502607300441236,0.8423664085367616,0.8456175395681573,0.8437516011848777,0.9502422909577805,3.398237943649292,0.9635761589403974,0.983108108108108,0.9732441471571908,0.9736842105263158,0.9881305637982196,0.9808541973490428,0.943894389438944,0.959731543624161,0.951747088186356,0.9685314685314684,0.9022801302931596,0.9342327150084316,0.9141914191419142,0.9486301369863014,0.93109243697479,0.7931034482758621,0.8363636363636363,0.8141592920353982,0.9795221843003412,0.9695945945945946,0.9745331069609507,0.9522292993630572,0.9522292993630572,0.9522292993630572,0.0,0.0,0.0,0.934931506849315,0.9161073825503356,0.9254237288135592
arch_shallow,0.01,42,1,9958.0,2491.0,50.0,35.0,0.0200161903105089,0.2056766892447943,0.9985940951998392,0.9506222400642312,0.8404865666251584,0.8424650333976282,0.8413992913616891,0.950645369675208,3.354660749435425,0.9536423841059604,0.972972972972973,0.9632107023411371,0.9763313609467456,0.9792284866468842,0.9777777777777776,0.9528619528619529,0.9496644295302014,0.9512605042016806,0.9315960912052116,0.9315960912052116,0.9315960912052116,0.96113074204947,0.9315068493150684,0.9460869565217392,0.7678571428571429,0.7962962962962963,0.7818181818181819,0.9657534246575342,0.9527027027027029,0.9591836734693876,0.953125,0.97444089456869,0.9636650868878356,0.0,0.0,0.0,0.9425675675675677,0.9362416107382552,0.9393939393939394
arch_shallow,0.01,42,2,9960.0,2489.0,50.0,44.0,0.0209500393633119,0.1819962066388996,0.997991967871486,0.946163117717959,0.8413401385373168,0.8329510196006886,0.8367248519047401,0.9459724865450454,3.3566579818725586,0.9761904761904762,0.9695945945945946,0.9728813559322034,0.9879518072289156,0.973293768545994,0.9805680119581464,0.9401993355481728,0.9496644295302014,0.9449081803005008,0.9449838187702264,0.954248366013072,0.9495934959349592,0.92,0.9452054794520548,0.9324324324324323,0.8297872340425532,0.7222222222222222,0.7722772277227723,0.946843853820598,0.9628378378378378,0.9547738693467336,0.9477124183006536,0.926517571884984,0.9369951534733442,0.0,0.0,0.0,0.919732441471572,0.925925925925926,0.9228187919463088
arch_shallow,0.01,42,3,9960.0,2489.0,50.0,36.0,0.020842731613667,0.1968668915221368,0.9978915662650604,0.9465648854961832,0.8438462229792218,0.8359981613867026,0.8395528987041061,0.946305715857132,3.3484389781951904,0.9473684210526316,0.972972972972973,0.96,0.973529411764706,0.9821958456973294,0.9778434268833088,0.9375,0.906040268456376,0.9215017064846416,0.9182389937106918,0.954248366013072,0.935897435897436,0.9547038327526132,0.9383561643835616,0.9464594127806564,0.8541666666666666,0.7592592592592593,0.8039215686274509,0.9663299663299664,0.9695945945945946,0.9679595278246208,0.9648562300319488,0.9648562300319488,0.9648562300319488,0.0,0.0,0.0,0.9217687074829932,0.9124579124579124,0.9170896785109984
arch_shallow,0.01,42,4,9962.0,2487.0,50.0,42.0,0.0204763614188229,0.1783316977776612,0.998494278257378,0.9525532770406112,0.8542845513603442,0.8473121932957446,0.8504987544053961,0.952496960341181,3.3696858882904053,0.976271186440678,0.972972972972973,0.9746192893401016,0.9763313609467456,0.9792284866468842,0.9777777777777776,0.9515570934256056,0.925925925925926,0.938566552901024,0.9344262295081968,0.931372549019608,0.9328968903436988,0.9302325581395348,0.958904109589041,0.9443507588532885,0.9183673469387756,0.8333333333333334,0.8737864077669903,0.9628378378378378,0.9661016949152542,0.964467005076142,0.9704918032786886,0.9456869009584664,0.9579288025889968,0.0,0.0,0.0,0.9223300970873788,0.9595959595959596,0.9405940594059404
arch_shallow,0.01,7,0,9956.0,2493.0,50.0,32.0,0.020991659797658,0.206370880795118,0.9985938127762154,0.9430405134376254,0.8342799238104666,0.8306642231624913,0.8323817029475264,0.9428972660656364,3.3639590740203857,0.9761904761904762,0.9695945945945946,0.9728813559322034,0.9591836734693876,0.9762611275964392,0.9676470588235292,0.9331103678929766,0.9362416107382552,0.934673366834171,0.9258064516129032,0.9348534201954396,0.9303079416531604,0.9312714776632304,0.928082191780822,0.9296740994854202,0.7692307692307693,0.7272727272727273,0.7476635514018691,0.9659863945578232,0.9594594594594594,0.9627118644067796,0.9404388714733544,0.9554140127388536,0.9478672985781992,0.0,0.0,0.0,0.9415807560137456,0.9194630872483222,0.930390492359932
arch_shallow,0.01,7,1,9958.0,2491.0,50.0,47.0,0.0202469741756022,0.1569342713437528,0.9983932516569592,0.9590525893215576,0.8646893995169413,0.8571880995809014,0.8606834007465475,0.9589907510625548,3.342771053314209,0.9733333333333334,0.9864864864864864,0.9798657718120806,0.9707602339181286,0.9851632047477744,0.9779086892488954,0.9393939393939394,0.9362416107382552,0.9378151260504204,0.9633333333333334,0.9413680781758956,0.9522240527182866,0.9425675675675677,0.9554794520547946,0.9489795918367347,0.979591836734694,0.8888888888888888,0.9320388349514565,0.9763513513513512,0.9763513513513512,0.9763513513513512,0.9611650485436892,0.9488817891373802,0.954983922829582,0.0,0.0,0.0,0.9403973509933776,0.953020134228188,0.9466666666666668
arch_shallow,0.01,7,2,9960.0,2489.0,50.0,26.0,0.0189233120365757,0.2149104693361281,0.9988955823293172,0.9469666532744074,0.8421345308445878,0.8333789412741737,0.8372878216482608,0.946664940472992,3.340538740158081,0.9628378378378378,0.9628378378378378,0.9628378378378378,0.9822485207100592,0.9851632047477744,0.9837037037037036,0.9517241379310344,0.9261744966442952,0.9387755102040818,0.956810631229236,0.9411764705882352,0.9489291598023064,0.9355932203389832,0.9452054794520548,0.9403747870528107,0.8297872340425532,0.7222222222222222,0.7722772277227723,0.9478827361563518,0.983108108108108,0.965174129353234,0.9197530864197532,0.952076677316294,0.93563579277865,0.0,0.0,0.0,0.9347079037800688,0.915824915824916,0.9251700680272108
arch_shallow,0.01,7,3,9960.0,2489.0,50.0,36.0,0.0204009091226605,0.1880028052318778,0.9983935742971888,0.9586179188429088,0.8604567406357386,0.8492373843296491,0.854267141992129,0.9584451364759428,3.336878776550293,0.9635761589403974,0.983108108108108,0.9732441471571908,0.9821958456973294,0.9821958456973294,0.9821958456973294,0.9494949494949496,0.9463087248322148,0.9478991596638656,0.9483870967741936,0.9607843137254902,0.9545454545454546,0.955631399317406,0.958904109589041,0.9572649572649572,0.9347826086956522,0.7962962962962963,0.8599999999999999,0.9663299663299664,0.9695945945945946,0.9679595278246208,0.9641693811074918,0.9456869009584664,0.9548387096774194,0.0,0.0,0.0,0.94,0.9494949494949496,0.9447236180904524
arch_shallow,0.01,7,4,9962.0,2487.0,50.0,36.0,0.020277151720664,0.2082732583949664,0.9982935153583616,0.9497386409328508,0.8432501848322029,0.8480094324986359,0.8454500043650512,0.9499264154973714,3.3714828491210938,0.9731543624161074,0.9797297297297296,0.9764309764309764,0.9908536585365854,0.9643916913946587,0.9774436090225564,0.920265780730897,0.9326599326599326,0.9264214046822742,0.9394904458598726,0.9640522875816994,0.9516129032258064,0.938566552901024,0.9417808219178082,0.9401709401709402,0.8103448275862069,0.8703703703703703,0.8392857142857144,0.972027972027972,0.9423728813559322,0.9569707401032702,0.9675324675324676,0.952076677316294,0.9597423510466988,0.0,0.0,0.0,0.920265780730897,0.9326599326599326,0.9264214046822742
arch_shallow,0.01,13,0,9956.0,2493.0,50.0,38.0,0.0204374834751635,0.2084360295461189,0.9979911611088792,0.9522663457681508,0.8464518234540839,0.8489452581505026,0.8476362798227054,0.9522471909214878,3.3580727577209473,0.9603960396039604,0.983108108108108,0.9716193656093488,0.9762611275964392,0.9762611275964392,0.9762611275964392,0.94314381270903,0.9463087248322148,0.9447236180904522,0.930921052631579,0.9218241042345277,0.9263502454991815,0.9527027027027029,0.9657534246575342,0.9591836734693876,0.8245614035087719,0.8545454545454545,0.8392857142857144,0.979591836734694,0.972972972972973,0.976271186440678,0.9519230769230768,0.945859872611465,0.9488817891373802,0.0,0.0,0.0,0.9450171821305842,0.9228187919463088,0.933786078098472
arch_shallow,0.01,13,1,9958.0,2491.0,50.0,40.0,0.0202473527566521,0.206091610854059,0.9981924081140792,0.951023685266961,0.8504069050722158,0.8400100851036438,0.844633333187476,0.9507891194583784,3.336500883102417,0.9640522875816994,0.9966216216216216,0.9800664451827242,0.9909638554216867,0.9762611275964392,0.98355754857997,0.9335548172757476,0.9429530201342282,0.9382303839732888,0.9448051948051948,0.9478827361563518,0.946341463414634,0.9453924914675768,0.9486301369863014,0.947008547008547,0.8913043478260869,0.7592592592592593,0.8200000000000001,0.9565217391304348,0.9662162162162162,0.961344537815126,0.9543973941368078,0.9361022364217252,0.9451612903225806,0.0,0.0,0.0,0.9230769230769232,0.9261744966442952,0.9246231155778896
arch_shallow,0.01,13,2,9960.0,2489.0,50.0,44.0,0.0215659503094218,0.1828310871755954,0.9978915662650604,0.9541984732824428,0.8477643580615917,0.8454841179972645,0.8465583110668676,0.954155322724743,3.334198236465454,0.972972972972973,0.972972972972973,0.972972972972973,0.9910179640718564,0.9821958456973294,0.9865871833084948,0.9328859060402684,0.9328859060402684,0.9328859060402684,0.9504950495049505,0.9411764705882352,0.9458128078817734,0.933774834437086,0.9657534246575342,0.9494949494949496,0.8269230769230769,0.7962962962962963,0.8113207547169811,0.9565217391304348,0.9662162162162162,0.961344537815126,0.9742765273311896,0.9680511182108626,0.9711538461538464,0.0,0.0,0.0,0.9387755102040816,0.9292929292929292,0.934010152284264
arch_shallow,0.01,13,3,9960.0,2489.0,50.0,36.0,0.0200627979564381,0.2091187423859078,0.9977911646586344,0.950582563278425,0.8503410910138113,0.8395282477672632,0.844370098166155,0.950355055854424,3.3323702812194824,0.9763513513513512,0.9763513513513512,0.9763513513513512,0.9703264094955488,0.9703264094955488,0.9703264094955488,0.9488054607508531,0.9328859060402684,0.9407783417935702,0.9423076923076924,0.9607843137254902,0.9514563106796116,0.9222972972972971,0.934931506849315,0.9285714285714286,0.8913043478260869,0.7592592592592593,0.8200000000000001,0.9697986577181208,0.9763513513513512,0.9730639730639732,0.9404388714733544,0.9584664536741214,0.9493670886075948,0.0,0.0,0.0,0.9417808219178082,0.925925925925926,0.933786078098472
arch_shallow,0.01,13,4,9962.0,2487.0,50.0,27.0,0.0189338312688169,0.2154900906751388,0.9988958040554106,0.9557700040209088,0.8498022485720259,0.8482730905289626,0.8489843500827616,0.95570217535121,3.3458659648895264,0.969283276450512,0.9594594594594594,0.964346349745331,0.9681159420289857,0.9910979228486648,0.9794721407624634,0.9689655172413794,0.9461279461279462,0.9574105621805792,0.9534883720930232,0.937908496732026,0.945634266886326,0.9425675675675677,0.9554794520547946,0.9489795918367347,0.8301886792452831,0.8148148148148148,0.8224299065420562,0.9664429530201344,0.976271186440678,0.9713322091062396,0.9430379746835444,0.952076677316294,0.9475357710651828,0.0,0.0,0.0,0.9559322033898304,0.9494949494949496,0.9527027027027029
arch_shallow,0.01,21,0,9956.0,2493.0,50.0,49.0,0.0203020783171975,0.1454790306517469,0.9984933708316592,0.9554753309265944,0.8596343885195274,0.8424636882332228,0.8497383303986018,0.9552286905922718,3.387822151184082,0.983108108108108,0.983108108108108,0.983108108108108,0.9793510324483776,0.9851632047477744,0.9822485207100592,0.9562289562289562,0.953020134228188,0.9546218487394958,0.9601328903654484,0.9413680781758956,0.950657894736842,0.9324324324324323,0.9452054794520548,0.9387755102040816,0.9534883720930232,0.7454545454545455,0.8367346938775511,0.9695945945945946,0.9695945945945946,0.9695945945945946,0.9404388714733544,0.9554140127388536,0.9478672985781992,0.0,0.0,0.0,0.9215686274509804,0.9463087248322148,0.933774834437086
arch_shallow,0.01,21,1,9958.0,2491.0,50.0,30.0,0.0205481921686465,0.2060820220531326,0.9980919863426392,0.9546366920915296,0.8497376544027612,0.8396682552983167,0.8441625338692349,0.954309311136145,3.3745548725128174,0.9731543624161074,0.9797297297297296,0.9764309764309764,0.9822485207100592,0.9851632047477744,0.9837037037037036,0.9433333333333334,0.9496644295302014,0.9464882943143812,0.9570957095709572,0.9446254071661238,0.9508196721311476,0.9383561643835616,0.9383561643835616,0.9383561643835616,0.8478260869565217,0.7222222222222222,0.78,0.9471947194719472,0.9695945945945946,0.9582637729549248,0.9561128526645768,0.97444089456869,0.9651898734177214,0.0,0.0,0.0,0.952054794520548,0.9328859060402684,0.9423728813559324
arch_shallow,0.01,21,2,9960.0,2489.0,50.0,32.0,0.018608779142791,0.2015913849125817,0.998995983935743,0.9469666532744074,0.8427012690025648,0.8426636732708355,0.8426045802696963,0.9469181467277364,3.367738962173462,0.9628378378378378,0.9628378378378378,0.9628378378378378,0.9703264094955488,0.9703264094955488,0.9703264094955488,0.9389830508474576,0.929530201342282,0.9342327150084316,0.9385113268608414,0.9477124183006536,0.9430894308943087,0.9230769230769232,0.9452054794520548,0.934010152284264,0.8333333333333334,0.8333333333333334,0.8333333333333334,0.9537953795379538,0.9763513513513512,0.9649415692821368,0.9519230769230768,0.9488817891373802,0.9504,0.0,0.0,0.0,0.954225352112676,0.9124579124579124,0.9328743545611016
arch_shallow,0.01,21,3,9960.0,2489.0,50.0,42.0,0.0214519441394593,0.1860445028545905,0.9980923694779116,0.9562073121735636,0.8513094019064711,0.8563126348680477,0.8536940140905488,0.9562886598432094,3.3426668643951416,0.976271186440678,0.972972972972973,0.9746192893401016,0.9851190476190476,0.9821958456973294,0.9836552748885588,0.95,0.9563758389261744,0.9531772575250836,0.9377049180327868,0.934640522875817,0.9361702127659576,0.9415807560137456,0.9383561643835616,0.9399656946826758,0.8448275862068966,0.9074074074074074,0.875,0.979591836734694,0.972972972972973,0.976271186440678,0.9581993569131833,0.952076677316294,0.9551282051282052,0.0,0.0,0.0,0.939799331103679,0.9461279461279462,0.9429530201342282
arch_shallow,0.01,21,4,9962.0,2487.0,50.0,38.0,0.0206024507204955,0.1743291015513786,0.9982935153583616,0.9569762766385204,0.8540454619784758,0.8461141895450568,0.8497458710479089,0.956717093760542,3.3542091846466064,0.9668874172185432,0.9864864864864864,0.976588628762542,0.97667638483965,0.9940652818991098,0.9852941176470588,0.9515570934256056,0.925925925925926,0.938566552901024,0.9534883720930232,0.937908496732026,0.945634266886326,0.9425675675675677,0.9554794520547946,0.9489795918367347,0.875,0.7777777777777778,0.823529411764706,0.9694915254237289,0.9694915254237289,0.9694915254237289,0.9620253164556962,0.9712460063897764,0.9666136724960256,0.0,0.0,0.0,0.9427609427609428,0.9427609427609428,0.9427609427609428
arch_shallow,0.01,99,0,9956.0,2493.0,50.0,41.0,0.0195467797462739,0.1575966904578541,0.9987946966653274,0.9570798235058164,0.8541620020182485,0.8451459647946183,0.849245180118087,0.956822889621568,3.3869078159332275,0.9797297297297296,0.9797297297297296,0.9797297297297298,0.9821958456973294,0.9821958456973294,0.9821958456973294,0.972972972972973,0.9664429530201344,0.9696969696969696,0.9394904458598726,0.9609120521172638,0.9500805152979066,0.9340277777777778,0.9212328767123288,0.9275862068965518,0.875,0.7636363636363637,0.8155339805825242,0.9766666666666668,0.9898648648648648,0.9832214765100672,0.9561128526645768,0.9713375796178344,0.9636650868878358,0.0,0.0,0.0,0.9254237288135592,0.9161073825503356,0.920741989881956
arch_shallow,0.01,99,1,9958.0,2491.0,50.0,37.0,0.0205634598095058,0.2329549855736765,0.9981924081140792,0.9502207948615012,0.8454022400058078,0.8377958578287152,0.8412391016708467,0.9501123381537842,3.3466830253601074,0.9730639730639732,0.9763513513513512,0.9747048903878583,0.9820359281437124,0.973293768545994,0.977645305514158,0.9044585987261148,0.953020134228188,0.9281045751633986,0.9508196721311476,0.9446254071661238,0.9477124183006536,0.9522184300341296,0.9554794520547946,0.9538461538461538,0.8333333333333334,0.7407407407407407,0.7843137254901961,0.9689655172413794,0.9493243243243245,0.9590443686006828,0.9369085173501576,0.9488817891373802,0.9428571428571428,0.0,0.0,0.0,0.9522184300341296,0.9362416107382552,0.9441624365482232
arch_shallow,0.01,99,2,9960.0,2489.0,50.0,34.0,0.0194007636122995,0.1931107489801027,0.9981927710843372,0.9497790277219766,0.8455119960142173,0.8419473033783029,0.8435820531711447,0.9496283932376708,3.343641996383667,0.96,0.972972972972973,0.9664429530201344,0.990990990990991,0.9792284866468842,0.9850746268656716,0.9411764705882352,0.912751677852349,0.9267461669505962,0.9463087248322148,0.9215686274509804,0.933774834437086,0.9427609427609428,0.958904109589041,0.9507640067911716,0.8431372549019608,0.7962962962962963,0.8190476190476189,0.9475409836065574,0.9763513513513512,0.9617304492512478,0.940251572327044,0.9552715654952076,0.94770206022187,0.0,0.0,0.0,0.9429530201342282,0.9461279461279462,0.9445378151260504
arch_shallow,0.01,99,3,9960.0,2489.0,50.0,49.0,0.0207522905652061,0.1578450035445761,0.9983935742971888,0.9638408999598232,0.8656554426800327,0.8641402593740197,0.864819181098382,0.963796659940343,3.3422610759735107,0.9638157894736842,0.9898648648648648,0.9766666666666668,0.9766081871345028,0.9910979228486648,0.98379970544919,0.9621993127147768,0.9395973154362416,0.9507640067911716,0.9602649006622516,0.9477124183006536,0.9539473684210528,0.9463087248322148,0.9657534246575342,0.9559322033898304,0.9433962264150944,0.925925925925926,0.9345794392523364,0.9896907216494846,0.972972972972973,0.981260647359455,0.96742671009772,0.9488817891373802,0.9580645161290322,0.0,0.0,0.0,0.946843853820598,0.9595959595959596,0.9531772575250836
arch_shallow,0.01,99,4,9962.0,2487.0,50.0,48.0,0.0192621127647798,0.1988526281652075,0.9981931339088536,0.942098914354644,0.8335501598264077,0.8323718867951897,0.8329020031106851,0.9420547723184056,3.3567590713500977,0.9666666666666668,0.9797297297297296,0.9731543624161074,0.9765395894428152,0.9881305637982196,0.9823008849557522,0.9304635761589404,0.9461279461279462,0.9382303839732888,0.930921052631579,0.9248366013071896,0.9278688524590164,0.915824915824916,0.9315068493150684,0.9235993208828523,0.7735849056603774,0.7592592592592593,0.7663551401869159,0.9619377162629758,0.9423728813559322,0.952054794520548,0.9671052631578948,0.939297124600639,0.9529983792544572,0.0,0.0,0.0,0.9124579124579124,0.9124579124579124,0.9124579124579124
arch_base,0.0001,42,0,9956.0,2493.0,50.0,49.0,0.6773382864401026,0.7305887797860308,0.8388911209321013,0.829923786602487,0.6636371473923142,0.6779522109262528,0.6702451249654751,0.8196838012198766,3.833997011184693,0.906040268456376,0.9121621621621622,0.9090909090909092,0.8293963254593176,0.9376854599406528,0.8802228412256267,0.8241042345276873,0.8489932885906041,0.8363636363636364,0.8122977346278317,0.8175895765472313,0.8149350649350648,0.8428571428571429,0.8082191780821918,0.8251748251748252,0.0,0.0,0.0,0.8782051282051282,0.9256756756756755,0.9013157894736844,0.8006134969325154,0.8312101910828026,0.815625,0.0,0.0,0.0,0.7428571428571429,0.697986577181208,0.7197231833910035
arch_base,0.0001,42,1,9958.0,2491.0,50.0,49.0,0.685392218961667,0.749677659816685,0.8282787708375176,0.81413087113609,0.6495872164829434,0.6635200821655147,0.6557688849908171,0.8035135465330963,3.803046226501465,0.900990099009901,0.9222972972972971,0.9115191986644408,0.8571428571428571,0.9792284866468842,0.9141274238227146,0.8142857142857143,0.7651006711409396,0.7889273356401384,0.8050314465408805,0.8338762214983714,0.8192,0.7678571428571429,0.7363013698630136,0.7517482517482519,0.0,0.0,0.0,0.8489932885906041,0.8547297297297297,0.8518518518518519,0.7877906976744186,0.865814696485623,0.8249619482496193,0.0,0.0,0.0,0.7137809187279152,0.6778523489932886,0.6953528399311533
arch_base,0.0001,42,2,9960.0,2489.0,50.0,49.0,0.6821060700893976,0.7122365477404816,0.8347389558232932,0.8224186420249096,0.6581997970677236,0.6711516189653013,0.6639968347249663,0.8130260109050277,3.80092716217041,0.925,0.875,0.8993055555555556,0.8457446808510638,0.9436201780415432,0.8920056100981767,0.8231292517006803,0.8120805369127517,0.8175675675675675,0.798219584569733,0.8790849673202614,0.8367029548989113,0.78125,0.7705479452054794,0.7758620689655173,0.0,0.0,0.0,0.8407643312101911,0.8918918918918919,0.8655737704918033,0.8451178451178452,0.8019169329073482,0.8229508196721312,0.0,0.0,0.0,0.7227722772277227,0.7373737373737373,0.7300000000000001
arch_base,0.0001,42,3,9960.0,2489.0,50.0,49.0,0.71579035726665,0.7510182305249969,0.8153614457831325,0.8079550020088389,0.646374037694758,0.658417360046082,0.6499492905911859,0.7961415182955383,3.8120949268341064,0.8970099667774086,0.9121621621621622,0.9045226130653266,0.8515625,0.9703264094955488,0.9070735090152564,0.8194444444444444,0.7919463087248322,0.8054607508532423,0.8006134969325154,0.8529411764705882,0.8259493670886074,0.8137651821862348,0.6883561643835616,0.74582560296846,0.0,0.0,0.0,0.8504672897196262,0.9222972972972971,0.8849270664505672,0.7002652519893899,0.8434504792332268,0.7652173913043478,0.0,0.0,0.0,0.7306122448979592,0.6026936026936027,0.6605166051660516
arch_base,0.0001,42,4,9962.0,2487.0,50.0,49.0,0.7272661725423805,0.7405793819847852,0.8118851636217627,0.8082026537997588,0.645243248044076,0.658883351392943,0.6515053370388092,0.798378717670876,3.842149019241333,0.8498293515358362,0.8412162162162162,0.8455008488964346,0.8723404255319149,0.973293768545994,0.9200561009817672,0.7934782608695652,0.7373737373737373,0.7643979057591622,0.8220064724919094,0.8300653594771242,0.8260162601626017,0.75,0.791095890410959,0.7699999999999999,0.0,0.0,0.0,0.85,0.864406779661017,0.8571428571428572,0.7708333333333334,0.8274760383386581,0.7981510015408321,0.0,0.0,0.0,0.7439446366782007,0.7239057239057239,0.7337883959044369
arch_base,0.0001,7,0,9956.0,2493.0,50.0,49.0,0.6831882036145663,0.7093565405550767,0.8403977501004419,0.8439630966706779,0.7245491438453647,0.6901283007077683,0.6843769871021037,0.8343396469824171,3.831747055053711,0.913907284768212,0.9324324324324323,0.9230769230769232,0.8726790450928382,0.9762611275964392,0.9215686274509804,0.8664259927797834,0.8053691275167785,0.834782608695652,0.8251533742331288,0.8762214983713354,0.8499210110584517,0.7958477508650519,0.7876712328767124,0.7917383820998278,0.5,0.0181818181818181,0.0350877192982456,0.8691275167785235,0.875,0.8720538720538721,0.8429003021148036,0.8885350318471338,0.8651162790697674,0.0,0.0,0.0,0.7594501718213058,0.7416107382550335,0.7504244482173174
arch_base,0.0001,7,1,9958.0,2491.0,50.0,49.0,0.6949309026203435,0.7033837441314469,0.8285800361518377,0.8225612203934163,0.7584797181933538,0.6725424450716747,0.6674318162574985,0.8135782694095499,3.822603940963745,0.9121621621621622,0.9121621621621622,0.9121621621621622,0.8443877551020408,0.9821958456973294,0.908093278463649,0.8639705882352942,0.7885906040268457,0.8245614035087718,0.8057324840764332,0.8241042345276873,0.8148148148148148,0.7619047619047619,0.7671232876712328,0.764505119453925,1.0,0.0185185185185185,0.0363636363636363,0.8833333333333333,0.8952702702702703,0.8892617449664431,0.8098360655737705,0.7891373801916933,0.7993527508090615,0.0,0.0,0.0,0.7034700315457413,0.7483221476510067,0.7252032520325205
arch_base,0.0001,7,2,9960.0,2489.0,50.0,49.0,0.699411761160146,0.7354733934625115,0.8300200803212852,0.8240257131378064,0.7576131797367467,0.6764396078308776,0.6738022402615873,0.8148125355919399,3.816368103027344,0.8705501618122977,0.9087837837837838,0.8892561983471075,0.8709677419354839,0.9614243323442137,0.913963328631876,0.8108108108108109,0.8053691275167785,0.8080808080808082,0.8210862619808307,0.8398692810457516,0.8303715670436187,0.8088235294117647,0.7534246575342466,0.7801418439716311,1.0,0.0555555555555555,0.1052631578947368,0.8642384105960265,0.8817567567567568,0.8729096989966554,0.7787114845938375,0.8881789137380192,0.8298507462686567,0.0,0.0,0.0,0.7509433962264151,0.67003367003367,0.7081850533807829
arch_base,0.0001,7,3,9960.0,2489.0,50.0,49.0,0.6752881591270357,0.7191786620421884,0.8336345381526105,0.8188027320208919,0.7207135575869599,0.6712342540479376,0.6673256071711993,0.8100102491251295,3.8421242237091064,0.8681672025723473,0.9121621621621622,0.8896210873146623,0.8469656992084432,0.9525222551928784,0.8966480446927375,0.8156996587030717,0.802013422818792,0.8087986463620982,0.8126984126984127,0.8366013071895425,0.8244766505636072,0.7854785478547854,0.815068493150685,0.8,0.6666666666666666,0.037037037037037,0.0701754385964912,0.8498293515358362,0.8412162162162162,0.8455008488964346,0.8044871794871795,0.8019169329073482,0.8032,0.0,0.0,0.0,0.7571428571428571,0.7138047138047138,0.7348353552859619
arch_base,0.0001,7,4,9962.0,2487.0,50.0,49.0,0.6321354366738571,0.7001780181489792,0.8386870106404336,0.8307197426618416,0.7636118158747882,0.6806372848202253,0.6768666613889339,0.8219381262313215,3.833197116851806,0.8910891089108911,0.9121621621621622,0.9015025041736228,0.8831521739130435,0.9643916913946587,0.9219858156028368,0.8377483443708609,0.8518518518518519,0.8447412353923205,0.8419354838709677,0.8529411764705882,0.8474025974025973,0.8007662835249042,0.7157534246575342,0.755877034358047,1.0,0.037037037037037,0.0714285714285714,0.8657718120805369,0.8745762711864407,0.8701517706576728,0.8,0.8434504792332268,0.8211508553654743,0.0,0.0,0.0,0.7156549520766773,0.7542087542087542,0.7344262295081967
arch_base,0.0001,13,0,9956.0,2493.0,50.0,49.0,0.6393072827558506,0.7151577000691647,0.8365809562073122,0.8239069394304052,0.7578045049133315,0.6753674213906761,0.6714555915380072,0.8150876475617231,3.8354170322418217,0.8963210702341137,0.9054054054054054,0.9008403361344538,0.8780487804878049,0.9614243323442137,0.9178470254957508,0.7953795379537953,0.8087248322147651,0.8019966722129783,0.7863777089783281,0.8273615635179153,0.8063492063492064,0.7971014492753623,0.7534246575342466,0.7746478873239437,1.0,0.0363636363636363,0.0701754385964912,0.8646864686468647,0.8851351351351351,0.8747913188647747,0.821875,0.8375796178343949,0.8296529968454258,0.0,0.0,0.0,0.738255033557047,0.738255033557047,0.738255033557047
arch_base,0.0001,13,1,9958.0,2491.0,50.0,49.0,0.7118857955792433,0.7518239390484545,0.8324964852379996,0.8121236451224408,0.6487628545386736,0.6624515602625831,0.6550003270196317,0.8024776852896919,3.824552059173584,0.900990099009901,0.9222972972972971,0.9115191986644408,0.8598382749326146,0.9465875370919882,0.9011299435028248,0.8327272727272728,0.7684563758389261,0.7993019197207679,0.81875,0.8534201954397395,0.835725677830941,0.7080745341614907,0.7808219178082192,0.7426710097719871,0.0,0.0,0.0,0.8677966101694915,0.8648648648648649,0.8663282571912013,0.81875,0.8370607028753994,0.8278041074249604,0.0,0.0,0.0,0.6807017543859649,0.6510067114093959,0.6655231560891939
arch_base,0.0001,13,2,9960.0,2489.0,50.0,49.0,0.7158136952079244,0.7392030426170776,0.8218875502008032,0.8196062675773403,0.6552079036468104,0.6682302098495316,0.6609582383521909,0.8096053284095024,3.8319742679595943,0.9063545150501672,0.9155405405405406,0.9109243697478993,0.8523316062176166,0.9762611275964392,0.9100968188105116,0.8035087719298246,0.7684563758389261,0.7855917667238422,0.8089171974522293,0.8300653594771242,0.8193548387096774,0.8377358490566038,0.7602739726027398,0.7971274685816877,0.0,0.0,0.0,0.839344262295082,0.8648648648648649,0.8519134775374376,0.8042168674698795,0.853035143769968,0.8279069767441861,0.0,0.0,0.0,0.6996699669966997,0.7138047138047138,0.7066666666666667
arch_base,0.0001,13,3,9960.0,2489.0,50.0,49.0,0.671674030037667,0.6920071501230659,0.831425702811245,0.8248292486942547,0.659517004978772,0.6729314882439711,0.6656163970802889,0.8150101439754359,3.821477174758911,0.8729641693811075,0.9054054054054054,0.8888888888888888,0.8567639257294429,0.9584569732937686,0.9047619047619048,0.8375451263537906,0.7785234899328859,0.8069565217391304,0.8388157894736842,0.8333333333333334,0.8360655737704918,0.8120567375886525,0.7842465753424658,0.7979094076655052,0.0,0.0,0.0,0.8712871287128713,0.8918918918918919,0.8814691151919866,0.7741935483870968,0.8434504792332268,0.8073394495412842,0.0,0.0,0.0,0.7315436241610739,0.734006734006734,0.7327731092436977
arch_base,0.0001,13,4,9962.0,2487.0,50.0,49.0,0.6460420063738266,0.6820869895707002,0.8384862477414173,0.8359469240048251,0.7191387218988661,0.6849151153857193,0.681329032948065,0.8272517752576454,3.8973512649536137,0.9192982456140352,0.8851351351351351,0.901893287435456,0.8527131782945736,0.9792284866468842,0.9116022099447512,0.8045602605863192,0.8316498316498316,0.8178807947019867,0.8403908794788274,0.8431372549019608,0.8417618270799349,0.8116438356164384,0.8116438356164384,0.8116438356164383,0.5,0.037037037037037,0.0689655172413793,0.8754208754208754,0.8813559322033898,0.8783783783783785,0.8005952380952381,0.8594249201277955,0.8289676425269645,0.0,0.0,0.0,0.7867647058823529,0.7205387205387206,0.7521968365553603
arch_base,0.0001,21,0,9956.0,2493.0,50.0,49.0,0.6648226803763874,0.6890926418912787,0.8385897950984331,0.8178900922583233,0.6550261130119225,0.6672783756389449,0.6600753061028125,0.8078597274270628,3.842618227005005,0.8888888888888888,0.918918918918919,0.903654485049834,0.8156565656565656,0.9584569732937686,0.8813096862210095,0.8533834586466166,0.761744966442953,0.8049645390070921,0.8122977346278317,0.8175895765472313,0.8149350649350648,0.8044280442804428,0.7465753424657534,0.7744227353463587,0.0,0.0,0.0,0.8704318936877077,0.8851351351351351,0.8777219430485761,0.8192771084337349,0.8662420382165605,0.8421052631578947,0.0,0.0,0.0,0.6858974358974359,0.7181208053691275,0.7016393442622951
arch_base,0.0001,21,1,9958.0,2491.0,50.0,49.0,0.6681145707346292,0.7171323133036555,0.837517573810002,0.8350060216780409,0.767674715584967,0.6827483080959706,0.6774821831602322,0.8260671700691714,3.855302095413208,0.940766550522648,0.9121621621621622,0.9262435677530018,0.8814016172506739,0.9703264094955488,0.923728813559322,0.8291814946619217,0.7818791946308725,0.8048359240069085,0.7933130699088146,0.8501628664495114,0.8207547169811321,0.7849829351535836,0.7876712328767124,0.7863247863247864,1.0,0.0185185185185185,0.0363636363636363,0.881578947368421,0.9054054054054054,0.8933333333333332,0.834375,0.853035143769968,0.8436018957345972,0.0,0.0,0.0,0.7311475409836066,0.7483221476510067,0.7396351575456053
arch_base,0.0001,21,2,9960.0,2489.0,50.0,49.0,0.7050230694436422,0.7609214334418362,0.8302208835341366,0.8171956609079952,0.6531486331102528,0.6663316896426446,0.6588970693534091,0.8069736470026435,3.901921033859253,0.8717105263157895,0.8952702702702703,0.8833333333333333,0.8367346938775511,0.973293768545994,0.8998628257887517,0.8327402135231317,0.785234899328859,0.8082901554404144,0.7867867867867868,0.8562091503267973,0.8200312989045384,0.773972602739726,0.773972602739726,0.773972602739726,0.0,0.0,0.0,0.8689655172413793,0.8513513513513513,0.8600682593856656,0.8087774294670846,0.8242811501597445,0.8164556962025317,0.0,0.0,0.0,0.7517985611510791,0.7037037037037037,0.7269565217391305
arch_base,0.0001,21,3,9960.0,2489.0,50.0,49.0,0.6746322971530911,0.7038778425378602,0.8275100401606426,0.8300522298111691,0.7632364258783175,0.6788506729557188,0.672786086053064,0.8200559026918403,3.861764907836914,0.9006622516556292,0.918918918918919,0.9096989966555185,0.8488063660477454,0.9495548961424332,0.896358543417367,0.8698630136986302,0.8523489932885906,0.8610169491525423,0.7912772585669782,0.8300653594771242,0.8102073365231259,0.7532467532467533,0.7945205479452054,0.7733333333333333,1.0,0.0185185185185185,0.0363636363636363,0.8725490196078431,0.902027027027027,0.8870431893687707,0.8181818181818182,0.8626198083067093,0.8398133748055987,0.0,0.0,0.0,0.7777777777777778,0.6599326599326599,0.7140255009107468
arch_base,0.0001,21,4,9962.0,2487.0,50.0,49.0,0.6741432850812294,0.6855646383763416,0.8324633607709295,0.8363490148773622,0.667246048347985,0.682389144326789,0.6743551550170642,0.8258672672539842,3.875551223754883,0.8888888888888888,0.918918918918919,0.903654485049834,0.8844086021505376,0.9762611275964392,0.928067700987306,0.8286713286713286,0.797979797979798,0.8130360205831904,0.8044871794871795,0.8202614379084967,0.8122977346278317,0.8080808080808081,0.821917808219178,0.8149405772495755,0.0,0.0,0.0,0.883495145631068,0.9254237288135592,0.9039735099337748,0.8226299694189603,0.8594249201277955,0.8406250000000001,0.0,0.0,0.0,0.7517985611510791,0.7037037037037037,0.7269565217391305
arch_base,0.0001,99,0,9956.0,2493.0,50.0,49.0,0.6579342831738597,0.683362494711,0.8461229409401366,0.8423586040914561,0.6734803340074212,0.687672478563148,0.6801123504301461,0.8322012314371381,3.8662617206573486,0.9042904290429042,0.9256756756756755,0.9148580968280468,0.8642297650130548,0.9821958456973294,0.9194444444444444,0.8200692041522492,0.7953020134228188,0.8074957410562181,0.7987421383647799,0.8273615635179153,0.8128000000000001,0.8310344827586207,0.8253424657534246,0.8281786941580757,0.0,0.0,0.0,0.9149659863945578,0.9087837837837838,0.911864406779661,0.8240740740740741,0.8503184713375797,0.8369905956112853,0.0,0.0,0.0,0.7773972602739726,0.761744966442953,0.7694915254237287
arch_base,0.0001,99,1,9958.0,2491.0,50.0,49.0,0.7199404121590302,0.7793078656063348,0.8265716007230367,0.8177438779606584,0.7551210539402582,0.6684749351029844,0.6630486058945537,0.8083785732028428,3.8924970626831055,0.9397163120567376,0.8952702702702703,0.916955017301038,0.8567567567567568,0.940652818991098,0.8967468175388967,0.8178571428571428,0.7684563758389261,0.7923875432525952,0.76,0.8664495114006515,0.8097412480974124,0.7664473684210527,0.797945205479452,0.7818791946308724,1.0,0.0185185185185185,0.0363636363636363,0.8071895424836601,0.8344594594594594,0.8205980066445182,0.7976878612716763,0.8817891373801917,0.8376327769347496,0.0,0.0,0.0,0.8055555555555556,0.6812080536912751,0.7381818181818183
arch_base,0.0001,99,2,9960.0,2489.0,50.0,49.0,0.6554475279518889,0.6921881573385005,0.8384538152610441,0.8316593009240659,0.766469605235474,0.6829539013924874,0.6805440898362026,0.8233635730216223,3.8466200828552246,0.8918032786885246,0.918918918918919,0.9051580698835276,0.9052924791086352,0.9643916913946587,0.9339080459770114,0.8096885813148789,0.785234899328859,0.7972742759795571,0.8489932885906041,0.826797385620915,0.8377483443708609,0.8389830508474576,0.678082191780822,0.75,1.0,0.0555555555555555,0.1052631578947368,0.8307692307692308,0.9121621621621622,0.8695652173913043,0.8466453674121406,0.8466453674121406,0.8466453674121406,0.0,0.0,0.0,0.6925207756232687,0.8417508417508418,0.7598784194528877
arch_base,0.0001,99,3,9960.0,2489.0,50.0,49.0,0.6510658183070892,0.6803071509601115,0.8411646586345382,0.8260345520289273,0.6615289017986756,0.6739830413885709,0.6664294024587105,0.8156139452707375,3.817062139511109,0.865625,0.9358108108108107,0.8993506493506495,0.818639798488665,0.9643916913946587,0.885558583106267,0.8612099644128114,0.8120805369127517,0.835924006908463,0.8018575851393189,0.8464052287581699,0.823529411764706,0.7873754152823921,0.8116438356164384,0.7993254637436763,0.0,0.0,0.0,0.9154929577464788,0.8783783783783784,0.896551724137931,0.7907692307692308,0.8210862619808307,0.8056426332288402,0.0,0.0,0.0,0.77431906614786,0.67003367003367,0.7184115523465705
arch_base,0.0001,99,4,9962.0,2487.0,50.0,49.0,0.6411217253438436,0.6691950689645001,0.8391889178879743,0.8194611982308002,0.7541551000614769,0.6728944496205064,0.670792243201702,0.8111541517748724,3.8482649326324463,0.8729641693811075,0.9054054054054054,0.8888888888888888,0.8756756756756757,0.9614243323442137,0.9165487977369166,0.8206896551724138,0.8013468013468014,0.8109028960817718,0.806060606060606,0.869281045751634,0.8364779874213837,0.7896678966789668,0.7328767123287672,0.7602131438721137,1.0,0.0555555555555555,0.1052631578947368,0.8741496598639455,0.8711864406779661,0.8726655348047537,0.799373040752351,0.8146964856230032,0.8069620253164558,0.0,0.0,0.0,0.7029702970297029,0.7171717171717171,0.7099999999999999
arch_base,0.0005,42,0,9956.0,2493.0,50.0,49.0,0.2376370237584293,0.3183049131294226,0.9345118521494576,0.9105495387083836,0.804255158824354,0.7832180918405393,0.7904932566123464,0.9088028176131472,3.9322259426116943,0.9411764705882352,0.972972972972973,0.956810631229236,0.9426934097421203,0.9762611275964392,0.9591836734693878,0.8942307692307693,0.9362416107382552,0.9147540983606558,0.9103448275862068,0.8599348534201955,0.8844221105527639,0.8929765886287625,0.9143835616438356,0.9035532994923858,0.7428571428571429,0.4727272727272727,0.5777777777777778,0.9594594594594594,0.9594594594594594,0.9594594594594594,0.881619937694704,0.9012738853503184,0.8913385826771654,0.0,0.0,0.0,0.8771929824561403,0.8389261744966443,0.8576329331046312
arch_base,0.0005,42,1,9958.0,2491.0,50.0,49.0,0.2338555431701632,0.3307173331695226,0.9352279574211688,0.9128863910076276,0.8085078970500227,0.7868662984792267,0.7947142354552084,0.9115120075609588,3.839639902114868,0.9342105263157896,0.9594594594594594,0.9466666666666668,0.9455587392550144,0.9792284866468842,0.9620991253644317,0.8949152542372881,0.8859060402684564,0.8903878583473862,0.896774193548387,0.9055374592833876,0.9011345218800648,0.8918918918918919,0.9041095890410958,0.8979591836734694,0.7714285714285715,0.5,0.6067415730337079,0.9351535836177476,0.9256756756756755,0.9303904923599322,0.9182389937106918,0.9329073482428116,0.925515055467512,0.0,0.0,0.0,0.8969072164948454,0.8758389261744967,0.8862478777589134
arch_base,0.0005,42,2,9960.0,2489.0,50.0,49.0,0.2343442459977505,0.3009225094087424,0.9323293172690764,0.911611088790679,0.8134626890446528,0.7846635184675609,0.7940705649808668,0.9102335815499076,3.8292291164398193,0.9489795918367347,0.9425675675675677,0.9457627118644067,0.9701492537313432,0.9643916913946587,0.9672619047619048,0.924914675767918,0.9093959731543624,0.9170896785109984,0.90282131661442,0.9411764705882352,0.9216,0.8754098360655738,0.9143835616438356,0.8944723618090452,0.8387096774193549,0.4814814814814814,0.6117647058823529,0.9093851132686084,0.9493243243243245,0.9289256198347108,0.9075907590759076,0.8785942492012779,0.8928571428571428,0.0,0.0,0.0,0.8566666666666667,0.8653198653198653,0.8609715242881072
arch_base,0.0005,42,3,9960.0,2489.0,50.0,49.0,0.240446337484098,0.3169975868453059,0.935140562248996,0.9104057854560064,0.8224748935904632,0.7697115292630474,0.7801458730801911,0.907273417716197,3.82161283493042,0.9333333333333332,0.945945945945946,0.9395973154362416,0.9534883720930232,0.973293768545994,0.9632892804698971,0.89,0.8959731543624161,0.8929765886287626,0.8632218844984803,0.9281045751633988,0.8944881889763779,0.9119718309859156,0.886986301369863,0.8993055555555555,0.9444444444444444,0.3148148148148148,0.4722222222222222,0.9405940594059404,0.9628378378378378,0.9515859766277128,0.9407894736842104,0.9137380191693292,0.927066450567261,0.0,0.0,0.0,0.8469055374592834,0.8754208754208754,0.8609271523178809
arch_base,0.0005,42,4,9962.0,2487.0,50.0,49.0,0.2456283665930606,0.3022231451765186,0.9330455731780768,0.915158825894652,0.8206861556018128,0.7934650667631453,0.8031316746138335,0.9140954880801851,3.830457210540771,0.9452054794520548,0.9324324324324323,0.9387755102040816,0.9405099150141644,0.9851632047477744,0.96231884057971,0.9323843416370108,0.8821548821548821,0.9065743944636676,0.9090909090909092,0.915032679738562,0.9120521172638436,0.8745980707395499,0.9315068493150684,0.902155887230514,0.8823529411764706,0.5555555555555556,0.6818181818181819,0.939799331103679,0.952542372881356,0.9461279461279462,0.905844155844156,0.8913738019169329,0.8985507246376812,0.0,0.0,0.0,0.8770764119601329,0.8888888888888888,0.882943143812709
arch_base,0.0005,7,0,9956.0,2493.0,50.0,49.0,0.2312283280051694,0.2880392157665207,0.9367215749296908,0.9205776173285198,0.8137512833423421,0.7853125109377175,0.7938593607040085,0.9183606317926132,3.8236331939697266,0.9344262295081968,0.9628378378378378,0.9484193011647256,0.9398280802292264,0.973293768545994,0.956268221574344,0.9444444444444444,0.912751677852349,0.9283276450511946,0.903125,0.9413680781758956,0.9218500797448164,0.9140893470790378,0.910958904109589,0.9125214408233276,0.7586206896551724,0.4,0.5238095238095237,0.9461279461279462,0.9493243243243245,0.9477234401349072,0.9150943396226416,0.926751592356688,0.920886075949367,0.0,0.0,0.0,0.8817567567567568,0.8758389261744967,0.8787878787878787
arch_base,0.0005,7,1,9958.0,2491.0,50.0,49.0,0.2410451445080215,0.2788481327139007,0.9325165695922876,0.9269369731031716,0.8272268350195114,0.8001912953497505,0.8096521184695564,0.9256885088495436,3.811062812805176,0.959866220735786,0.9695945945945946,0.9647058823529412,0.9431818181818182,0.9851632047477744,0.9637155297532656,0.9163879598662208,0.9194630872483222,0.9179229480737018,0.8942307692307693,0.9087947882736156,0.9014539579967692,0.906040268456376,0.9246575342465754,0.9152542372881356,0.8484848484848485,0.5185185185185185,0.6436781609195402,0.9759450171821306,0.9594594594594594,0.9676320272572404,0.9288025889967636,0.9169329073482428,0.9228295819935692,0.0,0.0,0.0,0.8993288590604027,0.8993288590604027,0.8993288590604027
arch_base,0.0005,7,2,9960.0,2489.0,50.0,49.0,0.2283846814055885,0.3100534896097769,0.936144578313253,0.9148252310164724,0.8155382868424356,0.792947629215289,0.8013239486240794,0.913730663315954,3.828497886657715,0.9491525423728814,0.945945945945946,0.9475465313028764,0.9651162790697676,0.9851632047477744,0.97503671071953,0.9335664335664337,0.8959731543624161,0.9143835616438356,0.9025974025974026,0.9084967320261438,0.9055374592833876,0.8915254237288136,0.9006849315068494,0.8960817717206133,0.8333333333333334,0.5555555555555556,0.6666666666666667,0.9131832797427653,0.9594594594594594,0.9357495881383856,0.9009287925696594,0.9297124600638976,0.9150943396226416,0.0,0.0,0.0,0.865979381443299,0.8484848484848485,0.8571428571428571
arch_base,0.0005,7,3,9960.0,2489.0,50.0,49.0,0.2333502153419533,0.3157105168523344,0.9322289156626506,0.9112093210124548,0.8070703413640968,0.7843021716185503,0.7922532606825711,0.909946148913816,3.863640069961548,0.9320388349514565,0.972972972972973,0.9520661157024792,0.944927536231884,0.9673590504451038,0.9560117302052786,0.9026845637583892,0.9026845637583892,0.9026845637583892,0.8892405063291139,0.9183006535947712,0.9035369774919616,0.9047619047619048,0.910958904109589,0.907849829351536,0.7647058823529411,0.4814814814814814,0.5909090909090909,0.951219512195122,0.9222972972972971,0.9365351629502572,0.9391891891891893,0.8881789137380192,0.9129720853858784,0.0,0.0,0.0,0.8419354838709677,0.8787878787878788,0.8599670510708401
arch_base,0.0005,7,4,9962.0,2487.0,50.0,49.0,0.2263676203121908,0.3376857791723943,0.936358161011845,0.9119420989143546,0.8090529175245551,0.7847084596562908,0.7931518996263,0.910614905893797,3.8712832927703857,0.9276315789473684,0.9527027027027029,0.94,0.970414201183432,0.973293768545994,0.9718518518518516,0.9057239057239056,0.9057239057239056,0.9057239057239056,0.903846153846154,0.9215686274509804,0.9126213592233008,0.9047619047619048,0.910958904109589,0.907849829351536,0.7878787878787878,0.4814814814814814,0.5977011494252873,0.9387755102040816,0.9355932203389832,0.937181663837012,0.9076433121019108,0.9105431309904152,0.909090909090909,0.0,0.0,0.0,0.8438538205980066,0.8552188552188552,0.8494983277591974
arch_base,0.0005,13,0,9956.0,2493.0,50.0,49.0,0.2260882895134157,0.3270925484788728,0.9365206910405786,0.914560770156438,0.8163522666988305,0.7954490020461151,0.8034447495175462,0.913666127526687,3.9215087890625,0.9563758389261744,0.9628378378378378,0.9595959595959596,0.956140350877193,0.9703264094955488,0.9631811487481592,0.9039735099337748,0.9161073825503356,0.91,0.8765822784810127,0.9022801302931596,0.8892455858747993,0.8933333333333333,0.9178082191780822,0.9054054054054056,0.8421052631578947,0.5818181818181818,0.6881720430107526,0.94314381270903,0.9527027027027029,0.9478991596638656,0.9064516129032258,0.8949044585987261,0.9006410256410257,0.0,0.0,0.0,0.8854166666666666,0.8557046979865772,0.870307167235495
arch_base,0.0005,13,1,9958.0,2491.0,50.0,49.0,0.2332697977248455,0.3148586583927162,0.9340228961638884,0.9140907266158168,0.8168382211103674,0.7911973908875012,0.800330015176255,0.9128902139696632,3.8549680709838863,0.9536423841059604,0.972972972972973,0.9632107023411371,0.9396551724137931,0.9703264094955488,0.9547445255474452,0.9059233449477352,0.87248322147651,0.8888888888888888,0.906148867313916,0.9120521172638436,0.9090909090909092,0.8963210702341137,0.9178082191780822,0.9069373942470388,0.8529411764705882,0.5370370370370371,0.6590909090909091,0.9302325581395348,0.945945945945946,0.9380234505862648,0.9188311688311688,0.9041533546325878,0.9114331723027376,0.0,0.0,0.0,0.8646864686468647,0.8791946308724832,0.8718801996672213
arch_base,0.0005,13,2,9960.0,2489.0,50.0,49.0,0.2473593329658386,0.3032180924406726,0.9293172690763052,0.911611088790679,0.8127485687574035,0.7830151222312736,0.7925202597471668,0.9100605284424886,3.8695497512817383,0.9435215946843852,0.9594594594594594,0.9514237855946398,0.9616519174041298,0.9673590504451038,0.9644970414201184,0.8791946308724832,0.8791946308724832,0.8791946308724831,0.8849840255591054,0.9052287581699346,0.8949919224555736,0.889261744966443,0.9075342465753424,0.8983050847457626,0.8333333333333334,0.4629629629629629,0.5952380952380952,0.9183006535947712,0.9493243243243245,0.9335548172757474,0.940983606557377,0.9169329073482428,0.9288025889967638,0.0,0.0,0.0,0.8762541806020067,0.8821548821548821,0.8791946308724832
arch_base,0.0005,13,3,9960.0,2489.0,50.0,49.0,0.2331058075539887,0.3065390372253829,0.932429718875502,0.9144234632382484,0.8181130897062735,0.7867899771093798,0.7969178471429379,0.9129053662512608,3.8766672611236577,0.9302325581395348,0.945945945945946,0.9380234505862648,0.9504373177842566,0.9673590504451038,0.9588235294117649,0.9152542372881356,0.906040268456376,0.9106239460370994,0.9129032258064516,0.9248366013071896,0.918831168831169,0.8945578231292517,0.9006849315068494,0.8976109215017065,0.8666666666666667,0.4814814814814814,0.6190476190476191,0.946843853820598,0.9628378378378378,0.9547738693467336,0.9113924050632912,0.9201277955271564,0.9157392686804452,0.0,0.0,0.0,0.8528428093645485,0.8585858585858586,0.8557046979865771
arch_base,0.0005,13,4,9962.0,2487.0,50.0,49.0,0.2337792657548723,0.2969171184120269,0.9319413772334872,0.9187776437474868,0.8065943651381486,0.7993622460971406,0.8026077635666949,0.918264862028914,3.875704050064087,0.9587628865979382,0.9425675675675677,0.950596252129472,0.9428571428571428,0.9792284866468842,0.9606986899563318,0.915824915824916,0.915824915824916,0.915824915824916,0.9166666666666666,0.934640522875817,0.9255663430420712,0.9087719298245616,0.886986301369863,0.8977469670710572,0.6808510638297872,0.5925925925925926,0.6336633663366336,0.9421768707482994,0.9389830508474576,0.9405772495755518,0.9047619047619048,0.9105431309904152,0.9076433121019108,0.0,0.0,0.0,0.8952702702702703,0.8922558922558923,0.8937605396290051
arch_base,0.0005,21,0,9956.0,2493.0,50.0,49.0,0.2289097676595727,0.2770903404453736,0.9382282040980312,0.918973124749298,0.8235963514459737,0.7856209098912881,0.7961576074547476,0.9168690461344292,3.8458333015441895,0.9473684210526316,0.972972972972973,0.96,0.956140350877193,0.9703264094955488,0.9631811487481592,0.9220338983050848,0.912751677852349,0.9173693086003372,0.886435331230284,0.9153094462540716,0.9006410256410257,0.8921568627450981,0.934931506849315,0.9130434782608696,0.8846153846153846,0.4181818181818181,0.5679012345679012,0.9522184300341296,0.9425675675675677,0.9473684210526316,0.926751592356688,0.926751592356688,0.926751592356688,0.0,0.0,0.0,0.8682432432432432,0.8624161073825504,0.8653198653198654
arch_base,0.0005,21,1,9958.0,2491.0,50.0,49.0,0.2325475422087341,0.3206486769950584,0.9356296445069292,0.911682055399438,0.8104773069317419,0.7768632065504617,0.7862757305857637,0.909453884081295,3.824493885040283,0.9504950495049505,0.972972972972973,0.9616026711185308,0.9507246376811594,0.973293768545994,0.9618768328445748,0.8945578231292517,0.8825503355704698,0.8885135135135135,0.89171974522293,0.9120521172638436,0.9017713365539451,0.888135593220339,0.8972602739726028,0.8926746166950595,0.8076923076923077,0.3888888888888889,0.525,0.939799331103679,0.9493243243243245,0.9445378151260504,0.9385113268608414,0.926517571884984,0.932475884244373,0.0,0.0,0.0,0.8431372549019608,0.8657718120805369,0.8543046357615894
arch_base,0.0005,21,2,9960.0,2489.0,50.0,49.0,0.232253001667598,0.332957129631825,0.933433734939759,0.909200482121334,0.8165799635833434,0.7809995987767201,0.7917415236494076,0.9074863249763204,3.866650104522705,0.9250814332247556,0.9594594594594594,0.9419568822553896,0.9391304347826088,0.9614243323442137,0.9501466275659824,0.9105960264900662,0.9228187919463088,0.9166666666666666,0.881619937694704,0.9248366013071896,0.9027113237639554,0.8594771241830066,0.9006849315068494,0.8795986622073579,0.8928571428571429,0.4629629629629629,0.6097560975609756,0.9548611111111112,0.929054054054054,0.9417808219178084,0.919614147909968,0.9137380191693292,0.9166666666666666,0.0,0.0,0.0,0.8825622775800712,0.835016835016835,0.8581314878892733
arch_base,0.0005,21,3,9960.0,2489.0,50.0,49.0,0.234398325064379,0.3010227292646343,0.9340361445783132,0.9216552832462837,0.8109798152316987,0.7973934452949601,0.8029069512067439,0.920854551380242,3.828047037124634,0.9466666666666668,0.9594594594594594,0.953020134228188,0.9557522123893806,0.9614243323442137,0.9585798816568049,0.896774193548387,0.9328859060402684,0.9144736842105262,0.8974358974358975,0.915032679738562,0.906148867313916,0.9361702127659576,0.9041095890410958,0.9198606271777002,0.7073170731707317,0.5370370370370371,0.6105263157894738,0.9583333333333334,0.9324324324324323,0.9452054794520548,0.9130434782608696,0.939297124600639,0.925984251968504,0.0,0.0,0.0,0.8983050847457628,0.8922558922558923,0.8952702702702704
arch_base,0.0005,21,4,9962.0,2487.0,50.0,49.0,0.2423197783033561,0.2892149005534994,0.9312387070869304,0.9207880981101728,0.8150683707584088,0.7980013938775681,0.8047255747697044,0.9198428426134472,3.8250787258148193,0.9491525423728814,0.945945945945946,0.9475465313028764,0.9541547277936964,0.9881305637982196,0.9708454810495626,0.9131944444444444,0.8855218855218855,0.8991452991452991,0.8996763754045307,0.9084967320261438,0.9040650406504064,0.9152542372881356,0.9246575342465754,0.9199318568994888,0.7692307692307693,0.5555555555555556,0.6451612903225806,0.9401993355481728,0.9593220338983052,0.9496644295302014,0.9381107491856676,0.9201277955271564,0.9290322580645162,0.0,0.0,0.0,0.8717105263157895,0.8922558922558923,0.8818635607321131
arch_base,0.0005,99,0,9956.0,2493.0,50.0,49.0,0.2354572341886061,0.2866518936756894,0.9348131779831258,0.9229843561973526,0.819833574715419,0.8005811748111977,0.8080403466729102,0.922188025799436,3.842482089996338,0.9665551839464884,0.9763513513513512,0.9714285714285714,0.9512893982808024,0.9851632047477744,0.9679300291545188,0.9275862068965516,0.9026845637583892,0.9149659863945578,0.8947368421052632,0.9413680781758956,0.9174603174603174,0.9326241134751772,0.9006849315068494,0.9163763066202092,0.7948717948717948,0.5636363636363636,0.6595744680851063,0.9619377162629758,0.9391891891891893,0.9504273504273504,0.9225806451612903,0.910828025477707,0.9166666666666666,0.0,0.0,0.0,0.8461538461538461,0.8859060402684564,0.8655737704918033
arch_base,0.0005,99,1,9958.0,2491.0,50.0,49.0,0.240483251217318,0.335541076281868,0.933119100220928,0.911682055399438,0.8101381828562383,0.7862236551667656,0.7947140904805453,0.9106086647728544,3.829468011856079,0.969283276450512,0.9594594594594594,0.964346349745331,0.9553571428571428,0.9525222551928784,0.9539375928677564,0.8705501618122977,0.9026845637583892,0.886326194398682,0.8930817610062893,0.9250814332247556,0.9088,0.8866666666666667,0.910958904109589,0.8986486486486487,0.7941176470588235,0.5,0.6136363636363636,0.9444444444444444,0.918918918918919,0.9315068493150684,0.8944099378881988,0.9201277955271564,0.9070866141732284,0.0,0.0,0.0,0.8934707903780069,0.87248322147651,0.8828522920203735
arch_base,0.0005,99,2,9960.0,2489.0,50.0,49.0,0.222515653553668,0.3016137680206723,0.93714859437751,0.9156287665729208,0.8279494174843294,0.7908694822666712,0.8025284106555803,0.9143092955820886,3.822359085083008,0.9223300970873788,0.9628378378378378,0.9421487603305786,0.973293768545994,0.973293768545994,0.973293768545994,0.9059233449477352,0.87248322147651,0.8888888888888888,0.9111842105263158,0.9052287581699346,0.9081967213114752,0.9178082191780822,0.9178082191780822,0.9178082191780822,0.9655172413793104,0.5185185185185185,0.6746987951807228,0.9067524115755627,0.9527027027027029,0.929159802306425,0.9111111111111112,0.9169329073482428,0.9140127388535032,0.0,0.0,0.0,0.8655737704918033,0.8888888888888888,0.8770764119601329
arch_base,0.0005,99,3,9960.0,2489.0,50.0,49.0,0.2332522788273963,0.2831734810135344,0.9343373493975904,0.9192446765769384,0.817078402222104,0.8060956141494916,0.8107935502586818,0.9187432117819148,3.823501110076904,0.9281045751633988,0.9594594594594594,0.9435215946843852,0.9371428571428572,0.973293768545994,0.9548762736535662,0.9254237288135592,0.9161073825503356,0.920741989881956,0.9108910891089108,0.9019607843137256,0.9064039408866996,0.8896103896103896,0.9383561643835616,0.9133333333333332,0.8,0.6666666666666666,0.7272727272727272,0.9685314685314684,0.9358108108108107,0.9518900343642612,0.919093851132686,0.9073482428115016,0.9131832797427654,0.0,0.0,0.0,0.89198606271777,0.8619528619528619,0.8767123287671232
arch_base,0.0005,99,4,9962.0,2487.0,50.0,49.0,0.2271069610782346,0.3093921699353914,0.9368600682593856,0.9051065540812224,0.7950789430777154,0.7821858654280983,0.7873204771007427,0.904329346455105,3.9241280555725098,0.9457627118644067,0.9425675675675677,0.9441624365482232,0.9591836734693876,0.9762611275964392,0.9676470588235292,0.9054054054054054,0.9023569023569024,0.9038785834738616,0.8773584905660378,0.9117647058823528,0.8942307692307693,0.8708609271523179,0.9006849315068494,0.8855218855218855,0.6829268292682927,0.5185185185185185,0.5894736842105263,0.9256756756756755,0.928813559322034,0.9272419627749576,0.934931506849315,0.8722044728434505,0.9024793388429752,0.0,0.0,0.0,0.8486842105263158,0.8686868686868687,0.858569051580699
arch_base,0.001,42,0,9956.0,2493.0,50.0,49.0,0.152720044883979,0.2609074492792007,0.95731217356368,0.927797833935018,0.8214114866471348,0.821241791974118,0.8210858603621742,0.9275543592077936,3.9028480052948,0.9534883720930232,0.9695945945945946,0.9614740368509214,0.9593023255813954,0.9792284866468842,0.9691629955947136,0.8942307692307693,0.9362416107382552,0.9147540983606558,0.9405594405594404,0.8762214983713354,0.9072512647554808,0.9191919191919192,0.934931506849315,0.9269949066213922,0.7636363636363637,0.7636363636363637,0.7636363636363637,0.9695945945945946,0.9695945945945946,0.9695945945945946,0.9056603773584906,0.9171974522292994,0.9113924050632912,0.0,0.0,0.0,0.908450704225352,0.8657718120805369,0.8865979381443297
arch_base,0.001,42,1,9958.0,2491.0,50.0,49.0,0.1512395600217523,0.2726836583377683,0.9576220124522996,0.9309514251304696,0.8210270996751605,0.8153839059540869,0.8179313346559027,0.9305072998523348,3.858372926712036,0.9501661129568106,0.9662162162162162,0.9581239530988276,0.9566473988439308,0.9821958456973294,0.9692532942898976,0.9238754325259516,0.8959731543624161,0.909710391822828,0.9193548387096774,0.9283387622149836,0.9238249594813612,0.9241379310344828,0.9178082191780822,0.9209621993127148,0.7346938775510204,0.6666666666666666,0.6990291262135923,0.9389830508474576,0.9358108108108107,0.937394247038917,0.9320987654320988,0.9648562300319488,0.9481946624803768,0.0,0.0,0.0,0.9303135888501742,0.8959731543624161,0.9128205128205128
arch_base,0.001,42,2,9960.0,2489.0,50.0,49.0,0.148863002697351,0.2414879041276184,0.9617469879518072,0.9272800321414224,0.8355211192864003,0.8082593030422958,0.8182666637690611,0.9265198216958634,3.8656933307647705,0.956081081081081,0.956081081081081,0.956081081081081,0.9672619047619048,0.9643916913946587,0.9658246656760772,0.9429530201342282,0.9429530201342282,0.9429530201342282,0.915360501567398,0.954248366013072,0.9344,0.9054054054054054,0.9178082191780822,0.91156462585034,0.9428571428571428,0.6111111111111112,0.7415730337078652,0.9248366013071896,0.956081081081081,0.9401993355481728,0.9183006535947712,0.8977635782747604,0.9079159935379644,0.0,0.0,0.0,0.8821548821548821,0.8821548821548821,0.882154882154882
arch_base,0.001,42,3,9960.0,2489.0,50.0,49.0,0.1532683445428747,0.2598299893124853,0.9580321285140564,0.926878264363198,0.8290466918175994,0.7985451003159059,0.8086069750051047,0.9255161604658354,3.85074782371521,0.9471947194719472,0.9695945945945946,0.9582637729549248,0.9648093841642228,0.9762611275964392,0.9705014749262536,0.9057239057239056,0.9026845637583892,0.904201680672269,0.8865030674846626,0.9444444444444444,0.9145569620253164,0.9395017793594306,0.9041095890410958,0.9214659685863872,0.8709677419354839,0.5,0.6352941176470588,0.9501661129568106,0.9662162162162162,0.9581239530988276,0.9477124183006536,0.926517571884984,0.9369951534733442,0.0,0.0,0.0,0.8778877887788779,0.8956228956228957,0.8866666666666666
arch_base,0.001,42,4,9962.0,2487.0,50.0,49.0,0.1562410786330618,0.2409793312081849,0.9579401726560932,0.9308403699236028,0.826375734869654,0.8201132520193788,0.8229359155405411,0.9306602062339584,3.876527786254883,0.9688581314878892,0.945945945945946,0.9572649572649572,0.9651162790697676,0.9851632047477744,0.97503671071953,0.9434628975265018,0.898989898989899,0.9206896551724136,0.9163987138263664,0.931372549019608,0.9238249594813612,0.9072847682119204,0.9383561643835616,0.9225589225589224,0.7959183673469388,0.7222222222222222,0.7572815533980582,0.952542372881356,0.952542372881356,0.952542372881356,0.919093851132686,0.9073482428115016,0.9131832797427654,0.0,0.0,0.0,0.8950819672131147,0.9191919191919192,0.9069767441860466
arch_base,0.001,7,0,9956.0,2493.0,50.0,49.0,0.1491685884567734,0.2369422192050347,0.9584170349537968,0.9338146811071,0.8332597627304011,0.8155519184999876,0.822779337418576,0.933186844842842,3.9330313205718994,0.9565217391304348,0.9662162162162162,0.961344537815126,0.9591836734693876,0.9762611275964392,0.9676470588235292,0.9383561643835616,0.9194630872483222,0.9288135593220338,0.9203821656050956,0.9413680781758956,0.930756843800322,0.9270833333333334,0.9143835616438356,0.920689655172414,0.8536585365853658,0.6363636363636364,0.7291666666666666,0.9562289562289562,0.9594594594594594,0.957841483979764,0.9308176100628932,0.9426751592356688,0.9367088607594936,0.0,0.0,0.0,0.8903654485049833,0.8993288590604027,0.8948247078464108
arch_base,0.001,7,1,9958.0,2491.0,50.0,49.0,0.156174498214851,0.2170158563749268,0.9575215906808596,0.9377759935768768,0.8362929364908256,0.8258633837293798,0.830503716949267,0.9374540888669683,3.8524887561798096,0.9731543624161074,0.9797297297297296,0.9764309764309764,0.9540229885057472,0.9851632047477744,0.9693430656934308,0.925925925925926,0.9228187919463088,0.9243697478991596,0.9090909090909092,0.9120521172638436,0.9105691056910568,0.9102990033222592,0.9383561643835616,0.924114671163575,0.8478260869565217,0.7222222222222222,0.78,0.9828178694158076,0.9662162162162162,0.9744463373083476,0.939102564102564,0.9361022364217252,0.9376,0.0,0.0,0.0,0.9206896551724136,0.8959731543624161,0.9081632653061223
arch_base,0.001,7,2,9960.0,2489.0,50.0,49.0,0.1430204260752987,0.2557082299929192,0.9622489959839358,0.9321012454801124,0.8310448936716375,0.8194567882303705,0.824499964678405,0.9316441822872084,4.239716053009033,0.9657534246575342,0.9527027027027029,0.9591836734693876,0.9652173913043478,0.9881305637982196,0.9765395894428152,0.9379310344827586,0.912751677852349,0.9251700680272108,0.9304635761589404,0.9183006535947712,0.924342105263158,0.9178082191780822,0.9178082191780822,0.9178082191780822,0.8444444444444444,0.7037037037037037,0.7676767676767676,0.932258064516129,0.9763513513513512,0.9537953795379538,0.9158878504672896,0.939297124600639,0.9274447949526816,0.0,0.0,0.0,0.9006849315068494,0.8855218855218855,0.8930390492359933
arch_base,0.001,7,3,9960.0,2489.0,50.0,49.0,0.1478298019866188,0.2550978191191673,0.958132530120482,0.9321012454801124,0.8239776892049535,0.8183309265511198,0.820858602373258,0.931944159508128,3.9888627529144287,0.950657894736842,0.9763513513513512,0.9633333333333334,0.9674556213017752,0.9703264094955488,0.9688888888888888,0.9233333333333332,0.929530201342282,0.9264214046822744,0.919093851132686,0.9281045751633988,0.9235772357723576,0.9377162629757786,0.928082191780822,0.9328743545611016,0.7551020408163265,0.6851851851851852,0.7184466019417475,0.9619377162629758,0.9391891891891893,0.9504273504273504,0.9466666666666668,0.9073482428115016,0.9265905383360524,0.0,0.0,0.0,0.8778135048231511,0.9191919191919192,0.8980263157894737
arch_base,0.001,7,4,9962.0,2487.0,50.0,49.0,0.1461027781268583,0.2836891728736658,0.9610519975908453,0.9268194611982308,0.8250078363987644,0.8152428240013766,0.819600598426154,0.9265045848318582,4.055830717086792,0.943894389438944,0.9662162162162162,0.9549248747913188,0.973293768545994,0.973293768545994,0.973293768545994,0.9003322259136213,0.9124579124579124,0.9063545150501672,0.9223300970873788,0.931372549019608,0.9268292682926828,0.9152542372881356,0.9246575342465754,0.9199318568994888,0.8260869565217391,0.7037037037037037,0.76,0.9517241379310344,0.9355932203389832,0.9435897435897436,0.926751592356688,0.9297124600638976,0.9282296650717704,0.0,0.0,0.0,0.8904109589041096,0.8754208754208754,0.8828522920203735
arch_base,0.001,13,0,9956.0,2493.0,50.0,49.0,0.1476073969954321,0.2694896053942139,0.960928083567698,0.9286000802246288,0.8250435781726939,0.8204281182646997,0.8224930892186757,0.9283282823540878,3.826570034027099,0.9533333333333334,0.9662162162162162,0.9597315436241612,0.9676470588235294,0.9762611275964392,0.9719350073855244,0.9230769230769232,0.9261744966442952,0.9246231155778896,0.9,0.9087947882736156,0.9043760129659644,0.9055374592833876,0.952054794520548,0.9282136894824708,0.803921568627451,0.7454545454545455,0.7735849056603775,0.9691780821917808,0.956081081081081,0.9625850340136052,0.919614147909968,0.910828025477707,0.9152,0.0,0.0,0.0,0.9081272084805654,0.8624161073825504,0.8846815834767643
arch_base,0.001,13,1,9958.0,2491.0,50.0,49.0,0.1517877680862218,0.2637412507034667,0.9575215906808596,0.9269369731031716,0.8254515230812423,0.8094372957742824,0.8160385190852466,0.926410815659119,3.864416122436523,0.9601328903654484,0.9763513513513512,0.9681742043551088,0.9703264094955488,0.9703264094955488,0.9703264094955488,0.9096989966555185,0.912751677852349,0.9112227805695144,0.9177631578947368,0.9087947882736156,0.9132569558101474,0.9275862068965516,0.9212328767123288,0.9243986254295532,0.8292682926829268,0.6296296296296297,0.7157894736842105,0.9393939393939394,0.9425675675675677,0.9409780775716696,0.9233226837060704,0.9233226837060704,0.9233226837060704,0.0,0.0,0.0,0.8770226537216829,0.9093959731543624,0.8929159802306424
arch_base,0.001,13,2,9960.0,2489.0,50.0,49.0,0.1550964092526604,0.2394608365958913,0.9551204819277108,0.9316994777018884,0.8332495973869015,0.816320427480526,0.823280334291234,0.9311952553051464,3.8547122478485103,0.9471947194719472,0.9695945945945946,0.9582637729549248,0.9762611275964392,0.9762611275964392,0.9762611275964392,0.8970099667774086,0.906040268456376,0.9015025041736228,0.9302325581395348,0.915032679738562,0.9225700164744643,0.918918918918919,0.9315068493150684,0.9251700680272108,0.8780487804878049,0.6666666666666666,0.7578947368421053,0.931372549019608,0.9628378378378378,0.946843853820598,0.948051948051948,0.9329073482428116,0.9404186795491144,0.0,0.0,0.0,0.9054054054054054,0.9023569023569024,0.9038785834738616
arch_base,0.001,13,3,9960.0,2489.0,50.0,49.0,0.1498964085702128,0.2504516400782678,0.9577309236947792,0.9296906388107674,0.8290083871849674,0.81002489811254,0.8176045689419758,0.9290169458017186,3.907435894012451,0.94,0.9527027027027029,0.9463087248322148,0.9589442815249268,0.9703264094955488,0.9646017699115044,0.9322033898305084,0.9228187919463088,0.927487352445194,0.9413680781758956,0.9444444444444444,0.9429037520391516,0.9081632653061223,0.9143835616438356,0.9112627986348124,0.8461538461538461,0.6111111111111112,0.7096774193548387,0.9563758389261744,0.9628378378378378,0.9595959595959596,0.9331210191082804,0.9361022364217252,0.934609250398724,0.0,0.0,0.0,0.8737541528239202,0.8855218855218855,0.8795986622073578
arch_base,0.001,13,4,9962.0,2487.0,50.0,49.0,0.1508053886519739,0.248921237861032,0.958542461353142,0.9344591877764374,0.8239933285311137,0.8213851531671523,0.8225865826878639,0.934239640820206,3.8907392024993896,0.9559322033898304,0.9527027027027029,0.9543147208121828,0.9514285714285714,0.9881305637982196,0.9694323144104804,0.9351535836177476,0.9225589225589226,0.928813559322034,0.9381107491856676,0.9411764705882352,0.9396411092985316,0.9395017793594306,0.9041095890410958,0.9214659685863872,0.7307692307692307,0.7037037037037037,0.7169811320754716,0.9463087248322148,0.9559322033898304,0.951096121416526,0.923809523809524,0.9297124600638976,0.9267515923566878,0.0,0.0,0.0,0.918918918918919,0.915824915824916,0.9173693086003372
arch_base,0.001,21,0,9956.0,2493.0,50.0,49.0,0.1485285082706375,0.2175990645102497,0.9603254319003616,0.9358202968311272,0.837942651765133,0.8143579263278896,0.8232232127470505,0.934945623902591,3.826162815093994,0.9573770491803278,0.9864864864864864,0.9717138103161398,0.9705014749262536,0.9762611275964392,0.9733727810650888,0.9351535836177476,0.9194630872483222,0.9272419627749576,0.9134615384615384,0.9283387622149836,0.9208400646203556,0.9108910891089108,0.9452054794520548,0.9277310924369748,0.8918918918918919,0.6,0.7173913043478262,0.9559322033898304,0.9527027027027029,0.9543147208121828,0.9428571428571428,0.945859872611465,0.9443561208267092,0.0,0.0,0.0,0.9013605442176872,0.889261744966443,0.8952702702702704
arch_base,0.001,21,1,9958.0,2491.0,50.0,49.0,0.1472603940483684,0.2634116095206172,0.9608355091383812,0.9313528703331996,0.8326338609600198,0.8036679382289968,0.8135323059890804,0.9300212098183112,3.847223997116089,0.944078947368421,0.9695945945945946,0.9566666666666668,0.9651162790697676,0.9851632047477744,0.97503671071953,0.9078498293515358,0.8926174496644296,0.9001692047377328,0.9131832797427653,0.9250814332247556,0.9190938511326862,0.9243986254295532,0.9212328767123288,0.9228130360205832,0.875,0.5185185185185185,0.6511627906976744,0.946843853820598,0.9628378378378378,0.9547738693467336,0.9580645161290322,0.9488817891373802,0.9534510433386836,0.0,0.0,0.0,0.8918032786885246,0.912751677852349,0.902155887230514
arch_base,0.001,21,2,9960.0,2489.0,50.0,49.0,0.1460523854134506,0.2708017785171627,0.9602409638554216,0.928887103254319,0.829417216828946,0.8217351190031218,0.8251149988724883,0.928610218923075,3.9138476848602295,0.9411764705882352,0.972972972972973,0.956810631229236,0.955621301775148,0.9584569732937686,0.957037037037037,0.9292929292929292,0.9261744966442952,0.9277310924369748,0.9206349206349206,0.9477124183006536,0.933977455716586,0.8786885245901639,0.9178082191780822,0.897822445561139,0.8541666666666666,0.7592592592592593,0.8039215686274509,0.9593220338983052,0.956081081081081,0.957698815566836,0.940983606557377,0.9169329073482428,0.9288025889967638,0.0,0.0,0.0,0.9142857142857144,0.8619528619528619,0.8873483535528596
arch_base,0.001,21,3,9960.0,2489.0,50.0,49.0,0.1524601984969843,0.2490691431953655,0.9575301204819278,0.935315387705906,0.8288826982409028,0.8193082412485964,0.8235084710680229,0.93499058965497,3.863834142684937,0.96,0.972972972972973,0.9664429530201344,0.9644970414201184,0.9673590504451038,0.965925925925926,0.9009584664536742,0.9463087248322148,0.923076923076923,0.921311475409836,0.9183006535947712,0.9198036006546644,0.946808510638298,0.9143835616438356,0.930313588850174,0.782608695652174,0.6666666666666666,0.72,0.9686411149825784,0.9391891891891893,0.95368782161235,0.93125,0.952076677316294,0.9415481832543444,0.0,0.0,0.0,0.912751677852349,0.915824915824916,0.9142857142857144
arch_base,0.001,21,4,9962.0,2487.0,50.0,49.0,0.1585760522688604,0.2330410867496466,0.956334069463963,0.9328508242862888,0.8209252190914859,0.809592013239245,0.814361084642764,0.9321538247010708,3.860642194747925,0.9533333333333334,0.9662162162162162,0.9597315436241612,0.9708454810495628,0.9881305637982196,0.9794117647058824,0.9347079037800688,0.915824915824916,0.9251700680272108,0.915032679738562,0.915032679738562,0.915032679738562,0.9222972972972971,0.934931506849315,0.9285714285714286,0.7209302325581395,0.5740740740740741,0.6391752577319588,0.95,0.9661016949152542,0.957983193277311,0.9539473684210528,0.926517571884984,0.9400324149108592,0.0,0.0,0.0,0.8881578947368421,0.9090909090909092,0.8985024958402662
arch_base,0.001,99,0,9956.0,2493.0,50.0,49.0,0.1489374778170269,0.2344227306485619,0.9594214543993572,0.9390292819895708,0.8387664711842163,0.8242875744719014,0.8304425479213025,0.9385824759168776,3.8853776454925537,0.9700996677740864,0.9864864864864864,0.9782244556113904,0.9541547277936964,0.9881305637982196,0.9708454810495626,0.9543859649122808,0.912751677852349,0.9331046312178388,0.917981072555205,0.9478827361563518,0.9326923076923076,0.940766550522648,0.9246575342465754,0.932642487046632,0.8636363636363636,0.6909090909090909,0.7676767676767676,0.9625850340136054,0.956081081081081,0.9593220338983052,0.935897435897436,0.929936305732484,0.9329073482428116,0.0,0.0,0.0,0.8881578947368421,0.906040268456376,0.8970099667774086
arch_base,0.001,99,1,9958.0,2491.0,50.0,49.0,0.1542694338969282,0.2821241309663973,0.9570194818236594,0.9313528703331996,0.8281935376345249,0.8146069445711192,0.8203436942501042,0.930976329494311,3.815135955810547,0.9696969696969696,0.972972972972973,0.9713322091062394,0.9671641791044776,0.9614243323442137,0.9642857142857142,0.883495145631068,0.9161073825503356,0.8995057660626029,0.9228295819935692,0.9348534201954396,0.9288025889967638,0.9130434782608696,0.934931506849315,0.9238578680203046,0.813953488372093,0.6481481481481481,0.7216494845360826,0.9618055555555556,0.9358108108108107,0.9486301369863014,0.9161490683229814,0.9424920127795527,0.9291338582677168,0.0,0.0,0.0,0.9337979094076656,0.8993288590604027,0.9162393162393162
arch_base,0.001,99,2,9960.0,2489.0,50.0,49.0,0.1465813252122755,0.2485412648123113,0.9592369477911646,0.9345118521494576,0.8439299172527533,0.8156151902351526,0.8260183763007778,0.9338096673137812,3.830450773239136,0.9407894736842104,0.9662162162162162,0.9533333333333333,0.982089552238806,0.9762611275964392,0.9791666666666664,0.93006993006993,0.8926174496644296,0.910958904109589,0.9315960912052116,0.934640522875817,0.933115823817292,0.9419795221843004,0.9452054794520548,0.9435897435897436,0.9714285714285714,0.6296296296296297,0.7640449438202247,0.9315960912052116,0.9662162162162162,0.9485903814262024,0.915360501567398,0.9329073482428116,0.9240506329113924,0.0,0.0,0.0,0.8943894389438944,0.9124579124579124,0.9033333333333332
arch_base,0.001,99,3,9960.0,2489.0,50.0,49.0,0.1506678162438658,0.2222495964778667,0.9600401606425704,0.939734833266372,0.8394284878855082,0.836678444874677,0.8378603516598819,0.939583715725532,3.8332810401916504,0.9534883720930232,0.9695945945945946,0.9614740368509214,0.9648093841642228,0.9762611275964392,0.9705014749262536,0.9271523178807948,0.9395973154362416,0.9333333333333332,0.9389830508474576,0.9052287581699346,0.9217970049916804,0.9087947882736156,0.9554794520547946,0.9315525876460768,0.8653846153846154,0.8333333333333334,0.8490566037735849,0.9758620689655172,0.956081081081081,0.9658703071672354,0.9337539432176656,0.9456869009584664,0.9396825396825396,0.0,0.0,0.0,0.926056338028169,0.8855218855218855,0.9053356282271944
arch_base,0.001,99,4,9962.0,2487.0,50.0,49.0,0.1430727371980659,0.2539401149843218,0.961553904838386,0.9215922798552472,0.8074642080633645,0.8063913037538792,0.80683948377361,0.921575973922984,3.8553853034973145,0.9463087248322148,0.9527027027027029,0.9494949494949496,0.973529411764706,0.9821958456973294,0.9778434268833088,0.9322033898305084,0.925925925925926,0.9290540540540542,0.8881789137380192,0.9084967320261438,0.8982229402261712,0.8903654485049833,0.9178082191780822,0.9038785834738616,0.660377358490566,0.6481481481481481,0.6542056074766356,0.9484536082474226,0.9355932203389832,0.9419795221843004,0.9433333333333334,0.9041533546325878,0.9233278955954324,0.0,0.0,0.0,0.8918918918918919,0.8888888888888888,0.8903878583473861
arch_base,0.005,42,0,9956.0,2493.0,50.0,40.0,0.0240824161443511,0.2218048735761472,0.9970871836078746,0.949859606899318,0.8425795872630377,0.8468288219574693,0.8443053114303896,0.94987328345303,3.855097770690918,0.9695945945945946,0.9695945945945946,0.9695945945945946,0.9822485207100592,0.9851632047477744,0.9837037037037036,0.9171974522292994,0.9664429530201344,0.9411764705882352,0.9719298245614036,0.9022801302931596,0.9358108108108107,0.9245901639344264,0.9657534246575342,0.944723618090452,0.7966101694915254,0.8545454545454545,0.8245614035087718,0.9761904761904762,0.9695945945945946,0.9728813559322034,0.940251572327044,0.9522292993630572,0.9462025316455696,0.0,0.0,0.0,0.9471830985915493,0.9026845637583892,0.9243986254295532
arch_base,0.005,42,1,9958.0,2491.0,50.0,35.0,0.0236207420482459,0.2361562879909233,0.9970877686282386,0.9498193496587716,0.8459257500459424,0.8432390151190304,0.8445053703406517,0.9497023123938746,3.8233020305633545,0.956810631229236,0.972972972972973,0.9648241206030151,0.9793510324483776,0.9851632047477744,0.9822485207100592,0.9455782312925172,0.9328859060402684,0.9391891891891893,0.9508196721311476,0.9446254071661238,0.9477124183006536,0.9381443298969072,0.934931506849315,0.9365351629502574,0.8461538461538461,0.8148148148148148,0.830188679245283,0.9693877551020408,0.9628378378378378,0.9661016949152542,0.9380804953560372,0.9680511182108626,0.9528301886792452,0.0,0.0,0.0,0.934931506849315,0.9161073825503356,0.9254237288135592
arch_base,0.005,42,2,9960.0,2489.0,50.0,40.0,0.0227717951735183,0.1991367144594164,0.9971887550200804,0.946163117717959,0.8460840583503006,0.8328791137090248,0.8386188947358526,0.9458300257212005,3.818694829940796,0.9728813559322034,0.9695945945945946,0.9712351945854484,0.9821958456973294,0.9821958456973294,0.9821958456973294,0.9433333333333334,0.9496644295302014,0.9464882943143812,0.945337620578778,0.9607843137254902,0.9529983792544572,0.9331103678929766,0.9554794520547946,0.9441624365482236,0.8863636363636364,0.7222222222222222,0.7959183673469388,0.953020134228188,0.9594594594594594,0.956228956228956,0.9228295819935692,0.9169329073482428,0.9198717948717948,0.0,0.0,0.0,0.9217687074829932,0.9124579124579124,0.9170896785109984
arch_base,0.005,42,3,9960.0,2489.0,50.0,43.0,0.0230760112266837,0.2120888822231662,0.9976907630522088,0.9465648854961832,0.8483007410339418,0.8315058684662999,0.8385046650946142,0.946161689003054,3.8500120639801025,0.9570957095709572,0.9797297297297296,0.968280467445743,0.973529411764706,0.9821958456973294,0.9778434268833088,0.9270833333333334,0.8959731543624161,0.9112627986348124,0.9015384615384616,0.9575163398692812,0.9286846275752774,0.9649122807017544,0.9417808219178082,0.953206239168111,0.9047619047619048,0.7037037037037037,0.7916666666666667,0.9695945945945946,0.9695945945945946,0.9695945945945946,0.9614147909967846,0.9552715654952076,0.9583333333333334,0.0,0.0,0.0,0.9230769230769232,0.9292929292929292,0.9261744966442952
arch_base,0.005,42,4,9962.0,2487.0,50.0,44.0,0.023647714861017,0.1872638149060787,0.996888175065248,0.9505428226779252,0.8442538431028584,0.8440197049722314,0.8440374286238985,0.9505655324598412,3.819087028503418,0.979381443298969,0.9628378378378378,0.9710391822827938,0.9822485207100592,0.9851632047477744,0.9837037037037036,0.951219512195122,0.9191919191919192,0.9349315068493153,0.9235668789808916,0.9477124183006536,0.935483870967742,0.9362416107382552,0.9554794520547946,0.9457627118644067,0.8148148148148148,0.8148148148148148,0.8148148148148148,0.9690721649484536,0.9559322033898304,0.962457337883959,0.9543973941368078,0.9361022364217252,0.9451612903225806,0.0,0.0,0.0,0.9315960912052116,0.9629629629629628,0.9470198675496688
arch_base,0.005,7,0,9956.0,2493.0,50.0,36.0,0.0230400889259941,0.2023915583458722,0.9973885094415428,0.9458483754512635,0.8371608136263406,0.8359164137995195,0.8365004549319502,0.945772929759194,3.820297956466675,0.9661016949152542,0.9628378378378378,0.964467005076142,0.9705014749262536,0.9762611275964392,0.9733727810650888,0.9393939393939394,0.9362416107382552,0.9378151260504204,0.9387096774193548,0.9478827361563518,0.9432739059967584,0.9254237288135592,0.934931506849315,0.93015332197615,0.7777777777777778,0.7636363636363637,0.7706422018348624,0.9628378378378378,0.9628378378378378,0.9628378378378378,0.949685534591195,0.961783439490446,0.9556962025316456,0.0,0.0,0.0,0.9411764705882352,0.912751677852349,0.9267461669505962
arch_base,0.005,7,1,9958.0,2491.0,50.0,41.0,0.0240332464428075,0.1709313395334161,0.9971881903996788,0.9522280208751506,0.8556494775318123,0.8485481407966411,0.8518472280841636,0.9521470186313667,3.800066947937012,0.9731543624161074,0.9797297297297296,0.9764309764309764,0.973529411764706,0.9821958456973294,0.9778434268833088,0.9273927392739274,0.9429530201342282,0.935108153078203,0.9498327759197324,0.9250814332247556,0.9372937293729372,0.9331103678929766,0.9554794520547946,0.9441624365482236,0.9387755102040816,0.8518518518518519,0.8932038834951458,0.976271186440678,0.972972972972973,0.9746192893401016,0.9517684887459807,0.9456869009584664,0.9487179487179488,0.0,0.0,0.0,0.9326599326599326,0.929530201342282,0.93109243697479
arch_base,0.005,7,2,9960.0,2489.0,50.0,33.0,0.021411682109881,0.2241472217173076,0.9974899598393574,0.94817195660908,0.8442101941960996,0.8328313883865569,0.837815931400163,0.9477591132459297,3.801381826400757,0.972972972972973,0.972972972972973,0.972972972972973,0.9793510324483776,0.9851632047477744,0.9822485207100592,0.9591836734693876,0.9463087248322148,0.9527027027027024,0.9381107491856676,0.9411764705882352,0.9396411092985316,0.9251700680272108,0.9315068493150684,0.9283276450511946,0.8444444444444444,0.7037037037037037,0.7676767676767676,0.9573770491803278,0.9864864864864864,0.9717138103161398,0.9314641744548288,0.9552715654952076,0.943217665615142,0.0,0.0,0.0,0.9340277777777778,0.9057239057239056,0.9196581196581196
arch_base,0.005,7,3,9960.0,2489.0,50.0,32.0,0.0221902545688654,0.2166042970426971,0.9977911646586344,0.9489754921655283,0.8405614530908523,0.8383034840842074,0.8392920750464172,0.9489084516653368,3.796476364135742,0.9446254071661238,0.9797297297297296,0.9618573797678276,0.9821958456973294,0.9821958456973294,0.9821958456973294,0.9306930693069309,0.9463087248322148,0.9384359400998336,0.9534883720930232,0.937908496732026,0.945634266886326,0.9587628865979382,0.9554794520547946,0.9571183533447684,0.7884615384615384,0.7592592592592593,0.7735849056603773,0.9657534246575342,0.9527027027027029,0.9591836734693876,0.9633333333333334,0.9233226837060704,0.9429037520391518,0.0,0.0,0.0,0.9183006535947712,0.9461279461279462,0.9320066334991708
arch_base,0.005,7,4,9962.0,2487.0,50.0,28.0,0.0233362942470503,0.2514428073033748,0.9972897008632804,0.9469240048250904,0.840072175033099,0.8410497816681868,0.84045927290541,0.9470615058906252,3.8128199577331543,0.956810631229236,0.972972972972973,0.9648241206030151,0.9879154078549848,0.9703264094955488,0.9790419161676646,0.9081967213114754,0.9326599326599326,0.9202657807308968,0.9383116883116884,0.9444444444444444,0.9413680781758956,0.96113074204947,0.9315068493150684,0.9460869565217392,0.8,0.8148148148148148,0.8073394495412846,0.9686411149825784,0.9423728813559322,0.9553264604810996,0.9614147909967846,0.9552715654952076,0.9583333333333334,0.0,0.0,0.0,0.9183006535947712,0.9461279461279462,0.9320066334991708
arch_base,0.005,13,0,9956.0,2493.0,50.0,32.0,0.0227253028439325,0.2422301932709501,0.9966854158296504,0.9434416365824309,0.837020080851121,0.8417253568965197,0.8391825740249661,0.943516453869624,3.813760995864868,0.9501661129568106,0.9662162162162162,0.9581239530988276,0.9790419161676648,0.9703264094955488,0.9746646795827124,0.9245901639344264,0.9463087248322148,0.9353233830845772,0.9177631578947368,0.9087947882736156,0.9132569558101474,0.9304635761589404,0.9623287671232876,0.9461279461279462,0.7966101694915254,0.8545454545454545,0.8245614035087718,0.9794520547945206,0.9662162162162162,0.9727891156462584,0.9543973941368078,0.9331210191082804,0.9436392914653784,0.0,0.0,0.0,0.9377162629757786,0.9093959731543624,0.9233390119250426
arch_base,0.005,13,1,9958.0,2491.0,50.0,31.0,0.0244196864683266,0.2392597693331119,0.9966860815424784,0.9425933360096348,0.837703964407184,0.8329760320012293,0.8352006900406824,0.9424965554841264,3.79721999168396,0.9666666666666668,0.9797297297297296,0.9731543624161074,0.981981981981982,0.9703264094955488,0.9761194029850746,0.9261744966442952,0.9261744966442952,0.9261744966442952,0.9405940594059404,0.9283387622149836,0.9344262295081968,0.9351535836177476,0.9383561643835616,0.9367521367521366,0.82,0.7592592592592593,0.7884615384615384,0.952542372881356,0.9493243243243245,0.9509306260575296,0.946031746031746,0.952076677316294,0.9490445859872612,0.0,0.0,0.0,0.9078947368421052,0.9261744966442952,0.9169435215946844
arch_base,0.005,13,2,9960.0,2489.0,50.0,48.0,0.0244028847263486,0.1853037624344062,0.9964859437751004,0.950582563278425,0.845446967109081,0.8454953854649565,0.8454324454177602,0.9505575872876748,3.801726102828979,0.9695945945945946,0.9695945945945946,0.9695945945945946,0.9851190476190476,0.9821958456973294,0.9836552748885588,0.9326599326599326,0.929530201342282,0.93109243697479,0.9531772575250836,0.931372549019608,0.9421487603305784,0.93,0.9554794520547946,0.9425675675675677,0.8333333333333334,0.8333333333333334,0.8333333333333334,0.9595959595959596,0.9628378378378378,0.9612141652613828,0.9558359621451104,0.9680511182108626,0.961904761904762,0.0,0.0,0.0,0.9351535836177476,0.9225589225589226,0.928813559322034
arch_base,0.005,13,3,9960.0,2489.0,50.0,37.0,0.0238076798586705,0.2120937283589553,0.9969879518072288,0.946163117717959,0.8409943532713259,0.8372755675541983,0.8390441997894381,0.9460935262154472,3.801935911178589,0.972508591065292,0.956081081081081,0.9642248722316864,0.9821428571428572,0.9792284866468842,0.9806835066864784,0.9488054607508531,0.9328859060402684,0.9407783417935702,0.948220064724919,0.9575163398692812,0.9528455284552846,0.9152542372881356,0.9246575342465754,0.9199318568994888,0.8235294117647058,0.7777777777777778,0.7999999999999999,0.9666666666666668,0.9797297297297296,0.9731543624161074,0.9367088607594936,0.9456869009584664,0.9411764705882352,0.0,0.0,0.0,0.9161073825503356,0.9191919191919192,0.9176470588235296
arch_base,0.005,13,4,9962.0,2487.0,50.0,27.0,0.022173434519186,0.2271270584993621,0.9977916081108212,0.9525532770406112,0.8454867479062858,0.844004277383777,0.8447112313509404,0.9524633260064004,3.8105061054229736,0.9659863945578232,0.9594594594594594,0.9627118644067796,0.9710982658959536,0.9970326409495548,0.9838945827232796,0.9593220338983052,0.9528619528619529,0.956081081081081,0.9536423841059604,0.9411764705882352,0.9473684210526316,0.9550173010380624,0.9452054794520548,0.9500860585197934,0.8113207547169812,0.7962962962962963,0.8037383177570094,0.9629629629629628,0.9694915254237289,0.966216216216216,0.9394904458598726,0.9424920127795527,0.9409888357256778,0.0,0.0,0.0,0.936026936026936,0.936026936026936,0.936026936026936
arch_base,0.005,21,0,9956.0,2493.0,50.0,47.0,0.0234727640448447,0.1678506805735858,0.9972880674969868,0.9538708383473726,0.8583495284717179,0.8441801490385382,0.8503645180207258,0.9537144629854843,3.9554460048675537,0.973421926910299,0.9898648648648648,0.9815745393634842,0.9791666666666666,0.9762611275964392,0.9777117384843982,0.9461279461279462,0.9429530201342282,0.9445378151260504,0.9509803921568628,0.9478827361563518,0.9494290375203914,0.9266666666666666,0.952054794520548,0.939189189189189,0.9555555555555556,0.7818181818181819,0.86,0.9726962457337884,0.9628378378378378,0.967741935483871,0.9616613418530352,0.9585987261146496,0.9601275917065392,0.0,0.0,0.0,0.9172185430463576,0.929530201342282,0.9233333333333336
arch_base,0.005,21,1,9958.0,2491.0,50.0,37.0,0.0236275326008066,0.2261293048465553,0.9974894557139988,0.9506222400642312,0.8468405099932383,0.8378857747462927,0.8419539094654148,0.9503633126452644,4.301321029663086,0.943894389438944,0.9662162162162162,0.9549248747913188,0.976470588235294,0.9851632047477744,0.980797636632201,0.9419795221843004,0.9261744966442952,0.934010152284264,0.9387096774193548,0.9478827361563518,0.9432739059967584,0.9550173010380624,0.9452054794520548,0.9500860585197934,0.851063829787234,0.7407407407407407,0.7920792079207921,0.9662162162162162,0.9662162162162162,0.9662162162162162,0.9585987261146496,0.9616613418530352,0.9601275917065392,0.0,0.0,0.0,0.9364548494983278,0.9395973154362416,0.9380234505862648
arch_base,0.005,21,2,9960.0,2489.0,50.0,31.0,0.0224965379638899,0.2278211137730859,0.9975903614457832,0.9429489754921656,0.8384876002463285,0.8408535385697681,0.8395986496149289,0.9429708179087986,3.9870800971984863,0.9533333333333334,0.9662162162162162,0.9597315436241612,0.961764705882353,0.9703264094955488,0.96602658788774,0.9292929292929292,0.9261744966442952,0.9277310924369748,0.9478827361563518,0.9509803921568628,0.9494290375203914,0.9163879598662208,0.9383561643835616,0.9272419627749576,0.8214285714285714,0.8518518518518519,0.8363636363636364,0.962457337883959,0.9527027027027029,0.9575551782682512,0.9543973941368078,0.9361022364217252,0.9451612903225806,0.0,0.0,0.0,0.9379310344827586,0.915824915824916,0.9267461669505964
arch_base,0.005,21,3,9960.0,2489.0,50.0,34.0,0.0236316741001841,0.2160519410325633,0.9976907630522088,0.9529931699477702,0.8502875378440636,0.8476451194175987,0.8489002084518396,0.952969745772964,3.8882341384887695,0.9797297297297296,0.9797297297297296,0.9797297297297298,0.9761904761904762,0.973293768545994,0.974739970282318,0.9315960912052116,0.959731543624161,0.9454545454545455,0.9501661129568106,0.934640522875817,0.942339373970346,0.9515570934256056,0.9417808219178082,0.9466437177280552,0.8653846153846154,0.8333333333333334,0.8490566037735849,0.9658703071672357,0.956081081081081,0.9609507640067912,0.9523809523809524,0.9584664536741214,0.9554140127388536,0.0,0.0,0.0,0.93,0.9393939393939394,0.9346733668341708
arch_base,0.005,21,4,9962.0,2487.0,50.0,39.0,0.0263317685496692,0.1871805960108056,0.9963862678177072,0.9513470044229996,0.8411860730555896,0.8400862208388231,0.8405870102260462,0.9512613062652858,4.158463954925537,0.97,0.983108108108108,0.976510067114094,0.9822485207100592,0.9851632047477744,0.9837037037037036,0.9486301369863014,0.9326599326599326,0.9405772495755518,0.9315960912052116,0.934640522875817,0.933115823817292,0.9333333333333332,0.958904109589041,0.9459459459459458,0.7735849056603774,0.7592592592592593,0.7663551401869159,0.9661016949152542,0.9661016949152542,0.9661016949152542,0.9615384615384616,0.9584664536741214,0.96,0.0,0.0,0.0,0.9448275862068966,0.9225589225589226,0.9335604770017036
arch_base,0.005,99,0,9956.0,2493.0,50.0,42.0,0.0233547872271577,0.2047752350924035,0.9970871836078746,0.9530685920577616,0.8515162946385069,0.844880374040811,0.8479464684578156,0.9529527430386132,4.064752101898193,0.9764309764309764,0.9797297297297296,0.9780775716694772,0.982089552238806,0.9762611275964392,0.9791666666666664,0.9625850340136054,0.9496644295302014,0.956081081081081,0.927899686520376,0.9641693811074918,0.9456869009584664,0.9471830985915493,0.9212328767123288,0.9340277777777776,0.88,0.8,0.8380952380952381,0.9664429530201344,0.972972972972973,0.9696969696969696,0.9525316455696202,0.9585987261146496,0.9555555555555556,0.0,0.0,0.0,0.92,0.9261744966442952,0.9230769230769232
arch_base,0.005,99,1,9958.0,2491.0,50.0,36.0,0.0261838494279549,0.2482193035124133,0.9964852379995984,0.949016459253312,0.8456649907924026,0.8354492845277459,0.8399544942307712,0.9488744072744564,4.036749839782715,0.9831649831649832,0.9864864864864864,0.984822934232715,0.9818181818181818,0.9614243323442137,0.9715142428785608,0.8980891719745223,0.9463087248322148,0.9215686274509804,0.9383116883116884,0.9413680781758956,0.9398373983739836,0.9391891891891893,0.952054794520548,0.9455782312925172,0.8478260869565217,0.7222222222222222,0.78,0.9794520547945206,0.9662162162162162,0.9727891156462584,0.9369085173501576,0.9488817891373802,0.9428571428571428,0.0,0.0,0.0,0.9518900343642612,0.929530201342282,0.9405772495755518
arch_base,0.005,99,2,9960.0,2489.0,50.0,42.0,0.0234787116054164,0.2039511766300345,0.997289156626506,0.9493772599437524,0.8525205048084847,0.8354674130775696,0.8425592576441725,0.9490051491406798,3.7720329761505127,0.9632107023411371,0.972972972972973,0.9680672268907564,0.9880597014925372,0.9821958456973294,0.9851190476190476,0.954225352112676,0.9093959731543624,0.9312714776632304,0.9503311258278144,0.937908496732026,0.9440789473684212,0.9461279461279462,0.9623287671232876,0.9541595925297114,0.9285714285714286,0.7222222222222222,0.8125000000000001,0.9383116883116884,0.9763513513513512,0.956953642384106,0.9171779141104296,0.9552715654952076,0.9358372456964006,0.0,0.0,0.0,0.9391891891891893,0.936026936026936,0.9376053962900506
arch_base,0.005,99,3,9960.0,2489.0,50.0,40.0,0.0230519075148143,0.1743500660375277,0.9974899598393574,0.9554037766171152,0.855791761086562,0.8556656844552604,0.8556637775721987,0.9553909401187606,3.7696666717529297,0.972972972972973,0.972972972972973,0.972972972972973,0.9792899408284024,0.9821958456973294,0.9807407407407408,0.9523809523809524,0.9395973154362416,0.945945945945946,0.9297124600638976,0.9509803921568628,0.9402261712439418,0.9403973509933776,0.9726027397260274,0.9562289562289562,0.9074074074074074,0.9074074074074074,0.9074074074074074,0.9759450171821306,0.9594594594594594,0.9676320272572404,0.954983922829582,0.9488817891373802,0.9519230769230768,0.0,0.0,0.0,0.9448275862068966,0.9225589225589226,0.9335604770017036
arch_base,0.005,99,4,9962.0,2487.0,50.0,46.0,0.0217806137062243,0.2068059276464669,0.9974904637622968,0.9425010052271814,0.8329149747157972,0.8373689369820353,0.8349782709689337,0.9426113435226068,3.772988796234131,0.96,0.972972972972973,0.9664429530201344,0.9822485207100592,0.9851632047477744,0.9837037037037036,0.933993399339934,0.9528619528619529,0.9433333333333334,0.9304635761589404,0.9183006535947712,0.924342105263158,0.9161073825503356,0.934931506849315,0.9254237288135592,0.7586206896551724,0.8148148148148148,0.7857142857142857,0.9553264604810996,0.9423728813559322,0.9488054607508534,0.9635761589403974,0.9297124600638976,0.9463414634146342,0.0,0.0,0.0,0.928813559322034,0.9225589225589226,0.9256756756756755
arch_base,0.01,42,0,9956.0,2493.0,50.0,14.0,0.0065086422616751,0.2375471907251946,1.0,0.9530685920577616,0.8441334913177483,0.849483664550975,0.8463498672394454,0.9530676969337624,3.789083957672119,0.9663299663299664,0.9695945945945946,0.9679595278246208,0.9822485207100592,0.9851632047477744,0.9837037037037036,0.9233226837060704,0.9697986577181208,0.9459901800327332,0.9750889679715302,0.8925081433224755,0.9319727891156462,0.933993399339934,0.9691780821917808,0.9512605042016806,0.7833333333333333,0.8545454545454545,0.817391304347826,0.976271186440678,0.972972972972973,0.9746192893401016,0.9528301886792452,0.964968152866242,0.9588607594936708,0.0,0.0,0.0,0.9479166666666666,0.9161073825503356,0.931740614334471
arch_base,0.01,42,1,9958.0,2491.0,50.0,18.0,0.0062420160246973,0.2540729921294831,1.0,0.9498193496587716,0.8447739277150589,0.843268911054806,0.8439704760462285,0.9497472736413411,3.76649808883667,0.9632107023411371,0.972972972972973,0.9680672268907564,0.976470588235294,0.9851632047477744,0.980797636632201,0.9425675675675677,0.9362416107382552,0.9393939393939394,0.9477124183006536,0.9446254071661238,0.9461663947797716,0.944636678200692,0.934931506849315,0.9397590361445782,0.8301886792452831,0.8148148148148148,0.8224299065420562,0.969283276450512,0.9594594594594594,0.964346349745331,0.9318885448916407,0.9616613418530352,0.9465408805031446,0.0,0.0,0.0,0.9417808219178082,0.9228187919463088,0.9322033898305084
arch_base,0.01,42,2,9960.0,2489.0,50.0,18.0,0.0061671054642629,0.2118791548976021,0.9998995983935745,0.9453595821615106,0.8437922986912696,0.8321988101177622,0.8373083095075209,0.9450566259938932,3.7680840492248535,0.9761904761904762,0.9695945945945946,0.9728813559322034,0.9792899408284024,0.9821958456973294,0.9807407407407408,0.9464882943143812,0.9496644295302014,0.948073701842546,0.9483870967741936,0.9607843137254902,0.9545454545454546,0.9235880398671096,0.952054794520548,0.9376053962900506,0.8666666666666667,0.7222222222222222,0.7878787878787877,0.9528619528619529,0.956081081081081,0.9544688026981448,0.9258064516129032,0.9169329073482428,0.9213483146067416,0.0,0.0,0.0,0.91864406779661,0.9124579124579124,0.9155405405405403
arch_base,0.01,42,3,9960.0,2489.0,50.0,25.0,0.0062864126212268,0.2313409428384724,0.9998995983935745,0.9509843310566491,0.8521947593174832,0.836667494712161,0.8431838398095918,0.9505993564384596,3.7711920738220215,0.9572368421052632,0.983108108108108,0.97,0.976401179941003,0.9821958456973294,0.9792899408284024,0.946808510638298,0.8959731543624161,0.9206896551724136,0.9051987767584098,0.9673202614379084,0.9352290679304898,0.9616724738675958,0.9452054794520548,0.9533678756476685,0.9069767441860463,0.7222222222222222,0.8041237113402061,0.9728813559322034,0.9695945945945946,0.9712351945854484,0.9616613418530352,0.9616613418530352,0.9616613418530352,0.0,0.0,0.0,0.9331103678929766,0.9393939393939394,0.9362416107382552
arch_base,0.01,42,4,9962.0,2487.0,50.0,21.0,0.0062601638816103,0.1970322468521917,1.0,0.9553679131483716,0.8500992378443666,0.8510638978448695,0.8505077811046082,0.9554235394586912,3.779409885406494,0.979381443298969,0.9628378378378378,0.9710391822827938,0.9821958456973294,0.9821958456973294,0.9821958456973294,0.9616724738675958,0.9292929292929292,0.9452054794520548,0.926517571884984,0.9477124183006536,0.9369951534733442,0.94314381270903,0.9657534246575342,0.9543147208121828,0.8363636363636363,0.8518518518518519,0.8440366972477065,0.972508591065292,0.9593220338983052,0.9658703071672357,0.946031746031746,0.952076677316294,0.9490445859872612,0.0,0.0,0.0,0.9531772575250836,0.9595959595959596,0.9563758389261744
arch_base,0.01,7,0,9956.0,2493.0,50.0,16.0,0.0062997831770782,0.2173574043942129,0.999899558055444,0.950661853188929,0.8450574322125725,0.8413036047992011,0.8430781450175854,0.9504904919834446,3.7873857021331783,0.9696969696969696,0.972972972972973,0.9713322091062394,0.9707602339181286,0.9851632047477744,0.9779086892488954,0.9429530201342282,0.9429530201342282,0.9429530201342282,0.9478827361563518,0.9478827361563518,0.9478827361563518,0.931740614334471,0.934931506849315,0.9333333333333332,0.8269230769230769,0.7818181818181819,0.8037383177570092,0.9663299663299664,0.9695945945945946,0.9679595278246208,0.9498432601880876,0.964968152866242,0.957345971563981,0.0,0.0,0.0,0.9444444444444444,0.912751677852349,0.9283276450511946
arch_base,0.01,7,1,9958.0,2491.0,50.0,20.0,0.0063404679034158,0.1768769957329683,1.0,0.955841027699719,0.8620488007431328,0.8530320430424053,0.8571869131592811,0.9557826024196812,3.773041248321533,0.9731543624161074,0.9797297297297296,0.9764309764309764,0.9706744868035192,0.9821958456973294,0.9764011799410032,0.9335548172757476,0.9429530201342282,0.9382303839732888,0.9566666666666668,0.9348534201954396,0.9456342668863262,0.9364548494983278,0.958904109589041,0.9475465313028764,0.9791666666666666,0.8703703703703703,0.9215686274509804,0.9796610169491524,0.9763513513513512,0.9780033840947546,0.9551282051282052,0.952076677316294,0.9536,0.0,0.0,0.0,0.936026936026936,0.9328859060402684,0.934453781512605
arch_base,0.01,7,2,9960.0,2489.0,50.0,18.0,0.0059868111941098,0.2410633886674197,1.0,0.9493772599437524,0.8440914375366917,0.8353686296037468,0.8392730269502554,0.9490329543104704,3.784656047821045,0.9730639730639732,0.9763513513513512,0.9747048903878583,0.9765395894428152,0.9881305637982196,0.9823008849557522,0.9590443686006824,0.9429530201342282,0.9509306260575296,0.943894389438944,0.934640522875817,0.9392446633825944,0.9194630872483222,0.9383561643835616,0.9288135593220338,0.8297872340425532,0.7222222222222222,0.7722772277227723,0.9638157894736842,0.9898648648648648,0.9766666666666668,0.93125,0.952076677316294,0.9415481832543444,0.0,0.0,0.0,0.944055944055944,0.9090909090909092,0.9262435677530017
arch_base,0.01,7,3,9960.0,2489.0,50.0,15.0,0.0061235246047822,0.2343257310717798,1.0,0.9493772599437524,0.8417310389377283,0.8371059512206311,0.8392157835086698,0.9492423089719436,3.771713733673096,0.9477124183006536,0.9797297297297296,0.9634551495016612,0.9821958456973294,0.9821958456973294,0.9821958456973294,0.9304635761589404,0.9429530201342282,0.9366666666666668,0.9473684210526316,0.9411764705882352,0.9442622950819672,0.958904109589041,0.958904109589041,0.958904109589041,0.8,0.7407407407407407,0.7692307692307692,0.9691780821917808,0.956081081081081,0.9625850340136052,0.9634551495016612,0.926517571884984,0.9446254071661238,0.0,0.0,0.0,0.918032786885246,0.9427609427609428,0.930232558139535
arch_base,0.01,7,4,9962.0,2487.0,50.0,14.0,0.0065060375249265,0.2662051756878192,0.9997992371009836,0.9477281865701648,0.841402086994249,0.8447596564384826,0.8429436152313412,0.9478914300816518,3.781213998794556,0.9630872483221476,0.9695945945945946,0.9663299663299664,0.9849397590361446,0.9703264094955488,0.9775784753363228,0.9117647058823528,0.9393939393939394,0.9253731343283584,0.9385113268608414,0.9477124183006536,0.9430894308943087,0.96113074204947,0.9315068493150684,0.9460869565217392,0.8070175438596491,0.8518518518518519,0.8288288288288288,0.9652777777777778,0.9423728813559322,0.9536878216123498,0.9581993569131833,0.952076677316294,0.9551282051282052,0.0,0.0,0.0,0.924092409240924,0.9427609427609428,0.9333333333333332
arch_base,0.01,13,0,9956.0,2493.0,50.0,15.0,0.0062585864555047,0.2592960995591428,0.999899558055444,0.9458483754512635,0.8400876992599684,0.8437867769317309,0.8417969272339698,0.9458966075271772,3.7742669582366943,0.9534883720930232,0.9695945945945946,0.9614740368509214,0.9760479041916168,0.9673590504451038,0.9716840536512668,0.9218241042345277,0.9496644295302014,0.9355371900826446,0.93,0.9087947882736156,0.9192751235584844,0.94,0.9657534246575342,0.9527027027027024,0.8103448275862069,0.8545454545454545,0.831858407079646,0.9794520547945206,0.9662162162162162,0.9727891156462584,0.9575163398692812,0.9331210191082804,0.9451612903225808,0.0,0.0,0.0,0.9322033898305084,0.9228187919463088,0.927487352445194
arch_base,0.01,13,1,9958.0,2491.0,50.0,15.0,0.0066865031377329,0.2590027182693089,0.99989957822856,0.9446005620232838,0.8436257874007065,0.8346168014351582,0.8387066452582564,0.9444271587398004,3.770198106765747,0.9602649006622516,0.9797297297297296,0.9698996655518396,0.981981981981982,0.9703264094955488,0.9761194029850746,0.9423728813559322,0.9328859060402684,0.9376053962900506,0.9444444444444444,0.9413680781758956,0.9429037520391516,0.928813559322034,0.9383561643835616,0.9335604770017036,0.8723404255319149,0.7592592592592593,0.8118811881188118,0.9527027027027029,0.9527027027027029,0.9527027027027029,0.9430379746835444,0.952076677316294,0.9475357710651828,0.0,0.0,0.0,0.9102990033222592,0.9194630872483222,0.9148580968280468
arch_base,0.01,13,2,9960.0,2489.0,50.0,27.0,0.0068770998994588,0.1894075853643697,1.0,0.9533949377259944,0.8503457114296508,0.8477971293212507,0.8489871080981904,0.9533034596298058,3.764018058776855,0.9695945945945946,0.9695945945945946,0.9695945945945946,0.988095238095238,0.9851632047477744,0.986627043090639,0.9383561643835616,0.9194630872483222,0.9288135593220338,0.9503311258278144,0.937908496732026,0.9440789473684212,0.933774834437086,0.9657534246575342,0.9494949494949496,0.8653846153846154,0.8333333333333334,0.8490566037735849,0.9629629629629628,0.9662162162162162,0.9645868465430018,0.9529780564263324,0.9712460063897764,0.9620253164556962,0.0,0.0,0.0,0.9419795221843004,0.9292929292929292,0.9355932203389832
arch_base,0.01,13,3,9960.0,2489.0,50.0,17.0,0.006323083931292,0.2258575684939451,0.9998995983935745,0.9473684210526316,0.8413321079951016,0.8352244405450635,0.838064782679778,0.9472399350205588,3.7784640789031982,0.972508591065292,0.956081081081081,0.9642248722316864,0.9850746268656716,0.9792284866468842,0.982142857142857,0.9522184300341296,0.9362416107382552,0.9441624365482232,0.948220064724919,0.9575163398692812,0.9528455284552846,0.91864406779661,0.928082191780822,0.9233390119250424,0.8163265306122449,0.7407407407407407,0.7766990291262137,0.9665551839464884,0.9763513513513512,0.9714285714285714,0.9371069182389936,0.952076677316294,0.9445324881141044,0.0,0.0,0.0,0.9166666666666666,0.925925925925926,0.9212730318257956
arch_base,0.01,13,4,9962.0,2487.0,50.0,13.0,0.0061236399026344,0.2471051077989068,1.0,0.956172094893446,0.8491580857904235,0.850007483471232,0.8495393166965128,0.9561563924971896,3.784689903259278,0.969283276450512,0.9594594594594594,0.964346349745331,0.9767441860465116,0.9970326409495548,0.986784140969163,0.9628378378378378,0.9595959595959596,0.9612141652613828,0.9536423841059604,0.9411764705882352,0.9473684210526316,0.9649122807017544,0.9417808219178082,0.953206239168111,0.8181818181818182,0.8333333333333334,0.8256880733944955,0.9629629629629628,0.9694915254237289,0.966216216216216,0.94006309148265,0.952076677316294,0.946031746031746,0.0,0.0,0.0,0.9429530201342282,0.9461279461279462,0.9445378151260504
arch_base,0.01,21,0,9956.0,2493.0,50.0,20.0,0.0063607909931862,0.1743595975757926,1.0,0.9558764540714,0.8600505216343797,0.8473136760329198,0.8529369044212378,0.9557764230253905,3.799098253250122,0.966996699669967,0.9898648648648648,0.9782971619365608,0.9850299401197604,0.9762611275964392,0.9806259314456036,0.9464882943143812,0.9496644295302014,0.948073701842546,0.9573770491803278,0.9511400651465798,0.9542483660130718,0.9235880398671096,0.952054794520548,0.9376053962900506,0.9565217391304348,0.8,0.8712871287128713,0.979381443298969,0.9628378378378378,0.9710391822827938,0.9648562300319488,0.961783439490446,0.963317384370016,0.0,0.0,0.0,0.920265780730897,0.929530201342282,0.9248747913188649
arch_base,0.01,21,1,9958.0,2491.0,50.0,19.0,0.0063014580384484,0.2430930189377804,1.0,0.9530309112806102,0.8473813610821914,0.8398876506492556,0.8433402349367626,0.9527938768460996,3.8232927322387695,0.9504950495049505,0.972972972972973,0.9616026711185308,0.976470588235294,0.9851632047477744,0.980797636632201,0.9427609427609428,0.9395973154362416,0.9411764705882352,0.941747572815534,0.9478827361563518,0.9448051948051948,0.9517241379310344,0.9452054794520548,0.9484536082474228,0.8333333333333334,0.7407407407407407,0.7843137254901961,0.9727891156462584,0.9662162162162162,0.9694915254237289,0.9587301587301588,0.9648562300319488,0.961783439490446,0.0,0.0,0.0,0.9457627118644067,0.9362416107382552,0.9409780775716696
arch_base,0.01,21,2,9960.0,2489.0,50.0,16.0,0.0062023156327436,0.2419234863618042,0.9998995983935745,0.9465648854961832,0.8422856367407121,0.8422943873470098,0.842227679589563,0.9465681137573216,3.7767930030822754,0.9471947194719472,0.9695945945945946,0.9582637729549248,0.9761904761904762,0.973293768545994,0.974739970282318,0.9355932203389832,0.9261744966442952,0.9308600337268128,0.9478827361563518,0.9509803921568628,0.9494290375203914,0.9172185430463576,0.9486301369863014,0.9326599326599326,0.8333333333333334,0.8333333333333334,0.8333333333333334,0.9623287671232876,0.9493243243243245,0.95578231292517,0.9548387096774194,0.9456869009584664,0.9502407704654894,0.0,0.0,0.0,0.9482758620689656,0.925925925925926,0.9369676320272572
arch_base,0.01,21,3,9960.0,2489.0,50.0,17.0,0.0063718948591625,0.2291502794864428,0.9998995983935745,0.9554037766171152,0.8526761208444539,0.8526926244348859,0.8526677436567749,0.9554282711253216,3.772980213165283,0.9796610169491524,0.9763513513513512,0.9780033840947546,0.9791044776119404,0.973293768545994,0.9761904761904762,0.9407894736842104,0.959731543624161,0.9501661129568106,0.9471947194719472,0.937908496732026,0.942528735632184,0.9484536082474226,0.9452054794520548,0.9468267581475128,0.8703703703703703,0.8703703703703703,0.8703703703703703,0.9693877551020408,0.9628378378378378,0.9661016949152542,0.9584664536741214,0.9584664536741214,0.9584664536741214,0.0,0.0,0.0,0.9333333333333332,0.9427609427609428,0.9380234505862648
arch_base,0.01,21,4,9962.0,2487.0,50.0,16.0,0.0067572880973692,0.2009836360277231,1.0,0.95416164053076,0.8446228265320614,0.8423798701593336,0.8434558635912724,0.95405912468252,3.801486015319824,0.9732441471571908,0.983108108108108,0.9781512605042018,0.9823008849557522,0.9881305637982196,0.985207100591716,0.9455782312925172,0.936026936026936,0.9407783417935704,0.9411764705882352,0.9411764705882352,0.9411764705882352,0.9393939393939394,0.9554794520547946,0.9473684210526316,0.7884615384615384,0.7592592592592593,0.7735849056603773,0.9662162162162162,0.9694915254237289,0.9678510998307952,0.970873786407767,0.9584664536741214,0.964630225080386,0.0,0.0,0.0,0.9389830508474576,0.9326599326599326,0.9358108108108107
arch_base,0.01,99,0,9956.0,2493.0,50.0,21.0,0.0063484970318483,0.2170273686422521,1.0,0.9562775772162052,0.8559249087432862,0.8489649518459238,0.8521485929687443,0.9561416478318094,3.778836965560913,0.976510067114094,0.983108108108108,0.9797979797979798,0.9792284866468842,0.9792284866468842,0.9792284866468842,0.9627118644067796,0.953020134228188,0.9578414839797638,0.9283489096573208,0.970684039087948,0.9490445859872612,0.956989247311828,0.9143835616438356,0.935201401050788,0.9,0.8181818181818182,0.8571428571428572,0.9764309764309764,0.9797297297297296,0.9780775716694772,0.9556962025316456,0.961783439490446,0.9587301587301588,0.0,0.0,0.0,0.9233333333333332,0.929530201342282,0.9264214046822744
arch_base,0.01,99,1,9958.0,2491.0,50.0,18.0,0.0068935478359844,0.2666975558320363,0.99989957822856,0.9482135688478522,0.8466742612197178,0.8346508610766763,0.8398888996119593,0.9480349154215446,3.764415979385376,0.9864406779661016,0.983108108108108,0.9847715736040608,0.9790419161676648,0.9703264094955488,0.9746646795827124,0.9009584664536742,0.9463087248322148,0.923076923076923,0.935064935064935,0.9381107491856676,0.9365853658536586,0.9423728813559322,0.952054794520548,0.9471890971039182,0.8666666666666667,0.7222222222222222,0.7878787878787877,0.976027397260274,0.9628378378378378,0.9693877551020408,0.9254658385093169,0.952076677316294,0.9385826771653544,0.0,0.0,0.0,0.9547038327526132,0.9194630872483222,0.9367521367521368
arch_base,0.01,99,2,9960.0,2489.0,50.0,19.0,0.0064501301221402,0.2183048287270762,1.0,0.950582563278425,0.8516670666697834,0.8364767112360797,0.8429063331232293,0.9502227635004136,3.7597270011901855,0.9630872483221476,0.9695945945945946,0.9663299663299664,0.9851190476190476,0.9821958456973294,0.9836552748885588,0.9479166666666666,0.9161073825503356,0.931740614334471,0.9563758389261744,0.931372549019608,0.9437086092715232,0.95578231292517,0.9623287671232876,0.9590443686006824,0.9069767441860463,0.7222222222222222,0.8041237113402061,0.9413680781758956,0.9763513513513512,0.9585406301824212,0.9202453987730062,0.9584664536741214,0.9389671361502347,0.0,0.0,0.0,0.939799331103679,0.9461279461279462,0.9429530201342282
arch_base,0.01,99,3,9960.0,2489.0,50.0,19.0,0.0062855820604366,0.1846448879380565,1.0,0.956609079951788,0.8568815298802074,0.8582046580848726,0.857469686070151,0.9566147200891444,3.76501202583313,0.9698996655518396,0.9797297297297296,0.9747899159663864,0.9792899408284024,0.9821958456973294,0.9807407407407408,0.945945945945946,0.9395973154362416,0.9427609427609428,0.941747572815534,0.9509803921568628,0.946341463414634,0.933993399339934,0.9691780821917808,0.9512605042016806,0.9090909090909092,0.925925925925926,0.9174311926605504,0.9826989619377162,0.9594594594594594,0.9709401709401708,0.9641693811074918,0.9456869009584664,0.9548387096774194,0.0,0.0,0.0,0.9419795221843004,0.9292929292929292,0.9355932203389832
arch_base,0.01,99,4,9962.0,2487.0,50.0,24.0,0.0058958447004434,0.2153916438458371,1.0,0.9445114595898672,0.8389320817816387,0.8389972337600167,0.8389144748217839,0.9444957254738088,3.765436172485352,0.956810631229236,0.972972972972973,0.9648241206030151,0.9823008849557522,0.9881305637982196,0.985207100591716,0.9368770764119602,0.9494949494949496,0.94314381270903,0.930921052631579,0.9248366013071896,0.9278688524590164,0.9222972972972971,0.934931506849315,0.9285714285714286,0.8148148148148148,0.8148148148148148,0.8148148148148148,0.958904109589041,0.9491525423728814,0.9540034071550256,0.9635761589403974,0.9297124600638976,0.9463414634146342,0.0,0.0,0.0,0.9228187919463088,0.925925925925926,0.9243697478991596
arch_wider,0.0001,42,0,9956.0,2493.0,50.0,49.0,0.6144633507564625,0.6630849854517612,0.8436118923262355,0.833533894905736,0.733170702776011,0.6834615455819527,0.6792422956971854,0.8243369289694232,6.241273880004883,0.8878205128205128,0.9358108108108107,0.9111842105263156,0.8534031413612565,0.9673590504451038,0.9068150208623088,0.8181818181818182,0.8758389261744967,0.8460291734197731,0.825503355704698,0.8013029315960912,0.8132231404958679,0.823076923076923,0.7328767123287672,0.7753623188405798,0.6666666666666666,0.0363636363636363,0.0689655172413793,0.8926174496644296,0.8986486486486487,0.8956228956228955,0.8306709265175719,0.8280254777070064,0.8293460925039874,0.0,0.0,0.0,0.7337662337662337,0.7583892617449665,0.7458745874587459
arch_wider,0.0001,42,1,9958.0,2491.0,50.0,49.0,0.5882819581713878,0.6300133981455112,0.8575015063265716,0.8518667201926937,0.6812865878032124,0.6950520340473603,0.6876212623128615,0.842178922843628,6.1878626346588135,0.9233333333333332,0.9358108108108107,0.929530201342282,0.9189944134078212,0.9762611275964392,0.9467625899280576,0.8637992831541219,0.8087248322147651,0.8353552859618717,0.8184615384615385,0.8664495114006515,0.8417721518987342,0.8419117647058824,0.7842465753424658,0.8120567375886525,0.0,0.0,0.0,0.8622950819672132,0.8885135135135135,0.8752079866888519,0.8189910979228486,0.8817891373801917,0.8492307692307692,0.0,0.0,0.0,0.765079365079365,0.8087248322147651,0.7862969004893964
arch_wider,0.0001,42,2,9960.0,2489.0,50.0,49.0,0.554315876921428,0.5824322906505531,0.8677710843373494,0.866211329851346,0.7759255787522759,0.7150031476181082,0.7154905958837249,0.8591642385076848,6.1908769607543945,0.9166666666666666,0.929054054054054,0.9228187919463088,0.9173789173789174,0.9554896142433236,0.936046511627907,0.8881118881118881,0.8523489932885906,0.8698630136986302,0.8267477203647416,0.8888888888888888,0.8566929133858266,0.8303886925795053,0.8047945205479452,0.8173913043478261,0.8333333333333334,0.0925925925925925,0.1666666666666666,0.870253164556962,0.929054054054054,0.8986928104575164,0.8705501618122977,0.8594249201277955,0.864951768488746,0.0,0.0,0.0,0.8058252427184466,0.8383838383838383,0.8217821782178217
arch_wider,0.0001,42,3,9960.0,2489.0,50.0,49.0,0.6152780189919906,0.6640583710776783,0.8559236947791165,0.8429087987143431,0.7728590406846182,0.6955352908202876,0.6959945968038339,0.8353039110018889,6.178617238998413,0.8914473684210527,0.9155405405405406,0.9033333333333334,0.905027932960894,0.9614243323442137,0.9323741007194244,0.8621908127208481,0.8187919463087249,0.8399311531841653,0.7850746268656716,0.8594771241830066,0.8205928237129485,0.8144329896907216,0.8116438356164384,0.8130360205831905,1.0,0.0925925925925925,0.1694915254237288,0.8670886075949367,0.9256756756756755,0.8954248366013071,0.834375,0.853035143769968,0.8436018957345972,0.0,0.0,0.0,0.7689530685920578,0.7171717171717171,0.7421602787456446
arch_wider,0.0001,42,4,9962.0,2487.0,50.0,49.0,0.5691884066340464,0.5838433047373521,0.8563541457538647,0.8496180136710897,0.7460146011032892,0.6964704735258076,0.692659418082086,0.8412692123910254,6.250247240066528,0.9102990033222592,0.9256756756756755,0.9179229480737018,0.923943661971831,0.973293768545994,0.9479768786127168,0.8782287822878229,0.8013468013468014,0.8380281690140845,0.817629179331307,0.8790849673202614,0.847244094488189,0.8079470198675497,0.8356164383561644,0.8215488215488216,0.6666666666666666,0.037037037037037,0.0701754385964912,0.8807947019867549,0.9016949152542372,0.8911222780569514,0.8229813664596274,0.8466453674121406,0.8346456692913387,0.0,0.0,0.0,0.7516556291390728,0.7643097643097643,0.7579298831385642
arch_wider,0.0001,7,0,9956.0,2493.0,50.0,49.0,0.604064697330065,0.631354270224178,0.8465247087183608,0.8443642198154834,0.6748901720169692,0.6893601323206981,0.6817898389237016,0.8344771041054059,6.191543817520142,0.8993506493506493,0.9358108108108107,0.9172185430463576,0.8814016172506739,0.9703264094955488,0.923728813559322,0.8541666666666666,0.825503355704698,0.8395904436860069,0.8170347003154574,0.8436482084690554,0.8301282051282051,0.8105263157894737,0.791095890410959,0.8006932409012132,0.0,0.0,0.0,0.9087837837837838,0.9087837837837838,0.9087837837837838,0.840625,0.856687898089172,0.8485804416403785,0.0,0.0,0.0,0.737012987012987,0.761744966442953,0.7491749174917491
arch_wider,0.0001,7,1,9958.0,2491.0,50.0,49.0,0.6021327438328808,0.6047347921024514,0.845852580839526,0.848655158570855,0.7787749307633927,0.6944214873866849,0.6888029839644056,0.8395756154594944,6.17658805847168,0.9078947368421052,0.9324324324324323,0.92,0.8817204301075269,0.973293768545994,0.92524682651622,0.8848920863309353,0.825503355704698,0.8541666666666667,0.8514851485148515,0.8403908794788274,0.8459016393442623,0.8166666666666667,0.839041095890411,0.8277027027027027,1.0,0.0185185185185185,0.0363636363636363,0.8722044728434505,0.9222972972972971,0.896551724137931,0.8459016393442623,0.8242811501597445,0.8349514563106798,0.0,0.0,0.0,0.726984126984127,0.7684563758389261,0.7471451876019575
arch_wider,0.0001,7,2,9960.0,2489.0,50.0,49.0,0.5647040595417206,0.6185860782227649,0.8548192771084338,0.8376858175974287,0.7357247000899181,0.6865803922884363,0.682613339026729,0.8289287763620997,6.1716248989105225,0.903010033444816,0.9121621621621622,0.907563025210084,0.8885869565217391,0.9703264094955488,0.9276595744680852,0.8141891891891891,0.8087248322147651,0.8114478114478113,0.840531561461794,0.826797385620915,0.8336079077429982,0.7946127946127947,0.8082191780821918,0.8013582342954161,0.6666666666666666,0.037037037037037,0.0701754385964912,0.8557692307692307,0.902027027027027,0.8782894736842105,0.8066465256797583,0.853035143769968,0.829192546583851,0.0,0.0,0.0,0.7872340425531915,0.7474747474747475,0.766839378238342
arch_wider,0.0001,7,3,9960.0,2489.0,50.0,49.0,0.6055732843124289,0.6647074010725884,0.8535140562248996,0.8260345520289273,0.6604454808191564,0.6739182232379383,0.6668014549894556,0.8165520558952957,6.1688690185546875,0.8874172185430463,0.9054054054054054,0.8963210702341138,0.8567639257294429,0.9584569732937686,0.9047619047619048,0.825503355704698,0.825503355704698,0.825503355704698,0.822429906542056,0.8627450980392157,0.8421052631578947,0.7889273356401384,0.7808219178082192,0.7848537005163511,0.0,0.0,0.0,0.8771929824561403,0.8445945945945946,0.8605851979345955,0.8113207547169812,0.8242811501597445,0.8177496038034866,0.0,0.0,0.0,0.7348993288590604,0.7373737373737373,0.7361344537815125
arch_wider,0.0001,7,4,9962.0,2487.0,50.0,49.0,0.5822074712818864,0.6336874630706104,0.8563541457538647,0.8512263771612384,0.6802733530405874,0.6948541163617572,0.6873481423450056,0.8418393045363816,6.2017669677734375,0.8925081433224755,0.9256756756756755,0.9087893864013266,0.9103641456582632,0.9643916913946587,0.936599423631124,0.819672131147541,0.8417508417508418,0.8305647840531563,0.8553054662379421,0.869281045751634,0.8622366288492707,0.7967741935483871,0.8458904109589042,0.8205980066445183,0.0,0.0,0.0,0.9027777777777778,0.8813559322033898,0.8919382504288165,0.8626198083067093,0.8626198083067093,0.8626198083067093,0.0,0.0,0.0,0.7627118644067796,0.7575757575757576,0.7601351351351351
arch_wider,0.0001,13,0,9956.0,2493.0,50.0,49.0,0.5816679671015721,0.6591782424149044,0.8595821615106468,0.8447653429602888,0.7255885193860246,0.6914541110927028,0.6858406790187684,0.8357899666354016,6.20073390007019,0.9006622516556292,0.918918918918919,0.9096989966555185,0.9025069637883008,0.9614243323442137,0.9310344827586208,0.8283828382838284,0.8422818791946308,0.8352745424292846,0.7811550151975684,0.8371335504885994,0.8081761006289307,0.8597122302158273,0.8184931506849316,0.8385964912280702,0.5,0.0181818181818181,0.0350877192982456,0.869281045751634,0.8986486486486487,0.8837209302325582,0.834920634920635,0.8375796178343949,0.8362480127186009,0.0,0.0,0.0,0.7792642140468228,0.7818791946308725,0.780569514237856
arch_wider,0.0001,13,1,9958.0,2491.0,50.0,49.0,0.5637125253963673,0.6130377718772614,0.8590078328981723,0.8378161380971497,0.7292147885245521,0.6885737900660505,0.6857471094892492,0.8295249243709911,6.178910970687866,0.8921568627450981,0.9222972972972971,0.9069767441860463,0.8966480446927374,0.9525222551928784,0.9237410071942446,0.8617021276595744,0.8154362416107382,0.8379310344827585,0.8087774294670846,0.8403908794788274,0.8242811501597445,0.778816199376947,0.8561643835616438,0.8156606851549755,0.6,0.0555555555555555,0.1016949152542372,0.8709677419354839,0.9121621621621622,0.8910891089108911,0.8439490445859873,0.8466453674121406,0.8452950558213717,0.0,0.0,0.0,0.7391304347826086,0.6845637583892618,0.710801393728223
arch_wider,0.0001,13,2,9960.0,2489.0,50.0,49.0,0.5892389352559715,0.6352705695926653,0.8582329317269076,0.8485335476094817,0.778636417772605,0.7015152835094451,0.7039053128415529,0.8419887376569831,6.173632860183716,0.9419795221843004,0.9324324324324323,0.937181663837012,0.8958904109589041,0.9703264094955488,0.9316239316239316,0.8736059479553904,0.7885906040268457,0.8289241622574955,0.8195718654434251,0.8758169934640523,0.8467614533965244,0.794425087108014,0.7808219178082192,0.7875647668393783,1.0,0.1111111111111111,0.1999999999999999,0.86084142394822,0.8986486486486487,0.8793388429752066,0.8594249201277955,0.8594249201277955,0.8594249201277954,0.0,0.0,0.0,0.740625,0.797979797979798,0.7682333873581848
arch_wider,0.0001,13,3,9960.0,2489.0,50.0,49.0,0.5603551950814135,0.5892780594629442,0.8658634538152611,0.8565689031739655,0.7852248134268834,0.7008881430498888,0.6954579109246414,0.8475179866708344,6.1728880405426025,0.929530201342282,0.9358108108108107,0.9326599326599329,0.8777173913043478,0.9584569732937686,0.9163120567375886,0.8767605633802817,0.8355704697986577,0.8556701030927836,0.8338557993730408,0.869281045751634,0.8512,0.8087248322147651,0.8253424657534246,0.8169491525423729,1.0,0.0185185185185185,0.0363636363636363,0.9225589225589226,0.9256756756756755,0.924114671163575,0.8312883435582822,0.865814696485623,0.8482003129890453,0.0,0.0,0.0,0.7718120805369127,0.7744107744107744,0.773109243697479
arch_wider,0.0001,13,4,9962.0,2487.0,50.0,49.0,0.6377045309552051,0.681509336746745,0.8455129492069865,0.8371531966224367,0.7026183949307923,0.6843459817150747,0.6787683381354226,0.8277757733737151,6.163800001144409,0.8979591836734694,0.8918918918918919,0.8949152542372881,0.868421052631579,0.9792284866468842,0.9205020920502092,0.8600682593856656,0.8484848484848485,0.8542372881355932,0.8111455108359134,0.8562091503267973,0.8330683624801271,0.7591973244147158,0.7773972602739726,0.7681895093062606,0.3333333333333333,0.0185185185185185,0.0350877192982456,0.8807947019867549,0.9016949152542372,0.8911222780569514,0.8271604938271605,0.8562300319488818,0.8414442700156985,0.0,0.0,0.0,0.7881040892193308,0.7138047138047138,0.7491166077738516
arch_wider,0.0001,21,0,9956.0,2493.0,50.0,49.0,0.5847187159034902,0.6364741134305518,0.8563680192848534,0.8371440032089852,0.7494050547533753,0.6893180591326787,0.6885463132424468,0.8293654704243701,6.218971252441406,0.931740614334471,0.9222972972972971,0.9269949066213922,0.8666666666666667,0.9643916913946587,0.9129213483146068,0.8475177304964538,0.802013422818792,0.8241379310344826,0.821656050955414,0.8403908794788274,0.8309178743961353,0.7806451612903226,0.8287671232876712,0.8039867109634551,0.8,0.0727272727272727,0.1333333333333333,0.8847457627118644,0.8817567567567568,0.8832487309644671,0.8198198198198198,0.8694267515923567,0.8438948995363215,0.0,0.0,0.0,0.7412587412587412,0.7114093959731543,0.7260273972602739
arch_wider,0.0001,21,1,9958.0,2491.0,50.0,49.0,0.5922891334118392,0.6536149488079389,0.8523799959831292,0.8474508229626656,0.7443679390491791,0.6946576837226808,0.6909253088721955,0.8388992581401935,6.172471761703491,0.9063545150501672,0.9155405405405406,0.9109243697478993,0.8904109589041096,0.9643916913946587,0.9259259259259258,0.8546099290780141,0.8087248322147651,0.8310344827586207,0.8454258675078864,0.8729641693811075,0.858974358974359,0.841726618705036,0.8013698630136986,0.8210526315789473,0.6666666666666666,0.037037037037037,0.0701754385964912,0.864516129032258,0.9054054054054054,0.8844884488448843,0.8108108108108109,0.8626198083067093,0.8359133126934986,0.0,0.0,0.0,0.7631578947368421,0.7785234899328859,0.7707641196013288
arch_wider,0.0001,21,2,9960.0,2489.0,50.0,49.0,0.578256156414652,0.6643922243029763,0.8567269076305221,0.8280433909200482,0.7614989802908674,0.6788665615108584,0.6749340700502702,0.819064048780301,6.170619964599609,0.8810289389067524,0.9256756756756755,0.9028006589785832,0.8643617021276596,0.9643916913946587,0.91164095371669,0.8421052631578947,0.8053691275167785,0.8233276157804459,0.7813504823151125,0.7941176470588235,0.7876823338735819,0.8405797101449275,0.7945205479452054,0.8169014084507042,1.0,0.037037037037037,0.0714285714285714,0.8417721518987342,0.8986486486486487,0.869281045751634,0.8018867924528302,0.8146964856230032,0.8082408874801902,0.0,0.0,0.0,0.7619047619047619,0.7542087542087542,0.7580372250423011
arch_wider,0.0001,21,3,9960.0,2489.0,50.0,49.0,0.5940560353743413,0.6496036509509201,0.8508032128514056,0.8408999598232222,0.7128890261670973,0.6895681564298125,0.6859638560873733,0.8329945306028415,6.182248115539551,0.9093959731543624,0.9155405405405406,0.9124579124579124,0.8857938718662952,0.9436201780415432,0.913793103448276,0.805111821086262,0.8456375838926175,0.8248772504091652,0.80625,0.8431372549019608,0.8242811501597445,0.8055555555555556,0.7945205479452054,0.8,0.4,0.037037037037037,0.0677966101694915,0.91156462585034,0.9054054054054054,0.9084745762711864,0.8391167192429022,0.8498402555910544,0.8444444444444444,0.0,0.0,0.0,0.7661016949152543,0.7609427609427609,0.7635135135135135
arch_wider,0.0001,21,4,9962.0,2487.0,50.0,49.0,0.5883748604095408,0.5895306511109972,0.8554507127082915,0.8520305589063129,0.7814077134533239,0.700078691155696,0.6979565866527229,0.8439540612118228,6.195996999740601,0.9003322259136213,0.9155405405405406,0.9078726968174204,0.8940217391304348,0.9762611275964392,0.9333333333333332,0.8814814814814815,0.8013468013468014,0.8395061728395063,0.8222222222222222,0.8464052287581699,0.8341384863123994,0.8299319727891157,0.8356164383561644,0.832764505119454,1.0,0.0555555555555555,0.1052631578947368,0.8664495114006515,0.9016949152542372,0.8837209302325583,0.8516129032258064,0.8434504792332268,0.8475120385232745,0.0,0.0,0.0,0.768025078369906,0.8249158249158249,0.7954545454545455
arch_wider,0.0001,99,0,9956.0,2493.0,50.0,49.0,0.587130197096254,0.6107416739640467,0.8562675773402973,0.8588046530284797,0.7866106847785271,0.7072278197216767,0.7065361528052815,0.8512203838190244,6.212880849838257,0.9172185430463576,0.9358108108108107,0.9264214046822742,0.9010989010989012,0.973293768545994,0.9358059914407988,0.8642384105960265,0.8758389261744967,0.8699999999999999,0.8344155844155844,0.8371335504885994,0.8357723577235773,0.8226950354609929,0.7945205479452054,0.808362369337979,1.0,0.0727272727272727,0.135593220338983,0.9010238907849828,0.8918918918918919,0.8964346349745331,0.8761904761904762,0.8789808917197452,0.87758346581876,0.0,0.0,0.0,0.7492260061919505,0.8120805369127517,0.7793880837359097
arch_wider,0.0001,99,1,9958.0,2491.0,50.0,49.0,0.5885090835520835,0.6788131227228028,0.852179152440249,0.8378161380971497,0.745713043150986,0.6881591180256907,0.6864015366014885,0.8300155873036112,6.168083190917969,0.9222972972972971,0.9222972972972971,0.9222972972972971,0.8846153846153846,0.9554896142433236,0.9186875891583453,0.8294314381270903,0.8322147651006712,0.830820770519263,0.8006230529595015,0.8371335504885994,0.8184713375796179,0.8560606060606061,0.773972602739726,0.8129496402877697,0.75,0.0555555555555555,0.1034482758620689,0.8775510204081632,0.8716216216216216,0.8745762711864407,0.8005780346820809,0.8849840255591054,0.8406676783004552,0.0,0.0,0.0,0.735973597359736,0.7483221476510067,0.7420965058236272
arch_wider,0.0001,99,2,9960.0,2489.0,50.0,49.0,0.6083502482401215,0.6665114512321487,0.8530120481927711,0.8437123342707915,0.6744780655273213,0.6884885239901768,0.6804578522329248,0.8335054202492761,6.203570127487183,0.860248447204969,0.9358108108108107,0.8964401294498381,0.9209039548022598,0.9673590504451038,0.94356005788712,0.8638132295719845,0.7449664429530202,0.8,0.8085808580858086,0.8006535947712419,0.8045977011494253,0.825,0.791095890410959,0.8076923076923078,0.0,0.0,0.0,0.873015873015873,0.929054054054054,0.900163666121113,0.8168604651162791,0.8977635782747604,0.8554033485540335,0.0,0.0,0.0,0.7763578274760383,0.8181818181818182,0.7967213114754097
arch_wider,0.0001,99,3,9960.0,2489.0,50.0,49.0,0.579757017610606,0.5892753862315605,0.8521084337349397,0.8477300120530333,0.7780681405806665,0.6966191377851472,0.6946569747020198,0.8395838184195894,6.175775051116943,0.9033333333333332,0.9155405405405406,0.9093959731543624,0.8608923884514436,0.973293768545994,0.913649025069638,0.8798586572438163,0.8355704697986577,0.8571428571428571,0.8392282958199357,0.8529411764705882,0.8460291734197732,0.8079470198675497,0.8356164383561644,0.8215488215488216,1.0,0.0555555555555555,0.1052631578947368,0.8922558922558923,0.8952702702702703,0.8937605396290051,0.8152866242038217,0.8178913738019169,0.8165869218500797,0.0,0.0,0.0,0.7818791946308725,0.7845117845117845,0.7831932773109245
arch_wider,0.0001,99,4,9962.0,2487.0,50.0,49.0,0.580892902574929,0.627069574192152,0.8526400321220639,0.8455971049457177,0.7766709140914145,0.6974822517078716,0.698709922236923,0.8387111937214233,6.19672966003418,0.90625,0.8817567567567568,0.8938356164383562,0.8716577540106952,0.9673590504451038,0.9170182841068916,0.8581560283687943,0.8148148148148148,0.8359240069084629,0.8504672897196262,0.8921568627450981,0.8708133971291867,0.8050541516245487,0.7636986301369864,0.7838312829525484,1.0,0.0925925925925925,0.1694915254237288,0.8660130718954249,0.8983050847457628,0.8818635607321131,0.8848684210526315,0.8594249201277955,0.8719611021069692,0.0,0.0,0.0,0.7242424242424242,0.8047138047138047,0.7623604465709728
arch_wider,0.0005,42,0,9956.0,2493.0,50.0,49.0,0.2184733710331096,0.3097308515731097,0.9402370429891522,0.9149618933012434,0.8106432385971603,0.7971750834159108,0.8026280369052909,0.9139725159245826,6.205668926239014,0.9381107491856676,0.972972972972973,0.9552238805970148,0.9217877094972068,0.9792284866468842,0.9496402877697842,0.9022801302931596,0.929530201342282,0.915702479338843,0.9238754325259516,0.8697068403908795,0.8959731543624161,0.9152542372881356,0.9246575342465754,0.9199318568994888,0.7674418604651163,0.6,0.673469387755102,0.9488054607508531,0.9391891891891893,0.9439728353140916,0.910828025477707,0.910828025477707,0.910828025477707,0.0,0.0,0.0,0.8780487804878049,0.8456375838926175,0.8615384615384615
arch_wider,0.0005,42,1,9958.0,2491.0,50.0,49.0,0.2124166401284039,0.3100045642796891,0.9411528419361318,0.9173022882376556,0.8071153878314986,0.7905284186516002,0.7969143570671958,0.9161348018544704,6.1548991203308105,0.9466666666666668,0.9594594594594594,0.953020134228188,0.9536231884057972,0.9762611275964392,0.9648093841642228,0.9172413793103448,0.8926174496644296,0.9047619047619048,0.8974358974358975,0.9120521172638436,0.9046849757673668,0.9157894736842104,0.8938356164383562,0.9046793760831888,0.7105263157894737,0.5,0.5869565217391304,0.9324324324324323,0.9324324324324323,0.9324324324324323,0.91875,0.939297124600639,0.928909952606635,0.0,0.0,0.0,0.8786885245901639,0.8993288590604027,0.888888888888889
arch_wider,0.0005,42,2,9960.0,2489.0,50.0,49.0,0.2079945224758776,0.277498250849335,0.9421686746987952,0.9216552832462837,0.8261985326980499,0.8021519464011921,0.811075661581727,0.92093812303814,6.160343885421753,0.9435215946843852,0.9594594594594594,0.9514237855946398,0.96996996996997,0.9584569732937686,0.964179104477612,0.9133333333333332,0.9194630872483222,0.9163879598662208,0.9260450160771704,0.9411764705882352,0.93354943273906,0.9041095890410958,0.9041095890410958,0.9041095890410958,0.8888888888888888,0.5925925925925926,0.711111111111111,0.9155844155844156,0.9527027027027029,0.933774834437086,0.9364548494983278,0.8945686900958466,0.9150326797385622,0.0,0.0,0.0,0.8640776699029126,0.898989898989899,0.8811881188118812
arch_wider,0.0005,42,3,9960.0,2489.0,50.0,49.0,0.2239813289756483,0.3126881908563116,0.9376506024096386,0.914021695460024,0.8225305212814318,0.7788903107404502,0.7899473155849732,0.9118219911879804,6.166311979293823,0.9377049180327868,0.9662162162162162,0.9517470881863562,0.9674556213017752,0.9703264094955488,0.9688888888888888,0.9112627986348124,0.8959731543624161,0.9035532994923858,0.8473053892215568,0.9248366013071896,0.884375,0.913793103448276,0.9075342465753424,0.9106529209621994,0.9130434782608696,0.3888888888888889,0.5454545454545454,0.94314381270903,0.9527027027027029,0.9478991596638656,0.9315960912052116,0.9137380191693292,0.9225806451612903,0.0,0.0,0.0,0.86,0.8686868686868687,0.864321608040201
arch_wider,0.0005,42,4,9962.0,2487.0,50.0,49.0,0.2175303820818479,0.2729367378353569,0.9398715117446296,0.92119018898271,0.82830748791809,0.8016455666975413,0.8114042242197875,0.9203894136116502,6.171900033950806,0.9595959595959596,0.9628378378378378,0.9612141652613828,0.9618768328445748,0.973293768545994,0.9675516224188792,0.9330985915492958,0.8922558922558923,0.9122203098106711,0.8996865203761756,0.937908496732026,0.9184,0.8950819672131147,0.934931506849315,0.914572864321608,0.9142857142857144,0.5925925925925926,0.7191011235955056,0.9423728813559322,0.9423728813559322,0.9423728813559322,0.9,0.8913738019169329,0.8956661316211878,0.0,0.0,0.0,0.8770764119601329,0.8888888888888888,0.882943143812709
arch_wider,0.0005,7,0,9956.0,2493.0,50.0,49.0,0.2202533003904982,0.2987606648371744,0.9383286460425874,0.910950661853189,0.8146748156856052,0.7803879430442333,0.7905897168461631,0.9091273107973497,6.191812992095947,0.9437086092715232,0.9628378378378378,0.9531772575250836,0.9394812680115274,0.9673590504451038,0.953216374269006,0.9069767441860463,0.9161073825503356,0.9115191986644406,0.9073482428115016,0.9250814332247556,0.9161290322580644,0.8823529411764706,0.8732876712328768,0.8777969018932874,0.8571428571428571,0.4363636363636363,0.5783132530120482,0.9391891891891893,0.9391891891891893,0.9391891891891893,0.9281045751633988,0.9044585987261148,0.9161290322580646,0.0,0.0,0.0,0.842443729903537,0.8791946308724832,0.8604269293924466
arch_wider,0.0005,7,1,9958.0,2491.0,50.0,49.0,0.222397037829324,0.2612728510989016,0.9383410323358105,0.9309514251304696,0.8353551417936416,0.8050967182933826,0.815352919922887,0.9295933987756796,6.171739816665649,0.9605263157894736,0.9864864864864864,0.9733333333333332,0.9511494252873564,0.9821958456973294,0.9664233576642336,0.9283276450511946,0.912751677852349,0.9204737732656516,0.9032258064516128,0.9120521172638436,0.9076175040518638,0.9025974025974026,0.952054794520548,0.9266666666666667,0.90625,0.5370370370370371,0.6744186046511628,0.9563758389261744,0.9628378378378378,0.9595959595959596,0.9356913183279744,0.9297124600638976,0.9326923076923076,0.0,0.0,0.0,0.9094076655052264,0.8758389261744967,0.8923076923076922
arch_wider,0.0005,7,2,9960.0,2489.0,50.0,49.0,0.2072713164113903,0.3000479516312506,0.9421686746987952,0.914021695460024,0.8094661174185973,0.7877821798008438,0.7955163573363244,0.9125565692468592,6.2057201862335205,0.952542372881356,0.9493243243243245,0.9509306260575296,0.9538904899135446,0.9821958456973294,0.9678362573099416,0.9187279151943464,0.87248322147651,0.8950086058519793,0.9129032258064516,0.9248366013071896,0.918831168831169,0.8855218855218855,0.9006849315068494,0.8930390492359933,0.7714285714285715,0.5,0.6067415730337079,0.907936507936508,0.9662162162162162,0.9361702127659576,0.90282131661442,0.9201277955271564,0.9113924050632912,0.0,0.0,0.0,0.8888888888888888,0.8619528619528619,0.8752136752136751
arch_wider,0.0005,7,3,9960.0,2489.0,50.0,49.0,0.2194536094116689,0.3134143650164869,0.93855421686747,0.9168340699075934,0.8166619488167687,0.792060194369882,0.8007715035257499,0.9157230396036964,6.1842522621154785,0.9470198675496688,0.9662162162162162,0.9565217391304348,0.953216374269006,0.9673590504451038,0.9602356406480118,0.8918032786885246,0.912751677852349,0.902155887230514,0.9073482428115016,0.9281045751633988,0.9176090468497576,0.898989898989899,0.9143835616438356,0.9066213921901528,0.8235294117647058,0.5185185185185185,0.6363636363636364,0.9623287671232876,0.9493243243243245,0.95578231292517,0.9261744966442952,0.8817891373801917,0.9034369885433716,0.0,0.0,0.0,0.8562091503267973,0.8821548821548821,0.868988391376451
arch_wider,0.0005,7,4,9962.0,2487.0,50.0,49.0,0.2129558223296547,0.3138982062151117,0.9395703673961052,0.9207880981101728,0.8163073614306574,0.7921658007792546,0.8004794326672158,0.9194522225490548,6.232989072799683,0.9281045751633988,0.9594594594594594,0.9435215946843852,0.9700598802395208,0.9614243323442137,0.9657228017883756,0.8921568627450981,0.9191919191919192,0.9054726368159204,0.9223300970873788,0.931372549019608,0.9268292682926828,0.9090909090909092,0.9246575342465754,0.9168081494057724,0.7878787878787878,0.4814814814814814,0.5977011494252873,0.938566552901024,0.9322033898305084,0.935374149659864,0.9356913183279744,0.9297124600638976,0.9326923076923076,0.0,0.0,0.0,0.8791946308724832,0.8821548821548821,0.880672268907563
arch_wider,0.0005,13,0,9956.0,2493.0,50.0,49.0,0.2149655905569513,0.3256799061357882,0.9388308557653676,0.9165663858804654,0.8176928239356327,0.7956765439008245,0.8038646936817377,0.91560241705134,6.260867118835449,0.9344262295081968,0.9628378378378378,0.9484193011647256,0.9647058823529412,0.973293768545994,0.968980797636632,0.8990228013029316,0.9261744966442952,0.912396694214876,0.8621794871794872,0.8762214983713354,0.8691437802907916,0.9016393442622952,0.9417808219178082,0.9212730318257956,0.8378378378378378,0.5636363636363636,0.6739130434782609,0.9655172413793104,0.945945945945946,0.955631399317406,0.9161290322580644,0.9044585987261148,0.9102564102564102,0.0,0.0,0.0,0.8954703832752613,0.8624161073825504,0.8786324786324786
arch_wider,0.0005,13,1,9958.0,2491.0,50.0,49.0,0.2104228762586461,0.3003423896066836,0.941956216107652,0.9177037334403854,0.8217024844433645,0.8033462774639555,0.8107718621953641,0.9171991122676534,6.174607753753662,0.943894389438944,0.9662162162162162,0.9549248747913188,0.9672619047619048,0.9643916913946587,0.9658246656760772,0.9081632653061223,0.8959731543624161,0.902027027027027,0.8977635782747604,0.9153094462540716,0.9064516129032258,0.9106529209621992,0.9075342465753424,0.9090909090909092,0.875,0.6481481481481481,0.7446808510638299,0.9276315789473684,0.9527027027027029,0.94,0.9281045751633988,0.9073482428115016,0.9176090468497576,0.0,0.0,0.0,0.8585526315789473,0.8758389261744967,0.867109634551495
arch_wider,0.0005,13,2,9960.0,2489.0,50.0,49.0,0.2112019246785058,0.2986352222549445,0.941867469879518,0.9256729610285256,0.8279439039845308,0.8083350644223766,0.8161352872787798,0.9251770585710422,6.177725791931152,0.9630872483221476,0.9695945945945946,0.9663299663299664,0.9702380952380952,0.9673590504451038,0.9687964338781576,0.9026845637583892,0.9026845637583892,0.9026845637583892,0.9215686274509804,0.9215686274509804,0.9215686274509804,0.8848684210526315,0.9212328767123288,0.9026845637583892,0.8717948717948718,0.6296296296296297,0.7311827956989246,0.9395973154362416,0.945945945945946,0.9427609427609428,0.9448051948051948,0.9297124600638976,0.9371980676328502,0.0,0.0,0.0,0.8807947019867549,0.8956228956228957,0.8881469115191987
arch_wider,0.0005,13,3,9960.0,2489.0,50.0,49.0,0.2056288936530578,0.2841400723511245,0.9429718875502008,0.918039373242266,0.8303497760902492,0.7928910232654645,0.8047290046048096,0.916654675655358,6.173782110214233,0.950657894736842,0.9763513513513512,0.9633333333333334,0.9418604651162792,0.9614243323442137,0.9515418502202644,0.9263157894736842,0.8859060402684564,0.9056603773584906,0.9009584664536742,0.9215686274509804,0.911147011308562,0.8811881188118812,0.9143835616438356,0.8974789915966386,0.9655172413793104,0.5185185185185185,0.6746987951807228,0.9527027027027029,0.9527027027027029,0.9527027027027029,0.9015384615384616,0.9361022364217252,0.9184952978056428,0.0,0.0,0.0,0.8827586206896552,0.8619528619528619,0.8722316865417375
arch_wider,0.0005,13,4,9962.0,2487.0,50.0,49.0,0.2217916418882096,0.2969312855693916,0.9381650271029912,0.9300361881785284,0.8158787811819828,0.8117091931757976,0.8136345457583577,0.9296949840839706,6.183682680130005,0.9527027027027029,0.9527027027027029,0.9527027027027029,0.9595375722543352,0.9851632047477744,0.972181551976574,0.9322033898305084,0.925925925925926,0.9290540540540542,0.9208860759493672,0.9509803921568628,0.9356913183279744,0.9172413793103448,0.910958904109589,0.9140893470790378,0.68,0.6296296296296297,0.6538461538461539,0.9623287671232876,0.952542372881356,0.9574105621805792,0.9169329073482428,0.9169329073482428,0.9169329073482428,0.0,0.0,0.0,0.916955017301038,0.8922558922558923,0.9044368600682592
arch_wider,0.0005,21,0,9956.0,2493.0,50.0,49.0,0.2139422816877599,0.2795138176797715,0.9377259943752512,0.914560770156438,0.8217966250658975,0.7892718207694782,0.7999600192151047,0.9132892708226666,6.230769872665405,0.9528619528619529,0.956081081081081,0.9544688026981448,0.9536231884057972,0.9762611275964392,0.9648093841642228,0.9209621993127148,0.8993288590604027,0.9100169779286926,0.8924050632911392,0.9185667752442996,0.9052969502407704,0.9041095890410958,0.9041095890410958,0.9041095890410958,0.9032258064516128,0.509090909090909,0.6511627906976745,0.9304635761589404,0.9493243243243245,0.939799331103679,0.9166666666666666,0.910828025477707,0.9137380191693292,0.0,0.0,0.0,0.8436482084690554,0.8691275167785235,0.856198347107438
arch_wider,0.0005,21,1,9958.0,2491.0,50.0,49.0,0.2148351361936302,0.3104387510033726,0.9408515766218116,0.9181051786431152,0.8274447943190205,0.7944359198231661,0.8054771311798857,0.9168772959404196,6.197900056838989,0.937908496732026,0.9695945945945946,0.9534883720930232,0.956140350877193,0.9703264094955488,0.9631811487481592,0.9057239057239056,0.9026845637583892,0.904201680672269,0.8945686900958466,0.9120521172638436,0.9032258064516128,0.9298245614035088,0.9075342465753424,0.9185441941074524,0.935483870967742,0.5370370370370371,0.6823529411764706,0.9304635761589404,0.9493243243243245,0.939799331103679,0.9059561128526644,0.9233226837060704,0.9145569620253164,0.0,0.0,0.0,0.8783783783783784,0.87248322147651,0.8754208754208754
arch_wider,0.0005,21,2,9960.0,2489.0,50.0,49.0,0.2103581286709269,0.3415143958796019,0.9433734939759036,0.9108075532342306,0.8196131484564682,0.7901571075891778,0.8002464229252301,0.9096145422650244,6.272521018981934,0.9281045751633988,0.9594594594594594,0.9435215946843852,0.9420289855072465,0.9643916913946587,0.9530791788856304,0.9163763066202092,0.8825503355704698,0.8991452991452992,0.851963746223565,0.9215686274509804,0.8854003139717425,0.8976897689768977,0.9315068493150684,0.9142857142857144,0.9090909090909092,0.5555555555555556,0.6896551724137931,0.9342105263157896,0.9594594594594594,0.9466666666666668,0.9166666666666666,0.8785942492012779,0.8972267536704731,0.0,0.0,0.0,0.9,0.8484848484848485,0.8734835355285963
arch_wider,0.0005,21,3,9960.0,2489.0,50.0,49.0,0.2167381548879864,0.3016036563153496,0.9400602409638554,0.9208517476898352,0.8200028060531908,0.8013188932628967,0.8087131811378608,0.9202712422747656,6.960484027862549,0.9591836734693876,0.9527027027027029,0.9559322033898304,0.9615384615384616,0.9643916913946587,0.9629629629629628,0.8710691823899371,0.929530201342282,0.8993506493506495,0.9123376623376624,0.9183006535947712,0.9153094462540716,0.9166666666666666,0.9041095890410958,0.9103448275862068,0.8205128205128205,0.5925925925925926,0.6881720430107526,0.9518900343642612,0.9358108108108107,0.9437819420783646,0.9171974522292994,0.9201277955271564,0.9186602870813396,0.0,0.0,0.0,0.8896321070234113,0.8956228956228957,0.8926174496644296
arch_wider,0.0005,21,4,9962.0,2487.0,50.0,49.0,0.2147929484687233,0.2658449058014967,0.9412768520377436,0.9288299155609168,0.8349620215901339,0.8122986582084671,0.8210918671378057,0.928193251412889,6.396374940872192,0.9344262295081968,0.9628378378378378,0.9484193011647256,0.9681159420289857,0.9910979228486648,0.9794721407624634,0.9363957597173144,0.8922558922558923,0.913793103448276,0.9266666666666666,0.9084967320261438,0.9174917491749176,0.9278350515463918,0.9246575342465754,0.9262435677530018,0.9210526315789472,0.6481481481481481,0.7608695652173912,0.9437086092715232,0.9661016949152542,0.9547738693467338,0.9228295819935692,0.9169329073482428,0.9198717948717948,0.0,0.0,0.0,0.8685897435897436,0.9124579124579124,0.8899835796387521
arch_wider,0.0005,99,0,9956.0,2493.0,50.0,49.0,0.2216290026365569,0.2854646530420627,0.9404379268782644,0.9245888487765744,0.8169959991040038,0.7959258137901727,0.8035971579225978,0.9233944928154054,6.323484182357788,0.9601328903654484,0.9763513513513512,0.9681742043551088,0.9540229885057472,0.9851632047477744,0.9693430656934308,0.9523809523809524,0.9395973154362416,0.945945945945946,0.8792569659442725,0.9250814332247556,0.9015873015873016,0.925531914893617,0.8938356164383562,0.9094076655052264,0.75,0.4909090909090909,0.5934065934065934,0.9652777777777778,0.9391891891891893,0.952054794520548,0.929936305732484,0.929936305732484,0.929936305732484,0.0,0.0,0.0,0.8534201954397395,0.8791946308724832,0.8661157024793389
arch_wider,0.0005,99,1,9958.0,2491.0,50.0,49.0,0.2148931474427341,0.338457799751587,0.9402490459931712,0.9197109594540344,0.8224185851500817,0.7975468820014344,0.8065848028964162,0.918853964235792,6.277038097381592,0.9632107023411371,0.972972972972973,0.9680672268907564,0.9552238805970148,0.9495548961424332,0.9523809523809524,0.8694267515923567,0.9161073825503356,0.8921568627450981,0.889589905362776,0.9185667752442996,0.9038461538461536,0.9096989966555185,0.9315068493150684,0.9204737732656514,0.8571428571428571,0.5555555555555556,0.6741573033707865,0.951219512195122,0.9222972972972971,0.9365351629502572,0.909375,0.9297124600638976,0.9194312796208532,0.0,0.0,0.0,0.9192982456140352,0.8791946308724832,0.8987993138936535
arch_wider,0.0005,99,2,9960.0,2489.0,50.0,49.0,0.2082707525073968,0.313783939460366,0.9439759036144578,0.9124146243471274,0.8118727137682622,0.7790402440749091,0.788369632178768,0.9101686991995356,6.2600648403167725,0.9102564102564102,0.9594594594594594,0.9342105263157894,0.9620991253644317,0.9792284866468842,0.9705882352941178,0.9311594202898552,0.8624161073825504,0.8954703832752614,0.8973509933774835,0.8856209150326797,0.8914473684210527,0.9078498293515358,0.910958904109589,0.9094017094017094,0.8148148148148148,0.4074074074074074,0.5432098765432098,0.9161290322580644,0.9594594594594594,0.9372937293729372,0.9085173501577288,0.9201277955271564,0.9142857142857144,0.0,0.0,0.0,0.8705501618122977,0.9057239057239056,0.8877887788778878
arch_wider,0.0005,99,3,9960.0,2489.0,50.0,49.0,0.2147114096303811,0.2681476827970991,0.940562248995984,0.924467657693853,0.8271411193267868,0.8164528892602785,0.8211610633239556,0.924206704028563,6.2480552196502686,0.95,0.9628378378378378,0.9563758389261744,0.9565217391304348,0.9792284866468842,0.9677419354838708,0.9152542372881356,0.906040268456376,0.9106239460370994,0.9417808219178082,0.8986928104575164,0.919732441471572,0.898360655737705,0.9383561643835616,0.917922948073702,0.8695652173913043,0.7407407407407407,0.7999999999999999,0.9554794520547946,0.9425675675675677,0.9489795918367347,0.9018987341772152,0.9105431309904152,0.9062003179650238,0.0,0.0,0.0,0.8825503355704698,0.8855218855218855,0.8840336134453781
arch_wider,0.0005,99,4,9962.0,2487.0,50.0,49.0,0.2154056348712892,0.3094822573326193,0.9413772334872516,0.9115400080418176,0.8019385348506608,0.7812617241371543,0.7884362108774309,0.9102249904987808,6.27370285987854,0.9391891891891893,0.9391891891891893,0.9391891891891893,0.9649122807017544,0.9792284866468842,0.9720176730486008,0.9246575342465754,0.9090909090909092,0.9168081494057724,0.8878504672897196,0.931372549019608,0.9090909090909092,0.8745874587458746,0.9075342465753424,0.8907563025210083,0.7058823529411765,0.4444444444444444,0.5454545454545455,0.924914675767918,0.91864406779661,0.9217687074829932,0.9494949494949496,0.9009584664536742,0.9245901639344264,0.0,0.0,0.0,0.8478964401294499,0.8821548821548821,0.8646864686468646
arch_wider,0.001,42,0,9956.0,2493.0,50.0,49.0,0.136795271868844,0.2579253267408636,0.963439132181599,0.9314079422382672,0.8261976073028012,0.8226371459309906,0.8241806646998864,0.9310637855962364,6.31890606880188,0.9504950495049505,0.972972972972973,0.9616026711185308,0.9484240687679084,0.9821958456973294,0.9650145772594751,0.9147540983606556,0.9362416107382552,0.925373134328358,0.9417808219178082,0.8957654723127035,0.9181969949916527,0.9166666666666666,0.9417808219178082,0.929054054054054,0.7884615384615384,0.7454545454545455,0.766355140186916,0.9658703071672357,0.956081081081081,0.9609507640067912,0.926751592356688,0.926751592356688,0.926751592356688,0.0,0.0,0.0,0.9087719298245616,0.8691275167785235,0.888507718696398
arch_wider,0.001,42,1,9958.0,2491.0,50.0,49.0,0.1332556186573319,0.2593644840803163,0.9642498493673428,0.9329586511441188,0.8198592276967892,0.815629161468013,0.8175754998443698,0.932614744710218,6.261847019195557,0.9501661129568106,0.9662162162162162,0.9581239530988276,0.9620991253644317,0.9792284866468842,0.9705882352941178,0.9342560553633218,0.906040268456376,0.919931856899489,0.9248366013071896,0.9218241042345277,0.9233278955954324,0.9333333333333332,0.910958904109589,0.922010398613518,0.7,0.6481481481481481,0.673076923076923,0.9427609427609428,0.945945945945946,0.9443507588532885,0.9316770186335404,0.9584664536741214,0.9448818897637796,0.0,0.0,0.0,0.9194630872483222,0.9194630872483222,0.9194630872483222
arch_wider,0.001,42,2,9960.0,2489.0,50.0,49.0,0.1317548743751187,0.2291903634292242,0.9650602409638556,0.9329047810365608,0.834568569724189,0.8175503846865585,0.824490139140798,0.9324604465877768,6.2707839012146,0.9503311258278144,0.9695945945945946,0.959866220735786,0.9700598802395208,0.9614243323442137,0.9657228017883756,0.9172185430463576,0.929530201342282,0.9233333333333336,0.9511400651465798,0.954248366013072,0.9526916802610114,0.9305555555555556,0.9178082191780822,0.9241379310344828,0.8780487804878049,0.6666666666666666,0.7578947368421053,0.9248366013071896,0.956081081081081,0.9401993355481728,0.94,0.9009584664536742,0.9200652528548124,0.0,0.0,0.0,0.883495145631068,0.9191919191919192,0.9009900990099012
arch_wider,0.001,42,3,9960.0,2489.0,50.0,49.0,0.14038336729764,0.2549985766853044,0.9622489959839358,0.9276817999196464,0.8331832308502285,0.8053418152227507,0.8153256001916109,0.926760639095942,6.256155252456665,0.9503311258278144,0.9695945945945946,0.959866220735786,0.9674556213017752,0.9703264094955488,0.9688888888888888,0.9146757679180888,0.8993288590604027,0.9069373942470388,0.8827160493827161,0.934640522875817,0.9079365079365078,0.9241379310344828,0.9178082191780822,0.9209621993127148,0.9117647058823528,0.5740740740740741,0.7045454545454545,0.9435215946843852,0.9594594594594594,0.9514237855946398,0.945337620578778,0.939297124600639,0.9423076923076924,0.0,0.0,0.0,0.8918918918918919,0.8888888888888888,0.8903878583473861
arch_wider,0.001,42,4,9962.0,2487.0,50.0,49.0,0.138347032970231,0.2228535024980295,0.9613531419393696,0.9340570969039004,0.8397160104056042,0.8214092424172241,0.8289331919211952,0.9336638282878208,6.281352996826172,0.9563758389261744,0.9628378378378378,0.9595959595959596,0.9705014749262536,0.9762611275964392,0.9733727810650888,0.9347079037800688,0.915824915824916,0.9251700680272108,0.926517571884984,0.9477124183006536,0.9369951534733442,0.905844155844156,0.9554794520547946,0.93,0.926829268292683,0.7037037037037037,0.8000000000000002,0.9522184300341296,0.9457627118644067,0.9489795918367346,0.9248366013071896,0.9041533546325878,0.91437802907916,0.0,0.0,0.0,0.8993288590604027,0.9023569023569024,0.9008403361344536
arch_wider,0.001,7,0,9956.0,2493.0,50.0,49.0,0.1365713175254616,0.24827690553873,0.9642426677380476,0.9286000802246288,0.831186210497075,0.8128546755194515,0.8203412822939363,0.9280578406885852,6.300593852996826,0.959866220735786,0.9695945945945946,0.9647058823529412,0.9478260869565216,0.9703264094955488,0.9589442815249266,0.9230769230769232,0.9261744966442952,0.9246231155778896,0.9258064516129032,0.9348534201954396,0.9303079416531604,0.9192982456140352,0.8972602739726028,0.9081455805892548,0.8780487804878049,0.6545454545454545,0.7499999999999999,0.9528619528619529,0.956081081081081,0.9544688026981448,0.9292604501607716,0.9203821656050956,0.9248,0.0,0.0,0.0,0.8758169934640523,0.8993288590604027,0.8874172185430463
arch_wider,0.001,7,1,9958.0,2491.0,50.0,49.0,0.1406435603513582,0.2062227862121653,0.9620405703956618,0.9450020072260136,0.8480204248925792,0.8410076963267354,0.8442601756221123,0.9448307035670666,6.292377948760986,0.97,0.983108108108108,0.976510067114094,0.9622093023255814,0.9821958456973294,0.972099853157122,0.9326599326599326,0.929530201342282,0.93109243697479,0.9250814332247556,0.9250814332247556,0.9250814332247556,0.9264214046822744,0.9486301369863014,0.937394247038917,0.9183673469387756,0.8333333333333334,0.8737864077669903,0.9694915254237289,0.9662162162162162,0.9678510998307952,0.9483870967741936,0.939297124600639,0.9438202247191012,0.0,0.0,0.0,0.9275862068965516,0.9026845637583892,0.9149659863945578
arch_wider,0.001,7,2,9960.0,2489.0,50.0,49.0,0.1296064350744391,0.2504279151618362,0.9657630522088352,0.9276817999196464,0.8273801891192866,0.8081332646343675,0.8156506976413518,0.9267897113555142,6.50344181060791,0.9559322033898304,0.9527027027027029,0.9543147208121828,0.9737609329446064,0.9910979228486648,0.9823529411764704,0.9298245614035088,0.889261744966443,0.9090909090909092,0.9223300970873788,0.931372549019608,0.9268292682926828,0.9121621621621622,0.9246575342465754,0.9183673469387756,0.8461538461538461,0.6111111111111112,0.7096774193548387,0.9201277955271564,0.972972972972973,0.9458128078817736,0.9015384615384616,0.9361022364217252,0.9184952978056428,0.0,0.0,0.0,0.9119718309859156,0.8720538720538721,0.891566265060241
arch_wider,0.001,7,3,9960.0,2489.0,50.0,49.0,0.1379758123252425,0.2511760289891233,0.9629518072289156,0.9341100843712334,0.8347468115104493,0.8243786175224033,0.8290115174651425,0.9339154598458942,6.699625015258789,0.9471947194719472,0.9695945945945946,0.9582637729549248,0.9762611275964392,0.9762611275964392,0.9762611275964392,0.9072847682119204,0.9194630872483222,0.9133333333333332,0.9285714285714286,0.934640522875817,0.9315960912052116,0.9217687074829932,0.928082191780822,0.924914675767918,0.8695652173913043,0.7407407407407407,0.7999999999999999,0.9590443686006824,0.9493243243243245,0.9541595925297112,0.9444444444444444,0.9233226837060704,0.9337641357027464,0.0,0.0,0.0,0.8933333333333333,0.9023569023569024,0.897822445561139
arch_wider,0.001,7,4,9962.0,2487.0,50.0,49.0,0.1352867531502868,0.2703527277169626,0.9635615338285484,0.9336550060313632,0.823861284104147,0.8164745426264141,0.8197579406505765,0.9334061365175248,6.4332170486450195,0.937908496732026,0.9695945945945946,0.9534883720930232,0.9818731117824774,0.9643916913946587,0.9730538922155688,0.9055374592833876,0.936026936026936,0.9205298013245032,0.9437086092715232,0.931372549019608,0.9375,0.9149659863945578,0.9212328767123288,0.9180887372013652,0.7446808510638298,0.6481481481481481,0.6930693069306931,0.9554794520547946,0.9457627118644067,0.950596252129472,0.9577922077922078,0.9424920127795527,0.9500805152979066,0.0,0.0,0.0,0.8966666666666666,0.9057239057239056,0.9011725293132328
arch_wider,0.001,13,0,9956.0,2493.0,50.0,49.0,0.1358918502953942,0.2702881326856326,0.963439132181599,0.932210188527878,0.8340650888935353,0.8249081395242512,0.8290102512840616,0.9320021480140248,6.539654970169067,0.9562289562289562,0.9594594594594594,0.957841483979764,0.967551622418879,0.973293768545994,0.970414201183432,0.9230769230769232,0.9261744966442952,0.9246231155778896,0.8817891373801917,0.8990228013029316,0.8903225806451613,0.9210526315789472,0.958904109589041,0.9395973154362416,0.875,0.7636363636363637,0.8155339805825242,0.9726027397260274,0.9594594594594594,0.9659863945578232,0.9240506329113924,0.929936305732484,0.926984126984127,0.0,0.0,0.0,0.9192982456140352,0.8791946308724832,0.8987993138936535
arch_wider,0.001,13,1,9958.0,2491.0,50.0,49.0,0.1337526600388223,0.2516223104046808,0.9640490058244628,0.9353673223604978,0.8351846529660092,0.8224227422134056,0.8279368860714718,0.9349663750136896,6.395063161849976,0.956810631229236,0.972972972972973,0.9648241206030151,0.9731343283582088,0.9673590504451038,0.9702380952380952,0.9241379310344828,0.8993288590604027,0.91156462585034,0.9225806451612903,0.9315960912052116,0.9270664505672608,0.915824915824916,0.9315068493150684,0.9235993208828523,0.8636363636363636,0.7037037037037037,0.7755102040816326,0.9405940594059404,0.9628378378378378,0.9515859766277128,0.939873417721519,0.9488817891373802,0.9443561208267092,0.0,0.0,0.0,0.9152542372881356,0.906040268456376,0.9106239460370994
arch_wider,0.001,13,2,9960.0,2489.0,50.0,49.0,0.1334948379934871,0.2446256170317803,0.96355421686747,0.9365206910405786,0.8358963625953356,0.8218774716271282,0.8278098813656518,0.9362080239834634,6.402055978775024,0.9696969696969696,0.972972972972973,0.9713322091062394,0.9820359281437124,0.973293768545994,0.977645305514158,0.906040268456376,0.906040268456376,0.906040268456376,0.9304635761589404,0.9183006535947712,0.924342105263158,0.8961038961038961,0.9452054794520548,0.92,0.8604651162790697,0.6851851851851852,0.7628865979381443,0.9466666666666668,0.9594594594594594,0.953020134228188,0.9577922077922078,0.9424920127795527,0.9500805152979066,0.0,0.0,0.0,0.9096989966555185,0.915824915824916,0.9127516778523488
arch_wider,0.001,13,3,9960.0,2489.0,50.0,49.0,0.1298537674110574,0.23884251355005,0.9659638554216868,0.935315387705906,0.8337287451252186,0.8222778923914789,0.8273299782841461,0.9349896612989907,6.4276509284973145,0.9696969696969696,0.972972972972973,0.9713322091062394,0.9647058823529412,0.973293768545994,0.968980797636632,0.9379310344827586,0.912751677852349,0.9251700680272108,0.932258064516129,0.9444444444444444,0.9383116883116882,0.9057239057239056,0.9212328767123288,0.9134125636672326,0.8444444444444444,0.7037037037037037,0.7676767676767676,0.9594594594594594,0.9594594594594594,0.9594594594594594,0.9274447949526814,0.939297124600639,0.9333333333333332,0.0,0.0,0.0,0.8956228956228957,0.8956228956228957,0.8956228956228957
arch_wider,0.001,13,4,9962.0,2487.0,50.0,49.0,0.139698789135001,0.2490509271864124,0.9626581007829752,0.9412947326095698,0.8311726146656436,0.82862820573409,0.829838323851366,0.9411483301458692,6.44096302986145,0.962457337883959,0.9527027027027029,0.9575551782682512,0.96242774566474,0.9881305637982196,0.9751098096632504,0.9393939393939394,0.9393939393939394,0.9393939393939394,0.9352750809061487,0.9444444444444444,0.9398373983739836,0.9438596491228072,0.9212328767123288,0.932409012131716,0.75,0.7222222222222222,0.7358490566037735,0.9593220338983052,0.9593220338983052,0.9593220338983052,0.929936305732484,0.9329073482428116,0.9314194577352471,0.0,0.0,0.0,0.929054054054054,0.925925925925926,0.927487352445194
arch_wider,0.001,21,0,9956.0,2493.0,50.0,49.0,0.1367250402941631,0.2195602362085189,0.963338690237043,0.9338146811071,0.837522503024738,0.818630640531194,0.8263598295603976,0.933414915287458,6.319681882858276,0.972972972972973,0.972972972972973,0.972972972972973,0.967741935483871,0.9792284866468842,0.9734513274336284,0.931740614334471,0.9161073825503356,0.9238578680203046,0.9253246753246752,0.9283387622149836,0.926829268292683,0.9183673469387756,0.9246575342465754,0.9215017064846416,0.902439024390244,0.6727272727272727,0.7708333333333333,0.9563758389261744,0.9628378378378378,0.9595959595959596,0.9297124600638976,0.926751592356688,0.9282296650717704,0.0,0.0,0.0,0.8705501618122977,0.9026845637583892,0.886326194398682
arch_wider,0.001,21,1,9958.0,2491.0,50.0,49.0,0.1370315848327905,0.2587462801748023,0.9647519582245432,0.934965877157768,0.8358861816632068,0.817519551397693,0.8249692172049411,0.9343599128512926,6.3366217613220215,0.9470198675496688,0.9662162162162162,0.9565217391304348,0.9674556213017752,0.9703264094955488,0.9688888888888888,0.915824915824916,0.912751677852349,0.9142857142857144,0.9228295819935692,0.9348534201954396,0.9288025889967638,0.9477351916376306,0.9315068493150684,0.9395509499136442,0.875,0.6481481481481481,0.7446808510638299,0.9377049180327868,0.9662162162162162,0.9517470881863562,0.9365079365079364,0.9424920127795527,0.9394904458598724,0.0,0.0,0.0,0.9087837837837838,0.9026845637583892,0.9057239057239056
arch_wider,0.001,21,2,9960.0,2489.0,50.0,49.0,0.1330435121468259,0.2933441716210854,0.9643574297188756,0.9256729610285256,0.8243579427194833,0.8206025071285273,0.8222426231420984,0.9254385318428872,6.370869874954224,0.95,0.9628378378378378,0.9563758389261744,0.9504373177842566,0.9673590504451038,0.9588235294117649,0.9183673469387756,0.906040268456376,0.9121621621621622,0.8984126984126984,0.9248366013071896,0.9114331723027376,0.9006622516556292,0.9315068493150684,0.915824915824916,0.8235294117647058,0.7777777777777778,0.7999999999999999,0.9403973509933776,0.9594594594594594,0.9498327759197324,0.9433333333333334,0.9041533546325878,0.9233278955954324,0.0,0.0,0.0,0.9184397163120568,0.8720538720538721,0.8946459412780655
arch_wider,0.001,21,3,9960.0,2489.0,50.0,49.0,0.1361081549498539,0.2418013953416816,0.9643574297188756,0.9377259943752512,0.8365790847518617,0.8273409740088681,0.831471035077791,0.9376000724115986,6.282873153686523,0.9594594594594594,0.9594594594594594,0.9594594594594594,0.9674556213017752,0.9703264094955488,0.9688888888888888,0.889589905362776,0.9463087248322148,0.9170731707317074,0.943894389438944,0.934640522875817,0.9392446633825944,0.9307958477508652,0.9212328767123288,0.9259896729776248,0.851063829787234,0.7407407407407407,0.7920792079207921,0.9619377162629758,0.9391891891891893,0.9504273504273504,0.9426751592356688,0.9456869009584664,0.9441786283891548,0.0,0.0,0.0,0.918918918918919,0.915824915824916,0.9173693086003372
arch_wider,0.001,21,4,9962.0,2487.0,50.0,49.0,0.1358389013358512,0.2167211262357591,0.9638626781770728,0.942098914354644,0.8444582534018492,0.8292862459021924,0.8357777816790888,0.9417057865922052,6.2847371101379395,0.950657894736842,0.9763513513513512,0.9633333333333334,0.9737609329446064,0.9910979228486648,0.9823529411764704,0.9377162629757786,0.9124579124579124,0.924914675767918,0.9446254071661238,0.9477124183006536,0.9461663947797716,0.9415807560137456,0.9383561643835616,0.9399656946826758,0.9069767441860463,0.7222222222222222,0.8041237113402061,0.9527027027027029,0.9559322033898304,0.9543147208121828,0.9329073482428116,0.9329073482428116,0.9329073482428116,0.0,0.0,0.0,0.903654485049834,0.915824915824916,0.9096989966555185
arch_wider,0.001,99,0,9956.0,2493.0,50.0,49.0,0.139235739132253,0.2391736369657904,0.9644435516271596,0.9430405134376254,0.8365910005455495,0.8305508332894498,0.8333653140321522,0.9428957129052123,6.309572219848633,0.9732441471571908,0.983108108108108,0.9781512605042018,0.9765395894428152,0.9881305637982196,0.9823008849557522,0.9593220338983052,0.9496644295302014,0.954468802698145,0.9228295819935692,0.9348534201954396,0.9288025889967638,0.9337979094076656,0.9178082191780822,0.92573402417962,0.8,0.7272727272727273,0.761904761904762,0.976027397260274,0.9628378378378378,0.9693877551020408,0.945859872611465,0.945859872611465,0.945859872611465,0.0,0.0,0.0,0.8782894736842105,0.8959731543624161,0.8870431893687708
arch_wider,0.001,99,1,9958.0,2491.0,50.0,49.0,0.1361173681071164,0.2897114514154449,0.9642498493673428,0.932557205941389,0.8331308574663847,0.8188815583231106,0.8249157822571187,0.93228355632784,6.304325819015503,0.9667774086378738,0.983108108108108,0.9748743718592964,0.9696969696969696,0.9495548961424332,0.95952023988006,0.8785942492012779,0.9228187919463088,0.9001636661211129,0.919093851132686,0.9250814332247556,0.922077922077922,0.9322033898305084,0.9417808219178082,0.9369676320272572,0.8604651162790697,0.6851851851851852,0.7628865979381443,0.9550173010380624,0.9324324324324323,0.9435897435897436,0.9242902208201892,0.9361022364217252,0.93015873015873,0.0,0.0,0.0,0.9251700680272108,0.912751677852349,0.9189189189189187
arch_wider,0.001,99,2,9960.0,2489.0,50.0,49.0,0.1300056923616286,0.2580004935812394,0.9664658634538152,0.9296906388107674,0.8266553229548881,0.8085327557188127,0.8156393265954627,0.928858295624004,6.289456844329834,0.9253246753246752,0.9628378378378378,0.9437086092715232,0.9763313609467456,0.9792284866468842,0.9777777777777776,0.936842105263158,0.8959731543624161,0.915951972555746,0.9111842105263158,0.9052287581699346,0.9081967213114752,0.9220338983050848,0.9315068493150684,0.9267461669505964,0.8205128205128205,0.5925925925925926,0.6881720430107526,0.931372549019608,0.9628378378378378,0.946843853820598,0.939297124600639,0.939297124600639,0.939297124600639,0.0,0.0,0.0,0.903654485049834,0.915824915824916,0.9096989966555185
arch_wider,0.001,99,3,9960.0,2489.0,50.0,49.0,0.135218357813615,0.2125629711736575,0.9646586345381526,0.9421454399357172,0.8428258482062251,0.8386562899233725,0.8405814652671626,0.9420527757853664,6.284788131713867,0.9566666666666668,0.9695945945945946,0.9630872483221476,0.9622093023255814,0.9821958456973294,0.972099853157122,0.9324324324324323,0.9261744966442952,0.9292929292929292,0.962457337883959,0.9215686274509804,0.9415692821368948,0.9205298013245032,0.952054794520548,0.936026936026936,0.8823529411764706,0.8333333333333334,0.8571428571428571,0.9726962457337884,0.9628378378378378,0.967741935483871,0.926751592356688,0.9297124600638976,0.9282296650717704,0.0,0.0,0.0,0.9121621621621622,0.9090909090909092,0.9106239460370994
arch_wider,0.001,99,4,9962.0,2487.0,50.0,49.0,0.1361033475657312,0.2583544480607617,0.964766111222646,0.925211097708082,0.8191443624952331,0.8077721691768117,0.812636672812241,0.9248058256878936,6.32744288444519,0.9433333333333334,0.956081081081081,0.9496644295302014,0.9792899408284024,0.9821958456973294,0.9807407407407408,0.9225589225589226,0.9225589225589226,0.9225589225589226,0.907936507936508,0.934640522875817,0.9210950080515296,0.8844884488448845,0.9178082191780822,0.9008403361344538,0.7727272727272727,0.6296296296296297,0.6938775510204083,0.9448275862068966,0.928813559322034,0.9367521367521368,0.9470198675496688,0.9137380191693292,0.930081300813008,0.0,0.0,0.0,0.889261744966443,0.8922558922558923,0.8907563025210085
arch_wider,0.005,42,0,9956.0,2493.0,50.0,29.0,0.0189254914388796,0.2325350600621681,0.9983929288871032,0.9510629763337344,0.843348999007473,0.8477070075244992,0.8452696144446973,0.951102733136562,6.395275115966797,0.9633333333333334,0.9763513513513512,0.9697986577181208,0.9793510324483776,0.9851632047477744,0.9822485207100592,0.9183006535947712,0.9429530201342282,0.9304635761589404,0.9689655172413794,0.9153094462540716,0.9413735343383584,0.9297658862876256,0.952054794520548,0.9407783417935702,0.7966101694915254,0.8545454545454545,0.8245614035087718,0.976271186440678,0.972972972972973,0.9746192893401016,0.9498432601880876,0.964968152866242,0.957345971563981,0.0,0.0,0.0,0.951048951048951,0.912751677852349,0.9315068493150686
arch_wider,0.005,42,1,9958.0,2491.0,50.0,35.0,0.0179723664916349,0.2265958557277081,0.9988953605141596,0.9494179044560418,0.8441129548415895,0.8414185884816809,0.8426553717296761,0.9492976856572084,6.3042261600494385,0.959731543624161,0.9662162162162162,0.962962962962963,0.9792284866468842,0.9792284866468842,0.9792284866468842,0.9586206896551724,0.9328859060402684,0.9455782312925172,0.944078947368421,0.9348534201954396,0.939443535188216,0.951048951048951,0.9315068493150684,0.9411764705882352,0.8269230769230769,0.7962962962962963,0.8113207547169811,0.95,0.9628378378378378,0.9563758389261744,0.9388379204892966,0.9808306709265175,0.959375,0.0,0.0,0.0,0.9326599326599326,0.929530201342282,0.93109243697479
arch_wider,0.005,42,2,9960.0,2489.0,50.0,40.0,0.017624213481935,0.1910178574386179,0.9983935742971888,0.941743672157493,0.8366646219792914,0.8308367311649585,0.8335316920108925,0.941608840338192,6.310904026031494,0.9727891156462584,0.9662162162162162,0.9694915254237289,0.981981981981982,0.9703264094955488,0.9761194029850746,0.9264214046822744,0.929530201342282,0.9279731993299832,0.954248366013072,0.954248366013072,0.954248366013072,0.925925925925926,0.9417808219178082,0.933786078098472,0.8163265306122449,0.7407407407407407,0.7766990291262137,0.9375,0.9628378378378378,0.95,0.935064935064935,0.9201277955271564,0.927536231884058,0.0,0.0,0.0,0.9163879598662208,0.9225589225589226,0.9194630872483222
arch_wider,0.005,42,3,9960.0,2489.0,50.0,35.0,0.0200094658271801,0.2161024186670587,0.9978915662650604,0.9513860988348736,0.8541350582577957,0.8385533068549419,0.8452003807853007,0.9510609208132914,6.320982217788696,0.9537953795379538,0.9763513513513512,0.9649415692821368,0.9822485207100592,0.9851632047477744,0.9837037037037036,0.9415807560137456,0.9194630872483222,0.930390492359932,0.9245283018867924,0.9607843137254902,0.9423076923076924,0.9586206896551724,0.952054794520548,0.9553264604810996,0.9302325581395348,0.7407407407407407,0.8247422680412371,0.96,0.972972972972973,0.9664429530201344,0.9612903225806452,0.952076677316294,0.956661316211878,0.0,0.0,0.0,0.929054054054054,0.925925925925926,0.927487352445194
arch_wider,0.005,42,4,9962.0,2487.0,50.0,42.0,0.0191453192665515,0.182662551299645,0.9987954226059024,0.9505428226779252,0.8507783633978148,0.8426020532868657,0.8462778753955561,0.9504162987180444,6.712385177612305,0.9731543624161074,0.9797297297297296,0.9764309764309764,0.982089552238806,0.9762611275964392,0.9791666666666664,0.954225352112676,0.9124579124579124,0.9328743545611016,0.9333333333333332,0.9607843137254902,0.9468599033816426,0.9335548172757476,0.9623287671232876,0.9477234401349072,0.8958333333333334,0.7962962962962963,0.8431372549019608,0.9690721649484536,0.9559322033898304,0.962457337883959,0.948220064724919,0.9361022364217252,0.9421221864951768,0.0,0.0,0.0,0.9183006535947712,0.9461279461279462,0.9320066334991708
arch_wider,0.005,7,0,9956.0,2493.0,50.0,38.0,0.0185383523024959,0.2152448428610569,0.9983929288871032,0.9430405134376254,0.846277278552478,0.8365912410381263,0.8410158657418035,0.9429156722715568,6.411910772323608,0.9695945945945946,0.9695945945945946,0.9695945945945946,0.9647058823529412,0.973293768545994,0.968980797636632,0.9114754098360656,0.9328859060402684,0.9220563847429518,0.9446254071661238,0.9446254071661238,0.944625407166124,0.9270833333333334,0.9143835616438356,0.920689655172414,0.9166666666666666,0.8,0.854368932038835,0.9625850340136054,0.956081081081081,0.9593220338983052,0.943217665615142,0.9522292993630572,0.94770206022187,0.0,0.0,0.0,0.9228187919463088,0.9228187919463088,0.9228187919463088
arch_wider,0.005,7,1,9958.0,2491.0,50.0,36.0,0.0185622245142082,0.1665513141445239,0.9982928298855192,0.9610598153352068,0.8631498026188643,0.8589507166490995,0.8609248376026823,0.9610066376103242,6.297478914260864,0.9766666666666668,0.9898648648648648,0.9832214765100672,0.9792899408284024,0.9821958456973294,0.9807407407407408,0.940983606557377,0.9630872483221476,0.9519071310116084,0.9633333333333334,0.9413680781758956,0.9522240527182866,0.9464882943143812,0.9691780821917808,0.957698815566836,0.9411764705882352,0.8888888888888888,0.9142857142857144,0.9863481228668942,0.9763513513513512,0.9813242784380304,0.9548387096774194,0.9456869009584664,0.9502407704654894,0.0,0.0,0.0,0.9423728813559322,0.9328859060402684,0.9376053962900506
arch_wider,0.005,7,2,9960.0,2489.0,50.0,32.0,0.0167419910731474,0.2246686159246361,0.9988955823293172,0.9465648854961832,0.8517006249638092,0.8299367461309458,0.8385870525273622,0.9459675755428082,6.264178991317749,0.9630872483221476,0.9695945945945946,0.9663299663299664,0.9852507374631267,0.9910979228486648,0.9881656804733728,0.9489795918367347,0.9362416107382552,0.9425675675675677,0.9297124600638976,0.9509803921568628,0.9402261712439418,0.9324324324324323,0.9452054794520548,0.9387755102040816,0.9487179487179488,0.6851851851851852,0.7956989247311828,0.954248366013072,0.9864864864864864,0.9700996677740864,0.925,0.9456869009584664,0.9352290679304897,0.0,0.0,0.0,0.9295774647887324,0.8888888888888888,0.9087779690189328
arch_wider,0.005,7,3,9960.0,2489.0,50.0,38.0,0.019008748164376,0.2014707680310872,0.998694779116466,0.9541984732824428,0.8552484562559588,0.8471049930758461,0.8508326671432919,0.9541082424528242,6.283783912658691,0.9601328903654484,0.9763513513513512,0.9681742043551088,0.9880597014925372,0.9821958456973294,0.9851190476190476,0.9333333333333332,0.9395973154362416,0.9364548494983278,0.9448051948051948,0.9509803921568628,0.9478827361563515,0.94,0.9657534246575342,0.9527027027027024,0.9166666666666666,0.8148148148148148,0.8627450980392156,0.9693877551020408,0.9628378378378378,0.9661016949152542,0.9672131147540984,0.9424920127795527,0.9546925566343042,0.0,0.0,0.0,0.9328859060402684,0.936026936026936,0.934453781512605
arch_wider,0.005,7,4,9962.0,2487.0,50.0,36.0,0.0190975391850054,0.2405904820701599,0.9977916081108212,0.946119823080016,0.8402959309643018,0.840391864545148,0.8402918484572609,0.9462149176590976,6.367624998092651,0.9533333333333334,0.9662162162162162,0.9597315436241612,0.9969418960244648,0.9673590504451038,0.9819277108433736,0.9230769230769232,0.9292929292929292,0.9261744966442952,0.941747572815534,0.9509803921568628,0.946341463414634,0.9375,0.9246575342465754,0.9310344827586208,0.8148148148148148,0.8148148148148148,0.8148148148148148,0.962457337883959,0.9559322033898304,0.9591836734693876,0.9583333333333334,0.9552715654952076,0.9568,0.0,0.0,0.0,0.9147540983606556,0.9393939393939394,0.9269102990033222
arch_wider,0.005,13,0,9956.0,2493.0,50.0,38.0,0.0183184721663161,0.2240697311660314,0.9984933708316592,0.9438427597272364,0.8446161130292756,0.8421162793236892,0.8432646170031832,0.943874855823753,6.334228038787842,0.9594594594594594,0.9594594594594594,0.9594594594594594,0.9848942598187312,0.9673590504451038,0.9760479041916168,0.9188311688311688,0.9496644295302014,0.933993399339934,0.906148867313916,0.9120521172638436,0.9090909090909092,0.9401993355481728,0.9691780821917808,0.954468802698145,0.8867924528301887,0.8545454545454545,0.8703703703703703,0.9828178694158076,0.9662162162162162,0.9744463373083476,0.9449838187702264,0.929936305732484,0.9373996789727126,0.0,0.0,0.0,0.9220338983050848,0.912751677852349,0.9173693086003372
arch_wider,0.005,13,1,9958.0,2491.0,50.0,31.0,0.0189096802222808,0.2252201685024316,0.9985940951998392,0.9474106784423926,0.8477141279918788,0.8385474950427874,0.8426787676272431,0.9472284695562516,6.268195152282715,0.9605263157894736,0.9864864864864864,0.9733333333333332,0.9879154078549848,0.9703264094955488,0.9790419161676646,0.9455782312925172,0.9328859060402684,0.9391891891891893,0.944078947368421,0.9348534201954396,0.939443535188216,0.9261744966442952,0.9452054794520548,0.9355932203389832,0.8936170212765957,0.7777777777777778,0.8316831683168316,0.9566666666666668,0.9695945945945946,0.9630872483221476,0.9369085173501576,0.9488817891373802,0.9428571428571428,0.0,0.0,0.0,0.9256756756756755,0.9194630872483222,0.9225589225589228
arch_wider,0.005,13,2,9960.0,2489.0,50.0,39.0,0.0197432065858393,0.1947117661863978,0.998293172690763,0.956609079951788,0.855369311332401,0.845833127391543,0.8500886998893288,0.9563878041957886,6.31451678276062,0.9829931972789115,0.9763513513513512,0.9796610169491526,0.9882005899705014,0.9940652818991098,0.9911242603550297,0.9391891891891893,0.9328859060402684,0.936026936026936,0.9501661129568106,0.934640522875817,0.942339373970346,0.9253246753246752,0.976027397260274,0.95,0.8936170212765957,0.7777777777777778,0.8316831683168316,0.9662162162162162,0.9662162162162162,0.9662162162162162,0.953125,0.97444089456869,0.9636650868878356,0.0,0.0,0.0,0.9548611111111112,0.925925925925926,0.9401709401709402
arch_wider,0.005,13,3,9960.0,2489.0,50.0,36.0,0.0179597445058972,0.2059540501092628,0.998293172690763,0.9497790277219766,0.848078111188866,0.8387969302929207,0.8429800161217791,0.9496326795001656,6.319425106048584,0.9662162162162162,0.9662162162162162,0.9662162162162162,0.987987987987988,0.9762611275964392,0.982089552238806,0.9523809523809524,0.9395973154362416,0.945945945945946,0.928125,0.9705882352941176,0.9488817891373802,0.9379310344827586,0.9315068493150684,0.9347079037800688,0.8723404255319149,0.7592592592592593,0.8118811881188118,0.969283276450512,0.9594594594594594,0.964346349745331,0.9426751592356688,0.9456869009584664,0.9441786283891548,0.0,0.0,0.0,0.9238410596026492,0.9393939393939394,0.9315525876460768
arch_wider,0.005,13,4,9962.0,2487.0,50.0,31.0,0.0191664654091432,0.2190928996881827,0.9982935153583616,0.9529553679131484,0.8475830006793617,0.8458389867493314,0.8466426980079584,0.9528626419530596,6.387804985046387,0.979381443298969,0.9628378378378378,0.9710391822827938,0.956896551724138,0.9881305637982196,0.9722627737226278,0.9522184300341296,0.9393939393939394,0.9457627118644067,0.9477124183006536,0.9477124183006536,0.9477124183006536,0.9507042253521126,0.9246575342465754,0.9375,0.8301886792452831,0.8148148148148148,0.8224299065420562,0.959866220735786,0.9728813559322034,0.9663299663299664,0.9493670886075948,0.9584664536741214,0.9538950715421304,0.0,0.0,0.0,0.9494949494949496,0.9494949494949496,0.9494949494949496
arch_wider,0.005,21,0,9956.0,2493.0,50.0,43.0,0.0190964618687307,0.1704878431505889,0.9985938127762154,0.9538708383473726,0.8563632482696526,0.8411976596240625,0.8477068586596979,0.953605144690323,6.269791841506958,0.9797979797979798,0.983108108108108,0.981450252951096,0.9792899408284024,0.9821958456973294,0.9807407407407408,0.9493243243243245,0.9429530201342282,0.9461279461279462,0.9536423841059604,0.9381107491856676,0.9458128078817734,0.9271523178807948,0.958904109589041,0.9427609427609428,0.9318181818181818,0.7454545454545455,0.8282828282828283,0.9663299663299664,0.9695945945945946,0.9679595278246208,0.9493670886075948,0.9554140127388536,0.9523809523809524,0.0,0.0,0.0,0.9269102990033222,0.9362416107382552,0.9315525876460768
arch_wider,0.005,21,1,9958.0,2491.0,50.0,34.0,0.0184833887000014,0.2262778506179372,0.9987949387427194,0.9518265756724208,0.8470875434172779,0.8421308474283731,0.8444250356329567,0.9516852556991162,6.2347798347473145,0.956953642384106,0.9763513513513512,0.9665551839464884,0.9850746268656716,0.9792284866468842,0.982142857142857,0.9304635761589404,0.9429530201342282,0.9366666666666668,0.9504950495049505,0.9381107491856676,0.9442622950819672,0.96875,0.9554794520547946,0.9620689655172414,0.84,0.7777777777777778,0.8076923076923077,0.9475409836065574,0.9763513513513512,0.9617304492512478,0.939873417721519,0.9488817891373802,0.9443561208267092,0.0,0.0,0.0,0.9517241379310344,0.9261744966442952,0.9387755102040818
arch_wider,0.005,21,2,9960.0,2489.0,50.0,35.0,0.0185411276920878,0.2597882796719472,0.9983935742971888,0.9457613499397348,0.8449791010411202,0.8461914790069475,0.8454520538894471,0.9457025145647104,6.246474027633667,0.9628378378378378,0.9628378378378378,0.9628378378378378,0.9734513274336284,0.9792284866468842,0.9763313609467454,0.938566552901024,0.9228187919463088,0.9306260575296108,0.9318181818181818,0.937908496732026,0.9348534201954396,0.9144736842105264,0.952054794520548,0.9328859060402684,0.8727272727272727,0.8888888888888888,0.8807339449541284,0.9537953795379538,0.9763513513513512,0.9649415692821368,0.948220064724919,0.9361022364217252,0.9421221864951768,0.0,0.0,0.0,0.953900709219858,0.9057239057239056,0.929188255613126
arch_wider,0.005,21,3,9960.0,2489.0,50.0,33.0,0.0182670083498961,0.2064920677543399,0.9983935742971888,0.9529931699477702,0.8512406643266607,0.8536225561186261,0.8522812125376971,0.9530591705341752,6.249990940093994,0.9763513513513512,0.9763513513513512,0.9763513513513512,0.9821428571428572,0.9792284866468842,0.9806835066864784,0.9085173501577288,0.9664429530201344,0.9365853658536586,0.9562289562289562,0.9281045751633988,0.9419568822553898,0.9409722222222222,0.928082191780822,0.9344827586206896,0.875,0.9074074074074074,0.8909090909090909,0.9794520547945206,0.9662162162162162,0.9727891156462584,0.9615384615384616,0.9584664536741214,0.96,0.0,0.0,0.0,0.9322033898305084,0.925925925925926,0.9290540540540542
arch_wider,0.005,21,4,9962.0,2487.0,50.0,38.0,0.0186766119971245,0.1818701556261909,0.9985946597068862,0.956172094893446,0.8508829945111982,0.8468814524917091,0.8487450771030284,0.9559836888527724,6.27931809425354,0.9667774086378738,0.983108108108108,0.9748743718592964,0.979591836734694,0.9970326409495548,0.988235294117647,0.9517241379310344,0.9292929292929292,0.940374787052811,0.9419354838709676,0.954248366013072,0.948051948051948,0.945945945945946,0.958904109589041,0.9523809523809524,0.8431372549019608,0.7962962962962963,0.8190476190476189,0.9691780821917808,0.9593220338983052,0.9642248722316864,0.9558359621451104,0.9680511182108626,0.961904761904762,0.0,0.0,0.0,0.9547038327526132,0.9225589225589226,0.9383561643835616
arch_wider,0.005,99,0,9956.0,2493.0,50.0,35.0,0.0182637635564866,0.2090340658981974,0.9986942547207714,0.9590854392298436,0.8543515247652875,0.846789345780865,0.8502815261931843,0.9589158784800436,6.328390121459961,0.9732441471571908,0.983108108108108,0.9781512605042018,0.9851190476190476,0.9821958456973294,0.9836552748885588,0.9730639730639732,0.9697986577181208,0.9714285714285714,0.9514563106796116,0.9576547231270358,0.9545454545454544,0.9377162629757786,0.928082191780822,0.9328743545611016,0.8571428571428571,0.7636363636363637,0.8076923076923076,0.9863481228668942,0.9763513513513512,0.9813242784380304,0.9655172413793104,0.9808917197452228,0.9731437598736178,0.0,0.0,0.0,0.913907284768212,0.9261744966442952,0.92
arch_wider,0.005,99,1,9958.0,2491.0,50.0,36.0,0.0187620096851542,0.2544081350157595,0.9981924081140792,0.9470092332396628,0.8458418608903147,0.8352436964991181,0.8398765646477274,0.946877728065222,6.33313512802124,0.9636963696369636,0.9864864864864864,0.9749582637729548,0.9848942598187312,0.9673590504451038,0.9760479041916168,0.8913738019169329,0.9362416107382552,0.9132569558101472,0.940983606557377,0.9348534201954396,0.937908496732026,0.94,0.9657534246575342,0.9527027027027024,0.8695652173913043,0.7407407407407407,0.7999999999999999,0.975609756097561,0.945945945945946,0.9605488850771868,0.9339622641509434,0.9488817891373802,0.9413629160063391,0.0,0.0,0.0,0.9583333333333334,0.9261744966442952,0.9419795221843004
arch_wider,0.005,99,2,9960.0,2489.0,50.0,35.0,0.0177159353353683,0.2228220838452702,0.998995983935743,0.9457613499397348,0.836891746501262,0.832509937201652,0.8345292354300261,0.9455648840119756,6.356809139251709,0.9501661129568106,0.9662162162162162,0.9581239530988276,0.993993993993994,0.9821958456973294,0.9880597014925374,0.9480968858131488,0.9194630872483222,0.9335604770017036,0.924092409240924,0.915032679738562,0.9195402298850572,0.9491525423728814,0.958904109589041,0.9540034071550256,0.78,0.7222222222222222,0.7500000000000001,0.940983606557377,0.9695945945945946,0.9550748752079868,0.9430379746835444,0.952076677316294,0.9475357710651828,0.0,0.0,0.0,0.9393939393939394,0.9393939393939394,0.9393939393939394
arch_wider,0.005,99,3,9960.0,2489.0,50.0,28.0,0.0181538963733095,0.184304336283067,0.998694779116466,0.956609079951788,0.8570846295421504,0.8597960672356137,0.858394569754975,0.9566355488203976,6.317318916320801,0.9695945945945946,0.9695945945945946,0.9695945945945946,0.9763313609467456,0.9792284866468842,0.9777777777777776,0.9366666666666666,0.9429530201342282,0.939799331103679,0.9539473684210528,0.9477124183006536,0.9508196721311476,0.9559322033898304,0.9657534246575342,0.9608177172061328,0.9107142857142856,0.9444444444444444,0.9272727272727272,0.9828178694158076,0.9662162162162162,0.9744463373083476,0.9483870967741936,0.939297124600639,0.9438202247191012,0.0,0.0,0.0,0.9364548494983278,0.9427609427609428,0.9395973154362418
arch_wider,0.005,99,4,9962.0,2487.0,50.0,39.0,0.018134696029331,0.2213195772912183,0.9982935153583616,0.9400884599919582,0.8330373005708805,0.8306876609722902,0.8317903507065866,0.9400310884192628,6.288594961166382,0.959731543624161,0.9662162162162162,0.962962962962963,0.9794117647058824,0.9881305637982196,0.983751846381093,0.9302325581395348,0.9427609427609428,0.9364548494983278,0.919093851132686,0.9281045751633988,0.9235772357723576,0.9124579124579124,0.928082191780822,0.9202037351443124,0.7884615384615384,0.7592592592592593,0.7735849056603773,0.9522184300341296,0.9457627118644067,0.9489795918367346,0.966996699669967,0.9361022364217252,0.9512987012987012,0.0,0.0,0.0,0.9217687074829932,0.9124579124579124,0.9170896785109984
arch_wider,0.01,42,0,9956.0,2493.0,50.0,16.0,0.0053095028669305,0.2514004878027918,1.0,0.9538708383473726,0.8465754195001868,0.8500776346813872,0.8481367410335705,0.9538760651019204,6.362107038497925,0.9635761589403974,0.983108108108108,0.9732441471571908,0.988095238095238,0.9851632047477744,0.986627043090639,0.9255663430420712,0.959731543624161,0.942339373970346,0.9656357388316152,0.9153094462540716,0.9397993311036787,0.9391891891891893,0.952054794520548,0.9455782312925172,0.8103448275862069,0.8545454545454545,0.831858407079646,0.976271186440678,0.972972972972973,0.9746192893401016,0.9556962025316456,0.961783439490446,0.9587301587301588,0.0,0.0,0.0,0.9413793103448276,0.9161073825503356,0.9285714285714284
arch_wider,0.01,42,1,9958.0,2491.0,50.0,15.0,0.0051712840749747,0.239060521677799,1.0,0.9526294660778803,0.8483508225247828,0.8455701797469913,0.8468794758387013,0.952532643149956,6.315376043319702,0.9595959595959596,0.9628378378378378,0.9612141652613828,0.976401179941003,0.9821958456973294,0.9792899408284024,0.958904109589041,0.9395973154362416,0.9491525423728814,0.9475409836065574,0.9413680781758956,0.9444444444444444,0.958041958041958,0.9383561643835616,0.9480968858131488,0.8461538461538461,0.8148148148148148,0.830188679245283,0.9562289562289562,0.9594594594594594,0.957841483979764,0.9475308641975309,0.9808306709265175,0.9638932496075352,0.0,0.0,0.0,0.9331103678929766,0.9362416107382552,0.934673366834171
arch_wider,0.01,42,2,9960.0,2489.0,50.0,17.0,0.0051076552088296,0.2001924022391599,1.0,0.943752511048614,0.8403848739646878,0.8355425878253637,0.8378150262475866,0.9436844641602808,6.329831838607788,0.9726962457337884,0.9628378378378378,0.967741935483871,0.981981981981982,0.9703264094955488,0.9761194029850746,0.9266666666666666,0.9328859060402684,0.9297658862876254,0.9605263157894736,0.954248366013072,0.9573770491803278,0.9326599326599326,0.9486301369863014,0.9405772495755518,0.84,0.7777777777777778,0.8076923076923077,0.9405940594059404,0.9628378378378378,0.9515859766277128,0.9292604501607716,0.9233226837060704,0.9262820512820512,0.0,0.0,0.0,0.9194630872483222,0.9225589225589226,0.9210084033613444
arch_wider,0.01,42,3,9960.0,2489.0,50.0,19.0,0.005505589384204,0.2315253092157427,1.0,0.952189634391322,0.8549779983609328,0.8407476244602184,0.8469152624604404,0.9519220991636386,6.300079822540283,0.956953642384106,0.9763513513513512,0.9665551839464884,0.9822485207100592,0.9851632047477744,0.9837037037037036,0.9383561643835616,0.9194630872483222,0.9288135593220338,0.9216300940438872,0.9607843137254902,0.9408,0.9620689655172414,0.9554794520547946,0.958762886597938,0.9318181818181818,0.7592592592592593,0.836734693877551,0.9632107023411371,0.972972972972973,0.9680672268907564,0.9612903225806452,0.952076677316294,0.956661316211878,0.0,0.0,0.0,0.9322033898305084,0.925925925925926,0.9290540540540542
arch_wider,0.01,42,4,9962.0,2487.0,50.0,20.0,0.0054610477596826,0.1911044291771244,0.999899618550492,0.9529553679131484,0.8531434936385919,0.8476235890472743,0.8501457099725187,0.9528598768315384,6.310061931610107,0.9764309764309764,0.9797297297297296,0.9780775716694772,0.9791666666666666,0.9762611275964392,0.9777117384843982,0.954225352112676,0.9124579124579124,0.9328743545611016,0.9367088607594936,0.9673202614379084,0.9517684887459807,0.933774834437086,0.9657534246575342,0.9494949494949496,0.9,0.8333333333333334,0.8653846153846153,0.972508591065292,0.9593220338983052,0.9658703071672357,0.9483870967741936,0.939297124600639,0.9438202247191012,0.0,0.0,0.0,0.9302325581395348,0.9427609427609428,0.9364548494983278
arch_wider,0.01,7,0,9956.0,2493.0,50.0,16.0,0.0052464155529025,0.2292382523784299,1.0,0.946249498596069,0.8471085120698503,0.8376290367123955,0.8419470020640153,0.9460485161188584,6.316894054412842,0.9728813559322034,0.9695945945945946,0.9712351945854484,0.9678362573099416,0.9821958456973294,0.9749631811487482,0.9207920792079208,0.9362416107382552,0.9284525790349418,0.9512987012987012,0.9543973941368078,0.9528455284552846,0.9243986254295532,0.9212328767123288,0.9228130360205832,0.8958333333333334,0.7818181818181819,0.8349514563106797,0.9627118644067796,0.9594594594594594,0.961082910321489,0.940625,0.9585987261146496,0.9495268138801262,0.0,0.0,0.0,0.9347079037800688,0.912751677852349,0.9235993208828523
arch_wider,0.01,7,1,9958.0,2491.0,50.0,20.0,0.0051642469558266,0.1750618966572968,1.0,0.9618627057406663,0.8638091424593514,0.8596126712204153,0.86157463323601,0.9618096836576656,6.319131851196289,0.9765886287625418,0.9864864864864864,0.9815126050420168,0.9821958456973294,0.9821958456973294,0.9821958456973294,0.9348534201954396,0.9630872483221476,0.9487603305785124,0.9697986577181208,0.9413680781758956,0.9553719008264464,0.953020134228188,0.9726027397260274,0.9627118644067796,0.9411764705882352,0.8888888888888888,0.9142857142857144,0.9797297297297296,0.9797297297297296,0.9797297297297298,0.9519230769230768,0.9488817891373802,0.9504,0.0,0.0,0.0,0.9488054607508531,0.9328859060402684,0.9407783417935702
arch_wider,0.01,7,2,9960.0,2489.0,50.0,18.0,0.0048768523548398,0.2434715459768432,1.0,0.9509843310566491,0.8535798759903385,0.8365888382606187,0.8436949492826307,0.9505242168976716,6.798385858535767,0.9695945945945946,0.9695945945945946,0.9695945945945946,0.9882005899705014,0.9940652818991098,0.9911242603550297,0.9527027027027029,0.9463087248322148,0.9494949494949496,0.935897435897436,0.954248366013072,0.9449838187702266,0.9326599326599326,0.9486301369863014,0.9405772495755518,0.9285714285714286,0.7222222222222222,0.8125000000000001,0.9605263157894736,0.9864864864864864,0.9733333333333332,0.93125,0.952076677316294,0.9415481832543444,0.0,0.0,0.0,0.9363957597173144,0.8922558922558923,0.913793103448276
arch_wider,0.01,7,3,9960.0,2489.0,50.0,22.0,0.0053448389875965,0.2039496319684427,1.0,0.9574126155082362,0.8596628056542837,0.851307780747897,0.8551528605295126,0.9573409777300674,6.568498849868774,0.9634551495016612,0.9797297297297296,0.9715242881072026,0.9850746268656716,0.9792284866468842,0.982142857142857,0.9401993355481728,0.9496644295302014,0.9449081803005008,0.9540983606557376,0.9509803921568628,0.9525368248772504,0.945945945945946,0.958904109589041,0.9523809523809524,0.9375,0.8333333333333334,0.8823529411764706,0.9695945945945946,0.9695945945945946,0.9695945945945946,0.96742671009772,0.9488817891373802,0.9580645161290322,0.0,0.0,0.0,0.9333333333333332,0.9427609427609428,0.9380234505862648
arch_wider,0.01,7,4,9962.0,2487.0,50.0,14.0,0.0053360909492854,0.2543897150364362,1.0,0.9497386409328508,0.8439345903638598,0.8464137284065997,0.845096221465667,0.9498894000870636,6.414148807525635,0.9534883720930232,0.9695945945945946,0.9614740368509214,1.0,0.9703264094955488,0.9849397590361444,0.920265780730897,0.9326599326599326,0.9264214046822742,0.9448051948051948,0.9509803921568628,0.9478827361563515,0.944636678200692,0.934931506849315,0.9397590361445782,0.8214285714285714,0.8518518518518519,0.8363636363636364,0.9724137931034482,0.9559322033898304,0.964102564102564,0.9584664536741214,0.9584664536741214,0.9584664536741214,0.0,0.0,0.0,0.9238410596026492,0.9393939393939394,0.9315525876460768
arch_wider,0.01,13,0,9956.0,2493.0,50.0,17.0,0.0051118516678775,0.233279075637465,1.0,0.9486562374649016,0.8472515818962473,0.8460844644389353,0.8465927679185625,0.948683718130082,6.4709062576293945,0.9629629629629628,0.9662162162162162,0.9645868465430018,0.9849397590361446,0.9703264094955488,0.9775784753363228,0.9163987138263664,0.9563758389261744,0.9359605911330048,0.9207920792079208,0.9087947882736156,0.9147540983606558,0.956081081081081,0.9691780821917808,0.9625850340136052,0.8703703703703703,0.8545454545454545,0.8623853211009175,0.9828178694158076,0.9662162162162162,0.9744463373083476,0.9483870967741936,0.9363057324840764,0.9423076923076924,0.0,0.0,0.0,0.9297658862876256,0.9328859060402684,0.931323283082077
arch_wider,0.01,13,1,9958.0,2491.0,50.0,16.0,0.0053271547783771,0.2350149148486705,1.0,0.949016459253312,0.8523591272302348,0.83991142773591,0.845372182570606,0.94880821336334,6.338354825973511,0.9575163398692812,0.9898648648648648,0.973421926910299,0.9879154078549848,0.9703264094955488,0.9790419161676646,0.9455782312925172,0.9328859060402684,0.9391891891891893,0.9444444444444444,0.9413680781758956,0.9429037520391516,0.929530201342282,0.9486301369863014,0.9389830508474576,0.9333333333333332,0.7777777777777778,0.8484848484848485,0.9534883720930232,0.9695945945945946,0.9614740368509214,0.9424920127795527,0.9424920127795527,0.9424920127795527,0.0,0.0,0.0,0.9292929292929292,0.9261744966442952,0.9277310924369748
arch_wider,0.01,13,2,9960.0,2489.0,50.0,20.0,0.0056076097393745,0.200026057654625,1.0,0.9594214543993572,0.856122128668029,0.8481500046600242,0.8517551017485978,0.9592139132472072,6.363826036453247,0.9863481228668942,0.9763513513513512,0.9813242784380304,0.9911242603550297,0.9940652818991098,0.9925925925925924,0.9518900343642612,0.929530201342282,0.9405772495755518,0.950657894736842,0.9444444444444444,0.9475409836065573,0.934640522875817,0.9794520547945206,0.9565217391304348,0.875,0.7777777777777778,0.823529411764706,0.9629629629629628,0.9662162162162162,0.9645868465430018,0.9532710280373832,0.977635782747604,0.9652996845425869,0.0,0.0,0.0,0.9553264604810996,0.936026936026936,0.945578231292517
arch_wider,0.01,13,3,9960.0,2489.0,50.0,19.0,0.0051067462799689,0.2167251533556836,1.0,0.9513860988348736,0.8478929512711215,0.8400799789727976,0.8436626025995487,0.9512447054091856,6.279767990112305,0.9695945945945946,0.9695945945945946,0.9695945945945946,0.9850746268656716,0.9792284866468842,0.982142857142857,0.958904109589041,0.9395973154362416,0.9491525423728814,0.9335443037974684,0.9640522875816994,0.9485530546623794,0.934931506849315,0.934931506849315,0.934931506849315,0.8541666666666666,0.7592592592592593,0.8039215686274509,0.9726962457337884,0.9628378378378378,0.967741935483871,0.940251572327044,0.9552715654952076,0.94770206022187,0.0,0.0,0.0,0.9297658862876256,0.936026936026936,0.9328859060402684
arch_wider,0.01,13,4,9962.0,2487.0,50.0,20.0,0.0053991360565123,0.2288942723827878,1.0,0.9557700040209088,0.8524832377181764,0.8481489248608989,0.8501938315259437,0.9556395240638336,6.3444530963897705,0.979381443298969,0.9628378378378378,0.9710391822827938,0.9598853868194842,0.9940652818991098,0.97667638483965,0.952542372881356,0.9461279461279462,0.9493243243243242,0.950657894736842,0.9444444444444444,0.9475409836065573,0.9513888888888888,0.9383561643835616,0.9448275862068966,0.8627450980392157,0.8148148148148148,0.838095238095238,0.9566666666666668,0.9728813559322034,0.9647058823529412,0.9523809523809524,0.9584664536741214,0.9554140127388536,0.0,0.0,0.0,0.9591836734693876,0.9494949494949496,0.9543147208121828
arch_wider,0.01,21,0,9956.0,2493.0,50.0,20.0,0.0053820046713256,0.1768010502426459,1.0,0.9574809466506218,0.8595801380729841,0.8471127765664421,0.8526373153983249,0.9573657223133027,6.318404912948608,0.9797979797979798,0.983108108108108,0.981450252951096,0.9880597014925372,0.9821958456973294,0.9851190476190476,0.9531772575250836,0.9563758389261744,0.9547738693467336,0.9573770491803278,0.9511400651465798,0.9542483660130718,0.9297658862876256,0.952054794520548,0.9407783417935702,0.9347826086956522,0.7818181818181819,0.8514851485148516,0.9795221843003412,0.9695945945945946,0.9745331069609507,0.9555555555555556,0.9585987261146496,0.9570747217806042,0.0,0.0,0.0,0.9177631578947368,0.9362416107382552,0.9269102990033224
arch_wider,0.01,21,1,9958.0,2491.0,50.0,20.0,0.0052164579896564,0.2332238548574862,1.0,0.9550381372942592,0.8491424926362742,0.8417379052609156,0.8451103189165023,0.9548250621319124,6.298259019851685,0.956953642384106,0.9763513513513512,0.9665551839464884,0.9821428571428572,0.9792284866468842,0.9806835066864784,0.9366666666666666,0.9429530201342282,0.939799331103679,0.9508196721311476,0.9446254071661238,0.9477124183006536,0.9722222222222222,0.958904109589041,0.9655172413793104,0.8333333333333334,0.7407407407407407,0.7843137254901961,0.9444444444444444,0.9763513513513512,0.9601328903654484,0.9492063492063492,0.9552715654952076,0.9522292993630572,0.0,0.0,0.0,0.9656357388316152,0.9429530201342282,0.9541595925297114
arch_wider,0.01,21,2,9960.0,2489.0,50.0,16.0,0.0052186057246765,0.2762464845538361,1.0,0.9445560466050624,0.8450833798548034,0.8436796198472237,0.8442414525533826,0.9444855655980532,6.337302923202515,0.9531772575250836,0.9628378378378378,0.9579831932773112,0.9763313609467456,0.9792284866468842,0.9777777777777776,0.9322033898305084,0.9228187919463088,0.927487352445194,0.9285714285714286,0.934640522875817,0.9315960912052116,0.9147540983606556,0.9554794520547946,0.9346733668341708,0.8867924528301887,0.8703703703703703,0.8785046728971964,0.9534883720930232,0.9695945945945946,0.9614740368509214,0.948220064724919,0.9361022364217252,0.9421221864951768,0.0,0.0,0.0,0.9572953736654805,0.9057239057239056,0.930795847750865
arch_wider,0.01,21,3,9960.0,2489.0,50.0,18.0,0.0051942439348485,0.2205898445992304,1.0,0.9541984732824428,0.8532476859216652,0.8530769901439227,0.8530712466098856,0.9542280936159026,6.311779022216797,0.9764309764309764,0.9797297297297296,0.9780775716694772,0.9850746268656716,0.9792284866468842,0.982142857142857,0.9140127388535032,0.9630872483221476,0.937908496732026,0.9533333333333334,0.934640522875817,0.943894389438944,0.9473684210526316,0.9246575342465754,0.9358752166377816,0.8888888888888888,0.8888888888888888,0.8888888888888888,0.9761092150170648,0.9662162162162162,0.9711375212224108,0.9585987261146496,0.9616613418530352,0.9601275917065392,0.0,0.0,0.0,0.9326599326599326,0.9326599326599326,0.9326599326599326
arch_wider,0.01,21,4,9962.0,2487.0,50.0,16.0,0.0053096442196358,0.1943998620166104,1.0,0.9589867310012062,0.8559730087256584,0.8492365000284036,0.8523554087774597,0.958780855911772,6.326420068740845,0.9667774086378738,0.983108108108108,0.9748743718592964,0.979591836734694,0.9970326409495548,0.988235294117647,0.9553264604810996,0.936026936026936,0.945578231292517,0.9512987012987012,0.9575163398692812,0.9543973941368076,0.9429530201342282,0.9623287671232876,0.952542372881356,0.8775510204081632,0.7962962962962963,0.8349514563106796,0.9726027397260274,0.9627118644067796,0.9676320272572404,0.961904761904762,0.9680511182108626,0.964968152866242,0.0,0.0,0.0,0.9517241379310344,0.9292929292929292,0.940374787052811
arch_wider,0.01,99,0,9956.0,2493.0,50.0,17.0,0.0052150306513134,0.2239500635565313,1.0,0.96028880866426,0.8558661095770219,0.8507347094618496,0.8531600669811248,0.9601918167271136,6.334465980529785,0.9732441471571908,0.983108108108108,0.9781512605042018,0.9851190476190476,0.9821958456973294,0.9836552748885588,0.9763513513513512,0.9697986577181208,0.9730639730639732,0.9579288025889968,0.9641693811074918,0.961038961038961,0.9375,0.9246575342465754,0.9310344827586208,0.8627450980392157,0.8,0.8301886792452831,0.9863481228668942,0.9763513513513512,0.9813242784380304,0.9655172413793104,0.9808917197452228,0.9731437598736178,0.0,0.0,0.0,0.913907284768212,0.9261744966442952,0.92
arch_wider,0.01,99,1,9958.0,2491.0,50.0,18.0,0.0051980468745921,0.2692888551517812,1.0,0.949016459253312,0.8459455897366643,0.8369221068710976,0.8408934132226543,0.9488661324745806,6.323942184448242,0.9639344262295082,0.9932432432432432,0.978369384359401,0.9848942598187312,0.9673590504451038,0.9760479041916168,0.8977635782747604,0.9429530201342282,0.9198036006546644,0.943894389438944,0.9315960912052116,0.9377049180327868,0.9463087248322148,0.9657534246575342,0.9559322033898304,0.851063829787234,0.7407407407407407,0.7920792079207921,0.9790940766550522,0.9493243243243245,0.9639794168096054,0.9341692789968652,0.952076677316294,0.9430379746835444,0.0,0.0,0.0,0.9583333333333334,0.9261744966442952,0.9419795221843004
arch_wider,0.01,99,2,9960.0,2489.0,50.0,14.0,0.0050815821507998,0.2353815559706542,1.0,0.9509843310566491,0.8445636139559832,0.8398167539694684,0.8420205142308289,0.9508198905069668,6.291767120361328,0.959731543624161,0.9662162162162162,0.962962962962963,0.991044776119403,0.9851632047477744,0.988095238095238,0.9517241379310344,0.9261744966442952,0.9387755102040818,0.933993399339934,0.9248366013071896,0.929392446633826,0.952542372881356,0.9623287671232876,0.9574105621805792,0.82,0.7592592592592593,0.7884615384615384,0.937908496732026,0.9695945945945946,0.9534883720930232,0.9493670886075948,0.9584664536741214,0.9538950715421304,0.0,0.0,0.0,0.9493243243243245,0.9461279461279462,0.9477234401349072
arch_wider,0.01,99,3,9960.0,2489.0,50.0,15.0,0.0051613868473681,0.1943746419450125,1.0,0.9586179188429088,0.8574575795634678,0.8614646324025814,0.8593723487620533,0.9586575290763892,6.251149654388428,0.9696969696969696,0.972972972972973,0.9713322091062394,0.9763313609467456,0.9792284866468842,0.9777777777777776,0.9366666666666666,0.9429530201342282,0.939799331103679,0.9602649006622516,0.9477124183006536,0.9539473684210528,0.9559322033898304,0.9657534246575342,0.9608177172061328,0.8947368421052632,0.9444444444444444,0.918918918918919,0.986254295532646,0.9695945945945946,0.9778534923339012,0.9546925566343042,0.9424920127795527,0.9485530546623794,0.0,0.0,0.0,0.94,0.9494949494949496,0.9447236180904524
arch_wider,0.01,99,4,9962.0,2487.0,50.0,15.0,0.0050742555065265,0.2332574734543138,1.0,0.9433051869722556,0.837627543668385,0.8364251562211054,0.8369693878124396,0.9432908114618522,6.384418964385986,0.959731543624161,0.9662162162162162,0.962962962962963,0.9822485207100592,0.9851632047477744,0.9837037037037036,0.9278688524590164,0.9528619528619529,0.9401993355481728,0.9250814332247556,0.9281045751633988,0.9265905383360524,0.915824915824916,0.9315068493150684,0.9235993208828523,0.8113207547169812,0.7962962962962963,0.8037383177570094,0.958904109589041,0.9491525423728814,0.9540034071550256,0.9672131147540984,0.9424920127795527,0.9546925566343042,0.0,0.0,0.0,0.928082191780822,0.9124579124579124,0.9202037351443124
arch_deeper,0.0001,42,0,9956.0,2493.0,50.0,49.0,0.7838659552083301,0.844311483880931,0.8043390920048212,0.7870036101083032,0.7084870444275854,0.6460896915080659,0.639579514234593,0.7729161557219922,4.104295969009399,0.9097472924187726,0.8513513513513513,0.8795811518324608,0.826530612244898,0.9614243323442137,0.888888888888889,0.8226415094339623,0.7315436241610739,0.7744227353463587,0.7267605633802817,0.8403908794788274,0.7794561933534744,0.7183098591549296,0.8732876712328768,0.7882534775888718,0.75,0.0545454545454545,0.1016949152542372,0.8787878787878788,0.8817567567567568,0.8802698145025296,0.6945169712793734,0.8471337579617835,0.7632711621233859,0.0,0.0,0.0,0.7575757575757576,0.4194630872483221,0.5399568034557236
arch_deeper,0.0001,42,1,9958.0,2491.0,50.0,49.0,0.8080604885988648,0.8362453729949108,0.7914239807190199,0.7876354877559213,0.632132667604788,0.6415282753666065,0.6301657071260015,0.7724752874945092,4.0886619091033936,0.8838709677419355,0.9256756756756755,0.9042904290429042,0.8723404255319149,0.973293768545994,0.9200561009817672,0.8243727598566308,0.7718120805369127,0.7972270363951472,0.7850467289719626,0.8208469055374593,0.802547770700637,0.7171052631578947,0.7465753424657534,0.7315436241610738,0.0,0.0,0.0,0.8253968253968254,0.8783783783783784,0.851063829787234,0.6498800959232613,0.865814696485623,0.7424657534246575,0.0,0.0,0.0,0.7633136094674556,0.4328859060402684,0.5524625267665952
arch_deeper,0.0001,42,2,9960.0,2489.0,50.0,49.0,0.7423678409696597,0.7781023143137088,0.8022088353413654,0.7882683808758537,0.6978286450003057,0.645192853868244,0.6413399590157073,0.7795657220205168,4.046396970748901,0.8825503355704698,0.8885135135135135,0.8855218855218855,0.8675675675675676,0.9525222551928784,0.908062234794908,0.7108843537414966,0.7013422818791947,0.7060810810810811,0.8,0.8104575163398693,0.8051948051948052,0.7577092511013216,0.589041095890411,0.6628131021194605,0.6666666666666666,0.037037037037037,0.0701754385964912,0.8360128617363344,0.8783783783783784,0.85667215815486,0.8370607028753994,0.8370607028753994,0.8370607028753992,0.0,0.0,0.0,0.6198347107438017,0.7575757575757576,0.6818181818181819
arch_deeper,0.0001,42,3,9960.0,2489.0,50.0,49.0,0.9629255857030504,0.9923891959598042,0.7755020080321285,0.7746082764162314,0.6180048951419442,0.6315949571398811,0.6232329216929411,0.7629756723396133,4.0227320194244385,0.8831168831168831,0.918918918918919,0.9006622516556292,0.78239608801956,0.9495548961424332,0.8579088471849867,0.7854671280276817,0.761744966442953,0.7734241908006815,0.7133757961783439,0.7320261437908496,0.7225806451612902,0.7765567765567766,0.726027397260274,0.7504424778761062,0.0,0.0,0.0,0.8296529968454258,0.8885135135135135,0.8580750407830343,0.729483282674772,0.7667731629392971,0.7476635514018692,0.0,0.0,0.0,0.68,0.5723905723905723,0.6215722120658135
arch_deeper,0.0001,42,4,9962.0,2487.0,50.0,49.0,0.7314690200718917,0.7539308617250796,0.8148966071070066,0.8106151990349819,0.7471174984749546,0.6655331581093,0.6633911298333753,0.8020239965140095,4.025651931762695,0.8595890410958904,0.847972972972973,0.8537414965986395,0.8707124010554089,0.9792284866468842,0.9217877094972068,0.8109090909090909,0.7508417508417509,0.7797202797202797,0.7839506172839507,0.8300653594771242,0.8063492063492065,0.8075601374570447,0.8047945205479452,0.8061749571183534,1.0,0.0555555555555555,0.1052631578947368,0.8566775244299675,0.8915254237288136,0.8737541528239203,0.7522388059701492,0.805111821086262,0.7777777777777778,0.0,0.0,0.0,0.7295373665480427,0.6902356902356902,0.7093425605536332
arch_deeper,0.0001,7,0,9956.0,2493.0,50.0,49.0,0.7733419062648318,0.8187128983026666,0.8098633989554038,0.8042519053349378,0.6432307301550355,0.6557873958431243,0.6469903187662439,0.7922508266611858,4.047131776809692,0.9097222222222222,0.8851351351351351,0.8972602739726027,0.8663101604278075,0.9614243323442137,0.9113924050632912,0.8173374613003096,0.8859060402684564,0.8502415458937197,0.827922077922078,0.8306188925081434,0.8292682926829268,0.7962962962962963,0.7363013698630136,0.7651245551601423,0.0,0.0,0.0,0.8453947368421053,0.8682432432432432,0.8566666666666667,0.6810126582278481,0.856687898089172,0.7588152327221439,0.0,0.0,0.0,0.6883116883116883,0.5335570469798657,0.6011342155009451
arch_deeper,0.0001,7,1,9958.0,2491.0,50.0,49.0,0.7291272045659255,0.7425090340998804,0.8019682667202249,0.8020875150541951,0.6404540422333589,0.6543416034148775,0.6462643888926939,0.7918255807768998,4.027001857757568,0.905084745762712,0.902027027027027,0.9035532994923858,0.8817204301075269,0.973293768545994,0.92524682651622,0.8602150537634409,0.8053691275167785,0.8318890814558059,0.7725752508361204,0.752442996742671,0.7623762376237624,0.6965317919075145,0.8253424657534246,0.7554858934169278,0.0,0.0,0.0,0.8553054662379421,0.8986486486486487,0.8764415156507415,0.7701863354037267,0.792332268370607,0.7811023622047244,0.0,0.0,0.0,0.6629213483146067,0.5939597315436241,0.6265486725663717
arch_deeper,0.0001,7,2,9960.0,2489.0,50.0,49.0,0.914014826482324,0.9430740509161928,0.7568273092369477,0.7420650863800723,0.5964298402193943,0.6031719314560738,0.5917991667882536,0.7264103186190077,4.039860248565674,0.8384146341463414,0.929054054054054,0.8814102564102565,0.851063829787234,0.9495548961424332,0.8976157082748949,0.6700680272108843,0.6610738255033557,0.6655405405405406,0.7339743589743589,0.7483660130718954,0.7411003236245954,0.806060606060606,0.4554794520547945,0.5820568927789934,0.0,0.0,0.0,0.8161290322580645,0.8547297297297297,0.8349834983498351,0.6269662921348315,0.8913738019169329,0.7361477572559367,0.0,0.0,0.0,0.6216216216216216,0.5420875420875421,0.579136690647482
arch_deeper,0.0001,7,3,9960.0,2489.0,50.0,49.0,0.7418416244284269,0.7766368520682599,0.8079317269076305,0.8051426275612696,0.6449669018894609,0.6563290154915115,0.6486309580021122,0.794754170325963,4.026952028274536,0.8705501618122977,0.9087837837837838,0.8892561983471075,0.8489583333333334,0.9673590504451038,0.9042995839112344,0.8406374501992032,0.7080536912751678,0.7686703096539163,0.8024691358024691,0.8496732026143791,0.8253968253968254,0.7862903225806451,0.6678082191780822,0.7222222222222222,0.0,0.0,0.0,0.8387096774193549,0.8783783783783784,0.8580858085808581,0.7886435331230284,0.7987220447284346,0.7936507936507937,0.0,0.0,0.0,0.6734104046242775,0.7845117845117845,0.7247278382581649
arch_deeper,0.0001,7,4,9962.0,2487.0,50.0,49.0,0.764002742671395,0.8224367433337348,0.8122866894197952,0.7985524728588661,0.6377386379158085,0.6507185281510977,0.6435118979407649,0.7888494700169671,4.038986921310425,0.8842105263157894,0.8513513513513513,0.8674698795180722,0.8729729729729729,0.9584569732937686,0.9137199434229138,0.8316151202749141,0.8148148148148148,0.8231292517006803,0.8146964856230032,0.8333333333333334,0.8239095315024233,0.6744186046511628,0.6952054794520548,0.6846543001686339,0.0,0.0,0.0,0.8682432432432432,0.8711864406779661,0.8697123519458545,0.7450980392156863,0.8498402555910544,0.7940298507462686,0.0,0.0,0.0,0.6861313868613139,0.632996632996633,0.6584938704028022
arch_deeper,0.0001,13,0,9956.0,2493.0,50.0,49.0,0.7192230008632493,0.7500780506709572,0.8245279228605866,0.8106698756518251,0.6467003877703119,0.6615170103291493,0.6534202624471932,0.8004059749864264,4.045764207839966,0.8870431893687708,0.902027027027027,0.8944723618090452,0.8854748603351955,0.940652818991098,0.912230215827338,0.8006756756756757,0.7953020134228188,0.7979797979797979,0.790273556231003,0.8469055374592834,0.8176100628930818,0.7570422535211268,0.7363013698630136,0.7465277777777777,0.0,0.0,0.0,0.7784431137724551,0.8783783783783784,0.8253968253968255,0.8161993769470405,0.8343949044585988,0.8251968503937008,0.0,0.0,0.0,0.7518518518518519,0.6812080536912751,0.7147887323943661
arch_deeper,0.0001,13,1,9958.0,2491.0,50.0,49.0,0.7475614556733245,0.7747290268983208,0.8040771239204659,0.7892412685668406,0.6310035582823291,0.6431913639488827,0.6361398308493217,0.7798962000078216,4.029625177383423,0.8803986710963455,0.8952702702702703,0.8877721943048577,0.8641304347826086,0.9436201780415432,0.902127659574468,0.7635782747603834,0.802013422818792,0.7823240589198037,0.8300653594771242,0.8273615635179153,0.8287112561174552,0.7108433734939759,0.6061643835616438,0.6543438077634011,0.0,0.0,0.0,0.8780487804878049,0.8513513513513513,0.8644939965694683,0.7650602409638554,0.8115015974440895,0.7875968992248062,0.0,0.0,0.0,0.6179104477611941,0.6946308724832215,0.6540284360189574
arch_deeper,0.0001,13,2,9960.0,2489.0,50.0,49.0,0.7064781247265469,0.7137485929190411,0.8099397590361446,0.8179991964644435,0.6568890791973984,0.6666196347679872,0.6594029420644276,0.8080851853234775,4.042971849441528,0.9243986254295532,0.9087837837837838,0.9165247018739352,0.8650793650793651,0.9703264094955488,0.9146853146853148,0.8540925266903915,0.8053691275167785,0.8290155440414507,0.8296529968454258,0.8594771241830066,0.8443017656500803,0.8,0.6164383561643836,0.6963249516441006,0.0,0.0,0.0,0.8571428571428571,0.8716216216216216,0.864321608040201,0.7922848664688428,0.853035143769968,0.8215384615384616,0.0,0.0,0.0,0.6462395543175488,0.7811447811447811,0.7073170731707317
arch_deeper,0.0001,13,3,9960.0,2489.0,50.0,49.0,0.7561280588603441,0.805699256528369,0.7786144578313253,0.7685817597428686,0.6078270144524505,0.6257220739088651,0.6054718215337763,0.7433672870298333,4.026267766952515,0.8557377049180328,0.8817567567567568,0.8685524126455907,0.8876404494382022,0.9376854599406528,0.911976911976912,0.8262411347517731,0.7818791946308725,0.803448275862069,0.8,0.8496732026143791,0.8240887480190175,0.6153846153846154,0.7945205479452054,0.6935724962630792,0.0,0.0,0.0,0.8198757763975155,0.8918918918918919,0.8543689320388349,0.6878048780487804,0.9009584664536742,0.7800829875518671,0.0,0.0,0.0,0.5855855855855856,0.2188552188552188,0.3186274509803921
arch_deeper,0.0001,13,4,9962.0,2487.0,50.0,49.0,0.6446497343725905,0.719668128640701,0.836679381650271,0.8254925613188581,0.7408355999654994,0.6794306152793178,0.6788308376352177,0.8175728540934102,4.0409018993377686,0.924187725631769,0.8648648648648649,0.893542757417103,0.8696808510638298,0.9703264094955488,0.917251051893408,0.7687296416938111,0.7946127946127947,0.7814569536423842,0.8193146417445483,0.8594771241830066,0.8389154704944178,0.8178807947019867,0.8458904109589042,0.8316498316498316,0.8,0.074074074074074,0.135593220338983,0.8691275167785235,0.8779661016949153,0.8735244519392918,0.7528735632183908,0.8370607028753994,0.7927382753403934,0.0,0.0,0.0,0.7865612648221344,0.67003367003367,0.7236363636363636
arch_deeper,0.0001,21,0,9956.0,2493.0,50.0,49.0,0.778027796520911,0.8280415187998548,0.8041382081157091,0.7845968712394705,0.6273916446728944,0.6398551846958097,0.6322471062035223,0.774291126393978,4.07871413230896,0.8982456140350877,0.8648648648648649,0.8812392426850257,0.8563829787234043,0.9554896142433236,0.9032258064516128,0.8185053380782918,0.7718120805369127,0.7944732297063903,0.7928802588996764,0.7980456026058632,0.7954545454545454,0.7575757575757576,0.7705479452054794,0.7640067911714771,0.0,0.0,0.0,0.7850467289719626,0.8513513513513513,0.8168557536466774,0.6829268292682927,0.802547770700637,0.7379209370424599,0.0,0.0,0.0,0.6823529411764706,0.5838926174496645,0.6292947558770344
arch_deeper,0.0001,21,1,9958.0,2491.0,50.0,49.0,0.7551231562626343,0.8159707230114444,0.8253665394657562,0.8161380971497391,0.7520337821598988,0.670084485799318,0.6682304409608629,0.8079556516144748,4.033405780792236,0.8831615120274914,0.8682432432432432,0.8756388415672913,0.8608923884514436,0.973293768545994,0.913649025069638,0.795774647887324,0.7583892617449665,0.7766323024054984,0.8284789644012945,0.8338762214983714,0.8311688311688312,0.8267148014440433,0.7842465753424658,0.8049209138840069,1.0,0.0555555555555555,0.1052631578947368,0.8152866242038217,0.8648648648648649,0.839344262295082,0.7896341463414634,0.8274760383386581,0.8081123244929797,0.0,0.0,0.0,0.7203947368421053,0.7348993288590604,0.7275747508305649
arch_deeper,0.0001,21,2,9960.0,2489.0,50.0,49.0,0.7762201958901722,0.837429945270492,0.8103413654618474,0.786661309762957,0.627521229243655,0.640709168008869,0.6322539812325072,0.7750976387585313,4.036388874053955,0.8473520249221184,0.918918918918919,0.8816855753646677,0.8329048843187661,0.9614243323442137,0.8925619834710743,0.8152610441767069,0.6812080536912751,0.7422303473491773,0.7626112759643917,0.8398692810457516,0.7993779160186626,0.7430830039525692,0.6438356164383562,0.689908256880734,0.0,0.0,0.0,0.8273615635179153,0.8581081081081081,0.8424543946932006,0.7844311377245509,0.8370607028753994,0.8098918083462132,0.0,0.0,0.0,0.6622073578595318,0.6666666666666666,0.6644295302013423
arch_deeper,0.0001,21,3,9960.0,2489.0,50.0,49.0,0.9521437752182044,0.9746103858586084,0.7532128514056224,0.7509039775010045,0.6498376928253606,0.6121673343197076,0.6031311950544621,0.7362875943223129,4.035133123397827,0.8844765342960289,0.8277027027027027,0.8551483420593368,0.8248730964467005,0.9643916913946587,0.8891928864569084,0.7462235649546828,0.8288590604026845,0.7853736089030207,0.7477203647416414,0.803921568627451,0.7748031496062994,0.7412935323383084,0.5102739726027398,0.6044624746450304,0.5,0.0185185185185185,0.0357142857142857,0.7909090909090909,0.8817567567567568,0.8338658146964857,0.6334164588528678,0.8115015974440895,0.7114845938375349,0.0,0.0,0.0,0.6294642857142857,0.4747474747474747,0.5412667946257198
arch_deeper,0.0001,21,4,9962.0,2487.0,50.0,49.0,0.8017728441931279,0.826761025971403,0.7915077293716122,0.7917169280257338,0.7336636036283888,0.6463352218018346,0.6399217105789508,0.7807429723138865,4.047021150588989,0.8852459016393442,0.9121621621621622,0.8985024958402662,0.8739946380697051,0.9673590504451038,0.9183098591549296,0.7744107744107744,0.7744107744107744,0.7744107744107744,0.813953488372093,0.8006535947712419,0.8072487644151566,0.7781954887218046,0.708904109589041,0.7419354838709679,1.0,0.0185185185185185,0.0363636363636363,0.8118811881188119,0.8338983050847457,0.822742474916388,0.6748166259168704,0.8817891373801917,0.7645429362880886,0.0,0.0,0.0,0.7241379310344828,0.5656565656565656,0.6351606805293006
arch_deeper,0.0001,99,0,9956.0,2493.0,50.0,49.0,0.8776076289946837,0.8988472441221526,0.7663720369626356,0.766546329723225,0.6194328977241106,0.6238337284374728,0.6107198304450169,0.7491958803645585,4.034353256225586,0.8921568627450981,0.9222972972972971,0.9069767441860463,0.827930174563591,0.9851632047477744,0.8997289972899729,0.740506329113924,0.785234899328859,0.762214983713355,0.749003984063745,0.6123778501628665,0.6738351254480287,0.7785714285714286,0.3732876712328767,0.5046296296296297,0.0,0.0,0.0,0.8571428571428571,0.8918918918918919,0.8741721854304636,0.7890173410404624,0.8694267515923567,0.8272727272727274,0.0,0.0,0.0,0.56,0.7986577181208053,0.6583679114799447
arch_deeper,0.0001,99,1,9958.0,2491.0,50.0,49.0,0.7466286496396219,0.8042882204360025,0.7903193412331794,0.7828181453231634,0.7255487694409178,0.6428302052591843,0.6387133756855785,0.7700090021256522,4.009737968444824,0.8484848484848485,0.8513513513513513,0.8499156829679595,0.8461538461538461,0.9465875370919882,0.8935574229691877,0.8185053380782918,0.7718120805369127,0.7944732297063903,0.7714285714285715,0.8794788273615635,0.8219178082191781,0.7485380116959064,0.4383561643835616,0.5529157667386609,1.0,0.074074074074074,0.1379310344827586,0.7843137254901961,0.8108108108108109,0.7973421926910299,0.8016997167138811,0.9041533546325878,0.8498498498498498,0.0,0.0,0.0,0.6363636363636364,0.7516778523489933,0.6892307692307692
arch_deeper,0.0001,99,2,9960.0,2489.0,50.0,49.0,0.7377970717153115,0.7937707747506746,0.8143574297188755,0.7983125753314584,0.637469023178653,0.6507275350852451,0.6430274084703694,0.7880631202957011,4.021752834320068,0.8950819672131147,0.9222972972972971,0.908485856905158,0.8631578947368421,0.973293768545994,0.9149232914923292,0.84375,0.7248322147651006,0.779783393501805,0.8160535117056856,0.7973856209150327,0.8066115702479338,0.7231833910034602,0.7157534246575342,0.7194492254733219,0.0,0.0,0.0,0.8535825545171339,0.9256756756756755,0.8881685575364667,0.7507418397626113,0.8083067092651757,0.7784615384615384,0.0,0.0,0.0,0.6291390728476821,0.6397306397306397,0.634390651085142
arch_deeper,0.0001,99,3,9960.0,2489.0,50.0,49.0,0.6899942523592953,0.7103257941892321,0.8233935742971887,0.821213338690237,0.7083295773227019,0.6726879456657895,0.6691411484131712,0.8127663647125108,4.065848112106323,0.8525641025641025,0.8986486486486487,0.875,0.8657894736842106,0.9762611275964392,0.9177126917712692,0.8523985239852399,0.7751677852348994,0.81195079086116,0.7676470588235295,0.8529411764705882,0.8080495356037152,0.8293650793650794,0.7157534246575342,0.7683823529411764,0.5,0.037037037037037,0.0689655172413793,0.88,0.8918918918918919,0.8859060402684563,0.8382838283828383,0.8115015974440895,0.8246753246753247,0.0,0.0,0.0,0.6972477064220184,0.7676767676767676,0.7307692307692308
arch_deeper,0.0001,99,4,9962.0,2487.0,50.0,49.0,0.7916973155878093,0.816064114305549,0.8144950813089741,0.792119018898271,0.6310331838124782,0.6457433146976187,0.6379165209302373,0.7818134422576541,4.059491157531738,0.8996655518394648,0.9087837837837838,0.9042016806722688,0.8597883597883598,0.9643916913946587,0.9090909090909092,0.7704918032786885,0.7912457912457912,0.7807308970099667,0.8098360655737705,0.8071895424836601,0.8085106382978725,0.7574750830564784,0.7808219178082192,0.7689713322091062,0.0,0.0,0.0,0.7959866220735786,0.8067796610169492,0.8013468013468014,0.7638036809815951,0.7955271565495208,0.7793427230046949,0.0,0.0,0.0,0.6532846715328468,0.6026936026936027,0.6269702276707532
arch_deeper,0.0005,42,0,9956.0,2493.0,50.0,49.0,0.2279279645083712,0.331930503463913,0.9339092004821212,0.9105495387083836,0.8031083391252526,0.7845988034544119,0.7913046031995927,0.9089697650698816,4.072480916976929,0.943894389438944,0.9662162162162162,0.9549248747913188,0.9481268011527376,0.9762611275964392,0.9619883040935672,0.9096989966555185,0.912751677852349,0.9112227805695144,0.8961038961038961,0.8990228013029316,0.8975609756097561,0.8852459016393442,0.9246575342465754,0.9045226130653268,0.7297297297297297,0.4909090909090909,0.5869565217391305,0.9562289562289562,0.9594594594594594,0.957841483979764,0.881619937694704,0.9012738853503184,0.8913385826771654,0.0,0.0,0.0,0.8804347826086957,0.8154362416107382,0.8466898954703833
arch_deeper,0.0005,42,1,9958.0,2491.0,50.0,49.0,0.2254149493247502,0.3222571247927028,0.9367342839927696,0.9128863910076276,0.8037425633057704,0.780803506340306,0.7884746454763467,0.91114634060587,4.050339937210083,0.9566666666666668,0.9695945945945946,0.9630872483221476,0.9563953488372092,0.9762611275964392,0.9662261380323054,0.8866666666666667,0.8926174496644296,0.8896321070234113,0.8808777429467085,0.9153094462540716,0.8977635782747604,0.903448275862069,0.8972602739726028,0.9003436426116839,0.71875,0.4259259259259259,0.5348837209302325,0.9351535836177476,0.9256756756756755,0.9303904923599322,0.926984126984127,0.9329073482428116,0.9299363057324842,0.0,0.0,0.0,0.87248322147651,0.87248322147651,0.87248322147651
arch_deeper,0.0005,42,2,9960.0,2489.0,50.0,49.0,0.2069103224189186,0.3084493020959654,0.941867469879518,0.9156287665729208,0.8166732053044049,0.787928917544229,0.7973651092116099,0.9142638533438344,4.119045734405518,0.9368770764119602,0.9527027027027029,0.9447236180904524,0.9702380952380952,0.9673590504451038,0.9687964338781576,0.91156462585034,0.8993288590604027,0.9054054054054056,0.9050632911392406,0.934640522875817,0.9196141479099678,0.8910891089108911,0.9246575342465754,0.907563025210084,0.8387096774193549,0.4814814814814814,0.6117647058823529,0.9331103678929766,0.9425675675675677,0.9378151260504204,0.924342105263158,0.8977635782747604,0.9108589951377632,0.0,0.0,0.0,0.8557377049180328,0.8787878787878788,0.867109634551495
arch_deeper,0.0005,42,3,9960.0,2489.0,50.0,49.0,0.2287803176502889,0.3078289207191528,0.9339357429718876,0.9128163921253516,0.8063476973563579,0.7734497945557892,0.7816684150285333,0.909972683026118,4.04633903503418,0.9352750809061487,0.9763513513513512,0.9553719008264464,0.9557522123893806,0.9614243323442137,0.9585798816568049,0.8970099667774086,0.906040268456376,0.9015025041736228,0.8615384615384616,0.915032679738562,0.8874801901743264,0.935483870967742,0.8938356164383562,0.914185639229422,0.75,0.3333333333333333,0.4615384615384615,0.9318181818181818,0.9695945945945946,0.9503311258278144,0.9288025889967636,0.9169329073482428,0.9228295819935692,0.0,0.0,0.0,0.8677966101694915,0.8619528619528619,0.8648648648648648
arch_deeper,0.0005,42,4,9962.0,2487.0,50.0,49.0,0.2096048719051325,0.302084484976641,0.9398715117446296,0.9135504624045034,0.811219518843614,0.7814814146090516,0.7907016745649488,0.911775602422221,4.0637829303741455,0.9515570934256056,0.929054054054054,0.9401709401709402,0.9594202898550724,0.9821958456973294,0.970674486803519,0.9140893470790378,0.8956228956228957,0.9047619047619048,0.8714733542319749,0.9084967320261438,0.8896000000000001,0.8980263157894737,0.934931506849315,0.9161073825503356,0.7931034482758621,0.4259259259259259,0.5542168674698795,0.9453924914675768,0.9389830508474576,0.9421768707482991,0.8987341772151899,0.9073482428115016,0.90302066772655,0.0,0.0,0.0,0.8803986710963455,0.8922558922558923,0.8862876254180602
arch_deeper,0.0005,7,0,9956.0,2493.0,50.0,49.0,0.203009623681464,0.2938512637733791,0.9404379268782644,0.9153630164460488,0.7982175217143272,0.7765633193519019,0.7830607734570771,0.9128849004849,4.073028087615967,0.9381107491856676,0.972972972972973,0.9552238805970148,0.9342857142857144,0.9703264094955488,0.9519650655021834,0.9225589225589226,0.9194630872483222,0.9210084033613444,0.915032679738562,0.9120521172638436,0.9135399673735728,0.916083916083916,0.8972602739726028,0.9065743944636678,0.6333333333333333,0.3454545454545454,0.4470588235294118,0.9419795221843004,0.9324324324324323,0.937181663837012,0.9184952978056428,0.9331210191082804,0.9257503949447078,0.0,0.0,0.0,0.8622950819672132,0.8825503355704698,0.8723051409618575
arch_deeper,0.0005,7,1,9958.0,2491.0,50.0,49.0,0.2146304513894646,0.2787355661172576,0.9389435629644508,0.9201124046567644,0.8221030433469926,0.7961593399687267,0.8054317218215126,0.9189636132553732,4.063830137252808,0.959866220735786,0.9695945945945946,0.9647058823529412,0.9428571428571428,0.9792284866468842,0.9606986899563318,0.9337979094076656,0.8993288590604027,0.9162393162393162,0.8742138364779874,0.9055374592833876,0.8896,0.9124579124579124,0.928082191780822,0.9202037351443124,0.8529411764705882,0.5370370370370371,0.6590909090909091,0.9464882943143812,0.956081081081081,0.9512605042016806,0.9158576051779936,0.9041533546325878,0.909967845659164,0.0,0.0,0.0,0.8825503355704698,0.8825503355704698,0.8825503355704698
arch_deeper,0.0005,7,2,9960.0,2489.0,50.0,49.0,0.224364061859225,0.3007799517420067,0.9347389558232932,0.9067898754519887,0.8120336028119594,0.7714020543789007,0.7814619825106299,0.9041080264588364,4.063891172409058,0.9501661129568106,0.9662162162162162,0.9581239530988276,0.9558823529411764,0.9643916913946587,0.9601181683899556,0.8695652173913043,0.87248322147651,0.8710217755443885,0.8838709677419355,0.8954248366013072,0.8896103896103896,0.8697068403908795,0.9143835616438356,0.8914858096828047,0.8695652173913043,0.3703703703703703,0.5194805194805194,0.9250814332247556,0.9594594594594594,0.9419568822553896,0.9040247678018576,0.9329073482428116,0.918238993710692,0.0,0.0,0.0,0.8924731182795699,0.8383838383838383,0.8645833333333334
arch_deeper,0.0005,7,3,9960.0,2489.0,50.0,49.0,0.2046428741110952,0.2971552433384617,0.9409638554216868,0.920048212133387,0.8164009389613154,0.8037076429529559,0.8091027982541465,0.9195612310365602,4.049241065979004,0.9342105263157896,0.9594594594594594,0.9466666666666668,0.9674556213017752,0.9703264094955488,0.9688888888888888,0.9161073825503356,0.9161073825503356,0.9161073825503356,0.9185667752442996,0.9215686274509804,0.9200652528548124,0.9180887372013652,0.9212328767123288,0.9196581196581196,0.7906976744186046,0.6296296296296297,0.7010309278350516,0.9326599326599326,0.9358108108108107,0.9342327150084316,0.9248366013071896,0.9041533546325878,0.91437802907916,0.0,0.0,0.0,0.8613861386138614,0.8787878787878788,0.8699999999999999
arch_deeper,0.0005,7,4,9962.0,2487.0,50.0,49.0,0.2216988316135123,0.3296832973629464,0.939469985946597,0.915158825894652,0.813536471336899,0.7980506565520897,0.8044204034289653,0.9146255830139935,4.063632249832153,0.9238410596026492,0.9425675675675677,0.9331103678929766,0.9759036144578314,0.9614243323442137,0.968609865470852,0.893687707641196,0.9057239057239056,0.8996655518394648,0.9015873015873016,0.9281045751633988,0.9146537842190016,0.9044368600682594,0.9075342465753424,0.905982905982906,0.8048780487804879,0.6111111111111112,0.6947368421052632,0.9450171821305842,0.9322033898305084,0.938566552901024,0.9148264984227128,0.926517571884984,0.9206349206349208,0.0,0.0,0.0,0.8711864406779661,0.8653198653198653,0.8682432432432432
arch_deeper,0.0005,13,0,9956.0,2493.0,50.0,49.0,0.213028377117687,0.2944262540169858,0.9410405785456006,0.9153630164460488,0.8125481158184945,0.7944885799528186,0.8014248272394828,0.9142731521214774,4.0756330490112305,0.9491525423728814,0.945945945945946,0.9475465313028764,0.9705882352941176,0.9792284866468842,0.9748892171344166,0.912751677852349,0.912751677852349,0.912751677852349,0.8950819672131147,0.8892508143322475,0.892156862745098,0.890728476821192,0.9212328767123288,0.9057239057239056,0.7948717948717948,0.5636363636363636,0.6595744680851063,0.932475884244373,0.9797297297297296,0.9555189456342668,0.9022082018927444,0.910828025477707,0.9064976228209192,0.0,0.0,0.0,0.8776223776223776,0.8422818791946308,0.8595890410958904
arch_deeper,0.0005,13,1,9958.0,2491.0,50.0,49.0,0.226888786049952,0.2988873544541178,0.9367342839927696,0.916097952629466,0.8191175838820008,0.7867774826424782,0.7968922210356973,0.9143935417478896,4.0800769329071045,0.9344262295081968,0.9628378378378378,0.9484193011647256,0.9502923976608189,0.9643916913946587,0.9572901325478644,0.8952702702702703,0.889261744966443,0.8922558922558922,0.89171974522293,0.9120521172638436,0.9017713365539451,0.9146757679180888,0.9178082191780822,0.9162393162393162,0.8620689655172413,0.4629629629629629,0.6024096385542169,0.9466666666666668,0.9594594594594594,0.953020134228188,0.9206349206349206,0.926517571884984,0.9235668789808916,0.0,0.0,0.0,0.8754208754208754,0.87248322147651,0.8739495798319329
arch_deeper,0.0005,13,2,9960.0,2489.0,50.0,49.0,0.2131112910570681,0.3036083977374461,0.938855421686747,0.9208517476898352,0.820818379093771,0.784576806401043,0.7943458029594771,0.9186759067020076,4.0799641609191895,0.9473684210526316,0.972972972972973,0.96,0.9849397590361446,0.9703264094955488,0.9775784753363228,0.8881578947368421,0.906040268456376,0.8970099667774086,0.9084967320261438,0.9084967320261438,0.9084967320261438,0.9066666666666666,0.9315068493150684,0.918918918918919,0.84,0.3888888888888889,0.5316455696202531,0.9389830508474576,0.9358108108108107,0.937394247038917,0.9242902208201892,0.9361022364217252,0.93015873015873,0.0,0.0,0.0,0.869281045751634,0.8956228956228957,0.8822553897180762
arch_deeper,0.0005,13,3,9960.0,2489.0,50.0,49.0,0.2226429454518471,0.3272991621500076,0.9377510040160644,0.9112093210124548,0.8275782131019002,0.7825339269985329,0.7951575999651253,0.9095538418326056,4.078595161437988,0.9368770764119602,0.9527027027027029,0.9447236180904524,0.961764705882353,0.9703264094955488,0.96602658788774,0.902027027027027,0.8959731543624161,0.898989898989899,0.9009584664536742,0.9215686274509804,0.911147011308562,0.8795986622073578,0.9006849315068494,0.8900169204737733,1.0,0.4629629629629629,0.6329113924050632,0.9395973154362416,0.945945945945946,0.9427609427609428,0.9088050314465408,0.9233226837060704,0.9160063391442156,0.0,0.0,0.0,0.8461538461538461,0.8518518518518519,0.8489932885906041
arch_deeper,0.0005,13,4,9962.0,2487.0,50.0,49.0,0.2013161406230409,0.3059262559835406,0.9433848624774142,0.9316445516686772,0.8247019899471179,0.8084453913778713,0.8150089118715762,0.9307801298279696,4.050274133682251,0.9593220338983052,0.956081081081081,0.957698815566836,0.9596541786743517,0.9881305637982196,0.9736842105263158,0.9347079037800688,0.915824915824916,0.9251700680272108,0.9230769230769232,0.9411764705882352,0.9320388349514565,0.9315068493150684,0.9315068493150684,0.9315068493150684,0.775,0.5740740740740741,0.6595744680851063,0.9393939393939394,0.9457627118644067,0.9425675675675677,0.906832298136646,0.9329073482428116,0.9196850393700788,0.0,0.0,0.0,0.9175257731958762,0.898989898989899,0.9081632653061223
arch_deeper,0.0005,21,0,9956.0,2493.0,50.0,49.0,0.2228655002385989,0.2867993747955202,0.9379268782643632,0.91616526273566,0.82316247842283,0.7922801186213243,0.8026213225657484,0.9148366008241106,4.07348895072937,0.9348534201954396,0.9695945945945946,0.9519071310116084,0.9504373177842566,0.9673590504451038,0.9588235294117649,0.9273356401384084,0.8993288590604027,0.9131175468483816,0.9090909090909092,0.9120521172638436,0.9105691056910568,0.9069767441860463,0.934931506849315,0.920741989881956,0.90625,0.5272727272727272,0.6666666666666665,0.9235880398671096,0.9391891891891893,0.9313232830820772,0.9082278481012658,0.9140127388535032,0.911111111111111,0.0,0.0,0.0,0.8648648648648649,0.8590604026845637,0.8619528619528619
arch_deeper,0.0005,21,1,9958.0,2491.0,50.0,49.0,0.208444088888165,0.3247668676295147,0.9421570596505322,0.916499397832196,0.8172694794802009,0.7807749945007568,0.7906419772419093,0.914114203030098,4.041964769363403,0.9253246753246752,0.9628378378378378,0.9437086092715232,0.9591836734693876,0.9762611275964392,0.9676470588235292,0.9206896551724136,0.8959731543624161,0.9081632653061223,0.9142857142857144,0.9381107491856676,0.9260450160771704,0.9097222222222222,0.8972602739726028,0.9034482758620692,0.84,0.3888888888888889,0.5316455696202531,0.9205298013245032,0.9391891891891893,0.9297658862876256,0.9116719242902208,0.9233226837060704,0.9174603174603176,0.0,0.0,0.0,0.8712871287128713,0.8859060402684564,0.8785357737104826
arch_deeper,0.0005,21,2,9960.0,2489.0,50.0,49.0,0.2220727673637424,0.3542592254039846,0.9379518072289156,0.9039775010044194,0.8159959824697799,0.7797528738382281,0.7909358915118367,0.9025683407711468,4.037214994430542,0.9210526315789472,0.945945945945946,0.9333333333333332,0.9423631123919308,0.9703264094955488,0.956140350877193,0.8993288590604027,0.8993288590604027,0.8993288590604027,0.88125,0.9215686274509804,0.900958466453674,0.8354037267080745,0.9212328767123288,0.8762214983713354,0.9310344827586208,0.5,0.6506024096385543,0.935374149659864,0.929054054054054,0.9322033898305084,0.9324324324324323,0.8817891373801917,0.9064039408866996,0.0,0.0,0.0,0.8817204301075269,0.8282828282828283,0.8541666666666666
arch_deeper,0.0005,21,3,9960.0,2489.0,50.0,49.0,0.239411572261857,0.3141837602698252,0.9332329317269076,0.9152269987946968,0.8102446942784866,0.7873868264461091,0.7954560350494686,0.9139251293142566,4.017470836639404,0.9425675675675677,0.9425675675675677,0.9425675675675677,0.9705014749262536,0.9762611275964392,0.9733727810650888,0.890728476821192,0.9026845637583892,0.8966666666666667,0.8885350318471338,0.9117647058823528,0.9,0.9155405405405406,0.928082191780822,0.9217687074829932,0.7647058823529411,0.4814814814814814,0.5909090909090909,0.9488054607508531,0.9391891891891893,0.9439728353140916,0.8761329305135952,0.926517571884984,0.9006211180124224,0.0,0.0,0.0,0.9049295774647887,0.8653198653198653,0.8846815834767642
arch_deeper,0.0005,21,4,9962.0,2487.0,50.0,49.0,0.2188443254480865,0.3032700050718522,0.9392692230475808,0.9159630076397266,0.81007643904451,0.7955760372444026,0.8014711506887983,0.9151599679469712,4.018976926803589,0.9504950495049505,0.972972972972973,0.9616026711185308,0.9570200573065902,0.9910979228486648,0.9737609329446064,0.9143835616438356,0.898989898989899,0.9066213921901528,0.9136212624584718,0.8986928104575164,0.9060955518945636,0.9084745762711864,0.9178082191780822,0.9131175468483816,0.7560975609756098,0.5740740740740741,0.6526315789473683,0.9315068493150684,0.9220338983050848,0.9267461669505964,0.918032786885246,0.8945686900958466,0.906148867313916,0.0,0.0,0.0,0.8511326860841424,0.8855218855218855,0.8679867986798678
arch_deeper,0.0005,99,0,9956.0,2493.0,50.0,49.0,0.2333743285083923,0.3072187287706526,0.9338087585375652,0.918973124749298,0.8163649986004783,0.7807839952976914,0.7901400436473981,0.9164718717394484,4.035398960113525,0.976510067114094,0.983108108108108,0.9797979797979798,0.9623188405797102,0.9851632047477744,0.9736070381231672,0.9222972972972971,0.9161073825503356,0.9191919191919192,0.8580060422960725,0.9250814332247556,0.890282131661442,0.9163636363636364,0.863013698630137,0.888888888888889,0.8,0.3636363636363636,0.5000000000000001,0.9494949494949496,0.9527027027027029,0.951096121416526,0.9242902208201892,0.9331210191082804,0.9286846275752774,0.0,0.0,0.0,0.8543689320388349,0.8859060402684564,0.8698517298187808
arch_deeper,0.0005,99,1,9958.0,2491.0,50.0,49.0,0.2162136003884204,0.3312515319135008,0.939646515364531,0.9181051786431152,0.8169111670668565,0.7961512624074534,0.8039755219548566,0.9173375237323176,4.010250091552734,0.9587628865979382,0.9425675675675677,0.950596252129472,0.960960960960961,0.9495548961424332,0.9552238805970148,0.8722044728434505,0.9161073825503356,0.8936170212765957,0.889937106918239,0.9218241042345277,0.9056,0.8947368421052632,0.9315068493150684,0.912751677852349,0.8108108108108109,0.5555555555555556,0.6593406593406594,0.9453924914675768,0.9358108108108107,0.9405772495755518,0.9272151898734176,0.9361022364217252,0.931637519872814,0.0,0.0,0.0,0.9090909090909092,0.87248322147651,0.8904109589041096
arch_deeper,0.0005,99,2,9960.0,2489.0,50.0,49.0,0.2152147322401482,0.3324398469677667,0.9380522088353414,0.9039775010044194,0.8017637185975921,0.766042538522596,0.7746351153822076,0.9010100236140716,4.0262610912323,0.9035369774919614,0.9493243243243245,0.9258649093904447,0.9505813953488372,0.9703264094955488,0.960352422907489,0.9049295774647887,0.8624161073825504,0.8831615120274915,0.9033333333333332,0.8856209150326797,0.8943894389438944,0.9006849315068494,0.9006849315068494,0.9006849315068494,0.782608695652174,0.3333333333333333,0.4675324675324674,0.9073482428115016,0.9594594594594594,0.9326765188834154,0.907936507936508,0.9137380191693292,0.9108280254777068,0.0,0.0,0.0,0.8566775244299675,0.8855218855218855,0.8708609271523179
arch_deeper,0.0005,99,3,9960.0,2489.0,50.0,49.0,0.2008967371737447,0.2595895397048502,0.9423694779116466,0.9280835676978706,0.8264562635141219,0.8163350633852625,0.8207630819488939,0.9277297501057435,4.0074357986450195,0.9276315789473684,0.9527027027027029,0.94,0.9594202898550724,0.9821958456973294,0.970674486803519,0.9403508771929824,0.8993288590604027,0.9193825042881648,0.8938906752411575,0.9084967320261438,0.9011345218800648,0.9081967213114754,0.9486301369863014,0.9279731993299832,0.8260869565217391,0.7037037037037037,0.76,0.972508591065292,0.956081081081081,0.9642248722316864,0.9292604501607716,0.9233226837060704,0.9262820512820512,0.0,0.0,0.0,0.9072164948453608,0.8888888888888888,0.8979591836734694
arch_deeper,0.0005,99,4,9962.0,2487.0,50.0,49.0,0.2345686084064173,0.3314481016687292,0.9344509134711904,0.906312826698834,0.7967693291685698,0.7662962643685755,0.773870690092965,0.9033661301954344,4.029413938522339,0.9455782312925172,0.9391891891891893,0.942372881355932,0.9595375722543352,0.9851632047477744,0.972181551976574,0.8918032786885246,0.915824915824916,0.903654485049834,0.8860759493670886,0.915032679738562,0.9003215434083601,0.889261744966443,0.9075342465753424,0.8983050847457626,0.7083333333333334,0.3148148148148148,0.4358974358974359,0.9172185430463576,0.9389830508474576,0.9279731993299832,0.918032786885246,0.8945686900958466,0.906148867313916,0.0,0.0,0.0,0.8518518518518519,0.8518518518518519,0.8518518518518519
arch_deeper,0.001,42,0,9956.0,2493.0,50.0,49.0,0.1346280038594791,0.2741740930297893,0.9621333869023704,0.9281989570798236,0.8171117873820297,0.8169883158779838,0.8168739405868928,0.9279507436068036,4.082488059997559,0.96,0.972972972972973,0.9664429530201344,0.9649122807017544,0.9792284866468842,0.9720176730486008,0.9147540983606556,0.9362416107382552,0.925373134328358,0.929054054054054,0.8957654723127035,0.9121061359867332,0.9093959731543624,0.928082191780822,0.9186440677966102,0.7090909090909091,0.7090909090909091,0.7090909090909091,0.9694915254237289,0.9662162162162162,0.9678510998307952,0.9040247678018576,0.929936305732484,0.9167974882260596,0.0,0.0,0.0,0.910394265232975,0.8523489932885906,0.880415944540728
arch_deeper,0.001,42,1,9958.0,2491.0,50.0,49.0,0.1338444043055477,0.2686021013170331,0.9649528017674232,0.932557205941389,0.8243139184620206,0.8153258897861744,0.8193258328860532,0.9321727124258952,4.026519060134888,0.9630872483221476,0.9695945945945946,0.9663299663299664,0.982089552238806,0.9762611275964392,0.9791666666666664,0.9093959731543624,0.9093959731543624,0.9093959731543624,0.907936507936508,0.9315960912052116,0.919614147909968,0.9335664335664337,0.9143835616438356,0.9238754325259516,0.7608695652173914,0.6481481481481481,0.7000000000000001,0.9425675675675677,0.9425675675675677,0.9425675675675677,0.9314641744548288,0.9552715654952076,0.943217665615142,0.0,0.0,0.0,0.9121621621621622,0.906040268456376,0.9090909090909092
arch_deeper,0.001,42,2,9960.0,2489.0,50.0,49.0,0.1173750353859296,0.2525919295862034,0.9672690763052209,0.9272800321414224,0.8260093592061033,0.8112497327755129,0.8173980227437208,0.9268517384869104,4.028148174285889,0.9593220338983052,0.956081081081081,0.957698815566836,0.9732142857142856,0.9703264094955488,0.9717682020802376,0.9072847682119204,0.9194630872483222,0.9133333333333332,0.9352750809061487,0.9444444444444444,0.9398373983739836,0.9066666666666666,0.9315068493150684,0.918918918918919,0.8333333333333334,0.6481481481481481,0.7291666666666669,0.9302325581395348,0.945945945945946,0.9380234505862648,0.9368770764119602,0.9009584664536742,0.9185667752442996,0.0,0.0,0.0,0.8778877887788779,0.8956228956228957,0.8866666666666666
arch_deeper,0.001,42,3,9960.0,2489.0,50.0,49.0,0.1322220249832435,0.2513038436727322,0.965562248995984,0.9321012454801124,0.828264843708237,0.8076400585675035,0.8154203580077258,0.9311356031729908,3.995817899703979,0.9444444444444444,0.9763513513513512,0.9601328903654484,0.9615384615384616,0.9643916913946587,0.9629629629629628,0.9166666666666666,0.9228187919463088,0.9197324414715716,0.8871473354231975,0.9248366013071896,0.9056,0.9640287769784172,0.9178082191780822,0.9403508771929824,0.8108108108108109,0.5555555555555556,0.6593406593406594,0.9475409836065574,0.9763513513513512,0.9617304492512478,0.9423076923076924,0.939297124600639,0.9408,0.0,0.0,0.0,0.9081632653061223,0.898989898989899,0.9035532994923858
arch_deeper,0.001,42,4,9962.0,2487.0,50.0,49.0,0.1218728351140842,0.2521226893624129,0.9666733587633004,0.93124246079614,0.8301436922728633,0.817390581258295,0.8229139607934423,0.930924198612152,4.021646738052368,0.9625850340136054,0.956081081081081,0.9593220338983052,0.9706744868035192,0.9821958456973294,0.9764011799410032,0.9342560553633218,0.9090909090909092,0.9215017064846416,0.9067524115755627,0.9215686274509804,0.9141004862236628,0.9096989966555185,0.9315068493150684,0.9204737732656514,0.8409090909090909,0.6851851851851852,0.7551020408163266,0.9522184300341296,0.9457627118644067,0.9489795918367346,0.9292604501607716,0.9233226837060704,0.9262820512820512,0.0,0.0,0.0,0.8950819672131147,0.9191919191919192,0.9069767441860466
arch_deeper,0.001,7,0,9956.0,2493.0,50.0,49.0,0.1162143066947062,0.2435372964845907,0.9686621132985136,0.9310068190934616,0.823042147309019,0.8088122731372044,0.814678909987804,0.9302068115924812,4.041302680969238,0.9536423841059604,0.972972972972973,0.9632107023411371,0.9563953488372092,0.9762611275964392,0.9662261380323054,0.9331103678929766,0.9362416107382552,0.934673366834171,0.9318181818181818,0.9348534201954396,0.9333333333333332,0.9330985915492958,0.9075342465753424,0.9201388888888888,0.7619047619047619,0.5818181818181818,0.6597938144329897,0.9494949494949496,0.9527027027027029,0.951096121416526,0.9242902208201892,0.9331210191082804,0.9286846275752774,0.0,0.0,0.0,0.8866666666666667,0.8926174496644296,0.8896321070234113
arch_deeper,0.001,7,1,9958.0,2491.0,50.0,49.0,0.1232781442623935,0.2233455145402353,0.966559550110464,0.9389803291850662,0.8389934215319418,0.8284801528087765,0.83316961539536,0.9386942116934204,4.014668226242065,0.972972972972973,0.972972972972973,0.972972972972973,0.9622093023255814,0.9821958456973294,0.972099853157122,0.9285714285714286,0.9161073825503356,0.9222972972972974,0.9073482428115016,0.9250814332247556,0.9161290322580644,0.929530201342282,0.9486301369863014,0.9389830508474576,0.8695652173913043,0.7407407407407407,0.7999999999999999,0.9531772575250836,0.9628378378378378,0.9579831932773112,0.9442622950819672,0.9201277955271564,0.9320388349514565,0.0,0.0,0.0,0.9222972972972971,0.9161073825503356,0.9191919191919192
arch_deeper,0.001,7,2,9960.0,2489.0,50.0,49.0,0.1266482465119859,0.2341386732590055,0.9647590361445784,0.9300924065889916,0.8317331909415012,0.8133726439496147,0.8207489525704041,0.929414632621942,4.034900903701782,0.9664429530201344,0.972972972972973,0.9696969696969696,0.9762611275964392,0.9762611275964392,0.9762611275964392,0.9238754325259516,0.8959731543624161,0.909710391822828,0.9035369774919614,0.9183006535947712,0.9108589951377632,0.8966666666666666,0.9212328767123288,0.9087837837837838,0.875,0.6481481481481481,0.7446808510638299,0.9446254071661238,0.9797297297297296,0.9618573797678276,0.925,0.9456869009584664,0.9352290679304897,0.0,0.0,0.0,0.9059233449477352,0.8754208754208754,0.8904109589041096
arch_deeper,0.001,7,3,9960.0,2489.0,50.0,49.0,0.1155408673427034,0.2411278745495026,0.9692771084337348,0.9337083165930092,0.8284585032838704,0.822561195618885,0.8252882398546995,0.9335887187208256,4.034911870956421,0.94,0.9527027027027029,0.9463087248322148,0.9733727810650888,0.9762611275964392,0.9748148148148148,0.913907284768212,0.9261744966442952,0.92,0.9370860927152318,0.9248366013071896,0.930921052631579,0.9413793103448276,0.934931506849315,0.9381443298969072,0.7959183673469388,0.7222222222222222,0.7572815533980582,0.9559322033898304,0.9527027027027029,0.9543147208121828,0.9413680781758956,0.9233226837060704,0.932258064516129,0.0,0.0,0.0,0.8856209150326797,0.9124579124579124,0.8988391376451077
arch_deeper,0.001,7,4,9962.0,2487.0,50.0,49.0,0.1304999796603714,0.2771899293348943,0.9660710700662516,0.9328508242862888,0.8235485386389945,0.8202750461492944,0.8218097271089082,0.9328023102629578,4.105658292770386,0.9501661129568106,0.9662162162162162,0.9581239530988276,0.9848942598187312,0.9673590504451038,0.9760479041916168,0.9069767441860463,0.9191919191919192,0.9130434782608696,0.9292604501607716,0.9444444444444444,0.9367909238249597,0.9337979094076656,0.9178082191780822,0.92573402417962,0.7450980392156863,0.7037037037037037,0.7238095238095239,0.9586206896551724,0.9423728813559322,0.9504273504273504,0.9363057324840764,0.939297124600639,0.937799043062201,0.0,0.0,0.0,0.8903654485049833,0.9023569023569024,0.8963210702341137
arch_deeper,0.001,13,0,9956.0,2493.0,50.0,49.0,0.125107437097364,0.2330403521547673,0.9662515066291684,0.937424789410349,0.8334802471158858,0.8335941378054963,0.8333933704842122,0.9371923165982364,4.049113988876343,0.9531772575250836,0.9628378378378378,0.9579831932773112,0.9763313609467456,0.9792284866468842,0.9777777777777776,0.9304635761589404,0.9429530201342282,0.9366666666666668,0.9326599326599326,0.9022801302931596,0.9172185430463576,0.920265780730897,0.9486301369863014,0.9342327150084316,0.8181818181818182,0.8181818181818182,0.8181818181818182,0.9732441471571908,0.983108108108108,0.9781512605042018,0.9158878504672896,0.9363057324840764,0.925984251968504,0.0,0.0,0.0,0.9145907473309608,0.8624161073825504,0.8877374784110537
arch_deeper,0.001,13,1,9958.0,2491.0,50.0,49.0,0.1325847559168905,0.2393725935182645,0.9642498493673428,0.934564431955038,0.8304209436082314,0.8112095741560781,0.8186689134838068,0.9336934362249878,4.033125877380371,0.9473684210526316,0.972972972972973,0.96,0.9702380952380952,0.9673590504451038,0.9687964338781576,0.9105960264900662,0.9228187919463088,0.9166666666666666,0.9076433121019108,0.9283387622149836,0.9178743961352656,0.9421768707482994,0.9486301369863014,0.945392491467577,0.8157894736842105,0.5740740740740741,0.6739130434782609,0.956081081081081,0.956081081081081,0.956081081081081,0.9365079365079364,0.9424920127795527,0.9394904458598724,0.0,0.0,0.0,0.9178082191780822,0.8993288590604027,0.9084745762711866
arch_deeper,0.001,13,2,9960.0,2489.0,50.0,49.0,0.1237081484532561,0.2523468691389258,0.966566265060241,0.935315387705906,0.8278966939441444,0.8131875858236673,0.8191916587928691,0.934652894996744,4.059206247329712,0.9446254071661238,0.9797297297297296,0.9618573797678276,0.9850746268656716,0.9792284866468842,0.982142857142857,0.9069767441860463,0.9161073825503356,0.9115191986644406,0.9304635761589404,0.9183006535947712,0.924342105263158,0.9254237288135592,0.934931506849315,0.93015332197615,0.7804878048780488,0.5925925925925926,0.6736842105263158,0.9587628865979382,0.9425675675675677,0.950596252129472,0.9455128205128204,0.9424920127795527,0.944,0.0,0.0,0.0,0.9016393442622952,0.925925925925926,0.913621262458472
arch_deeper,0.001,13,3,9960.0,2489.0,50.0,49.0,0.125696269734668,0.2675551792213339,0.9678714859437751,0.928887103254319,0.8309855879325422,0.812482810489944,0.82002683409191,0.9284346005306834,4.029685974121094,0.9527027027027029,0.9527027027027029,0.9527027027027029,0.9673590504451038,0.9673590504451038,0.9673590504451038,0.925925925925926,0.9228187919463088,0.9243697478991596,0.9281045751633988,0.9281045751633988,0.9281045751633988,0.9149659863945578,0.9212328767123288,0.9180887372013652,0.875,0.6481481481481481,0.7446808510638299,0.9563758389261744,0.9628378378378378,0.9595959595959596,0.9242902208201892,0.9361022364217252,0.93015873015873,0.0,0.0,0.0,0.8651315789473685,0.8855218855218855,0.8752079866888519
arch_deeper,0.001,13,4,9962.0,2487.0,50.0,49.0,0.1165232374851854,0.2664206225142114,0.9710901425416584,0.9404905508644954,0.8306784063316529,0.8204064801736335,0.8249103950133059,0.939990384046104,4.078160047531128,0.9657534246575342,0.9527027027027029,0.9591836734693876,0.956896551724138,0.9881305637982196,0.9722627737226278,0.9550173010380624,0.9292929292929292,0.9419795221843004,0.9326923076923076,0.9509803921568628,0.941747572815534,0.935374149659864,0.9417808219178082,0.938566552901024,0.7555555555555555,0.6296296296296297,0.6868686868686867,0.95578231292517,0.952542372881356,0.9541595925297112,0.9297124600638976,0.9297124600638976,0.9297124600638976,0.0,0.0,0.0,0.92,0.9292929292929292,0.9246231155778896
arch_deeper,0.001,21,0,9956.0,2493.0,50.0,49.0,0.1266415588293246,0.2174178765261617,0.9651466452390518,0.9354191736863215,0.8304380142251745,0.8200700646597759,0.8246511324002729,0.9350259930702206,4.0654520988464355,0.9663299663299664,0.9695945945945946,0.9679595278246208,0.9646017699115044,0.9703264094955488,0.9674556213017752,0.9355932203389832,0.9261744966442952,0.9308600337268128,0.9311475409836064,0.9250814332247556,0.9281045751633988,0.929530201342282,0.9486301369863014,0.9389830508474576,0.8043478260869565,0.6727272727272727,0.7326732673267325,0.9463087248322148,0.9527027027027029,0.9494949494949496,0.9335443037974684,0.9394904458598726,0.9365079365079364,0.0,0.0,0.0,0.8929765886287625,0.8959731543624161,0.8944723618090452
arch_deeper,0.001,21,1,9958.0,2491.0,50.0,49.0,0.1207130559550383,0.2725094001105064,0.9674633460534244,0.9317543155359294,0.8312490045838945,0.8054896545236101,0.8146569528935548,0.9304938744000556,4.012040138244629,0.9285714285714286,0.9662162162162162,0.9470198675496688,0.9593023255813954,0.9792284866468842,0.9691629955947136,0.9305555555555556,0.8993288590604027,0.9146757679180888,0.9297124600638976,0.9478827361563518,0.9387096774193548,0.9401408450704224,0.9143835616438356,0.9270833333333331,0.8529411764705882,0.5370370370370371,0.6590909090909091,0.9368770764119602,0.9527027027027029,0.9447236180904524,0.9283489096573208,0.952076677316294,0.9400630914826498,0.0,0.0,0.0,0.906040268456376,0.906040268456376,0.906040268456376
arch_deeper,0.001,21,2,9960.0,2489.0,50.0,49.0,0.1295353980105034,0.2972988082307849,0.9643574297188756,0.922057051024508,0.8201449548941259,0.8054238822389592,0.8113309483584554,0.9214752490116516,4.020567893981934,0.9498327759197324,0.9594594594594594,0.9546218487394956,0.961764705882353,0.9703264094955488,0.96602658788774,0.9225589225589226,0.9194630872483222,0.9210084033613444,0.889937106918239,0.9248366013071896,0.907051282051282,0.8679245283018868,0.9452054794520548,0.9049180327868852,0.8095238095238095,0.6296296296296297,0.7083333333333334,0.9491525423728814,0.945945945945946,0.9475465313028764,0.9370860927152318,0.9041533546325878,0.9203252032520326,0.0,0.0,0.0,0.9136690647482014,0.8552188552188552,0.8834782608695653
arch_deeper,0.001,21,3,9960.0,2489.0,50.0,49.0,0.1356263305589842,0.2526355104935958,0.9623493975903614,0.9341100843712334,0.8264601898184075,0.8182674426826665,0.821933363495144,0.9338287662475658,4.042393922805786,0.9625850340136054,0.956081081081081,0.9593220338983052,0.9762611275964392,0.9762611275964392,0.9762611275964392,0.9141914191419142,0.929530201342282,0.9217970049916806,0.915032679738562,0.915032679738562,0.915032679738562,0.9351535836177476,0.9383561643835616,0.9367521367521366,0.7659574468085106,0.6666666666666666,0.7128712871287127,0.9591836734693876,0.9527027027027029,0.9559322033898304,0.902439024390244,0.9456869009584664,0.9235569422776913,0.0,0.0,0.0,0.9337979094076656,0.9023569023569024,0.9178082191780822
arch_deeper,0.001,21,4,9962.0,2487.0,50.0,49.0,0.1262718662944642,0.243691493223686,0.965468781369203,0.9336550060313632,0.8294620232449077,0.8221925550065945,0.8254965497124775,0.93333382382777,4.030084133148193,0.9477124183006536,0.9797297297297296,0.9634551495016612,0.9738372093023256,0.9940652818991098,0.9838472834067548,0.9312714776632304,0.9124579124579124,0.9217687074829932,0.9288025889967636,0.937908496732026,0.9333333333333332,0.9241379310344828,0.9178082191780822,0.9209621993127148,0.8125,0.7222222222222222,0.7647058823529411,0.9419795221843004,0.9355932203389832,0.9387755102040816,0.9477124183006536,0.926517571884984,0.9369951534733442,0.0,0.0,0.0,0.8866666666666667,0.8956228956228957,0.8911222780569513
arch_deeper,0.001,99,0,9956.0,2493.0,50.0,49.0,0.1330284952326437,0.2545930924115304,0.9635395741261552,0.937424789410349,0.8334654225617907,0.8139680664029421,0.8215514892884122,0.9366075406958748,4.048471927642822,0.9766666666666668,0.9898648648648648,0.9832214765100672,0.973529411764706,0.9821958456973294,0.9778434268833088,0.9457627118644067,0.9362416107382552,0.9409780775716696,0.891640866873065,0.9381107491856676,0.914285714285714,0.92831541218638,0.886986301369863,0.9071803852889668,0.8205128205128205,0.5818181818181818,0.6808510638297872,0.9693877551020408,0.9628378378378378,0.9661016949152542,0.943217665615142,0.9522292993630572,0.94770206022187,0.0,0.0,0.0,0.8856209150326797,0.9093959731543624,0.8973509933774834
arch_deeper,0.001,99,1,9958.0,2491.0,50.0,49.0,0.126557341219462,0.2728583600453304,0.9652540670817432,0.9353673223604978,0.8318314032566144,0.8195071218828485,0.8247821749923527,0.9350931140928406,4.037869215011597,0.9724137931034482,0.9527027027027029,0.9624573378839592,0.9757575757575756,0.9554896142433236,0.9655172413793104,0.8971061093247589,0.9362416107382552,0.916256157635468,0.9088050314465408,0.9413680781758956,0.9247999999999998,0.9225589225589226,0.9383561643835616,0.930390492359932,0.8181818181818182,0.6666666666666666,0.7346938775510203,0.95578231292517,0.9493243243243245,0.9525423728813558,0.939873417721519,0.9488817891373802,0.9443561208267092,0.0,0.0,0.0,0.9278350515463918,0.906040268456376,0.9168081494057724
arch_deeper,0.001,99,2,9960.0,2489.0,50.0,49.0,0.1226751903287698,0.2752592564521248,0.9676706827309236,0.9252711932503012,0.8268360928824521,0.8049186884712759,0.8132248124118892,0.9243908180400486,4.060078144073486,0.9218241042345277,0.956081081081081,0.9386401326699833,0.9762611275964392,0.9762611275964392,0.9762611275964392,0.913793103448276,0.889261744966443,0.9013605442176872,0.9235880398671096,0.9084967320261438,0.9159802306425042,0.9278350515463918,0.9246575342465754,0.9262435677530018,0.8648648648648649,0.5925925925925926,0.7032967032967032,0.9258064516129032,0.9695945945945946,0.9471947194719472,0.9177215189873418,0.926517571884984,0.9220985691573927,0.0,0.0,0.0,0.8966666666666666,0.9057239057239056,0.9011725293132328
arch_deeper,0.001,99,3,9960.0,2489.0,50.0,49.0,0.115964607950535,0.207481200800574,0.969578313253012,0.944154278826838,0.8433881696565825,0.8432702151250284,0.8432281459954474,0.9440759021021966,4.030865907669067,0.9348534201954396,0.9695945945945946,0.9519071310116084,0.976401179941003,0.9821958456973294,0.9792899408284024,0.9413793103448276,0.9161073825503356,0.9285714285714284,0.933774834437086,0.9215686274509804,0.9276315789473684,0.9266666666666666,0.952054794520548,0.939189189189189,0.8703703703703703,0.8703703703703703,0.8703703703703703,0.976027397260274,0.9628378378378378,0.9693877551020408,0.9369085173501576,0.9488817891373802,0.9428571428571428,0.0,0.0,0.0,0.9375,0.9090909090909092,0.923076923076923
arch_deeper,0.001,99,4,9962.0,2487.0,50.0,49.0,0.1327471428579294,0.2722699655184662,0.9673760289098574,0.9223964616003216,0.8111252082442972,0.7979034923789226,0.8032811326551894,0.921617421047226,4.028327941894531,0.9593220338983052,0.956081081081081,0.957698815566836,0.9706744868035192,0.9821958456973294,0.9764011799410032,0.9022801302931596,0.9326599326599326,0.9172185430463576,0.8974358974358975,0.915032679738562,0.906148867313916,0.9054054054054054,0.9178082191780822,0.91156462585034,0.7073170731707317,0.5370370370370371,0.6105263157894738,0.9419795221843004,0.9355932203389832,0.9387755102040816,0.943894389438944,0.9137380191693292,0.9285714285714284,0.0,0.0,0.0,0.882943143812709,0.8888888888888888,0.8859060402684564
arch_deeper,0.005,42,0,9956.0,2493.0,50.0,22.0,0.0120525168522797,0.2665972707986359,0.9991964644435516,0.9458483754512635,0.8346337218508995,0.8434675885835364,0.8383139473133177,0.945990191672282,4.050903797149658,0.9698996655518396,0.9797297297297296,0.9747899159663864,0.9792284866468842,0.9792284866468842,0.9792284866468842,0.9225806451612903,0.959731543624161,0.9407894736842104,0.9581881533101044,0.8957654723127035,0.925925925925926,0.929530201342282,0.9486301369863014,0.9389830508474576,0.734375,0.8545454545454545,0.7899159663865547,0.9793103448275862,0.9594594594594594,0.969283276450512,0.926605504587156,0.964968152866242,0.9453978159126364,0.0,0.0,0.0,0.9466192170818504,0.8926174496644296,0.918825561312608
arch_deeper,0.005,42,1,9958.0,2491.0,50.0,25.0,0.0129444822693958,0.255788795810095,0.9987949387427194,0.944199116820554,0.8358377298327453,0.840226642394921,0.8378602861087258,0.9442815493368129,4.011125087738037,0.9566666666666668,0.9695945945945946,0.9630872483221476,0.9791666666666666,0.9762611275964392,0.9777117384843982,0.9319727891156464,0.9194630872483222,0.9256756756756758,0.9370860927152318,0.9218241042345277,0.929392446633826,0.9572953736654805,0.9212328767123288,0.9389179755671904,0.7758620689655172,0.8333333333333334,0.8035714285714286,0.9498327759197324,0.9594594594594594,0.9546218487394956,0.9587301587301588,0.9648562300319488,0.961783439490446,0.0,0.0,0.0,0.9117647058823528,0.9362416107382552,0.9238410596026492
arch_deeper,0.005,42,2,9960.0,2489.0,50.0,21.0,0.0092955130129888,0.2434667629043655,0.9996987951807228,0.9413419043792688,0.8355613742532683,0.8273800498198378,0.8310863210919852,0.9410784309575824,4.016899108886719,0.9628378378378378,0.9628378378378378,0.9628378378378378,0.9821428571428572,0.9792284866468842,0.9806835066864784,0.9395973154362416,0.9395973154362416,0.9395973154362416,0.9446254071661238,0.9477124183006536,0.9461663947797716,0.935374149659864,0.9417808219178082,0.938566552901024,0.8085106382978723,0.7037037037037037,0.7524752475247524,0.9370860927152318,0.956081081081081,0.9464882943143812,0.9318181818181818,0.9169329073482428,0.924315619967794,0.0,0.0,0.0,0.9136212624584718,0.925925925925926,0.919732441471572
arch_deeper,0.005,42,3,9960.0,2489.0,50.0,19.0,0.0113678684246593,0.2524475934804033,0.9993975903614458,0.9449578143832864,0.8405566548466608,0.8317511310243815,0.8356124623974294,0.944645942995242,4.043623924255371,0.9448051948051948,0.983108108108108,0.9635761589403974,0.9821428571428572,0.9792284866468842,0.9806835066864784,0.9438596491228072,0.9026845637583892,0.9228130360205832,0.917981072555205,0.9509803921568628,0.9341894060995184,0.9679715302491104,0.9315068493150684,0.9493891797556718,0.8297872340425532,0.7222222222222222,0.7722772277227723,0.9473684210526316,0.972972972972973,0.96,0.954983922829582,0.9488817891373802,0.9519230769230768,0.0,0.0,0.0,0.9166666666666666,0.925925925925926,0.9212730318257956
arch_deeper,0.005,42,4,9962.0,2487.0,50.0,39.0,0.0108670716861311,0.2176721548781184,0.9993977113029512,0.9493365500603136,0.84667783982867,0.8400031050770188,0.8430966911188612,0.9492090552709176,4.1623921394348145,0.9726962457337884,0.9628378378378378,0.967741935483871,0.9650145772594751,0.9821958456973294,0.973529411764706,0.935374149659864,0.925925925925926,0.9306260575296108,0.944078947368421,0.937908496732026,0.940983606557377,0.9427609427609428,0.958904109589041,0.9507640067911716,0.8571428571428571,0.7777777777777778,0.8155339805825242,0.9791666666666666,0.9559322033898304,0.967409948542024,0.9426751592356688,0.9456869009584664,0.9441786283891548,0.0,0.0,0.0,0.9278688524590164,0.9528619528619529,0.9401993355481728
arch_deeper,0.005,7,0,9956.0,2493.0,50.0,24.0,0.0100119473001007,0.2366253963165113,0.9993973483326636,0.9458483754512635,0.8433036389443866,0.8344905249647676,0.8385032250033075,0.9455948573132208,4.0746753215789795,0.959866220735786,0.9695945945945946,0.9647058823529412,0.9676470588235294,0.9762611275964392,0.9719350073855244,0.9302325581395348,0.9395973154362416,0.9348914858096828,0.935064935064935,0.9381107491856676,0.9365853658536586,0.950877192982456,0.928082191780822,0.9393414211438474,0.8541666666666666,0.7454545454545455,0.7961165048543689,0.9565217391304348,0.9662162162162162,0.961344537815126,0.9493670886075948,0.9554140127388536,0.9523809523809524,0.0,0.0,0.0,0.9292929292929292,0.9261744966442952,0.9277310924369748
arch_deeper,0.005,7,1,9958.0,2491.0,50.0,30.0,0.0108118622531515,0.2003425767392624,0.9992970475999196,0.9574468085106383,0.8556313791953484,0.8542905471951056,0.8549247437274665,0.957364180275732,4.048769950866699,0.966996699669967,0.9898648648648648,0.9782971619365608,0.976470588235294,0.9851632047477744,0.980797636632201,0.9486301369863014,0.929530201342282,0.9389830508474576,0.9413680781758956,0.9413680781758956,0.9413680781758956,0.95578231292517,0.9623287671232876,0.9590443686006824,0.8867924528301887,0.8703703703703703,0.8785046728971964,0.9727891156462584,0.9662162162162162,0.9694915254237289,0.9615384615384616,0.9584664536741214,0.96,0.0,0.0,0.0,0.945945945945946,0.9395973154362416,0.9427609427609428
arch_deeper,0.005,7,2,9960.0,2489.0,50.0,20.0,0.0111654338570259,0.2326136721757609,0.998995983935743,0.9469666532744074,0.8436355560303852,0.8333257998654398,0.8378994860588682,0.9466102786577916,4.034038066864014,0.976271186440678,0.972972972972973,0.9746192893401016,0.9766081871345028,0.9910979228486648,0.98379970544919,0.9482758620689656,0.9228187919463088,0.935374149659864,0.9383116883116884,0.9444444444444444,0.9413680781758956,0.9324324324324323,0.9452054794520548,0.9387755102040816,0.8478260869565217,0.7222222222222222,0.78,0.950657894736842,0.9763513513513512,0.9633333333333334,0.925,0.9456869009584664,0.9352290679304897,0.0,0.0,0.0,0.9409722222222222,0.9124579124579124,0.9264957264957264
arch_deeper,0.005,7,3,9960.0,2489.0,50.0,25.0,0.0095763436131791,0.2267387846052156,0.9998995983935745,0.9501807955002008,0.847098091679716,0.8407237388004927,0.8436839908305291,0.9500324023048892,4.021899700164795,0.959866220735786,0.9695945945945946,0.9647058823529412,0.973529411764706,0.9821958456973294,0.9778434268833088,0.9331103678929766,0.9362416107382552,0.934673366834171,0.9501661129568106,0.934640522875817,0.942339373970346,0.9484536082474226,0.9452054794520548,0.9468267581475128,0.8571428571428571,0.7777777777777778,0.8155339805825242,0.9663299663299664,0.9695945945945946,0.9679595278246208,0.9577922077922078,0.9424920127795527,0.9500805152979066,0.0,0.0,0.0,0.9245901639344264,0.9494949494949496,0.9368770764119604
arch_deeper,0.005,7,4,9962.0,2487.0,50.0,27.0,0.0124282832933272,0.2660906449689893,0.9990965669544268,0.9445114595898672,0.8354772422654835,0.8375693666798085,0.8363828856360225,0.9446644357332816,4.020632982254028,0.9537953795379538,0.9763513513513512,0.9649415692821368,0.990909090909091,0.9703264094955488,0.9805097451274364,0.918032786885246,0.9427609427609428,0.930232558139535,0.943894389438944,0.934640522875817,0.9392446633825944,0.9575971731448764,0.928082191780822,0.942608695652174,0.7678571428571429,0.7962962962962963,0.7818181818181819,0.9616724738675958,0.9355932203389832,0.9484536082474228,0.9519230769230768,0.9488817891373802,0.9504,0.0,0.0,0.0,0.9090909090909092,0.9427609427609428,0.9256198347107436
arch_deeper,0.005,13,0,9956.0,2493.0,50.0,23.0,0.0109325967837689,0.2108984900642932,0.9994977902772196,0.9490573606097072,0.8447130832777925,0.8447573227868699,0.8446724299268512,0.9489825753120592,4.037590980529785,0.953020134228188,0.9594594594594594,0.956228956228956,0.9821958456973294,0.9821958456973294,0.9821958456973294,0.9285714285714286,0.959731543624161,0.943894389438944,0.9210526315789472,0.9120521172638436,0.9165302782324058,0.9591836734693876,0.9657534246575342,0.962457337883959,0.8363636363636363,0.8363636363636363,0.8363636363636363,0.9864864864864864,0.9864864864864864,0.9864864864864864,0.9394904458598726,0.9394904458598726,0.9394904458598726,0.0,0.0,0.0,0.940766550522648,0.906040268456376,0.9230769230769232
arch_deeper,0.005,13,1,9958.0,2491.0,50.0,27.0,0.0108999622812725,0.2238862406369103,0.9992970475999196,0.9462063428342032,0.8430907511212645,0.8342869919112941,0.8382400992831547,0.9459129223511016,4.010616064071655,0.9508196721311476,0.9797297297297296,0.9650582362728783,0.9850299401197604,0.9762611275964392,0.9806259314456036,0.9362416107382552,0.9362416107382552,0.9362416107382552,0.9383116883116884,0.9413680781758956,0.9398373983739836,0.9351535836177476,0.9383561643835616,0.9367521367521366,0.851063829787234,0.7407407407407407,0.7920792079207921,0.9528619528619529,0.956081081081081,0.9544688026981448,0.9439252336448598,0.9680511182108626,0.9558359621451104,0.0,0.0,0.0,0.9375,0.906040268456376,0.9215017064846416
arch_deeper,0.005,13,2,9960.0,2489.0,50.0,31.0,0.0112355836106336,0.2216779168400654,0.99929718875502,0.954600241060667,0.8461068069765106,0.8472585506377905,0.8466430521419481,0.9546411396841974,4.022003889083862,0.972972972972973,0.972972972972973,0.972972972972973,0.9910714285714286,0.9881305637982196,0.9895988112927192,0.9488054607508531,0.9328859060402684,0.9407783417935702,0.9533333333333334,0.934640522875817,0.943894389438944,0.9393939393939394,0.9554794520547946,0.9473684210526316,0.8,0.8148148148148148,0.8073394495412846,0.9727891156462584,0.9662162162162162,0.9694915254237289,0.9588607594936708,0.9680511182108626,0.9634340222575516,0.0,0.0,0.0,0.9238410596026492,0.9393939393939394,0.9315525876460768
arch_deeper,0.005,13,3,9960.0,2489.0,50.0,21.0,0.0120599477679775,0.2555403834325234,0.998995983935743,0.9445560466050624,0.8454750265021721,0.83605553798009,0.8403447739769042,0.9444326256849558,4.04679799079895,0.9659863945578232,0.9594594594594594,0.9627118644067796,0.9790419161676648,0.9703264094955488,0.9746646795827124,0.925925925925926,0.9228187919463088,0.9243697478991596,0.9446254071661238,0.9477124183006536,0.9461663947797716,0.925925925925926,0.9417808219178082,0.933786078098472,0.8936170212765957,0.7777777777777778,0.8316831683168316,0.9662162162162162,0.9662162162162162,0.9662162162162162,0.9373040752351096,0.9552715654952076,0.9462025316455696,0.0,0.0,0.0,0.9161073825503356,0.9191919191919192,0.9176470588235296
arch_deeper,0.005,13,4,9962.0,2487.0,50.0,18.0,0.0093653262922302,0.2806599721263985,0.999899618550492,0.9497386409328508,0.8448520706444353,0.8431998743462609,0.8439612661561366,0.9496695917591592,4.055631875991821,0.972508591065292,0.956081081081081,0.9642248722316864,0.9626436781609196,0.9940652818991098,0.978102189781022,0.9586206896551724,0.936026936026936,0.9471890971039184,0.9477124183006536,0.9477124183006536,0.9477124183006536,0.9415807560137456,0.9383561643835616,0.9399656946826758,0.8301886792452831,0.8148148148148148,0.8224299065420562,0.9627118644067796,0.9627118644067796,0.9627118644067796,0.9451612903225808,0.9361022364217252,0.9406099518459068,0.0,0.0,0.0,0.9273927392739274,0.9461279461279462,0.9366666666666668
arch_deeper,0.005,21,0,9956.0,2493.0,50.0,25.0,0.0101384745569303,0.1918633570139749,0.9992969063881076,0.9502607300441236,0.8477403709826385,0.8427645174824727,0.8450902237511178,0.950206965919682,4.036969900131226,0.972972972972973,0.972972972972973,0.972972972972973,0.9790419161676648,0.9703264094955488,0.9746646795827124,0.9489795918367347,0.9362416107382552,0.9425675675675677,0.9634551495016612,0.9446254071661238,0.9539473684210528,0.9302325581395348,0.958904109589041,0.9443507588532885,0.8627450980392157,0.8,0.8301886792452831,0.9562289562289562,0.9594594594594594,0.957841483979764,0.943217665615142,0.9522292993630572,0.94770206022187,0.0,0.0,0.0,0.9205298013245032,0.9328859060402684,0.9266666666666667
arch_deeper,0.005,21,1,9958.0,2491.0,50.0,26.0,0.0100543863183317,0.2581950112005816,0.9993974693713598,0.9446005620232838,0.8484090113476958,0.8315024619852733,0.8386220799621876,0.944249391083654,4.017347812652588,0.940983606557377,0.9695945945945946,0.9550748752079868,0.973293768545994,0.973293768545994,0.973293768545994,0.9194630872483222,0.9194630872483222,0.9194630872483222,0.9473684210526316,0.9381107491856676,0.9427168576104746,0.9513888888888888,0.9383561643835616,0.9448275862068966,0.9285714285714286,0.7222222222222222,0.8125000000000001,0.9370860927152318,0.956081081081081,0.9464882943143812,0.9465408805031448,0.9616613418530352,0.9540412044374008,0.0,0.0,0.0,0.9393939393939394,0.9362416107382552,0.9378151260504204
arch_deeper,0.005,21,2,9960.0,2489.0,50.0,23.0,0.0105233459895787,0.2902288178568299,0.9994979919678716,0.9409401366010446,0.8361010238371867,0.8300947614615379,0.832847937793972,0.9407545029271608,4.01937198638916,0.9629629629629628,0.9662162162162162,0.9645868465430018,0.9676470588235294,0.9762611275964392,0.9719350073855244,0.9326599326599326,0.929530201342282,0.93109243697479,0.932258064516129,0.9444444444444444,0.9383116883116882,0.9105960264900662,0.9417808219178082,0.9259259259259258,0.8163265306122449,0.7407407407407407,0.7766990291262137,0.9498327759197324,0.9594594594594594,0.9546218487394956,0.9537953795379538,0.9233226837060704,0.9383116883116884,0.0,0.0,0.0,0.934931506849315,0.9191919191919192,0.9269949066213922
arch_deeper,0.005,21,3,9960.0,2489.0,50.0,27.0,0.0106388857439628,0.2184222398736733,0.9995983935742973,0.9501807955002008,0.8406262685663275,0.8482462561166413,0.8440702443047297,0.9503309919502674,4.01439905166626,0.9632107023411371,0.972972972972973,0.9680672268907564,0.9821958456973294,0.9821958456973294,0.9821958456973294,0.930921052631579,0.9496644295302014,0.9401993355481728,0.94,0.9215686274509804,0.9306930693069309,0.9550173010380624,0.9452054794520548,0.9500860585197934,0.7704918032786885,0.8703703703703703,0.817391304347826,0.969283276450512,0.9594594594594594,0.964346349745331,0.9404388714733544,0.9584664536741214,0.9493670886075948,0.0,0.0,0.0,0.9547038327526132,0.9225589225589226,0.9383561643835616
arch_deeper,0.005,21,4,9962.0,2487.0,50.0,24.0,0.0105476506085371,0.2297796002843939,0.9994980927524594,0.9453156413349416,0.840819045401223,0.839523832292705,0.8401173084762702,0.9452331711013195,4.11340594291687,0.9602649006622516,0.9797297297297296,0.9698996655518396,0.9794721407624634,0.9910979228486648,0.9852507374631267,0.9312714776632304,0.9124579124579124,0.9217687074829932,0.9290322580645162,0.9411764705882352,0.9350649350649352,0.929054054054054,0.9417808219178082,0.935374149659864,0.8301886792452831,0.8148148148148148,0.8224299065420562,0.9620689655172414,0.9457627118644067,0.953846153846154,0.9609120521172638,0.9424920127795527,0.9516129032258064,0.0,0.0,0.0,0.925925925925926,0.925925925925926,0.925925925925926
arch_deeper,0.005,99,0,9956.0,2493.0,50.0,21.0,0.0114061823243234,0.2523281686791588,0.9992969063881076,0.9522663457681508,0.8474198718534683,0.8410236890751053,0.8438870032330168,0.9519957636335508,4.033890962600708,0.9832214765100672,0.9898648648648648,0.9865319865319864,0.9851190476190476,0.9821958456973294,0.9836552748885588,0.9562289562289562,0.953020134228188,0.9546218487394958,0.9310344827586208,0.96742671009772,0.9488817891373802,0.9487179487179488,0.886986301369863,0.9168141592920356,0.84,0.7636363636363637,0.8000000000000002,0.959866220735786,0.9695945945945946,0.9647058823529412,0.959119496855346,0.9713375796178344,0.9651898734177214,0.0,0.0,0.0,0.9108910891089108,0.9261744966442952,0.91846921797005
arch_deeper,0.005,99,1,9958.0,2491.0,50.0,23.0,0.011790737618667,0.2573197704320352,0.9990962040570396,0.9458048976314734,0.8398772589276262,0.831293483811159,0.8350315684135479,0.9456653067651498,4.009917974472046,0.976027397260274,0.9628378378378378,0.9693877551020408,0.9847560975609756,0.9584569732937686,0.9714285714285714,0.8962264150943396,0.9563758389261744,0.9253246753246754,0.9228295819935692,0.9348534201954396,0.9288025889967638,0.9435215946843852,0.9726027397260274,0.957841483979764,0.8085106382978723,0.7037037037037037,0.7524752475247524,0.9792387543252596,0.956081081081081,0.9675213675213676,0.943217665615142,0.9552715654952076,0.9492063492063492,0.0,0.0,0.0,0.9444444444444444,0.912751677852349,0.9283276450511946
arch_deeper,0.005,99,2,9960.0,2489.0,50.0,25.0,0.0096235625598235,0.2541649744872603,0.9994979919678716,0.9401366010445962,0.8355517282840733,0.8247920743222693,0.8294833064205722,0.9397543084090764,4.024080276489258,0.9528619528619529,0.956081081081081,0.9544688026981448,0.9850746268656716,0.9792284866468842,0.982142857142857,0.9351535836177476,0.9194630872483222,0.9272419627749576,0.9433333333333334,0.9248366013071896,0.933993399339934,0.929530201342282,0.9486301369863014,0.9389830508474576,0.8222222222222222,0.6851851851851852,0.7474747474747475,0.9383116883116884,0.9763513513513512,0.956953642384106,0.9426751592356688,0.9456869009584664,0.9441786283891548,0.0,0.0,0.0,0.9063545150501672,0.9124579124579124,0.9093959731543624
arch_deeper,0.005,99,3,9960.0,2489.0,50.0,24.0,0.009970987994397,0.1933286152120803,0.9994979919678716,0.956609079951788,0.8612166464569782,0.8596350657385885,0.8603355484215047,0.956559171146013,4.010044097900391,0.9446254071661238,0.9797297297297296,0.9618573797678276,0.9823008849557522,0.9881305637982196,0.985207100591716,0.9518900343642612,0.929530201342282,0.9405772495755518,0.9473684210526316,0.9411764705882352,0.9442622950819672,0.94314381270903,0.9657534246575342,0.9543147208121828,0.9622641509433962,0.9444444444444444,0.9532710280373832,0.9828178694158076,0.9662162162162162,0.9744463373083476,0.946031746031746,0.952076677316294,0.9490445859872612,0.0,0.0,0.0,0.9517241379310344,0.9292929292929292,0.940374787052811
arch_deeper,0.005,99,4,9962.0,2487.0,50.0,21.0,0.011959029266843,0.2638534347463885,0.9989961855049186,0.9348612786489746,0.8229241191709725,0.821813941266708,0.8223209833519268,0.9348208157192772,4.073121070861816,0.959731543624161,0.9662162162162162,0.962962962962963,0.9794117647058824,0.9881305637982196,0.983751846381093,0.9366666666666666,0.9461279461279462,0.9413735343383584,0.9158576051779936,0.9248366013071896,0.9203252032520324,0.9112627986348124,0.9143835616438356,0.9128205128205128,0.7169811320754716,0.7037037037037037,0.7102803738317758,0.9550173010380624,0.9355932203389832,0.9452054794520548,0.950657894736842,0.9233226837060704,0.9367909238249594,0.0,0.0,0.0,0.903654485049834,0.915824915824916,0.9096989966555185
arch_deeper,0.01,42,0,9956.0,2493.0,50.0,11.0,0.0028352685598029,0.2937847447555841,1.0,0.950661853188929,0.8396814884089716,0.8489297588058463,0.84365175774802,0.9508213682957076,4.077800035476685,0.9763513513513512,0.9763513513513512,0.9763513513513512,0.9850746268656716,0.9792284866468842,0.982142857142857,0.9381107491856676,0.9664429530201344,0.9520661157024792,0.9587628865979382,0.9087947882736156,0.9331103678929766,0.9328859060402684,0.952054794520548,0.9423728813559324,0.75,0.8727272727272727,0.8067226890756303,0.9794520547945206,0.9662162162162162,0.9727891156462584,0.9325153374233128,0.9681528662420382,0.95,0.0,0.0,0.0,0.943661971830986,0.8993288590604027,0.9209621993127148
arch_deeper,0.01,42,1,9958.0,2491.0,50.0,13.0,0.0029861847224033,0.2825563285645103,1.0,0.9478121236451224,0.8396734251387634,0.8417199827511691,0.8405996491763321,0.9478277003986304,4.079820156097412,0.9663299663299664,0.9695945945945946,0.9679595278246208,0.9676470588235294,0.9762611275964392,0.9719350073855244,0.9393939393939394,0.9362416107382552,0.9378151260504204,0.9531772575250836,0.9283387622149836,0.9405940594059404,0.9608540925266904,0.9246575342465754,0.9424083769633508,0.7857142857142857,0.8148148148148148,0.7999999999999999,0.946843853820598,0.9628378378378378,0.9547738693467336,0.9526813880126184,0.9648562300319488,0.9587301587301588,0.0,0.0,0.0,0.924092409240924,0.9395973154362416,0.9317803660565722
arch_deeper,0.01,42,2,9960.0,2489.0,50.0,11.0,0.0025122645889997,0.2656026661871489,1.0,0.9433507432703896,0.8390058937200132,0.8305581568169179,0.8343807011938491,0.9430933599446988,4.073257207870483,0.959731543624161,0.9662162162162162,0.962962962962963,0.9821428571428572,0.9792284866468842,0.9806835066864784,0.9488054607508531,0.9328859060402684,0.9407783417935702,0.948220064724919,0.9575163398692812,0.9528455284552846,0.9292929292929292,0.9452054794520548,0.937181663837012,0.8297872340425532,0.7222222222222222,0.7722772277227723,0.9401993355481728,0.956081081081081,0.948073701842546,0.9288025889967636,0.9169329073482428,0.9228295819935692,0.0,0.0,0.0,0.9230769230769232,0.9292929292929292,0.9261744966442952
arch_deeper,0.01,42,3,9960.0,2489.0,50.0,9.0,0.0027422512724363,0.2755486263909985,1.0,0.9433507432703896,0.8385364855990052,0.8274148947442681,0.8322057155168743,0.942956719872938,4.077976226806641,0.954248366013072,0.9864864864864864,0.9700996677740864,0.982089552238806,0.9762611275964392,0.9791666666666664,0.940766550522648,0.906040268456376,0.9230769230769232,0.912772585669782,0.9575163398692812,0.934609250398724,0.9646643109540636,0.934931506849315,0.9495652173913044,0.8222222222222222,0.6851851851851852,0.7474747474747475,0.9501661129568106,0.9662162162162162,0.9581239530988276,0.9517684887459807,0.9456869009584664,0.9487179487179488,0.0,0.0,0.0,0.9066666666666666,0.915824915824916,0.9112227805695142
arch_deeper,0.01,42,4,9962.0,2487.0,50.0,18.0,0.0027648510370391,0.2315667726897622,1.0,0.9529553679131484,0.8542319319498681,0.8430106774385464,0.848019996319459,0.9527696235490644,4.046499967575073,0.9761092150170648,0.9662162162162162,0.9711375212224108,0.967930029154519,0.9851632047477744,0.9764705882352942,0.9387755102040816,0.9292929292929292,0.934010152284264,0.944078947368421,0.937908496732026,0.940983606557377,0.9368770764119602,0.9657534246575342,0.9510961214165262,0.9130434782608696,0.7777777777777778,0.84,0.9793103448275862,0.9627118644067796,0.9709401709401708,0.9517684887459807,0.9456869009584664,0.9487179487179488,0.0,0.0,0.0,0.9344262295081968,0.9595959595959596,0.946843853820598
arch_deeper,0.01,7,0,9956.0,2493.0,50.0,9.0,0.0024449314771088,0.249721239440843,1.0,0.9510629763337344,0.8527038208474265,0.8417556705785328,0.8466845476550139,0.9508408964586568,4.043309211730957,0.956810631229236,0.972972972972973,0.9648241206030151,0.967741935483871,0.9792284866468842,0.9734513274336284,0.94,0.9463087248322148,0.94314381270903,0.9448051948051948,0.9478827361563518,0.946341463414634,0.9547038327526132,0.9383561643835616,0.9464594127806564,0.9148936170212766,0.7818181818181819,0.8431372549019609,0.9629629629629628,0.9662162162162162,0.9645868465430018,0.9495268138801262,0.9585987261146496,0.9540412044374008,0.0,0.0,0.0,0.9355932203389832,0.9261744966442952,0.9308600337268128
arch_deeper,0.01,7,1,9958.0,2491.0,50.0,10.0,0.0026404168139581,0.2221238315538286,1.0,0.9598554797270172,0.8607513859094915,0.8593440792641243,0.8600080238030599,0.959793538149574,4.040548086166382,0.9668874172185432,0.9864864864864864,0.976588628762542,0.9793510324483776,0.9851632047477744,0.9822485207100592,0.9488054607508531,0.9328859060402684,0.9407783417935702,0.9411764705882352,0.9381107491856676,0.9396411092985316,0.9528619528619529,0.9691780821917808,0.9609507640067912,0.9245283018867924,0.9074074074074074,0.9158878504672898,0.9795221843003412,0.9695945945945946,0.9745331069609507,0.9585987261146496,0.9616613418530352,0.9601275917065392,0.0,0.0,0.0,0.95578231292517,0.9429530201342282,0.9493243243243245
arch_deeper,0.01,7,2,9960.0,2489.0,50.0,12.0,0.0026764956238624,0.2650070894707863,1.0,0.9489754921655283,0.8440941574466073,0.8365505300326795,0.839973690418519,0.9486740963698436,4.060536861419678,0.9731543624161074,0.9797297297297296,0.9764309764309764,0.9766081871345028,0.9910979228486648,0.98379970544919,0.9518900343642612,0.929530201342282,0.9405772495755518,0.9473684210526316,0.9411764705882352,0.9442622950819672,0.9331103678929766,0.9554794520547946,0.9441624365482236,0.8333333333333334,0.7407407407407407,0.7843137254901961,0.956810631229236,0.972972972972973,0.9648241206030151,0.927899686520376,0.9456869009584664,0.9367088607594936,0.0,0.0,0.0,0.940766550522648,0.9090909090909092,0.9246575342465754
arch_deeper,0.01,7,3,9960.0,2489.0,50.0,15.0,0.0025200298918347,0.2422321703926366,1.0,0.9497790277219766,0.8482140669734234,0.8403794960602603,0.8439831797774666,0.9496031764682198,4.207830905914307,0.9531772575250836,0.9628378378378378,0.9579831932773112,0.9706744868035192,0.9821958456973294,0.9764011799410032,0.9395973154362416,0.9395973154362416,0.9395973154362416,0.9534883720930232,0.937908496732026,0.945634266886326,0.9453924914675768,0.9486301369863014,0.947008547008547,0.875,0.7777777777777778,0.823529411764706,0.959866220735786,0.9695945945945946,0.9647058823529412,0.9577922077922078,0.9424920127795527,0.9500805152979066,0.0,0.0,0.0,0.9271523178807948,0.9427609427609428,0.9348914858096828
arch_deeper,0.01,7,4,9962.0,2487.0,50.0,14.0,0.0029133251474568,0.2871452059834186,0.999899618550492,0.9469240048250904,0.8405084950244831,0.8379748187359123,0.8390993612471647,0.9469593071734064,4.041715145111084,0.9534883720930232,0.9695945945945946,0.9614740368509214,0.993920972644377,0.9703264094955488,0.981981981981982,0.918032786885246,0.9427609427609428,0.930232558139535,0.948051948051948,0.954248366013072,0.9511400651465798,0.9608540925266904,0.9246575342465754,0.9424083769633508,0.8076923076923077,0.7777777777777778,0.7924528301886792,0.9584775086505192,0.9389830508474576,0.9486301369863014,0.9522292993630572,0.9552715654952076,0.9537480063795852,0.0,0.0,0.0,0.9123376623376624,0.9461279461279462,0.9289256198347108
arch_deeper,0.01,13,0,9956.0,2493.0,50.0,13.0,0.0025967402859043,0.2372287167641054,1.0,0.95146409947854,0.8442938554346213,0.8512791496481006,0.8474947055983957,0.9515541868147828,4.052426099777222,0.9563758389261744,0.9628378378378378,0.9595959595959596,0.987987987987988,0.9762611275964392,0.982089552238806,0.9320388349514565,0.9664429530201344,0.9489291598023064,0.9271523178807948,0.9120521172638436,0.9195402298850576,0.962457337883959,0.9657534246575342,0.964102564102564,0.8032786885245902,0.8909090909090909,0.8448275862068965,0.9897959183673468,0.983108108108108,0.9864406779661016,0.9426751592356688,0.9426751592356688,0.9426751592356688,0.0,0.0,0.0,0.9411764705882352,0.912751677852349,0.9267461669505962
arch_deeper,0.01,13,1,9958.0,2491.0,50.0,16.0,0.0026707370643695,0.2407544045341821,0.99989957822856,0.949016459253312,0.8440408052949347,0.836540614811285,0.8399406447399758,0.9487351010752908,4.034749984741211,0.9602649006622516,0.9797297297297296,0.9698996655518396,0.9850746268656716,0.9792284866468842,0.982142857142857,0.9491525423728814,0.9395973154362416,0.9443507588532882,0.9387096774193548,0.9478827361563518,0.9432739059967584,0.944055944055944,0.9246575342465754,0.9342560553633218,0.8333333333333334,0.7407407407407407,0.7843137254901961,0.9501661129568106,0.9662162162162162,0.9581239530988276,0.9382716049382716,0.9712460063897764,0.95447409733124,0.0,0.0,0.0,0.9413793103448276,0.9161073825503356,0.9285714285714284
arch_deeper,0.01,13,2,9960.0,2489.0,50.0,16.0,0.0028516615162262,0.238802667900751,1.0,0.9550020088388912,0.8460958808589739,0.8460952850801473,0.8460712675990928,0.95500928446735,4.111485004425049,0.9730639730639732,0.9763513513513512,0.9747048903878583,0.9910714285714286,0.9881305637982196,0.9895988112927192,0.9457627118644067,0.9362416107382552,0.9409780775716696,0.9435215946843852,0.9281045751633988,0.9357495881383856,0.9488054607508531,0.952054794520548,0.9504273504273504,0.7962962962962963,0.7962962962962963,0.7962962962962963,0.9761904761904762,0.9695945945945946,0.9728813559322034,0.961904761904762,0.9680511182108626,0.964968152866242,0.0,0.0,0.0,0.924342105263158,0.9461279461279462,0.935108153078203
arch_deeper,0.01,13,3,9960.0,2489.0,50.0,10.0,0.0029756119947507,0.2813750245575689,1.0,0.9469666532744074,0.8446721682511397,0.8395870664514475,0.8419899836498829,0.9468764230652466,4.0797131061553955,0.9661016949152542,0.9628378378378378,0.964467005076142,0.9761194029850746,0.9703264094955488,0.9732142857142858,0.931740614334471,0.9161073825503356,0.9238578680203046,0.9449838187702264,0.954248366013072,0.9495934959349592,0.928813559322034,0.9383561643835616,0.9335604770017036,0.86,0.7962962962962963,0.826923076923077,0.9663299663299664,0.9695945945945946,0.9679595278246208,0.9490445859872612,0.952076677316294,0.9505582137161084,0.0,0.0,0.0,0.9235880398671096,0.936026936026936,0.9297658862876254
arch_deeper,0.01,13,4,9962.0,2487.0,50.0,9.0,0.0024598592235275,0.3001712829376874,1.0,0.9525532770406112,0.8462592089281318,0.8470662475329543,0.8466088388975364,0.9525331277403998,4.076789140701294,0.972508591065292,0.956081081081081,0.9642248722316864,0.9654178674351584,0.9940652818991098,0.97953216374269,0.9620689655172414,0.9393939393939394,0.950596252129472,0.9477124183006536,0.9477124183006536,0.9477124183006536,0.9484536082474226,0.9452054794520548,0.9468267581475128,0.8181818181818182,0.8333333333333334,0.8256880733944955,0.9627118644067796,0.9627118644067796,0.9627118644067796,0.945337620578778,0.939297124600639,0.9423076923076924,0.0,0.0,0.0,0.9401993355481728,0.9528619528619529,0.9464882943143812
arch_deeper,0.01,21,0,9956.0,2493.0,50.0,15.0,0.0025233712159867,0.203512845360318,1.0,0.955074207781789,0.8547985415762586,0.8482127379367691,0.8512676255131378,0.95504300251531,4.040876150131226,0.9730639730639732,0.9763513513513512,0.9747048903878583,0.9820359281437124,0.973293768545994,0.977645305514158,0.953020134228188,0.953020134228188,0.953020134228188,0.9667774086378738,0.9478827361563518,0.9572368421052632,0.9302325581395348,0.958904109589041,0.9443507588532885,0.9,0.8181818181818182,0.8571428571428572,0.9726962457337884,0.9628378378378378,0.967741935483871,0.9493670886075948,0.9554140127388536,0.9523809523809524,0.0,0.0,0.0,0.9207920792079208,0.9362416107382552,0.9284525790349418
arch_deeper,0.01,21,1,9958.0,2491.0,50.0,10.0,0.0025441149030497,0.2713140499222909,1.0,0.9474106784423926,0.8451583140826242,0.8323093617956895,0.8378545951282831,0.9469893137180668,4.026053190231323,0.9383116883116884,0.9763513513513512,0.956953642384106,0.9705014749262536,0.9762611275964392,0.9733727810650888,0.9379310344827586,0.912751677852349,0.9251700680272108,0.9444444444444444,0.9413680781758956,0.9429037520391516,0.9484536082474226,0.9452054794520548,0.9468267581475128,0.8636363636363636,0.7037037037037037,0.7755102040816326,0.946843853820598,0.9628378378378378,0.9547738693467336,0.9616613418530352,0.9616613418530352,0.9616613418530352,0.0,0.0,0.0,0.939799331103679,0.9429530201342282,0.9413735343383584
arch_deeper,0.01,21,2,9960.0,2489.0,50.0,12.0,0.002616157745079,0.3232400749012217,1.0,0.9425472077139412,0.8340894608392617,0.8329537142902732,0.8334435347663884,0.942489007321578,4.029679298400879,0.9663299663299664,0.9695945945945946,0.9679595278246208,0.9676470588235294,0.9762611275964392,0.9719350073855244,0.9358108108108107,0.929530201342282,0.9326599326599329,0.932475884244373,0.9477124183006536,0.940032414910859,0.9169435215946844,0.9452054794520548,0.9308600337268128,0.7735849056603774,0.7592592592592593,0.7663551401869159,0.9562289562289562,0.9594594594594594,0.957841483979764,0.9601328903654484,0.9233226837060704,0.9413680781758956,0.0,0.0,0.0,0.931740614334471,0.9191919191919192,0.9254237288135594
arch_deeper,0.01,21,3,9960.0,2489.0,50.0,14.0,0.0025577193916394,0.233257731744385,1.0,0.9537967055042186,0.8445029577418424,0.8511442184876422,0.847545391941755,0.953919061171754,4.0847837924957275,0.9632107023411371,0.972972972972973,0.9680672268907564,0.988095238095238,0.9851632047477744,0.986627043090639,0.9466666666666668,0.953020134228188,0.9498327759197324,0.9407894736842104,0.934640522875817,0.937704918032787,0.9550173010380624,0.9452054794520548,0.9500860585197934,0.7833333333333333,0.8703703703703703,0.8245614035087719,0.9726027397260274,0.9594594594594594,0.9659863945578232,0.9439252336448598,0.9680511182108626,0.9558359621451104,0.0,0.0,0.0,0.9513888888888888,0.9225589225589226,0.9367521367521368
arch_deeper,0.01,21,4,9962.0,2487.0,50.0,13.0,0.0026453712868285,0.2446154141285274,1.0,0.9477281865701648,0.8441162229558031,0.8415585026922807,0.8427733112267038,0.9476585696928936,4.095721960067749,0.9666666666666668,0.9797297297297296,0.9731543624161074,0.9794721407624634,0.9910979228486648,0.9852507374631267,0.9319727891156464,0.9225589225589226,0.9272419627749576,0.9318181818181818,0.937908496732026,0.9348534201954396,0.9322033898305084,0.9417808219178082,0.9369676320272572,0.8461538461538461,0.8148148148148148,0.830188679245283,0.9623287671232876,0.952542372881356,0.9574105621805792,0.9672131147540984,0.9424920127795527,0.9546925566343042,0.0,0.0,0.0,0.9233333333333332,0.9326599326599326,0.9279731993299832
arch_deeper,0.01,99,0,9956.0,2493.0,50.0,18.0,0.0026928304673358,0.2473725412196811,1.0,0.9526674689129564,0.8486750217164392,0.8384320372930197,0.8429241992481271,0.9523009850620237,4.229997634887695,0.9832214765100672,0.9898648648648648,0.9865319865319864,0.9821958456973294,0.9821958456973294,0.9821958456973294,0.9595959595959596,0.9563758389261744,0.957983193277311,0.9247648902821316,0.9609120521172638,0.9424920127795527,0.9525547445255474,0.8938356164383562,0.92226148409894,0.851063829787234,0.7272727272727273,0.7843137254901961,0.9633333333333334,0.9763513513513512,0.9697986577181208,0.9561128526645768,0.9713375796178344,0.9636650868878358,0.0,0.0,0.0,0.913907284768212,0.9261744966442952,0.92
arch_deeper,0.01,99,1,9958.0,2491.0,50.0,11.0,0.0028922504377858,0.2847580112958016,1.0,0.9478121236451224,0.8427993821285499,0.8329012795380175,0.8372443943528538,0.9476118817352214,4.040505886077881,0.9695945945945946,0.9695945945945946,0.9695945945945946,0.9848024316109424,0.9614243323442137,0.972972972972973,0.9035369774919614,0.9429530201342282,0.922824302134647,0.9262820512820512,0.9413680781758956,0.9337641357027464,0.9498327759197324,0.9726027397260274,0.9610829103214892,0.8260869565217391,0.7037037037037037,0.76,0.9758620689655172,0.956081081081081,0.9658703071672354,0.9404388714733544,0.9584664536741214,0.9493670886075948,0.0,0.0,0.0,0.9515570934256056,0.9228187919463088,0.9369676320272572
arch_deeper,0.01,99,2,9960.0,2489.0,50.0,12.0,0.0024369570975425,0.2839414143719018,1.0,0.9421454399357172,0.8318185430413232,0.8264900462156719,0.8289034836750895,0.941876584704932,4.03662896156311,0.952542372881356,0.9493243243243245,0.9509306260575296,0.9850299401197604,0.9762611275964392,0.9806259314456036,0.944636678200692,0.9161073825503356,0.93015332197615,0.9375,0.931372549019608,0.9344262295081968,0.9425675675675677,0.9554794520547946,0.9489795918367347,0.7551020408163265,0.6851851851851852,0.7184466019417475,0.935483870967742,0.9797297297297296,0.957095709570957,0.945859872611465,0.9488817891373802,0.9473684210526316,0.0,0.0,0.0,0.9194630872483222,0.9225589225589226,0.9210084033613444
arch_deeper,0.01,99,3,9960.0,2489.0,50.0,13.0,0.0025437851766485,0.2158915808832404,1.0,0.961028525512254,0.8634006489550714,0.8633074464377275,0.8632819479123363,0.960988909837776,4.048026084899902,0.9477124183006536,0.9797297297297296,0.9634551495016612,0.9823008849557522,0.9881305637982196,0.985207100591716,0.9522184300341296,0.9362416107382552,0.9441624365482232,0.9534883720930232,0.937908496732026,0.945634266886326,0.9498327759197324,0.9726027397260274,0.9610829103214892,0.9444444444444444,0.9444444444444444,0.9444444444444444,0.986254295532646,0.9695945945945946,0.9778534923339012,0.9555555555555556,0.9616613418530352,0.9585987261146496,0.0,0.0,0.0,0.9621993127147768,0.9427609427609428,0.9523809523809524
arch_deeper,0.01,99,4,9962.0,2487.0,50.0,11.0,0.0029109506894605,0.2949146722134294,0.999899618550492,0.9360675512665864,0.8239143465126902,0.8227732335523168,0.8232877053751722,0.935991419398768,4.0488831996917725,0.9566666666666668,0.9695945945945946,0.9630872483221476,0.9765395894428152,0.9881305637982196,0.9823008849557522,0.9366666666666666,0.9461279461279462,0.9413735343383584,0.9134615384615384,0.931372549019608,0.9223300970873786,0.9081632653061223,0.9143835616438356,0.9112627986348124,0.7169811320754716,0.7037037037037037,0.7102803738317758,0.9584775086505192,0.9389830508474576,0.9486301369863014,0.9540983606557376,0.9297124600638976,0.941747572815534,0.0,0.0,0.0,0.9180887372013652,0.9057239057239056,0.911864406779661
