optimizer,lr,seed,fold,n_train,n_val,total_epochs,best_epoch,train_loss_final,val_loss_final,train_acc_final,val_acc_final,macro_precision,macro_recall,macro_f1,weighted_f1,time_seconds,precision_0,recall_0,f1_0,precision_1,recall_1,f1_1,precision_2,recall_2,f1_2,precision_3,recall_3,f1_3,precision_4,recall_4,f1_4,precision_5,recall_5,f1_5,precision_6,recall_6,f1_6,precision_7,recall_7,f1_7,precision_8,recall_8,f1_8,precision_9,recall_9,f1_9
momentum,0.0001,42,0,9956.0,2493.0,70.0,69.0,0.118936184278661,0.2437217301605743,0.9678585777420652,0.933012434817489,0.8268872632892688,0.8299915820783277,0.8281712494489343,0.932963757742144,6.1642889976501465,0.9694915254237289,0.9662162162162162,0.9678510998307952,0.9620991253644317,0.9792284866468842,0.9705882352941178,0.906148867313916,0.9395973154362416,0.9225700164744646,0.953900709219858,0.8762214983713354,0.9134125636672328,0.915824915824916,0.9315068493150684,0.9235993208828523,0.7758620689655172,0.8181818181818182,0.7964601769911505,0.9630872483221476,0.9695945945945946,0.9663299663299664,0.923809523809524,0.926751592356688,0.9252782193958664,0.0,0.0,0.0,0.8986486486486487,0.8926174496644296,0.8956228956228955
momentum,0.0001,42,1,9958.0,2491.0,70.0,69.0,0.1175545327152927,0.2545320467874291,0.9680658766820648,0.9381774387796066,0.8278812514741913,0.8243970761461965,0.8260016458580155,0.9378849621692212,6.13142204284668,0.9534883720930232,0.9695945945945946,0.9614740368509214,0.967930029154519,0.9851632047477744,0.9764705882352942,0.9285714285714286,0.9161073825503356,0.9222972972972974,0.9344262295081968,0.9283387622149836,0.931372549019608,0.9273356401384084,0.9178082191780822,0.9225473321858862,0.7450980392156863,0.7037037037037037,0.7238095238095239,0.95578231292517,0.9493243243243245,0.9525423728813558,0.9353846153846154,0.9712460063897764,0.9529780564263324,0.0,0.0,0.0,0.9307958477508652,0.9026845637583892,0.9165247018739352
momentum,0.0001,42,2,9960.0,2489.0,70.0,69.0,0.1149458113346192,0.2217993820676423,0.9707831325301204,0.9321012454801124,0.8374935176015349,0.81529175829508,0.8239574283071345,0.93149082681107,6.107339859008789,0.953020134228188,0.9594594594594594,0.956228956228956,0.9702380952380952,0.9673590504451038,0.9687964338781576,0.9429530201342282,0.9429530201342282,0.9429530201342282,0.9242902208201892,0.9575163398692812,0.9406099518459068,0.9130434782608696,0.934931506849315,0.9238578680203046,0.9210526315789472,0.6481481481481481,0.7608695652173912,0.9368770764119602,0.9527027027027029,0.9447236180904524,0.9215686274509804,0.9009584664536742,0.911147011308562,0.0,0.0,0.0,0.8918918918918919,0.8888888888888888,0.8903878583473861
momentum,0.0001,42,3,9960.0,2489.0,70.0,69.0,0.1180363541738215,0.2424927021602846,0.9683734939759036,0.933306548814785,0.837947432772936,0.809921142752392,0.8199473540486248,0.9323820258813726,6.0968639850616455,0.9471947194719472,0.9695945945945946,0.9582637729549248,0.9676470588235294,0.9762611275964392,0.9719350073855244,0.91156462585034,0.8993288590604027,0.9054054054054056,0.8868501529051988,0.9477124183006536,0.9162717219589256,0.943661971830986,0.9178082191780822,0.9305555555555556,0.9117647058823528,0.5740740740740741,0.7045454545454545,0.9533333333333334,0.9662162162162162,0.9597315436241612,0.9577922077922078,0.9424920127795527,0.9500805152979066,0.0,0.0,0.0,0.8996655518394648,0.9057239057239056,0.9026845637583892
momentum,0.0001,42,4,9962.0,2487.0,70.0,69.0,0.1209858693567388,0.2220391862626939,0.9689821321019876,0.9360675512665864,0.8326390173549804,0.82741852781507,0.8298197950153989,0.9359491737502804,6.085902690887451,0.9689655172413794,0.9493243243243245,0.9590443686006828,0.967930029154519,0.9851632047477744,0.9764705882352942,0.9403508771929824,0.9023569023569024,0.9209621993127148,0.9283387622149836,0.931372549019608,0.929853181076672,0.9102990033222592,0.9383561643835616,0.924114671163575,0.82,0.7592592592592593,0.7884615384615384,0.9590443686006824,0.952542372881356,0.95578231292517,0.9235668789808916,0.926517571884984,0.9250398724082934,0.0,0.0,0.0,0.9078947368421052,0.9292929292929292,0.91846921797005
momentum,0.0001,7,0,9956.0,2493.0,70.0,69.0,0.1152421186688038,0.2211895191788881,0.9691643230212936,0.937424789410349,0.8355345600926094,0.823016362746573,0.8284725710933486,0.9370249295255216,6.108091831207275,0.9563758389261744,0.9628378378378378,0.9595959595959596,0.9591836734693876,0.9762611275964392,0.9676470588235292,0.9450171821305842,0.9228187919463088,0.933786078098472,0.926751592356688,0.9478827361563518,0.9371980676328502,0.9215017064846416,0.9246575342465754,0.9230769230769232,0.8444444444444444,0.6909090909090909,0.7599999999999999,0.9593220338983052,0.956081081081081,0.957698815566836,0.9367088607594936,0.9426751592356688,0.9396825396825396,0.0,0.0,0.0,0.906040268456376,0.906040268456376,0.906040268456376
momentum,0.0001,7,1,9958.0,2491.0,70.0,69.0,0.1210215704613802,0.1969344170084284,0.9683671419963849,0.944199116820554,0.8437882866619437,0.8357645751046838,0.8394287606886797,0.9439979110214246,6.114131927490234,0.9732441471571908,0.983108108108108,0.9781512605042018,0.9651162790697676,0.9851632047477744,0.97503671071953,0.929530201342282,0.929530201342282,0.929530201342282,0.9153094462540716,0.9153094462540716,0.9153094462540716,0.9172185430463576,0.9486301369863014,0.9326599326599326,0.875,0.7777777777777778,0.823529411764706,0.9828767123287672,0.9695945945945946,0.9761904761904762,0.9485530546623794,0.9424920127795527,0.9455128205128206,0.0,0.0,0.0,0.9310344827586208,0.906040268456376,0.9183673469387756
momentum,0.0001,7,2,9960.0,2489.0,70.0,69.0,0.1091676896881461,0.2389843361436639,0.9713855421686748,0.9361189232623544,0.8317923829664945,0.8243034749393697,0.8276538133499102,0.9357669036233952,6.168562889099121,0.962457337883959,0.9527027027027029,0.9575551782682512,0.9708454810495628,0.9881305637982196,0.9794117647058824,0.9479166666666666,0.9161073825503356,0.931740614334471,0.9335548172757476,0.9183006535947712,0.9258649093904447,0.924914675767918,0.928082191780822,0.9264957264957264,0.8125,0.7222222222222222,0.7647058823529411,0.9352750809061487,0.9763513513513512,0.9553719008264464,0.9166666666666666,0.9488817891373802,0.932496075353218,0.0,0.0,0.0,0.913793103448276,0.8922558922558923,0.9028960817717206
momentum,0.0001,7,3,9960.0,2489.0,70.0,69.0,0.1136737699362108,0.23659983763044,0.9700803212851404,0.9381277621534752,0.8297019883764314,0.8263419296899471,0.8278629570149667,0.9380652079056812,6.279155969619751,0.9473684210526316,0.972972972972973,0.96,0.9761194029850746,0.9703264094955488,0.9732142857142858,0.9297658862876256,0.9328859060402684,0.931323283082077,0.9258064516129032,0.937908496732026,0.9318181818181818,0.9381443298969072,0.934931506849315,0.9365351629502574,0.7647058823529411,0.7222222222222222,0.7428571428571428,0.9655172413793104,0.945945945945946,0.955631399317406,0.9534883720930232,0.9169329073482428,0.9348534201954398,0.0,0.0,0.0,0.8961038961038961,0.9292929292929292,0.912396694214876
momentum,0.0001,7,4,9962.0,2487.0,70.0,69.0,0.1131960798274075,0.2662726688073447,0.9701867094960852,0.9316445516686772,0.8266344150780267,0.8207254822161341,0.823430270501866,0.931433048873488,6.296027183532715,0.944078947368421,0.9695945945945946,0.9566666666666668,0.9761904761904762,0.973293768545994,0.974739970282318,0.8980263157894737,0.9191919191919192,0.908485856905158,0.9292604501607716,0.9444444444444444,0.9367909238249597,0.9215017064846416,0.9246575342465754,0.9230769230769232,0.7959183673469388,0.7222222222222222,0.7572815533980582,0.9616724738675958,0.9355932203389832,0.9484536082474228,0.9331210191082804,0.9361022364217252,0.934609250398724,0.0,0.0,0.0,0.9065743944636678,0.8821548821548821,0.8941979522184301
momentum,0.0001,13,0,9956.0,2493.0,70.0,69.0,0.1145649967677231,0.2508503960462569,0.970068300522298,0.9350180505415162,0.8341670941327433,0.8316468810660262,0.832782024269511,0.9349069349254376,6.221917152404785,0.9628378378378378,0.9628378378378378,0.9628378378378378,0.9733727810650888,0.9762611275964392,0.9748148148148148,0.9233333333333332,0.929530201342282,0.9264214046822744,0.9067524115755627,0.9185667752442996,0.912621359223301,0.9144736842105264,0.952054794520548,0.9328859060402684,0.8490566037735849,0.8181818181818182,0.8333333333333334,0.9659863945578232,0.9594594594594594,0.9627118644067796,0.9233226837060704,0.9203821656050956,0.9218500797448166,0.0,0.0,0.0,0.9225352112676056,0.8791946308724832,0.9003436426116839
momentum,0.0001,13,1,9958.0,2491.0,70.0,69.0,0.117997394546764,0.249309528686841,0.9685679855392648,0.93014853472501,0.8311269113935241,0.818170903408977,0.8237746081689796,0.9299246243237416,6.172683000564575,0.96,0.972972972972973,0.9664429530201344,0.9790419161676648,0.9703264094955488,0.9746646795827124,0.9039735099337748,0.9161073825503356,0.91,0.9177631578947368,0.9087947882736156,0.9132569558101474,0.9307958477508652,0.9212328767123288,0.9259896729776248,0.8636363636363636,0.7037037037037037,0.7755102040816326,0.9427609427609428,0.945945945945946,0.9443507588532885,0.935483870967742,0.926517571884984,0.9309791332263244,0.0,0.0,0.0,0.8778135048231511,0.9161073825503356,0.8965517241379309
momentum,0.0001,13,2,9960.0,2489.0,70.0,69.0,0.1188386260949544,0.2184553788643414,0.9661646586345382,0.9361189232623544,0.8340649305180996,0.8229257315366892,0.8277980950848036,0.9357617264788738,6.1249098777771,0.9471947194719472,0.9695945945945946,0.9582637729549248,0.9792284866468842,0.9792284866468842,0.9792284866468842,0.9,0.906040268456376,0.903010033444816,0.9393939393939394,0.9117647058823528,0.9253731343283584,0.9285714285714286,0.934931506849315,0.931740614334471,0.8444444444444444,0.7037037037037037,0.7676767676767676,0.9311475409836064,0.9594594594594594,0.9450915141430948,0.9551282051282052,0.952076677316294,0.9536,0.0,0.0,0.0,0.9155405405405406,0.9124579124579124,0.9139966273187184
momentum,0.0001,13,3,9960.0,2489.0,70.0,69.0,0.1160112973500019,0.2328348426405025,0.9703815261044176,0.9361189232623544,0.8326850689764322,0.8229350012937859,0.8273090898745477,0.935851334465657,6.211881875991821,0.9494949494949496,0.9527027027027029,0.951096121416526,0.973293768545994,0.973293768545994,0.973293768545994,0.9355932203389832,0.9261744966442952,0.9308600337268128,0.9448051948051948,0.9509803921568628,0.9478827361563515,0.91156462585034,0.9178082191780822,0.9146757679180888,0.8260869565217391,0.7037037037037037,0.76,0.959866220735786,0.9695945945945946,0.9647058823529412,0.939102564102564,0.9361022364217252,0.9376,0.0,0.0,0.0,0.8870431893687708,0.898989898989899,0.8929765886287625
momentum,0.0001,13,4,9962.0,2487.0,70.0,69.0,0.1164074822230121,0.2336814788863647,0.9681790805059224,0.9416968234821068,0.8324813593905398,0.831931553329986,0.8321126062873878,0.9416129533717807,6.143542051315308,0.9658703071672357,0.956081081081081,0.9609507640067912,0.9596541786743517,0.9881305637982196,0.9736842105263158,0.9419795221843004,0.9292929292929292,0.9355932203389832,0.9381107491856676,0.9411764705882352,0.9396411092985316,0.9532374100719424,0.9075342465753424,0.9298245614035088,0.7592592592592593,0.7592592592592593,0.7592592592592593,0.9496644295302014,0.9593220338983052,0.954468802698145,0.9365079365079364,0.9424920127795527,0.9394904458598724,0.0,0.0,0.0,0.9205298013245032,0.936026936026936,0.9282136894824708
momentum,0.0001,21,0,9956.0,2493.0,70.0,69.0,0.1158690286056982,0.1980896102262084,0.9694656488549618,0.941034897713598,0.844812413483343,0.8216750610268813,0.8306012015989797,0.9404089779159376,6.179895877838135,0.9700996677740864,0.9864864864864864,0.9782244556113904,0.9791044776119404,0.973293768545994,0.9761904761904762,0.938566552901024,0.9228187919463088,0.9306260575296108,0.9228295819935692,0.9348534201954396,0.9288025889967638,0.92,0.9452054794520548,0.9324324324324323,0.9210526315789472,0.6363636363636364,0.7526881720430109,0.9562289562289562,0.9594594594594594,0.957841483979764,0.9462025316455696,0.9522292993630572,0.9492063492063492,0.0,0.0,0.0,0.8940397350993378,0.906040268456376,0.9
momentum,0.0001,21,1,9958.0,2491.0,70.0,69.0,0.1140224506138614,0.2471094439655445,0.970978108053826,0.9365716579686872,0.8383013231811581,0.8140977235160154,0.8231688737679388,0.9356846169646316,6.142028093338013,0.9411764705882352,0.972972972972973,0.956810631229236,0.9651162790697676,0.9851632047477744,0.97503671071953,0.9178082191780822,0.8993288590604027,0.9084745762711866,0.9250814332247556,0.9250814332247556,0.9250814332247556,0.9312714776632304,0.928082191780822,0.9296740994854202,0.8888888888888888,0.5925925925925926,0.711111111111111,0.9629629629629628,0.9662162162162162,0.9645868465430018,0.9581993569131833,0.952076677316294,0.9551282051282052,0.0,0.0,0.0,0.8925081433224755,0.9194630872483222,0.905785123966942
momentum,0.0001,21,2,9960.0,2489.0,70.0,69.0,0.1126041723564366,0.2512671429392731,0.969578313253012,0.931297709923664,0.8319123677116925,0.8267867615547644,0.8290796469666789,0.9310837160625076,6.209912061691284,0.9411764705882352,0.972972972972973,0.956810631229236,0.955621301775148,0.9584569732937686,0.957037037037037,0.9292929292929292,0.9261744966442952,0.9277310924369748,0.9177215189873418,0.9477124183006536,0.932475884244373,0.8933333333333333,0.9178082191780822,0.9054054054054056,0.86,0.7962962962962963,0.826923076923077,0.9594594594594594,0.9594594594594594,0.9594594594594594,0.944078947368421,0.9169329073482428,0.9303079416531604,0.0,0.0,0.0,0.9184397163120568,0.8720538720538721,0.8946459412780655
momentum,0.0001,21,3,9960.0,2489.0,70.0,69.0,0.1177624940665908,0.2335430404396999,0.968574297188755,0.9377259943752512,0.831104033788687,0.8273563934654782,0.8290665970592297,0.9376555085077718,6.209298849105835,0.96,0.972972972972973,0.9664429530201344,0.9703264094955488,0.9703264094955488,0.9703264094955488,0.903846153846154,0.9463087248322148,0.9245901639344264,0.9245901639344264,0.9215686274509804,0.9230769230769232,0.9434628975265018,0.9143835616438356,0.9286956521739133,0.7843137254901961,0.7407407407407407,0.7619047619047618,0.9686411149825784,0.9391891891891893,0.95368782161235,0.945859872611465,0.9488817891373802,0.9473684210526316,0.0,0.0,0.0,0.91,0.9191919191919192,0.914572864321608
momentum,0.0001,21,4,9962.0,2487.0,70.0,69.0,0.1245316666930987,0.2144925898763545,0.9665729773137924,0.9384800965018094,0.8284623576622577,0.8218494274934643,0.8248318918598997,0.9382066043590728,6.152658224105835,0.96,0.972972972972973,0.9664429530201344,0.9736842105263158,0.9881305637982196,0.9808541973490428,0.934931506849315,0.9191919191919192,0.9269949066213922,0.9210526315789472,0.915032679738562,0.918032786885246,0.934931506849315,0.934931506849315,0.934931506849315,0.75,0.6666666666666666,0.7058823529411765,0.9595959595959596,0.9661016949152542,0.962837837837838,0.9636963696369636,0.9329073482428116,0.948051948051948,0.0,0.0,0.0,0.8867313915857605,0.9225589225589226,0.9042904290429044
momentum,0.0001,99,0,9956.0,2493.0,70.0,69.0,0.1142072764953687,0.2194668763945533,0.9709722780233024,0.9426393902928198,0.843831775468194,0.8302315292074981,0.8361064218765835,0.9422878044491388,6.158946990966797,0.973421926910299,0.9898648648648648,0.9815745393634842,0.956896551724138,0.9881305637982196,0.9722627737226278,0.9548611111111112,0.9228187919463088,0.938566552901024,0.9184952978056428,0.9543973941368078,0.9361022364217252,0.9405594405594404,0.9212328767123288,0.9307958477508652,0.8888888888888888,0.7272727272727273,0.7999999999999999,0.9625850340136054,0.956081081081081,0.9593220338983052,0.948220064724919,0.9331210191082804,0.9406099518459068,0.0,0.0,0.0,0.8943894389438944,0.9093959731543624,0.9018302828618968
momentum,0.0001,99,1,9958.0,2491.0,70.0,69.0,0.1206769958622066,0.2663139469302239,0.9679654549106246,0.9369731031714172,0.8348343786150213,0.8208822322154058,0.8267746821005142,0.936661542121867,6.1368420124053955,0.9764309764309764,0.9797297297297296,0.9780775716694772,0.9758308157099698,0.9584569732937686,0.9670658682634732,0.8928571428571429,0.9228187919463088,0.9075907590759076,0.9290322580645162,0.9381107491856676,0.93354943273906,0.92,0.9452054794520548,0.9324324324324323,0.8372093023255814,0.6666666666666666,0.7422680412371134,0.9655172413793104,0.945945945945946,0.955631399317406,0.910493827160494,0.9424920127795527,0.9262166405023547,0.0,0.0,0.0,0.9409722222222222,0.9093959731543624,0.924914675767918
momentum,0.0001,99,2,9960.0,2489.0,70.0,69.0,0.1147680727963878,0.2313212453982301,0.9694779116465864,0.9381277621534752,0.8471496003147987,0.8231178947384269,0.8324654926165211,0.9376925922474888,6.181883096694946,0.937908496732026,0.9695945945945946,0.9534883720930232,0.9909638554216867,0.9762611275964392,0.98355754857997,0.943661971830986,0.8993288590604027,0.9209621993127148,0.940983606557377,0.937908496732026,0.939443535188216,0.9448275862068966,0.9383561643835616,0.9415807560137458,0.9736842105263158,0.6851851851851852,0.8043478260869565,0.9288025889967636,0.9695945945945946,0.9487603305785124,0.913312693498452,0.9424920127795527,0.9276729559748428,0.0,0.0,0.0,0.8973509933774835,0.9124579124579124,0.9048414023372288
momentum,0.0001,99,3,9960.0,2489.0,70.0,69.0,0.1166478894789608,0.2028719406723156,0.9697791164658636,0.9457613499397348,0.8431771597117365,0.8431702906210845,0.8431166584209816,0.945717807564136,6.151180744171143,0.9664429530201344,0.972972972972973,0.9696969696969696,0.9734513274336284,0.9792284866468842,0.9763313609467454,0.9302325581395348,0.9395973154362416,0.9348914858096828,0.939799331103679,0.9183006535947712,0.9289256198347108,0.9271523178807948,0.958904109589041,0.9427609427609428,0.8518518518518519,0.8518518518518519,0.8518518518518519,0.9690721649484536,0.9527027027027029,0.960817717206133,0.9456869009584664,0.9456869009584664,0.9456869009584664,0.0,0.0,0.0,0.928082191780822,0.9124579124579124,0.9202037351443124
momentum,0.0001,99,4,9962.0,2487.0,70.0,69.0,0.109484979397378,0.2349441059315182,0.9719935755872314,0.9264173703256936,0.8138592478992033,0.8119038948445614,0.8127792374970001,0.92631198607603,6.131396055221558,0.9464882943143812,0.956081081081081,0.9512605042016806,0.976470588235294,0.9851632047477744,0.980797636632201,0.9331103678929766,0.9393939393939394,0.9362416107382552,0.905844155844156,0.9117647058823528,0.9087947882736156,0.893687707641196,0.9212328767123288,0.9072512647554808,0.6923076923076923,0.6666666666666666,0.6792452830188679,0.9452054794520548,0.9355932203389832,0.9403747870528107,0.9464882943143812,0.9041533546325878,0.9248366013071896,0.0,0.0,0.0,0.898989898989899,0.898989898989899,0.898989898989899
momentum,0.0005,42,0,9956.0,2493.0,70.0,40.0,0.0130055877530058,0.2268809194390539,0.9992969063881076,0.95146409947854,0.8438486870474258,0.848212197384728,0.8456649942956961,0.9514849442710076,6.210134029388428,0.9695945945945946,0.9695945945945946,0.9695945945945946,0.9793510324483776,0.9851632047477744,0.9822485207100592,0.9203821656050956,0.9697986577181208,0.9444444444444444,0.9719298245614036,0.9022801302931596,0.9358108108108107,0.9278688524590164,0.9691780821917808,0.948073701842546,0.7966101694915254,0.8545454545454545,0.8245614035087718,0.9761904761904762,0.9695945945945946,0.9728813559322034,0.9519230769230768,0.945859872611465,0.9488817891373802,0.0,0.0,0.0,0.944636678200692,0.9161073825503356,0.93015332197615
momentum,0.0005,42,1,9958.0,2491.0,70.0,35.0,0.012501152379855,0.2447963232094051,0.9994978911427996,0.948615014050582,0.8434188825557799,0.8407367318950755,0.8419990047986845,0.9484911348404368,6.101207971572876,0.96,0.972972972972973,0.9664429530201344,0.976470588235294,0.9851632047477744,0.980797636632201,0.9421768707482994,0.929530201342282,0.9358108108108107,0.9446254071661238,0.9446254071661238,0.944625407166124,0.9415807560137456,0.9383561643835616,0.9399656946826758,0.8269230769230769,0.7962962962962963,0.8113207547169811,0.969283276450512,0.9594594594594594,0.964346349745331,0.934984520123839,0.9648562300319488,0.949685534591195,0.0,0.0,0.0,0.9381443298969072,0.9161073825503356,0.9269949066213922
momentum,0.0005,42,2,9960.0,2489.0,70.0,40.0,0.0122611881805904,0.2030558418588599,0.9991967871485944,0.9453595821615106,0.8434712429992036,0.8306740903010776,0.8362329017169132,0.9449867011220372,6.154632091522217,0.9728813559322034,0.9695945945945946,0.9712351945854484,0.9821958456973294,0.9821958456973294,0.9821958456973294,0.9437086092715232,0.9563758389261744,0.95,0.9451612903225808,0.9575163398692812,0.9512987012987012,0.9328859060402684,0.952054794520548,0.9423728813559324,0.8636363636363636,0.7037037037037037,0.7755102040816326,0.9496644295302014,0.956081081081081,0.9528619528619529,0.9230769230769232,0.9201277955271564,0.9216,0.0,0.0,0.0,0.9215017064846416,0.9090909090909092,0.9152542372881356
momentum,0.0005,42,3,9960.0,2489.0,70.0,43.0,0.0123205066946239,0.2157258802201436,0.9995983935742973,0.948573724387304,0.8516538764204006,0.8316670810670775,0.8397145040918229,0.9480794444807004,6.101829767227173,0.9572368421052632,0.983108108108108,0.97,0.976401179941003,0.9821958456973294,0.9792899408284024,0.9303135888501742,0.8959731543624161,0.9128205128205128,0.9021406727828746,0.9640522875816994,0.9320695102685624,0.9618055555555556,0.9486301369863014,0.9551724137931036,0.925,0.6851851851851852,0.7872340425531915,0.9695945945945946,0.9695945945945946,0.9695945945945946,0.964516129032258,0.9552715654952076,0.9598715890850722,0.0,0.0,0.0,0.929530201342282,0.9326599326599326,0.93109243697479
momentum,0.0005,42,4,9962.0,2487.0,70.0,44.0,0.0126333148860626,0.189980452142992,0.9996988556514756,0.9537595496582228,0.8484812242174306,0.8481906381721543,0.8482609299525723,0.9537944005958312,6.165701866149902,0.979381443298969,0.9628378378378378,0.9710391822827938,0.9822485207100592,0.9851632047477744,0.9837037037037036,0.9581881533101044,0.925925925925926,0.9417808219178084,0.9206349206349206,0.9477124183006536,0.933977455716586,0.939799331103679,0.9623287671232876,0.9509306260575296,0.8333333333333334,0.8333333333333334,0.8333333333333334,0.972508591065292,0.9593220338983052,0.9658703071672357,0.9487179487179488,0.9456869009584664,0.9472,0.0,0.0,0.0,0.95,0.9595959595959596,0.9547738693467336
momentum,0.0005,7,0,9956.0,2493.0,70.0,38.0,0.0125781112968402,0.2085917364506524,0.9993973483326636,0.9490573606097072,0.8412942922840857,0.8399640497453712,0.8405869446805276,0.9489383469594832,6.140192985534668,0.9662162162162162,0.9662162162162162,0.9662162162162162,0.967930029154519,0.9851632047477744,0.9764705882352942,0.9457627118644067,0.9362416107382552,0.9409780775716696,0.948051948051948,0.9511400651465798,0.9495934959349592,0.931740614334471,0.934931506849315,0.9333333333333332,0.7962962962962963,0.7818181818181819,0.7889908256880734,0.9630872483221476,0.9695945945945946,0.9663299663299664,0.9526813880126184,0.961783439490446,0.9572107765451664,0.0,0.0,0.0,0.9411764705882352,0.912751677852349,0.9267461669505962
momentum,0.0005,7,1,9958.0,2491.0,70.0,41.0,0.0127746238021334,0.1736891179285117,0.9995983129142398,0.95343235648334,0.8566496703402716,0.8495571195740762,0.8528506727210822,0.9533539086281084,6.1089019775390625,0.9732441471571908,0.983108108108108,0.9781512605042018,0.973529411764706,0.9821958456973294,0.9778434268833088,0.9304635761589404,0.9429530201342282,0.9366666666666668,0.9498327759197324,0.9250814332247556,0.9372937293729372,0.9331103678929766,0.9554794520547946,0.9441624365482236,0.9387755102040816,0.8518518518518519,0.8932038834951458,0.979591836734694,0.972972972972973,0.976271186440678,0.9548387096774194,0.9456869009584664,0.9502407704654894,0.0,0.0,0.0,0.9331103678929766,0.9362416107382552,0.934673366834171
momentum,0.0005,7,2,9960.0,2489.0,70.0,33.0,0.011752204285973,0.2310580079617756,0.9995983935742973,0.9493772599437524,0.8451541354850631,0.8338486163372062,0.838802802772778,0.9489514103209844,6.099238872528076,0.9696969696969696,0.972972972972973,0.9713322091062394,0.9794117647058824,0.9881305637982196,0.983751846381093,0.9559322033898304,0.9463087248322148,0.951096121416526,0.9442622950819672,0.9411764705882352,0.9427168576104746,0.9256756756756755,0.9383561643835616,0.9319727891156464,0.8444444444444444,0.7037037037037037,0.7676767676767676,0.960655737704918,0.9898648648648648,0.9750415973377704,0.9339622641509434,0.9488817891373802,0.9413629160063391,0.0,0.0,0.0,0.9375,0.9090909090909092,0.923076923076923
momentum,0.0005,7,3,9960.0,2489.0,70.0,32.0,0.0120811870870525,0.2231778263537687,0.9993975903614458,0.9493772599437524,0.8417539257918414,0.8371296684555787,0.8392179701095263,0.949242850980119,6.092248916625977,0.9444444444444444,0.9763513513513512,0.9601328903654484,0.9821958456973294,0.9821958456973294,0.9821958456973294,0.933993399339934,0.9496644295302014,0.9417637271214642,0.9534883720930232,0.937908496732026,0.945634266886326,0.958904109589041,0.958904109589041,0.958904109589041,0.8,0.7407407407407407,0.7692307692307692,0.9658703071672357,0.956081081081081,0.9609507640067912,0.9633333333333334,0.9233226837060704,0.9429037520391518,0.0,0.0,0.0,0.9153094462540716,0.9461279461279462,0.9304635761589404
momentum,0.0005,7,4,9962.0,2487.0,70.0,28.0,0.0128348395866222,0.2598760507296596,0.9993977113029512,0.9465219139525533,0.8401605994851458,0.8422769627282356,0.8410965422635417,0.9466970843700512,6.150738000869751,0.9630872483221476,0.9695945945945946,0.9663299663299664,0.9848942598187312,0.9673590504451038,0.9760479041916168,0.9087947882736156,0.9393939393939394,0.9238410596026492,0.9320388349514565,0.9411764705882352,0.9365853658536586,0.96113074204947,0.9315068493150684,0.9460869565217392,0.8035714285714286,0.8333333333333334,0.8181818181818182,0.9686411149825784,0.9423728813559322,0.9553264604810996,0.9614147909967846,0.9552715654952076,0.9583333333333334,0.0,0.0,0.0,0.918032786885246,0.9427609427609428,0.930232558139535
momentum,0.0005,13,0,9956.0,2493.0,70.0,32.0,0.0123773035896713,0.2509443037393592,0.9992969063881076,0.9450461291616526,0.8373512167133452,0.8431083744306903,0.839958663153598,0.9451412611258976,6.212644100189209,0.9503311258278144,0.9695945945945946,0.959866220735786,0.978978978978979,0.9673590504451038,0.973134328358209,0.9188311688311688,0.9496644295302014,0.933993399339934,0.9328859060402684,0.9055374592833876,0.91900826446281,0.933774834437086,0.9657534246575342,0.9494949494949496,0.7833333333333333,0.8545454545454545,0.817391304347826,0.9794520547945206,0.9662162162162162,0.9727891156462584,0.9545454545454546,0.9363057324840764,0.945337620578778,0.0,0.0,0.0,0.9413793103448276,0.9161073825503356,0.9285714285714284
momentum,0.0005,13,1,9958.0,2491.0,70.0,27.0,0.0132557371556655,0.2482208071173522,0.9989957822855996,0.9450020072260136,0.8456214188900549,0.8349674191309218,0.8397295079048623,0.9448538159444642,6.198245286941528,0.9667774086378738,0.983108108108108,0.9748743718592964,0.9849397590361446,0.9703264094955488,0.9775784753363228,0.9331103678929766,0.9362416107382552,0.934673366834171,0.9471947194719472,0.9348534201954396,0.940983606557377,0.934931506849315,0.934931506849315,0.934931506849315,0.8913043478260869,0.7592592592592593,0.8200000000000001,0.9559322033898304,0.9527027027027029,0.9543147208121828,0.94006309148265,0.952076677316294,0.946031746031746,0.0,0.0,0.0,0.9019607843137256,0.9261744966442952,0.913907284768212
momentum,0.0005,13,2,9960.0,2489.0,70.0,58.0,0.0132042541868157,0.1855673916334629,0.99929718875502,0.952591402169546,0.8483402905114925,0.8471336476813096,0.8477008618659345,0.9525562175476135,6.272376775741577,0.9695945945945946,0.9695945945945946,0.9695945945945946,0.988095238095238,0.9851632047477744,0.986627043090639,0.9326599326599326,0.929530201342282,0.93109243697479,0.9501661129568106,0.934640522875817,0.942339373970346,0.9333333333333332,0.958904109589041,0.9459459459459458,0.8490566037735849,0.8333333333333334,0.8411214953271028,0.9594594594594594,0.9594594594594594,0.9594594594594594,0.9588607594936708,0.9680511182108626,0.9634340222575516,0.0,0.0,0.0,0.9421768707482994,0.9326599326599326,0.937394247038917
momentum,0.0005,13,3,9960.0,2489.0,70.0,39.0,0.0127385469862745,0.2175061822975488,0.9991967871485944,0.9477701888308556,0.8430053979221416,0.8355902965181251,0.8389971421457834,0.9476118565479128,6.182206869125366,0.9724137931034482,0.9527027027027029,0.9624573378839592,0.9850746268656716,0.9792284866468842,0.982142857142857,0.945945945945946,0.9395973154362416,0.9427609427609428,0.9483870967741936,0.9607843137254902,0.9545454545454546,0.915824915824916,0.9315068493150684,0.9235993208828523,0.8333333333333334,0.7407407407407407,0.7843137254901961,0.9666666666666668,0.9797297297297296,0.9731543624161074,0.9426751592356688,0.9456869009584664,0.9441786283891548,0.0,0.0,0.0,0.919732441471572,0.925925925925926,0.9228187919463088
momentum,0.0005,13,4,9962.0,2487.0,70.0,28.0,0.0120322488115713,0.2392786842312467,0.9993977113029512,0.9537595496582228,0.847195670656663,0.8480424064219061,0.8475658454245105,0.9537482705029352,6.1067469120025635,0.9791666666666666,0.9527027027027029,0.9657534246575342,0.9739130434782608,0.9970326409495548,0.9853372434017597,0.9595959595959596,0.9595959595959596,0.9595959595959596,0.956810631229236,0.9411764705882352,0.9489291598023064,0.9550173010380624,0.9452054794520548,0.9500860585197934,0.8181818181818182,0.8333333333333334,0.8256880733944955,0.9565217391304348,0.9694915254237289,0.9629629629629628,0.9365079365079364,0.9424920127795527,0.9394904458598724,0.0,0.0,0.0,0.9362416107382552,0.9393939393939394,0.9378151260504204
momentum,0.0005,21,0,9956.0,2493.0,70.0,47.0,0.0128178752049106,0.1701923477877646,0.9992969063881076,0.9554753309265944,0.8596248987835062,0.845446822079208,0.8516326806808457,0.9553067274536432,6.134521961212158,0.9701986754966888,0.9898648648648648,0.979933110367893,0.9821428571428572,0.9792284866468842,0.9806835066864784,0.952542372881356,0.9429530201342282,0.9477234401349074,0.9543973941368078,0.9543973941368078,0.9543973941368078,0.9266666666666666,0.952054794520548,0.939189189189189,0.9555555555555556,0.7818181818181819,0.86,0.9726962457337884,0.9628378378378378,0.967741935483871,0.961783439490446,0.961783439490446,0.961783439490446,0.0,0.0,0.0,0.920265780730897,0.929530201342282,0.9248747913188649
momentum,0.0005,21,1,9958.0,2491.0,70.0,37.0,0.0127041876731275,0.2336465302094185,0.9991966258284796,0.9494179044560418,0.8426041227787578,0.8353565378737121,0.8386825775647111,0.9491541143514276,6.10102391242981,0.944078947368421,0.9695945945945946,0.9566666666666668,0.976470588235294,0.9851632047477744,0.980797636632201,0.9419795221843004,0.9261744966442952,0.934010152284264,0.932475884244373,0.9446254071661238,0.9385113268608416,0.9452054794520548,0.9452054794520548,0.9452054794520548,0.8125,0.7222222222222222,0.7647058823529411,0.9661016949152542,0.9628378378378378,0.964467005076142,0.9648562300319488,0.9648562300319488,0.9648562300319488,0.0,0.0,0.0,0.9423728813559322,0.9328859060402684,0.9376053962900506
momentum,0.0005,21,2,9960.0,2489.0,70.0,32.0,0.0121179706213336,0.2342332825633458,0.9995983935742973,0.946163117717959,0.8411340396878382,0.8435095289311182,0.8422278167058103,0.9461765838961284,6.147954940795898,0.9504950495049505,0.972972972972973,0.9616026711185308,0.967551622418879,0.973293768545994,0.970414201183432,0.938566552901024,0.9228187919463088,0.9306260575296108,0.9478827361563518,0.9509803921568628,0.9494290375203914,0.920265780730897,0.9486301369863014,0.9342327150084316,0.8214285714285714,0.8518518518518519,0.8363636363636364,0.9623287671232876,0.9493243243243245,0.95578231292517,0.9545454545454546,0.939297124600639,0.9468599033816424,0.0,0.0,0.0,0.9482758620689656,0.925925925925926,0.9369676320272572
momentum,0.0005,21,3,9960.0,2489.0,70.0,34.0,0.0127456674549692,0.2222378371903031,0.99929718875502,0.9537967055042186,0.8511659938458379,0.849839437022875,0.8504725289242552,0.9538037801132038,6.1023430824279785,0.9829931972789115,0.9763513513513512,0.9796610169491526,0.9761904761904762,0.973293768545994,0.974739970282318,0.934640522875817,0.959731543624161,0.9470198675496688,0.943894389438944,0.934640522875817,0.9392446633825944,0.9484536082474226,0.9452054794520548,0.9468267581475128,0.8679245283018868,0.8518518518518519,0.8598130841121496,0.9659863945578232,0.9594594594594594,0.9627118644067796,0.9584664536741214,0.9584664536741214,0.9584664536741214,0.0,0.0,0.0,0.9331103678929766,0.9393939393939394,0.9362416107382552
momentum,0.0005,21,4,9962.0,2487.0,70.0,36.0,0.0138387793294019,0.1925938150288974,0.9992973298534432,0.9509449135504624,0.8408091090248275,0.8397632493183546,0.8402514672537509,0.9508767360455536,6.162187099456787,0.9732441471571908,0.983108108108108,0.9781512605042018,0.9822485207100592,0.9851632047477744,0.9837037037037036,0.9452054794520548,0.9292929292929292,0.937181663837012,0.934640522875817,0.934640522875817,0.934640522875817,0.9331103678929766,0.9554794520547946,0.9441624365482236,0.7735849056603774,0.7592592592592593,0.7663551401869159,0.9662162162162162,0.9694915254237289,0.9678510998307952,0.9676375404530744,0.9552715654952076,0.9614147909967844,0.0,0.0,0.0,0.9322033898305084,0.925925925925926,0.9290540540540542
momentum,0.0005,99,0,9956.0,2493.0,70.0,33.0,0.012825224317413,0.2110557819760215,0.9991964644435516,0.954271961492178,0.8527973623955412,0.8473288679641053,0.8498602375288472,0.9541604564706596,6.095611810684204,0.976510067114094,0.983108108108108,0.9797979797979798,0.9763313609467456,0.9792284866468842,0.9777777777777776,0.9658703071672357,0.9496644295302014,0.957698815566836,0.9310344827586208,0.96742671009772,0.9488817891373802,0.9501779359430604,0.9143835616438356,0.9319371727748692,0.8823529411764706,0.8181818181818182,0.8490566037735848,0.9730639730639732,0.9763513513513512,0.9747048903878583,0.9554140127388536,0.9554140127388536,0.9554140127388536,0.0,0.0,0.0,0.9172185430463576,0.929530201342282,0.9233333333333336
momentum,0.0005,99,1,9958.0,2491.0,70.0,36.0,0.014186429882154,0.256818401071187,0.9989957822855996,0.948615014050582,0.8455059416540998,0.8350732633276484,0.8396473150958876,0.9484783993368416,6.073145866394043,0.9864864864864864,0.9864864864864864,0.9864864864864864,0.9789156626506024,0.9643916913946587,0.9715994020926756,0.8952380952380953,0.9463087248322148,0.9200652528548124,0.9381107491856676,0.9381107491856676,0.9381107491856676,0.9425675675675677,0.9554794520547946,0.9489795918367347,0.8478260869565217,0.7222222222222222,0.78,0.976027397260274,0.9628378378378378,0.9693877551020408,0.9283489096573208,0.952076677316294,0.9400630914826498,0.0,0.0,0.0,0.9615384615384616,0.9228187919463088,0.9417808219178082
momentum,0.0005,99,2,9960.0,2489.0,70.0,35.0,0.0128163016983019,0.2097442850543557,0.9991967871485944,0.9509843310566491,0.8519877812489597,0.8368160922249226,0.8432359532844969,0.9506326224387396,6.111572980880737,0.9632107023411371,0.972972972972973,0.9680672268907564,0.9880597014925372,0.9821958456973294,0.9851190476190476,0.9578947368421052,0.9161073825503356,0.9365351629502572,0.9470198675496688,0.934640522875817,0.9407894736842104,0.955631399317406,0.958904109589041,0.9572649572649572,0.9069767441860463,0.7222222222222222,0.8041237113402061,0.9413680781758956,0.9763513513513512,0.9585406301824212,0.9228395061728396,0.9552715654952076,0.9387755102040816,0.0,0.0,0.0,0.9368770764119602,0.9494949494949496,0.94314381270903
momentum,0.0005,99,3,9960.0,2489.0,70.0,43.0,0.0124120431343996,0.1783534319754574,0.99929718875502,0.9550020088388912,0.8554838396460569,0.8552912794207076,0.8553052951276117,0.9549757060590642,6.07630467414856,0.9696969696969696,0.972972972972973,0.9713322091062394,0.976470588235294,0.9851632047477744,0.980797636632201,0.952054794520548,0.9328859060402684,0.9423728813559324,0.9297124600638976,0.9509803921568628,0.9402261712439418,0.9372937293729372,0.9726027397260274,0.9546218487394956,0.9074074074074074,0.9074074074074074,0.9074074074074074,0.9793103448275862,0.9594594594594594,0.969283276450512,0.9580645161290322,0.9488817891373802,0.9534510433386836,0.0,0.0,0.0,0.9448275862068966,0.9225589225589226,0.9335604770017036
momentum,0.0005,99,4,9962.0,2487.0,70.0,46.0,0.0117961592459432,0.211233579047805,0.9992973298534432,0.9425010052271814,0.8360910765059304,0.8373654542794583,0.8366719924109093,0.9425108863969724,6.102960824966431,0.956810631229236,0.972972972972973,0.9648241206030151,0.9822485207100592,0.9851632047477744,0.9837037037037036,0.933774834437086,0.9494949494949496,0.9415692821368948,0.9304635761589404,0.9183006535947712,0.924342105263158,0.918918918918919,0.9315068493150684,0.9251700680272108,0.8,0.8148148148148148,0.8073394495412846,0.9554794520547946,0.9457627118644067,0.950596252129472,0.9603960396039604,0.9297124600638976,0.9448051948051948,0.0,0.0,0.0,0.9228187919463088,0.925925925925926,0.9243697478991596
momentum,0.001,42,0,9956.0,2493.0,70.0,18.0,0.0036097062158586,0.2460069447558758,1.0,0.9538708383473726,0.8464355336787003,0.8486986151268349,0.8473219514255769,0.953846081496824,6.308686971664429,0.9630872483221476,0.9695945945945946,0.9663299663299664,0.9851190476190476,0.9821958456973294,0.9836552748885588,0.9203821656050956,0.9697986577181208,0.9444444444444444,0.9685314685314684,0.9022801302931596,0.9342327150084316,0.9401993355481728,0.9691780821917808,0.954468802698145,0.8070175438596491,0.8363636363636363,0.8214285714285714,0.976271186440678,0.972972972972973,0.9746192893401016,0.9587301587301588,0.961783439490446,0.9602543720190778,0.0,0.0,0.0,0.9450171821305842,0.9228187919463088,0.933786078098472
momentum,0.001,42,1,9958.0,2491.0,70.0,18.0,0.0034435364057538,0.2659780922327581,1.0,0.9506222400642312,0.8454911159616125,0.8439371097072534,0.8446512812831074,0.950549820132356,6.549865245819092,0.96,0.972972972972973,0.9664429530201344,0.976470588235294,0.9851632047477744,0.980797636632201,0.9522184300341296,0.9362416107382552,0.9441624365482232,0.941747572815534,0.9478827361563518,0.9448051948051948,0.9480968858131488,0.9383561643835616,0.9432013769363168,0.8301886792452831,0.8148148148148148,0.8224299065420562,0.969283276450512,0.9594594594594594,0.964346349745331,0.9318885448916407,0.9616613418530352,0.9465408805031446,0.0,0.0,0.0,0.9450171821305842,0.9228187919463088,0.933786078098472
momentum,0.001,42,2,9960.0,2489.0,70.0,17.0,0.0034449545162457,0.2188313852347858,1.0,0.9473684210526316,0.8454445114113825,0.8338869549853223,0.8389706911456489,0.9470424381366768,6.34318995475769,0.976271186440678,0.972972972972973,0.9746192893401016,0.9792899408284024,0.9821958456973294,0.9807407407407408,0.9437086092715232,0.9563758389261744,0.95,0.9483870967741936,0.9607843137254902,0.9545454545454546,0.9269102990033222,0.9554794520547946,0.9409780775716694,0.8666666666666667,0.7222222222222222,0.7878787878787877,0.956081081081081,0.956081081081081,0.956081081081081,0.9288025889967636,0.9169329073482428,0.9228295819935692,0.0,0.0,0.0,0.9283276450511946,0.915824915824916,0.9220338983050848
momentum,0.001,42,3,9960.0,2489.0,70.0,20.0,0.0034948922553917,0.23828034971103,1.0,0.9513860988348736,0.8524431689801564,0.8369911286986431,0.8435094356139053,0.951009682400598,6.414886951446533,0.9603960396039604,0.983108108108108,0.9716193656093488,0.9792899408284024,0.9821958456973294,0.9807407407407408,0.9403508771929824,0.8993288590604027,0.9193825042881648,0.9076923076923076,0.9640522875816994,0.9350237717908082,0.9649122807017544,0.9417808219178082,0.953206239168111,0.9069767441860463,0.7222222222222222,0.8041237113402061,0.972972972972973,0.972972972972973,0.972972972972973,0.9587301587301588,0.9648562300319488,0.961783439490446,0.0,0.0,0.0,0.9331103678929766,0.9393939393939394,0.9362416107382552
momentum,0.001,42,4,9962.0,2487.0,70.0,25.0,0.0034851106054885,0.2020357297345426,1.0,0.9569762766385204,0.8538789160923577,0.8524061560074481,0.8530677511124729,0.956979861811124,6.297897100448608,0.9794520547945206,0.9662162162162162,0.9727891156462584,0.9851190476190476,0.9821958456973294,0.9836552748885588,0.9583333333333334,0.9292929292929292,0.9435897435897436,0.932475884244373,0.9477124183006536,0.940032414910859,0.9403973509933776,0.9726027397260274,0.9562289562289562,0.8679245283018868,0.8518518518518519,0.8598130841121496,0.972508591065292,0.9593220338983052,0.9658703071672357,0.9462025316455696,0.9552715654952076,0.9507154213036566,0.0,0.0,0.0,0.9563758389261744,0.9595959595959596,0.957983193277311
momentum,0.001,7,0,9956.0,2493.0,70.0,16.0,0.0034982057520123,0.2280368689274115,1.0,0.949859606899318,0.844709263871011,0.842125645334397,0.8433687914308028,0.9497218301396526,6.114881753921509,0.9696969696969696,0.972972972972973,0.9713322091062394,0.967930029154519,0.9851632047477744,0.9764705882352942,0.9493243243243245,0.9429530201342282,0.9461279461279462,0.948051948051948,0.9511400651465798,0.9495934959349592,0.9377162629757786,0.928082191780822,0.9328743545611016,0.8301886792452831,0.8,0.8148148148148149,0.9663299663299664,0.9695945945945946,0.9679595278246208,0.9495268138801262,0.9585987261146496,0.9540412044374008,0.0,0.0,0.0,0.9283276450511946,0.912751677852349,0.9204737732656516
momentum,0.001,7,1,9958.0,2491.0,70.0,20.0,0.0034848317361381,0.1818684651037823,1.0,0.9570453633079083,0.8629824900997878,0.852473800934218,0.8572511541459246,0.9569642371709264,6.126092910766602,0.9731543624161074,0.9797297297297296,0.9764309764309764,0.9707602339181286,0.9851632047477744,0.9779086892488954,0.933774834437086,0.9463087248322148,0.94,0.956810631229236,0.9381107491856676,0.9473684210526316,0.9364548494983278,0.958904109589041,0.9475465313028764,0.9787234042553192,0.8518518518518519,0.9108910891089108,0.9763513513513512,0.9763513513513512,0.9763513513513512,0.964401294498382,0.952076677316294,0.9581993569131834,0.0,0.0,0.0,0.9393939393939394,0.9362416107382552,0.9378151260504204
momentum,0.001,7,2,9960.0,2489.0,70.0,18.0,0.0033679365794762,0.2521055249692929,1.0,0.9493772599437524,0.8444272385559433,0.8368645186205008,0.8402852228624637,0.949082301460774,6.1131391525268555,0.9696969696969696,0.972972972972973,0.9713322091062394,0.9766081871345028,0.9910979228486648,0.98379970544919,0.95578231292517,0.9429530201342282,0.9493243243243245,0.9470198675496688,0.934640522875817,0.9407894736842104,0.919732441471572,0.9417808219178082,0.9306260575296108,0.8333333333333334,0.7407407407407407,0.7843137254901961,0.9636963696369636,0.9864864864864864,0.9749582637729548,0.9310344827586208,0.9488817891373802,0.9398734177215188,0.0,0.0,0.0,0.9473684210526316,0.9090909090909092,0.9278350515463918
momentum,0.001,7,3,9960.0,2489.0,70.0,15.0,0.0034188709320064,0.2445878998183656,1.0,0.9513860988348736,0.8433568687227831,0.8387757470682449,0.8408787798183075,0.9512355398509352,6.085239887237549,0.9508196721311476,0.9797297297297296,0.9650582362728783,0.9821958456973294,0.9821958456973294,0.9821958456973294,0.933993399339934,0.9496644295302014,0.9417637271214642,0.9473684210526316,0.9411764705882352,0.9442622950819672,0.9590443686006824,0.9623287671232876,0.9606837606837606,0.8,0.7407407407407407,0.7692307692307692,0.9691780821917808,0.956081081081081,0.9625850340136052,0.9635761589403974,0.9297124600638976,0.9463414634146342,0.0,0.0,0.0,0.9273927392739274,0.9461279461279462,0.9366666666666668
momentum,0.001,7,4,9962.0,2487.0,70.0,14.0,0.0035805758161231,0.2785965194570469,1.0,0.9477281865701648,0.8399737520506412,0.8432521174483913,0.8414512055487556,0.9478754570170688,6.128464937210083,0.9537953795379538,0.9763513513513512,0.9649415692821368,0.9849397590361446,0.9703264094955488,0.9775784753363228,0.918032786885246,0.9427609427609428,0.930232558139535,0.9383116883116884,0.9444444444444444,0.9413680781758956,0.96113074204947,0.9315068493150684,0.9460869565217392,0.7894736842105263,0.8333333333333334,0.8108108108108109,0.968421052631579,0.9355932203389832,0.9517241379310344,0.9612903225806452,0.952076677316294,0.956661316211878,0.0,0.0,0.0,0.924342105263158,0.9461279461279462,0.935108153078203
momentum,0.001,13,0,9956.0,2493.0,70.0,17.0,0.0034611294369295,0.2661067513618944,1.0,0.945447252306458,0.8420580230792714,0.8434025343264022,0.8426413885574175,0.945451658676627,6.155070781707764,0.9534883720930232,0.9695945945945946,0.9614740368509214,0.9761194029850746,0.9703264094955488,0.9732142857142858,0.9218241042345277,0.9496644295302014,0.9355371900826446,0.9271523178807948,0.9120521172638436,0.9195402298850576,0.9368770764119602,0.9657534246575342,0.9510961214165262,0.8392857142857143,0.8545454545454545,0.8468468468468467,0.986206896551724,0.9662162162162162,0.9761092150170648,0.9512987012987012,0.9331210191082804,0.942122186495177,0.0,0.0,0.0,0.9283276450511946,0.912751677852349,0.9204737732656516
momentum,0.001,13,1,9958.0,2491.0,70.0,16.0,0.0036525952647354,0.2719306526058516,1.0,0.9450020072260136,0.8424643367061615,0.8349613342505517,0.8383994079774244,0.9448600176071328,6.286940097808838,0.9602649006622516,0.9797297297297296,0.9698996655518396,0.9848942598187312,0.9673590504451038,0.9760479041916168,0.9423728813559322,0.9328859060402684,0.9376053962900506,0.9475409836065574,0.9413680781758956,0.9444444444444444,0.9315068493150684,0.9315068493150684,0.9315068493150684,0.8541666666666666,0.7592592592592593,0.8039215686274509,0.9494949494949496,0.9527027027027029,0.951096121416526,0.943217665615142,0.9552715654952076,0.9492063492063492,0.0,0.0,0.0,0.9111842105263158,0.929530201342282,0.920265780730897
momentum,0.001,13,2,9960.0,2489.0,70.0,26.0,0.0037193310790052,0.1951329954651584,1.0,0.9529931699477702,0.8513416648019503,0.8474955923215826,0.8493177513487898,0.9529324556184328,6.314151048660278,0.9695945945945946,0.9695945945945946,0.9695945945945946,0.991044776119403,0.9851632047477744,0.988095238095238,0.9324324324324323,0.9261744966442952,0.9292929292929292,0.9533333333333334,0.934640522875817,0.943894389438944,0.9366666666666666,0.9623287671232876,0.9493243243243245,0.8823529411764706,0.8333333333333334,0.8571428571428571,0.9563758389261744,0.9628378378378378,0.9595959595959596,0.9587301587301588,0.9648562300319488,0.961783439490446,0.0,0.0,0.0,0.9328859060402684,0.936026936026936,0.934453781512605
momentum,0.001,13,3,9960.0,2489.0,70.0,17.0,0.0034731414730255,0.2364283147100105,1.0,0.9469666532744074,0.8413923229334795,0.836402884089279,0.8387423719348487,0.9469025699956052,6.148274898529053,0.9758620689655172,0.956081081081081,0.9658703071672354,0.9850746268656716,0.9792284866468842,0.982142857142857,0.952054794520548,0.9328859060402684,0.9423728813559324,0.948220064724919,0.9575163398692812,0.9528455284552846,0.9155405405405406,0.928082191780822,0.9217687074829932,0.82,0.7592592592592593,0.7884615384615384,0.9664429530201344,0.972972972972973,0.9696969696969696,0.9371069182389936,0.952076677316294,0.9445324881141044,0.0,0.0,0.0,0.9136212624584718,0.925925925925926,0.919732441471572
momentum,0.001,13,4,9962.0,2487.0,70.0,12.0,0.0034447020973545,0.2576133966724384,1.0,0.9537595496582228,0.8469234395468686,0.8465153184234383,0.8466726348201592,0.9537127568411392,6.178736686706543,0.9658703071672357,0.956081081081081,0.9609507640067912,0.9710982658959536,0.9970326409495548,0.9838945827232796,0.9627118644067796,0.9562289562289562,0.9594594594594594,0.9534883720930232,0.937908496732026,0.945634266886326,0.9649122807017544,0.9417808219178082,0.953206239168111,0.8148148148148148,0.8148148148148148,0.8148148148148148,0.9629629629629628,0.9694915254237289,0.966216216216216,0.9367088607594936,0.9456869009584664,0.9411764705882352,0.0,0.0,0.0,0.9366666666666666,0.9461279461279462,0.9413735343383584
momentum,0.001,21,0,9956.0,2493.0,70.0,23.0,0.0035664974567914,0.1800933870384163,1.0,0.9554753309265944,0.8597640616058102,0.8469952046953404,0.8526337319939085,0.9553707263376908,6.133984088897705,0.966996699669967,0.9898648648648648,0.9782971619365608,0.982089552238806,0.9762611275964392,0.9791666666666664,0.9494949494949496,0.9463087248322148,0.9478991596638656,0.9573770491803278,0.9511400651465798,0.9542483660130718,0.9235880398671096,0.952054794520548,0.9376053962900506,0.9565217391304348,0.8,0.8712871287128713,0.979381443298969,0.9628378378378378,0.9710391822827938,0.9616613418530352,0.9585987261146496,0.9601275917065392,0.0,0.0,0.0,0.9205298013245032,0.9328859060402684,0.9266666666666667
momentum,0.001,21,1,9958.0,2491.0,70.0,21.0,0.0035016248100175,0.2539007918800656,1.0,0.95343235648334,0.8476819705953943,0.8402094068351863,0.8436474226280145,0.9531770530767556,6.156752824783325,0.9504950495049505,0.972972972972973,0.9616026711185308,0.976470588235294,0.9851632047477744,0.980797636632201,0.9523809523809524,0.9395973154362416,0.945945945945946,0.9478827361563518,0.9478827361563518,0.9478827361563518,0.9484536082474226,0.9452054794520548,0.9468267581475128,0.8333333333333334,0.7407407407407407,0.7843137254901961,0.9695945945945946,0.9695945945945946,0.9695945945945946,0.9558359621451104,0.9680511182108626,0.961904761904762,0.0,0.0,0.0,0.9423728813559322,0.9328859060402684,0.9376053962900506
momentum,0.001,21,2,9960.0,2489.0,70.0,16.0,0.0034321900748948,0.2520634460841636,1.0,0.9469666532744074,0.8423748191992384,0.8411021295189263,0.8416450931414259,0.9469273077916384,6.119440793991089,0.9475409836065574,0.9763513513513512,0.9617304492512478,0.973293768545994,0.973293768545994,0.973293768545994,0.9417808219178082,0.9228187919463088,0.9322033898305084,0.9478827361563518,0.9509803921568628,0.9494290375203914,0.9141914191419142,0.9486301369863014,0.93109243697479,0.8301886792452831,0.8148148148148148,0.8224299065420562,0.9623287671232876,0.9493243243243245,0.95578231292517,0.954983922829582,0.9488817891373802,0.9519230769230768,0.0,0.0,0.0,0.9515570934256056,0.925925925925926,0.938566552901024
momentum,0.001,21,3,9960.0,2489.0,70.0,17.0,0.0035026188449706,0.2388195029124182,1.0,0.9550020088388912,0.8537094646135973,0.852298016296451,0.8529734953721524,0.9550049571967631,6.155418157577515,0.9763513513513512,0.9763513513513512,0.9763513513513512,0.9733727810650888,0.9762611275964392,0.9748148148148148,0.9377049180327868,0.959731543624161,0.9485903814262024,0.9442622950819672,0.9411764705882352,0.9427168576104746,0.9450171821305842,0.9417808219178082,0.9433962264150942,0.8867924528301887,0.8703703703703703,0.8785046728971964,0.972508591065292,0.956081081081081,0.9642248722316864,0.964630225080386,0.9584664536741214,0.9615384615384616,0.0,0.0,0.0,0.9364548494983278,0.9427609427609428,0.9395973154362418
momentum,0.001,21,4,9962.0,2487.0,70.0,18.0,0.003675306524496,0.2083405497047536,1.0,0.95416164053076,0.8446567763412137,0.8424069846292219,0.8434800736862724,0.9540631988685584,6.177381753921509,0.9732441471571908,0.983108108108108,0.9781512605042018,0.9794117647058824,0.9881305637982196,0.983751846381093,0.9455782312925172,0.936026936026936,0.9407783417935704,0.944078947368421,0.937908496732026,0.940983606557377,0.9393939393939394,0.9554794520547946,0.9473684210526316,0.7884615384615384,0.7592592592592593,0.7735849056603773,0.9662162162162162,0.9694915254237289,0.9678510998307952,0.973941368078176,0.9552715654952076,0.964516129032258,0.0,0.0,0.0,0.9362416107382552,0.9393939393939394,0.9378151260504204
momentum,0.001,99,0,9956.0,2493.0,70.0,16.0,0.0035219831903674,0.2276200185459805,1.0,0.9558764540714,0.8556481750971512,0.8486442131403052,0.8518505284392421,0.9557573579443396,6.110939025878906,0.976510067114094,0.983108108108108,0.9797979797979798,0.9763313609467456,0.9792284866468842,0.9777777777777776,0.969283276450512,0.953020134228188,0.961082910321489,0.9283489096573208,0.970684039087948,0.9490445859872612,0.9535714285714286,0.9143835616438356,0.9335664335664337,0.9,0.8181818181818182,0.8571428571428572,0.9763513513513512,0.9763513513513512,0.9763513513513512,0.9555555555555556,0.9585987261146496,0.9570747217806042,0.0,0.0,0.0,0.9205298013245032,0.9328859060402684,0.9266666666666667
momentum,0.001,99,1,9958.0,2491.0,70.0,18.0,0.0037385669211291,0.2794103225489333,1.0,0.951023685266961,0.8478064677247585,0.8385161120307041,0.84263113792913,0.9509154602843176,6.112796783447266,0.9864864864864864,0.9864864864864864,0.9864864864864864,0.9790419161676648,0.9703264094955488,0.9746646795827124,0.9012738853503184,0.9496644295302014,0.9248366013071896,0.9442622950819672,0.9381107491856676,0.9411764705882352,0.945945945945946,0.958904109589041,0.9523809523809524,0.851063829787234,0.7407407407407407,0.7920792079207921,0.979381443298969,0.9628378378378378,0.9710391822827938,0.9256965944272446,0.9552715654952076,0.940251572327044,0.0,0.0,0.0,0.9649122807017544,0.9228187919463088,0.9433962264150942
momentum,0.001,99,2,9960.0,2489.0,70.0,19.0,0.0035769383678975,0.2276653691798203,1.0,0.9509843310566491,0.8519599888933824,0.8368145490739174,0.8432174723159713,0.9506129287533792,6.0954749584198,0.9630872483221476,0.9695945945945946,0.9663299663299664,0.9851190476190476,0.9821958456973294,0.9836552748885588,0.951219512195122,0.9161073825503356,0.9333333333333332,0.9563758389261744,0.931372549019608,0.9437086092715232,0.95578231292517,0.9623287671232876,0.9590443686006824,0.9069767441860463,0.7222222222222222,0.8041237113402061,0.9415584415584416,0.9797297297297296,0.9602649006622516,0.925925925925926,0.9584664536741214,0.9419152276295132,0.0,0.0,0.0,0.9335548172757476,0.9461279461279462,0.939799331103679
momentum,0.001,99,3,9960.0,2489.0,70.0,19.0,0.0035057387923029,0.189598737506026,1.0,0.9582161510646846,0.8568847098037274,0.8594332970117,0.8580499574726472,0.9582184482680636,6.09831976890564,0.9665551839464884,0.9763513513513512,0.9714285714285714,0.9823008849557522,0.9881305637982196,0.985207100591716,0.9461279461279462,0.9429530201342282,0.9445378151260504,0.9477124183006536,0.9477124183006536,0.9477124183006536,0.9342105263157896,0.9726027397260274,0.953020134228188,0.8928571428571429,0.925925925925926,0.9090909090909092,0.9861111111111112,0.9594594594594594,0.9726027397260274,0.9614147909967846,0.9552715654952076,0.9583333333333334,0.0,0.0,0.0,0.9515570934256056,0.925925925925926,0.938566552901024
momentum,0.001,99,4,9962.0,2487.0,70.0,20.0,0.0032837607439783,0.2257138741554467,1.0,0.9437072778447928,0.839498040286091,0.8382974282239258,0.8388360223598502,0.9436706157641416,6.10357403755188,0.9537953795379538,0.9763513513513512,0.9649415692821368,0.9823008849557522,0.9881305637982196,0.985207100591716,0.9366666666666666,0.9461279461279462,0.9413735343383584,0.930921052631579,0.9248366013071896,0.9278688524590164,0.915824915824916,0.9315068493150684,0.9235993208828523,0.8301886792452831,0.8148148148148148,0.8224299065420562,0.9619377162629758,0.9423728813559322,0.952054794520548,0.9605263157894736,0.9329073482428116,0.946515397082658,0.0,0.0,0.0,0.9228187919463088,0.925925925925926,0.9243697478991596
momentum,0.005,42,0,9956.0,2493.0,70.0,3.0,0.0003287846335519,0.2736623171174782,1.0,0.96028880866426,0.8499117449407836,0.8553286794950873,0.8522820663083024,0.9603231687248944,6.150065898895264,0.9696969696969696,0.972972972972973,0.9713322091062394,0.9823529411764704,0.9910979228486648,0.9867060561299852,0.941747572815534,0.976510067114094,0.958813838550247,0.9721254355400696,0.9087947882736156,0.9393939393939392,0.9401993355481728,0.9691780821917808,0.954468802698145,0.7833333333333333,0.8545454545454545,0.817391304347826,0.9795221843003412,0.9695945945945946,0.9745331069609507,0.971518987341772,0.9777070063694268,0.9746031746031746,0.0,0.0,0.0,0.9586206896551724,0.9328859060402684,0.9455782312925172
momentum,0.005,42,1,9958.0,2491.0,70.0,4.0,0.0003194752670036,0.3086275276312614,1.0,0.9546366920915296,0.8484382145592952,0.8457420091718246,0.8470240389345598,0.954538180304852,6.18012809753418,0.9632107023411371,0.972972972972973,0.9680672268907564,0.976470588235294,0.9851632047477744,0.980797636632201,0.9527027027027029,0.9463087248322148,0.9494949494949496,0.9540983606557376,0.9478827361563518,0.9509803921568628,0.9545454545454546,0.934931506849315,0.944636678200692,0.8269230769230769,0.7962962962962963,0.8113207547169811,0.9694915254237289,0.9662162162162162,0.9678510998307952,0.9409937888198758,0.9680511182108626,0.9543307086614174,0.0,0.0,0.0,0.945945945945946,0.9395973154362416,0.9427609427609428
momentum,0.005,42,2,9960.0,2489.0,70.0,6.0,0.0003217073539147,0.2519620632685972,1.0,0.9489754921655283,0.8475475297881856,0.8397684974406721,0.8433473783461857,0.948818404206728,6.1194000244140625,0.9693877551020408,0.9628378378378378,0.9661016949152542,0.9821958456973294,0.9821958456973294,0.9821958456973294,0.9501661129568106,0.959731543624161,0.9549248747913188,0.960655737704918,0.9575163398692812,0.9590834697217676,0.93,0.9554794520547946,0.9425675675675677,0.875,0.7777777777777778,0.823529411764706,0.953020134228188,0.9594594594594594,0.956228956228956,0.9230769230769232,0.9201277955271564,0.9216,0.0,0.0,0.0,0.9319727891156464,0.9225589225589226,0.9272419627749576
momentum,0.005,42,3,9960.0,2489.0,70.0,5.0,0.0003311456989491,0.3094615514477628,1.0,0.9517878666130976,0.8514138435677634,0.8403450321856966,0.8451731269281935,0.9514455889012716,6.1795289516448975,0.9539473684210528,0.9797297297297296,0.9666666666666666,0.976470588235294,0.9851632047477744,0.980797636632201,0.9466192170818504,0.8926174496644296,0.918825561312608,0.9164086687306502,0.9673202614379084,0.9411764705882352,0.9686411149825784,0.952054794520548,0.9602763385146804,0.8913043478260869,0.7592592592592593,0.8200000000000001,0.9665551839464884,0.9763513513513512,0.9714285714285714,0.9585987261146496,0.9616613418530352,0.9601275917065392,0.0,0.0,0.0,0.9355932203389832,0.9292929292929292,0.9324324324324323
momentum,0.005,42,4,9962.0,2487.0,70.0,5.0,0.0003305268640501,0.2286753679059676,1.0,0.9553679131483716,0.8535585071328272,0.8495195906157205,0.8514283092751841,0.9553317050687476,6.143524169921875,0.979591836734694,0.972972972972973,0.976271186440678,0.9880597014925372,0.9821958456973294,0.9851190476190476,0.9450171821305842,0.925925925925926,0.935374149659864,0.9352750809061487,0.9444444444444444,0.9398373983739836,0.9366666666666666,0.9623287671232876,0.9493243243243245,0.8823529411764706,0.8333333333333334,0.8571428571428571,0.9690721649484536,0.9559322033898304,0.962457337883959,0.946372239747634,0.9584664536741214,0.9523809523809524,0.0,0.0,0.0,0.9531772575250836,0.9595959595959596,0.9563758389261744
momentum,0.005,7,0,9956.0,2493.0,70.0,3.0,0.0003258440973452,0.2722760131983812,1.0,0.9534697152025672,0.8511993733688522,0.8420801634192907,0.8462270513339332,0.9532169550337524,6.178202152252197,0.9728813559322034,0.9695945945945946,0.9712351945854484,0.9765395894428152,0.9881305637982196,0.9823008849557522,0.9461279461279462,0.9429530201342282,0.9445378151260504,0.9537953795379538,0.9413680781758956,0.9475409836065573,0.931740614334471,0.934931506849315,0.9333333333333332,0.875,0.7636363636363637,0.8155339805825242,0.959866220735786,0.9695945945945946,0.9647058823529412,0.9504643962848296,0.9777070063694268,0.9638932496075352,0.0,0.0,0.0,0.9455782312925172,0.9328859060402684,0.9391891891891893
momentum,0.005,7,1,9958.0,2491.0,70.0,6.0,0.0003295733778684,0.2128762050837261,1.0,0.962665596146126,0.8675640725172553,0.8571287284942504,0.8618617562082169,0.9625732780503342,6.34865403175354,0.9764309764309764,0.9797297297297296,0.9780775716694772,0.9793510324483776,0.9851632047477744,0.9822485207100592,0.9496644295302014,0.9496644295302014,0.9496644295302014,0.9663299663299664,0.9348534201954396,0.9503311258278146,0.9429530201342282,0.9623287671232876,0.952542372881356,0.9787234042553192,0.8518518518518519,0.9108910891089108,0.976510067114094,0.983108108108108,0.9797979797979798,0.961783439490446,0.9648562300319488,0.963317384370016,0.0,0.0,0.0,0.943894389438944,0.959731543624161,0.951747088186356
momentum,0.005,7,2,9960.0,2489.0,70.0,3.0,0.0003235772348559,0.2992150747139724,1.0,0.9533949377259944,0.8488891223491372,0.8386955347031277,0.8432119287352264,0.9530248891865388,6.22763204574585,0.9730639730639732,0.9763513513513512,0.9747048903878583,0.9794721407624634,0.9910979228486648,0.9852507374631267,0.9562289562289562,0.953020134228188,0.9546218487394958,0.956810631229236,0.9411764705882352,0.9489291598023064,0.9328859060402684,0.952054794520548,0.9423728813559324,0.8478260869565217,0.7222222222222222,0.78,0.9701986754966888,0.9898648648648648,0.979933110367893,0.9283489096573208,0.952076677316294,0.9400630914826498,0.0,0.0,0.0,0.944055944055944,0.9090909090909092,0.9262435677530017
momentum,0.005,7,3,9960.0,2489.0,70.0,4.0,0.0003257066074929,0.2835805695307343,1.0,0.9550020088388912,0.8500341463715413,0.8462463391113542,0.8479926017933298,0.9549147009167224,6.127441883087158,0.9537953795379538,0.9763513513513512,0.9649415692821368,0.9794117647058824,0.9881305637982196,0.983751846381093,0.9344262295081968,0.9563758389261744,0.945273631840796,0.9536423841059604,0.9411764705882352,0.9473684210526316,0.9655172413793104,0.958904109589041,0.9621993127147768,0.8431372549019608,0.7962962962962963,0.8190476190476189,0.9726027397260274,0.9594594594594594,0.9659863945578232,0.9668874172185432,0.9329073482428116,0.9495934959349592,0.0,0.0,0.0,0.930921052631579,0.9528619528619529,0.9417637271214642
momentum,0.005,7,4,9962.0,2487.0,70.0,3.0,0.0003241670212181,0.3174661920767846,1.0,0.95416164053076,0.8465273533063732,0.8500133186111564,0.8481497106717957,0.9542809638347473,6.126968145370483,0.9697986577181208,0.9763513513513512,0.9730639730639732,0.9939577039274924,0.9762611275964392,0.9850299401197604,0.9366666666666666,0.9461279461279462,0.9413735343383584,0.9448051948051948,0.9509803921568628,0.9478827361563515,0.9644128113879004,0.928082191780822,0.9458987783595112,0.8070175438596491,0.8518518518518519,0.8288288288288288,0.9593220338983052,0.9593220338983052,0.9593220338983052,0.9616613418530352,0.9616613418530352,0.9616613418530352,0.0,0.0,0.0,0.9276315789473684,0.9494949494949496,0.9384359400998336
momentum,0.005,13,0,9956.0,2493.0,70.0,2.0,0.0003189508170414,0.3145423512071773,1.0,0.9494584837545126,0.8435169129822582,0.843743526841679,0.8435224015337732,0.9494417909487902,6.254239082336426,0.9475409836065574,0.9763513513513512,0.9617304492512478,0.9879154078549848,0.9703264094955488,0.9790419161676646,0.919614147909968,0.959731543624161,0.9392446633825944,0.9362416107382552,0.9087947882736156,0.9223140495867768,0.9527027027027029,0.9657534246575342,0.9591836734693876,0.8181818181818182,0.8181818181818182,0.8181818181818182,0.9829351535836176,0.972972972972973,0.9779286926994908,0.9580645161290322,0.945859872611465,0.951923076923077,0.0,0.0,0.0,0.9319727891156464,0.9194630872483222,0.9256756756756758
momentum,0.005,13,1,9958.0,2491.0,70.0,3.0,0.0003363710233569,0.3148803144808835,1.0,0.9514251304696908,0.8485303219498693,0.8448110657629699,0.8465619408551305,0.9513758698570656,6.083334922790527,0.9636963696369636,0.9864864864864864,0.9749582637729548,0.9820359281437124,0.973293768545994,0.977645305514158,0.9554794520547946,0.9362416107382552,0.9457627118644067,0.954248366013072,0.9511400651465798,0.9526916802610114,0.9256756756756755,0.9383561643835616,0.9319727891156464,0.8627450980392157,0.8148148148148148,0.838095238095238,0.9562289562289562,0.9594594594594594,0.957841483979764,0.964401294498382,0.952076677316294,0.9581993569131834,0.0,0.0,0.0,0.9207920792079208,0.9362416107382552,0.9284525790349418
momentum,0.005,13,2,9960.0,2489.0,70.0,6.0,0.0003368830026803,0.2257420505436378,1.0,0.956609079951788,0.8557318593371409,0.8504439807475517,0.8529254381273577,0.956550712729726,6.151234149932861,0.9728813559322034,0.9695945945945946,0.9712351945854484,0.997005988023952,0.9881305637982196,0.992548435171386,0.9362416107382552,0.9362416107382552,0.9362416107382552,0.9534883720930232,0.937908496732026,0.945634266886326,0.9368770764119602,0.9657534246575342,0.9510961214165262,0.9,0.8333333333333334,0.8653846153846153,0.9531772575250836,0.9628378378378378,0.9579831932773112,0.9650793650793652,0.9712460063897764,0.9681528662420382,0.0,0.0,0.0,0.9425675675675677,0.9393939393939394,0.9409780775716696
momentum,0.005,13,3,9960.0,2489.0,70.0,3.0,0.0003232761239124,0.2916081846393044,1.0,0.9509843310566491,0.8449733416428942,0.8412315655995428,0.8430076330602244,0.9509585565333538,6.072123050689697,0.9793103448275862,0.9594594594594594,0.969283276450512,0.9880239520958084,0.9792284866468842,0.9836065573770492,0.9494949494949496,0.9463087248322148,0.9478991596638656,0.9545454545454546,0.9607843137254902,0.9576547231270358,0.9278350515463918,0.9246575342465754,0.9262435677530018,0.8235294117647058,0.7777777777777778,0.7999999999999999,0.9664429530201344,0.972972972972973,0.9696969696969696,0.9493670886075948,0.9584664536741214,0.9538950715421304,0.0,0.0,0.0,0.9111842105263158,0.9326599326599326,0.9217970049916804
momentum,0.005,13,4,9962.0,2487.0,70.0,2.0,0.000327076810926,0.3075233998709574,1.0,0.9569762766385204,0.8522949511004821,0.8506585842849488,0.8513995239193275,0.9568938354631992,6.099496126174927,0.9661016949152542,0.9628378378378378,0.964467005076142,0.9739130434782608,0.9970326409495548,0.9853372434017597,0.9690721649484536,0.9494949494949496,0.9591836734693878,0.9663299663299664,0.937908496732026,0.9519071310116084,0.9547038327526132,0.9383561643835616,0.9464594127806564,0.8490566037735849,0.8333333333333334,0.8411214953271028,0.9633333333333334,0.9796610169491524,0.9714285714285716,0.9404388714733544,0.9584664536741214,0.9493670886075948,0.0,0.0,0.0,0.94,0.9494949494949496,0.9447236180904524
momentum,0.005,21,0,9956.0,2493.0,70.0,6.0,0.0003344269741423,0.2021410529332707,1.0,0.9618933012434816,0.861950581468475,0.8552291259193725,0.8583620259085176,0.9618088373401104,6.123502254486084,0.966996699669967,0.9898648648648648,0.9782971619365608,0.9850746268656716,0.9792284866468842,0.982142857142857,0.9696969696969696,0.9664429530201344,0.9680672268907564,0.9668874172185432,0.9511400651465798,0.9589490968801314,0.9423728813559322,0.952054794520548,0.9471890971039182,0.92,0.8363636363636363,0.8761904761904761,0.979591836734694,0.972972972972973,0.976271186440678,0.959119496855346,0.9713375796178344,0.9651898734177214,0.0,0.0,0.0,0.9297658862876256,0.9328859060402684,0.931323283082077
momentum,0.005,21,1,9958.0,2491.0,70.0,4.0,0.0003258217249877,0.2623704981221327,1.0,0.9570453633079083,0.8493681264895381,0.8432525603035442,0.8460808268388564,0.9568181667964376,6.179631233215332,0.9570957095709572,0.9797297297297296,0.968280467445743,0.976401179941003,0.9821958456973294,0.9792899408284024,0.9688581314878892,0.9395973154362416,0.9540034071550256,0.9514563106796116,0.9576547231270358,0.9545454545454544,0.9551724137931036,0.9486301369863014,0.9518900343642612,0.8163265306122449,0.7407407407407407,0.7766990291262137,0.9632107023411371,0.972972972972973,0.9680672268907564,0.9558359621451104,0.9680511182108626,0.961904761904762,0.0,0.0,0.0,0.9493243243243245,0.9429530201342282,0.9461279461279462
momentum,0.005,21,2,9960.0,2489.0,70.0,5.0,0.0003202532310631,0.3164838171563173,1.0,0.94817195660908,0.8458962691530948,0.8421439187200818,0.8439227527983263,0.9480927246036506,6.249057054519653,0.9570957095709572,0.9797297297297296,0.968280467445743,0.9761904761904762,0.973293768545994,0.974739970282318,0.9393939393939394,0.9362416107382552,0.9378151260504204,0.9415584415584416,0.9477124183006536,0.9446254071661236,0.925925925925926,0.9417808219178082,0.933786078098472,0.8627450980392157,0.8148148148148148,0.838095238095238,0.9625850340136054,0.956081081081081,0.9593220338983052,0.9546925566343042,0.9424920127795527,0.9485530546623794,0.0,0.0,0.0,0.9387755102040816,0.9292929292929292,0.934010152284264
momentum,0.005,21,3,9960.0,2489.0,70.0,6.0,0.0003259906779094,0.2558362969736395,1.0,0.957010847730012,0.8540215959478472,0.853910680767985,0.8539386581513119,0.9569837084481676,6.183673858642578,0.9697986577181208,0.9763513513513512,0.9730639730639732,0.976401179941003,0.9821958456973294,0.9792899408284024,0.943894389438944,0.959731543624161,0.951747088186356,0.95,0.931372549019608,0.9405940594059404,0.9518900343642612,0.9486301369863014,0.9502572898799314,0.8703703703703703,0.8703703703703703,0.8703703703703703,0.976027397260274,0.9628378378378378,0.9693877551020408,0.9526813880126184,0.9648562300319488,0.9587301587301588,0.0,0.0,0.0,0.9491525423728814,0.9427609427609428,0.945945945945946
momentum,0.005,21,4,9962.0,2487.0,70.0,6.0,0.0003298505776195,0.2379757151996614,1.0,0.9553679131483716,0.8481953189209571,0.8433819529945067,0.8456521707271027,0.95518231855354,6.1612389087677,0.9764309764309764,0.9797297297297296,0.9780775716694772,0.9794117647058824,0.9881305637982196,0.983751846381093,0.952054794520548,0.936026936026936,0.9439728353140916,0.9411764705882352,0.9411764705882352,0.9411764705882352,0.9491525423728814,0.958904109589041,0.9540034071550256,0.82,0.7592592592592593,0.7884615384615384,0.96,0.976271186440678,0.9680672268907564,0.9647435897435898,0.9616613418530352,0.9632,0.0,0.0,0.0,0.9389830508474576,0.9326599326599326,0.9358108108108107
momentum,0.005,99,0,9956.0,2493.0,70.0,2.0,0.0003270921888555,0.2769897851990795,1.0,0.959486562374649,0.8570289231358726,0.8515035515101665,0.8540653042276725,0.959342736376262,6.1754491329193115,0.9765886287625418,0.9864864864864864,0.9815126050420168,0.976401179941003,0.9821958456973294,0.9792899408284024,0.9794520547945206,0.959731543624161,0.9694915254237289,0.9430379746835444,0.970684039087948,0.956661316211878,0.9501779359430604,0.9143835616438356,0.9319371727748692,0.8823529411764706,0.8181818181818182,0.8490566037735848,0.9761904761904762,0.9695945945945946,0.9728813559322034,0.9625,0.9808917197452228,0.9716088328075708,0.0,0.0,0.0,0.9235880398671096,0.9328859060402684,0.9282136894824708
momentum,0.005,99,1,9958.0,2491.0,70.0,3.0,0.000332069796791,0.2990006315470144,1.0,0.9554395824969892,0.853052251561446,0.8436010562892939,0.8478289349400852,0.95530359878391,6.072251081466675,0.9831649831649832,0.9864864864864864,0.984822934232715,0.982089552238806,0.9762611275964392,0.9791666666666664,0.9161290322580644,0.953020134228188,0.9342105263157896,0.9508196721311476,0.9446254071661238,0.9477124183006536,0.95578231292517,0.9623287671232876,0.9590443686006824,0.8723404255319149,0.7592592592592593,0.8118811881188118,0.976027397260274,0.9628378378378378,0.9693877551020408,0.9290123456790124,0.9616613418530352,0.9450549450549453,0.0,0.0,0.0,0.9651567944250872,0.929530201342282,0.947008547008547
momentum,0.005,99,2,9960.0,2489.0,70.0,5.0,0.0003304418230446,0.2523771053366571,1.0,0.9578143832864604,0.8576960977466574,0.8439934781205072,0.8498747984610503,0.9574979067767349,6.121267795562744,0.959731543624161,0.9662162162162162,0.962962962962963,0.9880597014925372,0.9821958456973294,0.9851190476190476,0.965034965034965,0.9261744966442952,0.9452054794520548,0.956953642384106,0.9444444444444444,0.950657894736842,0.9659863945578232,0.9726027397260274,0.9692832764505118,0.9090909090909092,0.7407407407407407,0.8163265306122449,0.9387096774193548,0.983108108108108,0.9603960396039604,0.949685534591195,0.9648562300319488,0.9572107765451664,0.0,0.0,0.0,0.9437086092715232,0.9595959595959596,0.9515859766277128
momentum,0.005,99,3,9960.0,2489.0,70.0,7.0,0.0003345877344544,0.2071026351137078,1.0,0.9618320610687024,0.8600429000550367,0.8639631679207147,0.8618757750597481,0.9618632696050342,6.131145000457764,0.9696969696969696,0.972972972972973,0.9713322091062394,0.985207100591716,0.9881305637982196,0.9866666666666668,0.9493243243243245,0.9429530201342282,0.9461279461279462,0.9572368421052632,0.9509803921568628,0.9540983606557376,0.943894389438944,0.9794520547945206,0.961344537815126,0.8947368421052632,0.9444444444444444,0.918918918918919,0.9930313588850174,0.9628378378378378,0.9777015437392796,0.9615384615384616,0.9584664536741214,0.96,0.0,0.0,0.0,0.9457627118644067,0.9393939393939394,0.9425675675675677
momentum,0.005,99,4,9962.0,2487.0,70.0,5.0,0.0003078357769973,0.2633823315565141,1.0,0.9505428226779252,0.8448792107972445,0.8485262166331478,0.8465670975610304,0.9505591691708846,6.167192220687866,0.9635761589403974,0.983108108108108,0.9732441471571908,0.9823008849557522,0.9881305637982196,0.985207100591716,0.931372549019608,0.9595959595959596,0.945273631840796,0.9494949494949496,0.9215686274509804,0.9353233830845772,0.928813559322034,0.9383561643835616,0.9335604770017036,0.8245614035087719,0.8703703703703703,0.8468468468468469,0.9688581314878892,0.9491525423728814,0.958904109589041,0.961038961038961,0.9456869009584664,0.9533011272141706,0.0,0.0,0.0,0.9387755102040816,0.9292929292929292,0.934010152284264
momentum,0.01,42,0,9956.0,2493.0,70.0,3.0,0.0001331641725104,0.2867548557200056,1.0,0.9630966706778982,0.8569121205496067,0.859184560030944,0.8578209217511519,0.963064555578318,6.200494050979614,0.9698996655518396,0.9797297297297296,0.9747899159663864,0.985207100591716,0.9881305637982196,0.9866666666666668,0.935897435897436,0.9798657718120806,0.957377049180328,0.9790209790209792,0.9120521172638436,0.9443507588532885,0.9429530201342282,0.9623287671232876,0.952542372881356,0.8421052631578947,0.8727272727272727,0.8571428571428571,0.9829931972789115,0.9763513513513512,0.9796610169491526,0.9654088050314464,0.9777070063694268,0.971518987341772,0.0,0.0,0.0,0.9656357388316152,0.9429530201342282,0.9541595925297114
momentum,0.01,42,1,9958.0,2491.0,70.0,1.0,0.0001308157757308,0.3007984382966436,1.0,0.957848253713368,0.8534517062548634,0.8544951987685625,0.8539268507590213,0.9578389711057618,6.239294052124023,0.9764309764309764,0.9797297297297296,0.9780775716694772,0.9822485207100592,0.9851632047477744,0.9837037037037036,0.9528619528619529,0.9496644295302014,0.9512605042016806,0.9475409836065574,0.9413680781758956,0.9444444444444444,0.96113074204947,0.9315068493150684,0.9460869565217392,0.8545454545454545,0.8703703703703703,0.8623853211009175,0.9728813559322034,0.9695945945945946,0.9712351945854484,0.95,0.9712460063897764,0.9605055292259084,0.0,0.0,0.0,0.9368770764119602,0.9463087248322148,0.9415692821368948
momentum,0.01,42,2,9960.0,2489.0,70.0,2.0,0.0001332203773672,0.2656756416472451,1.0,0.9529931699477702,0.851349347170621,0.8461105933218296,0.8485903338839194,0.9529216268084336,6.153402090072632,0.9829931972789115,0.9763513513513512,0.9796610169491526,0.9792899408284024,0.9821958456973294,0.9807407407407408,0.9531772575250836,0.9563758389261744,0.9547738693467336,0.960655737704918,0.9575163398692812,0.9590834697217676,0.929530201342282,0.9486301369863014,0.9389830508474576,0.88,0.8148148148148148,0.8461538461538461,0.9629629629629628,0.9662162162162162,0.9645868465430018,0.9387096774193548,0.9297124600638976,0.9341894060995184,0.0,0.0,0.0,0.9261744966442952,0.9292929292929292,0.9277310924369748
momentum,0.01,42,3,9960.0,2489.0,70.0,2.0,0.000138453134702,0.3324887753691592,1.0,0.956609079951788,0.8571399429522982,0.8459632471750252,0.8508955298742704,0.9563504945015514,6.143466949462891,0.9601328903654484,0.9763513513513512,0.9681742043551088,0.9792899408284024,0.9821958456973294,0.9807407407407408,0.951048951048951,0.912751677852349,0.9315068493150686,0.9247648902821316,0.9640522875816994,0.944,0.972318339100346,0.9623287671232876,0.9672977624784854,0.9130434782608696,0.7777777777777778,0.84,0.9573770491803278,0.9864864864864864,0.9717138103161398,0.9678456591639872,0.9616613418530352,0.9647435897435898,0.0,0.0,0.0,0.9455782312925172,0.936026936026936,0.9407783417935704
momentum,0.01,42,4,9962.0,2487.0,70.0,4.0,0.000133518374235,0.2582927245215105,1.0,0.9585846401286692,0.8559392326535045,0.8505502414436444,0.8530761876745612,0.9584912675269884,6.248769998550415,0.9796610169491524,0.9763513513513512,0.9780033840947546,0.985207100591716,0.9881305637982196,0.9866666666666668,0.9584775086505192,0.9326599326599326,0.9453924914675768,0.945337620578778,0.9607843137254902,0.9529983792544572,0.9429530201342282,0.9623287671232876,0.952542372881356,0.88,0.8148148148148148,0.8461538461538461,0.9656357388316152,0.952542372881356,0.9590443686006824,0.9585987261146496,0.9616613418530352,0.9601275917065392,0.0,0.0,0.0,0.9435215946843852,0.9562289562289562,0.9498327759197324
momentum,0.01,7,0,9956.0,2493.0,70.0,3.0,0.0001352266053532,0.2782185306212825,1.0,0.9522663457681508,0.8506891565247351,0.8441481155318067,0.8472036126258524,0.9520837395358692,6.2686920166015625,0.9665551839464884,0.9763513513513512,0.9714285714285714,0.9707602339181286,0.9851632047477744,0.9779086892488954,0.9494949494949496,0.9463087248322148,0.9478991596638656,0.9501661129568106,0.9315960912052116,0.9407894736842104,0.9351535836177476,0.9383561643835616,0.9367521367521366,0.88,0.8,0.8380952380952381,0.9628378378378378,0.9628378378378378,0.9628378378378378,0.9561128526645768,0.9713375796178344,0.9636650868878358,0.0,0.0,0.0,0.9358108108108107,0.929530201342282,0.9326599326599329
momentum,0.01,7,1,9958.0,2491.0,70.0,2.0,0.0001368703300519,0.2163600949115502,1.0,0.9642713769570452,0.8674496707491179,0.8615247747067786,0.864231883148231,0.9641924775358972,6.310312271118164,0.9764309764309764,0.9797297297297296,0.9780775716694772,0.9765395894428152,0.9881305637982196,0.9823008849557522,0.9318181818181818,0.9630872483221476,0.9471947194719472,0.9758620689655172,0.9218241042345277,0.948073701842546,0.953020134228188,0.9726027397260274,0.9627118644067796,0.96,0.8888888888888888,0.923076923076923,0.976510067114094,0.983108108108108,0.9797979797979798,0.9648562300319488,0.9648562300319488,0.9648562300319488,0.0,0.0,0.0,0.9594594594594594,0.953020134228188,0.956228956228956
momentum,0.01,7,2,9960.0,2489.0,70.0,4.0,0.0001311975123872,0.3364858420916404,1.0,0.952591402169546,0.8453613744683357,0.8380326841007122,0.841332566207862,0.9522136503791524,6.362936019897461,0.97,0.983108108108108,0.976510067114094,0.9737609329446064,0.9910979228486648,0.9823529411764704,0.9498327759197324,0.953020134228188,0.95142378559464,0.9565217391304348,0.934640522875817,0.9454545454545454,0.9517241379310344,0.9452054794520548,0.9484536082474228,0.8125,0.7222222222222222,0.7647058823529411,0.960655737704918,0.9898648648648648,0.9750415973377704,0.93125,0.952076677316294,0.9415481832543444,0.0,0.0,0.0,0.9473684210526316,0.9090909090909092,0.9278350515463918
momentum,0.01,7,3,9960.0,2489.0,70.0,4.0,0.0001349489341178,0.2978685383316645,1.0,0.9541984732824428,0.8518527029742688,0.8440568149664655,0.8476268394248627,0.9540405084618258,6.331305980682373,0.9534883720930232,0.9695945945945946,0.9614740368509214,0.9793510324483776,0.9851632047477744,0.9822485207100592,0.94,0.9463087248322148,0.94314381270903,0.9475409836065574,0.9444444444444444,0.9459901800327332,0.958904109589041,0.958904109589041,0.958904109589041,0.875,0.7777777777777778,0.823529411764706,0.9662162162162162,0.9662162162162162,0.9662162162162162,0.9671052631578948,0.939297124600639,0.9529983792544572,0.0,0.0,0.0,0.930921052631579,0.9528619528619529,0.9417637271214642
momentum,0.01,7,4,9962.0,2487.0,70.0,3.0,0.000135056361731,0.3194579108800035,1.0,0.9525532770406112,0.8413702242587533,0.8486890757707121,0.8446455752116186,0.9528277498780866,6.276299953460693,0.9665551839464884,0.9763513513513512,0.9714285714285714,0.993939393939394,0.973293768545994,0.9835082458770612,0.933774834437086,0.9494949494949496,0.9415692821368948,0.9421221864951768,0.9575163398692812,0.9497568881685576,0.9646643109540636,0.934931506849315,0.9495652173913044,0.7540983606557377,0.8518518518518519,0.7999999999999999,0.9789473684210528,0.9457627118644067,0.9620689655172416,0.9435736677115988,0.9616613418530352,0.9525316455696204,0.0,0.0,0.0,0.936026936026936,0.936026936026936,0.936026936026936
momentum,0.01,13,0,9956.0,2493.0,70.0,2.0,0.0001338046510426,0.2995496646531498,1.0,0.9526674689129564,0.8478413243955156,0.8493751729676877,0.8485106639295777,0.9526158878046568,6.345329999923706,0.9565217391304348,0.9662162162162162,0.961344537815126,0.9849397590361446,0.9703264094955488,0.9775784753363228,0.9288025889967636,0.9630872483221476,0.945634266886326,0.9393939393939394,0.9087947882736156,0.9238410596026492,0.9498327759197324,0.9726027397260274,0.9610829103214892,0.8392857142857143,0.8545454545454545,0.8468468468468467,0.9798657718120806,0.9864864864864864,0.9831649831649832,0.9614147909967846,0.9522292993630572,0.9568,0.0,0.0,0.0,0.9383561643835616,0.9194630872483222,0.9288135593220338
momentum,0.01,13,1,9958.0,2491.0,70.0,3.0,0.0001376528712784,0.304030935717975,1.0,0.9562424729024488,0.8539592531195741,0.848730322618654,0.8511792207627155,0.9561330290596292,6.278445243835449,0.9638157894736842,0.9898648648648648,0.9766666666666668,0.9792284866468842,0.9792284866468842,0.9792284866468842,0.9655172413793104,0.9395973154362416,0.9523809523809524,0.954248366013072,0.9511400651465798,0.9526916802610114,0.9419795221843004,0.9452054794520548,0.9435897435897436,0.88,0.8148148148148148,0.8461538461538461,0.9595959595959596,0.9628378378378378,0.9612141652613828,0.9647435897435898,0.9616613418530352,0.9632,0.0,0.0,0.0,0.9304635761589404,0.9429530201342282,0.9366666666666668
momentum,0.01,13,2,9960.0,2489.0,70.0,6.0,0.0001354025049215,0.238420095793601,1.0,0.9554037766171152,0.8519879331980367,0.849398349228129,0.8505858917357241,0.9553193983772146,6.284985065460205,0.979591836734694,0.972972972972973,0.976271186440678,0.9940476190476192,0.9910979228486648,0.9925705794947994,0.9513888888888888,0.9194630872483222,0.9351535836177476,0.9566666666666668,0.937908496732026,0.9471947194719472,0.9366666666666666,0.9623287671232876,0.9493243243243245,0.8653846153846154,0.8333333333333334,0.8490566037735849,0.9504950495049505,0.972972972972973,0.9616026711185308,0.9529780564263324,0.9712460063897764,0.9620253164556962,0.0,0.0,0.0,0.9326599326599326,0.9326599326599326,0.9326599326599326
momentum,0.01,13,3,9960.0,2489.0,70.0,2.0,0.0001304781417277,0.3177128651841461,1.0,0.9493772599437524,0.8445965177539587,0.8384331698738329,0.8413041436299655,0.9492604362666018,6.298068046569824,0.9727891156462584,0.9662162162162162,0.9694915254237289,0.9850299401197604,0.9762611275964392,0.9806259314456036,0.9453924914675768,0.929530201342282,0.9373942470389172,0.9512987012987012,0.9575163398692812,0.9543973941368076,0.9155405405405406,0.928082191780822,0.9217687074829932,0.8367346938775511,0.7592592592592593,0.796116504854369,0.9632107023411371,0.972972972972973,0.9680672268907564,0.9523809523809524,0.9584664536741214,0.9554140127388536,0.0,0.0,0.0,0.9235880398671096,0.936026936026936,0.9297658862876254
momentum,0.01,13,4,9962.0,2487.0,70.0,2.0,0.0001314737488333,0.3233288251022837,1.0,0.9593888218737434,0.856671170026973,0.851173569449913,0.8537468676718903,0.959240128981905,6.213904142379761,0.9629629629629628,0.9662162162162162,0.9645868465430018,0.9738372093023256,0.9940652818991098,0.9838472834067548,0.962457337883959,0.9494949494949496,0.9559322033898304,0.9697986577181208,0.9444444444444444,0.956953642384106,0.952054794520548,0.952054794520548,0.952054794520548,0.88,0.8148148148148148,0.8461538461538461,0.9601328903654484,0.9796610169491524,0.9697986577181208,0.949685534591195,0.9648562300319488,0.9572107765451664,0.0,0.0,0.0,0.95578231292517,0.9461279461279462,0.9509306260575296
momentum,0.01,21,0,9956.0,2493.0,70.0,2.0,0.0001344996126883,0.2087041529821624,1.0,0.9626955475330926,0.8640660170001458,0.854323139629129,0.8587622094566154,0.962586451697618,6.4025139808654785,0.9668874172185432,0.9864864864864864,0.976588628762542,0.9792899408284024,0.9821958456973294,0.9807407407407408,0.972972972972973,0.9664429530201344,0.9696969696969696,0.9672131147540984,0.9609120521172638,0.9640522875816994,0.9328859060402684,0.952054794520548,0.9423728813559324,0.9375,0.8181818181818182,0.8737864077669902,0.976027397260274,0.9628378378378378,0.9693877551020408,0.9714285714285714,0.9745222929936306,0.9729729729729728,0.0,0.0,0.0,0.9364548494983278,0.9395973154362416,0.9380234505862648
momentum,0.01,21,1,9958.0,2491.0,70.0,3.0,0.0001377213667111,0.2519794542240726,1.0,0.9594540345242876,0.8540056959059783,0.8452018805373933,0.849198775072931,0.9591866406908643,6.110202789306641,0.9539473684210528,0.9797297297297296,0.9666666666666666,0.9822485207100592,0.9851632047477744,0.9837037037037036,0.9559322033898304,0.9463087248322148,0.951096121416526,0.9607843137254902,0.9576547231270358,0.9592169657422512,0.9488054607508531,0.952054794520548,0.9504273504273504,0.851063829787234,0.7407407407407407,0.7920792079207921,0.9696969696969696,0.972972972972973,0.9713322091062394,0.9682539682539684,0.97444089456869,0.9713375796178344,0.0,0.0,0.0,0.9493243243243245,0.9429530201342282,0.9461279461279462
momentum,0.01,21,2,9960.0,2489.0,70.0,3.0,0.0001329232789262,0.3269820403335008,1.0,0.9513860988348736,0.8474557962980824,0.8462031814074903,0.8468007794232241,0.9513490318120272,6.152415990829468,0.9601328903654484,0.9763513513513512,0.9681742043551088,0.9792284866468842,0.9792284866468842,0.9792284866468842,0.9429530201342282,0.9429530201342282,0.9429530201342282,0.9448051948051948,0.9509803921568628,0.9478827361563515,0.928813559322034,0.9383561643835616,0.9335604770017036,0.8490566037735849,0.8333333333333334,0.8411214953271028,0.9659863945578232,0.9594594594594594,0.9627118644067796,0.9551282051282052,0.952076677316294,0.9536,0.0,0.0,0.0,0.9484536082474226,0.9292929292929292,0.9387755102040816
momentum,0.01,21,3,9960.0,2489.0,70.0,3.0,0.000136991122146,0.2583737335111529,1.0,0.9626355966251506,0.8616393435216226,0.8601335827360854,0.8608132244996769,0.962607122973557,6.163588285446167,0.9700996677740864,0.9864864864864864,0.9782244556113904,0.976401179941003,0.9821958456973294,0.9792899408284024,0.9385113268608414,0.9731543624161074,0.9555189456342668,0.9534883720930232,0.937908496732026,0.945634266886326,0.968421052631579,0.9452054794520548,0.9566724436741768,0.9056603773584906,0.8888888888888888,0.897196261682243,0.9863013698630136,0.972972972972973,0.979591836734694,0.9678456591639872,0.9616613418530352,0.9647435897435898,0.0,0.0,0.0,0.9496644295302014,0.9528619528619529,0.9512605042016806
momentum,0.01,21,4,9962.0,2487.0,70.0,3.0,0.0001390563440086,0.2413787131922581,1.0,0.9573783675110576,0.8480882594254521,0.8480695315576503,0.848058600811094,0.957343335480869,6.32887601852417,0.9731543624161074,0.9797297297297296,0.9764309764309764,0.9823008849557522,0.9881305637982196,0.985207100591716,0.9523809523809524,0.9427609427609428,0.9475465313028766,0.9448051948051948,0.9509803921568628,0.9478827361563515,0.9461279461279462,0.9623287671232876,0.9541595925297114,0.7962962962962963,0.7962962962962963,0.7962962962962963,0.9761904761904762,0.9728813559322034,0.9745331069609506,0.9678456591639872,0.9616613418530352,0.9647435897435898,0.0,0.0,0.0,0.9417808219178082,0.925925925925926,0.933786078098472
momentum,0.01,99,0,9956.0,2493.0,70.0,1.0,0.0001333481743287,0.257019724012276,1.0,0.9626955475330926,0.8659583600510583,0.8556715509672482,0.860304493432564,0.9624899892563692,6.203789234161377,0.9767441860465116,0.9932432432432432,0.984924623115578,0.976401179941003,0.9821958456973294,0.9792899408284024,0.9828178694158076,0.959731543624161,0.9711375212224108,0.946372239747634,0.977198697068404,0.9615384615384616,0.9537366548042704,0.9178082191780822,0.9354275741710296,0.9583333333333334,0.8363636363636363,0.8932038834951457,0.9732441471571908,0.983108108108108,0.9781512605042018,0.9595015576323987,0.9808917197452228,0.9700787401574804,0.0,0.0,0.0,0.9324324324324323,0.9261744966442952,0.9292929292929292
momentum,0.01,99,1,9958.0,2491.0,70.0,2.0,0.0001352667478735,0.3097799005836151,1.0,0.9598554797270172,0.8581244873031743,0.8472784002770866,0.8520770948115637,0.9596303633233751,6.124238967895508,0.9767441860465116,0.9932432432432432,0.984924623115578,0.982089552238806,0.9762611275964392,0.9791666666666664,0.9315960912052116,0.959731543624161,0.9454545454545455,0.9539473684210528,0.9446254071661238,0.9492635024549918,0.9591836734693876,0.9657534246575342,0.962457337883959,0.8913043478260869,0.7592592592592593,0.8200000000000001,0.976271186440678,0.972972972972973,0.9746192893401016,0.9380804953560372,0.9680511182108626,0.9528301886792452,0.0,0.0,0.0,0.972027972027972,0.9328859060402684,0.952054794520548
momentum,0.01,99,2,9960.0,2489.0,70.0,2.0,0.00013409252132,0.2757744877277161,1.0,0.956609079951788,0.8557505644236116,0.8474827854191942,0.851191973534732,0.95643326670536,6.1235668659210205,0.9661016949152542,0.9628378378378378,0.964467005076142,0.9792899408284024,0.9821958456973294,0.9807407407407408,0.9649122807017544,0.9228187919463088,0.9433962264150942,0.9633333333333334,0.9444444444444444,0.9537953795379538,0.9620689655172414,0.9554794520547946,0.958762886597938,0.8958333333333334,0.7962962962962963,0.8431372549019608,0.9387096774193548,0.983108108108108,0.9603960396039604,0.9528301886792452,0.9680511182108626,0.960380348652932,0.0,0.0,0.0,0.9344262295081968,0.9595959595959596,0.946843853820598
momentum,0.01,99,3,9960.0,2489.0,70.0,3.0,0.0001404259035384,0.2177249195538227,1.0,0.9642426677380476,0.8634425963986441,0.8673833521585962,0.8652893458307828,0.9642483706566952,6.222066879272461,0.9728813559322034,0.9695945945945946,0.9712351945854484,0.9824046920821116,0.9940652818991098,0.9882005899705014,0.958904109589041,0.9395973154362416,0.9491525423728814,0.9733333333333334,0.954248366013072,0.9636963696369638,0.9403973509933776,0.9726027397260274,0.9562289562289562,0.912280701754386,0.9629629629629628,0.9369369369369368,0.9863013698630136,0.972972972972973,0.979591836734694,0.9585987261146496,0.9616613418530352,0.9601275917065392,0.0,0.0,0.0,0.9493243243243245,0.9461279461279462,0.9477234401349072
momentum,0.01,99,4,9962.0,2487.0,70.0,3.0,0.0001295583204104,0.286825445045701,1.0,0.950140731805388,0.8422299051228782,0.8481078671765607,0.8449723646082029,0.950234106140788,6.177189111709595,0.9534883720930232,0.9695945945945946,0.9614740368509214,0.9881656804733728,0.9910979228486648,0.9896296296296296,0.9362416107382552,0.9393939393939394,0.9378151260504204,0.9466666666666668,0.9281045751633988,0.9372937293729374,0.9411764705882352,0.9315068493150684,0.93631669535284,0.7966101694915254,0.8703703703703703,0.8318584070796461,0.9595959595959596,0.9661016949152542,0.962837837837838,0.9705882352941176,0.9488817891373802,0.9596122778675282,0.0,0.0,0.0,0.9297658862876256,0.936026936026936,0.9328859060402684
adam,0.0001,42,0,9956.0,2493.0,70.0,14.0,7.1036061711776005e-06,0.331617297616022,1.0,0.9630966706778982,0.8556832199928189,0.8592134554606847,0.8572479853910309,0.96308476420776,10.326897859573364,0.9764309764309764,0.9797297297297296,0.9780775716694772,0.985207100591716,0.9881305637982196,0.9866666666666668,0.9361022364217252,0.9832214765100672,0.9590834697217676,0.9689655172413794,0.9153094462540716,0.9413735343383584,0.95578231292517,0.9623287671232876,0.9590443686006824,0.8275862068965517,0.8727272727272727,0.8495575221238938,0.9864406779661016,0.983108108108108,0.9847715736040608,0.9713375796178344,0.9713375796178344,0.9713375796178344,0.0,0.0,0.0,0.9489795918367347,0.9362416107382552,0.9425675675675677
adam,0.0001,42,1,9958.0,2491.0,70.0,13.0,1.5011689176204283e-05,0.3995992626735785,1.0,0.9542352468887996,0.8436121342144333,0.8500001883462562,0.8465390378325262,0.9543931015357524,10.29538893699646,0.9663299663299664,0.9695945945945946,0.9679595278246208,0.973529411764706,0.9821958456973294,0.9778434268833088,0.9533333333333334,0.959731543624161,0.9565217391304348,0.9633333333333334,0.9413680781758956,0.9522240527182866,0.951219512195122,0.934931506849315,0.9430051813471502,0.7666666666666667,0.8518518518518519,0.8070175438596491,0.972318339100346,0.9493243243243245,0.9606837606837608,0.9558359621451104,0.9680511182108626,0.961904761904762,0.0,0.0,0.0,0.9335548172757476,0.9429530201342282,0.9382303839732888
adam,0.0001,42,2,9960.0,2489.0,70.0,18.0,7.226199226694632e-06,0.28982412580569,1.0,0.9558055443953396,0.8516457353747647,0.8453871597208927,0.8482635561126676,0.95564702311947,10.121891021728516,0.9731543624161074,0.9797297297297296,0.9764309764309764,0.985207100591716,0.9881305637982196,0.9866666666666668,0.9504950495049505,0.9664429530201344,0.9584026622296172,0.9638157894736842,0.9575163398692812,0.960655737704918,0.9453924914675768,0.9486301369863014,0.947008547008547,0.8571428571428571,0.7777777777777778,0.8155339805825242,0.9594594594594594,0.9594594594594594,0.9594594594594594,0.956953642384106,0.9233226837060704,0.9398373983739836,0.0,0.0,0.0,0.9248366013071896,0.9528619528619529,0.9386401326699836
adam,0.0001,42,3,9960.0,2489.0,70.0,15.0,5.790838017189999e-06,0.3054506012250277,1.0,0.9606267577340296,0.8619592548810401,0.8476650363108627,0.8538551815348532,0.960332288203823,10.16284203529358,0.9572368421052632,0.983108108108108,0.97,0.9852507374631267,0.9910979228486648,0.9881656804733728,0.9518900343642612,0.929530201342282,0.9405772495755518,0.9333333333333332,0.9607843137254902,0.9468599033816426,0.9756944444444444,0.9623287671232876,0.9689655172413792,0.9318181818181818,0.7592592592592593,0.836734693877551,0.9602649006622516,0.9797297297297296,0.9698996655518396,0.961904761904762,0.9680511182108626,0.964968152866242,0.0,0.0,0.0,0.9621993127147768,0.9427609427609428,0.9523809523809524
adam,0.0001,42,4,9962.0,2487.0,70.0,18.0,7.270173058680186e-06,0.2742122996965169,1.0,0.958182549256132,0.8577477163301204,0.8548813862194367,0.8562290976641986,0.9581919847224364,10.278046131134031,0.9829931972789115,0.9763513513513512,0.9796610169491526,0.9851632047477744,0.9851632047477744,0.9851632047477744,0.9584775086505192,0.9326599326599326,0.9453924914675768,0.9356913183279744,0.9509803921568628,0.9432739059967584,0.9302325581395348,0.958904109589041,0.9443507588532885,0.903846153846154,0.8703703703703703,0.8867924528301887,0.9759450171821306,0.9627118644067796,0.969283276450512,0.9551282051282052,0.952076677316294,0.9536,0.0,0.0,0.0,0.95,0.9595959595959596,0.9547738693467336
adam,0.0001,7,0,9956.0,2493.0,70.0,16.0,1.4764809757946138e-05,0.2987562835596028,1.0,0.9538708383473726,0.844757494033584,0.8453569537852813,0.8449570188425541,0.9538192185792816,10.318608283996582,0.9632107023411371,0.972972972972973,0.9680672268907564,0.9653179190751444,0.9910979228486648,0.9780380673499268,0.9401993355481728,0.9496644295302014,0.9449081803005008,0.9444444444444444,0.9413680781758956,0.9429037520391516,0.951219512195122,0.934931506849315,0.9430051813471502,0.7857142857142857,0.8,0.7927927927927927,0.9693877551020408,0.9628378378378378,0.9661016949152542,0.95625,0.9745222929936306,0.9652996845425869,0.0,0.0,0.0,0.971830985915493,0.9261744966442952,0.9484536082474226
adam,0.0001,7,1,9958.0,2491.0,70.0,20.0,6.388808644864858e-06,0.2261410877832076,1.0,0.9622641509433962,0.86567779598243,0.859926590876286,0.86262812739116,0.9622118612800408,10.40225625038147,0.976510067114094,0.983108108108108,0.9797979797979798,0.976401179941003,0.9821958456973294,0.9792899408284024,0.9466666666666668,0.953020134228188,0.9498327759197324,0.9566666666666668,0.9348534201954396,0.9456342668863262,0.9433333333333334,0.9691780821917808,0.9560810810810813,0.96,0.8888888888888888,0.923076923076923,0.9797297297297296,0.9797297297297296,0.9797297297297298,0.9676375404530744,0.9552715654952076,0.9614147909967844,0.0,0.0,0.0,0.9498327759197324,0.953020134228188,0.95142378559464
adam,0.0001,7,2,9960.0,2489.0,70.0,17.0,5.65312833559216e-06,0.3881287843283965,1.0,0.94817195660908,0.8430567807083434,0.8343558987851527,0.8382138327441238,0.9478029156829472,10.483890056610107,0.956810631229236,0.972972972972973,0.9648241206030151,0.9824046920821116,0.9940652818991098,0.9882005899705014,0.9658703071672357,0.9496644295302014,0.957698815566836,0.9498327759197324,0.9281045751633988,0.9388429752066116,0.9324324324324323,0.9452054794520548,0.9387755102040816,0.8297872340425532,0.7222222222222222,0.7722772277227723,0.9448051948051948,0.983108108108108,0.9635761589403974,0.9247648902821316,0.9424920127795527,0.9335443037974684,0.0,0.0,0.0,0.9438596491228072,0.9057239057239056,0.9243986254295532
adam,0.0001,7,3,9960.0,2489.0,70.0,15.0,6.661459443948958e-06,0.3269601250152221,1.0,0.9578143832864604,0.857145353737161,0.8516940744745515,0.8541862943196709,0.9577686613498716,10.189425230026243,0.9539473684210528,0.9797297297297296,0.9666666666666666,0.9792284866468842,0.9792284866468842,0.9792284866468842,0.94,0.9463087248322148,0.94314381270903,0.9633333333333334,0.9444444444444444,0.9537953795379538,0.9721254355400696,0.9554794520547946,0.9637305699481864,0.9,0.8333333333333334,0.8653846153846153,0.9695945945945946,0.9695945945945946,0.9695945945945946,0.9703947368421052,0.9424920127795527,0.9562398703403568,0.0,0.0,0.0,0.9228295819935692,0.9663299663299664,0.944078947368421
adam,0.0001,7,4,9962.0,2487.0,70.0,16.0,7.844164898765354e-06,0.3281661857664492,1.0,0.9557700040209088,0.848241279790539,0.8528696704516765,0.8504096764017127,0.9559310504549527,10.291422843933104,0.9794520547945206,0.9662162162162162,0.9727891156462584,0.9879518072289156,0.973293768545994,0.9805680119581464,0.924342105263158,0.9461279461279462,0.935108153078203,0.9545454545454546,0.9607843137254902,0.9576547231270358,0.9616724738675958,0.9452054794520548,0.9533678756476685,0.8103448275862069,0.8703703703703703,0.8392857142857144,0.9621993127147768,0.9491525423728814,0.955631399317406,0.961904761904762,0.9680511182108626,0.964968152866242,0.0,0.0,0.0,0.94,0.9494949494949496,0.9447236180904524
adam,0.0001,13,0,9956.0,2493.0,70.0,15.0,7.345393018562848e-06,0.3741104312887904,1.0,0.9522663457681508,0.8479331402885398,0.8444508956800856,0.8460233907472556,0.9520733258793674,10.219528913497925,0.956953642384106,0.9763513513513512,0.9665551839464884,0.9792899408284024,0.9821958456973294,0.9807407407407408,0.931372549019608,0.9563758389261744,0.9437086092715232,0.9391891891891893,0.9055374592833876,0.922056384742952,0.9437086092715232,0.976027397260274,0.9595959595959596,0.8461538461538461,0.8,0.8224299065420562,0.972972972972973,0.972972972972973,0.972972972972973,0.9614147909967846,0.9522292993630572,0.9568,0.0,0.0,0.0,0.9482758620689656,0.9228187919463088,0.935374149659864
adam,0.0001,13,1,9958.0,2491.0,70.0,16.0,5.992386307907498e-06,0.3372067403422848,1.0,0.9554395824969892,0.8483440187012328,0.8495813713520258,0.8489241360447973,0.9554460870242736,10.133061170578005,0.9735099337748344,0.9932432432432432,0.983277591973244,0.9850746268656716,0.9792284866468842,0.982142857142857,0.953020134228188,0.953020134228188,0.953020134228188,0.9602649006622516,0.9446254071661238,0.9523809523809524,0.9444444444444444,0.9315068493150684,0.9379310344827586,0.8181818181818182,0.8333333333333334,0.8256880733944955,0.9658703071672357,0.956081081081081,0.9609507640067912,0.9523809523809524,0.9584664536741214,0.9554140127388536,0.0,0.0,0.0,0.9306930693069309,0.9463087248322148,0.9384359400998336
adam,0.0001,13,2,9960.0,2489.0,70.0,22.0,7.796986449837958e-06,0.273175645670055,1.0,0.957010847730012,0.8520537141274682,0.8508244323183363,0.851355122485319,0.9569629232688276,10.336068868637083,0.9794520547945206,0.9662162162162162,0.9727891156462584,0.991044776119403,0.9851632047477744,0.988095238095238,0.9547038327526132,0.9194630872483222,0.9367521367521368,0.9504950495049505,0.9411764705882352,0.9458128078817734,0.9433333333333334,0.9691780821917808,0.9560810810810813,0.8490566037735849,0.8333333333333334,0.8411214953271028,0.9504950495049505,0.972972972972973,0.9616026711185308,0.9650793650793652,0.9712460063897764,0.9681528662420382,0.0,0.0,0.0,0.9368770764119602,0.9494949494949496,0.94314381270903
adam,0.0001,13,3,9960.0,2489.0,70.0,17.0,6.059461951069217e-06,0.3439272499223391,1.0,0.9509843310566491,0.8480749737833465,0.8427571550213907,0.8452565557029834,0.9509213550985492,10.084346771240234,0.9758620689655172,0.956081081081081,0.9658703071672354,0.9851190476190476,0.9821958456973294,0.9836552748885588,0.955631399317406,0.9395973154362416,0.9475465313028764,0.9448051948051948,0.9509803921568628,0.9478827361563515,0.9254237288135592,0.934931506849315,0.93015332197615,0.86,0.7962962962962963,0.826923076923077,0.9731543624161074,0.9797297297297296,0.9764309764309764,0.9345794392523364,0.9584664536741214,0.946372239747634,0.0,0.0,0.0,0.9261744966442952,0.9292929292929292,0.9277310924369748
adam,0.0001,13,4,9962.0,2487.0,70.0,12.0,5.599260333560388e-06,0.3800718350755269,1.0,0.9569762766385204,0.8536058855953085,0.85071218988632,0.8520780320030701,0.9568418871793284,10.100421905517578,0.9693877551020408,0.9628378378378378,0.9661016949152542,0.968299711815562,0.9970326409495548,0.9824561403508772,0.9591836734693876,0.9494949494949496,0.9543147208121828,0.9537953795379538,0.9444444444444444,0.949096880131363,0.958041958041958,0.9383561643835616,0.9480968858131488,0.8653846153846154,0.8333333333333334,0.8490566037735849,0.9635761589403974,0.9864406779661016,0.9748743718592964,0.9456869009584664,0.9456869009584664,0.9456869009584664,0.0,0.0,0.0,0.9527027027027029,0.9494949494949496,0.951096121416526
adam,0.0001,21,0,9956.0,2493.0,70.0,20.0,6.524478168361496e-06,0.2512352373032134,1.0,0.9622944243882872,0.8653079484937874,0.8510686496658172,0.8573100774096736,0.9620977869036562,10.297770261764526,0.976510067114094,0.983108108108108,0.9797979797979798,0.9792899408284024,0.9821958456973294,0.9807407407407408,0.9698996655518396,0.9731543624161074,0.9715242881072028,0.9576547231270358,0.9576547231270358,0.9576547231270358,0.9391891891891893,0.952054794520548,0.9455782312925172,0.9555555555555556,0.7818181818181819,0.86,0.9761904761904762,0.9695945945945946,0.9728813559322034,0.9589905362776026,0.9681528662420382,0.9635499207606972,0.0,0.0,0.0,0.939799331103679,0.9429530201342282,0.9413735343383584
adam,0.0001,21,1,9958.0,2491.0,70.0,15.0,7.28538203043027e-06,0.3207243397108969,1.0,0.9570453633079083,0.8528446545818831,0.846226571056708,0.8492832297936868,0.9568788145566576,10.10878300666809,0.9475409836065574,0.9763513513513512,0.9617304492512478,0.9736842105263158,0.9881305637982196,0.9808541973490428,0.9489795918367347,0.9362416107382552,0.9425675675675677,0.979933110367893,0.9543973941368078,0.9669966996699668,0.9584775086505192,0.9486301369863014,0.953528399311532,0.8571428571428571,0.7777777777777778,0.8155339805825242,0.9694915254237289,0.9662162162162162,0.9678510998307952,0.9467084639498432,0.9648562300319488,0.9556962025316456,0.0,0.0,0.0,0.9464882943143812,0.9496644295302014,0.948073701842546
adam,0.0001,21,2,9960.0,2489.0,70.0,16.0,6.509570209126423e-06,0.3911587429367679,1.0,0.94817195660908,0.8439572469233099,0.8390493475600351,0.8413403123557044,0.9480522546700908,10.127965927124023,0.959866220735786,0.9695945945945946,0.9647058823529412,0.9763313609467456,0.9792284866468842,0.9777777777777776,0.9488054607508531,0.9328859060402684,0.9407783417935702,0.9537953795379538,0.9444444444444444,0.949096880131363,0.92,0.9452054794520548,0.9324324324324323,0.84,0.7777777777777778,0.8076923076923077,0.9437086092715232,0.9628378378378378,0.9531772575250836,0.9546925566343042,0.9424920127795527,0.9485530546623794,0.0,0.0,0.0,0.9423728813559322,0.936026936026936,0.9391891891891893
adam,0.0001,21,3,9960.0,2489.0,70.0,19.0,6.143093751066696e-06,0.2903904131726836,1.0,0.9598232221775812,0.8603763890805272,0.854740252842473,0.8574026688520979,0.9597612825730356,10.361776113510132,0.976271186440678,0.972972972972973,0.9746192893401016,0.9792899408284024,0.9821958456973294,0.9807407407407408,0.9344262295081968,0.9563758389261744,0.945273631840796,0.9501661129568106,0.934640522875817,0.942339373970346,0.9554794520547946,0.9554794520547946,0.9554794520547946,0.92,0.8518518518518519,0.8846153846153846,0.972972972972973,0.972972972972973,0.972972972972973,0.9558359621451104,0.9680511182108626,0.961904761904762,0.0,0.0,0.0,0.9593220338983052,0.9528619528619529,0.956081081081081
adam,0.0001,21,4,9962.0,2487.0,70.0,18.0,8.132426220645213e-06,0.2637485113257416,1.0,0.964616003216727,0.8557808452732619,0.8509361640910071,0.8532024128054296,0.964446054286785,10.509675979614258,0.9700996677740864,0.9864864864864864,0.9782244556113904,0.9910979228486648,0.9910979228486648,0.9910979228486648,0.9724137931034482,0.9494949494949496,0.960817717206133,0.9580645161290322,0.9705882352941176,0.9642857142857142,0.9461279461279462,0.9623287671232876,0.9541595925297114,0.82,0.7592592592592593,0.7884615384615384,0.976271186440678,0.976271186440678,0.976271186440678,0.9682539682539684,0.97444089456869,0.9713375796178344,0.0,0.0,0.0,0.9554794520547946,0.9393939393939394,0.9473684210526316
adam,0.0001,99,0,9956.0,2493.0,70.0,14.0,7.05573233523699e-06,0.2960921072236848,1.0,0.9626955475330926,0.8598547681838085,0.8555673385708179,0.8575692267644499,0.9625440872746144,10.241485118865969,0.9765886287625418,0.9864864864864864,0.9815126050420168,0.9766081871345028,0.9910979228486648,0.98379970544919,0.9661016949152542,0.9563758389261744,0.9612141652613828,0.9522292993630572,0.973941368078176,0.9629629629629628,0.9642857142857144,0.9246575342465754,0.9440559440559442,0.8846153846153846,0.8363636363636363,0.8598130841121494,0.979591836734694,0.972972972972973,0.976271186440678,0.9625,0.9808917197452228,0.9716088328075708,0.0,0.0,0.0,0.936026936026936,0.9328859060402684,0.934453781512605
adam,0.0001,99,1,9958.0,2491.0,70.0,16.0,7.376758314894285e-06,0.3611968991550784,1.0,0.9590525893215576,0.8610347957542492,0.8481123347225245,0.8537923972612498,0.9588931794123254,10.1125750541687,0.979933110367893,0.9898648648648648,0.984873949579832,0.9821428571428572,0.9792284866468842,0.9806835066864784,0.9248366013071896,0.9496644295302014,0.9370860927152318,0.9666666666666668,0.9446254071661238,0.9555189456342668,0.962457337883959,0.9657534246575342,0.964102564102564,0.9333333333333332,0.7777777777777778,0.8484848484848485,0.9663299663299664,0.9695945945945946,0.9679595278246208,0.9290123456790124,0.9616613418530352,0.9450549450549453,0.0,0.0,0.0,0.9656357388316152,0.9429530201342282,0.9541595925297114
adam,0.0001,99,2,9960.0,2489.0,70.0,16.0,7.146808774330834e-06,0.3475075312597788,1.0,0.9537967055042186,0.8541212721981575,0.8391239696772196,0.8454835249297741,0.9533977032804476,10.111819982528688,0.956953642384106,0.9763513513513512,0.9665551839464884,0.9880597014925372,0.9821958456973294,0.9851190476190476,0.9450171821305842,0.9228187919463088,0.933786078098472,0.953020134228188,0.9281045751633988,0.9403973509933774,0.958904109589041,0.958904109589041,0.958904109589041,0.9069767441860463,0.7222222222222222,0.8041237113402061,0.9477124183006536,0.9797297297297296,0.9634551495016612,0.9380804953560372,0.9680511182108626,0.9528301886792452,0.0,0.0,0.0,0.9464882943143812,0.9528619528619529,0.9496644295302014
adam,0.0001,99,3,9960.0,2489.0,70.0,18.0,6.018422664127066e-06,0.2431104346730661,1.0,0.96544797107272,0.8628159254247365,0.8653631730411018,0.8640118588930651,0.965442896333506,10.250294923782349,0.9666666666666668,0.9797297297297296,0.9731543624161074,0.9824046920821116,0.9940652818991098,0.9882005899705014,0.9658703071672357,0.9496644295302014,0.957698815566836,0.9700996677740864,0.954248366013072,0.9621087314662274,0.9466666666666668,0.9726027397260274,0.9594594594594594,0.8928571428571429,0.925925925925926,0.9090909090909092,0.9863013698630136,0.972972972972973,0.979591836734694,0.9616613418530352,0.9616613418530352,0.9616613418530352,0.0,0.0,0.0,0.955631399317406,0.9427609427609428,0.9491525423728814
adam,0.0001,99,4,9962.0,2487.0,70.0,16.0,5.594190025639265e-06,0.3234290633355865,1.0,0.9517490952955368,0.8454840011484326,0.8479798449693371,0.8466728765146374,0.9517684413865728,10.5525221824646,0.96,0.972972972972973,0.9664429530201344,0.9852507374631267,0.9910979228486648,0.9881656804733728,0.9496644295302014,0.9528619528619529,0.9512605042016806,0.9435215946843852,0.9281045751633988,0.9357495881383856,0.9326599326599326,0.9486301369863014,0.9405772495755518,0.8214285714285714,0.8518518518518519,0.8363636363636364,0.9591836734693876,0.9559322033898304,0.9575551782682512,0.9673202614379084,0.9456869009584664,0.9563812600969304,0.0,0.0,0.0,0.9358108108108107,0.9326599326599326,0.9342327150084316
adam,0.0005,42,0,9956.0,2493.0,70.0,4.0,2.9938853972822313e-08,0.3857124747528488,1.0,0.9634977938227036,0.8559384916100692,0.8594814551367499,0.8575401864763696,0.9634842585655008,10.41761302947998,0.9667774086378738,0.983108108108108,0.9748743718592964,0.9823008849557522,0.9881305637982196,0.985207100591716,0.9543973941368078,0.9832214765100672,0.968595041322314,0.9691780821917808,0.9218241042345277,0.9449081803005008,0.9427609427609428,0.958904109589041,0.9507640067911716,0.8275862068965517,0.8727272727272727,0.8495575221238938,0.9828767123287672,0.9695945945945946,0.9761904761904762,0.9746031746031746,0.9777070063694268,0.9761526232114468,0.0,0.0,0.0,0.958904109589041,0.9395973154362416,0.9491525423728814
adam,0.0005,42,1,9958.0,2491.0,70.0,3.0,2.6576159146889142e-08,0.4629740414692463,1.0,0.9602569249297472,0.8538979100120135,0.8549981380309758,0.854423283449308,0.960259102768894,10.140495777130129,0.9697986577181208,0.9763513513513512,0.9730639730639732,0.9792899408284024,0.9821958456973294,0.9807407407407408,0.9629629629629628,0.959731543624161,0.961344537815126,0.9671052631578948,0.9576547231270358,0.962356792144026,0.9548611111111112,0.9417808219178082,0.9482758620689656,0.8363636363636363,0.8518518518518519,0.8440366972477065,0.9694915254237289,0.9662162162162162,0.9678510998307952,0.9529780564263324,0.9712460063897764,0.9620253164556962,0.0,0.0,0.0,0.9461279461279462,0.9429530201342282,0.9445378151260504
adam,0.0005,42,2,9960.0,2489.0,70.0,6.0,2.8759619551095628e-08,0.3602718176143372,1.0,0.9574126155082362,0.8511510023107272,0.8512395457259725,0.8511608809110587,0.9574403722111164,10.290043115615845,0.9763513513513512,0.9763513513513512,0.9763513513513512,0.9910714285714286,0.9881305637982196,0.9895988112927192,0.9471947194719472,0.9630872483221476,0.9550748752079866,0.9732441471571908,0.9509803921568628,0.9619834710743802,0.9391891891891893,0.952054794520548,0.9455782312925172,0.8333333333333334,0.8333333333333334,0.8333333333333334,0.9695945945945946,0.9695945945945946,0.9695945945945946,0.9512987012987012,0.9361022364217252,0.9436392914653784,0.0,0.0,0.0,0.9302325581395348,0.9427609427609428,0.9364548494983278
adam,0.0005,42,3,9960.0,2489.0,70.0,4.0,2.462960404440932e-08,0.3784416343630716,1.0,0.9602249899558056,0.8618249707415743,0.8503570897566531,0.8554554234859081,0.9600175349340068,10.259379863739014,0.9572368421052632,0.983108108108108,0.97,0.9910979228486648,0.9910979228486648,0.9910979228486648,0.9550173010380624,0.9261744966442952,0.9403747870528107,0.9367088607594936,0.9673202614379084,0.9517684887459807,0.972027972027972,0.952054794520548,0.9619377162629758,0.9347826086956522,0.7962962962962963,0.8599999999999999,0.9634551495016612,0.9797297297297296,0.9715242881072026,0.9585987261146496,0.9616613418530352,0.9601275917065392,0.0,0.0,0.0,0.9493243243243245,0.9461279461279462,0.9477234401349072
adam,0.0005,42,4,9962.0,2487.0,70.0,5.0,2.1988890282470945e-07,0.2906160487438952,1.0,0.9613992762364294,0.86181824652103,0.8559515487656002,0.858656874983194,0.9613556789085032,10.176517009735107,0.9863013698630136,0.972972972972973,0.979591836734694,0.9823008849557522,0.9881305637982196,0.985207100591716,0.9649122807017544,0.925925925925926,0.9450171821305842,0.9305993690851736,0.9640522875816994,0.9470304975922952,0.9491525423728814,0.958904109589041,0.9540034071550256,0.92,0.8518518518518519,0.8846153846153846,0.9761904761904762,0.9728813559322034,0.9745331069609506,0.967741935483871,0.9584664536741214,0.9630818619582664,0.0,0.0,0.0,0.940983606557377,0.9663299663299664,0.9534883720930232
adam,0.0005,7,0,9956.0,2493.0,70.0,3.0,2.2318384738443855e-05,0.3190176499878129,1.0,0.954271961492178,0.8528260518154136,0.8382835797104017,0.8445335573756326,0.9538405429815048,10.305262804031372,0.9566666666666668,0.9695945945945946,0.9630872483221476,0.9708454810495628,0.9881305637982196,0.9794117647058824,0.9429530201342282,0.9429530201342282,0.9429530201342282,0.9512987012987012,0.9543973941368078,0.9528455284552846,0.9547038327526132,0.9383561643835616,0.9464594127806564,0.8863636363636364,0.7090909090909091,0.7878787878787878,0.9563758389261744,0.9628378378378378,0.9595959595959596,0.9532710280373832,0.9745222929936306,0.9637795275590552,0.0,0.0,0.0,0.95578231292517,0.9429530201342282,0.9493243243243245
adam,0.0005,7,1,9958.0,2491.0,70.0,6.0,2.8343486725619053e-08,0.2718077377876976,1.0,0.9634684865515856,0.8683820068990038,0.8609181618802086,0.8643816890262597,0.963410191602956,10.217016220092772,0.9831649831649832,0.9864864864864864,0.984822934232715,0.9706744868035192,0.9821958456973294,0.9764011799410032,0.952542372881356,0.9429530201342282,0.9477234401349074,0.9633333333333334,0.9413680781758956,0.9522240527182866,0.9401993355481728,0.9691780821917808,0.954468802698145,0.979591836734694,0.8888888888888888,0.9320388349514565,0.976510067114094,0.983108108108108,0.9797979797979798,0.9676375404530744,0.9552715654952076,0.9614147909967844,0.0,0.0,0.0,0.9501661129568106,0.959731543624161,0.9549248747913188
adam,0.0005,7,2,9960.0,2489.0,70.0,4.0,2.7546447439343543e-08,0.452534437329974,1.0,0.952591402169546,0.8485789820098549,0.8395120259728344,0.8435544962466706,0.952282554156129,10.168391227722168,0.9664429530201344,0.972972972972973,0.9696969696969696,0.9823529411764704,0.9910979228486648,0.9867060561299852,0.956081081081081,0.9496644295302014,0.9528619528619529,0.96,0.9411764705882352,0.9504950495049505,0.9453924914675768,0.9486301369863014,0.947008547008547,0.851063829787234,0.7407407407407407,0.7920792079207921,0.9478827361563518,0.983108108108108,0.965174129353234,0.9256965944272446,0.9552715654952076,0.940251572327044,0.0,0.0,0.0,0.950877192982456,0.9124579124579124,0.9312714776632302
adam,0.0005,7,3,9960.0,2489.0,70.0,4.0,2.8301632719455852e-08,0.3850534470163215,1.0,0.9618320610687024,0.8634303648662212,0.854941239972038,0.8588219260023008,0.9617452185677384,10.148229122161863,0.9602649006622516,0.9797297297297296,0.9698996655518396,0.9793510324483776,0.9851632047477744,0.9822485207100592,0.9407894736842104,0.959731543624161,0.9501661129568106,0.9636963696369636,0.954248366013072,0.9589490968801314,0.9623287671232876,0.9623287671232876,0.9623287671232876,0.9375,0.8333333333333334,0.8823529411764706,0.9728813559322034,0.9695945945945946,0.9712351945854484,0.976897689768977,0.9456869009584664,0.961038961038961,0.0,0.0,0.0,0.9405940594059404,0.9595959595959596,0.95
adam,0.0005,7,4,9962.0,2487.0,70.0,4.0,2.8150125254736653e-08,0.382661201392173,1.0,0.9585846401286692,0.8497669376111642,0.8566666725579157,0.852948057709592,0.9587615090980118,10.102611064910889,0.9727891156462584,0.9662162162162162,0.9694915254237289,0.990990990990991,0.9792284866468842,0.9850746268656716,0.9366666666666666,0.9461279461279462,0.9413735343383584,0.954248366013072,0.954248366013072,0.954248366013072,0.965034965034965,0.9452054794520548,0.9550173010380624,0.8,0.8888888888888888,0.8421052631578948,0.9689655172413794,0.952542372881356,0.9606837606837608,0.9650793650793652,0.9712460063897764,0.9681528662420382,0.0,0.0,0.0,0.943894389438944,0.9629629629629628,0.9533333333333334
adam,0.0005,13,0,9956.0,2493.0,70.0,4.0,1.4057355342218977e-07,0.3794310379366935,1.0,0.958684316085038,0.8538063821513845,0.8527016526982573,0.8531603806118161,0.9586325617375554,10.292704820632936,0.9632107023411371,0.972972972972973,0.9680672268907564,0.9850746268656716,0.9792284866468842,0.982142857142857,0.935064935064935,0.9664429530201344,0.9504950495049505,0.9531772575250836,0.9283387622149836,0.9405940594059404,0.946843853820598,0.976027397260274,0.9612141652613828,0.8518518518518519,0.8363636363636363,0.8440366972477065,0.976271186440678,0.972972972972973,0.9746192893401016,0.967948717948718,0.961783439490446,0.9648562300319488,0.0,0.0,0.0,0.9586206896551724,0.9328859060402684,0.9455782312925172
adam,0.0005,13,1,9958.0,2491.0,70.0,4.0,1.0461237140665538e-06,0.3569188383310543,1.0,0.9622641509433962,0.8591021982463672,0.8551810837149579,0.8570523367441693,0.9621546476992194,10.764452695846558,0.9702970297029704,0.9932432432432432,0.9816360601001668,0.9822485207100592,0.9851632047477744,0.9837037037037036,0.9627118644067796,0.953020134228188,0.9578414839797638,0.9575163398692812,0.9543973941368078,0.9559543230016312,0.952054794520548,0.952054794520548,0.952054794520548,0.8823529411764706,0.8333333333333334,0.8571428571428571,0.9663299663299664,0.9695945945945946,0.9679595278246208,0.964968152866242,0.9680511182108626,0.9665071770334928,0.0,0.0,0.0,0.952542372881356,0.9429530201342282,0.9477234401349074
adam,0.0005,13,2,9960.0,2489.0,70.0,6.0,2.8787231365773522e-08,0.3477123367606721,1.0,0.959019686621133,0.8545476902395166,0.8494492126417992,0.8518072588636223,0.958865077071069,10.724601030349731,0.9761904761904762,0.9695945945945946,0.9728813559322034,0.9910714285714286,0.9881305637982196,0.9895988112927192,0.9583333333333334,0.9261744966442952,0.9419795221843004,0.9504950495049505,0.9411764705882352,0.9458128078817734,0.9563758389261744,0.976027397260274,0.9661016949152542,0.86,0.7962962962962963,0.826923076923077,0.9475409836065574,0.9763513513513512,0.9617304492512478,0.9559748427672956,0.9712460063897764,0.9635499207606972,0.0,0.0,0.0,0.9494949494949496,0.9494949494949496,0.9494949494949496
adam,0.0005,13,3,9960.0,2489.0,70.0,3.0,2.7191133602406816e-08,0.4130780782896418,1.0,0.9574126155082362,0.8516977585848704,0.8465880844750648,0.8489982778708814,0.9573309737713128,10.52488112449646,0.9828767123287672,0.9695945945945946,0.9761904761904762,0.9851190476190476,0.9821958456973294,0.9836552748885588,0.9627118644067796,0.953020134228188,0.9578414839797638,0.9576547231270358,0.9607843137254902,0.9592169657422512,0.9448275862068966,0.9383561643835616,0.9415807560137458,0.84,0.7777777777777778,0.8076923076923077,0.9731543624161074,0.9797297297297296,0.9764309764309764,0.9465408805031448,0.9616613418530352,0.9540412044374008,0.0,0.0,0.0,0.924092409240924,0.9427609427609428,0.9333333333333332
adam,0.0005,13,4,9962.0,2487.0,70.0,2.0,4.094772509423652e-06,0.3226564535299939,1.0,0.964616003216727,0.8601952499698784,0.8585307302506535,0.8593184167369629,0.964558547940785,10.396674156188965,0.9759450171821306,0.9594594594594594,0.9676320272572404,0.9682080924855492,0.9940652818991098,0.9809663250366032,0.9727891156462584,0.9629629629629628,0.9678510998307952,0.9703947368421052,0.9640522875816994,0.9672131147540984,0.9618055555555556,0.9486301369863014,0.9551724137931036,0.8679245283018868,0.8518518518518519,0.8598130841121496,0.9665551839464884,0.9796610169491524,0.9730639730639732,0.9585987261146496,0.9616613418530352,0.9601275917065392,0.0,0.0,0.0,0.959731543624161,0.9629629629629628,0.961344537815126
adam,0.0005,21,0,9956.0,2493.0,70.0,6.0,2.680097964303405e-08,0.2933506402136904,1.0,0.9651022864019254,0.8678219323662274,0.857802648018958,0.8623840554200024,0.9649909502515104,10.290039777755736,0.9732441471571908,0.983108108108108,0.9781512605042018,0.9793510324483776,0.9851632047477744,0.9822485207100592,0.9667774086378738,0.976510067114094,0.9716193656093488,0.9702970297029704,0.9576547231270358,0.9639344262295082,0.9453924914675768,0.9486301369863014,0.947008547008547,0.9583333333333334,0.8363636363636363,0.8932038834951457,0.9761904761904762,0.9695945945945946,0.9728813559322034,0.9621451104100948,0.9713375796178344,0.9667194928684628,0.0,0.0,0.0,0.9464882943143812,0.9496644295302014,0.948073701842546
adam,0.0005,21,1,9958.0,2491.0,70.0,4.0,3.0898229250463507e-08,0.3803867018785505,1.0,0.9602569249297472,0.8567449179567873,0.8473557711289873,0.8516026782419062,0.9600054248357284,10.214165925979614,0.9540983606557376,0.983108108108108,0.9683860232945092,0.9736842105263158,0.9881305637982196,0.9808541973490428,0.9659863945578232,0.953020134228188,0.9594594594594594,0.9638157894736842,0.9543973941368078,0.9590834697217676,0.9652777777777778,0.952054794520548,0.9586206896551724,0.8723404255319149,0.7592592592592593,0.8118811881188118,0.9693877551020408,0.9628378378378378,0.9661016949152542,0.9501557632398754,0.97444089456869,0.9621451104100944,0.0,0.0,0.0,0.9527027027027029,0.9463087248322148,0.9494949494949496
adam,0.0005,21,2,9960.0,2489.0,70.0,5.0,2.5904356691983625e-08,0.456959034904241,1.0,0.9558055443953396,0.853545047136493,0.8483603521732388,0.8507905870486336,0.9557041917925648,10.270624160766602,0.9665551839464884,0.9763513513513512,0.9714285714285714,0.9793510324483776,0.9851632047477744,0.9822485207100592,0.945945945945946,0.9395973154362416,0.9427609427609428,0.9537953795379538,0.9444444444444444,0.949096880131363,0.9297658862876256,0.952054794520548,0.9407783417935702,0.88,0.8148148148148148,0.8461538461538461,0.956810631229236,0.972972972972973,0.9648241206030151,0.970684039087948,0.952076677316294,0.9612903225806452,0.0,0.0,0.0,0.952542372881356,0.9461279461279462,0.9493243243243242
adam,0.0005,21,3,9960.0,2489.0,70.0,6.0,2.717750576939587e-08,0.3283986184682383,1.0,0.9682603455202892,0.8675122358196529,0.8647373605238353,0.8660832564741533,0.9682438637572416,10.30153775215149,0.9732441471571908,0.983108108108108,0.9781512605042018,0.988095238095238,0.9851632047477744,0.986627043090639,0.956810631229236,0.9664429530201344,0.9616026711185308,0.954248366013072,0.954248366013072,0.954248366013072,0.9590443686006824,0.9623287671232876,0.9606837606837606,0.9230769230769232,0.8888888888888888,0.9056603773584906,0.9863481228668942,0.9763513513513512,0.9813242784380304,0.9681528662420382,0.9712460063897764,0.9696969696969696,0.0,0.0,0.0,0.9661016949152542,0.9595959595959596,0.962837837837838
adam,0.0005,21,4,9962.0,2487.0,70.0,4.0,2.859092889583021e-08,0.3353604206163716,1.0,0.9634097305991154,0.8558636927064536,0.8545061222911601,0.8551389512235625,0.9633489752368064,10.209574222564695,0.976510067114094,0.983108108108108,0.9797979797979798,0.985207100591716,0.9881305637982196,0.9866666666666668,0.9656357388316152,0.9461279461279462,0.95578231292517,0.9490445859872612,0.9738562091503268,0.9612903225806452,0.9489795918367347,0.9554794520547946,0.9522184300341298,0.8301886792452831,0.8148148148148148,0.8224299065420562,0.979591836734694,0.976271186440678,0.9779286926994908,0.9681528662420382,0.9712460063897764,0.9696969696969696,0.0,0.0,0.0,0.9553264604810996,0.936026936026936,0.945578231292517
adam,0.0005,99,0,9956.0,2493.0,70.0,5.0,2.9375131398529018e-06,0.2954690584068419,1.0,0.9651022864019254,0.8590057996295893,0.8561596647265892,0.8575022781462319,0.965022859215224,10.172537088394163,0.9798657718120806,0.9864864864864864,0.9831649831649832,0.9794117647058824,0.9881305637982196,0.983751846381093,0.9796610169491524,0.9697986577181208,0.9747048903878583,0.952076677316294,0.970684039087948,0.9612903225806452,0.9683098591549296,0.9417808219178082,0.954861111111111,0.8490566037735849,0.8181818181818182,0.8333333333333334,0.9828178694158076,0.9662162162162162,0.9744463373083476,0.9626168224299064,0.9840764331210192,0.973228346456693,0.0,0.0,0.0,0.9362416107382552,0.9362416107382552,0.9362416107382552
adam,0.0005,99,1,9958.0,2491.0,70.0,3.0,1.0182712903862344e-06,0.3617719994533913,1.0,0.963067041348856,0.8627249630029528,0.8530353957902786,0.85740534250921,0.9629691007470648,10.096771240234377,0.9832214765100672,0.9898648648648648,0.9865319865319864,0.9879518072289156,0.973293768545994,0.9805680119581464,0.9255663430420712,0.959731543624161,0.942339373970346,0.9636963696369636,0.9511400651465798,0.9573770491803276,0.9658703071672357,0.9691780821917808,0.9675213675213676,0.9148936170212766,0.7962962962962963,0.8514851485148516,0.9696969696969696,0.972972972972973,0.9713322091062394,0.94375,0.9648562300319488,0.9541864139020536,0.0,0.0,0.0,0.9726027397260274,0.953020134228188,0.9627118644067796
adam,0.0005,99,2,9960.0,2489.0,70.0,5.0,2.26291644825262e-07,0.3595558011306577,1.0,0.9602249899558056,0.8617964149765556,0.8489019047474491,0.8545898616053057,0.960011254187922,10.08020305633545,0.9728813559322034,0.9695945945945946,0.9712351945854484,0.9851632047477744,0.9851632047477744,0.9851632047477744,0.9522184300341296,0.9362416107382552,0.9441624365482232,0.9511400651465798,0.954248366013072,0.9526916802610114,0.972027972027972,0.952054794520548,0.9619377162629758,0.9333333333333332,0.7777777777777778,0.8484848484848485,0.9602649006622516,0.9797297297297296,0.9698996655518396,0.9470404984423676,0.9712460063897764,0.9589905362776026,0.0,0.0,0.0,0.943894389438944,0.9629629629629628,0.9533333333333334
adam,0.0005,99,3,9960.0,2489.0,70.0,3.0,2.7191747288169527e-08,0.2985072426192627,1.0,0.9662515066291684,0.8662152380375053,0.866064833319764,0.8660954452445522,0.96623671931775,10.083662986755373,0.97,0.983108108108108,0.976510067114094,0.97953216374269,0.9940652818991098,0.9867452135493374,0.9562289562289562,0.953020134228188,0.9546218487394958,0.97,0.9509803921568628,0.9603960396039604,0.9498327759197324,0.9726027397260274,0.9610829103214892,0.925925925925926,0.925925925925926,0.925925925925926,0.996551724137931,0.9763513513513512,0.986348122866894,0.9615384615384616,0.9584664536741214,0.96,0.0,0.0,0.0,0.952542372881356,0.9461279461279462,0.9493243243243242
adam,0.0005,99,4,9962.0,2487.0,70.0,5.0,2.46302788562566e-08,0.4125951082440747,1.0,0.9565741857659832,0.8549293908142992,0.855008501053622,0.8549226875388996,0.956559653092074,10.10285186767578,0.9570957095709572,0.9797297297297296,0.968280467445743,0.9881656804733728,0.9910979228486648,0.9896296296296296,0.9498327759197324,0.9562289562289562,0.953020134228188,0.9531772575250836,0.931372549019608,0.9421487603305784,0.9486301369863014,0.9486301369863014,0.9486301369863014,0.8888888888888888,0.8888888888888888,0.8888888888888888,0.9591836734693876,0.9559322033898304,0.9575551782682512,0.9738562091503268,0.952076677316294,0.962843295638126,0.0,0.0,0.0,0.9304635761589404,0.9461279461279462,0.9382303839732888
adam,0.001,42,0,9956.0,2493.0,70.0,4.0,9.716707180034197e-08,0.3638324640941397,1.0,0.9671079021259528,0.8638447510376764,0.862454611242574,0.8630355241425663,0.967023886861044,10.109256029129028,0.976510067114094,0.983108108108108,0.9797979797979798,0.9910714285714286,0.9881305637982196,0.9895988112927192,0.9485530546623794,0.9899328859060402,0.9688013136288998,0.9628378378378378,0.9283387622149836,0.945273631840796,0.9623287671232876,0.9623287671232876,0.9623287671232876,0.8888888888888888,0.8727272727272727,0.8807339449541284,0.9828767123287672,0.9695945945945946,0.9761904761904762,0.9596273291925466,0.9840764331210192,0.9716981132075472,0.0,0.0,0.0,0.9657534246575342,0.9463087248322148,0.9559322033898304
adam,0.001,42,1,9958.0,2491.0,70.0,1.0,3.4355003468932425e-08,0.3899158301584945,1.0,0.9622641509433962,0.8581555228767724,0.8566843426283783,0.8573847261587855,0.9622240517989556,10.067341804504396,0.9665551839464884,0.9763513513513512,0.9714285714285714,0.976470588235294,0.9851632047477744,0.980797636632201,0.959731543624161,0.959731543624161,0.959731543624161,0.9668874172185432,0.9511400651465798,0.9589490968801314,0.965034965034965,0.9452054794520548,0.9550173010380624,0.8679245283018868,0.8518518518518519,0.8598130841121496,0.976271186440678,0.972972972972973,0.9746192893401016,0.9558359621451104,0.9680511182108626,0.961904761904762,0.0,0.0,0.0,0.946843853820598,0.9563758389261744,0.9515859766277128
adam,0.001,42,2,9960.0,2489.0,70.0,2.0,3.8415337731282356e-08,0.3156099835967139,1.0,0.963439132181599,0.8628490149202646,0.8546861770071305,0.8584392866826956,0.9633064422275424,10.143286943435667,0.9798657718120806,0.9864864864864864,0.9831649831649832,0.9910714285714286,0.9881305637982196,0.9895988112927192,0.956810631229236,0.9664429530201344,0.9616026711185308,0.9638157894736842,0.9575163398692812,0.960655737704918,0.9584775086505192,0.9486301369863014,0.953528399311532,0.9166666666666666,0.8148148148148148,0.8627450980392156,0.9570957095709572,0.9797297297297296,0.968280467445743,0.9611650485436892,0.9488817891373802,0.954983922829582,0.0,0.0,0.0,0.9435215946843852,0.9562289562289562,0.9498327759197324
adam,0.001,42,3,9960.0,2489.0,70.0,1.0,2.829740347304673e-08,0.3438867882638333,1.0,0.9642426677380476,0.8620394162262469,0.8537818323281552,0.8575282817371297,0.9640826890822972,10.086304903030396,0.9607843137254902,0.9932432432432432,0.9767441860465116,0.9880597014925372,0.9821958456973294,0.9851190476190476,0.9621993127147768,0.9395973154362416,0.9507640067911716,0.9371069182389936,0.9738562091503268,0.9551282051282052,0.975609756097561,0.958904109589041,0.9671848013816924,0.8958333333333334,0.7962962962962963,0.8431372549019608,0.9829931972789115,0.9763513513513512,0.9796610169491526,0.9620253164556962,0.9712460063897764,0.9666136724960256,0.0,0.0,0.0,0.95578231292517,0.9461279461279462,0.9509306260575296
adam,0.001,42,4,9962.0,2487.0,70.0,3.0,1.1621304325928633e-08,0.308444006095085,1.0,0.9654201849618014,0.8636862673976298,0.8608237914473745,0.862149078054802,0.965384645845534,10.084987878799438,0.9829931972789115,0.9763513513513512,0.9796610169491526,0.985207100591716,0.9881305637982196,0.9866666666666668,0.9719298245614036,0.9326599326599326,0.9518900343642612,0.9451612903225808,0.9575163398692812,0.9512987012987012,0.9466666666666668,0.9726027397260274,0.9594594594594594,0.903846153846154,0.8703703703703703,0.8867924528301887,0.9761092150170648,0.9694915254237289,0.9727891156462584,0.971153846153846,0.9680511182108626,0.9696,0.0,0.0,0.0,0.9537953795379538,0.9730639730639732,0.9633333333333334
adam,0.001,7,0,9956.0,2493.0,70.0,1.0,4.003563223755415e-08,0.3180345766046769,1.0,0.96028880866426,0.8570526689375322,0.8492126074031278,0.8528350576345426,0.9600800876390824,10.690512895584106,0.9634551495016612,0.9797297297297296,0.9715242881072026,0.9709302325581396,0.9910979228486648,0.9809104258443466,0.9629629629629628,0.959731543624161,0.961344537815126,0.9671052631578948,0.9576547231270358,0.962356792144026,0.9482758620689656,0.9417808219178082,0.9450171821305842,0.8775510204081632,0.7818181818181819,0.8269230769230769,0.9595959595959596,0.9628378378378378,0.9612141652613828,0.9745222929936306,0.9745222929936306,0.9745222929936306,0.0,0.0,0.0,0.9461279461279462,0.9429530201342282,0.9445378151260504
adam,0.001,7,1,9958.0,2491.0,70.0,4.0,1.0576062177520702e-08,0.2785662706935267,1.0,0.9710959454034525,0.8746586151821324,0.8702070290505362,0.8723351425483699,0.9710681083848116,10.392229795455933,0.9798657718120806,0.9864864864864864,0.9831649831649832,0.9793510324483776,0.9851632047477744,0.9822485207100592,0.9662162162162162,0.959731543624161,0.962962962962963,0.973421926910299,0.9543973941368078,0.9638157894736842,0.9594594594594594,0.9726027397260274,0.9659863945578232,0.9803921568627452,0.925925925925926,0.9523809523809524,0.9797979797979798,0.983108108108108,0.981450252951096,0.967948717948718,0.9648562300319488,0.9664,0.0,0.0,0.0,0.9601328903654484,0.9697986577181208,0.9649415692821368
adam,0.001,7,2,9960.0,2489.0,70.0,2.0,1.0073205833872973e-08,0.4572304677786343,1.0,0.9550020088388912,0.8502213184238073,0.8400275698100316,0.8444801551157285,0.9546109008260854,10.176403045654297,0.9695945945945946,0.9695945945945946,0.9695945945945946,0.9823529411764704,0.9910979228486648,0.9867060561299852,0.9595959595959596,0.9563758389261744,0.957983193277311,0.9664429530201344,0.9411764705882352,0.95364238410596,0.933774834437086,0.9657534246575342,0.9494949494949496,0.8478260869565217,0.7222222222222222,0.78,0.9575163398692812,0.9898648648648648,0.973421926910299,0.9345794392523364,0.9584664536741214,0.946372239747634,0.0,0.0,0.0,0.950530035335689,0.9057239057239056,0.9275862068965516
adam,0.001,7,3,9960.0,2489.0,70.0,2.0,1.193781988241448e-08,0.3812532456804456,1.0,0.9630373644033748,0.8629741078566168,0.8559700177409164,0.8591716613707187,0.9629603103122142,10.150614976882936,0.9636963696369636,0.9864864864864864,0.9749582637729548,0.9793510324483776,0.9851632047477744,0.9822485207100592,0.943894389438944,0.959731543624161,0.951747088186356,0.9575163398692812,0.9575163398692812,0.9575163398692812,0.9755244755244756,0.9554794520547946,0.9653979238754324,0.9183673469387756,0.8333333333333334,0.8737864077669903,0.9830508474576272,0.9797297297297296,0.9813874788494076,0.9767441860465116,0.939297124600639,0.9576547231270358,0.0,0.0,0.0,0.9315960912052116,0.9629629629629628,0.9470198675496688
adam,0.001,7,4,9962.0,2487.0,70.0,4.0,4.3140653559786784e-08,0.3348844392856664,1.0,0.9618013671089666,0.852087999171476,0.8578291267381875,0.854757878212425,0.961951239219132,10.145563840866089,0.9633333333333334,0.9763513513513512,0.9697986577181208,0.993975903614458,0.9792284866468842,0.9865470852017936,0.9433333333333334,0.9528619528619529,0.948073701842546,0.954248366013072,0.954248366013072,0.954248366013072,0.9721254355400696,0.9554794520547946,0.9637305699481864,0.7966101694915254,0.8703703703703703,0.8318584070796461,0.9722222222222222,0.9491525423728814,0.9605488850771868,0.9652996845425869,0.977635782747604,0.9714285714285716,0.0,0.0,0.0,0.959731543624161,0.9629629629629628,0.961344537815126
adam,0.001,13,0,9956.0,2493.0,70.0,3.0,4.2449437822072185e-08,0.3911867251085487,1.0,0.9598876855194544,0.855269580207068,0.8566034523346632,0.8558912997213254,0.9598476195316382,10.166239023208618,0.9601328903654484,0.9763513513513512,0.9681742043551088,0.9851632047477744,0.9851632047477744,0.9851632047477744,0.9536423841059604,0.9664429530201344,0.96,0.944078947368421,0.9348534201954396,0.939443535188216,0.9593220338983052,0.9691780821917808,0.9642248722316864,0.8571428571428571,0.8727272727272727,0.8648648648648648,0.9797297297297296,0.9797297297297296,0.9797297297297298,0.9584664536741214,0.9554140127388536,0.9569377990430622,0.0,0.0,0.0,0.9550173010380624,0.9261744966442952,0.9403747870528107
adam,0.001,13,1,9958.0,2491.0,70.0,3.0,5.998968671534684e-07,0.3650671663194326,1.0,0.9622641509433962,0.860456811229614,0.853747657400986,0.8568723892473699,0.9621363787566533,10.125874996185305,0.9765886287625418,0.9864864864864864,0.9815126050420168,0.9880239520958084,0.9792284866468842,0.9836065573770492,0.9627118644067796,0.953020134228188,0.9578414839797638,0.9449838187702264,0.9511400651465798,0.948051948051948,0.9587628865979382,0.9554794520547946,0.9571183533447684,0.8979591836734694,0.8148148148148148,0.8543689320388349,0.9667774086378738,0.983108108108108,0.9748743718592964,0.9529780564263324,0.9712460063897764,0.9620253164556962,0.0,0.0,0.0,0.95578231292517,0.9429530201342282,0.9493243243243245
adam,0.001,13,2,9960.0,2489.0,70.0,2.0,3.381743723146266e-08,0.2809647259630897,1.0,0.96544797107272,0.8632947277846019,0.8592215875262905,0.8611357680314307,0.9653737089445192,10.15228009223938,0.9829931972789115,0.9763513513513512,0.9796610169491526,0.9940828402366864,0.9970326409495548,0.9955555555555556,0.9689655172413794,0.9429530201342282,0.95578231292517,0.9602649006622516,0.9477124183006536,0.9539473684210528,0.9563758389261744,0.976027397260274,0.9661016949152542,0.9019607843137256,0.8518518518518519,0.8761904761904761,0.950657894736842,0.9763513513513512,0.9633333333333334,0.9713375796178344,0.97444089456869,0.9728867623604466,0.0,0.0,0.0,0.9463087248322148,0.9494949494949496,0.9478991596638656
adam,0.001,13,3,9960.0,2489.0,70.0,2.0,2.9687569440150125e-08,0.4009940628917788,1.0,0.959019686621133,0.8607233306030135,0.8494424017539777,0.8545133876106676,0.958874895234178,10.29652714729309,0.9761904761904762,0.9695945945945946,0.9728813559322034,0.9851190476190476,0.9821958456973294,0.9836552748885588,0.9528619528619529,0.9496644295302014,0.9512605042016806,0.9609120521172638,0.9640522875816994,0.9624796084828712,0.9351535836177476,0.9383561643835616,0.9367521367521366,0.9347826086956522,0.7962962962962963,0.8599999999999999,0.9667774086378738,0.983108108108108,0.9748743718592964,0.9616613418530352,0.9616613418530352,0.9616613418530352,0.0,0.0,0.0,0.933774834437086,0.9494949494949496,0.9415692821368948
adam,0.001,13,4,9962.0,2487.0,70.0,1.0,1.0141038783741397e-08,0.4078880722641315,1.0,0.9638118214716526,0.8622350838789933,0.8578530808855976,0.8599276093992255,0.9637033988057048,10.230422019958496,0.9695945945945946,0.9695945945945946,0.9695945945945946,0.9710982658959536,0.9970326409495548,0.9838945827232796,0.956081081081081,0.9528619528619529,0.9544688026981448,0.9698996655518396,0.9477124183006536,0.9586776859504132,0.9618055555555556,0.9486301369863014,0.9551724137931036,0.9019607843137256,0.8518518518518519,0.8761904761904761,0.9633333333333334,0.9796610169491524,0.9714285714285716,0.9556962025316456,0.9648562300319488,0.960254372019078,0.0,0.0,0.0,0.9728813559322034,0.9663299663299664,0.9695945945945948
adam,0.001,21,0,9956.0,2493.0,70.0,4.0,3.287181702551884e-08,0.2600259109405735,1.0,0.9715202567188128,0.8765918636640249,0.8631133576241057,0.8691062613085249,0.971401450576915,10.415110111236572,0.9701986754966888,0.9898648648648648,0.979933110367893,0.985207100591716,0.9881305637982196,0.9866666666666668,0.9732441471571908,0.976510067114094,0.9748743718592964,0.976897689768977,0.9641693811074918,0.9704918032786886,0.955631399317406,0.958904109589041,0.9572649572649572,1.0,0.8363636363636363,0.9108910891089108,0.983108108108108,0.983108108108108,0.983108108108108,0.9684542586750788,0.9777070063694268,0.9730586370839936,0.0,0.0,0.0,0.9531772575250836,0.9563758389261744,0.9547738693467336
adam,0.001,21,1,9958.0,2491.0,70.0,4.0,8.47495528231829e-08,0.3569523094187378,1.0,0.9638699317543156,0.8597340946738232,0.8503128985784605,0.8545822326737451,0.9636197333158016,10.336925268173218,0.9668874172185432,0.9864864864864864,0.976588628762542,0.9738372093023256,0.9940652818991098,0.9838472834067548,0.9661016949152542,0.9563758389261744,0.9612141652613828,0.9735973597359736,0.9609120521172638,0.9672131147540984,0.9719298245614036,0.9486301369863014,0.9601386481802426,0.8723404255319149,0.7592592592592593,0.8118811881188118,0.972972972972973,0.972972972972973,0.972972972972973,0.9528301886792452,0.9680511182108626,0.960380348652932,0.0,0.0,0.0,0.946843853820598,0.9563758389261744,0.9515859766277128
adam,0.001,21,2,9960.0,2489.0,70.0,3.0,2.884197623850522e-08,0.43253548719531,1.0,0.956609079951788,0.8573235573875742,0.8504774799855855,0.853678902277975,0.9565352086686304,10.4167799949646,0.9663299663299664,0.9695945945945946,0.9679595278246208,0.9851632047477744,0.9851632047477744,0.9851632047477744,0.9464882943143812,0.9496644295302014,0.948073701842546,0.9603960396039604,0.9509803921568628,0.9556650246305418,0.9292929292929292,0.9452054794520548,0.937181663837012,0.9183673469387756,0.8333333333333334,0.8737864077669903,0.96,0.972972972972973,0.9664429530201344,0.964630225080386,0.9584664536741214,0.9615384615384616,0.0,0.0,0.0,0.9425675675675677,0.9393939393939394,0.9409780775716696
adam,0.001,21,3,9960.0,2489.0,70.0,3.0,1.073928553207106e-08,0.3067289530595278,1.0,0.9710727199678586,0.8730427155236246,0.8700965630442887,0.8715108286572993,0.9710492145508944,10.254536151885986,0.9832214765100672,0.9898648648648648,0.9865319865319864,0.988095238095238,0.9851632047477744,0.986627043090639,0.9601328903654484,0.9697986577181208,0.9649415692821368,0.97,0.9509803921568628,0.9603960396039604,0.9722222222222222,0.958904109589041,0.9655172413793104,0.9615384615384616,0.925925925925926,0.9433962264150944,0.9764309764309764,0.9797297297297296,0.9780775716694772,0.9622641509433962,0.977635782747604,0.9698890649762284,0.0,0.0,0.0,0.9565217391304348,0.9629629629629628,0.959731543624161
adam,0.001,21,4,9962.0,2487.0,70.0,2.0,9.903217221096754e-09,0.3413501461206863,1.0,0.9662243667068756,0.8604756268245918,0.8553427770801637,0.8577573721683057,0.9660663441501972,10.211950063705444,0.9735099337748344,0.9932432432432432,0.983277591973244,0.985207100591716,0.9881305637982196,0.9866666666666668,0.9627118644067796,0.9562289562289562,0.9594594594594594,0.9580645161290322,0.9705882352941176,0.9642857142857142,0.9488054607508531,0.952054794520548,0.9504273504273504,0.86,0.7962962962962963,0.826923076923077,0.9830508474576272,0.9830508474576272,0.9830508474576272,0.9713375796178344,0.97444089456869,0.9728867623604466,0.0,0.0,0.0,0.9620689655172414,0.9393939393939394,0.950596252129472
adam,0.001,99,0,9956.0,2493.0,70.0,5.0,3.786925358368526e-08,0.2734907627893648,1.0,0.96911351784998,0.8694920860506761,0.8596145487552713,0.8641120814505054,0.9689464836602936,10.325137853622437,0.9767441860465116,0.9932432432432432,0.984924623115578,0.9792899408284024,0.9821958456973294,0.9807407407407408,0.9795221843003412,0.9630872483221476,0.9712351945854484,0.9584664536741214,0.977198697068404,0.967741935483871,0.9653979238754326,0.9554794520547946,0.9604130808950088,0.9375,0.8181818181818182,0.8737864077669902,0.9830508474576272,0.9797297297297296,0.9813874788494076,0.965625,0.9840764331210192,0.974763406940063,0.0,0.0,0.0,0.9493243243243245,0.9429530201342282,0.9461279461279462
adam,0.001,99,1,9958.0,2491.0,70.0,2.0,7.367569372318352e-08,0.396134437915803,1.0,0.9610598153352068,0.8594221901707855,0.8497440786406572,0.8540846255816122,0.960918291088548,10.346586227416992,0.9797979797979798,0.983108108108108,0.981450252951096,0.9850299401197604,0.9762611275964392,0.9806259314456036,0.934640522875817,0.959731543624161,0.9470198675496688,0.9539473684210528,0.9446254071661238,0.9492635024549918,0.9657534246575342,0.9657534246575342,0.9657534246575342,0.8936170212765957,0.7777777777777778,0.8316831683168316,0.9761904761904762,0.9695945945945946,0.9728813559322034,0.9329268292682928,0.977635782747604,0.9547581903276132,0.0,0.0,0.0,0.972318339100346,0.9429530201342282,0.9574105621805792
adam,0.001,99,2,9960.0,2489.0,70.0,2.0,3.712711225815726e-08,0.3710048865137171,1.0,0.961430293290478,0.8611487248234229,0.8514349297957269,0.8558368441748134,0.9612289722453872,10.363688945770264,0.9697986577181208,0.9763513513513512,0.9730639730639732,0.9794117647058824,0.9881305637982196,0.983751846381093,0.9620689655172414,0.9362416107382552,0.9489795918367346,0.9504950495049505,0.9411764705882352,0.9458128078817734,0.9690721649484536,0.9657534246575342,0.967409948542024,0.9148936170212766,0.7962962962962963,0.8514851485148516,0.9570957095709572,0.9797297297297296,0.968280467445743,0.9682539682539684,0.97444089456869,0.9713375796178344,0.0,0.0,0.0,0.9403973509933776,0.9562289562289562,0.9482470784641068
adam,0.001,99,3,9960.0,2489.0,70.0,2.0,3.839748206579813e-08,0.2715830689677922,1.0,0.9722780233025312,0.8740953998397462,0.872596745676543,0.873317549027461,0.9722514570419466,10.263304948806764,0.9765886287625418,0.9864864864864864,0.9815126050420168,0.9852507374631267,0.9910979228486648,0.9881656804733728,0.9627118644067796,0.953020134228188,0.9578414839797638,0.9701986754966888,0.9575163398692812,0.9638157894736842,0.9629629629629628,0.9794520547945206,0.9711375212224108,0.9622641509433962,0.9444444444444444,0.9532710280373832,0.9897959183673468,0.983108108108108,0.9864406779661016,0.9650793650793652,0.9712460063897764,0.9681528662420382,0.0,0.0,0.0,0.9661016949152542,0.9595959595959596,0.962837837837838
adam,0.001,99,4,9962.0,2487.0,70.0,3.0,3.2480505877887706e-08,0.3931716965244817,1.0,0.9569762766385204,0.8472621870953834,0.8553104666835015,0.8509342660392827,0.957141209300884,10.28897500038147,0.9539473684210528,0.9797297297297296,0.9666666666666666,0.9910979228486648,0.9910979228486648,0.9910979228486648,0.9494949494949496,0.9494949494949496,0.9494949494949496,0.9566666666666668,0.937908496732026,0.9471947194719472,0.9486301369863014,0.9486301369863014,0.9486301369863014,0.7868852459016393,0.8888888888888888,0.8347826086956522,0.9691780821917808,0.9593220338983052,0.9642248722316864,0.977124183006536,0.9552715654952076,0.9660743134087236,0.0,0.0,0.0,0.9395973154362416,0.9427609427609428,0.9411764705882352
adam,0.005,42,0,9956.0,2493.0,70.0,1.0,0.0290982311979711,0.6718371355036744,0.9937725994375252,0.9546730846369836,0.8569094014353391,0.8505464418509113,0.8534551778841932,0.9546971603341872,10.309610843658447,0.9664429530201344,0.972972972972973,0.9696969696969696,0.9709302325581396,0.9910979228486648,0.9809104258443466,0.9435215946843852,0.953020134228188,0.9482470784641068,0.8881987577639752,0.9315960912052116,0.9093799682034976,0.9680851063829788,0.934931506849315,0.951219512195122,0.9215686274509804,0.8545454545454545,0.8867924528301887,0.9829351535836176,0.972972972972973,0.9779286926994908,0.9589905362776026,0.9681528662420382,0.9635499207606972,0.0,0.0,0.0,0.968421052631579,0.9261744966442952,0.9468267581475128
adam,0.005,42,1,9958.0,2491.0,70.0,2.0,0.1087422170408634,0.666131487922335,0.983329985940952,0.9462063428342032,0.8551760102415349,0.8403120435017728,0.846462322907767,0.946276543804436,10.110982179641724,0.9385113268608414,0.9797297297297296,0.9586776859504132,0.9792899408284024,0.9821958456973294,0.9807407407407408,0.8532934131736527,0.9563758389261744,0.9018987341772152,0.9659863945578232,0.9250814332247556,0.9450915141430948,0.9746376811594204,0.9212328767123288,0.9471830985915493,0.9777777777777776,0.8148148148148148,0.8888888888888888,0.9629629629629628,0.9662162162162162,0.9645868465430018,0.9526813880126184,0.9648562300319488,0.9587301587301588,0.0,0.0,0.0,0.9466192170818504,0.8926174496644296,0.918825561312608
adam,0.005,42,2,9960.0,2489.0,70.0,0.0,0.0582893131172283,0.8310258251575054,0.9909638554216867,0.9405383688228204,0.8482596158410317,0.8235295481273497,0.8326950591072112,0.9407742958008484,10.117994785308838,0.9826388888888888,0.956081081081081,0.9691780821917808,0.987987987987988,0.9762611275964392,0.982089552238806,0.974910394265233,0.912751677852349,0.9428076256499134,0.8081081081081081,0.977124183006536,0.8846153846153846,0.929530201342282,0.9486301369863014,0.9389830508474576,0.9230769230769232,0.6666666666666666,0.7741935483870968,0.959866220735786,0.9695945945945946,0.9647058823529412,0.9423076923076924,0.939297124600639,0.9408,0.0,0.0,0.0,0.974169741697417,0.8888888888888888,0.9295774647887324
adam,0.005,42,3,9960.0,2489.0,70.0,1.0,0.0493429199990261,0.7349179672330967,0.9916666666666668,0.948573724387304,0.8544614957569662,0.8318799631723686,0.8406153398270246,0.9483039419223196,10.195810794830322,0.956953642384106,0.9763513513513512,0.9665551839464884,0.9938837920489296,0.9643916913946587,0.9789156626506024,0.9646643109540636,0.9161073825503356,0.9397590361445785,0.8691860465116279,0.977124183006536,0.92,0.9453924914675768,0.9486301369863014,0.947008547008547,0.9487179487179488,0.6851851851851852,0.7956989247311828,0.9667774086378738,0.983108108108108,0.9748743718592964,0.9675324675324676,0.952076677316294,0.9597423510466988,0.0,0.0,0.0,0.9315068493150684,0.915824915824916,0.9235993208828523
adam,0.005,42,4,9962.0,2487.0,70.0,3.0,0.0608042418498733,0.650515821423079,0.9868500301144348,0.9513470044229996,0.8576733509039931,0.8508190220563672,0.8535748484526738,0.951545257739854,10.26472020149231,0.9828178694158076,0.9662162162162162,0.9744463373083476,0.9910179640718564,0.9821958456973294,0.9865871833084948,0.9636363636363636,0.8922558922558923,0.9265734265734266,0.9421221864951768,0.9575163398692812,0.9497568881685576,0.9554794520547946,0.9554794520547946,0.9554794520547946,0.96,0.8888888888888888,0.923076923076923,0.8601823708206687,0.9593220338983052,0.9070512820512822,0.9797297297297296,0.926517571884984,0.9523809523809526,0.0,0.0,0.0,0.941747572815534,0.9797979797979798,0.9603960396039604
adam,0.005,7,0,9956.0,2493.0,70.0,1.0,0.0221885279219485,0.7233888907120087,0.9941743672157493,0.950661853188929,0.8444240278771252,0.8338085473201741,0.838395056122429,0.9506096408307494,10.238802909851074,0.979591836734694,0.972972972972973,0.976271186440678,0.9851632047477744,0.9851632047477744,0.9851632047477744,0.959731543624161,0.959731543624161,0.959731543624161,0.8635014836795252,0.9478827361563518,0.903726708074534,0.9680851063829788,0.934931506849315,0.951219512195122,0.8085106382978723,0.6909090909090909,0.7450980392156863,0.9790940766550522,0.9493243243243245,0.9639794168096054,0.9654088050314464,0.9777070063694268,0.971518987341772,0.0,0.0,0.0,0.9351535836177476,0.9194630872483222,0.9272419627749576
adam,0.005,7,1,9958.0,2491.0,70.0,2.0,0.0467690806564299,0.5073827420167423,0.9882506527415144,0.95383380168607,0.8585149583878928,0.8574696570845269,0.8572127288605241,0.9545086478437004,10.103845834732056,0.9930795847750864,0.9695945945945946,0.9811965811965812,0.9821958456973294,0.9821958456973294,0.9821958456973294,0.946843853820598,0.9563758389261744,0.9515859766277128,0.993006993006993,0.9250814332247556,0.957841483979764,0.971326164874552,0.928082191780822,0.9492119089316988,0.9272727272727272,0.9444444444444444,0.9357798165137616,0.9828178694158076,0.9662162162162162,0.9744463373083476,0.9605263157894736,0.9329073482428116,0.946515397082658,0.0,0.0,0.0,0.828080229226361,0.9697986577181208,0.893353941267388
adam,0.005,7,2,9960.0,2489.0,70.0,1.0,0.033258256373207,0.7934587581352619,0.9926706827309236,0.9493772599437524,0.8527996186176837,0.8429221650516208,0.8471851491581086,0.9495016615019966,10.181621074676514,0.986159169550173,0.9628378378378378,0.9743589743589745,0.9850746268656716,0.9792284866468842,0.982142857142857,0.9683098591549296,0.9228187919463088,0.945017182130584,0.874251497005988,0.954248366013072,0.9125,0.974910394265233,0.9315068493150684,0.9527145359019265,0.9166666666666666,0.8148148148148148,0.8627450980392156,0.9537953795379538,0.9763513513513512,0.9649415692821368,0.9207317073170732,0.9648562300319488,0.9422776911076444,0.0,0.0,0.0,0.9480968858131488,0.9225589225589226,0.9351535836177476
adam,0.005,7,3,9960.0,2489.0,70.0,1.0,0.0516529688130223,0.8462351598445594,0.9910642570281124,0.9477701888308556,0.8491906348553517,0.8432767587288776,0.8457928658120378,0.9477717073169644,10.1733660697937,0.9731543624161074,0.9797297297297296,0.9764309764309764,0.9851190476190476,0.9821958456973294,0.9836552748885588,0.8793650793650793,0.929530201342282,0.9037520391517128,0.9292604501607716,0.9444444444444444,0.9367909238249597,0.9245901639344264,0.9657534246575342,0.944723618090452,0.9,0.8333333333333334,0.8653846153846153,0.9630872483221476,0.9695945945945946,0.9663299663299664,0.9702970297029704,0.939297124600639,0.9545454545454546,0.0,0.0,0.0,0.967032967032967,0.8888888888888888,0.926315789473684
adam,0.005,7,4,9962.0,2487.0,70.0,3.0,0.0431818907265612,0.6291762817792038,0.9883557518570568,0.9437072778447928,0.8499059723320386,0.8397599460906745,0.8439116459905817,0.9442680443951288,10.20868182182312,0.9761904761904762,0.9695945945945946,0.9728813559322034,0.9909638554216867,0.9762611275964392,0.98355754857997,0.954225352112676,0.9124579124579124,0.9328743545611016,0.9260450160771704,0.9411764705882352,0.93354943273906,0.9714285714285714,0.9315068493150684,0.9510489510489512,0.9183673469387756,0.8333333333333334,0.8737864077669903,0.9826388888888888,0.9593220338983052,0.9708404802744426,0.825136612021858,0.9648562300319488,0.8895434462444771,0.0,0.0,0.0,0.9540636042402828,0.9090909090909092,0.9310344827586208
adam,0.005,13,0,9956.0,2493.0,70.0,1.0,0.0287103963509081,0.7546613009600066,0.9928686219365208,0.9482551143200962,0.8512818723676008,0.8441561604456137,0.8472000943339089,0.9482302473488716,10.119976282119753,0.9663299663299664,0.9695945945945946,0.9679595278246208,0.9850299401197604,0.9762611275964392,0.9806259314456036,0.953020134228188,0.953020134228188,0.953020134228188,0.9616724738675958,0.8990228013029316,0.9292929292929292,0.9685314685314684,0.9486301369863014,0.9584775086505192,0.92,0.8363636363636363,0.8761904761904761,0.9009287925696594,0.983108108108108,0.9402261712439418,0.9517684887459807,0.9426751592356688,0.9472,0.0,0.0,0.0,0.9055374592833876,0.9328859060402684,0.91900826446281
adam,0.005,13,1,9958.0,2491.0,70.0,2.0,0.0167314668258079,0.6273029297527661,0.9946776461136776,0.9550381372942592,0.8569468184784814,0.8461693293823229,0.8508925580737012,0.9551761359268102,10.0832040309906,0.9764309764309764,0.9797297297297296,0.9780775716694772,0.9880239520958084,0.9792284866468842,0.9836065573770492,0.9518900343642612,0.929530201342282,0.9405772495755518,0.8698224852071006,0.9576547231270358,0.9116279069767442,0.9647887323943662,0.9383561643835616,0.951388888888889,0.9148936170212766,0.7962962962962963,0.8514851485148516,0.9828178694158076,0.9662162162162162,0.9744463373083476,0.970967741935484,0.9616613418530352,0.9662921348314608,0.0,0.0,0.0,0.9498327759197324,0.953020134228188,0.95142378559464
adam,0.005,13,2,9960.0,2489.0,70.0,1.0,0.0311740775735331,0.5591743956987062,0.9928714859437752,0.9578143832864604,0.8572539443271057,0.8498770329809305,0.8531102742496843,0.9578606684914468,10.158504962921144,0.986206896551724,0.9662162162162162,0.9761092150170648,0.997005988023952,0.9881305637982196,0.992548435171386,0.8830769230769231,0.9630872483221476,0.9213483146067416,0.9659863945578232,0.9281045751633988,0.9466666666666668,0.9658703071672357,0.9691780821917808,0.9675213675213676,0.8979591836734694,0.8148148148148148,0.8543689320388349,0.9627118644067796,0.9594594594594594,0.961082910321489,0.965625,0.987220447284345,0.976303317535545,0.0,0.0,0.0,0.9480968858131488,0.9225589225589226,0.9351535836177476
adam,0.005,13,3,9960.0,2489.0,70.0,0.0,0.03387978542142,0.7233484573822576,0.9926706827309236,0.94817195660908,0.8478959903948347,0.838857790597704,0.8428514888553582,0.9483173029048986,10.293720960617064,0.9894736842105264,0.9527027027027029,0.9707401032702238,0.9707602339181286,0.9851632047477744,0.9779086892488954,0.8584615384615385,0.9362416107382552,0.8956661316211879,0.9540983606557376,0.9509803921568628,0.9525368248772504,0.9646643109540636,0.934931506849315,0.9495652173913044,0.875,0.7777777777777778,0.823529411764706,0.9629629629629628,0.9662162162162162,0.9645868465430018,0.9583333333333334,0.9552715654952076,0.9568,0.0,0.0,0.0,0.9452054794520548,0.9292929292929292,0.937181663837012
adam,0.005,13,4,9962.0,2487.0,70.0,2.0,0.0277563505477269,0.5443737211261398,0.9917687211403332,0.95416164053076,0.8617975318588036,0.8453380359091343,0.851981420225898,0.9546784817618336,10.134944200515749,1.0,0.9358108108108107,0.9668411867364748,0.976470588235294,0.9851632047477744,0.980797636632201,0.9784172661870504,0.915824915824916,0.9460869565217392,0.825,0.9705882352941176,0.8918918918918919,0.9785714285714284,0.9383561643835616,0.958041958041958,0.9555555555555556,0.7962962962962963,0.8686868686868687,0.9664429530201344,0.976271186440678,0.9713322091062396,0.973941368078176,0.9552715654952076,0.964516129032258,0.0,0.0,0.0,0.9635761589403974,0.9797979797979798,0.9716193656093488
adam,0.005,21,0,9956.0,2493.0,70.0,2.0,0.0314625934472482,0.5201014906324681,0.9925672961028524,0.9590854392298436,0.857365418374904,0.8527300764884238,0.8548452432251896,0.959128783971014,10.20733094215393,0.9896907216494846,0.972972972972973,0.981260647359455,0.9708454810495628,0.9881305637982196,0.9794117647058824,0.8987341772151899,0.953020134228188,0.9250814332247556,0.9638157894736842,0.9543973941368078,0.9590834697217676,0.9722222222222222,0.958904109589041,0.9655172413793104,0.8846153846153846,0.8363636363636363,0.8598130841121494,0.9793103448275862,0.9594594594594594,0.969283276450512,0.9592476489028212,0.9745222929936306,0.966824644549763,0.0,0.0,0.0,0.9551724137931036,0.929530201342282,0.9421768707482994
adam,0.005,21,1,9958.0,2491.0,70.0,4.0,0.0220064275744651,0.6054077473223926,0.9926692106848763,0.9494179044560418,0.8536344604468304,0.8370404309604444,0.8438574808597263,0.9494118128517336,10.378947019577026,0.966996699669967,0.9898648648648648,0.9782971619365608,0.9850746268656716,0.9792284866468842,0.982142857142857,0.8493975903614458,0.9463087248322148,0.8952380952380953,0.9537953795379538,0.9413680781758956,0.9475409836065573,0.9615384615384616,0.9417808219178082,0.9515570934256056,0.9302325581395348,0.7407407407407407,0.8247422680412371,0.9665551839464884,0.9763513513513512,0.9714285714285714,0.9551282051282052,0.952076677316294,0.9536,0.0,0.0,0.0,0.9676258992805756,0.9026845637583892,0.9340277777777776
adam,0.005,21,2,9960.0,2489.0,70.0,0.0,0.037921572912308,0.8702407038418847,0.993574297188755,0.9453595821615106,0.8461373792597247,0.8352570126251869,0.8399704072924268,0.9452080700198792,10.277289867401125,0.9503311258278144,0.9695945945945946,0.959866220735786,0.984984984984985,0.973293768545994,0.9791044776119404,0.8875,0.953020134228188,0.919093851132686,0.9470198675496688,0.934640522875817,0.9407894736842104,0.9442508710801394,0.928082191780822,0.9360967184801382,0.8913043478260869,0.7592592592592593,0.8200000000000001,0.9508196721311476,0.9797297297297296,0.9650582362728783,0.9609120521172638,0.9424920127795527,0.9516129032258064,0.0,0.0,0.0,0.9442508710801394,0.9124579124579124,0.928082191780822
adam,0.005,21,3,9960.0,2489.0,70.0,2.0,0.0361619338401923,0.5465548715097048,0.9917670682730924,0.9489754921655283,0.848955526994596,0.8457569028333592,0.8468699845568958,0.949496251036282,10.41785192489624,0.9757785467128028,0.9527027027027029,0.964102564102564,0.990990990990991,0.9792284866468842,0.9850746268656716,0.9523809523809524,0.9395973154362416,0.945945945945946,0.8424068767908309,0.9607843137254902,0.8977099236641222,0.9616724738675958,0.9452054794520548,0.9533678756476685,0.8679245283018868,0.8518518518518519,0.8598130841121496,0.9791666666666666,0.9527027027027029,0.9657534246575342,0.9766666666666668,0.9361022364217252,0.9559543230016312,0.0,0.0,0.0,0.9425675675675677,0.9393939393939394,0.9409780775716696
adam,0.005,21,4,9962.0,2487.0,70.0,1.0,0.0336741127091896,0.6628336698949737,0.9931740614334472,0.9497386409328508,0.8510168612125797,0.8417477918069544,0.8456080959443437,0.9498808253520072,10.355187892913818,0.948051948051948,0.9864864864864864,0.9668874172185432,0.991044776119403,0.9851632047477744,0.988095238095238,0.9614035087719298,0.9225589225589226,0.9415807560137458,0.9623287671232876,0.9183006535947712,0.9397993311036787,0.9747292418772564,0.9246575342465754,0.9490333919156414,0.8958333333333334,0.7962962962962963,0.8431372549019608,0.9565217391304348,0.9694915254237289,0.9629629629629628,0.9678456591639872,0.9616613418530352,0.9647435897435898,0.0,0.0,0.0,0.8524096385542169,0.9528619528619529,0.8998410174880764
adam,0.005,99,0,9956.0,2493.0,70.0,1.0,0.0223362500334051,0.5511786554901973,0.9927681799919646,0.9530685920577616,0.8547026584687988,0.8476125123291014,0.8503616932451195,0.9531599295609028,10.229089975357056,0.9764309764309764,0.9797297297297296,0.9780775716694772,0.9880239520958084,0.9792284866468842,0.9836065573770492,0.8579881656804734,0.9731543624161074,0.9119496855345912,0.9603960396039604,0.9478827361563518,0.9540983606557376,0.9809160305343512,0.8801369863013698,0.927797833935018,0.9019607843137256,0.8363636363636363,0.8679245283018867,0.979381443298969,0.9628378378378378,0.9710391822827938,0.959752321981424,0.9872611464968152,0.9733124018838304,0.0,0.0,0.0,0.9421768707482994,0.929530201342282,0.9358108108108107
adam,0.005,99,1,9958.0,2491.0,70.0,1.0,0.018892007815774,0.77101990360632,0.9949789114279975,0.9526294660778803,0.8444727943426102,0.8444307827841404,0.844390235428716,0.9527050238214514,10.24329924583435,0.9632107023411371,0.972972972972973,0.9680672268907564,0.9908814589665652,0.9673590504451038,0.9789789789789788,0.9413680781758956,0.9697986577181208,0.9553719008264464,0.9140127388535032,0.9348534201954396,0.924315619967794,0.9686411149825784,0.952054794520548,0.9602763385146804,0.7962962962962963,0.7962962962962963,0.7962962962962963,0.969283276450512,0.9594594594594594,0.964346349745331,0.9552715654952076,0.9552715654952076,0.9552715654952076,0.0,0.0,0.0,0.9457627118644067,0.9362416107382552,0.9409780775716696
adam,0.005,99,2,9960.0,2489.0,70.0,2.0,0.0311855886441644,0.659795387132383,0.9909638554216867,0.946163117717959,0.8465798694053548,0.8284382361491162,0.8354990260265989,0.9459688761346128,10.147822856903076,0.9664429530201344,0.972972972972973,0.9696969696969696,0.9969418960244648,0.9673590504451038,0.9819277108433736,0.9575971731448764,0.9093959731543624,0.9328743545611016,0.9429530201342282,0.9183006535947712,0.9304635761589404,0.972318339100346,0.9623287671232876,0.9672977624784854,0.8780487804878049,0.6666666666666666,0.7578947368421053,0.8533724340175953,0.983108108108108,0.913657770800628,0.9587301587301588,0.9648562300319488,0.961783439490446,0.0,0.0,0.0,0.9393939393939394,0.9393939393939394,0.9393939393939394
adam,0.005,99,3,9960.0,2489.0,70.0,2.0,0.0593770867983025,0.5808768983117893,0.9894578313253012,0.9558055443953396,0.8603028245968775,0.857509744439524,0.8582915683095813,0.955975089842574,10.203619003295898,0.9570957095709572,0.9797297297297296,0.968280467445743,0.9823529411764704,0.9910979228486648,0.9867060561299852,0.8597560975609756,0.9463087248322148,0.900958466453674,0.9926739926739928,0.8856209150326797,0.936096718480138,0.9534883720930232,0.9828767123287672,0.9679595278246206,0.9433962264150944,0.925925925925926,0.9345794392523364,0.9964912280701754,0.9594594594594594,0.9776247848537004,0.9558359621451104,0.9680511182108626,0.961904761904762,0.0,0.0,0.0,0.9619377162629758,0.936026936026936,0.9488054607508531
adam,0.005,99,4,9962.0,2487.0,70.0,1.0,0.0213870590730839,0.8276171453458665,0.9948805460750854,0.9453156413349416,0.8424451234442077,0.8442433101490874,0.8431722558156292,0.9454887728195372,10.198050022125244,0.9761092150170648,0.9662162162162162,0.9711375212224108,0.9734513274336284,0.9792284866468842,0.9763313609467454,0.936026936026936,0.936026936026936,0.936026936026936,0.8847352024922118,0.9281045751633988,0.9059011164274324,0.9711191335740073,0.9212328767123288,0.9455184534270652,0.8392857142857143,0.8703703703703703,0.8545454545454546,0.9531772575250836,0.9661016949152542,0.9595959595959596,0.9672131147540984,0.9424920127795527,0.9546925566343042,0.0,0.0,0.0,0.9233333333333332,0.9326599326599326,0.9279731993299832
adam,0.01,42,0,9956.0,2493.0,70.0,5.0,0.2322040090165024,0.5570777630918592,0.9208517476898352,0.8816686722823907,0.8411877078562793,0.7474159898153643,0.767390382945937,0.8902540323816723,10.536072015762327,0.9827586206896552,0.9628378378378378,0.9726962457337884,0.996875,0.9465875370919882,0.9710806697108068,0.9703389830508474,0.7684563758389261,0.8576779026217227,0.9923954372623576,0.8501628664495114,0.9157894736842106,0.996078431372549,0.8698630136986302,0.9287020109689214,1.0,0.3272727272727272,0.4931506849315069,0.5242369838420108,0.9864864864864864,0.6846424384525205,0.9764309764309764,0.9235668789808916,0.9492635024549918,0.0,0.0,0.0,0.9727626459143968,0.8389261744966443,0.9009009009009008
adam,0.01,42,1,9958.0,2491.0,70.0,0.0,0.1855488703013166,0.7420531617306092,0.9518979714802168,0.9221196306704136,0.850778563189138,0.7963914894658817,0.8119242953726366,0.9250285009149738,10.384629964828491,0.9664429530201344,0.972972972972973,0.9696969696969696,0.993920972644377,0.9703264094955488,0.981981981981982,0.6613995485327314,0.9832214765100672,0.7908232118758435,0.9777777777777776,0.8599348534201955,0.9150779896013864,0.9885057471264368,0.8835616438356164,0.9330922242314648,1.0,0.5185185185185185,0.6829268292682926,0.9752650176678446,0.9324324324324323,0.9533678756476685,0.9829351535836176,0.9201277955271564,0.9504950495049505,0.0,0.0,0.0,0.9615384615384616,0.9228187919463088,0.9417808219178082
adam,0.01,42,2,9960.0,2489.0,70.0,3.0,0.2173343268711219,0.7100127063107055,0.9413654618473896,0.9023704298915228,0.8378352028815753,0.7873761170173286,0.8029758749524165,0.9076313378470195,10.47731113433838,0.9964664310954064,0.9527027027027029,0.9740932642487048,0.9669669669669668,0.9554896142433236,0.9611940298507462,0.977859778597786,0.889261744966443,0.9314586994727592,0.6081632653061224,0.9738562091503268,0.7487437185929648,0.9846743295019156,0.8801369863013698,0.9294755877034356,0.9428571428571428,0.6111111111111112,0.7415730337078652,0.9653979238754326,0.9425675675675677,0.953846153846154,0.9657534246575342,0.9009584664536742,0.9322314049586776,0.0,0.0,0.0,0.9702127659574468,0.7676767676767676,0.857142857142857
adam,0.01,42,3,9960.0,2489.0,70.0,0.0,0.1755483375550544,0.6360538257478161,0.9394578313253013,0.9031739654479712,0.8441075414379187,0.7702812059085156,0.787603348734656,0.9077011312980596,10.42077898979187,0.9823943661971832,0.9425675675675677,0.9620689655172414,0.9938650306748468,0.9614243323442137,0.9773755656108598,0.5971370143149284,0.9798657718120806,0.7420584498094027,0.9609929078014184,0.8856209150326797,0.9217687074829932,0.9551724137931036,0.9486301369863014,0.9518900343642612,1.0,0.3888888888888889,0.56,0.996309963099631,0.9121621621621622,0.9523809523809524,0.9715302491103204,0.8722044728434505,0.9191919191919192,0.0,0.0,0.0,0.9836734693877552,0.8114478114478114,0.88929889298893
adam,0.01,42,4,9962.0,2487.0,70.0,1.0,0.5918715630525285,0.9677175192709586,0.845914475005019,0.8266988339364696,0.7671401352859699,0.7237053805579633,0.6794437527465318,0.8136990116593893,10.287601232528688,0.9888059701492538,0.8952702702702703,0.9397163120567376,0.9881305637982196,0.9881305637982196,0.9881305637982196,1.0,0.0303030303030303,0.0588235294117647,0.6637362637362637,0.9869281045751634,0.7936925098554534,0.9790209790209792,0.958904109589041,0.9688581314878892,0.1182795698924731,0.6111111111111112,0.1981981981981982,0.98932384341637,0.9423728813559322,0.9652777777777778,0.9789473684210528,0.8913738019169329,0.9331103678929766,0.0,0.0,0.0,0.9651567944250872,0.9326599326599326,0.9486301369863012
adam,0.01,7,0,9956.0,2493.0,70.0,0.0,0.1985708413937895,0.746118274988365,0.9416432302129368,0.9009225832330524,0.8293353646254792,0.7751243661278302,0.7898439489482834,0.9052617860561558,10.129733085632324,0.9826388888888888,0.956081081081081,0.9691780821917808,0.973293768545994,0.973293768545994,0.973293768545994,0.6004140786749482,0.9731543624161074,0.7426376440460949,0.9914893617021276,0.758957654723127,0.8597785977859778,0.960144927536232,0.9075342465753424,0.9330985915492958,0.8666666666666667,0.4727272727272727,0.611764705882353,0.9769230769230768,0.8581081081081081,0.9136690647482014,0.970873786407767,0.9554140127388536,0.9630818619582664,0.0,0.0,0.0,0.9709090909090908,0.8959731543624161,0.9319371727748692
adam,0.01,7,1,9958.0,2491.0,70.0,5.0,0.1911988016677146,0.4974540986202354,0.9320144607350872,0.9048574869530308,0.8445613953947152,0.7923816127764711,0.8091122340053898,0.9124286812851922,10.359898805618286,0.9962825278810408,0.9054054054054054,0.9486725663716814,0.9938271604938272,0.9554896142433236,0.9742813918305596,0.9727626459143968,0.8389261744966443,0.9009009009009008,0.587890625,0.980456026058632,0.7350427350427351,0.9962406015037594,0.9075342465753424,0.949820788530466,0.945945945945946,0.6481481481481481,0.7692307692307693,0.9890510948905108,0.9155405405405406,0.950877192982456,0.9829931972789115,0.9233226837060704,0.9522240527182868,0.0,0.0,0.0,0.9806201550387597,0.8489932885906041,0.9100719424460432
adam,0.01,7,2,9960.0,2489.0,70.0,3.0,0.2465185595453599,0.7552492025187311,0.9134538152610442,0.8722378465247087,0.8353691037388236,0.7365159627459885,0.756090537604047,0.8802641823450879,10.260940074920654,0.9644128113879004,0.9155405405405406,0.9393414211438476,0.9938650306748468,0.9614243323442137,0.9773755656108598,0.5185185185185185,0.9865771812080536,0.6797687861271676,0.9875,0.7745098039215687,0.8681318681318682,0.991304347826087,0.7808219178082192,0.8735632183908045,1.0,0.2962962962962963,0.4571428571428571,0.975,0.9222972972972971,0.9479166666666666,0.9635761589403974,0.9297124600638976,0.9463414634146342,0.0,0.0,0.0,0.9595141700404858,0.797979797979798,0.8713235294117647
adam,0.01,7,3,9960.0,2489.0,70.0,0.0,0.2252378523160606,0.7722753550337167,0.9203815261044176,0.8850944154278827,0.8379824497055125,0.7700956713521994,0.7862462315885862,0.8898416578565251,10.33736801147461,0.9633333333333334,0.9763513513513512,0.9697986577181208,0.9821428571428572,0.9792284866468842,0.9806835066864784,0.5500945179584121,0.976510067114094,0.7037484885126966,0.95985401459854,0.8594771241830066,0.906896551724138,0.9927007299270072,0.9315068493150684,0.96113074204947,1.0,0.5555555555555556,0.7142857142857143,0.9858156028368794,0.9391891891891893,0.9619377162629756,0.9893617021276596,0.5942492012779552,0.7425149700598801,0.0,0.0,0.0,0.9565217391304348,0.8888888888888888,0.9214659685863874
adam,0.01,7,4,9962.0,2487.0,70.0,3.0,0.2689531791530614,0.7657872659343623,0.9313390885364384,0.881383192601528,0.8376050273715107,0.7553292173501488,0.7758706156546877,0.8900423334197747,10.461444854736328,0.9823943661971832,0.9425675675675677,0.9620689655172414,1.0,0.9584569732937686,0.9787878787878788,0.5395948434622467,0.9865319865319864,0.6976190476190475,0.98828125,0.826797385620915,0.900355871886121,0.9578544061302682,0.8561643835616438,0.9041591320072332,1.0,0.4259259259259259,0.5974025974025974,1.0,0.8372881355932204,0.911439114391144,0.9848484848484848,0.8306709265175719,0.901213171577123,0.0,0.0,0.0,0.9230769230769232,0.8888888888888888,0.9056603773584906
adam,0.01,13,0,9956.0,2493.0,70.0,2.0,0.1913319642373711,0.6621768691564466,0.9558055443953396,0.9229843561973526,0.8505637790591114,0.7920194930163252,0.8079386599704039,0.9250904009836516,10.452855825424194,0.986159169550173,0.9628378378378378,0.9743589743589745,0.9850299401197604,0.9762611275964392,0.9806259314456036,0.9572953736654805,0.9026845637583892,0.929188255613126,0.6697038724373576,0.9576547231270358,0.7882037533512064,0.9756944444444444,0.9623287671232876,0.9689655172413792,1.0,0.4545454545454545,0.625,0.9964028776978416,0.9358108108108107,0.9651567944250872,0.9753521126760564,0.8821656050955414,0.9264214046822744,0.0,0.0,0.0,0.96,0.8859060402684564,0.9214659685863874
adam,0.01,13,1,9958.0,2491.0,70.0,1.0,0.2322170659233756,0.6108550695545649,0.918758786905001,0.8904054596547571,0.8423907198292561,0.7680643409665459,0.788460329820923,0.8986999089220806,10.199627876281738,0.9887218045112782,0.8885135135135135,0.9359430604982208,0.990909090909091,0.9703264094955488,0.9805097451274364,0.5528301886792453,0.9832214765100672,0.7077294685990339,0.9856115107913668,0.8925081433224755,0.9367521367521366,0.988095238095238,0.8527397260273972,0.9154411764705884,1.0,0.5,0.6666666666666666,0.9914529914529916,0.7837837837837838,0.8754716981132076,0.9728813559322034,0.9169329073482428,0.944078947368421,0.0,0.0,0.0,0.953405017921147,0.8926174496644296,0.9220103986135182
adam,0.01,13,2,9960.0,2489.0,70.0,1.0,0.1921338252604088,0.5809987899332649,0.9336345381526104,0.8975492165528325,0.8413779060643798,0.7712213146437505,0.7908271543659223,0.9047468411562892,10.1706862449646,1.0,0.8716216216216216,0.9314079422382672,1.0,0.9495548961424332,0.9741248097412482,0.9776119402985076,0.8791946308724832,0.9257950530035336,0.5769230769230769,0.9803921568627452,0.7263922518159805,0.9814814814814816,0.9075342465753424,0.9430604982206404,0.9615384615384616,0.4629629629629629,0.625,0.9809885931558936,0.8716216216216216,0.923076923076923,0.9895833333333334,0.9105431309904152,0.9484193011647256,0.0,0.0,0.0,0.9456521739130436,0.8787878787878788,0.9109947643979056
adam,0.01,13,3,9960.0,2489.0,70.0,0.0,0.1683196399059631,0.5900999150696582,0.9389558232931728,0.8995580554439534,0.8349961679310954,0.7939204879435383,0.8068380385855504,0.9072486032561824,10.153349161148071,0.9922178988326849,0.8614864864864865,0.922242314647378,0.9969512195121952,0.9703264094955488,0.9834586466165413,0.9765625,0.8389261744966443,0.9025270758122744,0.5859375,0.9803921568627452,0.7334963325183373,0.988593155893536,0.8904109589041096,0.9369369369369368,0.8863636363636364,0.7222222222222222,0.7959183673469388,0.9890909090909092,0.918918918918919,0.9527145359019265,0.9790209790209792,0.8945686900958466,0.9348914858096828,0.0,0.0,0.0,0.9552238805970148,0.8619528619528619,0.9061946902654868
adam,0.01,13,4,9962.0,2487.0,70.0,3.0,0.2621810669808689,0.589759912885384,0.9043364786187512,0.8854041013268998,0.8396293595067265,0.7726266774063189,0.7897497100822494,0.89126769679305,10.339514017105104,0.9849624060150376,0.8851351351351351,0.9323843416370108,0.9850746268656716,0.9792284866468842,0.982142857142857,0.9885714285714284,0.5824915824915825,0.733050847457627,0.5471014492753623,0.9869281045751634,0.703962703962704,0.9854545454545456,0.928082191780822,0.9559082892416224,0.9705882352941176,0.6111111111111112,0.7499999999999999,0.9847908745247148,0.8779661016949153,0.92831541218638,0.9639344262295082,0.939297124600639,0.9514563106796116,0.0,0.0,0.0,0.9858156028368794,0.936026936026936,0.9602763385146804
adam,0.01,21,0,9956.0,2493.0,70.0,6.0,0.2083735589741226,0.3935901677321613,0.917838489353154,0.8820697954271961,0.8457982216020463,0.7543583829065732,0.7773821363368429,0.8919902100881552,10.408427000045776,0.9928057553956836,0.9324324324324323,0.961672473867596,0.996969696969697,0.9762611275964392,0.9865067466266868,0.9883720930232558,0.8557046979865772,0.9172661870503598,0.5206896551724138,0.98371335504886,0.6809470124013528,0.9920948616600792,0.8595890410958904,0.9211009174311928,1.0,0.4181818181818181,0.5897435897435896,0.9925373134328358,0.8986486486486487,0.943262411347518,0.9930313588850174,0.9076433121019108,0.9484193011647254,0.0,0.0,0.0,0.9814814814814816,0.7114093959731543,0.8249027237354085
adam,0.01,21,1,9958.0,2491.0,70.0,5.0,0.1564275006449086,0.5856896191948742,0.9453705563366138,0.9032517061421116,0.8376984044273618,0.7804989547577088,0.7973928117351343,0.9091970915959506,10.50722599029541,0.9963898916967509,0.9324324324324323,0.963350785340314,0.9908814589665652,0.9673590504451038,0.9789789789789788,0.9875,0.7953020134228188,0.8810408921933086,0.5968379446640316,0.98371335504886,0.7429274292742927,0.9855072463768116,0.9315068493150684,0.9577464788732394,0.9032258064516128,0.5185185185185185,0.6588235294117647,0.9711191335740073,0.9087837837837838,0.9389179755671904,0.9858156028368794,0.8881789137380192,0.9344537815126048,0.0,0.0,0.0,0.9597069597069596,0.8791946308724832,0.9176882661996496
adam,0.01,21,2,9960.0,2489.0,70.0,1.0,0.1678847656040926,0.7651611865058907,0.9390562248995984,0.887906789875452,0.7971035444345672,0.8043011066176335,0.7729398258092628,0.9136125633500062,10.4213969707489,0.9855072463768116,0.918918918918919,0.951048951048951,0.975975975975976,0.9643916913946587,0.9701492537313432,0.95703125,0.8221476510067114,0.8844765342960288,0.9717314487632508,0.8986928104575164,0.933786078098472,0.96,0.9041095890410958,0.9312169312169312,0.1925925925925926,0.9629629629629628,0.3209876543209877,0.981132075471698,0.8783783783783784,0.9269162210338682,0.975177304964539,0.8785942492012779,0.9243697478991596,0.0,0.0,0.0,0.9718875502008032,0.8148148148148148,0.8864468864468864
adam,0.01,21,3,9960.0,2489.0,70.0,4.0,0.1618150530996501,0.6071209228972061,0.9474899598393576,0.9228605865809562,0.849379300719024,0.8045419486673977,0.819290989683053,0.926582779681946,10.420348882675173,0.9895833333333334,0.9628378378378378,0.976027397260274,0.9907692307692308,0.9554896142433236,0.972809667673716,0.9642857142857144,0.906040268456376,0.934256055363322,0.6629464285714286,0.9705882352941176,0.7877984084880637,0.9924812030075189,0.9041095890410958,0.946236559139785,0.9705882352941176,0.6111111111111112,0.7499999999999999,0.9857651245551602,0.9358108108108107,0.9601386481802426,0.9595959595959596,0.9105431309904152,0.9344262295081966,0.0,0.0,0.0,0.9777777777777776,0.8888888888888888,0.931216931216931
adam,0.01,21,4,9962.0,2487.0,70.0,3.0,0.2357876443402274,0.7568400910308755,0.9267215418590644,0.887816646562123,0.8362528671674502,0.7675082224478971,0.7862303837624566,0.894237582684188,10.467727184295654,0.988929889298893,0.9054054054054054,0.945326278659612,0.9851632047477744,0.9851632047477744,0.9851632047477744,0.9858490566037736,0.7037037037037037,0.8212180746561885,0.5657894736842105,0.9836601307189542,0.7183770883054893,0.9612676056338028,0.934931506849315,0.9479166666666669,0.9655172413793104,0.5185185185185185,0.6746987951807228,0.9886792452830188,0.888135593220339,0.9357142857142856,0.9708029197080292,0.8498402555910544,0.9063032367972744,0.0,0.0,0.0,0.950530035335689,0.9057239057239056,0.9275862068965516
adam,0.01,99,0,9956.0,2493.0,70.0,0.0,0.1936467885580392,0.5372125504625136,0.9378264363198072,0.9097472924187726,0.8475897289342406,0.7869656013337324,0.8038688730908268,0.91470035982147,10.411195039749146,0.6112266112266113,0.9932432432432432,0.7567567567567568,0.9909638554216867,0.9762611275964392,0.98355754857997,0.9783393501805054,0.9093959731543624,0.942608695652174,0.992,0.8078175895765473,0.8904847396768403,0.9714285714285714,0.9315068493150684,0.9510489510489512,1.0,0.5272727272727272,0.6904761904761904,0.9854545454545456,0.9155405405405406,0.9492119089316988,0.9800664451827242,0.9394904458598726,0.959349593495935,0.0,0.0,0.0,0.9664179104477612,0.8691275167785235,0.9151943462897526
adam,0.01,99,1,9958.0,2491.0,70.0,2.0,0.259738810051853,0.6298859208803423,0.9201646917051616,0.8968285828984344,0.8409713626740389,0.7924855167811244,0.8075826970327864,0.9050475466099082,10.333259105682371,0.9822695035460992,0.9358108108108107,0.9584775086505192,0.9969325153374232,0.9643916913946587,0.9803921568627452,0.979253112033195,0.7919463087248322,0.8756957328385898,0.9717314487632508,0.8957654723127035,0.9322033898305084,0.9890909090909092,0.9315068493150684,0.9594356261022928,0.975,0.7222222222222222,0.8297872340425532,0.9817518248175182,0.9087837837837838,0.943859649122807,0.9695817490494296,0.8146964856230032,0.8854166666666666,0.0,0.0,0.0,0.5641025641025641,0.959731543624161,0.7105590062111801
adam,0.01,99,2,9960.0,2489.0,70.0,3.0,0.1395250808386426,0.761375048659594,0.9504016064257028,0.907191643230213,0.8366730618483859,0.7792652682915794,0.7950853598185204,0.911296825280396,10.482563734054564,0.9823943661971832,0.9425675675675677,0.9620689655172414,0.9879518072289156,0.973293768545994,0.9805680119581464,0.9798387096774194,0.8154362416107382,0.8901098901098901,0.950354609929078,0.8758169934640523,0.91156462585034,0.9850187265917604,0.9006849315068494,0.9409660107334524,0.925925925925926,0.4629629629629629,0.617283950617284,0.9750889679715302,0.9256756756756755,0.949740034662045,0.9634551495016612,0.926517571884984,0.9446254071661238,0.0,0.0,0.0,0.6167023554603854,0.9696969696969696,0.7539267015706806
adam,0.01,99,3,9960.0,2489.0,70.0,4.0,0.1304492221035527,0.5610290145693316,0.953714859437751,0.9176376054640418,0.8464599449023366,0.80159029869302,0.8161908193435577,0.9216265143456536,10.28706407546997,1.0,0.9155405405405406,0.9559082892416226,0.9939024390243902,0.9673590504451038,0.9804511278195488,0.9592592592592591,0.8691275167785235,0.9119718309859156,0.649890590809628,0.9705882352941176,0.7785058977719527,0.9717314487632508,0.9417808219178082,0.9565217391304348,0.9714285714285714,0.6296296296296297,0.7640449438202247,0.9694915254237289,0.9662162162162162,0.9678510998307952,0.976027397260274,0.9105431309904152,0.9421487603305784,0.0,0.0,0.0,0.9728682170542636,0.8451178451178452,0.9045045045045044
adam,0.01,99,4,9962.0,2487.0,70.0,1.0,0.1558006578020252,0.592914221923649,0.9436860068259386,0.904302372336148,0.8466973793993884,0.7720030011171906,0.7910067780818575,0.9095783797868688,10.116850137710571,0.9891696750902528,0.9256756756756755,0.956369982547993,0.987987987987988,0.9762611275964392,0.982089552238806,0.9777777777777776,0.8888888888888888,0.931216931216931,0.5968063872255489,0.977124183006536,0.7410161090458487,0.984375,0.863013698630137,0.9197080291970804,1.0,0.4074074074074074,0.5789473684210525,0.988929889298893,0.9084745762711864,0.9469964664310954,0.9825174825174824,0.8977635782747604,0.9382303839732888,0.0,0.0,0.0,0.959409594095941,0.8754208754208754,0.915492957746479
