recall,precision,threshold
0.0011507479861910242,1.0,0.9999999999312056
0.0023014959723820483,1.0,0.9999999997511132
0.0034522439585730723,1.0,0.9999999985027112
0.004602991944764097,1.0,0.9999999979182076
0.005753739930955121,1.0,0.9999999959598732
0.006904487917146145,1.0,0.999999995799234
0.00805523590333717,1.0,0.9999999956460164
0.009205983889528193,1.0,0.9999999946817908
0.010356731875719217,1.0,0.9999999840351006
0.011507479861910242,1.0,0.9999999778101856
0.012658227848101266,1.0,0.9999999266636476
0.01380897583429229,1.0,0.9999999265930304
0.014959723820483314,1.0,0.9999999204437944
0.01611047180667434,1.0,0.9999999063295087
0.01726121979286536,1.0,0.9999998866729248
0.018411967779056387,1.0,0.9999998296389524
0.019562715765247412,1.0,0.9999998236820382
0.020713463751438434,1.0,0.9999996678941592
0.02186421173762946,1.0,0.9999995366480744
0.023014959723820484,1.0,0.999999509998945
0.024165707710011506,1.0,0.9999994173346702
0.02531645569620253,1.0,0.9999993342080412
0.026467203682393557,1.0,0.9999991139854768
0.02761795166858458,1.0,0.9999989684288952
0.028768699654775604,1.0,0.9999989177956664
0.02991944764096663,1.0,0.9999988947772978
0.031070195627157654,1.0,0.999998791932208
0.03222094361334868,1.0,0.9999987394262736
0.0333716915995397,1.0,0.9999986598225006
0.03452243958573072,1.0,0.9999986182106044
0.03567318757192175,1.0,0.9999986037947896
0.03682393555811277,1.0,0.999998581365981
0.0379746835443038,1.0,0.9999985668568874
0.039125431530494824,1.0,0.9999983924765634
0.04027617951668585,1.0,0.9999982139478636
0.04142692750287687,1.0,0.9999980984952012
0.04257767548906789,1.0,0.9999972674132088
0.04372842347525892,1.0,0.9999972125783774
0.04487917146144994,1.0,0.9999971803031218
0.04602991944764097,1.0,0.9999970305657928
0.047180667433831994,1.0,0.999996757313855
0.04833141542002301,1.0,0.9999966985239874
0.04948216340621404,1.0,0.9999966056148052
0.05063291139240506,1.0,0.999996458360804
0.05178365937859609,1.0,0.9999959888102786
0.05293440736478711,1.0,0.99999507857603
0.05408515535097814,1.0,0.9999946739587512
0.05523590333716916,1.0,0.999994540517482
0.05638665132336018,1.0,0.999993599549786
0.05753739930955121,1.0,0.9999935191362952
0.05868814729574223,1.0,0.9999931834674964
0.05983889528193326,1.0,0.9999923050758552
0.06098964326812428,1.0,0.9999922451681678
0.06214039125431531,1.0,0.999992005399257
0.06329113924050633,1.0,0.9999920051680248
0.06444188722669736,1.0,0.9999918785821144
0.06559263521288838,1.0,0.9999913607144
0.0667433831990794,1.0,0.9999910769291404
0.06789413118527042,1.0,0.9999899291550316
0.06904487917146145,1.0,0.9999892060551476
0.07019562715765247,1.0,0.9999888743574996
0.0713463751438435,1.0,0.999988732370514
0.07249712313003452,1.0,0.999987275467188
0.07364787111622555,1.0,0.9999869804313622
0.07479861910241657,1.0,0.9999868304191296
0.0759493670886076,1.0,0.9999857886210723
0.07710011507479862,1.0,0.9999857331449312
0.07825086306098965,1.0,0.9999855386468522
0.07940161104718067,1.0,0.9999850552679173
0.0805523590333717,1.0,0.999984754879598
0.08170310701956271,1.0,0.999984066443888
0.08285385500575373,1.0,0.9999840288108672
0.08400460299194476,1.0,0.9999825284322976
0.08515535097813579,1.0,0.9999811049092668
0.08630609896432681,1.0,0.9999802092037536
0.08745684695051784,1.0,0.9999801335842772
0.08860759493670886,1.0,0.9999786651323184
0.08975834292289989,1.0,0.9999775017336202
0.09090909090909091,1.0,0.9999774905030788
0.09205983889528194,1.0,0.999977407533192
0.09321058688147296,1.0,0.9999755820890016
0.09436133486766399,1.0,0.9999747293578556
0.09551208285385501,1.0,0.9999745369074502
0.09666283084004602,1.0,0.9999745359769132
0.09781357882623705,1.0,0.9999730280798172
0.09896432681242807,1.0,0.9999727278351064
0.1001150747986191,1.0,0.99997227172901
0.10126582278481013,1.0,0.999972155882166
0.10241657077100115,1.0,0.9999715667129152
0.10356731875719218,1.0,0.9999701823425589
0.1047180667433832,1.0,0.9999645994983332
0.10586881472957423,1.0,0.9999638465745452
0.10701956271576525,1.0,0.999963059620712
0.10817031070195628,1.0,0.9999628636435776
0.1093210586881473,1.0,0.9999563055024344
0.11047180667433831,1.0,0.9999510499988546
0.11162255466052934,1.0,0.9999501145133276
0.11277330264672036,1.0,0.9999463196790848
0.11392405063291139,1.0,0.999945264746921
0.11507479861910241,1.0,0.9999445882678266
0.11622554660529344,1.0,0.9999397822639128
0.11737629459148446,1.0,0.9999378002150022
0.11852704257767549,1.0,0.999936962503267
0.11967779056386652,1.0,0.9999364723418636
0.12082853855005754,1.0,0.9999318096283776
0.12197928653624857,1.0,0.999931275592738
0.12313003452243959,1.0,0.9999274106687038
0.12428078250863062,1.0,0.9999253159842628
0.12543153049482164,1.0,0.9999243871678304
0.12658227848101267,1.0,0.999919953421037
0.1277330264672037,1.0,0.999917165082474
0.12888377445339472,1.0,0.9999162385441824
0.13003452243958574,1.0,0.9999133260023942
0.13118527042577677,1.0,0.9999080266585824
0.1323360184119678,1.0,0.9999030764440806
0.1334867663981588,1.0,0.9999020102083328
0.13463751438434982,1.0,0.9999018669959724
0.13578826237054084,1.0,0.9999008126584435
0.13693901035673187,1.0,0.9998988426372152
0.1380897583429229,1.0,0.9998923791970892
0.13924050632911392,1.0,0.999883598539514
0.14039125431530494,1.0,0.9998828085689128
0.14154200230149597,1.0,0.9998737903889466
0.142692750287687,1.0,0.9998736194653364
0.14384349827387802,1.0,0.99987299579179
0.14499424626006904,1.0,0.9998675607769696
0.14614499424626007,1.0,0.9998562605277264
0.1472957422324511,1.0,0.9998525427749968
0.14844649021864212,1.0,0.9998478733592604
0.14959723820483314,1.0,0.999837501066982
0.15074798619102417,1.0,0.9998370418119956
0.1518987341772152,1.0,0.9998361284259812
0.15304948216340622,1.0,0.999835668825318
0.15420023014959724,1.0,0.999829132190808
0.15535097813578827,1.0,0.9998257724212476
0.1565017261219793,1.0,0.9998071301035372
0.15765247410817032,1.0,0.9998040919331548
0.15880322209436135,1.0,0.9997949025558536
0.15995397008055237,1.0,0.9997863254152992
0.1611047180667434,1.0,0.9997767692491958
0.1622554660529344,1.0,0.99976458295311
0.16340621403912542,1.0,0.9997620478244448
0.16455696202531644,1.0,0.999758698385012
0.16570771001150747,1.0,0.99975819756827
0.1668584579976985,1.0,0.999752811059662
0.16800920598388952,1.0,0.9997501786947708
0.16915995397008055,1.0,0.9997440617212512
0.17031070195627157,1.0,0.9997440511424788
0.1714614499424626,1.0,0.9997406610360744
0.17261219792865362,1.0,0.9997175343819236
0.17376294591484465,1.0,0.9997142005548292
0.17491369390103567,1.0,0.9997132604272664
0.1760644418872267,1.0,0.9997115065461416
0.17721518987341772,1.0,0.9997061463032252
0.17836593785960875,1.0,0.9997046380912332
0.17951668584579977,1.0,0.9996958240431014
0.1806674338319908,1.0,0.9996929618407816
0.18181818181818182,1.0,0.9996921133900888
0.18296892980437285,1.0,0.999689039380014
0.18411967779056387,1.0,0.9996860345713492
0.1852704257767549,1.0,0.9996765484787596
0.18642117376294592,1.0,0.9996751636558718
0.18757192174913695,1.0,0.9996718911944442
0.18872266973532797,1.0,0.9996717107363524
0.189873417721519,1.0,0.9996706269922576
0.19102416570771003,1.0,0.9996627541414258
0.19217491369390102,1.0,0.9996509097404452
0.19332566168009205,1.0,0.9996359933936754
0.19447640966628307,1.0,0.9996310305955122
0.1956271576524741,1.0,0.9995952726082226
0.19677790563866512,1.0,0.9995712312535008
0.19792865362485615,1.0,0.9995330382839296
0.19907940161104717,1.0,0.9995020714141178
0.2002301495972382,1.0,0.9994913784841444
0.20138089758342922,1.0,0.9994910884705168
0.20253164556962025,1.0,0.9994730849118668
0.20368239355581128,1.0,0.9994721698630674
0.2048331415420023,1.0,0.9994558952723768
0.20598388952819333,1.0,0.9994532518442074
0.20713463751438435,1.0,0.9994388816241782
0.20828538550057538,1.0,0.9994321763249662
0.2094361334867664,1.0,0.9994286889923416
0.21058688147295743,1.0,0.9994106056359362
0.21173762945914845,1.0,0.9994027459330674
0.21288837744533948,1.0,0.9993971780748118
0.2140391254315305,1.0,0.9993700843579896
0.21518987341772153,1.0,0.9993503099709375
0.21634062140391255,1.0,0.9993196694784736
0.21749136939010358,1.0,0.9993163273151788
0.2186421173762946,1.0,0.9992862995212598
0.21979286536248563,1.0,0.999275157642672
0.22094361334867663,1.0,0.9992707726454148
0.22209436133486765,1.0,0.9992676645109632
0.22324510932105868,1.0,0.9992297423656892
0.2243958573072497,1.0,0.999218050785869
0.22554660529344073,1.0,0.9992066135626776
0.22669735327963175,1.0,0.9992054038457068
0.22784810126582278,1.0,0.999202210010318
0.2289988492520138,1.0,0.9991900559299656
0.23014959723820483,1.0,0.9991797414834924
0.23130034522439585,1.0,0.999172735525161
0.23245109321058688,1.0,0.9991681249005588
0.2336018411967779,1.0,0.9991267551245568
0.23475258918296893,1.0,0.9991195349005908
0.23590333716915995,1.0,0.9990971540337454
0.23705408515535098,1.0,0.9990682310302238
0.238204833141542,1.0,0.999051077055946
0.23935558112773303,1.0,0.9990482795349284
0.24050632911392406,1.0,0.9990444369701648
0.24165707710011508,1.0,0.9989834975409492
0.2428078250863061,1.0,0.9989700897168952
0.24395857307249713,1.0,0.9989494511931786
0.24510932105868816,1.0,0.99891777932808
0.24626006904487918,1.0,0.9988840038592174
0.2474108170310702,1.0,0.998882220672719
0.24856156501726123,1.0,0.9988386352748992
0.24971231300345226,1.0,0.9988109547385956
0.2508630609896433,1.0,0.99879544265627
0.2520138089758343,1.0,0.9987840414838836
0.25316455696202533,1.0,0.998775112993176
0.25431530494821636,1.0,0.9987554949067492
0.2554660529344074,1.0,0.998750065194707
0.2566168009205984,1.0,0.9987424690716404
0.25776754890678943,1.0,0.9987407504817968
0.25891829689298046,1.0,0.9986813575653248
0.2600690448791715,1.0,0.9986393510067466
0.2612197928653625,1.0,0.9986262937716426
0.26237054085155354,1.0,0.998613009775885
0.26352128883774456,1.0,0.9985877810848356
0.2646720368239356,1.0,0.9985602196530596
0.26582278481012656,1.0,0.9985526706707066
0.2669735327963176,1.0,0.9985406563725032
0.2681242807825086,1.0,0.9985158532396468
0.26927502876869963,1.0,0.9984656809715504
0.27042577675489066,1.0,0.9984370864157456
0.2715765247410817,1.0,0.9984164422407026
0.2727272727272727,1.0,0.9984040616126104
0.27387802071346373,1.0,0.998381009753494
0.27502876869965476,1.0,0.998378015281044
0.2761795166858458,1.0,0.998375050773838
0.2773302646720368,1.0,0.998367728589255
0.27848101265822783,1.0,0.9983351138868816
0.27963176064441886,1.0,0.9983136248424924
0.2807825086306099,1.0,0.9983063848886908
0.2819332566168009,1.0,0.9982905443284604
0.28308400460299193,1.0,0.9982676308240038
0.28423475258918296,1.0,0.9982543117006024
0.285385500575374,1.0,0.9982440467663348
0.286536248561565,1.0,0.998168950904618
0.28768699654775604,1.0,0.998141140604684
0.28883774453394706,1.0,0.9980824985240782
0.2899884925201381,1.0,0.9980487190151476
0.2911392405063291,1.0,0.9980173032158596
0.29228998849252014,1.0,0.997988348197653
0.29344073647871116,1.0,0.997966551100847
0.2945914844649022,1.0,0.9979344998847968
0.2957422324510932,1.0,0.997930329355621
0.29689298043728424,1.0,0.9979279884775638
0.29804372842347526,1.0,0.9978879673374116
0.2991944764096663,1.0,0.9978841027808264
0.3003452243958573,1.0,0.9978075868767868
0.30149597238204834,1.0,0.997797752015882
0.30264672036823936,1.0,0.9977886225885714
0.3037974683544304,1.0,0.9977382505564352
0.3049482163406214,1.0,0.9977039664185304
0.30609896432681244,1.0,0.9976285410300008
0.30724971231300346,1.0,0.99757069043145
0.3084004602991945,1.0,0.997505936980766
0.3095512082853855,1.0,0.99748936460022
0.31070195627157654,1.0,0.9974625682083248
0.31185270425776757,1.0,0.9974456440017084
0.3130034522439586,1.0,0.9973755483528228
0.3141542002301496,1.0,0.9973673466582458
0.31530494821634064,1.0,0.9973663918190334
0.31645569620253167,1.0,0.9973455026961818
0.3176064441887227,1.0,0.9973366067076728
0.3187571921749137,1.0,0.9973052908078957
0.31990794016110474,1.0,0.9972708364780304
0.32105868814729577,1.0,0.9972694038349432
0.3222094361334868,1.0,0.9972630321376552
0.3233601841196778,1.0,0.9972403885872272
0.3245109321058688,1.0,0.997232320108702
0.3256616800920598,1.0,0.997138110272202
0.32681242807825084,1.0,0.9970373786259582
0.32796317606444186,1.0,0.9970188368530029
0.3291139240506329,1.0,0.9969539088243414
0.3302646720368239,1.0,0.9969175669357766
0.33141542002301494,1.0,0.9968718720136934
0.33256616800920596,1.0,0.9968295732197472
0.333716915995397,1.0,0.9968187649816864
0.334867663981588,1.0,0.9968166635975328
0.33601841196777904,1.0,0.9968148532832736
0.33716915995397007,1.0,0.9967054180829408
0.3383199079401611,1.0,0.9966539574229012
0.3394706559263521,1.0,0.9965736547498208
0.34062140391254314,1.0,0.996566840535094
0.34177215189873417,1.0,0.996510622985151
0.3429228998849252,1.0,0.9964405905808716
0.3440736478711162,1.0,0.996426171020792
0.34522439585730724,1.0,0.9964067357962956
0.34637514384349827,1.0,0.996399917963492
0.3475258918296893,1.0,0.9963117341460253
0.3486766398158803,1.0,0.9963009564867528
0.34982738780207134,1.0,0.9962561695946136
0.35097813578826237,1.0,0.9961957765766448
0.3521288837744534,1.0,0.9961884887434496
0.3532796317606444,1.0,0.996167423195568
0.35443037974683544,1.0,0.9961369235437628
0.35558112773302647,1.0,0.996117375437834
0.3567318757192175,1.0,0.9961089083814696
0.3578826237054085,1.0,0.9961061352442316
0.35903337169159955,1.0,0.9960837535388072
0.36018411967779057,1.0,0.9960760372319702
0.3613348676639816,1.0,0.9960685795478093
0.3624856156501726,1.0,0.9960680467072202
0.36363636363636365,1.0,0.9959912601497056
0.36478711162255467,1.0,0.995984049362144
0.3659378596087457,1.0,0.9958554661818072
0.3670886075949367,1.0,0.995837349708036
0.36823935558112775,1.0,0.995812094092713
0.3693901035673188,1.0,0.9958059837312774
0.3705408515535098,1.0,0.9957806656296404
0.3716915995397008,1.0,0.9957794889800606
0.37284234752589185,1.0,0.9957792021875904
0.3739930955120829,1.0,0.9957731035528016
0.3751438434982739,1.0,0.9957414037974234
0.3762945914844649,1.0,0.9957250719860266
0.37744533947065595,1.0,0.995719976445884
0.378596087456847,1.0,0.9957164332689504
0.379746835443038,1.0,0.9956826989070698
0.380897583429229,1.0,0.995605863342582
0.38204833141542005,1.0,0.9955672222949478
0.383199079401611,1.0,0.9954273566190984
0.38434982738780205,1.0,0.99539756045916
0.38550057537399307,1.0,0.9953854895890316
0.3866513233601841,1.0,0.9953819803824407
0.3878020713463751,1.0,0.9953791618108292
0.38895281933256615,1.0,0.9952602513032114
0.39010356731875717,1.0,0.9952371888123598
0.3912543153049482,1.0,0.9952141942476692
0.3924050632911392,1.0,0.9952138390087027
0.39355581127733025,1.0,0.9952006268706806
0.3947065592635213,1.0,0.9951957382674288
0.3958573072497123,1.0,0.9951688022203032
0.3970080552359033,1.0,0.9951290853832228
0.39815880322209435,1.0,0.9949545716100412
0.3993095512082854,1.0,0.9949271122920031
0.4004602991944764,1.0,0.9948723557427906
0.4016110471806674,1.0,0.994864222231264
0.40276179516685845,1.0,0.9948500205393368
0.4039125431530495,1.0,0.994829199417946
0.4050632911392405,1.0,0.9948207160175364
0.4062140391254315,1.0,0.9946951332845564
0.40736478711162255,1.0,0.9946808929890166
0.4085155350978136,1.0,0.9946337409371035
0.4096662830840046,1.0,0.994620615831435
0.4108170310701956,1.0,0.9945582004061428
0.41196777905638665,1.0,0.994526257178405
0.4131185270425777,1.0,0.994482543194283
0.4142692750287687,1.0,0.9944666887457828
0.4154200230149597,1.0,0.9944578044634932
0.41657077100115075,1.0,0.9944570336344696
0.4177215189873418,1.0,0.994257973472978
0.4188722669735328,1.0,0.9942466843713232
0.42002301495972383,1.0,0.9942114938516724
0.42117376294591485,1.0,0.9941888946227716
0.4223245109321059,1.0,0.994178212118967
0.4234752589182969,1.0,0.994122895430546
0.42462600690448793,1.0,0.99407065920963
0.42577675489067895,1.0,0.9940621085629052
0.42692750287687,1.0,0.994016054341238
0.428078250863061,1.0,0.9939418487094696
0.42922899884925203,1.0,0.9939382718120612
0.43037974683544306,1.0,0.9938615147918236
0.4315304948216341,1.0,0.9938324825090032
0.4326812428078251,1.0,0.9938315544374676
0.43383199079401613,1.0,0.9938272521909592
0.43498273878020716,1.0,0.9938241128802272
0.4361334867663982,1.0,0.9938041157561974
0.4372842347525892,1.0,0.993765066449516
0.43843498273878023,1.0,0.9937592593513784
0.43958573072497126,1.0,0.9937188377945146
0.4407364787111623,1.0,0.9936932013949454
0.44188722669735325,1.0,0.9936656435230272
0.4430379746835443,1.0,0.993659942998084
0.4441887226697353,1.0,0.9936545906943604
0.44533947065592633,1.0,0.9936359616924292
0.44649021864211735,1.0,0.993596440641679
0.4476409666283084,1.0,0.9935761847959084
0.4487917146144994,1.0,0.9935588436071614
0.44994246260069043,1.0,0.9935331711876484
0.45109321058688145,1.0,0.9935152517863608
0.4522439585730725,1.0,0.9934177020187172
0.4533947065592635,1.0,0.9934156413926128
0.45454545454545453,1.0,0.9934025568236255
0.45569620253164556,1.0,0.9933985247917676
0.4568469505178366,1.0,0.9933694165134916
0.4579976985040276,1.0,0.9933103879064706
0.45914844649021863,1.0,0.9932798406658084
0.46029919447640966,1.0,0.9932681778768088
0.4614499424626007,1.0,0.993246384911328
0.4626006904487917,1.0,0.9932175572962854
0.46375143843498273,1.0,0.9932031626966616
0.46490218642117376,1.0,0.9931281865034398
0.4660529344073648,1.0,0.9931227607611236
0.4672036823935558,1.0,0.9931211865969152
0.46835443037974683,1.0,0.9930897285611872
0.46950517836593786,1.0,0.992988300673616
0.4706559263521289,1.0,0.992987689111235
0.4718066743383199,1.0,0.9929755724830608
0.47295742232451093,1.0,0.9929569429448376
0.47410817031070196,1.0,0.9928303652324164
0.475258918296893,1.0,0.9926578049586042
0.476409666283084,1.0,0.992632206838594
0.47756041426927504,1.0,0.9926217749400728
0.47871116225546606,1.0,0.9925763660476912
0.4798619102416571,1.0,0.9925526906072852
0.4810126582278481,1.0,0.9924879573946
0.48216340621403914,1.0,0.9924825338870016
0.48331415420023016,1.0,0.992457817318659
0.4844649021864212,1.0,0.9924105877250096
0.4856156501726122,1.0,0.9923694656987236
0.48676639815880324,1.0,0.9923420597962136
0.48791714614499426,1.0,0.9922036985559636
0.4890678941311853,1.0,0.9920484082723292
0.4902186421173763,1.0,0.9919585485195987
0.49136939010356734,1.0,0.9919428194785072
0.49252013808975836,1.0,0.99189289247513
0.4936708860759494,1.0,0.9918877321957772
0.4948216340621404,1.0,0.9917564876486968
0.49597238204833144,1.0,0.991729975062976
0.49712313003452246,1.0,0.9917199733284636
0.4982738780207135,1.0,0.9914551846623988
0.4994246260069045,1.0,0.9913555487906326
0.5005753739930955,1.0,0.9913061551886188
0.5017261219792866,1.0,0.9912954511019528
0.5028768699654775,1.0,0.9911283000310992
0.5040276179516686,1.0,0.9910984964533688
0.5051783659378596,1.0,0.9910875361168192
0.5063291139240507,1.0,0.9910807286168858
0.5074798619102416,1.0,0.9910693939611128
0.5086306098964327,1.0,0.9910260818580464
0.5097813578826237,1.0,0.9909934736495992
0.5109321058688148,1.0,0.9909215960716434
0.5120828538550057,1.0,0.9907871441714652
0.5132336018411968,1.0,0.9906223736670589
0.5143843498273878,1.0,0.9906030494075252
0.5155350978135789,1.0,0.9905411620495792
0.5166858457997698,1.0,0.990209444586673
0.5178365937859609,1.0,0.9900859308846964
0.5189873417721519,1.0,0.9900313205968584
0.520138089758343,1.0,0.9900037897368617
0.5212888377445339,1.0,0.989956280027555
0.522439585730725,1.0,0.9899433710550428
0.523590333716916,1.0,0.9899398309204216
0.5247410817031071,1.0,0.9899196552349716
0.525891829689298,1.0,0.9898898419375484
0.5270425776754891,1.0,0.989881710632926
0.5281933256616801,1.0,0.9898136947602014
0.5293440736478712,1.0,0.9896680307744666
0.5304948216340621,1.0,0.989573166056607
0.5316455696202531,1.0,0.9895436912993965
0.5327963176064442,1.0,0.9894750170017232
0.5339470655926352,1.0,0.9894653152299384
0.5350978135788262,1.0,0.989406001816943
0.5362485615650172,1.0,0.9894031747569356
0.5373993095512083,1.0,0.9892281683541072
0.5385500575373993,1.0,0.9891636211834308
0.5397008055235903,1.0,0.9891090138340378
0.5408515535097813,1.0,0.9890220818193388
0.5420023014959724,1.0,0.988991352279992
0.5431530494821634,1.0,0.9888633703592028
0.5443037974683544,1.0,0.9887723649833
0.5454545454545454,1.0,0.9883624720853574
0.5466052934407365,1.0,0.9883596698182656
0.5477560414269275,1.0,0.9883567060800712
0.5489067894131185,1.0,0.9882426284250674
0.5500575373993095,1.0,0.988227462319896
0.5512082853855006,1.0,0.9881239272526428
0.5523590333716916,1.0,0.9879971595240996
0.5535097813578826,1.0,0.9879700945885014
0.5546605293440736,1.0,0.9878608854621836
0.5558112773302647,1.0,0.987854585096253
0.5569620253164557,1.0,0.9875724092184114
0.5569620253164557,0.9979381443298969,0.9875482532950536
0.5581127733026467,0.9979423868312757,0.9875141155290312
0.5592635212888377,0.997946611909651,0.9874549994796128
0.5604142692750288,0.9979508196721312,0.9872917859402344
0.5615650172612198,0.9979550102249489,0.98727456619828
0.5627157652474108,0.9979591836734694,0.9872132540778666
0.5638665132336018,0.9979633401221996,0.987108897580273
0.5650172612197929,0.9979674796747967,0.9869992186876576
0.5661680092059839,0.9979716024340771,0.9869668453510196
0.567318757192175,0.9979757085020243,0.9869555380519404
0.5684695051783659,0.997979797979798,0.98674956901398
0.569620253164557,0.9979838709677419,0.9866596439215972
0.570771001150748,0.9979879275653923,0.9866393431188684
0.571921749136939,0.9979919678714859,0.9865077728692944
0.571921749136939,0.9959919839679359,0.9864167339384046
0.57307249712313,0.996,0.986357572145442
0.5742232451093211,0.9960079840319361,0.9863567110813456
0.5753739930955121,0.9960159362549801,0.9861410069356974
0.5765247410817032,0.9960238568588469,0.9860295460437092
0.5776754890678941,0.996031746031746,0.9859497971230972
0.5788262370540852,0.996039603960396,0.9859393090884824
0.5799769850402762,0.9960474308300395,0.9858845294184176
0.5811277330264673,0.9960552268244576,0.9856502976280492
0.5822784810126582,0.9960629921259843,0.985565789773748
0.5834292289988493,0.9960707269155207,0.9855490933940236
0.5845799769850403,0.996078431372549,0.985453941058723
0.5857307249712314,0.9960861056751468,0.9854254576572272
0.5868814729574223,0.99609375,0.9852951022610325
0.5880322209436134,0.9961013645224172,0.9852750747644556
0.5891829689298044,0.9961089494163424,0.9850533666195374
0.5903337169159953,0.996116504854369,0.9850512635943672
0.5914844649021864,0.9961240310077519,0.9849633268338432
0.5926352128883774,0.9961315280464217,0.984845796850264
0.5937859608745685,0.9961389961389961,0.9847762470009892
0.5949367088607594,0.9961464354527938,0.984658847671808
0.5960874568469505,0.9961538461538462,0.984630458848902
0.5972382048331415,0.9961612284069098,0.984612049415354
0.5983889528193326,0.9961685823754789,0.9846036784016904
0.5995397008055235,0.9961759082217974,0.9846016606211636
0.6006904487917146,0.9961832061068703,0.9844869458641812
0.6006904487917146,0.9942857142857143,0.9841851268719622
0.6018411967779056,0.9942965779467681,0.9841263191074506
0.6029919447640967,0.9943074003795066,0.9839287430810112
0.6041426927502876,0.9943181818181818,0.9838978717934612
0.6052934407364787,0.994328922495274,0.9838109648675488
0.6064441887226697,0.9943396226415094,0.9836660020112716
0.6075949367088608,0.9943502824858758,0.9834855654682626
0.6087456846950517,0.9943609022556391,0.9832962151254604
0.6098964326812428,0.9943714821763602,0.9832425031763978
0.6110471806674338,0.9943820224719101,0.9829442127523612
0.6121979286536249,0.994392523364486,0.9829054754064372
0.6133486766398158,0.9944029850746269,0.9828801192239804
0.6144994246260069,0.994413407821229,0.9827890541489652
0.6156501726121979,0.9944237918215614,0.9825503187410202
0.616800920598389,0.9944341372912802,0.982446053723576
0.61795166858458,0.9944444444444445,0.9823415801721804
0.619102416570771,0.9944547134935305,0.9822899220886202
0.620253164556962,0.9944649446494465,0.9821598500885228
0.6214039125431531,0.994475138121547,0.982025236561902
0.622554660529344,0.9944852941176471,0.9818347828629744
0.622554660529344,0.9926605504587156,0.9817667390417416
0.6237054085155351,0.9926739926739927,0.981592188072462
0.6248561565017261,0.9926873857404022,0.9815712288802476
0.6260069044879172,0.9927007299270073,0.9815115002753588
0.6271576524741082,0.9927140255009107,0.9808894661262264
0.6271576524741082,0.990909090909091,0.9807448700651852
0.6283084004602992,0.9909255898366606,0.9806502964603844
0.6294591484464902,0.9909420289855072,0.9804478020728205
0.6306098964326813,0.9909584086799277,0.98043769880368
0.6317606444188723,0.9909747292418772,0.9804310842086728
0.6317606444188723,0.9891891891891892,0.9803343790800564
0.6329113924050633,0.9892086330935251,0.9802870624340264
0.6340621403912543,0.9892280071813285,0.9797449737912278
0.6352128883774454,0.989247311827957,0.9796388308354054
0.6352128883774454,0.9874776386404294,0.979168643529285
0.6363636363636364,0.9875,0.9791200961972216
0.6375143843498274,0.9875222816399287,0.979099271029665
0.6386651323360184,0.9875444839857651,0.9789482016500384
0.6398158803222095,0.9875666074600356,0.9789474488389728
0.6409666283084005,0.9875886524822695,0.97889687784252
0.6421173762945915,0.9876106194690265,0.9788904599319092
0.6432681242807825,0.9876325088339223,0.9783973723387142
0.6444188722669736,0.9876543209876543,0.97829464287572
0.6444188722669736,0.9859154929577465,0.978218402027766
0.6455696202531646,0.9859402460456942,0.9779864545450998
0.6455696202531646,0.9842105263157894,0.977939112679556
0.6467203682393556,0.9842381786339754,0.9777755803305278
0.6478711162255466,0.9842657342657343,0.9777232922397002
0.6490218642117376,0.9842931937172775,0.9773745229157136
0.6490218642117376,0.9825783972125436,0.9767404816073828
0.6501726121979287,0.9826086956521739,0.9765599379710492
0.6513233601841196,0.9826388888888888,0.9761597321407358
0.6513233601841196,0.9809358752166378,0.976069075108408
0.6524741081703107,0.9809688581314879,0.9759755532747688
0.6524741081703107,0.9792746113989638,0.9757774345436449
0.6524741081703107,0.9775862068965517,0.9752517070693668
0.6536248561565017,0.9776247848537005,0.9748717685709132
0.6547756041426928,0.9776632302405498,0.9746265293434454
0.6559263521288837,0.9777015437392796,0.9741730030923116
0.6570771001150748,0.9777397260273972,0.9741578779097776
0.6582278481012658,0.9777777777777777,0.9740568195201916
0.6593785960874569,0.9778156996587031,0.9737506677631542
0.6605293440736478,0.9778534923339012,0.973287458727122
0.6616800920598389,0.9778911564625851,0.973127818556308
0.6628308400460299,0.9779286926994907,0.9731021114456756
0.663981588032221,0.9779661016949153,0.9730475251794048
0.6651323360184119,0.9780033840947546,0.9727483152844378
0.666283084004603,0.9780405405405406,0.9723607227191932
0.666283084004603,0.9763912310286678,0.9719949225809632
0.667433831990794,0.9764309764309764,0.9718164650973106
0.6685845799769851,0.9764705882352941,0.9716732000910688
0.669735327963176,0.9765100671140939,0.9714857827341434
0.6708860759493671,0.9765494137353434,0.971063137740076
0.6720368239355581,0.9765886287625418,0.9707726450592394
0.6731875719217492,0.9766277128547579,0.9706939036705206
0.6743383199079401,0.9766666666666667,0.9706328768604002
0.6754890678941312,0.9767054908485857,0.97011498420749
0.6766398158803222,0.9767441860465116,0.9698129730848536
0.6766398158803222,0.9751243781094527,0.9692121045958808
0.6777905638665133,0.9751655629139073,0.9688753677575556
0.6789413118527042,0.9752066115702479,0.9682729484148412
0.6789413118527042,0.9735973597359736,0.9679670030019624
0.6800920598388953,0.9736408566721582,0.9678561309241814
0.6812428078250863,0.9736842105263158,0.9677721355866956
0.6823935558112774,0.9737274220032841,0.96776063008556
0.6823935558112774,0.9721311475409836,0.9668352779979876
0.6835443037974683,0.972176759410802,0.9668237782550456
0.6846950517836594,0.9722222222222222,0.9668090794334386
0.6858457997698504,0.9722675367047309,0.9667553757690636
0.6869965477560415,0.9723127035830619,0.9666491831428834
0.6881472957422324,0.9723577235772358,0.9662988306274004
0.6892980437284235,0.9724025974025974,0.9660581392017682
0.6904487917146145,0.9724473257698542,0.9659532547402098
0.6915995397008056,0.9724919093851133,0.9656713422206116
0.6927502876869965,0.9725363489499192,0.9651339006492632
0.6939010356731876,0.9725806451612903,0.9650363432041432
0.6939010356731876,0.9710144927536232,0.964784460498996
0.6939010356731876,0.9694533762057878,0.9647025783386672
0.6950517836593786,0.9695024077046549,0.964474438790843
0.6962025316455697,0.969551282051282,0.9644542943459652
0.6962025316455697,0.968,0.9643783244956609
0.6973532796317606,0.9680511182108626,0.964362438759919
0.6985040276179517,0.9681020733652312,0.9642525804111738
0.6996547756041427,0.9681528662420382,0.9638238250304888
0.6996547756041427,0.9666136724960255,0.9638203693562464
0.7008055235903338,0.9666666666666667,0.963383417214471
0.7019562715765247,0.9667194928684627,0.9633318097583988
0.7019562715765247,0.9651898734177216,0.9632666144017203
0.7019562715765247,0.9636650868878357,0.9628661767201276
0.7019562715765247,0.9621451104100947,0.9625342666052968
0.7031070195627158,0.9622047244094488,0.9624744888001584
0.7042577675489068,0.9622641509433962,0.9623763306555834
0.7042577675489068,0.9607535321821036,0.9623194691918944
0.7042577675489068,0.9592476489028213,0.9622705936908502
0.7054085155350979,0.9593114241001565,0.9621326305608778
0.7065592635212888,0.959375,0.9620594293482094
0.7077100115074798,0.9594383775351014,0.9616395391746936
0.7088607594936709,0.9595015576323987,0.9614488225566578
0.7100115074798619,0.9595645412130638,0.9610609931634214
0.7100115074798619,0.9580745341614907,0.960837530546858
0.7111622554660529,0.958139534883721,0.960128925719157
0.7123130034522439,0.958204334365325,0.9600793250234256
0.7123130034522439,0.9567233384853169,0.9598378100735144
0.713463751438435,0.9567901234567902,0.9590446896384888
0.713463751438435,0.9553158705701078,0.958922592782231
0.713463751438435,0.9538461538461539,0.9585309467037676
0.713463751438435,0.9523809523809523,0.9584516844868226
0.714614499424626,0.9524539877300614,0.9582050911360948
0.715765247410817,0.9525267993874426,0.9578019125528604
0.716915995397008,0.9525993883792049,0.9576860589005868
0.7180667433831991,0.9526717557251908,0.9575814245653118
0.7180667433831991,0.9512195121951219,0.9575321481331472
0.7192174913693901,0.9512937595129376,0.9575157258198468
0.7203682393555811,0.9513677811550152,0.957315650472566
0.7215189873417721,0.9514415781487102,0.9570311399860888
0.7226697353279632,0.9515151515151515,0.957017953314933
0.7238204833141542,0.9515885022692889,0.9558352460156224
0.7249712313003452,0.9516616314199395,0.9558206933554768
0.7261219792865362,0.951734539969834,0.9556174409748146
0.7272727272727273,0.9518072289156626,0.95492991115653
0.7284234752589183,0.9518796992481203,0.9542254359882494
0.7295742232451093,0.9519519519519519,0.9541017723363108
0.7307249712313003,0.952023988005997,0.9538877606813438
0.7318757192174914,0.9520958083832335,0.9538484512096824
0.7318757192174914,0.9506726457399103,0.9533210074329724
0.7330264672036824,0.9507462686567164,0.9532980805880334
0.7341772151898734,0.9508196721311475,0.9528990271360775
0.7353279631760644,0.9508928571428571,0.952552453755769
0.7353279631760644,0.9494799405646359,0.9523947035234724
0.7364787111622555,0.9495548961424333,0.952039585156676
0.7376294591484465,0.9496296296296296,0.9518777360235348
0.7387802071346375,0.9497041420118343,0.951702025107803
0.7399309551208285,0.9497784342688331,0.95165929317983
0.7410817031070196,0.9498525073746312,0.951306613084808
0.7410817031070196,0.9484536082474226,0.951161699458407
0.7422324510932106,0.9485294117647058,0.9507939818353918
0.7433831990794016,0.9486049926578561,0.9506885043739394
0.7445339470655926,0.9486803519061584,0.9502267175607032
0.7456846950517837,0.9487554904831625,0.9501616682313594
0.7456846950517837,0.9473684210526315,0.9495192623174388
0.7456846950517837,0.945985401459854,0.9494159118779164
0.7468354430379747,0.9460641399416909,0.9477005079057476
0.7468354430379747,0.9446870451237264,0.94733789696059
0.7479861910241657,0.9447674418604651,0.9467515579805704
0.7479861910241657,0.9433962264150944,0.9465304379847684
0.7491369390103567,0.9434782608695652,0.9459063791732892
0.7502876869965478,0.9435600578871202,0.9457529706822044
0.7514384349827388,0.9436416184971098,0.9453876582714836
0.7525891829689298,0.9437229437229437,0.945214842870996
0.7537399309551208,0.9438040345821326,0.945119259465648
0.7548906789413119,0.943884892086331,0.9440344343858424
0.7560414269275029,0.9439655172413793,0.9428300703651092
0.757192174913694,0.9440459110473458,0.9425862731193082
0.7583429228998849,0.9441260744985673,0.9421705161885198
0.759493670886076,0.944206008583691,0.9415544262548176
0.759493670886076,0.9428571428571428,0.9412437669843258
0.759493670886076,0.9415121255349501,0.9409051379890584
0.760644418872267,0.9415954415954416,0.940666023034756
0.761795166858458,0.9416785206258891,0.940634998942415
0.762945914844649,0.9417613636363636,0.9404806191529868
0.7640966628308401,0.9418439716312057,0.9390263759167105
0.7640966628308401,0.9405099150141643,0.93875176800782
0.7652474108170311,0.9405940594059405,0.938646502105066
0.7652474108170311,0.9392655367231638,0.9385505525440376
0.766398158803222,0.9393511988716502,0.9383008675903632
0.7675489067894131,0.9394366197183098,0.9380948795711488
0.7675489067894131,0.9381153305203939,0.9380366897653
0.7686996547756041,0.9382022471910112,0.9376018489515292
0.7698504027617952,0.938288920056101,0.9374573652126515
0.7710011507479861,0.938375350140056,0.9372092692175592
0.7721518987341772,0.9384615384615385,0.9371179038542934
0.7733026467203682,0.9385474860335196,0.936903056879392
0.7733026467203682,0.9372384937238494,0.9366543231250604
0.7744533947065593,0.9373259052924791,0.9359855592278136
0.7744533947065593,0.9360222531293463,0.9359707830286856
0.7744533947065593,0.9347222222222222,0.9359020665804824
0.7744533947065593,0.9334257975034674,0.9357508368669808
0.7744533947065593,0.9321329639889196,0.9352936820066934
0.7744533947065593,0.9308437067773168,0.9351638316393722
0.7756041426927502,0.930939226519337,0.934985820823723
0.7767548906789413,0.9310344827586207,0.934451330608724
0.7779056386651323,0.931129476584022,0.9343589504291212
0.7790563866513234,0.9312242090784044,0.934051186043754
0.7802071346375143,0.9313186813186813,0.93326654831194
0.7813578826237054,0.9314128943758574,0.9328810476525378
0.7813578826237054,0.9301369863013699,0.932797324846424
0.7825086306098964,0.9302325581395349,0.9327441234315156
0.7825086306098964,0.9289617486338798,0.9320697924123418
0.7836593785960875,0.9290586630286494,0.931968951586582
0.7848101265822784,0.9291553133514986,0.9316786373008826
0.7848101265822784,0.927891156462585,0.9308283243314528
0.7859608745684695,0.9279891304347826,0.9299049244955118
0.7871116225546605,0.9280868385345997,0.9297386489604308
0.7871116225546605,0.926829268292683,0.9291679815017684
0.7882623705408516,0.9269282814614344,0.928652993860042
0.7894131185270425,0.927027027027027,0.9285474266384914
0.7894131185270425,0.9257759784075573,0.92847449907004
0.7894131185270425,0.9245283018867925,0.928373480612986
0.7894131185270425,0.9232839838492598,0.9283707019041654
0.7894131185270425,0.9220430107526881,0.9281286944750226
0.7894131185270425,0.9208053691275168,0.9279408780229392
0.7905638665132336,0.920911528150134,0.9276294001549358
0.7905638665132336,0.9196787148594378,0.927426414146045
0.7917146144994246,0.9197860962566845,0.9273564654988524
0.7928653624856157,0.9198931909212283,0.9263591255394246
0.7940161104718066,0.92,0.9259390134083408
0.7951668584579977,0.9201065246338216,0.9257142195273372
0.7951668584579977,0.9188829787234043,0.9256037556793596
0.7963176064441887,0.9189907038512616,0.9250255295282552
0.7963176064441887,0.9177718832891246,0.9249280046112252
0.7974683544303798,0.9178807947019868,0.9236756849575138
0.7974683544303798,0.9166666666666666,0.9235980912015384
0.7974683544303798,0.9154557463672391,0.9229081283250692
0.7986191024165707,0.9155672823218998,0.9216601745039588
0.7986191024165707,0.9143610013175231,0.9211784764582484
0.7997698504027618,0.9144736842105263,0.9208642540587736
0.8009205983889528,0.9145860709592641,0.9206294944675278
0.8020713463751439,0.9146981627296588,0.9203256329377972
0.8032220943613348,0.9148099606815203,0.920235115832866
0.8043728423475259,0.9149214659685864,0.9198466463318224
0.8055235903337169,0.9150326797385621,0.9191822773884388
0.806674338319908,0.9151436031331592,0.9177808251173404
0.807825086306099,0.9152542372881356,0.9173031352327228
0.807825086306099,0.9140625,0.9169371060030492
0.807825086306099,0.9128738621586476,0.9164187475190856
0.80897583429229,0.912987012987013,0.916246411215306
0.810126582278481,0.9130998702983139,0.9160692553429068
0.810126582278481,0.9119170984455959,0.9154798041135044
0.810126582278481,0.9107373868046572,0.9154708615278284
0.810126582278481,0.9095607235142119,0.9147378034211168
0.810126582278481,0.9083870967741936,0.914486780232762
0.8112773302646721,0.9085051546391752,0.9143524854172416
0.8112773302646721,0.9073359073359073,0.913653611233342
0.812428078250863,0.9074550128534704,0.9134767288870598
0.812428078250863,0.9062901155327343,0.9129348603820624
0.8135788262370541,0.9064102564102564,0.9128354634479088
0.8147295742232451,0.9065300896286812,0.9125560972020532
0.8158803222094362,0.9066496163682864,0.9124055526193284
0.8158803222094362,0.9054916985951469,0.912022791919362
0.8158803222094362,0.9043367346938775,0.9119174736627056
0.8158803222094362,0.9031847133757962,0.911806307185528
0.8170310701956272,0.9033078880407125,0.9115772781300788
0.8170310701956272,0.9021601016518425,0.9114642538083596
0.8181818181818182,0.9022842639593909,0.9108860161960596
0.8193325661680092,0.9024081115335868,0.9105025724811202
0.8204833141542003,0.9025316455696203,0.9102832494015992
0.8216340621403913,0.9026548672566371,0.9094658527211954
0.8227848101265823,0.9027777777777778,0.9092368439523456
0.8239355581127733,0.9029003783102144,0.9092295367108022
0.8239355581127733,0.9017632241813602,0.9090636730313064
0.8250863060989643,0.9018867924528302,0.908811328234504
0.8262370540851554,0.9020100502512562,0.9085010340646336
0.8262370540851554,0.9008782936010038,0.90846601842032
0.8262370540851554,0.899749373433584,0.9066750764786816
0.8262370540851554,0.8986232790988736,0.9066108552731156
0.8273878020713463,0.89875,0.9060571727696356
0.8273878020713463,0.8976279650436954,0.9057331399036008
0.8285385500575374,0.8977556109725686,0.9056056675094932
0.8296892980437284,0.8978829389788294,0.905352818923434
0.8308400460299195,0.8980099502487562,0.904734679050654
0.8308400460299195,0.8968944099378882,0.9046650096182254
0.8308400460299195,0.8957816377171216,0.903580665117548
0.8308400460299195,0.8946716232961586,0.9030956064438832
0.8319907940161104,0.8948019801980198,0.9024917486695536
0.8319907940161104,0.8936959208899876,0.9023921431953842
0.8331415420023015,0.8938271604938272,0.90125818292148
0.8342922899884925,0.8939580764488286,0.9011933709071538
0.8354430379746836,0.8940886699507389,0.9011551778436332
0.8354430379746836,0.8929889298892989,0.901074935753032
0.8365937859608745,0.8931203931203932,0.9005727513616248
0.8377445339470656,0.8932515337423312,0.9005265677488308
0.8388952819332566,0.8933823529411765,0.8998364301244746
0.8388952819332566,0.8922888616891065,0.8996833903632638
0.8388952819332566,0.89119804400978,0.8994550595782655
0.8400460299194477,0.8913308913308914,0.8991770768674529
0.8411967779056386,0.8914634146341464,0.898237370632548
0.8423475258918297,0.8915956151035322,0.8978981005457759
0.8423475258918297,0.8905109489051095,0.8976753849595356
0.8423475258918297,0.8894289185905225,0.8954910433151426
0.8434982738780207,0.8895631067961165,0.8954822153163614
0.8446490218642118,0.8896969696969697,0.8950820967210917
0.8457997698504027,0.8898305084745762,0.8948700388832165
0.8457997698504027,0.8887545344619106,0.8948571327657971
0.8469505178365938,0.8888888888888888,0.8947593692691475
0.8469505178365938,0.887816646562123,0.8946628237969633
0.8481012658227848,0.8879518072289156,0.8939971060307843
0.8481012658227848,0.8868832731648616,0.8937861335048815
0.8481012658227848,0.8858173076923077,0.8935501586294109
0.8492520138089759,0.885954381752701,0.89263693105526
0.8504027617951668,0.8860911270983214,0.8925562448679143
0.8515535097813579,0.8862275449101796,0.8925083112093415
0.8527042577675489,0.8863636363636364,0.8925056677129284
0.85385500575374,0.8864994026284349,0.8919409336211623
0.8550057537399309,0.8866348448687351,0.8911145978182237
0.856156501726122,0.8867699642431466,0.8909790177430099
0.857307249712313,0.8869047619047619,0.8906920780661461
0.8584579976985041,0.8870392390011891,0.8900864974162676
0.859608745684695,0.8871733966745843,0.8896848462343981
0.8607594936708861,0.8873072360616845,0.8896796220281129
0.8607594936708861,0.8862559241706162,0.8891241074751949
0.8619102416570771,0.8863905325443787,0.8887206902083262
0.8619102416570771,0.8853427895981087,0.888502065501888
0.8619102416570771,0.8842975206611571,0.8878155709835509
0.8619102416570771,0.8832547169811321,0.8876837067916741
0.8619102416570771,0.8822143698468787,0.887679042982829
0.8630609896432682,0.8823529411764706,0.8873837997620749
0.8642117376294591,0.882491186839013,0.8873211815208186
0.8642117376294591,0.8814553990610329,0.8871446736748607
0.8642117376294591,0.88042203985932,0.8869020575367841
0.8642117376294591,0.8793911007025761,0.8867260715201585
0.8642117376294591,0.8783625730994152,0.8861686339852901
0.8653624856156502,0.8785046728971962,0.886152671113983
0.8653624856156502,0.8774795799299884,0.8858135462934189
0.8653624856156502,0.8764568764568764,0.8855837218087104
0.8665132336018412,0.8766006984866124,0.8855661375572814
0.8665132336018412,0.8755813953488372,0.8850882992926045
0.8665132336018412,0.8745644599303136,0.8846005023734446
0.8665132336018412,0.8735498839907193,0.8844140175139079
0.8665132336018412,0.8725376593279258,0.8837290176011074
0.8665132336018412,0.8715277777777778,0.883274883009966
0.8676639815880323,0.8716763005780347,0.8828723953414281
0.8676639815880323,0.8706697459584296,0.8828235383717187
0.8676639815880323,0.8696655132641292,0.882606929267255
0.8676639815880323,0.868663594470046,0.8816408276557975
0.8676639815880323,0.8676639815880323,0.8811647924937014
0.8676639815880323,0.8666666666666667,0.8809744857655518
0.8676639815880323,0.8656716417910447,0.8808982590986265
0.8676639815880323,0.8646788990825688,0.8803543643243773
0.8688147295742232,0.8648339060710195,0.8801651537313719
0.8688147295742232,0.8638443935926774,0.8794469351640181
0.8688147295742232,0.8628571428571429,0.8793365856533811
0.8699654775604143,0.863013698630137,0.8788724336883176
0.8699654775604143,0.8620296465222349,0.8788515357495916
0.8699654775604143,0.8610478359908884,0.8787410326099389
0.8711162255466053,0.8612059158134243,0.8778754065280429
0.8711162255466053,0.8602272727272727,0.8770094581847528
0.8711162255466053,0.8592508513053349,0.8759384146442108
0.8711162255466053,0.8582766439909297,0.8752796449966724
0.8711162255466053,0.8573046432616082,0.8749706299816913
0.8711162255466053,0.8563348416289592,0.8748658432942329
0.8711162255466053,0.8553672316384181,0.8746925868514323
0.8711162255466053,0.8544018058690744,0.8743915130296577
0.8711162255466053,0.8534385569334837,0.8743579344107706
0.8722669735327964,0.8536036036036037,0.8738215827123298
0.8734177215189873,0.8537682789651294,0.8736906328040962
0.8734177215189873,0.852808988764045,0.8728731620081769
0.8734177215189873,0.8518518518518519,0.8726599883345718
0.8745684695051784,0.852017937219731,0.8723970317357034
0.8745684695051784,0.851063829787234,0.8714945937154062
0.8745684695051784,0.8501118568232662,0.8714359070547016
0.8745684695051784,0.8491620111731844,0.8708688167282539
0.8745684695051784,0.8482142857142857,0.8708150348379982
0.8745684695051784,0.8472686733556298,0.8705508955014102
0.8745684695051784,0.8463251670378619,0.8700864725115321
0.8745684695051784,0.8453837597330367,0.8699844312167426
0.8745684695051784,0.8444444444444444,0.8693765440004648
0.8745684695051784,0.8435072142064373,0.8692672020875821
0.8757192174913694,0.843680709534368,0.8691572210027079
0.8757192174913694,0.8427464008859358,0.8690604292807875
0.8757192174913694,0.8418141592920354,0.868998391968404
0.8757192174913694,0.8408839779005525,0.8687740197193895
0.8768699654775605,0.8410596026490066,0.8682824158569994
0.8780207134637514,0.8412348401323043,0.8681798084341968
0.8791714614499425,0.8414096916299559,0.8679976046077111
0.8791714614499425,0.8404840484048405,0.8667105204214851
0.8791714614499425,0.8395604395604396,0.866121175484569
0.8791714614499425,0.8386388583973655,0.8652461097188424
0.8791714614499425,0.8377192982456141,0.8649237200070251
0.8791714614499425,0.836801752464403,0.8648398522366367
0.8803222094361335,0.8369803063457331,0.864624994361367
0.8803222094361335,0.8360655737704918,0.8642672269988799
0.8803222094361335,0.8351528384279476,0.8639586796728091
0.8803222094361335,0.8342420937840785,0.8621912615867888
0.8803222094361335,0.8333333333333334,0.8619539581581461
0.8803222094361335,0.8324265505984766,0.8605582290303125
0.8814729574223246,0.8326086956521739,0.8595991791963608
0.8814729574223246,0.8317046688382194,0.859267070951203
0.8826237054085155,0.8318872017353579,0.8589846387660326
0.8826237054085155,0.8309859154929577,0.858931975307821
0.8837744533947065,0.8311688311688312,0.8589091543416225
0.8837744533947065,0.8302702702702702,0.8586805347223386
0.8837744533947065,0.8293736501079914,0.8584599797430471
0.8837744533947065,0.8284789644012945,0.8583711952808639
0.8837744533947065,0.8275862068965517,0.8581025563882628
0.8837744533947065,0.8266953713670614,0.8579722387546987
0.8849252013808976,0.8268817204301075,0.8576385970165852
0.8849252013808976,0.8259935553168636,0.8571978551163053
0.8849252013808976,0.825107296137339,0.8567054071784785
0.8849252013808976,0.8242229367631297,0.8566083030379488
0.8849252013808976,0.8233404710920771,0.855755381185626
0.8849252013808976,0.8224598930481284,0.8555487368331606
0.8849252013808976,0.8215811965811965,0.8554691199600573
0.8849252013808976,0.8207043756670224,0.8554578617390179
0.8860759493670886,0.8208955223880597,0.8553299948738055
0.8860759493670886,0.820021299254526,0.8537360950048516
0.8872266973532796,0.8202127659574469,0.8535865901659189
0.8883774453394706,0.820403825717322,0.8533076302329288
0.8883774453394706,0.8195329087048833,0.8529788923832259
0.8895281933256617,0.8197242841993637,0.8524817591785031
0.8895281933256617,0.8188559322033898,0.852214968423472
0.8895281933256617,0.817989417989418,0.8516216082947994
0.8895281933256617,0.8171247357293869,0.8512155351597585
0.8895281933256617,0.8162618796198522,0.8510471847787477
0.8906789413118527,0.8164556962025317,0.8507735764861192
0.8906789413118527,0.815595363540569,0.8503895058324626
0.8906789413118527,0.8147368421052632,0.8499936971255008
0.8906789413118527,0.8138801261829653,0.8499534769255597
0.8918296892980437,0.8140756302521008,0.8497179812131809
0.8918296892980437,0.8132214060860441,0.8495566744973865
0.8929804372842347,0.8134171907756813,0.8494482082647656
0.8929804372842347,0.812565445026178,0.8494315314102928
0.8929804372842347,0.8117154811715481,0.849388970674531
0.8941311852704258,0.8119122257053292,0.8489153736873676
0.8941311852704258,0.8110647181628392,0.8481137824461898
0.8952819332566168,0.8112617309697602,0.8480846157891987
0.8952819332566168,0.8104166666666667,0.8475909925371243
0.8952819332566168,0.809573361082206,0.8475304228166086
0.8964326812428078,0.8097713097713097,0.8473238653468136
0.8964326812428078,0.8089304257528557,0.8470967509167554
0.8964326812428078,0.808091286307054,0.8470131714984726
0.8964326812428078,0.8072538860103627,0.8469574126590361
0.8964326812428078,0.8064182194616977,0.8467302666064187
0.8975834292289988,0.8066184074457083,0.8466979474024715
0.8975834292289988,0.8057851239669421,0.8459851452541438
0.8987341772151899,0.8059855521155831,0.8459657498366143
0.8998849252013809,0.8061855670103093,0.8457270661488901
0.8998849252013809,0.8053553038105047,0.8455530710841681
0.8998849252013809,0.8045267489711934,0.8452196628459179
0.9010356731875719,0.8047276464542652,0.8451968776468652
0.9010356731875719,0.8039014373716632,0.8450883224124793
0.9021864211737629,0.8041025641025641,0.8440829973804805
0.903337169159954,0.8043032786885246,0.8436709961048193
0.903337169159954,0.8034800409416581,0.842517940693896
0.903337169159954,0.8026584867075665,0.8422520669728678
0.904487917146145,0.8028600612870276,0.8418854818498293
0.904487917146145,0.8020408163265306,0.8415942361453121
0.904487917146145,0.8012232415902141,0.841285757302551
0.904487917146145,0.8004073319755601,0.8409389642503543
0.905638665132336,0.8006103763987793,0.840788712965454
0.905638665132336,0.7997967479674797,0.8403580587955887
0.906789413118527,0.8,0.8400952853131659
0.9079401611047181,0.8002028397565923,0.8392991913532271
0.9079401611047181,0.7993920972644377,0.8392003428801138
0.9090909090909091,0.7995951417004049,0.8390429360319644
0.9090909090909091,0.7987866531850354,0.838490263965537
0.9102416570771001,0.798989898989899,0.8384028385891085
0.9102416570771001,0.798183652875883,0.8383166824119798
0.9102416570771001,0.7973790322580645,0.8381466667301299
0.9113924050632911,0.797583081570997,0.8363061756274074
0.9113924050632911,0.7967806841046278,0.8360415494555499
0.9113924050632911,0.7959798994974875,0.835807943072507
0.9125431530494822,0.7961847389558233,0.8355165460748729
0.9125431530494822,0.7953861584754263,0.834963889055591
0.9125431530494822,0.7945891783567134,0.8349265272258253
0.9136939010356732,0.7947947947947948,0.8342488824011274
0.9148446490218642,0.795,0.8341989135227968
0.9159953970080552,0.7952047952047953,0.8340516197388456
0.9171461449942463,0.7954091816367266,0.8340087904939383
0.9171461449942463,0.7946161515453639,0.8337331244897508
0.9171461449942463,0.7938247011952191,0.8334608943510036
0.9182968929804373,0.7940298507462686,0.8333610786295439
0.9182968929804373,0.7932405566600398,0.8329219685536069
0.9194476409666283,0.7934458788480635,0.8325694387146768
0.9194476409666283,0.7926587301587301,0.8325326638947943
0.9194476409666283,0.7918731417244796,0.8322910580442408
0.9194476409666283,0.7910891089108911,0.8320562990987549
0.9194476409666283,0.7903066271018794,0.8319607351309326
0.9194476409666283,0.7895256916996047,0.8317241059533239
0.9205983889528193,0.7897334649555775,0.8312903881014765
0.9205983889528193,0.7889546351084813,0.8294039531434564
0.9205983889528193,0.7881773399014779,0.829212003210033
0.9205983889528193,0.7874015748031497,0.8289292109628819
0.9205983889528193,0.7866273352999017,0.8286379609495841
0.9205983889528193,0.7858546168958742,0.8284108782230121
0.9205983889528193,0.7850834151128557,0.827520457586407
0.9205983889528193,0.7843137254901961,0.8274327974158555
0.9205983889528193,0.7835455435847208,0.8263639356511915
0.9217491369390104,0.7837573385518591,0.8263079209322263
0.9228998849252014,0.7839687194525904,0.8259220747791121
0.9240506329113924,0.7841796875,0.8255955004748499
0.9240506329113924,0.7834146341463415,0.8250428384148368
0.9252013808975834,0.783625730994152,0.8249352574164099
0.9252013808975834,0.7828627069133398,0.8246747382036477
0.9252013808975834,0.7821011673151751,0.8239643437752451
0.9252013808975834,0.7813411078717201,0.8239201632309385
0.9252013808975834,0.7805825242718447,0.8237404646269201
0.9252013808975834,0.7798254122211445,0.8232412590655509
0.9252013808975834,0.7790697674418605,0.8229374219551029
0.9263521288837745,0.7792836398838335,0.8229116625685858
0.9263521288837745,0.7785299806576402,0.8228572958960776
0.9263521288837745,0.7777777777777778,0.8227818650739995
0.9263521288837745,0.777027027027027,0.8222526626249447
0.9275028768699655,0.7772420443587271,0.8221020717492761
0.9286536248561565,0.7774566473988439,0.822066071881872
0.9286536248561565,0.7767083734359962,0.8219200618335755
0.9286536248561565,0.7759615384615385,0.8214048012242751
0.9298043728423475,0.7761767531219981,0.8209813078072782
0.9309551208285386,0.7763915547024952,0.8208558445549674
0.9321058688147296,0.7766059443911792,0.8205627344936032
0.9321058688147296,0.7758620689655172,0.8200986014574416
0.9332566168009206,0.7760765550239235,0.82009067876653
0.9344073647871116,0.7762906309751434,0.8196592026610763
0.9355581127733027,0.7765042979942693,0.8187796036886191
0.9367088607594937,0.7767175572519084,0.8184411375765068
0.9367088607594937,0.7759771210676835,0.818158163832601
0.9378596087456847,0.7761904761904762,0.8177321997152173
0.9390103567318757,0.7764034253092293,0.8175653166714715
0.9390103567318757,0.7756653992395437,0.816985689879201
0.9390103567318757,0.7749287749287749,0.8169467573244474
0.9390103567318757,0.7741935483870968,0.8168494082029667
0.9390103567318757,0.7734597156398104,0.8164777823745613
0.9390103567318757,0.7727272727272727,0.8163579164561683
0.9390103567318757,0.771996215704825,0.8160101615206784
0.9390103567318757,0.7712665406427222,0.8158818365181171
0.9390103567318757,0.7705382436260623,0.8156798732456841
0.9390103567318757,0.769811320754717,0.8152820438840651
0.9390103567318757,0.7690857681432611,0.8149951520461922
0.9401611047180668,0.7693032015065914,0.8145460236545833
0.9401611047180668,0.768579492003763,0.8143547179880559
0.9413118527042578,0.768796992481203,0.8127735889123187
0.9413118527042578,0.7680751173708921,0.8116316805980799
0.9413118527042578,0.7673545966228893,0.8111689213431897
0.9413118527042578,0.7666354264292409,0.8111284521317881
0.9424626006904487,0.7668539325842697,0.8102332381298548
0.9424626006904487,0.7661365762394762,0.8097041585169495
0.9436133486766398,0.7663551401869159,0.809596241552951
0.9447640966628308,0.7665732959850607,0.8095684236913315
0.9447640966628308,0.7658582089552238,0.8092954390757714
0.9447640966628308,0.7651444547996272,0.8088728712870047
0.9447640966628308,0.7644320297951583,0.8087647887608478
0.9447640966628308,0.7637209302325582,0.8084067552842478
0.9459148446490219,0.7639405204460966,0.8078563145330202
0.9459148446490219,0.7632311977715878,0.807439499306331
0.9459148446490219,0.7625231910946196,0.8073845028073542
0.9459148446490219,0.7618164967562558,0.8073641141619029
0.9470655926352128,0.7620370370370371,0.8050778644862492
0.9470655926352128,0.7613320999074931,0.8050331922117351
0.9482163406214039,0.7615526802218114,0.8049670444907927
0.9482163406214039,0.7608494921514312,0.8046007213468062
0.9493670886075949,0.761070110701107,0.8045837437565424
0.9493670886075949,0.7603686635944701,0.8040100598349715
0.950517836593786,0.7605893186003683,0.8034207686683024
0.950517836593786,0.7598896044158233,0.8034086435613417
0.950517836593786,0.7591911764705882,0.8033493892452103
0.950517836593786,0.758494031221304,0.8030647611641963
0.950517836593786,0.7577981651376147,0.8019599343120879
0.950517836593786,0.7571035747021082,0.8019138269700101
0.950517836593786,0.7564102564102564,0.8017912997292294
0.950517836593786,0.7557182067703568,0.8012679848778134
0.950517836593786,0.7550274223034735,0.8011366537302741
0.950517836593786,0.754337899543379,0.8003970721484592
0.950517836593786,0.7536496350364964,0.8002286497630478
0.950517836593786,0.7529626253418414,0.7998915524672733
0.950517836593786,0.7522768670309654,0.7997824926538845
0.9516685845799769,0.7525022747952684,0.7995346359614705
0.9516685845799769,0.7518181818181818,0.7992395737045299
0.9516685845799769,0.7511353315168029,0.798995772491397
0.9516685845799769,0.7504537205081669,0.7988445930792487
0.9516685845799769,0.7497733454215775,0.7988389952272867
0.9516685845799769,0.7490942028985508,0.7985696728418057
0.9516685845799769,0.7484162895927602,0.7983141865901774
0.9516685845799769,0.7477396021699819,0.7981392483534356
0.9516685845799769,0.7470641373080398,0.7981340952199711
0.9516685845799769,0.7463898916967509,0.7980846688146234
0.9516685845799769,0.7457168620378719,0.7971147758367321
0.9516685845799769,0.7450450450450451,0.7956942513287234
0.952819332566168,0.7452745274527453,0.7955180088063725
0.952819332566168,0.7446043165467626,0.7945509075346875
0.953970080552359,0.7448337825696316,0.7943351899990548
0.953970080552359,0.744165170556553,0.7939499197634825
0.953970080552359,0.7434977578475336,0.7933710535270841
0.953970080552359,0.742831541218638,0.793117500102955
0.953970080552359,0.7421665174574754,0.7925647262113995
0.953970080552359,0.7415026833631485,0.7924390172081488
0.953970080552359,0.7408400357462019,0.7919383257113348
0.953970080552359,0.7401785714285715,0.7917999095065745
0.953970080552359,0.7395182872435325,0.7914001720408959
0.953970080552359,0.7388591800356507,0.7906330660732092
0.953970080552359,0.7382012466607302,0.7905270526421108
0.953970080552359,0.7375444839857651,0.7903720512126661
0.953970080552359,0.7368888888888889,0.790346983868692
0.953970080552359,0.7362344582593251,0.7900653297561027
0.953970080552359,0.735581188997338,0.789656845133991
0.953970080552359,0.7349290780141844,0.7895060286190513
0.953970080552359,0.7342781222320638,0.789453520206168
0.953970080552359,0.7336283185840708,0.7893494775739133
0.953970080552359,0.7329796640141468,0.7891816651074979
0.953970080552359,0.7323321554770318,0.7888896856673905
0.953970080552359,0.7316857899382171,0.7888689058622105
0.953970080552359,0.7310405643738977,0.788751096703947
0.9551208285385501,0.7312775330396476,0.7885044064950919
0.9551208285385501,0.7306338028169014,0.7878040376169
0.9551208285385501,0.7299912049252418,0.7875781392971116
0.9551208285385501,0.7293497363796133,0.787107612568103
0.9551208285385501,0.7287093942054433,0.7864889645964506
0.9551208285385501,0.7280701754385965,0.7864703356309133
0.9551208285385501,0.7274320771253286,0.786031973499172
0.9551208285385501,0.7267950963222417,0.7855631156198757
0.9551208285385501,0.726159230096238,0.7853203082517669
0.9551208285385501,0.7255244755244755,0.7851449062947072
0.956271576524741,0.725764192139738,0.7850640382264163
0.956271576524741,0.725130890052356,0.7847135744613183
0.956271576524741,0.7244986922406277,0.7845836023710567
0.956271576524741,0.7238675958188153,0.7845169512729351
0.956271576524741,0.7232375979112271,0.7844348848173213
0.9574223245109321,0.7234782608695652,0.7842319372772425
0.9574223245109321,0.7228496959165943,0.7840446522474377
0.9574223245109321,0.7222222222222222,0.7836623518189997
0.9574223245109321,0.7215958369470945,0.7836512611888531
0.9574223245109321,0.7209705372616985,0.7835736348060162
0.9574223245109321,0.7203463203463204,0.7834501682439712
0.9574223245109321,0.7197231833910035,0.7831139865924311
0.9574223245109321,0.7191011235955056,0.7827861221444009
0.9574223245109321,0.7184801381692574,0.7826903552200808
0.9574223245109321,0.7178602243313201,0.7825352233547977
0.9574223245109321,0.7172413793103448,0.7822924769471499
0.9574223245109321,0.7166236003445305,0.7817135013929167
0.9574223245109321,0.7160068846815835,0.7808629827427807
0.9585730724971231,0.7162510748065348,0.7806146785779204
0.9585730724971231,0.7156357388316151,0.7801776672027856
0.9585730724971231,0.7150214592274678,0.7798735037373877
0.9585730724971231,0.7144082332761578,0.7791694039322979
0.9585730724971231,0.713796058269066,0.7782824054957483
0.9585730724971231,0.7131849315068494,0.7781986398789529
0.9597238204833142,0.7134302822925578,0.7780999807977778
0.9608745684695051,0.7136752136752137,0.7776877891031083
0.9608745684695051,0.713065755764304,0.7776840620886336
0.9608745684695051,0.712457337883959,0.7772810446485573
0.9620253164556962,0.7127024722932651,0.777115076629768
0.9620253164556962,0.7120954003407155,0.7767186922495282
0.9620253164556962,0.7114893617021276,0.7764787182247551
0.9620253164556962,0.7108843537414966,0.776046482357007
0.9620253164556962,0.7102803738317757,0.7755140284668123
0.9620253164556962,0.7096774193548387,0.7751188547211421
0.9620253164556962,0.7090754877014419,0.7741866443379424
0.9620253164556962,0.7084745762711865,0.7741241798062023
0.9620253164556962,0.707874682472481,0.7740980198400205
0.9620253164556962,0.7072758037225042,0.7740306570669548
0.9631760644418872,0.7075232459847844,0.7739766933738397
0.9631760644418872,0.7069256756756757,0.7738831953162293
0.9631760644418872,0.7063291139240506,0.7733850425239379
0.9631760644418872,0.7057335581787522,0.7729101695255328
0.9631760644418872,0.7051390058972199,0.7727656477897918
0.9631760644418872,0.7045454545454546,0.7726986153564115
0.9643268124280783,0.704793944491169,0.7717665512423703
0.9643268124280783,0.704201680672269,0.7710165006480811
0.9654775604142692,0.7044500419815282,0.7710026221055363
0.9654775604142692,0.7038590604026845,0.7703900372998281
0.9654775604142692,0.7032690695725062,0.7701212541281794
0.9666283084004603,0.7035175879396985,0.7697078176607296
0.9666283084004603,0.702928870292887,0.769490001475343
0.9666283084004603,0.7023411371237458,0.7691870785081716
0.9666283084004603,0.7017543859649122,0.769139872980843
0.9666283084004603,0.7011686143572621,0.7691223146055368
0.9666283084004603,0.700583819849875,0.769061936872165
0.9666283084004603,0.7,0.7690217306467817
0.9666283084004603,0.6994171523730225,0.7684741742169885
0.9666283084004603,0.6988352745424293,0.7680804052676028
0.9666283084004603,0.6982543640897756,0.7679237935178488
0.9666283084004603,0.6976744186046512,0.7667101110430684
0.9666283084004603,0.6970954356846473,0.7664457639940299
0.9666283084004603,0.6965174129353234,0.7663298046442862
0.9666283084004603,0.695940347970174,0.7662122538002805
0.9677790563866513,0.6961920529801324,0.7660748612431727
0.9677790563866513,0.695616211745244,0.7658859614464668
0.9677790563866513,0.6950413223140496,0.7653756346232631
0.9689298043728424,0.6952931461601982,0.7651891637924696
0.9689298043728424,0.6947194719471947,0.7651503243988201
0.9700805523590333,0.6949711459192086,0.7651328895243567
0.9700805523590333,0.6943986820428336,0.7645615037892451
0.9700805523590333,0.6938271604938272,0.7645437505413676
0.9700805523590333,0.6932565789473685,0.7634742215865121
0.9700805523590333,0.6926869350862778,0.7633639855816357
0.9700805523590333,0.6921182266009852,0.7632240861400428
0.9700805523590333,0.6915504511894995,0.7629286839681487
0.9700805523590333,0.690983606557377,0.7629120906851928
0.9700805523590333,0.6904176904176904,0.762279550578719
0.9700805523590333,0.6898527004909983,0.7619137391307541
0.9700805523590333,0.6892886345053147,0.7611858933012882
0.9700805523590333,0.6887254901960784,0.7607949186236228
0.9700805523590333,0.6881632653061225,0.7605744178040734
0.9700805523590333,0.6876019575856444,0.7604076945281404
0.9700805523590333,0.687041564792176,0.759681739700009
0.9700805523590333,0.6864820846905537,0.7595651933869753
0.9700805523590333,0.6859235150528885,0.758907343457515
0.9700805523590333,0.6853658536585366,0.7585615597393415
0.9700805523590333,0.6848090982940699,0.7584160588103154
0.9712313003452244,0.685064935064935,0.7577838452672077
0.9712313003452244,0.6845093268450932,0.7569103676088583
0.9712313003452244,0.6839546191247974,0.7565243790011734
0.9712313003452244,0.6834008097165992,0.7558493307109859
0.9723820483314154,0.6836569579288025,0.7553753364127288
0.9723820483314154,0.683104284559418,0.7553743350281146
0.9735327963176065,0.6833602584814217,0.7551533082074603
0.9735327963176065,0.6828087167070218,0.7545652841105654
0.9735327963176065,0.682258064516129,0.7543654626825483
0.9735327963176065,0.6817082997582594,0.7535047792523613
0.9735327963176065,0.6811594202898551,0.7533878429402185
0.9735327963176065,0.6806114239742558,0.7533697083489443
0.9746835443037974,0.6808681672025724,0.7533470860285842
0.9746835443037974,0.6803212851405622,0.753075549909303
0.9746835443037974,0.6797752808988764,0.7527238183198846
0.9746835443037974,0.6792301523656776,0.7525623807906716
0.9746835443037974,0.6786858974358975,0.752335141124959
0.9746835443037974,0.678142514011209,0.7521209830889455
0.9746835443037974,0.6776,0.751251620566824
0.9746835443037974,0.6770583533173461,0.7510886639443977
0.9746835443037974,0.6765175718849841,0.7505691504551322
0.9746835443037974,0.6759776536312849,0.7498318232081939
0.9746835443037974,0.6754385964912281,0.7497252917933076
0.9746835443037974,0.6749003984063745,0.7496790676887624
0.9746835443037974,0.6743630573248408,0.7492631154420499
0.9746835443037974,0.6738265712012729,0.7489917772071102
0.9746835443037974,0.6732909379968204,0.7489379920723067
0.9746835443037974,0.6727561556791104,0.7485315270933578
0.9746835443037974,0.6722222222222223,0.7483605428267486
0.9746835443037974,0.6716891356066613,0.7482505822057125
0.9746835443037974,0.6711568938193344,0.7471456798645819
0.9746835443037974,0.6706254948535234,0.746674008853666
0.9746835443037974,0.6700949367088608,0.7462125571032229
0.9746835443037974,0.6695652173913044,0.7460276097553218
0.9746835443037974,0.6690363349131122,0.7457385480036428
0.9758342922899885,0.6692975532754538,0.7452302726139393
0.9758342922899885,0.668769716088328,0.7451182778319301
0.9769850402761795,0.6690307328605201,0.7451157792873577
0.9769850402761795,0.668503937007874,0.7444920561426309
0.9781357882623706,0.6687647521636507,0.7439115363203448
0.9781357882623706,0.6682389937106918,0.7435160503130666
0.9781357882623706,0.6677140612725845,0.7431841244025356
0.9781357882623706,0.6671899529042387,0.742714864929637
0.9792865362485615,0.6674509803921569,0.742607672477946
0.9792865362485615,0.6669278996865203,0.7424596844551961
0.9792865362485615,0.6664056382145653,0.7422489664608353
0.9792865362485615,0.6658841940532081,0.7421913904876958
0.9792865362485615,0.6653635652853792,0.7421118772265402
0.9792865362485615,0.66484375,0.7414121705059258
0.9792865362485615,0.6643247462919594,0.7396824273476991
0.9792865362485615,0.6638065522620905,0.7393779757414622
0.9792865362485615,0.6632891660171473,0.73933536258875
0.9792865362485615,0.6627725856697819,0.7392404405220263
0.9792865362485615,0.6622568093385214,0.7387386909385325
0.9804372842347526,0.6625194401244168,0.7387109640906786
0.9804372842347526,0.662004662004662,0.7386505393743745
0.9804372842347526,0.6614906832298136,0.7386493784587511
0.9804372842347526,0.660977501939488,0.7374725339710757
0.9804372842347526,0.6604651162790698,0.7373782569327508
0.9804372842347526,0.6599535243996901,0.7372927362837545
0.9804372842347526,0.6594427244582043,0.7368216327880261
0.9804372842347526,0.6589327146171694,0.7366618267724341
0.9804372842347526,0.6584234930448223,0.7366381399580157
0.9804372842347526,0.6579150579150579,0.7364540963036932
0.9804372842347526,0.6574074074074074,0.7363563327998245
0.9815880322209436,0.6576715497301465,0.7359154906535035
0.9815880322209436,0.6571648690292758,0.7356621183727907
0.9815880322209436,0.6566589684372595,0.7354201084815741
0.9815880322209436,0.6561538461538462,0.7353157579650064
0.9815880322209436,0.6556495003843198,0.7352816441004382
0.9815880322209436,0.6551459293394777,0.7344711079836596
0.9815880322209436,0.6546431312356101,0.7341567289647443
0.9815880322209436,0.6541411042944786,0.733334358693543
0.9815880322209436,0.653639846743295,0.7329378478658735
0.9815880322209436,0.6531393568147014,0.7327981375339476
0.9815880322209436,0.6526396327467483,0.7311998754656239
0.9815880322209436,0.6521406727828746,0.7306980038784613
0.9815880322209436,0.6516424751718869,0.7306026664829212
0.9815880322209436,0.6511450381679389,0.7305872295668677
0.9815880322209436,0.6506483600305111,0.730562006552583
0.9815880322209436,0.6501524390243902,0.7297826846557307
0.9815880322209436,0.6496572734196496,0.7293473509023863
0.9815880322209436,0.6491628614916286,0.7291080933092847
0.9815880322209436,0.6486692015209126,0.728858796561831
0.9815880322209436,0.648176291793313,0.7286872946273173
0.9815880322209436,0.6476841305998481,0.7285835480350773
0.9815880322209436,0.6471927162367223,0.7285817646772623
0.9815880322209436,0.6467020470053071,0.7283111354444384
0.9815880322209436,0.6462121212121212,0.7280006250405007
0.9815880322209436,0.6457229371688115,0.7278611956575951
0.9815880322209436,0.6452344931921331,0.7276020961252683
0.9827387802071347,0.6455026455026455,0.7274656996932235
0.9827387802071347,0.6450151057401813,0.7272910479676973
0.9827387802071347,0.6445283018867924,0.7268910712254083
0.9827387802071347,0.6440422322775264,0.7268167319519243
0.9827387802071347,0.6435568952524491,0.7266965582702476
0.9827387802071347,0.6430722891566265,0.726160788322601
0.9827387802071347,0.6425884123401053,0.726004486297218
0.9827387802071347,0.6421052631578947,0.7259412024662135
0.9827387802071347,0.6416228399699474,0.7258192245106528
0.9827387802071347,0.6411411411411412,0.7258145310949309
0.9827387802071347,0.6406601650412603,0.7253509511436528
0.9838895281933256,0.6409295352323838,0.7252062958656184
0.9838895281933256,0.6404494382022472,0.724701311479817
0.9838895281933256,0.6399700598802395,0.724348520661032
0.9838895281933256,0.6394913986537023,0.7242474921368792
0.9838895281933256,0.6390134529147982,0.7236410396600119
0.9838895281933256,0.6385362210604929,0.723631145796112
0.9838895281933256,0.6380597014925373,0.7234121661712081
0.9838895281933256,0.6375838926174496,0.7229781766316355
0.9838895281933256,0.6371087928464978,0.722647366291871
0.9838895281933256,0.6366344005956813,0.7226402032299867
0.9838895281933256,0.6361607142857143,0.7224185199290561
0.9838895281933256,0.6356877323420075,0.7216260913794774
0.9838895281933256,0.6352154531946508,0.7215449088291246
0.9838895281933256,0.6347438752783965,0.7211331295454821
0.9838895281933256,0.634272997032641,0.7210808154552695
0.9850402761795167,0.6345441067457376,0.7209460583400706
0.9850402761795167,0.6340740740740741,0.720554892366671
0.9850402761795167,0.6336047372316802,0.7204062304708355
0.9850402761795167,0.6331360946745562,0.7202783083513234
0.9850402761795167,0.6326681448632668,0.720276947734758
0.9850402761795167,0.6322008862629247,0.7202051549135451
0.9850402761795167,0.6317343173431734,0.7199600118790528
0.9850402761795167,0.6312684365781711,0.7198348842838702
0.9850402761795167,0.6308032424465734,0.7196617705196429
0.9850402761795167,0.6303387334315169,0.7194270872370825
0.9850402761795167,0.6298749080206034,0.7193718786369119
0.9850402761795167,0.6294117647058823,0.7189450428583806
0.9850402761795167,0.6289493019838354,0.7189147021663022
0.9850402761795167,0.6284875183553598,0.7189040590431338
0.9861910241657077,0.6287600880410859,0.7188482524824117
0.9861910241657077,0.6282991202346041,0.7186940697560522
0.9861910241657077,0.6278388278388278,0.7186157193222029
0.9861910241657077,0.6273792093704246,0.7185187460254601
0.9861910241657077,0.6269202633504023,0.718344084445091
0.9861910241657077,0.6264619883040936,0.7180255095894282
0.9861910241657077,0.6260043827611396,0.7175423372586788
0.9861910241657077,0.6255474452554745,0.7172942736732348
0.9861910241657077,0.62509117432531,0.7171962670422131
0.9861910241657077,0.6246355685131195,0.7171715727730877
0.9861910241657077,0.6241806263656228,0.7161866782692544
0.9861910241657077,0.62372634643377,0.7159415456784658
0.9861910241657077,0.6232727272727273,0.7158932945580713
0.9861910241657077,0.6228197674418605,0.7153040944616684
0.9861910241657077,0.6223674655047204,0.7152431765358818
0.9861910241657077,0.6219158200290276,0.7146835757050037
0.9861910241657077,0.621464829586657,0.7141911865251411
0.9861910241657077,0.6210144927536232,0.7141650962863401
0.9861910241657077,0.6205648081100652,0.7139499292741058
0.9861910241657077,0.6201157742402316,0.7138018283349186
0.9861910241657077,0.6196673897324656,0.7136436350902683
0.9861910241657077,0.6192196531791907,0.7132587322850272
0.9861910241657077,0.6187725631768953,0.7130580310831184
0.9861910241657077,0.6183261183261183,0.7129625214931609
0.9861910241657077,0.6178803172314348,0.7126535043189982
0.9861910241657077,0.6174351585014409,0.7121545225639397
0.9873417721518988,0.6177105831533477,0.7116957776635828
0.9873417721518988,0.6172661870503597,0.7116651116925554
0.9873417721518988,0.616822429906542,0.7113803658502149
0.9873417721518988,0.6163793103448276,0.7113016353028233
0.9873417721518988,0.6159368269921034,0.7110782275713109
0.9873417721518988,0.6154949784791965,0.7109484689890416
0.9873417721518988,0.6150537634408603,0.7108754055102411
0.9873417721518988,0.6146131805157593,0.7106914826919075
0.9873417721518988,0.6141732283464567,0.71066796926529
0.9873417721518988,0.6137339055793991,0.7106552560344396
0.9873417721518988,0.6132952108649035,0.7104998469041612
0.9873417721518988,0.6128571428571429,0.7099115375302046
0.9873417721518988,0.6124197002141327,0.7098202257507622
0.9873417721518988,0.6119828815977175,0.709764947235538
0.9873417721518988,0.6115466856735566,0.7096183023166673
0.9873417721518988,0.6111111111111112,0.709555756791132
0.9873417721518988,0.61067615658363,0.7090270710509257
0.9873417721518988,0.6102418207681366,0.7087107909116067
0.9873417721518988,0.6098081023454158,0.7085759457521281
0.9873417721518988,0.609375,0.7084863764560176
0.9873417721518988,0.6089425124201562,0.7083549372184086
0.9873417721518988,0.6085106382978723,0.7083134915980427
0.9873417721518988,0.6080793763288448,0.7071404968739791
0.9873417721518988,0.6076487252124646,0.7071012166204937
0.9873417721518988,0.6072186836518046,0.7067040275112573
0.9873417721518988,0.6067892503536068,0.706187964950187
0.9873417721518988,0.6063604240282685,0.7056103930089055
0.9873417721518988,0.6059322033898306,0.7055234728798281
0.9873417721518988,0.6055045871559633,0.705278642308031
0.9873417721518988,0.6050775740479548,0.7051518153898746
0.9873417721518988,0.6046511627906976,0.7051098156686328
0.9873417721518988,0.604225352112676,0.704940807541136
0.9873417721518988,0.6038001407459536,0.7047809970223562
0.9873417721518988,0.6033755274261603,0.704546280331192
0.9873417721518988,0.6029515108924807,0.7043337590254661
0.9873417721518988,0.6025280898876404,0.7041645064834197
0.9873417721518988,0.6021052631578947,0.7040480517636305
0.9873417721518988,0.6016830294530154,0.7036826361555726
0.9873417721518988,0.6012613875262789,0.7033921822202113
0.9873417721518988,0.6008403361344538,0.703277681954066
0.9873417721518988,0.6004198740377886,0.7031419066346332
0.9873417721518988,0.6,0.703137042061612
0.9873417721518988,0.59958071278826,0.7029600128222667
0.9873417721518988,0.5991620111731844,0.7023865269984678
0.9873417721518988,0.5987438939288207,0.702264847957463
0.9873417721518988,0.5983263598326359,0.7022096946459012
0.9873417721518988,0.5979094076655053,0.7021430203422631
0.9873417721518988,0.5974930362116991,0.7020942733941977
0.9873417721518988,0.5970772442588727,0.7018457945865633
0.9873417721518988,0.5966620305980529,0.7017828282967471
0.9873417721518988,0.5962473940236275,0.70177223051939
0.9873417721518988,0.5958333333333333,0.7017384392476854
0.9873417721518988,0.5954198473282443,0.7016769496805906
0.9873417721518988,0.59500693481276,0.7011524733451932
0.9873417721518988,0.5945945945945946,0.7011340982173419
0.9873417721518988,0.5941828254847645,0.7009952253393892
0.9873417721518988,0.5937716262975778,0.7008882941812533
0.9873417721518988,0.5933609958506224,0.700867648735022
0.9873417721518988,0.5929509329647547,0.7007895117584542
0.9873417721518988,0.5925414364640884,0.7007355120535055
0.9873417721518988,0.5921325051759835,0.7007333078450716
0.9873417721518988,0.5917241379310345,0.7006993395393003
0.9873417721518988,0.5913163335630599,0.7006005944385425
0.9873417721518988,0.5909090909090909,0.7004400190634704
0.9873417721518988,0.5905024088093599,0.7001370110435307
0.9873417721518988,0.5900962861072903,0.7001225048335687
0.9873417721518988,0.5896907216494846,0.7000096981391458
0.9873417721518988,0.5892857142857143,0.6996435322067172
0.9873417721518988,0.5888812628689087,0.6995242842020607
0.9873417721518988,0.588477366255144,0.6994400275343006
0.9873417721518988,0.5880740233036327,0.6994114360829398
0.9873417721518988,0.5876712328767123,0.6993475916484471
0.9873417721518988,0.5872689938398358,0.6989740337449595
0.9873417721518988,0.5868673050615595,0.6988428864028389
0.9873417721518988,0.5864661654135338,0.6986511861087336
0.9873417721518988,0.5860655737704918,0.6986093235850991
0.9873417721518988,0.5856655290102389,0.6984066866535307
0.9873417721518988,0.5852660300136425,0.6982383188467812
0.9873417721518988,0.5848670756646217,0.6982297321915094
0.9873417721518988,0.5844686648501363,0.6982205564525531
0.9873417721518988,0.584070796460177,0.6980135234067808
0.9873417721518988,0.5836734693877551,0.6978200355251234
0.9873417721518988,0.5832766825288919,0.6977162024913254
0.9873417721518988,0.5828804347826086,0.6977081853724804
0.9873417721518988,0.5824847250509165,0.6977073842506168
0.9873417721518988,0.582089552238806,0.697439067728032
0.9873417721518988,0.5816949152542373,0.69720535488681
0.9873417721518988,0.5813008130081301,0.6970189396185648
0.9873417721518988,0.5809072444143534,0.6970048885799812
0.9873417721518988,0.5805142083897158,0.6968049392416972
0.9873417721518988,0.5801217038539553,0.6965303649975435
0.9873417721518988,0.5797297297297297,0.6964046136096348
0.9873417721518988,0.5793382849426063,0.6962949019557547
0.9873417721518988,0.5789473684210527,0.6956546266979764
0.9873417721518988,0.5785569790964261,0.6953298402423514
0.9873417721518988,0.578167115902965,0.6947028782079571
0.9873417721518988,0.5777777777777777,0.6947001282327177
0.9873417721518988,0.5773889636608345,0.6945767474256983
0.9873417721518988,0.5770006724949562,0.6944256749895216
0.9873417721518988,0.5766129032258065,0.6940463127713012
0.9873417721518988,0.5762256548018805,0.6935809520704292
0.9873417721518988,0.5758389261744966,0.6932819575949738
0.9873417721518988,0.5754527162977867,0.6926796765648225
0.9873417721518988,0.5750670241286864,0.6925970932246654
0.9873417721518988,0.5746818486269256,0.6925206169090664
0.9873417721518988,0.5742971887550201,0.6922218562649588
0.9873417721518988,0.5739130434782609,0.6921683507344619
0.9873417721518988,0.5735294117647058,0.6916640677203385
0.9873417721518988,0.5731462925851704,0.6913809560131612
0.9873417721518988,0.5727636849132176,0.6913779605595142
0.9873417721518988,0.5723815877251501,0.6909556267202712
0.9873417721518988,0.572,0.6906108140896063
0.9873417721518988,0.5716189207195204,0.6902995356159938
0.9884925201380897,0.5719041278295606,0.6898708259128131
0.9884925201380897,0.571523619427811,0.6898168036113658
0.9884925201380897,0.5711436170212766,0.6895567927095135
0.9884925201380897,0.5707641196013289,0.6894385551471128
0.9884925201380897,0.5703851261620186,0.689316421749178
0.9884925201380897,0.5700066357000664,0.6885897586858306
0.9884925201380897,0.5696286472148541,0.6883332475714392
0.9884925201380897,0.5692511597084162,0.6880630816723309
0.9884925201380897,0.5688741721854305,0.6879540193272572
0.9884925201380897,0.5684976836532097,0.6877353464745649
0.9884925201380897,0.5681216931216931,0.6872288567305186
0.9884925201380897,0.5677461996034369,0.6872101737432649
0.9884925201380897,0.5673712021136064,0.6870045724393258
0.9884925201380897,0.566996699669967,0.6868353748726851
0.9884925201380897,0.566622691292876,0.6867583191416574
0.9884925201380897,0.5662491760052736,0.6865457976070267
0.9884925201380897,0.5658761528326746,0.6860758032511539
0.9884925201380897,0.56550362080316,0.6856388959053888
0.9884925201380897,0.5651315789473684,0.6853298035322132
0.9884925201380897,0.5647600262984879,0.6850990388983257
0.9884925201380897,0.5643889618922471,0.6850583924607029
0.9884925201380897,0.5640183847669075,0.6847162082161063
0.9884925201380897,0.5636482939632546,0.6846757954436413
0.9884925201380897,0.5632786885245902,0.6844339190654185
0.9884925201380897,0.5629095674967235,0.6842561150903982
0.9884925201380897,0.5625409299279633,0.684104936011664
0.9884925201380897,0.56217277486911,0.6840384273984108
0.9884925201380897,0.5618051013734467,0.6834008914015403
0.9884925201380897,0.561437908496732,0.6831781693429214
0.9884925201380897,0.5610711952971914,0.6831775568507158
0.9884925201380897,0.5607049608355091,0.6827803784079106
0.9884925201380897,0.5603392041748206,0.6826103925745514
0.9884925201380897,0.559973924380704,0.6824109466913455
0.9884925201380897,0.5596091205211726,0.6821310775864109
0.9884925201380897,0.5592447916666666,0.6819885950801489
0.9884925201380897,0.5588809368900456,0.6819264605979971
0.9884925201380897,0.55851755526658,0.6818844247615001
0.9884925201380897,0.5581546458739441,0.6817294574696211
0.9884925201380897,0.5577922077922078,0.6817249146793891
0.9884925201380897,0.5574302401038287,0.6816571632919443
0.9884925201380897,0.5570687418936446,0.6810253283744848
0.9884925201380897,0.5567077122488658,0.6806336356435382
0.9884925201380897,0.5563471502590673,0.6803832859334152
0.9884925201380897,0.5559870550161812,0.6801655935401387
0.9884925201380897,0.555627425614489,0.6801097436113778
0.9884925201380897,0.5552682611506141,0.6801062045533027
0.9884925201380897,0.5549095607235142,0.6800078276399495
0.9884925201380897,0.5545513234344739,0.6796233534745872
0.9884925201380897,0.5541935483870968,0.6793463035311424
0.9884925201380897,0.5538362346872985,0.6789489819321191
0.9884925201380897,0.553479381443299,0.6787884868400998
0.9884925201380897,0.553122987765615,0.678640377832119
0.9884925201380897,0.5527670527670527,0.67826931862345
0.9884925201380897,0.5524115755627009,0.6777514846553273
0.9884925201380897,0.5520565552699229,0.6777401572627084
0.9884925201380897,0.5517019910083494,0.677550827092503
0.9884925201380897,0.5513478818998716,0.6771323936656746
0.9884925201380897,0.5509942270686338,0.6771179641044088
0.9884925201380897,0.5506410256410257,0.6769891676642967
0.9884925201380897,0.5502882767456758,0.6767173094026044
0.9884925201380897,0.5499359795134443,0.6766353849495422
0.9884925201380897,0.5495841330774153,0.6765650589991836
0.9884925201380897,0.5492327365728901,0.6765539409592422
0.9884925201380897,0.5488817891373802,0.6764027070790464
0.9884925201380897,0.5485312899106003,0.6763261970579231
0.9884925201380897,0.5481812380344607,0.676185158315178
0.9884925201380897,0.5478316326530612,0.6758416737715403
0.9884925201380897,0.5474824729126833,0.6757974109100515
0.9884925201380897,0.5471337579617834,0.6757661081960729
0.9884925201380897,0.5467854869509866,0.6757219304102616
0.9884925201380897,0.5464376590330788,0.6752756925914474
0.9884925201380897,0.5460902733630006,0.6750429917863205
0.9884925201380897,0.5457433290978398,0.6746725998019689
0.9884925201380897,0.5453968253968254,0.6744431546452879
0.9884925201380897,0.5450507614213198,0.6737118069526382
0.9884925201380897,0.544705136334813,0.6732452481445534
0.9884925201380897,0.5443599493029151,0.6732295782385571
0.9884925201380897,0.5440151994933502,0.6730926425456849
0.9884925201380897,0.5436708860759494,0.6727911631338979
0.9884925201380897,0.5433270082226439,0.6724529984711104
0.9884925201380897,0.5429835651074589,0.6722625034057126
0.9884925201380897,0.5426405559065066,0.6721514413211915
0.9884925201380897,0.5422979797979798,0.6721398515495796
0.9884925201380897,0.5419558359621451,0.6720546844390489
0.9884925201380897,0.5416141235813366,0.671580108371337
0.9884925201380897,0.5412728418399496,0.6714333232805803
0.9884925201380897,0.5409319899244333,0.6714266772080343
0.9884925201380897,0.540591567023285,0.6712591098588415
0.9884925201380897,0.540251572327044,0.6710985687874819
0.9884925201380897,0.5399120050282841,0.6709014043891142
0.9884925201380897,0.539572864321608,0.6708732191630483
0.9884925201380897,0.5392341494036409,0.6706517298582928
0.9884925201380897,0.5388958594730239,0.6704658978968264
0.9896432681242808,0.5391849529780565,0.6702330158662351
0.9896432681242808,0.5388471177944862,0.6695857344807202
0.9896432681242808,0.5385097056981841,0.6694528607243518
0.9896432681242808,0.5381727158948686,0.6692003994999699
0.9896432681242808,0.5378361475922452,0.6689335281842862
0.9896432681242808,0.5375,0.6686883977703699
0.9896432681242808,0.5371642723297939,0.6679891464818551
0.9896432681242808,0.5368289637952559,0.6661621461795435
0.9896432681242808,0.5364940736119775,0.6660982761183094
0.9896432681242808,0.5361596009975063,0.6656884510582993
0.9896432681242808,0.5358255451713395,0.665608668276216
0.9896432681242808,0.5354919053549191,0.6654907822073243
0.9896432681242808,0.5351586807716241,0.6654335093593273
0.9896432681242808,0.5348258706467661,0.6654158420623918
0.9896432681242808,0.5344934742075823,0.66530161206384
0.9896432681242808,0.5341614906832298,0.6647922324291882
0.9896432681242808,0.5338299193047796,0.6646817443335045
0.9896432681242808,0.533498759305211,0.6645567822156805
0.9896432681242808,0.5331680099194048,0.6644572466973334
0.9907940161104718,0.533457249070632,0.664420639951976
0.9907940161104718,0.5331269349845201,0.6642911803845515
0.9907940161104718,0.5327970297029703,0.6640533257895065
0.9907940161104718,0.5324675324675324,0.6637483566442289
0.9907940161104718,0.5321384425216317,0.6635172657906719
0.9907940161104718,0.531809759110562,0.6632402236828179
0.9907940161104718,0.5314814814814814,0.6627644102194172
0.9907940161104718,0.5311536088834053,0.6622046870541901
0.9907940161104718,0.530826140567201,0.66199723048554
0.9907940161104718,0.5304990757855823,0.6610715140483833
0.9907940161104718,0.5301724137931034,0.6606169432351189
0.9907940161104718,0.5298461538461539,0.6605666420817002
0.9907940161104718,0.5295202952029521,0.6605575477920238
0.9907940161104718,0.5291948371235402,0.6604567524256173
0.9907940161104718,0.5288697788697788,0.6599411761849222
0.9907940161104718,0.5285451197053407,0.6597807248005824
0.9919447640966629,0.5288343558282208,0.6594360543886457
0.9919447640966629,0.5285101164929491,0.6592866495651496
0.9919447640966629,0.5281862745098039,0.657093313895086
0.9919447640966629,0.5278628291488059,0.6569827698567021
0.9919447640966629,0.5275397796817626,0.6566878133507007
0.9919447640966629,0.527217125382263,0.656540309740065
0.9919447640966629,0.5268948655256723,0.656472231377598
0.9919447640966629,0.5265729993891265,0.656343938630063
0.9919447640966629,0.5262515262515263,0.655907533523658
0.9919447640966629,0.5259304453935326,0.6556481932011032
0.9919447640966629,0.525609756097561,0.6552610369278241
0.9919447640966629,0.5252894576477758,0.6547775310757379
0.9919447640966629,0.5249695493300852,0.6542249581858788
0.9919447640966629,0.5246500304321363,0.6532417088577251
0.9919447640966629,0.524330900243309,0.6530837036631816
0.9919447640966629,0.5240121580547112,0.6529893961122607
0.9919447640966629,0.5236938031591738,0.6528478069364194
0.9919447640966629,0.5233758348512447,0.6525478743435446
0.9919447640966629,0.5230582524271845,0.6525440630284711
0.9919447640966629,0.5227410551849606,0.6524971486518225
0.9919447640966629,0.5224242424242425,0.6523240086056431
0.9919447640966629,0.5221078134463961,0.6518851417185807
0.9919447640966629,0.5217917675544794,0.6518263341879417
0.9919447640966629,0.5214761040532365,0.6515047077234216
0.9919447640966629,0.5211608222490931,0.651472640161081
0.9919447640966629,0.5208459214501511,0.65116956148551
0.9919447640966629,0.5205314009661836,0.651027882361977
0.9919447640966629,0.52021726010863,0.6507537094078409
0.9919447640966629,0.5199034981905911,0.6506291906890692
0.9919447640966629,0.5195901145268234,0.6506066744864591
0.9919447640966629,0.519277108433735,0.6503212469461793
0.9919447640966629,0.5189644792293799,0.6503074431183652
0.9919447640966629,0.5186522262334536,0.6502086835163375
0.9919447640966629,0.5183403487672881,0.6501819923819669
0.9919447640966629,0.5180288461538461,0.6500976328308044
0.9919447640966629,0.5177177177177177,0.6500286323090336
0.9930955120828538,0.5180072028811524,0.6496994663038396
0.9930955120828538,0.5176964607078585,0.6496048522581386
0.9930955120828538,0.5173860911270983,0.6494708701902392
0.9930955120828538,0.5170760934691432,0.6494301411243267
0.9930955120828538,0.5167664670658683,0.6492540678876316
0.9930955120828538,0.5164572112507481,0.6490713255513325
0.9930955120828538,0.5161483253588517,0.6489156017756659
0.9930955120828538,0.515839808726838,0.6489151202982827
0.9930955120828538,0.515531660692951,0.6487363321463185
0.9930955120828538,0.515223880597015,0.6486697726016837
0.9942462600690449,0.5155131264916468,0.6482439051352848
0.9942462600690449,0.5152057245080501,0.6481971312285945
0.9942462600690449,0.5148986889153755,0.6481838363393326
0.9942462600690449,0.5145920190589637,0.6481487925185846
0.9953970080552359,0.5148809523809523,0.6480335869953817
0.9953970080552359,0.5145746579417013,0.6477739886309366
0.9953970080552359,0.514268727705113,0.6475362158717506
0.9953970080552359,0.5139631610219846,0.647321167147321
0.9953970080552359,0.5136579572446556,0.6472220951229535
0.9953970080552359,0.5133531157270029,0.6470546935011092
0.9953970080552359,0.5130486358244365,0.6469194839325402
0.9953970080552359,0.5127445168938944,0.6468053267012472
0.9953970080552359,0.5124407582938388,0.6467925127034496
0.9953970080552359,0.5121373593842511,0.6467114519215174
0.9953970080552359,0.5118343195266272,0.6466717771156749
0.9953970080552359,0.511531638083974,0.6462820015863378
0.9953970080552359,0.5112293144208038,0.6461780381115252
0.9953970080552359,0.5109273479031305,0.6461463864115757
0.9953970080552359,0.5106257378984652,0.6460204947892284
0.9953970080552359,0.5103244837758112,0.6459883633952084
0.9953970080552359,0.5100235849056604,0.6459632532636342
0.9953970080552359,0.5097230406599882,0.64567023672677
0.9953970080552359,0.5094228504122497,0.6454620921356609
0.9953970080552359,0.5091230135373749,0.6452002807612055
0.9953970080552359,0.5088235294117647,0.6450970181402587
0.9953970080552359,0.5085243974132863,0.6448817539350463
0.9953970080552359,0.5082256169212691,0.6445873457865403
0.9953970080552359,0.5079271873165003,0.6445317319094839
0.996547756041427,0.5082159624413145,0.6444657749269029
0.996547756041427,0.5079178885630499,0.6441450104599251
0.996547756041427,0.5076201641266119,0.6440600228132505
0.996547756041427,0.5073227885178676,0.6431942201700984
0.996547756041427,0.5070257611241218,0.6428641375626714
0.996547756041427,0.5067290813341135,0.6428536732833191
0.996547756041427,0.5064327485380117,0.6426102627854504
0.996547756041427,0.5061367621274109,0.6425336542945617
0.996547756041427,0.5058411214953271,0.6424257282675648
0.996547756041427,0.5055458260361938,0.6424161475245282
0.996547756041427,0.5052508751458576,0.6423562258796429
0.996547756041427,0.5049562682215744,0.6423296142329167
0.996547756041427,0.5046620046620046,0.6420915083628936
0.996547756041427,0.5043680838672102,0.6420856707313662
0.996547756041427,0.5040745052386496,0.6419627034157827
0.996547756041427,0.5037812681791739,0.64184870626499
0.996547756041427,0.5034883720930232,0.64175491320849
0.996547756041427,0.5031958163858222,0.6417109746993034
0.996547756041427,0.502903600464576,0.6415725437821205
0.996547756041427,0.5026117237376668,0.6414803174389596
0.996547756041427,0.5023201856148491,0.6414165973580611
0.996547756041427,0.5020289855072464,0.6412473310843325
0.996547756041427,0.5017381228273464,0.6411945448854282
0.996547756041427,0.5014475969889982,0.6411924186058308
0.996547756041427,0.5011574074074074,0.6411858715513147
0.996547756041427,0.5008675534991325,0.6407788159511212
0.996547756041427,0.500578034682081,0.6404795365803749
0.996547756041427,0.5002888503755055,0.6400101352471452
0.996547756041427,0.5,0.6398944927308328
0.996547756041427,0.4997114829774957,0.6398141918002151
0.996547756041427,0.4994232987312572,0.6396060332012147
0.996547756041427,0.49913544668587895,0.6395748013694281
0.996547756041427,0.4988479262672811,0.639519704551099
0.996547756041427,0.4985607369027058,0.6393861300555883
0.996547756041427,0.4982738780207135,0.6390596579580599
0.996547756041427,0.49798734905117886,0.6380599653480661
0.996547756041427,0.49770114942528737,0.6375614970411305
0.996547756041427,0.4974152785755313,0.6375432021201509
0.996547756041427,0.4971297359357061,0.637542713901914
0.996547756041427,0.4968445209409065,0.6370020625846278
0.996547756041427,0.49655963302752293,0.6369689156151452
0.996547756041427,0.4962750716332378,0.6367536236144892
0.996547756041427,0.4959908361970218,0.6364482973386524
0.996547756041427,0.4957069261591299,0.6363924371395251
0.996547756041427,0.4954233409610984,0.6362887889148313
0.996547756041427,0.49514008004574045,0.6360936912692529
0.996547756041427,0.4948571428571429,0.6359806337110138
0.996547756041427,0.4945745288406625,0.6359148368933565
0.996547756041427,0.4942922374429224,0.6359101133322805
0.996547756041427,0.4940102681118083,0.6353402141960407
0.996547756041427,0.49372862029646525,0.6351917516962289
0.996547756041427,0.49344729344729343,0.635135472741245
0.996547756041427,0.49316628701594534,0.6350232327237179
0.996547756041427,0.4928856004553216,0.6347298033587004
0.996547756041427,0.4926052332195677,0.6345437807744367
0.996547756041427,0.4923251847640705,0.6343065034901788
0.996547756041427,0.49204545454545456,0.6342029244682086
0.996547756041427,0.49176604202157864,0.6339611144917263
0.996547756041427,0.49148694665153236,0.6336615166315847
0.996547756041427,0.49120816789563243,0.6334230136540691
0.996547756041427,0.4909297052154195,0.6328800285686786
0.996547756041427,0.4906515580736544,0.6327440393589764
0.996547756041427,0.49037372593431483,0.6324225825278957
0.996547756041427,0.490096208262592,0.6320156938054922
0.996547756041427,0.48981900452488686,0.631759403375913
0.996547756041427,0.4895421141888072,0.6316204029224785
0.996547756041427,0.48926553672316386,0.631487528184328
0.996547756041427,0.48898927159796723,0.6311653077185527
0.996547756041427,0.4887133182844244,0.6307156335613882
0.996547756041427,0.4884376762549351,0.630070909089059
0.996547756041427,0.4881623449830891,0.6300409306241679
0.996547756041427,0.48788732394366197,0.6300144553665186
0.996547756041427,0.48761261261261263,0.6300068836859827
0.996547756041427,0.48733821046707937,0.6299396799977015
0.996547756041427,0.4870641169853768,0.6298516695275852
0.996547756041427,0.4867903316469927,0.6297957800418766
0.996547756041427,0.48651685393258426,0.6295037687871899
0.996547756041427,0.4862436833239753,0.6293841954115971
0.996547756041427,0.48597081930415265,0.6290419033068738
0.996547756041427,0.485698261357263,0.6290242234563596
0.996547756041427,0.4854260089686099,0.6285582443181371
0.996547756041427,0.48515406162464986,0.6285269243821151
0.996547756041427,0.48488241881298993,0.6283816120404291
0.996547756041427,0.4846110800223839,0.628348870575361
0.996547756041427,0.4843400447427293,0.6283151985925592
0.996547756041427,0.4840693124650643,0.6282693456574544
0.996547756041427,0.48379888268156424,0.6281005524550446
0.996547756041427,0.4835287548855388,0.6275814991249181
0.996547756041427,0.48325892857142855,0.6275606633377284
0.996547756041427,0.482989403234802,0.6275572150820135
0.996547756041427,0.48272017837235226,0.6275387614723488
0.996547756041427,0.48245125348189416,0.6274534750064219
0.996547756041427,0.4821826280623608,0.6274444680138721
0.996547756041427,0.4819143016138008,0.6273183600465289
0.996547756041427,0.48164627363737483,0.6265138069211805
0.996547756041427,0.481378543635353,0.6264908841155078
0.996547756041427,0.4811111111111111,0.626289883921056
0.996547756041427,0.4808439755691283,0.626202924553526
0.996547756041427,0.48057713651498335,0.6254016957094537
0.996547756041427,0.4803105934553522,0.6253828537532403
0.996547756041427,0.48004434589800443,0.6253283219871686
0.996547756041427,0.47977839335180056,0.625276813847427
0.996547756041427,0.4795127353266888,0.6251273523267615
0.996547756041427,0.47924737133370227,0.6250503967846013
0.996547756041427,0.47898230088495575,0.6245456637960795
0.996547756041427,0.4787175234936429,0.6244833745026962
0.996547756041427,0.47845303867403316,0.624260248983534
0.996547756041427,0.4781888459414688,0.6238342594186891
0.996547756041427,0.47792494481236203,0.6238334341098574
0.996547756041427,0.47766133480419193,0.6237280183853133
0.996547756041427,0.47739801543550164,0.6236387245779976
0.996547756041427,0.47713498622589534,0.6235699917990299
0.996547756041427,0.47687224669603523,0.6232136040023901
0.996547756041427,0.47660979636763895,0.623135734677033
0.996547756041427,0.47634763476347636,0.6229882129300689
0.996547756041427,0.4760857614073667,0.6227402509308287
0.996547756041427,0.4758241758241758,0.6227110105592394
0.996547756041427,0.4755628775398133,0.6225463482852835
0.996547756041427,0.47530186608122943,0.6219733109705222
0.996547756041427,0.4750411409764125,0.6218274251280909
0.996547756041427,0.47478070175438597,0.6217373385158896
0.996547756041427,0.4745205479452055,0.6216434357435113
0.996547756041427,0.47426067907995617,0.6214486329973072
0.996547756041427,0.47400109469074986,0.621433374582523
0.996547756041427,0.4737417943107221,0.6210133092409812
0.996547756041427,0.4734827774740295,0.6208320756088359
0.996547756041427,0.473224043715847,0.6204235083592712
0.996547756041427,0.4729655925723648,0.6202376970574275
0.996547756041427,0.47270742358078605,0.6199943402867943
0.996547756041427,0.4724495362793235,0.6199489938512693
0.996547756041427,0.4721919302071974,0.6198313708720808
0.996547756041427,0.4719346049046321,0.6197044171267331
0.996547756041427,0.47167755991285404,0.6195060206759279
0.996547756041427,0.4714207947740882,0.6192694214918288
0.996547756041427,0.47116430903155604,0.6190935816841918
0.996547756041427,0.47090810222947255,0.6188192462129795
0.996547756041427,0.4706521739130435,0.6188075814616716
0.996547756041427,0.4703965236284628,0.6187774837304181
0.996547756041427,0.47014115092290987,0.6187095207467336
0.996547756041427,0.4698860553445469,0.6186949528729957
0.996547756041427,0.46963123644251625,0.6183751837214889
0.996547756041427,0.4693766937669377,0.6183539949122511
0.996547756041427,0.46912242686890576,0.6182139491669884
0.996547756041427,0.4688684353004873,0.618150852662132
0.996547756041427,0.4686147186147186,0.6179841248543712
0.996547756041427,0.46836127636560304,0.6178880151439575
0.996547756041427,0.4681081081081081,0.6178681182171252
0.996547756041427,0.46785521339816316,0.6178275508826346
0.996547756041427,0.46760259179265656,0.6176499394585927
0.996547756041427,0.46735024284943333,0.6174197655092004
0.996547756041427,0.4670981661272923,0.6173677754889106
0.996547756041427,0.4668463611859838,0.6173094974773975
0.996547756041427,0.4665948275862069,0.6172605242547551
0.996547756041427,0.4663435648896069,0.6172494066341698
0.996547756041427,0.46609257265877285,0.6168655326925518
0.996547756041427,0.4658418504572351,0.6168154654449548
0.996547756041427,0.46559139784946235,0.6167447574643049
0.996547756041427,0.46534121440085974,0.6166532860920361
0.996547756041427,0.46509129967776586,0.6165796034268457
0.996547756041427,0.46484165324745036,0.616021354060787
0.996547756041427,0.4645922746781116,0.61594570339205
0.996547756041427,0.464343163538874,0.6159435621759413
0.996547756041427,0.4640943193997856,0.6156301110337405
0.996547756041427,0.46384574183181576,0.6151315923364415
0.996547756041427,0.46359743040685225,0.6149698168402481
0.996547756041427,0.4633493846976993,0.6149082488834102
0.996547756041427,0.46310160427807484,0.6148675377440261
0.996547756041427,0.46285408872260825,0.6148220001728042
0.996547756041427,0.46260683760683763,0.6148118698158107
0.996547756041427,0.4623598505072077,0.6147873209009346
0.996547756041427,0.4621131270010672,0.6147532287719023
0.996547756041427,0.46186666666666665,0.6142430989678062
0.996547756041427,0.4616204690831556,0.6140760655187597
0.996547756041427,0.4613745338305807,0.613902711848621
0.996547756041427,0.46112886048988283,0.6137558013137545
0.996547756041427,0.46088344864289515,0.6137515676726355
0.996547756041427,0.46063829787234045,0.6137203278996151
0.996547756041427,0.4603934077618288,0.6136112512466299
0.996547756041427,0.46014877789585545,0.6134903263660875
0.996547756041427,0.4599044078597982,0.6134596833458301
0.996547756041427,0.4596602972399151,0.6133681279285794
0.996547756041427,0.45941644562334216,0.6133561462924257
0.996547756041427,0.4591728525980912,0.613266576424877
0.996547756041427,0.4589295177530472,0.6129324215405784
0.996547756041427,0.4586864406779661,0.61249024413061
0.996547756041427,0.45844362096347274,0.6121181680607924
0.996547756041427,0.4582010582010582,0.6120333510029903
0.996547756041427,0.4579587519830777,0.611936168651338
0.996547756041427,0.45771670190274844,0.611729041466553
0.996547756041427,0.4574749075541469,0.6115948028836999
0.996547756041427,0.457233368532207,0.6109824471444592
0.996547756041427,0.45699208443271766,0.6109351601538053
0.996547756041427,0.45675105485232065,0.6108310903441686
0.996547756041427,0.4565102793885082,0.6107415343730539
0.996547756041427,0.45626975763962063,0.6104451128916981
0.996547756041427,0.45602948920484465,0.6104056592935095
0.996547756041427,0.4557894736842105,0.6103323627595093
0.996547756041427,0.45554971067859024,0.6101912850397833
0.996547756041427,0.45531019978969506,0.6098958361875206
0.996547756041427,0.4550709406200736,0.6089444698805515
0.996547756041427,0.45483193277310924,0.6088826537377918
0.996547756041427,0.4545931758530184,0.6081837311971491
0.996547756041427,0.45435466946484787,0.6081290720625153
0.996547756041427,0.454116413214473,0.6079360718159289
0.996547756041427,0.45387840670859536,0.607731310629792
0.996547756041427,0.4536406495547407,0.6076819053729112
0.996547756041427,0.45340314136125653,0.6075570621519295
0.996547756041427,0.4531658817373103,0.6074297164197289
0.996547756041427,0.45292887029288703,0.6071546121944233
0.996547756041427,0.45269210663878723,0.606806923330871
0.996547756041427,0.45245559038662486,0.6063505726368577
0.996547756041427,0.45221932114882507,0.6061745293077944
0.996547756041427,0.4519832985386221,0.6060501568627862
0.996547756041427,0.45174752217005737,0.6059302239413407
0.996547756041427,0.45151199165797706,0.6056535839348601
0.996547756041427,0.4512767066180302,0.6048214524942694
0.996547756041427,0.4510416666666667,0.6046967323341715
0.996547756041427,0.45080687142113485,0.604089315795306
0.996547756041427,0.4505723204994797,0.603908392117385
0.996547756041427,0.4503380135205408,0.6038662674694703
0.996547756041427,0.4501039501039501,0.6037865656159732
0.996547756041427,0.44987012987012986,0.6034435484982078
0.996547756041427,0.44963655244029077,0.6033945566685175
0.996547756041427,0.4494032174364297,0.6033847541831705
0.996547756041427,0.4491701244813278,0.6030634177748863
0.996547756041427,0.4489372731985485,0.6027165105003479
0.996547756041427,0.44870466321243524,0.6026717040105581
0.996547756041427,0.4484722941481098,0.6026120903624222
0.996547756041427,0.44824016563146996,0.6024902892626662
0.996547756041427,0.4480082772891878,0.6024599469238704
0.996547756041427,0.44777662874870733,0.6024427994027136
0.996547756041427,0.4475452196382429,0.6023191181024808
0.996547756041427,0.44731404958677684,0.6019450881147625
0.996547756041427,0.44708311822405783,0.6019292939238888
0.997698504027618,0.4473684210526316,0.6018052445416379
0.997698504027618,0.44713769984528107,0.6015732146525009
0.997698504027618,0.4469072164948454,0.6013673669120202
0.997698504027618,0.446676970633694,0.6010992003843988
0.997698504027618,0.44644696189495364,0.60067480118567
0.997698504027618,0.4462171899125064,0.6005333575893427
0.997698504027618,0.44598765432098764,0.6004089724453856
0.997698504027618,0.44575835475578407,0.600401122829531
0.997698504027618,0.44552929085303183,0.6001725430685128
0.997698504027618,0.4453004622496148,0.6000616878721341
0.997698504027618,0.4450718685831622,0.599869803798934
0.997698504027618,0.4448435094920472,0.5997645795475963
0.997698504027618,0.44461538461538463,0.599588454194367
0.997698504027618,0.4443874935930292,0.5992556395020011
0.997698504027618,0.44415983606557374,0.5988563514155812
0.997698504027618,0.44393241167434716,0.5987927968061338
0.997698504027618,0.4437052200614125,0.598518223551112
0.997698504027618,0.4434782608695652,0.5984872536496747
0.997698504027618,0.4432515337423313,0.5983608123230741
0.997698504027618,0.4430250383239652,0.5982569524630836
0.997698504027618,0.4427987742594484,0.5981407293931728
0.997698504027618,0.442572741194487,0.5981268788441688
0.997698504027618,0.4423469387755102,0.5977770054195327
0.997698504027618,0.44212136664966856,0.597490960046649
0.997698504027618,0.4418960244648318,0.5974042205452703
0.997698504027618,0.44167091186958735,0.5971557201731779
0.997698504027618,0.4414460285132383,0.5971557107636869
0.997698504027618,0.44122137404580153,0.5970704924683226
0.997698504027618,0.4409969481180061,0.596979855778918
0.997698504027618,0.4407727503812913,0.5968034390500846
0.997698504027618,0.4405487804878049,0.5967778448414531
0.997698504027618,0.44032503809040124,0.5966039582124182
0.997698504027618,0.4401015228426396,0.5965383591753418
0.997698504027618,0.4398782343987823,0.5964184784813764
0.998849252013809,0.44016227180527384,0.5962526390391638
0.998849252013809,0.43993917891535733,0.596108785371064
0.998849252013809,0.4397163120567376,0.5960891543281862
0.998849252013809,0.43949367088607594,0.5960789237473589
0.998849252013809,0.4392712550607287,0.5958253358958552
0.998849252013809,0.43904906423874557,0.5956380449252854
0.998849252013809,0.43882709807886755,0.5950589119981867
0.998849252013809,0.4386053562405255,0.5948735176669173
0.998849252013809,0.4383838383838384,0.5947345400634079
0.998849252013809,0.4381625441696113,0.594607544905042
0.998849252013809,0.437941473259334,0.5944280712141554
0.998849252013809,0.437720625315179,0.5943715547445851
0.998849252013809,0.4375,0.5943570552350897
0.998849252013809,0.43727959697733,0.5943100030954174
0.998849252013809,0.43705941591137965,0.5942311306936157
0.998849252013809,0.43683945646703576,0.5941574863718724
0.998849252013809,0.43661971830985913,0.593932882897393
0.998849252013809,0.43640020110608346,0.5939060744367775
0.998849252013809,0.43618090452261304,0.593809884475793
0.998849252013809,0.4359618282270216,0.593778754330702
0.998849252013809,0.4357429718875502,0.5937756681281373
0.998849252013809,0.43552433517310585,0.5936618668269172
0.998849252013809,0.4353059177532598,0.5933654491016682
0.998849252013809,0.43508771929824563,0.5930693988224942
0.998849252013809,0.4348697394789579,0.5930484102806594
0.998849252013809,0.43465197796695043,0.5925323300823064
0.998849252013809,0.4344344344344344,0.5923579942879841
0.998849252013809,0.43421710855427714,0.5922679867660385
0.998849252013809,0.434,0.5920482232760972
0.998849252013809,0.4337831084457771,0.5918160109930206
0.998849252013809,0.43356643356643354,0.5915939182025116
0.998849252013809,0.4333499750374438,0.5912792537771954
0.998849252013809,0.43313373253493015,0.5911115266404096
0.998849252013809,0.43291770573566085,0.5906855246939029
0.998849252013809,0.43270189431704886,0.5906121864739352
0.998849252013809,0.43248629795715,0.5905821346702765
0.998849252013809,0.43227091633466136,0.5905767628754708
0.998849252013809,0.43205574912891986,0.5905478910176485
0.998849252013809,0.4318407960199005,0.5903175418436419
0.998849252013809,0.4316260566882148,0.5900108718079163
0.998849252013809,0.43141153081510936,0.5890802509065425
0.998849252013809,0.431197218082464,0.5887473545142794
0.998849252013809,0.43098311817279045,0.5887259372587359
0.998849252013809,0.4307692307692308,0.5884351482936231
0.998849252013809,0.4305555555555556,0.5884327018851566
0.998849252013809,0.4303420922161626,0.5884286784722955
0.998849252013809,0.4301288404360753,0.588416697558015
0.998849252013809,0.4299157999009411,0.5883007396431993
0.998849252013809,0.4297029702970297,0.5879960423338453
0.998849252013809,0.4294903513112321,0.5876321772362734
0.998849252013809,0.42927794263105834,0.5873172082620387
0.998849252013809,0.4290657439446367,0.5872254434052282
0.998849252013809,0.4288537549407115,0.5867436272352542
0.998849252013809,0.42864197530864195,0.5866341654266991
0.998849252013809,0.42843040473840077,0.5864896246172457
0.998849252013809,0.4282190429205723,0.586414518879638
0.998849252013809,0.4280078895463511,0.5863769356823584
0.998849252013809,0.42779694430754067,0.5860380704668441
0.998849252013809,0.42758620689655175,0.586030633590277
0.998849252013809,0.4273756770064008,0.5859643856621466
0.998849252013809,0.4271653543307087,0.5858962855437032
0.998849252013809,0.426955238563699,0.5858568829464681
0.998849252013809,0.42674532940019666,0.5857034351666638
0.998849252013809,0.42653562653562654,0.5855687556967085
0.998849252013809,0.4263261296660118,0.5853230575814318
0.998849252013809,0.4261168384879725,0.5853135747491909
0.998849252013809,0.4259077526987242,0.5848461136402883
0.998849252013809,0.42569887199607653,0.5847715525977659
0.998849252013809,0.42549019607843136,0.5846198886406101
0.998849252013809,0.425281724644782,0.5844001611319376
0.998849252013809,0.4250734573947111,0.5842899829733441
0.998849252013809,0.42486539402838963,0.5840996168193882
0.998849252013809,0.4246575342465753,0.5839401324840128
0.998849252013809,0.42444987775061127,0.5837936305850446
0.998849252013809,0.42424242424242425,0.583688387001927
0.998849252013809,0.4240351734245237,0.5835733064166442
0.998849252013809,0.423828125,0.5827449063974818
0.998849252013809,0.4236212786725232,0.5827405639977024
0.998849252013809,0.42341463414634145,0.5827254159822769
0.998849252013809,0.4232081911262799,0.5826291933383281
0.998849252013809,0.42300194931773877,0.5825685103283382
0.998849252013809,0.4227959084266926,0.5822368576672708
0.998849252013809,0.4225900681596884,0.5822321905157868
0.998849252013809,0.42238442822384425,0.5822129757246185
0.998849252013809,0.42217898832684825,0.5820438693909656
0.998849252013809,0.4219737481769567,0.5820374503703076
0.998849252013809,0.4217687074829932,0.5818369232759862
0.998849252013809,0.42156386595434675,0.5816838088426637
0.998849252013809,0.42135922330097086,0.5815895880002946
0.998849252013809,0.42115477923338185,0.5814189607407849
0.998849252013809,0.4209505334626576,0.580891572767767
0.998849252013809,0.42074648570043627,0.5807048624203471
0.998849252013809,0.42054263565891475,0.5805860606978452
0.998849252013809,0.42033898305084744,0.5805558493347112
0.998849252013809,0.42013552758954503,0.5804832683690351
0.998849252013809,0.41993226898887276,0.5804661254283313
0.998849252013809,0.4197292069632495,0.5804599227583257
0.998849252013809,0.4195263412276462,0.5803242552019705
0.998849252013809,0.41932367149758454,0.580307675173396
0.998849252013809,0.4191211974891357,0.580184106797983
0.998849252013809,0.4189189189189189,0.5798803832705995
0.998849252013809,0.4187168355041003,0.5796953452705302
0.998849252013809,0.4185149469623915,0.5796071462214828
0.998849252013809,0.4183132530120482,0.5795917107232104
0.998849252013809,0.41811175337186895,0.579066402423634
0.998849252013809,0.417910447761194,0.5786198005302
0.998849252013809,0.4177093358999038,0.5784312840970538
0.998849252013809,0.4175084175084175,0.577839353636335
0.998849252013809,0.4173076923076923,0.5776320733859138
0.998849252013809,0.41710716001922155,0.577574759998072
0.998849252013809,0.4169068203650336,0.5775728784835734
0.998849252013809,0.4167066730676908,0.5772409538064817
0.998849252013809,0.4165067178502879,0.5772007305923164
0.998849252013809,0.4163069544364508,0.5767286805341111
0.998849252013809,0.4161073825503356,0.5767274067379172
0.998849252013809,0.41590800191662675,0.5766908822536343
0.998849252013809,0.4157088122605364,0.576494230668098
0.998849252013809,0.4155098133078028,0.57640335827957
0.998849252013809,0.415311004784689,0.5761993942098943
0.998849252013809,0.4151123864179818,0.575967308853453
0.998849252013809,0.4149139579349904,0.5759482708656766
0.998849252013809,0.41471571906354515,0.5758369998242342
0.998849252013809,0.4145176695319962,0.5757225138254173
0.998849252013809,0.4143198090692124,0.5748222448387067
0.998849252013809,0.41412213740458015,0.5746158799618297
0.998849252013809,0.4139246542680019,0.5745252297186043
0.998849252013809,0.41372735938989513,0.5744553176646909
0.998849252013809,0.413530252501191,0.5743867951723944
0.998849252013809,0.41333333333333333,0.5743539163862759
0.998849252013809,0.41313660161827703,0.5742918554514551
0.998849252013809,0.41294005708848713,0.5741510101414439
0.998849252013809,0.41274369947693773,0.5736596514734156
0.998849252013809,0.41254752851711024,0.5736081527575502
0.998849252013809,0.4123515439429929,0.5733274451981801
0.998849252013809,0.4121557454890788,0.5733168704083698
0.998849252013809,0.4119601328903654,0.5728690110392243
0.998849252013809,0.4117647058823529,0.5727895341513307
0.998849252013809,0.4115694642010431,0.5721437232827967
0.998849252013809,0.41137440758293836,0.5718044125532563
0.998849252013809,0.41117953576504024,0.5712534749304877
0.998849252013809,0.4109848484848485,0.5710630299358002
0.998849252013809,0.4107903454803597,0.571027030601108
0.998849252013809,0.4105960264900662,0.5709152164068303
0.998849252013809,0.41040189125295506,0.5707671870097915
0.998849252013809,0.4102079395085066,0.5702616183276569
0.998849252013809,0.41001417099669346,0.5700350188733412
0.998849252013809,0.4098205854579792,0.5699147544833676
0.998849252013809,0.4096271826333176,0.5698665809916731
0.998849252013809,0.40943396226415096,0.5688629279511103
0.998849252013809,0.40924092409240925,0.5688093657496509
0.998849252013809,0.40904806786050896,0.5685966049561036
0.998849252013809,0.40885539331135184,0.568590358611954
0.998849252013809,0.4086629001883239,0.5684708893540316
0.998849252013809,0.40847058823529414,0.5677174461193919
0.998849252013809,0.4082784571966134,0.5676923965701015
0.998849252013809,0.4080865068171133,0.5670575687532342
0.998849252013809,0.40789473684210525,0.5669083425093363
0.998849252013809,0.40770314701737903,0.5666561450180891
0.998849252013809,0.40751173708920185,0.5665165677693611
0.998849252013809,0.4073205068043172,0.5663886839554018
0.998849252013809,0.4071294559099437,0.5661148455019414
0.998849252013809,0.40693858415377404,0.5660866615702268
0.998849252013809,0.40674789128397376,0.5660592576216988
0.998849252013809,0.4065573770491803,0.565995611124992
0.998849252013809,0.40636704119850187,0.5658949125749752
0.998849252013809,0.40617688348151615,0.5658724102732733
0.998849252013809,0.4059869036482694,0.5657865077071348
0.998849252013809,0.4057971014492754,0.5655204220948019
0.998849252013809,0.405607476635514,0.5654898447082635
0.998849252013809,0.40541802895843065,0.5654541720740859
0.998849252013809,0.40522875816993464,0.565178480778191
0.998849252013809,0.4050396640223985,0.5650887748565859
0.998849252013809,0.4048507462686567,0.5650879294781244
0.998849252013809,0.40466200466200464,0.564724715183585
0.998849252013809,0.4044734389561976,0.5646853020559433
0.998849252013809,0.4042850489054495,0.56464568771724
0.998849252013809,0.40409683426443205,0.564566528684899
0.998849252013809,0.40390879478827363,0.5643710818582514
0.998849252013809,0.4037209302325581,0.5642363118189256
0.998849252013809,0.40353324035332405,0.5641683413913992
0.998849252013809,0.4033457249070632,0.5640958681447701
0.998849252013809,0.40315838365071993,0.5640892520506378
0.998849252013809,0.40297121634168986,0.5640520749773592
0.998849252013809,0.40278422273781905,0.5638534403865317
0.998849252013809,0.4025974025974026,0.5636439771116853
0.998849252013809,0.40241075567918405,0.5636266479403028
0.998849252013809,0.40222428174235403,0.5633291755037367
0.998849252013809,0.4020379805465493,0.5632288296031719
0.998849252013809,0.40185185185185185,0.5631393485911707
0.998849252013809,0.4016658954187876,0.563072165842133
0.998849252013809,0.40148011100832565,0.562972451998453
0.998849252013809,0.40129449838187703,0.5629537262961974
0.998849252013809,0.4011090573012939,0.5629493103396621
0.998849252013809,0.40092378752886837,0.5629014853786154
0.998849252013809,0.4007386888273315,0.5627889809941867
0.998849252013809,0.40055376095985235,0.5625289323973252
0.998849252013809,0.4003690036900369,0.5624922883138216
0.998849252013809,0.4001844167819272,0.5624866041245077
0.998849252013809,0.4,0.5621986915759785
0.998849252013809,0.3998157531091663,0.5621927358036899
0.998849252013809,0.3996316758747698,0.5620905710169853
0.998849252013809,0.3994477680625863,0.5619828431629428
0.998849252013809,0.39926402943882244,0.5619449697254227
0.998849252013809,0.3990804597701149,0.5618177811299995
0.998849252013809,0.39889705882352944,0.5616191165922804
0.998849252013809,0.3987138263665595,0.5614704485087876
0.998849252013809,0.3985307621671258,0.5613597610362021
0.998849252013809,0.398347865993575,0.561255613701489
0.998849252013809,0.3981651376146789,0.5610852007518949
0.998849252013809,0.39798257679963317,0.5609696385326899
0.998849252013809,0.39780018331805683,0.5606869772323787
0.998849252013809,0.39761795693999086,0.5604699885439668
0.998849252013809,0.3974358974358974,0.5596084597102253
0.998849252013809,0.39725400457665905,0.5595552705148431
0.998849252013809,0.3970722781335773,0.5595286520390326
0.998849252013809,0.3968907178783722,0.5593207509618792
0.998849252013809,0.396709323583181,0.559256783430225
0.998849252013809,0.39652809502055736,0.5592369706238826
0.998849252013809,0.3963470319634703,0.55895966499125
0.998849252013809,0.3961661341853035,0.5589578983897002
0.998849252013809,0.395985401459854,0.5588994490969227
0.998849252013809,0.3958048335613315,0.5585746706451872
0.998849252013809,0.39562443026435734,0.5584783257991001
0.998849252013809,0.3954441913439636,0.5584383336959297
0.998849252013809,0.39526411657559196,0.5582422957117674
0.998849252013809,0.3950842057350933,0.558140603621927
0.998849252013809,0.39490445859872614,0.5580554261731552
0.998849252013809,0.394724874943156,0.5579398242183609
0.998849252013809,0.39454545454545453,0.557715513616391
0.998849252013809,0.39436619718309857,0.5576528179009658
0.998849252013809,0.3941871026339691,0.5572287871239417
0.998849252013809,0.3940081706763504,0.5567326656008436
0.998849252013809,0.3938294010889292,0.5564010216441113
0.998849252013809,0.39365079365079364,0.5563214017163299
0.998849252013809,0.39347234814143245,0.5562159568790853
0.998849252013809,0.39329406434073405,0.5559913094517499
0.998849252013809,0.39311594202898553,0.5553990871359004
0.998849252013809,0.3929379809868719,0.5553282013226701
0.998849252013809,0.3927601809954751,0.5550847927537025
0.998849252013809,0.39258254183627317,0.5549560790710728
0.998849252013809,0.3924050632911392,0.5548424560690922
0.998849252013809,0.3922277451423407,0.5541547142193933
0.998849252013809,0.3920505871725384,0.5536539205272268
0.998849252013809,0.39187358916478554,0.5536315186004385
0.998849252013809,0.3916967509025271,0.55336118915824
0.998849252013809,0.39152007216959855,0.5531094551218633
0.998849252013809,0.3913435527502254,0.5527331846639303
0.998849252013809,0.3911671924290221,0.5525793398137718
0.998849252013809,0.390990990990991,0.5525744572905634
0.998849252013809,0.39081494822152185,0.5525344236318993
0.998849252013809,0.39063906390639064,0.5524436856491417
0.998849252013809,0.3904633378317589,0.5521839088073757
0.998849252013809,0.3902877697841727,0.5518065839109957
0.998849252013809,0.3901123595505618,0.55167073328253
0.998849252013809,0.389937106918239,0.5509290390527727
0.998849252013809,0.389762011674899,0.5507519131174604
0.998849252013809,0.3895870736086176,0.5506236846298084
0.998849252013809,0.38941229250785103,0.5503924205870193
0.998849252013809,0.38923766816143496,0.5501081210889114
0.998849252013809,0.3890632003585836,0.5500037699549152
0.998849252013809,0.3888888888888889,0.5499011155399176
0.998849252013809,0.3887147335423197,0.5496877415522754
0.998849252013809,0.38854073410922113,0.5496453381375609
0.998849252013809,0.3883668903803132,0.5495582695005394
0.998849252013809,0.3881932021466905,0.549211360518559
0.998849252013809,0.38801966919982117,0.5491809394185133
0.998849252013809,0.387846291331546,0.5488181766289337
0.998849252013809,0.3876730683340777,0.5487895577813455
0.998849252013809,0.3875,0.5487757311965153
0.998849252013809,0.38732708612226685,0.5485382330817237
0.998849252013809,0.3871543264942016,0.5484869593820608
0.998849252013809,0.38698172090949623,0.5482708678957781
0.998849252013809,0.3868092691622103,0.547748790034498
0.998849252013809,0.3866369710467706,0.5474024686999871
0.998849252013809,0.38646482635796975,0.5471407553198855
0.998849252013809,0.3862928348909657,0.5469518879155164
0.998849252013809,0.3861209964412811,0.5469265720512664
0.998849252013809,0.38594931080480216,0.5468657779896468
0.998849252013809,0.3857777777777778,0.5468255419959337
0.998849252013809,0.3856063971568192,0.5467270182596089
0.998849252013809,0.38543516873889877,0.5465951947426371
0.998849252013809,0.38526409232134934,0.5465072953778444
0.998849252013809,0.38509316770186336,0.5464813737734528
0.998849252013809,0.38492239467849226,0.5462731673740706
0.998849252013809,0.38475177304964536,0.5462320072862137
0.998849252013809,0.3845813026140895,0.5461452062796656
0.998849252013809,0.38441098317094774,0.5454274514116841
0.998849252013809,0.384240814519699,0.5453435282799448
0.998849252013809,0.384070796460177,0.5450667139823457
0.998849252013809,0.38390092879256965,0.5449927561906094
0.998849252013809,0.3837312113174182,0.5447849138651668
0.998849252013809,0.3835616438356164,0.5445471076568578
0.998849252013809,0.3833922261484099,0.5441570367310732
0.998849252013809,0.38322295805739515,0.5440742197794564
0.998849252013809,0.383053839364519,0.5437440351417833
0.998849252013809,0.38288486987207765,0.5437148158555247
0.998849252013809,0.38271604938271603,0.5436805660429593
0.998849252013809,0.38254737769942704,0.5436251231522911
0.998849252013809,0.38237885462555066,0.543559348659345
0.998849252013809,0.38221047996477325,0.5434413702101782
0.998849252013809,0.38204225352112675,0.5433057300325012
0.998849252013809,0.38187417509898813,0.5429532507734973
0.998849252013809,0.3817062445030783,0.5428994190082087
0.998849252013809,0.38153846153846155,0.5428265463100062
0.998849252013809,0.38137082601054484,0.5428215880745814
0.998849252013809,0.38120333772507686,0.5427819102548347
0.998849252013809,0.3810359964881475,0.5423161461718299
0.998849252013809,0.3808688021061869,0.5422391513004475
0.998849252013809,0.38070175438596493,0.5421566050127888
0.998849252013809,0.38053485313459007,0.5419555544220248
0.998849252013809,0.3803680981595092,0.5417828830158204
0.998849252013809,0.38020148926850633,0.5416501760703696
0.998849252013809,0.38003502626970226,0.5404925784568098
0.998849252013809,0.3798687089715536,0.5404538581226004
0.998849252013809,0.37970253718285213,0.5404001346623593
0.998849252013809,0.3795365107127241,0.5402595216203138
0.998849252013809,0.3793706293706294,0.540244679590122
0.998849252013809,0.37920489296636084,0.5400295906027748
0.998849252013809,0.37903930131004365,0.5397755565629893
0.998849252013809,0.37887385421213443,0.5397448896263514
0.998849252013809,0.3787085514834206,0.5396823765834806
0.998849252013809,0.37854339293501965,0.539680005708175
0.998849252013809,0.3783783783783784,0.5394613319928915
0.998849252013809,0.37821350762527234,0.5394350926739211
0.998849252013809,0.3780487804878049,0.5394003344026597
0.998849252013809,0.3778841967784066,0.5393955238112529
0.998849252013809,0.3777197563098346,0.5392201338636945
0.998849252013809,0.37755545889517184,0.5390093559055434
0.998849252013809,0.3773913043478261,0.5387422399514492
0.998849252013809,0.37722729248152975,0.5387319097803325
0.998849252013809,0.37706342311033886,0.5384707884606567
0.998849252013809,0.3768996960486322,0.538348447629007
0.998849252013809,0.3767361111111111,0.5377606734732
0.998849252013809,0.37657266811279827,0.5376065404662336
0.998849252013809,0.3764093668690373,0.5375701294778047
0.998849252013809,0.37624620719549196,0.5374548159953233
0.998849252013809,0.37608318890814557,0.5374300678194085
0.998849252013809,0.37592031182330016,0.5373204664972233
0.998849252013809,0.37575757575757573,0.5373032437254177
0.998849252013809,0.37559498052791,0.5369812462665382
0.998849252013809,0.3754325259515571,0.5367815275569502
0.998849252013809,0.37527021184608733,0.5365979860150883
0.998849252013809,0.37510803802938636,0.5365848877563856
0.998849252013809,0.3749460043196544,0.536538660766819
0.998849252013809,0.3747841105354059,0.5361734569050822
0.998849252013809,0.37462235649546827,0.5361217306292103
0.998849252013809,0.3744607420189819,0.535927854066472
0.998849252013809,0.3742992669253989,0.5357856224643502
0.998849252013809,0.3741379310344828,0.5355398721386273
0.998849252013809,0.3739767341663076,0.5353516312696804
0.998849252013809,0.37381567614125755,0.5353464160988631
0.998849252013809,0.37365475678002585,0.5353353529809278
0.998849252013809,0.37349397590361444,0.5353274676084315
0.998849252013809,0.37333333333333335,0.5353029499732525
0.998849252013809,0.37317282889079967,0.5352322933090149
0.998849252013809,0.3730124623979373,0.5351000415921435
0.998849252013809,0.37285223367697595,0.5347651815317419
0.998849252013809,0.37269214255045086,0.534728051601944
0.998849252013809,0.3725321888412017,0.5346233396062879
0.998849252013809,0.37237237237237236,0.5345471587147084
0.998849252013809,0.37221269296740994,0.5341047656376388
0.998849252013809,0.3720531504500643,0.5340912772959837
0.998849252013809,0.3718937446443873,0.5338072201570754
0.998849252013809,0.3717344753747323,0.5337410118338999
0.998849252013809,0.3715753424657534,0.5336501231258628
0.998849252013809,0.3714163457424048,0.5335586636494026
0.998849252013809,0.3712574850299401,0.5335357578900557
0.998849252013809,0.3710987601539119,0.5332611086302149
0.998849252013809,0.37094017094017095,0.5331075193356971
0.998849252013809,0.37078171721486547,0.5329649491707851
0.998849252013809,0.3706233988044407,0.5327817290636292
0.998849252013809,0.37046521553563805,0.532771369167783
0.998849252013809,0.3703071672354949,0.5327603459174751
0.998849252013809,0.3701492537313433,0.5326563876391625
0.998849252013809,0.3699914748508099,0.5326544090648859
0.998849252013809,0.36983383042181506,0.5326483680612686
0.998849252013809,0.3696763202725724,0.5324096248270195
0.998849252013809,0.36951894423158793,0.5323907996993349
0.998849252013809,0.36936170212765956,0.5322133980371907
0.998849252013809,0.36920459378987663,0.5321052700883709
0.998849252013809,0.36904761904761907,0.5318693480341184
0.998849252013809,0.36889077773055673,0.5317971561891951
0.998849252013809,0.36873406966864913,0.5317275361180126
0.998849252013809,0.36857749469214435,0.5317084158275186
0.998849252013809,0.3684210526315789,0.5316946944928732
0.998849252013809,0.3682647433177768,0.5315126689375832
0.998849252013809,0.36810856658184904,0.5313937011709206
0.998849252013809,0.36795252225519287,0.5313338831074893
0.998849252013809,0.3677966101694915,0.5312978320860307
0.998849252013809,0.3676408301567133,0.531254910865964
0.998849252013809,0.3674851820491109,0.5312533321413121
0.998849252013809,0.3673296656792213,0.5311555908930342
0.998849252013809,0.36717428087986465,0.5310292763001335
0.998849252013809,0.3670190274841438,0.5308854612902537
0.998849252013809,0.3668639053254438,0.5308178684060046
0.998849252013809,0.36670891423743135,0.5306138142974827
0.998849252013809,0.36655405405405406,0.5305613284795486
0.998849252013809,0.3663993246095399,0.530552756137311
0.998849252013809,0.3662447257383966,0.5304341690220153
0.998849252013809,0.3660902572754112,0.5304141089542581
0.998849252013809,0.36593591905564926,0.5300967031456804
0.998849252013809,0.36578171091445427,0.5300907657611068
0.998849252013809,0.36562763268744736,0.5299916397887869
0.998849252013809,0.36547368421052634,0.5299701730657641
0.998849252013809,0.3653198653198653,0.5297653380634961
0.998849252013809,0.3651661758519142,0.5294845166827037
0.998849252013809,0.3650126156433978,0.5293730141688048
0.998849252013809,0.36485918453131566,0.5292275278469469
0.998849252013809,0.36470588235294116,0.5291550682367469
0.998849252013809,0.3645527089458211,0.5291398403783953
0.998849252013809,0.36439966414777497,0.5291104681200711
0.998849252013809,0.36424674779689464,0.5287905861475706
0.998849252013809,0.3640939597315436,0.528691887761752
0.998849252013809,0.3639412997903564,0.5286027060488051
0.998849252013809,0.36378876781223807,0.5285755771256654
0.998849252013809,0.36363636363636365,0.5285484162609293
0.998849252013809,0.36348408710217756,0.5283847092076
0.998849252013809,0.36333193804939307,0.5283081453071927
0.998849252013809,0.3631799163179916,0.5281096403194826
0.998849252013809,0.3630280217482225,0.5275992820464044
0.998849252013809,0.362876254180602,0.5270321248881854
0.998849252013809,0.36272461345591306,0.5269500133888275
0.998849252013809,0.36257309941520466,0.5268165467248402
0.998849252013809,0.3624217118997912,0.5267268597238608
0.998849252013809,0.3622704507512521,0.5265789968233431
0.998849252013809,0.362119315811431,0.5265462525326862
0.998849252013809,0.36196830692243537,0.526512884646311
0.998849252013809,0.3618174239266361,0.5264944140988583
0.998849252013809,0.3616666666666667,0.5264632210328838
0.998849252013809,0.36151603498542273,0.5263492365371619
0.998849252013809,0.3613655287260616,0.5263307020411937
0.998849252013809,0.36121514773200164,0.526323842976296
0.998849252013809,0.3610648918469218,0.5261867350580134
0.998849252013809,0.36091476091476093,0.5258277377846032
0.998849252013809,0.36076475477971737,0.5257850023675865
0.998849252013809,0.3606148732862484,0.5257519326894206
0.998849252013809,0.36046511627906974,0.5256680877327639
0.998849252013809,0.36031548360315485,0.5255980513229999
0.998849252013809,0.36016597510373444,0.5253098885450935
0.998849252013809,0.36001659062629615,0.5252903805929006
0.998849252013809,0.3598673300165838,0.5252542663550775
0.998849252013809,0.3597181931205968,0.5252507795180147
0.998849252013809,0.3595691797845899,0.5251070301477356
0.998849252013809,0.35942028985507246,0.5250651243024831
0.998849252013809,0.35927152317880795,0.5250571572097796
0.998849252013809,0.3591228796028134,0.5250477792971484
0.998849252013809,0.358974358974359,0.5250201787785141
0.998849252013809,0.3588259611409673,0.5249909622852618
1.0,0.35909090909090907,0.5249290574064988
1.0,0.35894258570838494,0.5247081355305468
1.0,0.3587943848059455,0.5244815919512968
1.0,0.3586463062319439,0.524417036172666
1.0,0.3584983498349835,0.524323135033231
1.0,0.35835051546391755,0.5243107268385686
1.0,0.3582028029678483,0.5239274625051759
1.0,0.3580552121961269,0.5237189346941911
1.0,0.35790774299835254,0.5233644056730996
1.0,0.3577603952243722,0.5233196519231453
1.0,0.35761316872427984,0.5233099010334822
1.0,0.3574660633484163,0.5230250186692174
1.0,0.3573190789473684,0.5228507937703971
1.0,0.35717221537196875,0.5228258464724381
1.0,0.35702547247329497,0.522748432700428
1.0,0.3568788501026694,0.5227335510407878
1.0,0.35673234811165844,0.5227174925330411
1.0,0.35658596635207224,0.5223571613795012
1.0,0.3564397046759639,0.5221474522270498
1.0,0.35629356293562936,0.5220756552895408
1.0,0.35614754098360657,0.5220013148444124
1.0,0.35600163867267515,0.5218841080208002
1.0,0.35585585585585583,0.5218017577950251
1.0,0.35571019238641016,0.521679197920459
1.0,0.3555646481178396,0.5216779722617509
1.0,0.3554192229038855,0.5216178437781074
1.0,0.3552739165985282,0.5215828184801392
1.0,0.3551287290559869,0.5214644697435722
1.0,0.35498366013071897,0.521199340611644
1.0,0.3548387096774194,0.5209701473033891
1.0,0.3546938775510204,0.5207816701449095
1.0,0.35454916360669114,0.520695730357716
1.0,0.35440456769983686,0.520588642388422
1.0,0.3542600896860987,0.5204978623093773
1.0,0.3541157294213529,0.5204960486220194
1.0,0.3539714867617108,0.5204786588194446
1.0,0.3538273615635179,0.5201498133354548
1.0,0.3536833536833537,0.5198842524828315
1.0,0.3535394629780309,0.5197917864972718
1.0,0.35339568930459536,0.5194644058385626
1.0,0.3532520325203252,0.5194069288017898
1.0,0.3531084924827306,0.5193325924636579
1.0,0.3529650690495532,0.5191828532572474
1.0,0.35282176207876575,0.5191190680805572
1.0,0.35267857142857145,0.5188318451607589
1.0,0.35253549695740366,0.518809504102137
1.0,0.3523925385239254,0.518796273354411
1.0,0.35224969598702877,0.5183682495472094
1.0,0.3521069692058347,0.5183329543278187
1.0,0.35196435803969217,0.518155836439531
1.0,0.35182186234817814,0.5180540131097415
1.0,0.3516794819910967,0.5178505650049897
1.0,0.35153721682847894,0.5178012988874013
1.0,0.3513950667205823,0.5176569250486525
1.0,0.35125303152789006,0.5173298203781599
1.0,0.3511111111111111,0.517115857651905
1.0,0.3509693053311793,0.5168266558709522
1.0,0.3508276140492531,0.5163003730745026
1.0,0.3506860371267151,0.5162066849589886
1.0,0.35054457442517145,0.5161737538772345
1.0,0.3504032258064516,0.5159516440347934
1.0,0.3502619911326078,0.515798228834823
1.0,0.3501208702659146,0.5155246482983202
1.0,0.3499798630688683,0.5152900820622247
1.0,0.3498389694041868,0.5152409197762958
1.0,0.3496981891348089,0.515220654962706
1.0,0.3495575221238938,0.5149777006309894
1.0,0.34941696823482105,0.5148160800735965
1.0,0.3492765273311897,0.5147868297836026
1.0,0.349136199276818,0.5145933110559751
1.0,0.348995983935743,0.5144039396278051
1.0,0.34885588117222,0.5143482160937033
1.0,0.3487158908507223,0.5143174579327926
1.0,0.34857601283594064,0.5142368733680174
1.0,0.3484362469927827,0.5141639237829676
1.0,0.34829659318637274,0.5141438151753405
1.0,0.34815705128205127,0.5139587456569042
1.0,0.34801762114537443,0.5137733770145078
1.0,0.34787830264211367,0.5136752282583789
1.0,0.3477390956382553,0.5135364106947066
1.0,0.3476,0.513377664922918
1.0,0.34746101559376247,0.5131831888337468
1.0,0.3473221422861711,0.5131052695844092
1.0,0.3471833799440671,0.5129106255007252
1.0,0.3470447284345048,0.512779798964971
1.0,0.3469061876247505,0.5124883574707518
1.0,0.34676775738228255,0.5124306409397411
1.0,0.3466294375747906,0.5123314096674356
1.0,0.34649122807017546,0.5120931983276525
1.0,0.34635312873654844,0.512019251855094
1.0,0.3462151394422311,0.5119956849416843
1.0,0.3460772600557547,0.5119740595310863
1.0,0.34593949044585987,0.5119538934743977
1.0,0.3458018304814962,0.5118286284980575
1.0,0.3456642800318218,0.5117582304648268
1.0,0.3455268389662028,0.5117445526603756
1.0,0.345389507154213,0.5115112022808825
1.0,0.3452522844656337,0.5114425686587698
1.0,0.34511517077045273,0.5114208446290814
1.0,0.34497816593886466,0.5113286993381727
1.0,0.34484126984126984,0.5113047449116599
1.0,0.3447044823482745,0.5112331166849194
1.0,0.3445678033306899,0.5105397049026826
1.0,0.3444312326595323,0.5105180904887096
1.0,0.34429477020602217,0.5103913188955962
1.0,0.34415841584158413,0.5103308692780671
1.0,0.3440221694378464,0.5101425137871926
1.0,0.34388603086664027,0.510130563186875
1.0,0.34375,0.5101161001829708
1.0,0.34361407671016214,0.510110581542583
1.0,0.34347826086956523,0.5099720674061805
1.0,0.3433425523508495,0.5099692512776305
1.0,0.3432069510268562,0.5098019468228366
1.0,0.3430714567706277,0.5097908674771757
1.0,0.34293606945540644,0.5091586958894601
1.0,0.3428007889546351,0.5088379172208616
1.0,0.3426656151419558,0.508720701783041
1.0,0.34253054789121007,0.5085713099284906
1.0,0.34239558707643813,0.5079097396664299
1.0,0.34226073257187867,0.5078857375782975
1.0,0.3421259842519685,0.5077451533203639
1.0,0.341991341991342,0.5077204858507064
1.0,0.34185680566483084,0.5076806532513599
1.0,0.3417223751474636,0.5076254821584881
1.0,0.34158805031446543,0.5075785457411519
1.0,0.34145383104125737,0.5075462929829454
1.0,0.3413197172034564,0.5073996114379671
1.0,0.34118570867687475,0.5073721495331242
1.0,0.3410518053375196,0.5071167077937441
1.0,0.34091800706159275,0.5064172304676093
1.0,0.3407843137254902,0.506371598584168
1.0,0.34065072520580164,0.5061918035592395
1.0,0.34051724137931033,0.50615964922354
1.0,0.34038386212299254,0.5058189904218708
1.0,0.34025058731401725,0.505728056029691
1.0,0.3401174168297456,0.5056090495005264
1.0,0.33998435054773085,0.505538444124512
1.0,0.33985138834571765,0.5053950420462271
1.0,0.3397185301016419,0.5053837154531357
1.0,0.3395857756936303,0.5052209199456914
1.0,0.339453125,0.5052112022022052
1.0,0.3393205778992581,0.5051240816872982
1.0,0.33918813427010147,0.5050532040722409
1.0,0.33905579399141633,0.5050153358240645
1.0,0.3389235569422777,0.504667486945675
1.0,0.3387914230019493,0.5044616042330781
1.0,0.3386593920498831,0.5042998555080592
1.0,0.33852746396571876,0.504290900273747
1.0,0.3383956386292835,0.5042055128876045
1.0,0.3382639159205917,0.5040084806039985
1.0,0.3381322957198444,0.5038660743442507
1.0,0.338000777907429,0.5031954555960789
1.0,0.3378693623639191,0.5030673616767098
1.0,0.33773804897007387,0.5030556046434934
1.0,0.33760683760683763,0.5029798815149202
1.0,0.3374757281553398,0.502899924921695
1.0,0.3373447204968944,0.5028940259120461
1.0,0.3372138145129996,0.5028782669248043
1.0,0.3370830100853375,0.5028749848208288
1.0,0.33695230709577356,0.5027871723028622
1.0,0.3368217054263566,0.5027738730685373
1.0,0.3366912049593181,0.5027243102550871
1.0,0.336560805577072,0.5026208148147874
1.0,0.33643050716221445,0.5024023848585117
1.0,0.3363003095975232,0.5023876812952669
1.0,0.33617021276595743,0.502382565588935
1.0,0.3360402165506574,0.5020809640534437
1.0,0.33591032083494393,0.50202848467852
1.0,0.3357805255023184,0.5018262623547284
1.0,0.33565083043646193,0.5017492021425491
1.0,0.33552123552123553,0.5017306497998174
1.0,0.3353917406406793,0.5016779245045315
1.0,0.33526234567901236,0.5012451993517735
1.0,0.33513305052063247,0.5007571878894763
1.0,0.33500385505011565,0.5006780806168998
1.0,0.3348747591522158,0.5003378171111494
1.0,0.3347457627118644,0.5001474029907822
1.0,0.3346168656141702,0.5000589488461753
1.0,0.3344880677444188,0.4998938735612983
1.0,0.33435936898807234,0.4998576660910064
1.0,0.3342307692307692,0.4997297924705679
1.0,0.33410226835832374,0.499617589811924
1.0,0.3339738662567256,0.4994963860608686
1.0,0.33384556281213984,0.4992869484680345
1.0,0.3337173579109063,0.499088656364542
1.0,0.3335892514395393,0.4989147876331953
1.0,0.33346124328472754,0.4987048508032149
1.0,0.3333333333333333,0.4986804098665871
1.0,0.33320552147239263,0.4985800965504255
1.0,0.3330778075891146,0.4985683282310152
1.0,0.33295019157088124,0.4985057105397482
1.0,0.332822673305247,0.498461144687499
1.0,0.33269525267993877,0.4983617213574646
1.0,0.33256792958285497,0.4982097182623922
1.0,0.3324407039020658,0.4981555282485155
1.0,0.33231357552581264,0.4980878165801048
1.0,0.33218654434250766,0.4977954378649398
1.0,0.33205961024073366,0.4977775892693489
1.0,0.3319327731092437,0.4977536325792444
1.0,0.3318060328369607,0.4976577183155347
1.0,0.3316793893129771,0.4973717585876732
1.0,0.33155284242655475,0.4969496835583546
1.0,0.3314263920671243,0.4961738319468768
1.0,0.33130003812428516,0.4959326502251715
1.0,0.3311737804878049,0.4958873823767987
1.0,0.33104761904761904,0.4950734332027141
1.0,0.3309215536938309,0.4948856720496473
1.0,0.3307955843167111,0.4947996422792805
1.0,0.3306697108066971,0.4947057076614774
1.0,0.3305439330543933,0.4944170215129422
1.0,0.33041825095057037,0.4943927098194653
1.0,0.33029266438616495,0.4943478964518825
1.0,0.3301671732522796,0.4942056323031032
1.0,0.3300417774401823,0.4941580327370086
1.0,0.329916476841306,0.4941504800508301
1.0,0.32979127134724856,0.4940940121927494
1.0,0.3296661608497724,0.4939953720254316
1.0,0.32954114524080397,0.4939107405490749
1.0,0.3294162244124337,0.4938550701283856
1.0,0.3292913982569155,0.4937003527793612
1.0,0.32916666666666666,0.4936822038356697
1.0,0.3290420295342673,0.4936456133780682
1.0,0.32891748675246024,0.493448219373736
1.0,0.32879303821415057,0.4932268071522785
1.0,0.32866868381240544,0.4930988282305636
1.0,0.3285444234404537,0.4930589293819596
1.0,0.3284202569916856,0.4927104247130636
1.0,0.3282961843596524,0.4925100190495763
1.0,0.32817220543806647,0.4924436105359058
1.0,0.3280483201208003,0.4923075151782314
1.0,0.3279245283018868,0.4922857099134403
1.0,0.3278008298755187,0.4922505845705827
1.0,0.32767722473604827,0.4921987486115286
1.0,0.32755371277798717,0.4921832653854228
1.0,0.32743029389600603,0.491872795958089
1.0,0.3273069679849341,0.4916944599624859
1.0,0.32718373493975905,0.4913976574000363
1.0,0.32706059465562665,0.4913887197310748
1.0,0.3269375470278405,0.491298282658256
1.0,0.3268145919518616,0.4911604178972666
1.0,0.32669172932330826,0.4911023342606638
1.0,0.32656895903795563,0.4909086276650308
1.0,0.32644628099173556,0.4903903559313871
1.0,0.326323695080736,0.4902722762214807
1.0,0.3262012012012012,0.4902684244890693
1.0,0.326078799249531,0.4902339553518642
1.0,0.3259564891222806,0.490046161213984
1.0,0.3258342707161605,0.4899569065219789
1.0,0.325712143928036,0.4895506776633641
1.0,0.32559010865492694,0.4894177069885292
1.0,0.3254681647940075,0.4891881771986353
1.0,0.32534631224260574,0.4890333838909274
1.0,0.32522455089820357,0.4889445661508499
1.0,0.32510288065843623,0.4888812418831734
1.0,0.324981301421092,0.4888495051551649
1.0,0.32485981308411216,0.4888444298919737
1.0,0.3247384155455904,0.4885542227842169
1.0,0.32461710870377286,0.4884585293870114
1.0,0.3244958924570575,0.4884126305741462
1.0,0.324374766703994,0.4882437401857561
1.0,0.32425373134328356,0.488146034196641
1.0,0.32413278627377845,0.4881380483959937
1.0,0.32401193139448176,0.4880232841101656
1.0,0.32389116660454714,0.4878992136030545
1.0,0.3237704918032787,0.4878224783351289
1.0,0.32364990689013035,0.4877748120142683
1.0,0.3235294117647059,0.4876329575184474
1.0,0.32340900632675845,0.487422277307544
1.0,0.32328869047619047,0.4873995217258187
1.0,0.32316846411305317,0.4873856796426656
1.0,0.32304832713754644,0.4873466927481046
1.0,0.32292827945001856,0.487142139200036
1.0,0.32280832095096584,0.487088514392439
1.0,0.3226884515410323,0.4869396558961322
1.0,0.3225686711210097,0.4868925514537383
1.0,0.3224489795918367,0.4868151088900527
1.0,0.3223293768545994,0.486766120644813
1.0,0.3222098628105302,0.4865611184116361
1.0,0.3220904373610082,0.4864814718494121
1.0,0.32197110040755833,0.4863024965565584
1.0,0.32185185185185183,0.4862650180216578
1.0,0.3217326915957053,0.4862387243521975
1.0,0.3216136195410807,0.4861964761841685
1.0,0.32149463559008506,0.485729378849538
1.0,0.3213757396449704,0.4856962019407309
1.0,0.32125693160813307,0.4855875579117154
1.0,0.32113821138211385,0.4854248984306751
1.0,0.32101957886959737,0.485368167434421
1.0,0.32090103397341213,0.4852351290653201
1.0,0.3207825765965301,0.4852101829752523
1.0,0.3206642066420664,0.485201603940756
1.0,0.32054592401327925,0.4849016042066081
1.0,0.32042772861356933,0.4848596988395476
1.0,0.3203096203464799,0.484757715307246
1.0,0.3201915991156964,0.4846500648216487
1.0,0.32007366482504607,0.4846038471943918
1.0,0.31995581737849776,0.4845169275025942
1.0,0.31983805668016196,0.484455676723025
1.0,0.3197203826342899,0.484312609278256
1.0,0.319602795145274,0.4841743117591727
1.0,0.31948529411764703,0.4841427369094805
1.0,0.3193678794560823,0.4833115014912016
1.0,0.3192505510653931,0.4831782376841498
1.0,0.3191333088505325,0.483137585010028
1.0,0.3190161527165932,0.4830785003416239
1.0,0.31889908256880733,0.4830369557299763
1.0,0.31878209831254584,0.4829313010463615
1.0,0.31866519985331865,0.4827329782284714
1.0,0.3185483870967742,0.4825022714825885
1.0,0.31843165994869915,0.4823697459356703
1.0,0.3183150183150183,0.4823647900422338
1.0,0.3181984621017942,0.4823483765029585
1.0,0.31808199121522696,0.4822182280372121
1.0,0.3179656055616539,0.482157989883789
1.0,0.3178493050475494,0.4821136097430729
1.0,0.3177330895795247,0.4820720998318763
1.0,0.31761695906432746,0.4816444945336523
1.0,0.3175009134088418,0.4814778587346697
1.0,0.31738495252008764,0.4813833843797094
1.0,0.3172690763052209,0.4808726026342827
1.0,0.31715328467153286,0.4808153909185461
1.0,0.3170375775264502,0.4808137386374814
1.0,0.31692195477753465,0.4807611452303194
1.0,0.3168064163324827,0.4807406158076826
1.0,0.31669096209912534,0.4806335627841254
1.0,0.31657559198542806,0.4804971469569137
1.0,0.31646030589949015,0.4803641477592799
1.0,0.31634510374954494,0.4802604861604906
1.0,0.31622998544395925,0.4802486980946232
1.0,0.31611495089123315,0.4798799406548066
1.0,0.316,0.4797775562476115
1.0,0.3158851326790258,0.4797094041885781
1.0,0.3157703488372093,0.4795545364662519
1.0,0.31565564838358157,0.479452006883798
1.0,0.31554103122730576,0.4793450406702165
1.0,0.31542649727767696,0.4792199973531554
1.0,0.3153120464441219,0.4788615185097605
1.0,0.31519767863619874,0.4788337025830699
1.0,0.3150833937635968,0.4786836251559042
1.0,0.3149691917361363,0.478542487475552
1.0,0.3148550724637681,0.4784675084696385
1.0,0.3147410358565737,0.4784142900203429
1.0,0.3146270818247647,0.4782649656289716
1.0,0.31451321027868256,0.478060866902415
1.0,0.3143994211287988,0.4778628687594639
1.0,0.3142857142857143,0.4778108724704537
1.0,0.3141720896601591,0.4776949055630429
1.0,0.3140585471629924,0.4774264580312262
1.0,0.3139450867052023,0.4770538897592882
1.0,0.3138317081979054,0.4769268727448562
1.0,0.3137184115523466,0.4768959140055766
1.0,0.31360519667989895,0.4765638033612616
1.0,0.3134920634920635,0.4764533901641357
1.0,0.3133790119004688,0.4761364369016245
1.0,0.31326604181687095,0.4760165452896572
1.0,0.3131531531531532,0.4758134287296259
1.0,0.31304034582132567,0.4756297195326655
1.0,0.3129276197335254,0.4755550041463534
1.0,0.31281497480201587,0.4753822428839817
1.0,0.31270241093918677,0.4752838879939257
1.0,0.312589928057554,0.4751445170373304
1.0,0.3124775260697591,0.4750776486424244
1.0,0.3123652048885694,0.4750214308796007
1.0,0.31225296442687744,0.4747186012965825
1.0,0.31214080459770116,0.4745066737183143
1.0,0.31202872531418313,0.4745014385512748
1.0,0.3119167264895908,0.4741367386151992
1.0,0.3118048080373161,0.4740984594511713
1.0,0.3116929698708752,0.4740036930408037
1.0,0.3115812119039082,0.4738898752240228
1.0,0.3114695340501792,0.473875357427466
1.0,0.31135793622357577,0.4738296469883932
1.0,0.3112464183381089,0.4737854196230767
1.0,0.31113498030791265,0.4736068041722602
1.0,0.3110236220472441,0.4734137106959221
1.0,0.310912343470483,0.4733959909026685
1.0,0.31080114449213164,0.4732382170307402
1.0,0.3106900250268144,0.4731837665037982
1.0,0.31057898498927805,0.4731319806490362
1.0,0.31046802429439085,0.4727635537013945
1.0,0.31035714285714283,0.472590301135861
1.0,0.3102463405926455,0.4725800119809581
1.0,0.3101356174161313,0.4725075352058654
1.0,0.31002497324295397,0.4724707718980023
1.0,0.3099144079885877,0.4722507538856662
1.0,0.30980392156862746,0.4719198129220204
1.0,0.3096935138987883,0.4718002239577216
1.0,0.3095831848949056,0.4717492860479071
1.0,0.30947293447293445,0.4715961077840596
1.0,0.3093627625489498,0.4714929386893943
1.0,0.3092526690391459,0.4714451989724406
1.0,0.30914265385983636,0.4713721776215653
1.0,0.30903271692745377,0.4711103265936832
1.0,0.3089228581585496,0.4708081371048705
1.0,0.30881307746979386,0.4708006767890657
1.0,0.30870337477797516,0.4707959324059854
1.0,0.30859375,0.4703651005099015
1.0,0.30848420305289315,0.4703300453839129
1.0,0.30837473385379705,0.4700188108046951
1.0,0.3082653423199716,0.4699761878166925
1.0,0.3081560283687943,0.469972498067139
1.0,0.30804679191775963,0.4698827288626217
1.0,0.3079376328844791,0.469862395148272
1.0,0.30782855118668084,0.4698569379125009
1.0,0.30771954674220964,0.4695721637488275
1.0,0.30761061946902657,0.469540869212883
1.0,0.3075017692852088,0.4694061649415383
1.0,0.30739299610894943,0.469149188129581
1.0,0.30728429985855726,0.4691380823341702
1.0,0.3071756804524567,0.4691355588781903
1.0,0.30706713780918726,0.4690769522675204
1.0,0.3069586718474037,0.4689921149563574
1.0,0.3068502824858757,0.468938129751353
1.0,0.3067419696434875,0.4689336449564862
1.0,0.3066337332392378,0.4688562886509518
1.0,0.3065255731922399,0.4688477562124912
1.0,0.30641748942172076,0.4685529706990223
1.0,0.3063094818470215,0.4684252716466159
1.0,0.3062015503875969,0.4683921965766661
1.0,0.30609369496301514,0.4683835164890462
1.0,0.3059859154929577,0.468361033071293
1.0,0.3058782118972193,0.4683131925831577
1.0,0.30577058409570723,0.4681925077205717
1.0,0.3056630320084418,0.4681711849077556
1.0,0.3055555555555556,0.4677828013272251
1.0,0.3054481546572935,0.4676319222580631
1.0,0.3053408292340126,0.4676102816903378
1.0,0.30523357920618194,0.4675866624045861
1.0,0.305126404494382,0.4671975890817949
1.0,0.305019305019305,0.4671642441231117
1.0,0.3049122807017544,0.4670232748553105
1.0,0.3048053314626447,0.4669543438583389
1.0,0.30469845722300143,0.4669059112964887
1.0,0.30459165790396076,0.4666277018204786
1.0,0.30448493342676947,0.4664491675268973
1.0,0.3043782837127846,0.4663462040366308
1.0,0.30427170868347336,0.4662897590348717
1.0,0.30416520826041304,0.4662789802611666
1.0,0.30405878236529044,0.4661287707739805
1.0,0.30395243091990204,0.4660982938535245
1.0,0.3038461538461538,0.4660804060645099
1.0,0.30373995106606083,0.4660131468462583
1.0,0.30363382250174703,0.4649821229339733
1.0,0.30352776807544535,0.4649025639118406
1.0,0.3034217877094972,0.4648436293377225
1.0,0.3033158813263525,0.4647663511185839
1.0,0.30321004884856945,0.4647497805184253
1.0,0.3031042901988141,0.4645518930738166
1.0,0.30299860529986056,0.4644852389168081
1.0,0.30289299407459047,0.4644567852608071
1.0,0.30278745644599303,0.4642158627203968
1.0,0.30268199233716475,0.4640959001597182
1.0,0.3025766016713092,0.4640926218856521
1.0,0.30247128437173687,0.4640853860999314
1.0,0.302366040361865,0.464077873234383
1.0,0.3022608695652174,0.4638956122158464
1.0,0.3021557719054242,0.4638881246887601
1.0,0.3020507473062218,0.4638508497557493
1.0,0.3019457956914524,0.4638428569906468
1.0,0.30184091698506427,0.4637953965440977
1.0,0.3017361111111111,0.4637689590858584
1.0,0.30163137799375217,0.4635706994042698
1.0,0.3015267175572519,0.463536177192992
1.0,0.30142212972597987,0.4632446061823519
1.0,0.3013176144244105,0.46314510323193
1.0,0.3012131715771231,0.4631267861429928
1.0,0.3011088011088011,0.4627185561119615
1.0,0.30100450294423275,0.4625956330131109
1.0,0.30090027700831024,0.4623792322397869
1.0,0.3007961232260298,0.4623756106098589
1.0,0.30069204152249135,0.4622884721288737
1.0,0.30058803182289867,0.4622257381201571
1.0,0.30048409405255877,0.4621575761644074
1.0,0.30038022813688214,0.4621334077120049
1.0,0.30027643400138215,0.4620660212148054
1.0,0.3001727115716753,0.4619120007119282
1.0,0.30006906077348067,0.4618758113601539
1.0,0.2999654815326199,0.4618601784538425
1.0,0.2998619737750173,0.4616206777771352
1.0,0.29975853742669883,0.4616088995002522
1.0,0.2996551724137931,0.4614527792521216
1.0,0.29955187866253014,0.4609044864776838
1.0,0.2994486560992419,0.4608305655811817
1.0,0.2993455046503617,0.4607192699861954
1.0,0.29924242424242425,0.4606770851515231
1.0,0.2991394148020654,0.4605052101929619
1.0,0.29903647625602203,0.4603041182922183
1.0,0.29893360853113177,0.4602178898385769
1.0,0.2988308115543329,0.4602031620340919
1.0,0.29872808525266414,0.4599692793071593
1.0,0.2986254295532646,0.4598978563642381
1.0,0.2985228443833734,0.4597226223140052
1.0,0.29842032967032966,0.45940246002091
1.0,0.2983178853415723,0.4592357259677773
1.0,0.2982155113246397,0.4592187269947066
1.0,0.2981132075471698,0.4590660165731417
1.0,0.29801097393689985,0.4590353259313989
1.0,0.2979088104216661,0.4587547572773673
1.0,0.2978067169294037,0.4585173086475805
1.0,0.29770469338814665,0.458464820028614
1.0,0.2976027397260274,0.4584302280723151
1.0,0.29750085587127695,0.4583839872810035
1.0,0.2973990417522245,0.4583597684667371
1.0,0.2972972972972973,0.4583144452164013
1.0,0.2971956224350205,0.4583038194875925
1.0,0.2970940170940171,0.4582999618041348
1.0,0.29699248120300753,0.4581831799574404
1.0,0.2968910146908097,0.457951815502591
1.0,0.2967896174863388,0.4577903328868948
1.0,0.29668828951860704,0.4575576181653651
1.0,0.29658703071672354,0.4575320335853615
1.0,0.2964858410098942,0.457259544609554
1.0,0.2963847203274216,0.4571981851613725
1.0,0.2962836685987044,0.457106130758923
1.0,0.2961826857532379,0.4570991370745146
1.0,0.2960817717206133,0.456831103099529
1.0,0.2959809264305177,0.456774306301685
1.0,0.2958801498127341,0.4566677015632996
1.0,0.2957794417971409,0.4565366496723849
1.0,0.29567880231371213,0.4562987435498164
1.0,0.295578231292517,0.4562204113760702
1.0,0.2954777286637198,0.456080127079537
1.0,0.29537729435757987,0.4560081160441178
1.0,0.29527692830445124,0.4557904075907731
1.0,0.2951766304347826,0.4557653585124933
1.0,0.29507640067911717,0.4556988412051461
1.0,0.29497623896809233,0.4555955176412942
1.0,0.29487614523243977,0.455291611514776
1.0,0.2947761194029851,0.4552088991313678
1.0,0.2946761614106477,0.4551335198561271
1.0,0.2945762711864407,0.4550051738296918
1.0,0.2944764486614707,0.4548809795865407
1.0,0.29437669376693765,0.4548262011436389
1.0,0.2942770064341348,0.4548257271068369
1.0,0.2941773865944482,0.4546441527773177
1.0,0.294077834179357,0.4545898085451683
1.0,0.293978349120433,0.4544234174251833
1.0,0.29387893134934057,0.4543185643231254
1.0,0.2937795807978364,0.4542921871575728
1.0,0.2936802973977695,0.4542299353815701
1.0,0.2935810810810811,0.4540092842510898
1.0,0.29348193177980414,0.4537578144361138
1.0,0.29338284942606346,0.4533442221764884
1.0,0.2932838339520756,0.4529376717284414
1.0,0.29318488529014847,0.4528576715104586
1.0,0.29308600337268126,0.4525640581088847
1.0,0.2929871881321645,0.4520402065965157
1.0,0.29288843950117965,0.4516255228141546
1.0,0.29278975741239893,0.4514056735671208
1.0,0.2926911417985854,0.4512773189495657
1.0,0.29259259259259257,0.451098622532246
1.0,0.2924941097273645,0.4508836798644003
1.0,0.2923956931359354,0.4508043514700475
1.0,0.29229734275142955,0.4506676352454571
1.0,0.2921990585070612,0.4506542999124128
1.0,0.2921008403361344,0.4505282881600013
1.0,0.292002688172043,0.4504902430990347
1.0,0.29190460194827006,0.4503886899900966
1.0,0.2918065815983882,0.4501979171764512
1.0,0.2917086270560591,0.4501204737218266
1.0,0.29161073825503353,0.4498705204620022
1.0,0.2915129151291513,0.44983818560309
1.0,0.2914151576123407,0.4495985996506373
1.0,0.2913174656386188,0.4494248278384162
1.0,0.29121983914209115,0.4492726361689131
1.0,0.2911222780569514,0.4492407078154469
1.0,0.2910247823174816,0.4491326191619326
1.0,0.2909273518580516,0.4490430220069849
1.0,0.29082998661311915,0.4489959360116943
1.0,0.29073268651722983,0.44893310003226
1.0,0.29063545150501674,0.4489314646818943
1.0,0.29053828151120026,0.4488284537415588
1.0,0.29044117647058826,0.4488203847804237
1.0,0.2903441363180755,0.4487760419263242
1.0,0.29024716098864395,0.4484882020373295
1.0,0.29015025041736225,0.4484879272633111
1.0,0.29005340453938583,0.4481328229104985
1.0,0.28995662328995664,0.4477400300760222
1.0,0.2898599066044029,0.4476968327235626
1.0,0.2897632544181394,0.4476923796706042
1.0,0.2896666666666667,0.4475549419660678
1.0,0.28957014328557146,0.4475159199860939
1.0,0.2894736842105263,0.4474171311182505
1.0,0.2893772893772894,0.4473154617037192
1.0,0.2892809587217044,0.4472643681965366
1.0,0.2891846921797005,0.4472557795291567
1.0,0.28908848968729206,0.447125731623829
1.0,0.28899235118057864,0.4471197880373335
1.0,0.2888962765957447,0.4468268801324193
1.0,0.2888002658690595,0.4464405508456339
1.0,0.2887043189368771,0.4464345736150425
1.0,0.288608435735636,0.4464179970028082
1.0,0.28851261620185925,0.4463506370722104
1.0,0.288416860272154,0.4462665234479737
1.0,0.28832116788321166,0.4457647243614826
1.0,0.28822553897180764,0.4457443569022452
1.0,0.28812997347480107,0.4456692235157223
1.0,0.2880344713291349,0.4455672130493376
1.0,0.28793903247183567,0.4452741971165798
1.0,0.28784365684001323,0.4452140473454007
1.0,0.28774834437086094,0.4451815265947495
1.0,0.2876530950016551,0.4451382019470055
1.0,0.2875579086697551,0.4449863464937286
1.0,0.2874627853126034,0.4448977801679306
1.0,0.2873677248677249,0.4448238244007645
1.0,0.2872727272727273,0.4447710267539757
1.0,0.28717779246530073,0.4447705635378476
1.0,0.2870829203832177,0.4447414696434854
1.0,0.2869881109643329,0.44466546732064
1.0,0.286893364146583,0.4446272276375428
1.0,0.2867986798679868,0.4446044179227844
1.0,0.2867040580666447,0.4444854727434236
1.0,0.28660949868073876,0.4443498092485682
1.0,0.28651500164853283,0.4441863543179373
1.0,0.2864205669083718,0.4441318671508272
1.0,0.28632619439868207,0.4440348336324055
1.0,0.286231884057971,0.4439129172213596
1.0,0.28613763582482715,0.4439122581737648
1.0,0.28604344963791967,0.443581056702868
1.0,0.28594932543599866,0.4434547989150145
1.0,0.2858552631578947,0.4433864318618644
1.0,0.2857612627425189,0.4433828555865767
1.0,0.2856673241288626,0.4430201112998193
1.0,0.28557344725599737,0.4430088933543671
1.0,0.2854796320630749,0.4428998227439024
1.0,0.2853858784893268,0.4428970893044525
1.0,0.28529218647406435,0.442643227619434
1.0,0.2851985559566787,0.4425146364976097
1.0,0.28510498687664043,0.4423737417359388
1.0,0.2850114791734995,0.4418332262874892
1.0,0.28491803278688527,0.4418286397311846
1.0,0.28482464765650606,0.4413774957059232
1.0,0.28473132372214943,0.4412890610592352
1.0,0.2846380609236816,0.4411318073212242
1.0,0.28454485920104783,0.441079005268216
1.0,0.2844517184942717,0.4410477581926738
1.0,0.2843586387434555,0.4409380376936391
1.0,0.28426561988877985,0.4407062046846599
1.0,0.2841726618705036,0.4404479267430423
1.0,0.2840797646289637,0.4402513570655364
1.0,0.28398692810457515,0.4402463513901792
1.0,0.28389415223783077,0.4398792340001656
1.0,0.2838014369693011,0.4398311563789326
1.0,0.28370878223963436,0.4398167497550204
1.0,0.2836161879895561,0.4396291551746353
1.0,0.2835236541598695,0.4394432199494862
1.0,0.2834311806914547,0.4393923919006824
1.0,0.283338767525269,0.4393699940035723
1.0,0.2832464146023468,0.4393480333398881
1.0,0.2831541218637993,0.4392941675653755
1.0,0.2830618892508143,0.4391384846927818
1.0,0.2829697167046565,0.439008217446009
1.0,0.2828776041666667,0.4386789004089955
1.0,0.2827855515782623,0.4386374012440433
1.0,0.2826935588809369,0.4383275811585562
1.0,0.28260162601626015,0.4382734886492445
1.0,0.28250975292587777,0.4381565587357715
1.0,0.28241793955151123,0.4380934850325604
1.0,0.2823261858349578,0.4379898289869081
1.0,0.2822344917180903,0.4379163612963441
1.0,0.28214285714285714,0.437769855215636
1.0,0.28205128205128205,0.4376929514862622
1.0,0.281959766385464,0.4374687563525732
1.0,0.281868310087577,0.4374195553338057
1.0,0.2817769130998703,0.4373957404937098
1.0,0.28168557536466776,0.4373586051331281
1.0,0.2815942968243681,0.4373524953717048
1.0,0.28150307742144476,0.4369711187649432
1.0,0.2814119170984456,0.4369004486990152
1.0,0.2813208157979929,0.4367857633133757
1.0,0.28122977346278316,0.4367490656887892
1.0,0.28113879003558717,0.4366607183208923
1.0,0.2810478654592497,0.4365513065913138
1.0,0.2809569996766893,0.4365456326179525
1.0,0.2808661926308985,0.4365384620659427
1.0,0.28077544426494344,0.4364862890263297
1.0,0.28068475452196384,0.436294978592359
1.0,0.28059412334517275,0.4362091810109188
1.0,0.2805035506778567,0.436013598194763
1.0,0.2804130364633753,0.4359736110536807
1.0,0.2803225806451613,0.4355821007039514
1.0,0.28023218316672044,0.4354132956319609
1.0,0.2801418439716312,0.4353715377301586
1.0,0.28005156300354495,0.4353354277767381
1.0,0.27996134020618557,0.4353165949654456
1.0,0.27987117552334945,0.4353077706503602
1.0,0.27978106889890536,0.4351623137046299
1.0,0.2796910202767943,0.4350287600975833
1.0,0.2796010296010296,0.4348904761716692
1.0,0.27951109681569636,0.4347967095228179
1.0,0.2794212218649518,0.4346958893061024
1.0,0.27933140469302475,0.4345021704242051
1.0,0.27924164524421596,0.4345017556623877
1.0,0.2791519434628975,0.4344031402179984
1.0,0.27906229929351317,0.4342866142123996
1.0,0.27897271268057783,0.4342390211046791
1.0,0.2788831835686778,0.4340352248889008
1.0,0.2787937119024703,0.4340236130116681
1.0,0.27870429762668375,0.4340193323639669
1.0,0.27861494068611736,0.4338826271491445
1.0,0.27852564102564104,0.4336872202692534
1.0,0.2784363985901955,0.4333732081683561
1.0,0.2783472133247918,0.4331903636813096
1.0,0.27825808517451167,0.4330485379890474
1.0,0.27816901408450706,0.4330249075911506
1.0,0.27808,0.4330111861285734
1.0,0.2779910428662828,0.433010753602792
1.0,0.2779021426287176,0.4329408150473094
1.0,0.27781329923273657,0.4329399667137088
1.0,0.27772451262384146,0.4328771233114944
1.0,0.2776357827476038,0.4326150234423151
1.0,0.27754710954966466,0.4324939063026097
1.0,0.2774584929757343,0.4321355544807851
1.0,0.27736993297159274,0.4321088135602801
1.0,0.2772814294830887,0.4320893916782857
1.0,0.2771929824561403,0.4319210086778913
1.0,0.2771045918367347,0.4318263517774534
1.0,0.2770162575709276,0.4315915966796991
1.0,0.27692797960484383,0.4313139743716383
1.0,0.27683975788467663,0.4312841484602141
1.0,0.2767515923566879,0.4312146019629813
1.0,0.2766634829672079,0.4308589378631192
1.0,0.27657542966263526,0.4307726050678027
1.0,0.27648743238943685,0.4302730895389358
1.0,0.2763994910941476,0.430030817454225
1.0,0.27631160572337043,0.4296476438232574
1.0,0.2762237762237762,0.4295543333217432
1.0,0.2761360025421036,0.4294417632387471
1.0,0.27604828462515885,0.4293016292944007
1.0,0.27596062241981584,0.4290317576062908
1.0,0.2758730158730159,0.4289266981652378
1.0,0.2757854649317677,0.4287079595946432
1.0,0.2756979695431472,0.4281676807638297
1.0,0.2756105296542975,0.4281088796594146
1.0,0.27552314521242866,0.4276171695688095
1.0,0.27543581616481777,0.4274573744953002
1.0,0.27534854245880863,0.4272340496090246
1.0,0.27526132404181186,0.4270373048177467
1.0,0.27517416086130464,0.4269987764366753
1.0,0.27508705286483065,0.4268384043303915
1.0,0.275,0.426792844457492
1.0,0.2749130022144891,0.4265765151033669
1.0,0.2748260594560405,0.4265391429464021
1.0,0.27473917167246287,0.4265337697516336
1.0,0.27465233881163087,0.4264474973026564
1.0,0.274565560821485,0.4264185440677367
1.0,0.27447883765003156,0.4261928417063778
1.0,0.2743921692453426,0.4260579785559599
1.0,0.2743055555555556,0.4260465378502137
1.0,0.27421899652887344,0.4259338451763598
1.0,0.27413249211356466,0.4259168977749134
1.0,0.2740460422579628,0.4257234216137263
1.0,0.2739596469104666,0.4254944723638496
1.0,0.27387330601953985,0.4254088872308095
1.0,0.27378701953371143,0.4253184667879184
1.0,0.27370078740157483,0.4251740463487319
1.0,0.2736146095717884,0.4251737507476045
1.0,0.2735284859930752,0.4250862431522391
1.0,0.2734424166142228,0.4246733793978307
1.0,0.27335640138408307,0.4246274097160709
1.0,0.2732704402515723,0.4245622718041201
1.0,0.27318453316567115,0.4244855354334934
1.0,0.27309868007542426,0.4242439882149763
1.0,0.2730128809299403,0.4242312502524262
1.0,0.27292713567839194,0.4242305923444575
1.0,0.2728414442700157,0.4241711817829326
1.0,0.27275580665411175,0.4241188366237203
1.0,0.27267022278004394,0.4240168178367962
1.0,0.27258469259723966,0.4239650275576304
1.0,0.27249921605518973,0.4239227965696689
1.0,0.27241379310344827,0.4239064762331724
1.0,0.27232842369163274,0.4239058846264225
1.0,0.27224310776942356,0.4238698873265145
1.0,0.27215784528656434,0.4237239841565289
1.0,0.2720726361928616,0.4233419830059013
1.0,0.27198748043818466,0.4232653920120785
1.0,0.2719023779724656,0.4231737759045939
1.0,0.2718173287456991,0.4230281881230205
1.0,0.27173233270794245,0.4230062608850694
1.0,0.2716473898093154,0.4227197257094456
1.0,0.2715625,0.4226106905332185
1.0,0.27147766323024053,0.4225975041016865
1.0,0.2713928794503435,0.4225207389051621
1.0,0.2713081486106775,0.422444734822415
1.0,0.2712234706616729,0.4224306527380138
1.0,0.27113884555382217,0.4223305285733754
1.0,0.27105427323767933,0.4223289184542459
1.0,0.2709697536638603,0.4222540977319661
1.0,0.2708852867830424,0.4221373864393128
1.0,0.27080087254596447,0.4214651993139636
1.0,0.2707165109034268,0.4214235666591444
1.0,0.2706322018062909,0.421197546205323
1.0,0.2705479452054795,0.4211771239728597
1.0,0.27046374105197635,0.4211005569634297
1.0,0.2703795892968264,0.4210589002433453
1.0,0.2702954898911353,0.4210295053272235
1.0,0.2702114427860697,0.4209177408012788
1.0,0.2701274479328567,0.4208222390295031
1.0,0.2700435052827843,0.4206226941533537
1.0,0.269959614787201,0.4200355975572187
1.0,0.26987577639751553,0.4200279454641859
1.0,0.26979199006519716,0.4199542143389301
1.0,0.2697082557417753,0.4198566755410611
1.0,0.2696245733788396,0.4198287502036623
1.0,0.2695409429280397,0.4191070214163566
1.0,0.26945736434108525,0.4190742226756681
1.0,0.2693738375697458,0.4190510821327277
1.0,0.26929036256585065,0.4189886944880028
1.0,0.26920693928128875,0.4189512014600723
1.0,0.26912356766800866,0.4188811918265343
1.0,0.2690402476780186,0.4187683309975989
1.0,0.26895697926338596,0.4183951226452692
1.0,0.2688737623762376,0.4183010739281793
1.0,0.2687905969687597,0.418276930521621
1.0,0.2687074829931973,0.4181844873415739
1.0,0.2686244204018547,0.4178576202653177
1.0,0.2685414091470952,0.4178557961266237
1.0,0.26845844918134076,0.4177786174821124
1.0,0.2683755404570723,0.4175904797389838
1.0,0.2682926829268293,0.4172533549967391
1.0,0.2682098765432099,0.417132539466059
1.0,0.2681271212588707,0.4169676998799976
1.0,0.2680444170265268,0.4169507616903053
1.0,0.2679617637989516,0.4169442043648366
1.0,0.26787916152897656,0.4168246930614022
1.0,0.2677966101694915,0.4168204437628273
1.0,0.2677141096734442,0.4165612790369092
1.0,0.2676316599938405,0.4165335496138041
1.0,0.26754926108374383,0.4165294966471946
1.0,0.2674669128962758,0.4162361583731885
1.0,0.2673846153846154,0.4161890761496129
1.0,0.2673023685019994,0.4161800347223771
1.0,0.267220172201722,0.4160172684763852
1.0,0.26713802643713497,0.4158673870869184
1.0,0.2670559311616472,0.4157045941694406
1.0,0.26697388632872504,0.4156763659334836
1.0,0.2668918918918919,0.4153967490200403
1.0,0.2668099478047283,0.4152765872131229
1.0,0.2667280540208717,0.4150974191214795
1.0,0.26664621049401654,0.4149549624058549
1.0,0.2665644171779141,0.4147285061333171
1.0,0.26648267402637227,0.4146092412283118
1.0,0.26640098099325565,0.4144988597370672
1.0,0.2663193380324854,0.4144930996784856
1.0,0.2662377450980392,0.4144168990659924
1.0,0.26615620214395097,0.4140821226828892
1.0,0.2660747091243111,0.4140625856334674
1.0,0.265993265993266,0.4140550391418345
1.0,0.26591187270501837,0.4140523689359942
1.0,0.2658305292138269,0.4139654383377217
1.0,0.26574923547400614,0.4138046626458347
1.0,0.26566799143992664,0.4137647021144189
1.0,0.2655867970660147,0.4135490340063589
1.0,0.2655056523067522,0.4133789580245302
1.0,0.26542455711667684,0.4132117637139956
1.0,0.26534351145038165,0.413167079944314
1.0,0.26526251526251526,0.4131302234852139
1.0,0.2651815685077815,0.4129617478203903
1.0,0.2651006711409396,0.4127371744726793
1.0,0.2650198231168039,0.41246657696623
1.0,0.2649390243902439,0.4122593550040659
1.0,0.2648582749161841,0.4120130522073349
1.0,0.2647775746496039,0.4116907885158543
1.0,0.26469692354553764,0.4113108526110007
1.0,0.2646163215590743,0.4112072874952531
1.0,0.26453576864535766,0.4110893421329694
1.0,0.26445526475958614,0.4110658033379095
1.0,0.26437480985701245,0.4107892821891067
1.0,0.26429440389294406,0.4107241275065655
1.0,0.26421404682274247,0.4102020063659942
1.0,0.2641337386018237,0.4101792970409262
1.0,0.26405347918565786,0.4099350052453389
1.0,0.26397326852976916,0.4098532000134984
1.0,0.2638931065897358,0.4098063816516865
1.0,0.26381299332119007,0.4097670925600894
1.0,0.2637329286798179,0.40936530746115
1.0,0.2636529126213592,0.4092834531284656
1.0,0.2635729451016075,0.4092539536210255
1.0,0.26349302607640995,0.4092384866742284
1.0,0.26341315550166716,0.4091655597279344
1.0,0.2633333333333333,0.4091502592562931
1.0,0.2632535595274159,0.4090969508725808
1.0,0.2631738340399758,0.4090106367661694
1.0,0.26309415682712683,0.4089007393267115
1.0,0.2630145278450363,0.4088247215898019
1.0,0.2629349470499244,0.4086993479153256
1.0,0.26285541439806415,0.4086320803419074
1.0,0.2627759298457817,0.4085956581664859
1.0,0.2626964933494559,0.4083938013289656
1.0,0.26261710486551826,0.4083921417823695
1.0,0.2625377643504532,0.4083046094083432
1.0,0.26245847176079734,0.4082413507806758
1.0,0.2623792270531401,0.4081681818525575
1.0,0.2623000301841232,0.4079112460140868
1.0,0.26222088111044056,0.4079010057240714
1.0,0.2621417797888386,0.4078167061778313
1.0,0.2620627261761158,0.4077817108350672
1.0,0.2619837202291227,0.4076933854926654
1.0,0.2619047619047619,0.4076661739710452
1.0,0.26182585115998797,0.4075667281654878
1.0,0.26174698795180723,0.4074750852254534
1.0,0.26166817223727795,0.4074595234355437
1.0,0.26158940397350994,0.4074230338978583
1.0,0.2615106831176648,0.4073862728263538
1.0,0.26143200962695545,0.4070529001460041
1.0,0.2613533834586466,0.4068586642606621
1.0,0.26127480457005414,0.4068357438355902
1.0,0.26119627291854525,0.4066915542021746
1.0,0.26111778846153844,0.4065531840854253
1.0,0.26103935115650345,0.406507200756993
1.0,0.26096096096096094,0.4063777634721718
1.0,0.26088261783248273,0.4063265926881123
1.0,0.2608043217286915,0.4063111116255956
1.0,0.2607260726072607,0.4063024066789853
1.0,0.2606478704259148,0.4060792866646595
1.0,0.26056971514242877,0.4059943941892669
1.0,0.2604916067146283,0.4059728148761822
1.0,0.26041354510038955,0.405912358309666
1.0,0.2603355302576393,0.4058987035859859
1.0,0.2602575621443546,0.4058715625166713
1.0,0.26017964071856287,0.4058247372595177
1.0,0.26010176593834183,0.4057944048249856
1.0,0.26002393776181926,0.405766140926346
1.0,0.2599461561471732,0.4053307874954462
1.0,0.2598684210526316,0.4052823725767637
1.0,0.2597907324364723,0.4050993995667474
1.0,0.2597130902570233,0.4049953147134156
1.0,0.2596354944726621,0.4047605982589197
1.0,0.259557945041816,0.4046798959444807
1.0,0.2594804419229621,0.4045601165383773
1.0,0.2594029850746269,0.4044216898560854
1.0,0.25932557445538645,0.4041092571699202
1.0,0.25924821002386633,0.4040073898351246
1.0,0.2591708917387414,0.4038354240414578
1.0,0.25909361955873583,0.4038126167617951
1.0,0.25901639344262295,0.403746185632304
1.0,0.25893921334922526,0.4037154206130616
1.0,0.25886207923741433,0.4036089087443554
1.0,0.2587849910661108,0.4034632822018165
1.0,0.258707948794284,0.4033789155805656
1.0,0.2586309523809524,0.4029761680814622
1.0,0.258554001785183,0.4028991235432966
1.0,0.2584770969660916,0.4028937640719571
1.0,0.2584002378828427,0.4027257038516792
1.0,0.25832342449464923,0.4025397465860538
1.0,0.2582466567607727,0.4025360435932554
1.0,0.2581699346405229,0.4021029084882178
1.0,0.2580932580932581,0.4019867037766
1.0,0.2580166270783848,0.4018820234653495
1.0,0.25794004155535766,0.4018621854355568
1.0,0.25786350148367954,0.4016696868009833
1.0,0.25778700682290123,0.4016211174464841
1.0,0.25771055753262156,0.4015887636553156
1.0,0.2576341535724874,0.4014088377433621
1.0,0.2575577949021932,0.4011341555962151
1.0,0.2574814814814815,0.4010288611959087
1.0,0.25740521327014215,0.4006619771056325
1.0,0.25732899022801303,0.4006052729299816
1.0,0.25725281231497926,0.4006016338216608
1.0,0.25717667949097367,0.4004135720204874
1.0,0.2571005917159763,0.4002398330585088
1.0,0.2570245489500148,0.4001851706573913
1.0,0.2569485511531638,0.3999934358679295
1.0,0.2568725982855454,0.3999380369355886
1.0,0.2567966903073286,0.399926212110557
1.0,0.2567208271787297,0.3999209953327045
1.0,0.2566450088600118,0.3998596080890781
1.0,0.25656923531148507,0.3997901867956041
1.0,0.2564935064935065,0.3994806926413251
1.0,0.2564178223664798,0.3994565214705372
1.0,0.2563421828908555,0.3991703222369397
1.0,0.25626658802713065,0.3989139482193064
1.0,0.25619103773584906,0.3987790769669613
1.0,0.25611553197760095,0.3987625774754123
1.0,0.256040070713023,0.3986071515472102
1.0,0.2559646539027982,0.3983992086946543
1.0,0.25588928150765605,0.398320661351212
1.0,0.2558139534883721,0.398258616733617
1.0,0.2557386698057681,0.3982268017167356
1.0,0.255663430420712,0.3981675319919749
1.0,0.25558823529411767,0.3977560018281747
1.0,0.25551308438694503,0.397657788142296
1.0,0.2554379776601999,0.3975909171844922
1.0,0.25536291507493386,0.3974785332306983
1.0,0.25528789659224443,0.3972335677717284
1.0,0.25521292217327457,0.3971218283875065
1.0,0.25513799177921315,0.3970697377274046
1.0,0.2550631053712944,0.3970288004238474
1.0,0.2549882629107981,0.3969973242732292
1.0,0.2549134643590496,0.3969760709988054
1.0,0.25483870967741934,0.3969014285004944
1.0,0.25476399882732337,0.3968002454598674
1.0,0.25468933177022274,0.3966208804470708
1.0,0.2546147084676238,0.3965898306885916
1.0,0.2545401288810779,0.3965533954827339
1.0,0.2544655929721816,0.3964278259100576
1.0,0.2543911007025761,0.3964227783901048
1.0,0.25431665203394793,0.3963679975903473
1.0,0.2542422469280281,0.3963304685593902
1.0,0.25416788534659257,0.3961753770594667
1.0,0.254093567251462,0.3960904359604427
1.0,0.2540192926045016,0.3960165227915809
1.0,0.2539450613676213,0.3959907553964982
1.0,0.2538708735027753,0.3959860880419883
1.0,0.2537967289719626,0.3958810413698846
1.0,0.25372262773722626,0.3958188118496971
1.0,0.2536485697606538,0.3957366383961149
1.0,0.25357455500437703,0.3955743367360528
1.0,0.25350058343057175,0.3955150875111496
1.0,0.25342665500145817,0.3954311115653235
1.0,0.2533527696793003,0.3952834254575629
1.0,0.2532789274264063,0.3952616692642001
1.0,0.2532051282051282,0.3950219633328428
1.0,0.25313137197786195,0.3949844831385289
1.0,0.25305765870704716,0.394755660224913
1.0,0.2529839883551674,0.3947212189529966
1.0,0.2529103608847497,0.3947209209218774
1.0,0.25283677625836487,0.3942697997287762
1.0,0.2527632344386271,0.3941641409151526
1.0,0.2526897353881942,0.394092487805265
1.0,0.25261627906976747,0.3940543538632486
1.0,0.2525428654460913,0.3936717083238454
1.0,0.25246949447995354,0.3934040878830304
1.0,0.2523961661341853,0.3933980259322848
1.0,0.25232288037166084,0.3930338252989766
1.0,0.2522496371552975,0.392941603733041
1.0,0.2521764364480557,0.3927504974704106
1.0,0.25210327821293876,0.3927144144371652
1.0,0.25203016241299303,0.3927081186809716
1.0,0.25195708901130764,0.3926357695071938
1.0,0.2518840579710145,0.3925743787882986
1.0,0.25181106925528834,0.3924320660611468
1.0,0.2517381228273465,0.3923967372297237
1.0,0.2516652186504489,0.3922666734691074
1.0,0.2515923566878981,0.392064867746966
1.0,0.2515195369030391,0.3920543998323723
1.0,0.25144675925925924,0.3920002008808569
1.0,0.2513740237199884,0.3919844236715426
1.0,0.25130133024869866,0.3915846951819136
1.0,0.2512286788089043,0.3913284219576742
1.0,0.25115606936416185,0.3913131246468728
1.0,0.25108350187806994,0.3912188867354887
1.0,0.2510109763142692,0.3911937329878203
1.0,0.2509384926364424,0.3911490960260774
1.0,0.2508660508083141,0.3909489400131287
1.0,0.2507936507936508,0.3905767136002374
1.0,0.2507212925562608,0.3903063260096206
1.0,0.25064897605999426,0.3899817008765316
1.0,0.2505767012687428,0.3898561579927324
1.0,0.2505044681464399,0.3897701831991876
1.0,0.2504322766570605,0.3896133911989965
1.0,0.25036012676462116,0.3894029449790693
1.0,0.2502880184331797,0.3892426218000939
1.0,0.2502159516268356,0.3891375315838199
1.0,0.2501439263097294,0.3890213964833776
1.0,0.25007194244604314,0.3889648649620335
1.0,0.25,0.3888988067047354
1.0,0.24992809893586426,0.3887929429130476
1.0,0.24985623921794134,0.3887619177558327
1.0,0.24978442081057775,0.3883891777926553
1.0,0.24971264367816093,0.3882854073355558
1.0,0.24964090778511921,0.3882048630611651
1.0,0.2495692130959219,0.3881913296029285
1.0,0.24949755957507896,0.38814009096885
1.0,0.24942594718714123,0.3880837724745615
1.0,0.24935437589670015,0.3879508852005006
1.0,0.24928284566838785,0.387733106866465
1.0,0.24921135646687698,0.3876678401500805
1.0,0.24913990825688073,0.3875512719818266
1.0,0.24906850100315275,0.3875026364100831
1.0,0.24899713467048712,0.3872722612834611
1.0,0.24892580922371813,0.3872181673086234
1.0,0.2488545246277205,0.3870858276338296
1.0,0.2487832808474091,0.3869697198687957
1.0,0.248712077847739,0.3868536502458946
1.0,0.2486409155937053,0.3866875104610876
1.0,0.24856979405034324,0.3865909719743796
1.0,0.24849871318272806,0.3864804048245024
1.0,0.24842767295597484,0.386476961631695
1.0,0.24835667333523864,0.3862919543636812
1.0,0.24828571428571428,0.3860992977737962
1.0,0.2482147957726364,0.3859046172708019
1.0,0.24814391776127928,0.3858196913483094
1.0,0.2480730802169569,0.3857733613848795
1.0,0.24800228310502284,0.3856011834787291
1.0,0.24793152639087018,0.3854078186028596
1.0,0.24786081003993155,0.3853090681411895
1.0,0.24779013401767894,0.3852919798974773
1.0,0.24771949828962372,0.3851047505570342
1.0,0.2476489028213166,0.3850749645618717
1.0,0.24757834757834757,0.3849737538284953
1.0,0.24750783252634578,0.3847892167747877
1.0,0.2474373576309795,0.3844209591893194
1.0,0.24736692285795617,0.3840936530396535
1.0,0.2472965281730222,0.3839154137735997
1.0,0.24722617354196302,0.383687371001256
1.0,0.24715585893060296,0.3834973152171364
1.0,0.24708558430480523,0.3834955970948075
1.0,0.24701534963047186,0.3834128582914821
1.0,0.24694515487354363,0.383355064128633
1.0,0.246875,0.383306139091858
1.0,0.24680488497585912,0.3832960573745638
1.0,0.24673480976717774,0.3830850241030929
1.0,0.2466647743400511,0.3830475213674354
1.0,0.24659477866061294,0.3829981358287553
1.0,0.24652482269503545,0.3828475872039548
1.0,0.24645490640952922,0.3827845952337122
1.0,0.24638502977034307,0.3827253381408144
1.0,0.24631519274376418,0.3823048272272332
1.0,0.24624539529611789,0.3822809412247105
1.0,0.24617563739376772,0.3822028360541389
1.0,0.24610591900311526,0.3821693764281006
1.0,0.24603624009060024,0.3820881493678354
1.0,0.24596660062270026,0.3818435998348612
1.0,0.24589700056593095,0.3815446865214927
1.0,0.24582743988684583,0.3813601558380381
1.0,0.2457579185520362,0.3813593431505892
1.0,0.2456884365281312,0.3813537538800918
1.0,0.24561899378179763,0.3807336284842522
1.0,0.24554959027974005,0.380585163447863
1.0,0.24548022598870056,0.3805163537925572
1.0,0.24541090087545891,0.3804840927859311
1.0,0.2453416149068323,0.3803458720461843
1.0,0.24527236804967542,0.3801230910365598
1.0,0.24520316027088035,0.3799530385016616
1.0,0.24513399153737658,0.3799475229601751
1.0,0.24506486181613085,0.3798968410029499
1.0,0.24499577107414716,0.3798319425962091
1.0,0.24492671927846674,0.3796647185239435
1.0,0.24485770639616794,0.3796055597862301
1.0,0.2447887323943662,0.3796022999127736
1.0,0.24471979724021403,0.3795233483984342
1.0,0.24465090090090091,0.3794823495261235
1.0,0.24458204334365324,0.3793017161480574
1.0,0.24451322453573437,0.3792701052768802
1.0,0.24444444444444444,0.3791599488400901
1.0,0.24437570303712036,0.3791505566253126
1.0,0.24430700028113578,0.3791470111668359
1.0,0.24423833614390106,0.3790699934656067
1.0,0.24416971059286316,0.379048345564028
1.0,0.24410112359550562,0.3790251844156348
1.0,0.2440325751193485,0.3790086557050998
1.0,0.24396406513194835,0.3789428874072219
1.0,0.24389559360089813,0.3788216168430047
1.0,0.24382716049382716,0.3788048810723665
1.0,0.2437587657784011,0.3785973240586056
1.0,0.24369040942232192,0.378530592714716
1.0,0.24362209139332772,0.3782515023854544
1.0,0.24355381165919282,0.3778526115771023
1.0,0.24348557018772765,0.3775074981712417
1.0,0.2434173669467787,0.3774200241424004
1.0,0.2433492019042285,0.3774174871966496
1.0,0.2432810750279955,0.3774122362818395
1.0,0.24321298628603413,0.3771931284288255
1.0,0.24314493564633463,0.3770807868375462
1.0,0.24307692307692308,0.376948575332087
1.0,0.2430089485458613,0.3767361102846524
1.0,0.24294101202124685,0.376605037177131
1.0,0.24287311347121296,0.3764543108416611
1.0,0.24280525286392848,0.3764527904363274
1.0,0.24273743016759777,0.3763030803676233
1.0,0.24266964535046076,0.3762246132584692
1.0,0.24260189838079285,0.3758801991621074
1.0,0.24253418922690484,0.3758373141623218
1.0,0.24246651785714285,0.3757971781324283
1.0,0.24239888423988842,0.3756602599343666
1.0,0.24233128834355827,0.3756170525732374
1.0,0.2422637301366044,0.3755435834800968
1.0,0.24219620958751392,0.3753539206277358
1.0,0.24212872666480914,0.3753415654585083
1.0,0.24206128133704735,0.3752834924966119
1.0,0.24199387357282093,0.3752756686863367
1.0,0.24192650334075724,0.3751143735070875
1.0,0.2418591706095185,0.3749741820252184
1.0,0.2417918753478019,0.3749307241754668
1.0,0.24172461752433935,0.3749244690062557
1.0,0.24165739710789766,0.3746777210588292
1.0,0.2415902140672783,0.3746298877879492
1.0,0.2415230683713174,0.3745498616256263
1.0,0.2414559599888858,0.3743610227809631
1.0,0.24138888888888888,0.3743057276614028
1.0,0.2413218550402666,0.3742107051943024
1.0,0.24125485841199334,0.3741987170863526
1.0,0.241187898973078,0.3740146049881396
1.0,0.24112097669256383,0.3739103433483098
1.0,0.24105409153952842,0.3738627881994337
1.0,0.24098724348308376,0.3737488001405896
1.0,0.24092043249237594,0.3737150300795991
1.0,0.24085365853658536,0.3736015143866805
1.0,0.24078692158492657,0.373533406421857
1.0,0.2407202216066482,0.3732829280200435
1.0,0.24065355857103296,0.3732770742903666
1.0,0.24058693244739757,0.3731834367059554
1.0,0.24052034320509272,0.3731751215523785
1.0,0.24045379081350304,0.3731348959111924
1.0,0.24038727524204703,0.3731016886069163
1.0,0.24032079646017698,0.3730606298850097
1.0,0.24025435443737905,0.3728444549490294
1.0,0.240187949143173,0.3726234565908258
1.0,0.24012158054711247,0.3725859886258342
1.0,0.24005524861878452,0.3724777351011387
1.0,0.23998895332781,0.372453228407606
1.0,0.2399226946438432,0.372054757127035
1.0,0.2398564725365719,0.3718765038793968
1.0,0.23979028697571744,0.3718074970305841
1.0,0.23972413793103448,0.3716481025110887
1.0,0.2396580253723111,0.3715875010972779
1.0,0.23959194926936864,0.3714833555476995
1.0,0.23952590959206174,0.3708695481394954
1.0,0.2394599063102783,0.3707274714733435
1.0,0.23939393939393938,0.3707273515408609
1.0,0.23932800881299918,0.3704474271807753
1.0,0.23926211453744495,0.3700635936593
1.0,0.239196256537297,0.3699359411339042
1.0,0.2391304347826087,0.369699833217578
1.0,0.2390646492434663,0.3696862095813222
1.0,0.23899889988998899,0.3696345332435871
1.0,0.23893318669232885,0.3694742958623591
1.0,0.2388675096206707,0.3694692896552416
1.0,0.2388018686452322,0.3693718946676919
1.0,0.23873626373626375,0.3693523627389994
1.0,0.23867069486404835,0.3692886355412642
1.0,0.2386051619989017,0.3692845644170953
1.0,0.2385396651111721,0.3692402191422125
1.0,0.2384742041712404,0.3691121263385692
1.0,0.23840877914951988,0.3690961724753775
1.0,0.23834339001645638,0.3690680853294314
1.0,0.2382780367425281,0.3689432140342341
1.0,0.2382127192982456,0.3688943510912988
1.0,0.23814743765415183,0.3688342846358592
1.0,0.2380821917808219,0.3687292623566982
1.0,0.2380169816488633,0.3681651426259273
1.0,0.23795180722891565,0.3680929948574963
1.0,0.2378866684916507,0.3680154948490545
1.0,0.2378215654077723,0.367418255008949
1.0,0.23775649794801643,0.3674046880831021
1.0,0.23769146608315098,0.3672810060559341
1.0,0.23762646978397595,0.3672527580210654
1.0,0.23756150902132311,0.3671549857823109
1.0,0.2374965837660563,0.3671018033397863
1.0,0.23743169398907105,0.3669791101750251
1.0,0.23736683966129474,0.366665508141333
1.0,0.2373020207536865,0.3666279842190247
1.0,0.23723723723723725,0.3665781597777789
1.0,0.23717248908296942,0.3665123079729951
1.0,0.23710777626193724,0.3662810264143937
1.0,0.23704309874522642,0.3662484504254104
1.0,0.2369784565039542,0.3659038737471167
1.0,0.23691384950926936,0.3656877578400038
1.0,0.23684927773235215,0.3655946185789069
1.0,0.23678474114441417,0.3655644688211193
1.0,0.23672023971669845,0.3655304349986555
1.0,0.2366557734204793,0.3653510471931761
1.0,0.23659134222706235,0.3653249710742265
1.0,0.23652694610778444,0.3653054159131612
1.0,0.2364625850340136,0.3652556104323531
1.0,0.23639825897714908,0.3651257737739655
1.0,0.23633396790862116,0.3650862797882507
1.0,0.23626971179989126,0.3650194070397975
1.0,0.23620549062245175,0.3648417224349124
1.0,0.2361413043478261,0.364654034591026
1.0,0.2360771529475686,0.364480534799597
1.0,0.23601303639326454,0.3644495850130285
1.0,0.23594895465653,0.3642703390345247
1.0,0.23588490770901194,0.3642099420647678
1.0,0.23582089552238805,0.3640923144256413
1.0,0.2357569180683668,0.3640598349156084
1.0,0.23569297531868727,0.3639120139091732
1.0,0.2356290672451193,0.3637227052428955
1.0,0.23556519381946328,0.3636739626551744
1.0,0.23550135501355013,0.3635781751829935
1.0,0.2354375507992414,0.3635215323962508
1.0,0.23537378114842902,0.363456996502605
1.0,0.23531004603303549,0.3625978877207998
1.0,0.23524634542501355,0.3624225484107112
1.0,0.23518267929634643,0.3623224211231791
1.0,0.23511904761904762,0.3622225543009977
1.0,0.23505545036516093,0.3621889794076008
1.0,0.23499188750676042,0.3620789508959066
1.0,0.23492835901595024,0.3616971124207098
1.0,0.23486486486486485,0.3616851548857983
1.0,0.23480140502566874,0.3616350716749727
1.0,0.23473797947055647,0.3616273563028384
1.0,0.23467458817175263,0.3615887776309707
1.0,0.23461123110151189,0.3615030884529321
1.0,0.23454790823211877,0.3614497703286187
1.0,0.23448461953588776,0.3614197936739302
1.0,0.2344213649851632,0.3612792937449502
1.0,0.23435814455231932,0.3612558520644296
1.0,0.23429495820976004,0.3608328030324117
1.0,0.23423180592991913,0.360735089404049
1.0,0.23416868768526003,0.3603806981129545
1.0,0.23410560344827586,0.3603718235220695
1.0,0.23404255319148937,0.3601235188346797
1.0,0.23397953688745288,0.3601220055838987
1.0,0.23391655450874832,0.3599305187795784
1.0,0.23385360602798708,0.359899802511806
1.0,0.23379069141781006,0.3598196350723412
1.0,0.23372781065088757,0.3596390048102037
1.0,0.23366496369991932,0.3595428774351162
1.0,0.23360215053763442,0.3594606927789202
1.0,0.23353937113679119,0.3593461288958019
1.0,0.23347662547017733,0.3592222452194841
1.0,0.23341391351060972,0.3591520725011892
1.0,0.23335123523093448,0.359036202172195
1.0,0.23328859060402685,0.3589643265064592
1.0,0.2332259796027912,0.3589059490102589
1.0,0.233163402200161,0.3589028504439012
1.0,0.23310085836909872,0.3586114190184646
1.0,0.23303834808259588,0.3585659994362873
1.0,0.23297587131367292,0.3585318723999205
1.0,0.23291342803537926,0.3585108264444431
1.0,0.23285101822079313,0.3582930543008636
1.0,0.2327886418430217,0.3582837865885963
1.0,0.23272629887520085,0.3580811613671423
1.0,0.2326639892904953,0.3577466821668446
1.0,0.2326017130620985,0.3575588029195891
1.0,0.23253947016323254,0.3568672579433723
1.0,0.2324772605671482,0.3567825037176726
1.0,0.2324150842471249,0.3567781909726601
1.0,0.2323529411764706,0.3565054912118648
1.0,0.2322908313285218,0.3563049464918316
1.0,0.2322287546766435,0.3562229530069646
1.0,0.23216671119422924,0.3557352813085291
1.0,0.23210470085470086,0.3555483166984093
1.0,0.23204272363150868,0.3554954003565168
1.0,0.23198077949813134,0.3551157873152806
1.0,0.2319188684280758,0.3547432632134598
1.0,0.23185699039487725,0.3547088233100533
1.0,0.23179514537209922,0.3545160101731425
1.0,0.23173333333333335,0.3544426229020417
1.0,0.2316715542521994,0.354244278396616
1.0,0.2316098081023454,0.3541854996492342
1.0,0.23154809485744737,0.3539562951174255
1.0,0.23148641449120938,0.3537937183470044
1.0,0.23142476697736353,0.3536506650497401
1.0,0.23136315228966986,0.3535803288869882
1.0,0.23130157040191643,0.3535692518616758
1.0,0.2312400212879191,0.3535559279283231
1.0,0.23117850492152167,0.3535349207781756
1.0,0.23111702127659575,0.3534717646908114
1.0,0.2310555703270407,0.3534372893675227
1.0,0.2309941520467836,0.3534224806703078
1.0,0.23093276640977944,0.3533848386846111
1.0,0.23087141339001063,0.3531174883436788
1.0,0.23081009296148738,0.3530280698856016
1.0,0.23074880509824747,0.3530169705410209
1.0,0.23068754977435627,0.3530121128414556
1.0,0.23062632696390659,0.3529880914566576
1.0,0.23056513664101883,0.3529243477933773
1.0,0.23050397877984086,0.3527122925930537
1.0,0.23044285335454787,0.35255366390625
1.0,0.23038176033934252,0.3524996786845706
1.0,0.2303206997084548,0.3524666475210928
1.0,0.23025967143614204,0.3519196036783608
1.0,0.23019867549668874,0.3516955494513661
1.0,0.2301377118644068,0.3516260599617833
1.0,0.23007678051363517,0.3515936534304004
1.0,0.23001588141874008,0.3515267050980463
1.0,0.22995501455411485,0.3515064206523273
1.0,0.2298941798941799,0.3514818657338245
1.0,0.2298333774133827,0.3514396601245905
1.0,0.2297726070861978,0.3511737593960119
1.0,0.2297118688871266,0.3511646470172243
1.0,0.22965116279069767,0.3510243264851315
1.0,0.22959048877146632,0.3510054910259628
1.0,0.22952984680401478,0.3509722426782208
1.0,0.2294692368629522,0.3509159141354281
1.0,0.22940865892291445,0.350777962095826
1.0,0.22934811295856428,0.350557102633788
1.0,0.22928759894459103,0.350518891406085
1.0,0.2292271168557109,0.3504834251673478
1.0,0.22916666666666666,0.3503627865440363
1.0,0.2291062483522278,0.3503278770646333
1.0,0.2290458618871903,0.3502947377476098
1.0,0.2289855072463768,0.3502809293903384
1.0,0.22892518440463647,0.3501919164472609
1.0,0.22886489333684487,0.350186108127877
1.0,0.22880463401790416,0.3501650175068903
1.0,0.22874440642274282,0.3500876543289
1.0,0.2286842105263158,0.3500426607328221
1.0,0.2286240463036043,0.3498964676721732
1.0,0.228563913729616,0.3497652763258658
1.0,0.2285038127793847,0.3497237849348202
1.0,0.22844374342797055,0.3496658786354986
1.0,0.22838370565045993,0.349591051561453
1.0,0.22832369942196531,0.3493939628294215
1.0,0.22826372471762543,0.3492184082191121
1.0,0.22820378151260504,0.349137848988294
1.0,0.22814386978209503,0.3491219686216706
1.0,0.22808398950131234,0.3489877753794678
1.0,0.22802414064549986,0.3488854856422316
1.0,0.22796432318992654,0.3488105864272846
1.0,0.22790453710988723,0.3487278333271144
1.0,0.2278447823807027,0.3486849797307148
1.0,0.22778505897771953,0.3486598024002613
1.0,0.22772536687631026,0.3486415962846075
1.0,0.2276657060518732,0.3485726736223128
1.0,0.2276060764798324,0.3483982996303136
1.0,0.2275464781356376,0.3483700845793316
1.0,0.2274869109947644,0.3483535277744219
1.0,0.22742737503271396,0.3483155737610739
1.0,0.2273678702250131,0.3482283141179463
1.0,0.22730839654721424,0.3480470300575961
1.0,0.2272489539748954,0.3480230995721841
1.0,0.22718954248366013,0.3477337167167005
1.0,0.22713016204913747,0.3475502003732209
1.0,0.22707081264698198,0.3474911559144845
1.0,0.22701149425287356,0.3474009312612894
1.0,0.22695220684251763,0.347318049825515
1.0,0.22689295039164492,0.3472690377706098
1.0,0.22683372487601147,0.3472561002661353
1.0,0.22677453027139874,0.3471314015631134
1.0,0.22671536655361335,0.3470650974743512
1.0,0.22665623369848723,0.3470237312130141
1.0,0.22659713168187745,0.3469201417778222
1.0,0.22653806047966632,0.3468291227154885
1.0,0.22647902006776127,0.3467988770642116
1.0,0.22642001042209484,0.3467544214713858
1.0,0.22636103151862463,0.3466990058343005
1.0,0.22630208333333332,0.3464918086265878
1.0,0.2262431658422286,0.3464468745823607
1.0,0.22618427902134305,0.3460031925717938
1.0,0.22612542284673431,0.3458432293229065
1.0,0.22606659729448492,0.3456912450138105
1.0,0.22600780234070222,0.3455704931219299
1.0,0.22594903796151847,0.3455352473673512
1.0,0.22589030413309072,0.3454578827705972
1.0,0.22583160083160084,0.3454042116758992
1.0,0.22577292803325538,0.3453462896653262
1.0,0.2257142857142857,0.3453172371226622
1.0,0.2256556738509478,0.3451452011417124
1.0,0.22559709241952233,0.3446550529735669
1.0,0.22553854139631457,0.3445918185858796
1.0,0.2254800207576544,0.3445529954037266
1.0,0.22542153047989624,0.3445124685364044
1.0,0.2253630705394191,0.344261483857487
1.0,0.2253046409126264,0.3442501602595463
1.0,0.22524624157594608,0.3442492617052614
1.0,0.22518787250583053,0.3441851977664854
1.0,0.2251295336787565,0.3440097411148943
1.0,0.22507122507122507,0.3439348501423043
1.0,0.2250129466597618,0.3434469966913913
1.0,0.2249546984209164,0.3433461000493387
1.0,0.22489648033126294,0.3433021496703822
1.0,0.22483829236739974,0.3432239217660001
1.0,0.2247801345059493,0.3431145872598113
1.0,0.22472200672355833,0.3431138986907055
1.0,0.22466390899689762,0.3430707009342638
1.0,0.22460584130266217,0.3429780223758865
1.0,0.22454780361757107,0.3428186083903714
1.0,0.22448979591836735,0.3427408986518292
1.0,0.22443181818181818,0.3426031896348393
1.0,0.22437387038471468,0.3423234290533699
1.0,0.22431595250387196,0.3421561081064428
1.0,0.22425806451612904,0.3419946011007246
1.0,0.2242002063983488,0.3419248375459802
1.0,0.2241423781274181,0.3417994930292081
1.0,0.22408457968024756,0.3417697702864051
1.0,0.2240268110337716,0.3417135988530099
1.0,0.22396907216494846,0.3415978110704731
1.0,0.22391136305076012,0.3415954411891198
1.0,0.22385368366821226,0.3415225704731724
1.0,0.2237960339943343,0.3415148147697368
1.0,0.2237384140061792,0.3410523895113891
1.0,0.22368082368082368,0.3410302741405929
1.0,0.223623262995368,0.3407595750909485
1.0,0.22356573192693593,0.3405505754275097
1.0,0.2235082304526749,0.3404737752524893
1.0,0.2234507585497557,0.3403875432783245
1.0,0.22339331619537275,0.3403223802291633
1.0,0.22333590336674378,0.3402792943016283
1.0,0.22327852004110996,0.3401618104352875
1.0,0.22322116619573593,0.3401115773176595
1.0,0.2231638418079096,0.3395858854818067
1.0,0.22310654685494224,0.3395672443135494
1.0,0.22304928131416837,0.3394285499130594
1.0,0.22299204516294585,0.3393885041367806
1.0,0.22293483837865571,0.3393882023851288
1.0,0.22287766093870223,0.3393705966622628
1.0,0.22282051282051282,0.3393705211170676
1.0,0.22276339400153808,0.3393396429525777
1.0,0.22270630445925166,0.3391004574716411
1.0,0.2226492441711504,0.3390069900728255
1.0,0.2225922131147541,0.3389620575399308
1.0,0.22253521126760564,0.3387084960419084
1.0,0.22247823860727087,0.3387025651601421
1.0,0.22242129511133862,0.3386755448058907
1.0,0.22236438075742068,0.3386701260399369
1.0,0.2223074955231517,0.3386525118619894
1.0,0.22225063938618925,0.3384187960196739
1.0,0.22219381232421376,0.3382224428865941
1.0,0.22213701431492844,0.3382155745939737
1.0,0.2220802453360593,0.3380950235447922
1.0,0.22202350536535514,0.3379235332101142
1.0,0.22196679438058747,0.3378292063270169
1.0,0.22191011235955055,0.3377142110750633
1.0,0.22185345928006128,0.337619822945286
1.0,0.22179683511995915,0.3375270934489065
1.0,0.2217402398571064,0.3374911336258633
1.0,0.22168367346938775,0.3368874971394248
1.0,0.22162713593471053,0.3367806119893271
1.0,0.2215706272310046,0.3366668171778399
1.0,0.22151414733622227,0.3366578728181641
1.0,0.22145769622833844,0.3366032282941683
1.0,0.22140127388535033,0.3365853335566336
1.0,0.22134488028527763,0.3362929798571321
1.0,0.22128851540616246,0.3360921915614565
1.0,0.22123217922606925,0.336077364257368
1.0,0.22117587172308475,0.3360344778306424
1.0,0.22111959287531807,0.3359025711528268
1.0,0.22106334266090052,0.3358987936229234
1.0,0.22100712105798576,0.3358934867613991
1.0,0.22095092804474956,0.3358686147284799
1.0,0.22089476359938992,0.3357919273012356
1.0,0.22083862770012708,0.3356841180280426
1.0,0.22078252032520326,0.3356710201786119
1.0,0.2207264414528829,0.3356466192289798
1.0,0.2206703910614525,0.3356372632703184
1.0,0.2206143691292206,0.334973225718595
1.0,0.22055837563451777,0.3349047773290741
1.0,0.22050241055569653,0.3347616647231944
1.0,0.2204464738711314,0.3344660960289361
1.0,0.22039056555921888,0.3342626685971699
1.0,0.2203346855983773,0.3341602323378481
1.0,0.2202788339670469,0.3341450762853053
1.0,0.22022301064368982,0.3341119706120629
1.0,0.22016721560678998,0.3340416901855172
1.0,0.2201114488348531,0.3339747048357502
1.0,0.2200557103064067,0.3339577741641186
1.0,0.22,0.3338460626595117
1.0,0.219944317894204,0.3337796760084635
1.0,0.21988866396761134,0.3337731877560175
1.0,0.21983303819883632,0.3336949875178985
1.0,0.2197774405665149,0.3336420343456045
1.0,0.21972187104930468,0.3335789488450747
1.0,0.21966632962588473,0.3333959965785864
1.0,0.21961081627495577,0.3332860759669216
1.0,0.21955533097524002,0.3332149322328733
1.0,0.21949987370548119,0.3331422096188831
1.0,0.21944444444444444,0.3329304118407266
1.0,0.21938904317091643,0.3326071032863972
1.0,0.2193336698637052,0.3325295726939741
1.0,0.21927832450164017,0.332489202956033
1.0,0.21922300706357215,0.332466545053785
1.0,0.21916771752837327,0.3324036198243095
1.0,0.21911245587493697,0.332399184065622
1.0,0.21905722208217795,0.3322857520429051
1.0,0.21900201612903225,0.33219440997604
1.0,0.21894683799445705,0.3320582667947713
1.0,0.21889168765743072,0.3320234863446475
1.0,0.2188365650969529,0.3319479624224324
1.0,0.2187814702920443,0.3319076741212815
1.0,0.2187264032217468,0.3314877403457056
1.0,0.2186713638651233,0.3313371713495953
1.0,0.21861635220125786,0.331269580077225
1.0,0.21856136820925554,0.3310713726508541
1.0,0.2185064118682424,0.3310018363169494
1.0,0.2184514831573655,0.3308998102204127
1.0,0.2183965820557929,0.3308616991605639
1.0,0.21834170854271356,0.3308597256284376
1.0,0.21828686259733734,0.3306490900591833
1.0,0.21823204419889503,0.3305141705172025
1.0,0.2181772533266382,0.3304211779669065
1.0,0.21812248995983935,0.3303891940652444
1.0,0.21806775407779172,0.330306439995242
1.0,0.21801304565980933,0.3302645895521345
1.0,0.21795836468522697,0.3301311575598468
1.0,0.2179037111334002,0.3301240323962443
1.0,0.2178490849837052,0.3301131107355618
1.0,0.21779448621553885,0.3300807582377414
1.0,0.21773991480831872,0.3300779993562769
1.0,0.21768537074148298,0.3300773049928412
1.0,0.21763085399449036,0.3300200088739703
1.0,0.21757636454682022,0.3298510600230674
1.0,0.21752190237797248,0.3297754959072206
1.0,0.21746746746746748,0.3296878920301949
1.0,0.21741305979484613,0.3296784089816976
1.0,0.21735867933966985,0.329627524088274
1.0,0.2173043260815204,0.3296151115897452
1.0,0.21725,0.3294441213279487
1.0,0.21719570107473132,0.3293456212665194
1.0,0.21714142928535732,0.3293034021807086
1.0,0.21708718461154133,0.3292110651015781
1.0,0.21703296703296704,0.3291938112364371
1.0,0.21697877652933834,0.3291863166024277
1.0,0.21692461308037944,0.329136058232907
1.0,0.21687047666583478,0.3291355868699745
1.0,0.21681636726546907,0.328959824117589
1.0,0.2167622848590671,0.3289516562996879
1.0,0.21670822942643392,0.3289388658435451
1.0,0.21665420094739465,0.3287694267732276
1.0,0.21660019940179462,0.3286508160004739
1.0,0.21654622476949914,0.3285395316632657
1.0,0.21649227703039362,0.3284996073210436
1.0,0.21643835616438356,0.328495917242077
1.0,0.21638446215139442,0.328211777925006
1.0,0.21633059497137166,0.328193339119866
1.0,0.21627675460428072,0.3280892812392672
1.0,0.216222941030107,0.3279883821839418
1.0,0.21616915422885571,0.3279124010817102
1.0,0.2161153941805521,0.3279005504950698
1.0,0.21606166086524117,0.3278815015866657
1.0,0.21600795426298783,0.3278078143293663
1.0,0.21595427435387674,0.3277207353455891
1.0,0.21590062111801242,0.3277012867318986
1.0,0.21584699453551912,0.3276842093036996
1.0,0.21579339458654084,0.3274400406968417
1.0,0.2157398212512413,0.327422993841545
1.0,0.21568627450980393,0.3273834800543477
1.0,0.21563275434243176,0.3273474321261946
1.0,0.21557926072934755,0.3272525347389318
1.0,0.21552579365079366,0.3272132208350327
1.0,0.215472353087032,0.3271904471873325
1.0,0.21541893901834408,0.3270616111818351
1.0,0.21536555142503097,0.326848048867259
1.0,0.21531219028741327,0.3266813589730228
1.0,0.21525885558583105,0.3265435050758432
1.0,0.2152055473006439,0.3263874661071652
1.0,0.21515226541223076,0.3263460258568593
1.0,0.2150990099009901,0.3263230071791025
1.0,0.21504578074733977,0.3262859513569849
1.0,0.21499257793171697,0.3262572095144652
1.0,0.2149394014345783,0.3261836569540775
1.0,0.2148862512363996,0.3261411653626214
1.0,0.21483312731767615,0.3260973571185174
1.0,0.2147800296589224,0.3257224802224325
1.0,0.2147269582406721,0.3256226759908928
1.0,0.21467391304347827,0.3254005025984432
1.0,0.21462089404791307,0.3252795811380652
1.0,0.2145679012345679,0.3250040212977988
1.0,0.21451493458405332,0.3249842452054629
1.0,0.214461994076999,0.3248831614206771
1.0,0.2144090796940538,0.3248351930334134
1.0,0.21435619141588555,0.3248093076949767
1.0,0.21430332922318127,0.3245081854043096
1.0,0.21425049309664695,0.3244979695419658
1.0,0.21419768301700765,0.3244646406804258
1.0,0.21414489896500738,0.324451099574806
1.0,0.2140921409214092,0.3243953905404046
1.0,0.21403940886699507,0.324345042666894
1.0,0.21398670278256587,0.3243329773520669
1.0,0.2139340226489414,0.3241559299848976
1.0,0.21388136844696037,0.3241526530855258
1.0,0.21382874015748032,0.3241226515889239
1.0,0.2137761377613776,0.3241073558098533
1.0,0.21372356123954747,0.323666548539959
1.0,0.21367101057290386,0.3236018306325391
1.0,0.21361848574237954,0.3232800641419978
1.0,0.21356598672892602,0.3232787461653681
1.0,0.21351351351351353,0.3232571302915886
1.0,0.21346106607713092,0.3231995389816793
1.0,0.21340864440078586,0.3231560530552452
1.0,0.21335624846550455,0.3230511827869618
1.0,0.21330387825233185,0.3229807615590714
1.0,0.2132515337423313,0.3229759534857086
1.0,0.2131992149165849,0.3229631566337023
1.0,0.2131469217561933,0.3228960456212586
1.0,0.21309465424227564,0.3228443745797352
1.0,0.2130424123559696,0.3226454538403842
1.0,0.21299019607843137,0.3226057724069299
1.0,0.21293800539083557,0.3225601795817941
1.0,0.2128858402743753,0.3224949565113072
1.0,0.21283370071026206,0.3224041524986418
1.0,0.21278158667972577,0.3221492074904499
1.0,0.21272949816401468,0.3220179593494908
1.0,0.2126774351443955,0.3219997797504442
1.0,0.21262539760215318,0.321768734398597
1.0,0.212573385518591,0.3215675940062167
1.0,0.21252139887503058,0.3214794403187355
1.0,0.21246943765281173,0.3212783173160851
1.0,0.21241750183329258,0.3212263500446009
1.0,0.21236559139784947,0.3212129544535612
1.0,0.21231370632787686,0.3209126656351156
1.0,0.2122618466047875,0.320850932128403
1.0,0.2122100122100122,0.320693129207356
1.0,0.212158203125,0.3206529338141128
1.0,0.21210641933121796,0.3202975216580755
1.0,0.21205466081015129,0.3202469562420084
1.0,0.21200292754330324,0.3202359523983766
1.0,0.21195121951219512,0.3202093032652524
1.0,0.21189953669836625,0.3201671908437969
1.0,0.21184787908337396,0.3201113716699621
1.0,0.21179624664879357,0.3200953071212437
1.0,0.21174463937621832,0.3199531223561505
1.0,0.21169305724725945,0.3197499464074761
1.0,0.21164150024354603,0.3196860925577202
1.0,0.2115899683467251,0.3196519633214227
1.0,0.21153846153846154,0.3194249678756473
1.0,0.21148697980043807,0.3193453870822675
1.0,0.21143552311435523,0.3193189568234884
1.0,0.2113840914619314,0.3192627203866881
1.0,0.21133268482490272,0.3192453952434884
1.0,0.21128130318502308,0.3192198769288715
1.0,0.21122994652406418,0.3191871390877076
1.0,0.2111786148238153,0.3190637427513585
1.0,0.21112730806608357,0.3189918665926951
1.0,0.2110760262326937,0.3189068737300367
1.0,0.2110247693054881,0.31878245928409
1.0,0.21097353726632678,0.3185780434775888
1.0,0.21092233009708738,0.3184988639736704
1.0,0.21087114777966512,0.3183524077510044
1.0,0.21081999029597284,0.3183045476631486
1.0,0.21076885762794081,0.318290019141829
1.0,0.21071774975751698,0.3182848144357558
1.0,0.21066666666666667,0.3182371614990236
1.0,0.21061560833737275,0.3181277376971251
1.0,0.21056457475163556,0.3180737975479325
1.0,0.21051356589147288,0.3180577787067681
1.0,0.21046258173891982,0.3180384586450678
1.0,0.21041162227602905,0.317930028407368
1.0,0.2103606874848705,0.3178116491729386
1.0,0.21030977734753145,0.3177126681033169
1.0,0.21025889184611662,0.3174940670482373
1.0,0.21020803096274795,0.317487136950924
1.0,0.2101571946795647,0.3174844427586147
1.0,0.21010638297872342,0.3173882134334184
1.0,0.21005559584239789,0.3171396972932976
1.0,0.21000483325277913,0.3170895163294062
1.0,0.2099540951920754,0.3169380290402429
1.0,0.20990338164251207,0.3168880254404819
1.0,0.2098526925863318,0.3168716082984622
1.0,0.2098020280057943,0.3167966847540401
1.0,0.20975138788317643,0.3167309651490836
1.0,0.2097007722007722,0.3167240457403695
1.0,0.20965018094089263,0.3166164470297484
1.0,0.2095996140858659,0.3165643198790687
1.0,0.20954907161803712,0.3164001109144294
1.0,0.20949855351976857,0.3163106601172045
1.0,0.2094480597734394,0.3162751016279475
1.0,0.20939759036144578,0.3162679427647087
1.0,0.2093471452662009,0.3162623372594467
1.0,0.20929672447013487,0.3162175117993487
1.0,0.20924632795569467,0.3162101070717635
1.0,0.20919595570534424,0.3161999908463956
1.0,0.20914560770156437,0.3161845194346807
1.0,0.20909528392685275,0.3160636367092645
1.0,0.20904498436372385,0.3159793249537068
1.0,0.20899470899470898,0.3159666599483608
1.0,0.20894445780235635,0.3158457576429976
1.0,0.20889423076923078,0.3157308136620647
1.0,0.20884402787791395,0.3156956460085526
1.0,0.20879384911100432,0.3156402085195183
1.0,0.20874369445111698,0.3156139970554106
1.0,0.20869356388088375,0.3155599829771859
1.0,0.20864345738295317,0.315535232382983
1.0,0.2085933749399904,0.3155009567305415
1.0,0.20854331653467723,0.3154342631832661
1.0,0.2084932821497121,0.3154119858720131
1.0,0.20844327176781002,0.315302742555483
1.0,0.20839328537170262,0.3151135676401563
1.0,0.2083433229441381,0.3150920954600496
1.0,0.20829338446788112,0.3148731679169428
1.0,0.2082434699257129,0.3148206853096933
1.0,0.20819357930043125,0.3148135133763375
1.0,0.2081437125748503,0.3147748281091277
1.0,0.20809386973180077,0.314622517606158
1.0,0.20804405075412977,0.3144082288358512
1.0,0.2079942556247008,0.3141241642443343
1.0,0.20794448432639387,0.3141008734526339
1.0,0.20789473684210527,0.314059944477326
1.0,0.20784501315474765,0.3140535542650752
1.0,0.20779531324725012,0.313993587121833
1.0,0.20774563710255797,0.3138309160796093
1.0,0.20769598470363287,0.3137972947085731
1.0,0.2076463560334528,0.313750493306083
1.0,0.20759675107501194,0.3135239647777058
1.0,0.20754716981132076,0.313493104079685
1.0,0.20749761222540591,0.313344778055568
1.0,0.20744807830031034,0.3133346193908867
1.0,0.20739856801909307,0.3133299855373882
1.0,0.2073490813648294,0.3132688979791778
1.0,0.2072996183206107,0.3131945167531685
1.0,0.20725017886954447,0.3131806087396391
1.0,0.2072007629947544,0.3130424793893617
1.0,0.20715137067938022,0.3130108580748401
1.0,0.20710200190657768,0.3129200246340245
1.0,0.2070526566595187,0.3127747500262991
1.0,0.20700333492139114,0.3126487044288968
1.0,0.2069540366753989,0.3126019210902243
1.0,0.2069047619047619,0.3124870565097331
1.0,0.206855510592716,0.312413949256262
1.0,0.20680628272251309,0.3123716950837317
1.0,0.2067570782774209,0.3122685105624614
1.0,0.2067078972407231,0.3120623278177978
1.0,0.20665873959571937,0.3118506034499718
1.0,0.20660960532572514,0.3118222896379048
1.0,0.2065604944140718,0.3117318605592697
1.0,0.20651140684410646,0.3116790204428287
1.0,0.20646234259919222,0.3116314674217569
1.0,0.20641330166270783,0.3115687602796118
1.0,0.20636428401804796,0.3113958555504759
1.0,0.20631528964862297,0.3111631137501692
1.0,0.206266318537859,0.3111099248163008
1.0,0.2062173706691979,0.3109938904760911
1.0,0.20616844602609727,0.3108680803834599
1.0,0.20611954459203036,0.3108136738716243
1.0,0.20607066635048613,0.3107822447298944
1.0,0.2060218112849692,0.3102721268905959
1.0,0.20597297937899978,0.3102070010937657
1.0,0.20592417061611373,0.3102043043720971
1.0,0.2058753849798626,0.3101754577665597
1.0,0.20582662245381336,0.3101696224018091
1.0,0.20577788302154867,0.3101279415835127
1.0,0.20572916666666666,0.3100563454073981
1.0,0.20568047337278106,0.309997766837428
1.0,0.20563180312352106,0.309855674388468
1.0,0.20558315590253134,0.3097919853931428
1.0,0.20553453169347208,0.3096465717373833
1.0,0.20548593048001892,0.3095323469655235
1.0,0.20543735224586288,0.3094309807948893
1.0,0.20538879697471046,0.3093903796781197
1.0,0.20534026465028354,0.309345690868057
1.0,0.2052917552563194,0.3092947194646104
1.0,0.20524326877657062,0.3090737591364044
1.0,0.2051948051948052,0.3089475647069343
1.0,0.20514636449480642,0.3088366491576416
1.0,0.2050979466603729,0.3087868633293464
1.0,0.20504955167531855,0.308724476318475
1.0,0.20500117952347252,0.3086728784359071
1.0,0.20495283018867924,0.308655772783507
1.0,0.2049045036547984,0.3085517314511871
1.0,0.20485619990570486,0.3084826935735565
1.0,0.2048079189252887,0.3084450626165358
1.0,0.20475966069745524,0.3084101892839648
1.0,0.20471142520612484,0.3083678607209554
1.0,0.20466321243523317,0.3083468631230505
1.0,0.20461502236873086,0.3082540143185843
1.0,0.2045668549905838,0.308224481936542
1.0,0.2045187102847729,0.3081296348535026
1.0,0.20447058823529413,0.3080611745366782
1.0,0.20442248882615854,0.3079290676862394
1.0,0.20437441204139228,0.3079232180213889
1.0,0.20432635786503645,0.3076747989425228
1.0,0.20427832628114714,0.3076714614124269
1.0,0.20423031727379554,0.307572078118125
1.0,0.20418233082706766,0.3073596141895169
1.0,0.2041343669250646,0.307107948391526
1.0,0.2040864255519023,0.3067178211138682
1.0,0.20403850669171167,0.3066157382988638
1.0,0.2039906103286385,0.3065064943450362
1.0,0.20394273644684346,0.3064853847627939
1.0,0.2038948850305021,0.3064266920033295
1.0,0.20384705606380482,0.3062288904878033
1.0,0.20379924953095685,0.3061971355444681
1.0,0.2037514654161782,0.306181723059072
1.0,0.2037037037037037,0.3059722966333371
1.0,0.203655964377783,0.3059692448853254
1.0,0.2036082474226804,0.30589981670171
1.0,0.2035605528226751,0.3058239566657904
1.0,0.20351288056206088,0.3057584384036673
1.0,0.20346523062514635,0.3055193923010205
1.0,0.2034176029962547,0.3054960321563026
1.0,0.20336999765972386,0.3054760789624496
1.0,0.2033224145999064,0.3050257424233591
1.0,0.20327485380116958,0.3047857994497636
1.0,0.20322731524789522,0.3046040072867251
1.0,0.20317979892447977,0.304548778956561
1.0,0.20313230481533426,0.304523624622373
1.0,0.20308483290488433,0.3044499327894163
1.0,0.20303738317757009,0.3044174868109021
1.0,0.2029899556178463,0.3044049639701854
1.0,0.20294255021018215,0.3043092141146505
1.0,0.2028951669390614,0.3042901569753243
1.0,0.20284780578898226,0.3041619863799327
1.0,0.2028004667444574,0.3041148918567395
1.0,0.202753149790014,0.3040571407226596
1.0,0.2027058549101936,0.3040444313657551
1.0,0.20265858208955223,0.3038540635144853
1.0,0.2026113313126603,0.3038199447725094
1.0,0.20256410256410257,0.3035574401541052
1.0,0.2025168958284782,0.3035061364397983
1.0,0.20246971109040074,0.3032518560049466
1.0,0.20242254833449802,0.3032286458501474
1.0,0.2023754075454122,0.3031711160894234
1.0,0.20232828870779976,0.3029891955424401
1.0,0.20228119180633147,0.3028895371214779
1.0,0.20223411682569234,0.3028026181632308
1.0,0.20218706375058165,0.3027614274672577
1.0,0.20214003256571295,0.3025557641078005
1.0,0.20209302325581396,0.3025117499954051
1.0,0.2020460358056266,0.3024615272773193
1.0,0.201999070199907,0.3023742481121559
1.0,0.20195212642342553,0.3021330118680647
1.0,0.20190520446096655,0.3020320317197759
1.0,0.20185830429732868,0.30199439814184
1.0,0.20181142591732465,0.3019425813403142
1.0,0.2017645693057813,0.3018404554902115
1.0,0.20171773444753946,0.30180353874409
1.0,0.20167092132745418,0.3017915854041413
1.0,0.20162412993039444,0.3016079700626939
1.0,0.20157736024124334,0.301547267759909
1.0,0.20153061224489796,0.3013621739998414
1.0,0.20148388592626942,0.3013303930878615
1.0,0.2014371812702828,0.3013194951841068
1.0,0.20139049826187716,0.3012777608999987
1.0,0.20134383688600557,0.3011823454117257
1.0,0.20129719712763494,0.3011160256735432
1.0,0.20125057897174617,0.3010519339854929
1.0,0.2012039824033341,0.3010414788369178
1.0,0.2011574074074074,0.3009477249863675
1.0,0.20111085396898867,0.3009353684325838
1.0,0.2010643220731143,0.3008249808566333
1.0,0.2010178117048346,0.3008076130436428
1.0,0.20097132284921368,0.300735798093715
1.0,0.2009248554913295,0.3005519138673633
1.0,0.2008784096162737,0.3003571412022052
1.0,0.20083198520915183,0.3003469856046162
1.0,0.20078558225508317,0.3001170286176597
1.0,0.20073920073920073,0.3000127346524777
1.0,0.20069284064665127,0.2999455816912299
1.0,0.20064650196259523,0.2998520612200401
1.0,0.20060018467220683,0.2997769726583982
1.0,0.2005538887606739,0.299707588744764
1.0,0.20050761421319796,0.2995645033759094
1.0,0.20046136101499423,0.2994984657788586
1.0,0.2004151291512915,0.2992707248904958
1.0,0.20036891860733225,0.2989278320465729
1.0,0.20032272936837253,0.2989191160243821
1.0,0.20027656141968195,0.2987514071681879
1.0,0.20023041474654377,0.2985935290650755
1.0,0.20018428933425478,0.298591984653815
1.0,0.2001381851681253,0.2985505562562663
1.0,0.20009210223347917,0.2984742623658955
1.0,0.20004604051565378,0.2981295311135264
1.0,0.2,0.2980596915917674
1.0,0.1999539806718822,0.2980543383076289
1.0,0.19990798251667816,0.297891531682922
1.0,0.1998620055197792,0.2978060941358599
1.0,0.19981604966659003,0.2977444911529285
1.0,0.19977011494252875,0.2976750975973489
1.0,0.1997242013330269,0.2976688556084526
1.0,0.1996783088235294,0.2969718950203681
1.0,0.1996324373994946,0.2969498852845249
1.0,0.19958658704639412,0.2969238512440459
1.0,0.19954075774971297,0.2968403176621559
1.0,0.1994949494949495,0.2968201377273041
1.0,0.19944916226761533,0.2967066834132013
1.0,0.19940339605323543,0.2966914750909973
1.0,0.19935765083734802,0.2966569942197858
1.0,0.1993119266055046,0.29640475184619
1.0,0.1992662233432699,0.2963575861515322
1.0,0.19922054103622192,0.2962151762878615
1.0,0.19917487966995187,0.2959758446999973
1.0,0.19912923923006415,0.2956284353819584
1.0,0.1990836197021764,0.2953894487318814
1.0,0.19903802107191937,0.2952419408995761
1.0,0.19899244332493704,0.2951460971927311
1.0,0.19894688644688643,0.2951025853895363
1.0,0.19890135042343784,0.2950158413543375
1.0,0.1988558352402746,0.2949745785682329
1.0,0.1988103408830931,0.2949625442567548
1.0,0.19876486733760293,0.2949503826594463
1.0,0.19871941458952663,0.2949279094213324
1.0,0.1986739826245999,0.2948606919005775
1.0,0.19862857142857143,0.294713460869301
1.0,0.19858318098720293,0.2947048134763959
1.0,0.19853781128626913,0.294535696817185
1.0,0.1984924623115578,0.2943531002681072
1.0,0.1984471340488696,0.29425707218949
1.0,0.19840182648401827,0.2942189966690113
1.0,0.1983565396028304,0.2941594846667868
1.0,0.1983112733911456,0.293830425043705
1.0,0.19826602783481634,0.2936366609119964
1.0,0.19822080291970803,0.2935108994114175
1.0,0.19817559863169898,0.2934392901325753
1.0,0.19813041495668035,0.2934282521701437
1.0,0.1980852518805562,0.2933237280056319
1.0,0.19804010938924338,0.293292439617846
1.0,0.19799498746867167,0.2931870476491804
1.0,0.1979498861047836,0.2931821490920601
1.0,0.1979048052835345,0.2930828343193173
1.0,0.19785974499089254,0.292632745400414
1.0,0.19781470521283862,0.2925274804097682
1.0,0.1977696859353664,0.2924380360499259
1.0,0.19772468714448235,0.2923354924638826
1.0,0.19767970882620564,0.2922867384573858
1.0,0.1976347509665681,0.2922128855075011
1.0,0.19758981355161437,0.2916053084976653
1.0,0.19754489656740168,0.2915041329924163
1.0,0.1975,0.2912087005299252
1.0,0.19745512383549194,0.2911880867585671
1.0,0.19741026805997275,0.2911768284347526
1.0,0.1973654326595503,0.2911633869191684
1.0,0.19732061762034514,0.291123303532931
1.0,0.19727582292849036,0.2910360427666991
1.0,0.19723104857013163,0.2910291459625296
1.0,0.19718629453142728,0.2909961293368221
1.0,0.19714156079854808,0.2909627763965148
1.0,0.1970968473576775,0.2908752510888919
1.0,0.19705215419501135,0.2908513556538359
1.0,0.1970074812967581,0.2907946296849211
1.0,0.19696282864913872,0.2907726259025348
1.0,0.19691819623838658,0.2907310012889999
1.0,0.19687358405074762,0.2906218665396978
1.0,0.19682899207248017,0.2905633094785215
1.0,0.19678442028985507,0.2905585789410493
1.0,0.19673986868915552,0.2904960284521118
1.0,0.19669533725667723,0.2904398949594237
1.0,0.1966508259787282,0.2903922142276999
1.0,0.19660633484162895,0.2902901768395657
1.0,0.19656186383171229,0.2901851380781777
1.0,0.19651741293532338,0.2900292533988305
1.0,0.1964729821388198,0.2899934468267051
1.0,0.19642857142857142,0.2899708640460434
1.0,0.19638418079096046,0.2898579467769948
1.0,0.1963398102123814,0.2898108864697347
1.0,0.19629545967924103,0.2897773407892585
1.0,0.19625112917795845,0.2896176182993832
1.0,0.196206818694965,0.2892482192830768
1.0,0.1961625282167043,0.2891069226465832
1.0,0.19611825772963215,0.2890389463131517
1.0,0.19607400722021662,0.288952997533746
1.0,0.19602977667493796,0.2885491476156386
1.0,0.19598556608028866,0.2885463348898949
1.0,0.1959413754227734,0.2885040053538209
1.0,0.19589720468890892,0.288502180295617
1.0,0.19585305386522425,0.2884614539536203
1.0,0.19580892293826047,0.2883008672985997
1.0,0.19576481189457084,0.2882155883860398
1.0,0.19572072072072072,0.2881073811836415
1.0,0.19567664940328755,0.2879192771483953
1.0,0.19563259792886087,0.2878541560873238
1.0,0.1955885662840423,0.2876163420926572
1.0,0.19554455445544555,0.2876042151236501
1.0,0.1955005624296963,0.28753559545657
1.0,0.1954565901934323,0.2873949380308915
1.0,0.19541263773330336,0.2872843217571203
1.0,0.19536870503597123,0.2871761855340208
1.0,0.19532479208810968,0.2871569117042641
1.0,0.19528089887640449,0.2870937433238006
1.0,0.19523702538755336,0.2870851314666984
1.0,0.19519317160826594,0.2869364851623265
1.0,0.19514933752526387,0.2868409692900511
1.0,0.19510552312528065,0.2867527770322798
1.0,0.19506172839506172,0.2866428478832619
1.0,0.19501795332136446,0.2866201081960084
1.0,0.19497419789095805,0.2865778367042422
1.0,0.1949304620906236,0.2864944649664095
1.0,0.19488674590715407,0.2864700155091974
1.0,0.19484304932735427,0.2864627997004251
1.0,0.1947993723380408,0.2864426943717875
1.0,0.19475571492604213,0.2863871817573165
1.0,0.19471207707819851,0.2863116294045218
1.0,0.19466845878136202,0.2863010447839073
1.0,0.19462486002239643,0.2862879169844277
1.0,0.19458128078817735,0.2862648166063252
1.0,0.1945377210655921,0.2862260480898297
1.0,0.19449418084153983,0.286207768553292
1.0,0.1944506601029313,0.2861214380497335
1.0,0.19440715883668905,0.2860515903040591
1.0,0.19436367702974727,0.2859764169895886
1.0,0.1943202146690519,0.2859061334995486
1.0,0.19427677174156047,0.2858746059933751
1.0,0.1942333482342423,0.2858664652176443
1.0,0.19418994413407822,0.2858215431549917
1.0,0.19414655942806078,0.2857027828082655
1.0,0.1941031941031941,0.2856981577010781
1.0,0.19405984814649396,0.2855902257932298
1.0,0.19401652154498772,0.2855808908121391
1.0,0.1939732142857143,0.2855769046638027
1.0,0.19392992635572417,0.2855054551848892
1.0,0.19388665774207942,0.2853702833022619
1.0,0.19384340843185366,0.2852848483932491
1.0,0.193800178412132,0.2852148202154435
1.0,0.19375696767001116,0.2850772533810043
1.0,0.1937137761925992,0.2850224159917786
1.0,0.19367060396701583,0.285000166794376
1.0,0.19362745098039216,0.2849506075970597
1.0,0.1935843172198708,0.284915646487045
1.0,0.1935412026726058,0.2845259635016545
1.0,0.19349810732576264,0.2844866788069874
1.0,0.19345503116651824,0.2844820055846217
1.0,0.193411974182061,0.2844240232899843
1.0,0.19336893635959057,0.2844022027432367
1.0,0.19332591768631813,0.284389899647478
1.0,0.1932829181494662,0.2843369598956611
1.0,0.19323993773626863,0.2843307126303522
1.0,0.19319697643397066,0.2842279040763003
1.0,0.19315403422982885,0.2840547934124407
1.0,0.19311111111111112,0.2839774597093714
1.0,0.19306820706509664,0.2839404577340837
1.0,0.19302532207907597,0.2839392440077175
1.0,0.19298245614035087,0.2839059135199439
1.0,0.19293960923623446,0.2838910887977699
1.0,0.19289678135405106,0.2836172777246653
1.0,0.19285397248113625,0.2833766655362524
1.0,0.19281118260483693,0.2832926946351239
1.0,0.19276841171251108,0.2832391441531897
1.0,0.19272565979152806,0.2831433148701676
1.0,0.1926829268292683,0.2828827221269316
1.0,0.19264021281312346,0.2828261803192821
1.0,0.19259751773049646,0.2827539643679064
1.0,0.19255484156880123,0.2826696774557882
1.0,0.192512184315463,0.2826571803437361
1.0,0.19246954595791804,0.2826073946595493
1.0,0.1924269264836138,0.2823247787373697
1.0,0.19238432588000887,0.2822673413653619
1.0,0.1923417441345728,0.2822584322718331
1.0,0.19229918123478645,0.2820722580270837
1.0,0.1922566371681416,0.281857174590605
1.0,0.1922141119221411,0.2817061450956983
1.0,0.19217160548429899,0.2816590341762335
1.0,0.19212911784214018,0.2816589989179835
1.0,0.19208664898320071,0.2816528454979016
1.0,0.19204419889502763,0.2816089428592329
1.0,0.19200176756517898,0.2815851881750815
1.0,0.19195935498122377,0.2815031667460456
1.0,0.19191696113074205,0.2814440745559755
1.0,0.1918745860013248,0.2813981879554422
1.0,0.19183222958057394,0.2813721954598338
1.0,0.1917898918561024,0.2813591010087578
1.0,0.19174757281553398,0.281191584071583
1.0,0.19170527244650343,0.2811292818504882
1.0,0.19166299073665638,0.2810619470310075
1.0,0.1916207276736494,0.2809483575609519
1.0,0.19157848324514992,0.2809225189725086
1.0,0.19153625743883623,0.2808996427030593
1.0,0.19149405024239755,0.280837992167578
1.0,0.1914518616435338,0.2808158733314589
1.0,0.19140969162995594,0.2807916124483374
1.0,0.1913675401893856,0.2807440816142239
1.0,0.19132540730955527,0.2806570097025119
1.0,0.19128329297820823,0.2806228372351251
1.0,0.1912411971830986,0.2804890413983202
1.0,0.1911991199119912,0.2804183775158422
1.0,0.19115706115266168,0.2803182736254141
1.0,0.19111502089289642,0.2802505094918315
1.0,0.19107299912049253,0.2798556528200412
1.0,0.19103099582325786,0.2798236425531251
1.0,0.190989010989011,0.2797033893017154
1.0,0.19094704460558118,0.2796977706470829
1.0,0.19090509666080843,0.2796715655104883
1.0,0.19086316714254337,0.2796325598692945
1.0,0.19082125603864733,0.2796277990099227
1.0,0.1907793633369923,0.2796062681780134
1.0,0.19073748902546092,0.2795104443543268
1.0,0.19069563309194645,0.2794362202610279
1.0,0.1906537955243528,0.2793709536400909
1.0,0.19061197631059443,0.2793062687720117
1.0,0.1905701754385965,0.2792563668417754
1.0,0.19052839289629467,0.2792014001253842
1.0,0.19048662867163524,0.2791836125692699
1.0,0.19044488275257507,0.2791829545911649
1.0,0.1904031551270815,0.2791280193979994
1.0,0.19036144578313252,0.2790464387526967
1.0,0.1903197547087166,0.2789692840609124
1.0,0.1902780818918327,0.2788339802507226
1.0,0.19023642732049037,0.2788241201469824
1.0,0.19019479098270956,0.2788230677980924
1.0,0.19015317286652078,0.2787388901746642
1.0,0.190111572959965,0.2786485868053142
1.0,0.1900699912510936,0.2786169840327037
1.0,0.19002842772796852,0.278587858453703
1.0,0.18998688237866201,0.2784764743756838
1.0,0.18994535519125683,0.2782960187830861
1.0,0.18990384615384615,0.2782244638266032
1.0,0.18986235525453354,0.2778754778612616
1.0,0.18982088248143295,0.2778078232916374
1.0,0.1897794278226687,0.2776612023793414
1.0,0.18973799126637556,0.2776489409328954
1.0,0.18969657280069854,0.2776363010851726
1.0,0.1896551724137931,0.2774889069382286
1.0,0.189613790093825,0.2773745494223256
1.0,0.18957242582897033,0.2772985079221997
1.0,0.1895310796074155,0.2772913817237559
1.0,0.18948975141735716,0.277287071616883
1.0,0.18944844124700239,0.2767932079031121
1.0,0.18940714908456843,0.2767266815659868
1.0,0.18936587491828286,0.2766355607688525
1.0,0.18932461873638345,0.2765634854864283
1.0,0.18928338052711827,0.2765197031292324
1.0,0.18924216027874566,0.2765175889514663
1.0,0.18920095797953407,0.276389958522385
1.0,0.1891597736177623,0.2761928795038572
1.0,0.18911860718171927,0.276090961067152
1.0,0.1890774586597041,0.2760495333032596
1.0,0.1890363280400261,0.2760408642050409
1.0,0.18899521531100477,0.2759466095282713
1.0,0.18895412046096977,0.2759461955947953
1.0,0.18891304347826088,0.2758291534704364
1.0,0.18887198435122798,0.2757515865926316
1.0,0.1888309430682312,0.2756491141441771
1.0,0.18878991961764066,0.2755926694102445
1.0,0.18874891398783666,0.2755899572093346
1.0,0.18870792616720955,0.2755303911318009
1.0,0.1886669561441598,0.2753445102871658
1.0,0.18862600390709788,0.2753114906702889
1.0,0.18858506944444445,0.2751657532854345
1.0,0.18854415274463007,0.2750124645933925
1.0,0.18850325379609545,0.2748305527135956
1.0,0.18846237258729126,0.2747992931562272
1.0,0.18842150910667824,0.2746738284467901
1.0,0.18838066334272707,0.2745690354415627
1.0,0.1883398352839185,0.2745385960702361
1.0,0.18829902491874323,0.2745103534588417
1.0,0.1882582322357019,0.2742970325591664
1.0,0.18821745722330518,0.2742682651079313
1.0,0.18817669987007363,0.2740541419344267
1.0,0.1881359601645378,0.274033313315351
1.0,0.1880952380952381,0.2740109684440016
1.0,0.18805453365072494,0.2739198825013823
1.0,0.18801384681955863,0.2736721498052893
1.0,0.18797317759030932,0.2736634864822517
1.0,0.1879325259515571,0.2736009589705018
1.0,0.1878918918918919,0.2735667093571758
1.0,0.18785127539991353,0.2735341970130177
1.0,0.1878106764642317,0.2734945058846799
1.0,0.18777009507346587,0.2734721205952041
1.0,0.18772953121624542,0.2734669649453619
1.0,0.1876889848812095,0.2733198933772684
1.0,0.1876484560570071,0.2733053337886205
1.0,0.18760794473229706,0.2731858095798016
1.0,0.1875674508957479,0.2731212222077954
1.0,0.18752697453603798,0.2730515902000621
1.0,0.18748651564185545,0.2729271265466436
1.0,0.18744607420189818,0.2729119743248352
1.0,0.18740565020487385,0.2727868245193817
1.0,0.18736524363949977,0.2727777867745637
1.0,0.18732485449450312,0.2727667459937398
1.0,0.1872844827586207,0.2726108225033167
1.0,0.187244128420599,0.2725905044516686
1.0,0.1872037914691943,0.2725310620447353
1.0,0.1871634718931725,0.2723705053379209
1.0,0.1871231696813092,0.2723486186432016
1.0,0.18708288482238966,0.2723104325014929
1.0,0.18704261730520877,0.2723058088996124
1.0,0.18700236711857113,0.272304147952038
1.0,0.18696213425129088,0.2721066908677342
1.0,0.18692191869219188,0.2718397867585675
1.0,0.18688172043010753,0.2717258183215673
1.0,0.18684153945388088,0.2716401449717395
1.0,0.18680137575236458,0.2713621481850434
1.0,0.1867612293144208,0.2712467169631152
1.0,0.18672110012892135,0.2711953975204521
1.0,0.18668098818474757,0.2710183920245981
1.0,0.18664089347079038,0.2709828158303049
1.0,0.18660081597595018,0.270880936900036
1.0,0.18656075568913696,0.2708592614901325
1.0,0.18652071259927022,0.2707586452243258
1.0,0.18648068669527898,0.2706893761256347
1.0,0.1864406779661017,0.270674078672896
1.0,0.1864006864006864,0.2706523265564289
1.0,0.18636071198799056,0.2704253376067375
1.0,0.18632075471698112,0.2703926210882373
1.0,0.1862808145766345,0.2703671760136966
1.0,0.18624089155593657,0.2703394692373565
1.0,0.18620098564388257,0.2703344374320253
1.0,0.1861610968294773,0.2701575713747138
1.0,0.18612122510173484,0.270124171649406
1.0,0.1860813704496788,0.2699695364111907
1.0,0.18604153286234212,0.26994298297471
1.0,0.1860017123287671,0.2698116150342435
1.0,0.18596190883800556,0.2695256553353342
1.0,0.18592212237911854,0.2694655086024625
1.0,0.18588235294117647,0.2694012292663
1.0,0.1858426005132592,0.269186749034385
1.0,0.18580286508445584,0.2691432476390673
1.0,0.1857631466438649,0.2691081342937978
1.0,0.18572344518059414,0.2690976032999813
1.0,0.1856837606837607,0.269073857432691
1.0,0.18564409314249092,0.2689683272773085
1.0,0.18560444254592054,0.2689429882483438
1.0,0.18556480888319454,0.2689102915091868
1.0,0.18552519214346713,0.2687716641435702
1.0,0.1854855923159018,0.2687318016724254
1.0,0.18544600938967137,0.2687236087680077
1.0,0.18540644335395776,0.2686572169830603
1.0,0.18536689419795221,0.2685603271876263
1.0,0.1853273619108552,0.2684400034515999
1.0,0.18528784648187632,0.2684318913513688
1.0,0.18524834790023448,0.2684003241071384
1.0,0.18520886615515772,0.2682930363593598
1.0,0.18516940123588324,0.268281164007536
1.0,0.18512995313165745,0.2682253917823375
1.0,0.18509052183173588,0.2679324721005707
1.0,0.1850511073253833,0.2678630647226133
1.0,0.18501170960187355,0.2677785768662488
1.0,0.18497232865048957,0.2674532285266218
1.0,0.1849329644605235,0.2673502194987902
1.0,0.1848936170212766,0.2672795473291078
1.0,0.18485428632205914,0.2671638014657094
1.0,0.18481497235219055,0.2671507224406328
1.0,0.18477567510099938,0.2671009388431912
1.0,0.18473639455782312,0.2667430067170033
1.0,0.1846971307120085,0.2666573496353093
1.0,0.18465788355291118,0.2666178286059381
1.0,0.1846186530698959,0.266486045025864
1.0,0.18457943925233644,0.2664598825892329
1.0,0.18454024208961564,0.2664236095094512
1.0,0.18450106157112525,0.266410045267124
1.0,0.1844618976862662,0.2662054699403208
1.0,0.18442275042444822,0.2661583223214803
1.0,0.18438361977509019,0.2660506394759425
1.0,0.18434450572761985,0.2655111324263867
1.0,0.184305408271474,0.2654462028209489
1.0,0.18426632739609838,0.2653185675405141
1.0,0.18422726309094764,0.2649188373644582
1.0,0.18418821534548538,0.2649143350619466
1.0,0.18414918414918416,0.2648971397942892
1.0,0.18411016949152542,0.2648250474157317
1.0,0.18407117136199957,0.2647635075932996
1.0,0.18403218975010588,0.2647081447229215
1.0,0.18399322464535253,0.2646840189746952
1.0,0.18395427603725656,0.2644059510171416
1.0,0.18391534391534392,0.2643301718639417
1.0,0.18387642826914938,0.2642528598693677
1.0,0.18383752908821663,0.264169700494319
1.0,0.18379864636209814,0.2641533831160765
1.0,0.18375978008035526,0.2641194489202855
1.0,0.18372093023255814,0.2641111774499663
1.0,0.18368209680828576,0.2640889033011581
1.0,0.18364327979712594,0.2640638920028591
1.0,0.18360447918867526,0.2639696969501799
1.0,0.18356569497253908,0.2638719145242709
1.0,0.18352692713833157,0.2638478368498161
1.0,0.18348817567567569,0.2638144519476714
1.0,0.1834494405742031,0.2637710628073275
1.0,0.18341072182355425,0.2637502991727738
1.0,0.18337201941337836,0.2636051190048615
1.0,0.18333333333333332,0.2634962879255674
1.0,0.18329466357308585,0.2634423303492985
1.0,0.18325601012231127,0.2634299352281088
1.0,0.18321737297069365,0.2633823261138198
1.0,0.1831787521079258,0.2632819870501459
1.0,0.18314014752370916,0.2631582781011222
1.0,0.1831015592077539,0.2631120926005324
1.0,0.1830629871497788,0.2630919071968662
1.0,0.18302443133951138,0.2630763032480319
1.0,0.18298589176668772,0.2630435831302738
1.0,0.18294736842105264,0.2628767395388054
1.0,0.1829088612923595,0.2627926467685259
1.0,0.18287037037037038,0.262767569901995
1.0,0.18283189564485589,0.2625278992780685
1.0,0.18279343710559529,0.2625110629161034
1.0,0.18275499474237644,0.2624454118745123
1.0,0.1827165685449958,0.2623668142600754
1.0,0.18267815850325836,0.2623592631046427
1.0,0.18263976460697773,0.2622793354489666
1.0,0.18260138684597604,0.2622354638792897
1.0,0.18256302521008402,0.2622151780073616
1.0,0.18252467968914093,0.2621568151204395
1.0,0.18248635027299454,0.261938594910644
1.0,0.18244803695150116,0.2618947459801162
1.0,0.18240973971452562,0.2616940536747573
1.0,0.18237145855194123,0.2616782648644125
1.0,0.1823331934536299,0.2616627782613969
1.0,0.18229494440948185,0.261652014618501
1.0,0.18225671140939598,0.2616112445779077
1.0,0.1822184944432795,0.2615908941230462
1.0,0.18218029350104822,0.2614819038275916
1.0,0.18214210857262628,0.2614479376936021
1.0,0.18210393964794636,0.2614475681336405
1.0,0.1820657867169495,0.2613184093909268
1.0,0.18202764976958524,0.2609125755809626
1.0,0.1819895287958115,0.2607458534490384
1.0,0.18195142378559465,0.2607206749983966
1.0,0.18191333472890936,0.2606606685794816
1.0,0.1818752616157388,0.2605634362913077
1.0,0.18183720443607448,0.2605458196143354
1.0,0.18179916317991632,0.2601460505056754
1.0,0.18176113783727255,0.2598611943309261
1.0,0.18172312839815977,0.2598407365585566
1.0,0.18168513485260296,0.259758300752592
1.0,0.18164715719063546,0.2595679418793405
1.0,0.18160919540229886,0.2595669748128767
1.0,0.18157124947764314,0.2594450640757396
1.0,0.18153331940672654,0.2591497706932611
1.0,0.1814954051796157,0.2591491049769368
1.0,0.18145750678638548,0.2590285935318114
1.0,0.181419624217119,0.2589981534500617
1.0,0.18138175746190774,0.2587687515163226
1.0,0.18134390651085142,0.258587857202023
1.0,0.181306071354058,0.2584926644437951
1.0,0.18126825198164373,0.2584393584325123
1.0,0.18123044838373306,0.2583777089180167
1.0,0.1811926605504587,0.2583600191265154
1.0,0.18115488847196165,0.2583331850595622
1.0,0.181117132138391,0.2583117126136845
1.0,0.18107939153990416,0.2580879077283862
1.0,0.18104166666666666,0.2580592606297334
1.0,0.18100395750885231,0.2580064476709479
1.0,0.18096626405664307,0.2579725058077752
1.0,0.180928586300229,0.2579061194210315
1.0,0.1808909242298085,0.2577135270373732
1.0,0.18085327783558794,0.2576859616325672
1.0,0.18081564710778195,0.2576206598764812
1.0,0.18077803203661327,0.2575685778726035
1.0,0.18074043261231282,0.2574615513893278
1.0,0.18070284882511956,0.2573649897467275
1.0,0.18066528066528068,0.2573512583342103
1.0,0.18062772812305133,0.2573327400923222
1.0,0.18059019118869493,0.257272310566829
1.0,0.18055266985248286,0.2572379883797068
1.0,0.18051516410469465,0.2571003289406586
1.0,0.18047767393561787,0.2570575991461874
1.0,0.18044019933554817,0.257037473741982
1.0,0.18040274029478928,0.2570185738795353
1.0,0.18036529680365296,0.2570029463946047
1.0,0.18032786885245902,0.256942671610042
1.0,0.18029045643153527,0.256746138456086
1.0,0.1802530595312176,0.2565563383810496
1.0,0.18021567814184986,0.2565520080212349
1.0,0.18017831225378395,0.2564833776717088
1.0,0.18014096185737977,0.256196512052866
1.0,0.1801036269430052,0.2561940412107452
1.0,0.18006630750103605,0.2561718249211395
1.0,0.18002900352185622,0.2561665726682076
1.0,0.1799917149958575,0.2561652976857707
1.0,0.17995444191343962,0.2561358715849606
1.0,0.17991718426501035,0.2561097243593289
1.0,0.1798799420409853,0.2560793075759654
1.0,0.17984271523178808,0.2559991271928755
1.0,0.17980550382785018,0.255969018691127
1.0,0.1797683078196111,0.2559318027018087
1.0,0.1797311271975181,0.2558316040892076
1.0,0.17969396195202647,0.255682525226131
1.0,0.17965681207359935,0.255657537579937
1.0,0.17961967755270772,0.255650913628018
1.0,0.17958255837983053,0.2554980889681698
1.0,0.17954545454545454,0.2553996386272145
1.0,0.17950836604007436,0.2551966829741671
1.0,0.17947129285419247,0.2551950828316436
1.0,0.17943423497831923,0.2551917405015733
1.0,0.17939719240297275,0.2551150696416177
1.0,0.17936016511867905,0.254990981725203
1.0,0.17932315311597194,0.2549552477347133
1.0,0.17928615638539303,0.2549165984737675
1.0,0.17924917491749176,0.2546173670113213
1.0,0.17921220870282534,0.2545979884308219
1.0,0.17917525773195878,0.2544096005867817
1.0,0.17913832199546487,0.2542834714509898
1.0,0.17910140148392414,0.2541731328931578
1.0,0.179064496187925,0.25400407338814
1.0,0.17902760609806345,0.2539828308007725
1.0,0.17899073120494335,0.253771562093864
1.0,0.17895387149917627,0.253760302876139
1.0,0.1789170269713815,0.253758171255362
1.0,0.1788801976121861,0.2537573601633168
1.0,0.17884338341222475,0.2537292605943222
1.0,0.17880658436213992,0.2536845442632939
1.0,0.17876980045258178,0.2536820091353867
1.0,0.17873303167420815,0.2534872059857614
1.0,0.17869627801768456,0.2533739495553468
1.0,0.1786595394736842,0.2533016038821769
1.0,0.178622816032888,0.2532796258443993
1.0,0.17858610768598437,0.2532173685776551
1.0,0.17854941442366962,0.2532016207473632
1.0,0.17851273623664748,0.2531887300681064
1.0,0.1784760731156295,0.2531851626991563
1.0,0.1784394250513347,0.2531800511254748
1.0,0.17840279203448983,0.2531746674704787
1.0,0.17836617405582922,0.2530912922785815
1.0,0.17832957110609482,0.2530862083183644
1.0,0.17829298317603612,0.2530854318128939
1.0,0.17825641025641026,0.2530705170243885
1.0,0.17821985233798196,0.2529449307711198
1.0,0.17818330941152347,0.2528712900742965
1.0,0.17814678146781468,0.2528701429840356
1.0,0.17811026849764297,0.2528597880103118
1.0,0.17807377049180328,0.252794510694119
1.0,0.17803728744109815,0.2527464538743545
1.0,0.17800081933633757,0.2526535841695179
1.0,0.17796436616833913,0.2526164827805869
1.0,0.17792792792792791,0.2524675417851802
1.0,0.17789150460593653,0.252444369443758
1.0,0.17785509619320508,0.2524049345651656
1.0,0.17781870268058114,0.2523766341468043
1.0,0.1777823240589198,0.252287178467708
1.0,0.17774596031908366,0.2521937849335315
1.0,0.17770961145194275,0.2520272805223668
1.0,0.17767327744837458,0.2519903429997505
1.0,0.1776369582992641,0.2518728598220032
1.0,0.1776006539955038,0.2518513288828684
1.0,0.17756436452799346,0.2518446484816525
1.0,0.17752808988764046,0.2517089864225531
1.0,0.17749183006535948,0.2515980077358619
1.0,0.1774555850520727,0.2514651255040692
1.0,0.1774193548387097,0.2513476483337986
1.0,0.1773831394162074,0.2512495980067848
1.0,0.1773469387755102,0.2510785374223729
1.0,0.1773107529075699,0.2510497511914039
1.0,0.17727458180334557,0.2509661118220606
1.0,0.1772384254538038,0.2508968954302609
1.0,0.17720228384991843,0.2507947564484529
1.0,0.17716615698267074,0.2506505470376799
1.0,0.17713004484304934,0.2505628825139101
1.0,0.17709394742205012,0.2505043609669656
1.0,0.17705786471067644,0.2503497667600976
1.0,0.1770217966999389,0.2502906296510299
1.0,0.1769857433808554,0.2502854672294159
1.0,0.17694970474445124,0.2502577852935653
1.0,0.17691368078175895,0.2500279337919064
1.0,0.17687767148381844,0.2499687443169678
1.0,0.17684167684167684,0.249887461053279
1.0,0.1768056968463886,0.2498850993941039
1.0,0.17676973148901545,0.2498362136223463
1.0,0.1767337807606264,0.2494090152844505
1.0,0.17669784465229768,0.2493296079573912
1.0,0.17666192315511284,0.2493295546779644
1.0,0.1766260162601626,0.2492797677304401
1.0,0.176590123958545,0.2492239217422481
1.0,0.1765542462413653,0.2491855297429652
1.0,0.17651838309973594,0.2489703247098125
1.0,0.1764825345247766,0.2487941714032134
1.0,0.1764467005076142,0.2486026826217818
1.0,0.17641088103938288,0.248532566102731
1.0,0.17637507611122386,0.248494214849194
1.0,0.17633928571428573,0.2484231104999892
1.0,0.1763035098397241,0.2484129673870291
1.0,0.17626774847870183,0.2483960171598621
1.0,0.17623200162238897,0.2483735054175914
1.0,0.1761962692619627,0.248348635859484
1.0,0.17616055138860734,0.24825861137807
1.0,0.17612484799351438,0.2480697810712442
1.0,0.17608915906788247,0.2479451694095829
1.0,0.17605348460291734,0.2478860259137385
1.0,0.1760178245898319,0.2477540097869484
1.0,0.17598217901984609,0.2477361301732562
1.0,0.1759465478841871,0.2474367669912687
1.0,0.17591093117408907,0.247266263102524
1.0,0.17587532888079335,0.2472252910928285
1.0,0.17583974099554836,0.2471795307036332
1.0,0.17580416750960956,0.2471277860898544
1.0,0.17576860841423947,0.2471262484360294
1.0,0.1757330637007078,0.2470341136762385
1.0,0.17569753336029115,0.2469995790765456
1.0,0.17566201738427328,0.2469961555431647
1.0,0.17562651576394503,0.2469050971431579
1.0,0.17559102849060415,0.2467675533671469
1.0,0.17555555555555555,0.246741960580361
1.0,0.1755200969501111,0.2466809552219003
1.0,0.17548465266558966,0.2466717493787651
1.0,0.17544922269331717,0.2466632773046855
1.0,0.17541380702462656,0.2465388585668304
1.0,0.17537840565085772,0.2464980410643716
1.0,0.17534301856335754,0.246478961157917
1.0,0.17530764575347993,0.246245561946563
1.0,0.17527228721258573,0.2461140819569978
1.0,0.17523694293204276,0.2460226443408388
1.0,0.1752016129032258,0.2458997210433559
1.0,0.17516629711751663,0.245892173881584
1.0,0.1751309955663039,0.2458832253277629
1.0,0.17509570824098328,0.245675608351516
1.0,0.1750604351329573,0.2455041460211791
1.0,0.17502517623363545,0.2453453950424493
1.0,0.17498993153443415,0.2453131217092841
1.0,0.17495470102677674,0.2452533343392998
1.0,0.1749194847020934,0.2452135506548466
1.0,0.17488428255182129,0.2451092072124897
1.0,0.17484909456740444,0.2448288890444103
1.0,0.1748139207402937,0.2448168794716
1.0,0.1747787610619469,0.2447653367569721
1.0,0.17474361552382867,0.2445728217583347
1.0,0.17470848411741052,0.2444948728330117
1.0,0.17467336683417087,0.2444600552498501
1.0,0.17463826366559485,0.2444490948227668
1.0,0.1746031746031746,0.2443565167255492
1.0,0.174568099638409,0.2443379669881587
1.0,0.17453303876280377,0.2442152580187327
1.0,0.1744979919678715,0.2442134309446619
1.0,0.1744629592451315,0.2441008667305942
1.0,0.17442794058611,0.2440611622679228
1.0,0.17439293598233996,0.244047946227397
1.0,0.17435794542536115,0.2439325109365244
1.0,0.17432296890672017,0.2439189455704253
1.0,0.17428800641797032,0.2439169025666274
1.0,0.17425305795067175,0.2438687176497375
1.0,0.17421812349639135,0.2438636387577771
1.0,0.17418320304670273,0.2437333279912794
1.0,0.17414829659318637,0.2437263401863595
1.0,0.17411340412742937,0.2437015259723242
1.0,0.17407852564102563,0.2436605916247167
1.0,0.17404366112557582,0.2436515115541077
1.0,0.17400881057268722,0.2436262638299047
1.0,0.17397397397397396,0.2432704341248722
1.0,0.17393915132105683,0.2432660202567583
1.0,0.17390434260556334,0.2432354373851422
1.0,0.17386954781912764,0.2431603015495639
1.0,0.17383476695339067,0.2430219941795798
1.0,0.1738,0.2429489448574815
1.0,0.17376524695060988,0.2429387057372889
1.0,0.17373050779688123,0.2429242902123459
1.0,0.1736957825304817,0.2429140586541842
1.0,0.17366107114308554,0.2428312762276956
1.0,0.17362637362637362,0.2427131407125163
1.0,0.17359168997203356,0.2427065001854551
1.0,0.17355702017175953,0.2426846758910387
1.0,0.1735223642172524,0.2426396800586751
1.0,0.1734877221002196,0.2425232440322143
1.0,0.17345309381237525,0.2425157152983235
1.0,0.17341847934544002,0.2424164715231268
1.0,0.17338387869114127,0.2423882287595844
1.0,0.17334929184121284,0.2422948921646229
1.0,0.1733147187873953,0.2419883036793483
1.0,0.1732801595214357,0.2419159613014892
1.0,0.17324561403508773,0.2418670103028951
1.0,0.17321108232011162,0.241816106649619
1.0,0.17317656436827422,0.2417316753808091
1.0,0.17314206017134887,0.2416739248995127
1.0,0.17310756972111555,0.2416664980825381
1.0,0.1730730930093607,0.2413573817891323
1.0,0.17303863002787734,0.2413449241419899
1.0,0.17300418076846505,0.241184440658543
1.0,0.17296974522292993,0.2410616399742715
1.0,0.17293532338308457,0.2410586694723402
1.0,0.1729009152407481,0.2409646395663532
1.0,0.17286652078774617,0.2408571654824676
1.0,0.1728321400159109,0.2408094596690105
1.0,0.17279777291708093,0.2407433439956914
1.0,0.1727634194831014,0.2406444999820039
1.0,0.17272907970582388,0.240614189986311
1.0,0.1726947535771065,0.2404809552163206
1.0,0.17266044108881382,0.2404599813869374
1.0,0.17262614223281686,0.2402114757261406
1.0,0.17259185700099305,0.2401981151720208
1.0,0.17255758538522636,0.2400787415000975
1.0,0.1725233273774072,0.2400392044081047
1.0,0.17248908296943233,0.239996173359046
1.0,0.172454852153205,0.2399624777671272
1.0,0.17242063492063492,0.239911876452152
1.0,0.17238643126363817,0.2396790319303229
1.0,0.17235224117413725,0.2396483133518894
1.0,0.17231806464406108,0.2396477665902787
1.0,0.17228390166534496,0.2395650124976001
1.0,0.17224975222993064,0.2395287861919552
1.0,0.17221561632976615,0.2394756132672668
1.0,0.17218149395680601,0.2394088173083333
1.0,0.17214738510301109,0.2392267008763302
1.0,0.1721132897603486,0.2391946364138983
1.0,0.17207920792079207,0.2390702004650876
1.0,0.17204513957632153,0.2389907670122743
1.0,0.1720110847189232,0.2389691774130768
1.0,0.17197704334058975,0.2387795522098555
1.0,0.17194301543332013,0.2387237750965415
1.0,0.17190900098911968,0.2386011919038492
1.0,0.171875,0.2385423130651937
1.0,0.17184101245797903,0.2385395576341419
1.0,0.17180703835508107,0.2384988906877577
1.0,0.17177307768333663,0.2384525120768393
1.0,0.17173913043478262,0.2383956758612615
1.0,0.17170519660146216,0.2382827574911318
1.0,0.17167127617542474,0.2382114012518406
1.0,0.17163736914872604,0.2381388895482676
1.0,0.1716034755134281,0.2380057913936081
1.0,0.1715695952615992,0.2379052341991628
1.0,0.17153572838531386,0.2377826434208267
1.0,0.17150187487665286,0.2374291556228808
1.0,0.17146803472770322,0.2374277318168616
1.0,0.1714342079305583,0.2373978305058498
1.0,0.17140039447731756,0.2373763254769129
1.0,0.17136659436008678,0.2373399606984876
1.0,0.1713328075709779,0.2373219895791676
1.0,0.1712990341021092,0.2371992821890749
1.0,0.17126527394560503,0.2371073529339063
1.0,0.17123152709359607,0.2370636880837939
1.0,0.17119779353821907,0.2369790194307233
1.0,0.1711640732716171,0.2367908019444147
1.0,0.17113036628593933,0.2367714270506214
1.0,0.1710966725733412,0.2363178256541919
1.0,0.17106299212598425,0.2362895718731158
1.0,0.1710293249360362,0.2362357568013732
1.0,0.170995670995671,0.2361783300361218
1.0,0.17096203029706866,0.2361310956565372
1.0,0.17092840283241542,0.2361238776257398
1.0,0.17089478859390364,0.2360639860689175
1.0,0.1708611875737318,0.2358951054271303
1.0,0.17082759976410458,0.2357786725563891
1.0,0.17079402515723272,0.2357129507424297
1.0,0.17076046374533307,0.2356623858493913
1.0,0.17072691552062869,0.2355995951084432
1.0,0.17069338047534865,0.2355649546992954
1.0,0.1706598586017282,0.2354479398159746
1.0,0.17062634989200864,0.2354281013085049
1.0,0.17059285433843738,0.2353628603088903
1.0,0.17055937193326792,0.2353271402461209
1.0,0.1705259026687598,0.2350530387228143
1.0,0.17049244653717874,0.2349883726246048
1.0,0.17045900353079638,0.2349263196756897
1.0,0.17042557364189057,0.2345252720832646
1.0,0.1703921568627451,0.2344955767393335
1.0,0.17035875318564989,0.2344485177021856
1.0,0.17032536260290082,0.2343399489884079
1.0,0.1702919851067999,0.2342343277435886
1.0,0.17025862068965517,0.2341782925921003
1.0,0.1702252693437806,0.2339928178785688
1.0,0.17019193106149627,0.2339465235660414
1.0,0.17015860583512826,0.2338985305366494
1.0,0.17012529365700862,0.2338336401514019
1.0,0.17009199451947543,0.2338284360997218
1.0,0.1700587084148728,0.2337992622927137
1.0,0.17002543533555078,0.233715194168374
1.0,0.16999217527386543,0.233694647473465
1.0,0.16995892822217876,0.2336867596508859
1.0,0.16992569417285883,0.2336030132654305
1.0,0.16989247311827957,0.2334993426013348
1.0,0.16985926505082094,0.2334300509411579
1.0,0.16982606996286886,0.2334017467490247
1.0,0.16979288784681515,0.2332427270257562
1.0,0.16975971869505763,0.2331851934658456
1.0,0.1697265625,0.2331454149908186
1.0,0.16969341925405193,0.2331369012095176
1.0,0.16966028894962906,0.233127009230531
1.0,0.16962717157915283,0.2327202279279347
1.0,0.16959406713505074,0.2324453781622038
1.0,0.1695609756097561,0.2322866351102
1.0,0.16952789699570817,0.2322339019110905
1.0,0.16949483128535206,0.2322224352475486
1.0,0.16946177847113886,0.2321523656446548
1.0,0.16942873854552545,0.2320769791228916
1.0,0.16939571150097466,0.2320584798491208
1.0,0.16936269732995518,0.2320341707464042
1.0,0.16932969602494155,0.2319797081154153
1.0,0.1692967075784142,0.2319650187789489
1.0,0.16926373198285938,0.2319221600495925
1.0,0.16923076923076924,0.2317972152502697
1.0,0.16919781931464176,0.2317434740495299
1.0,0.16916488222698073,0.2314738905580409
1.0,0.16913195796029584,0.2314212895332635
1.0,0.16909904650710256,0.2312609246477706
1.0,0.1690661478599222,0.2311400842849129
1.0,0.16903326201128185,0.2310555803992689
1.0,0.1690003889537145,0.2310158548636416
1.0,0.1689675286797589,0.2308672124657567
1.0,0.16893468118195956,0.2308063552849775
1.0,0.16890184645286685,0.2307788597385651
1.0,0.16886902448503693,0.2306847186356802
1.0,0.16883621527103168,0.2306728912971495
1.0,0.16880341880341881,0.230608073340133
1.0,0.1687706350747718,0.2305406345159345
1.0,0.1687378640776699,0.2304175558900152
1.0,0.1687051058046981,0.2303343588049275
1.0,0.1686723602484472,0.2301939507822103
1.0,0.16863962740151367,0.2301854441110417
1.0,0.1686069072564998,0.2299042718487257
1.0,0.16857419980601357,0.2297728800078182
1.0,0.16854150504266874,0.2296834452894431
1.0,0.16850882295908473,0.2296274956844916
1.0,0.16847615354788678,0.2294460554941567
1.0,0.16844349680170576,0.2292873259383379
1.0,0.1684108527131783,0.2292278217432374
1.0,0.16837822127494673,0.2292039852474894
1.0,0.16834560247965905,0.2291116237353599
1.0,0.16831299631996902,0.2290643455990871
1.0,0.168280402788536,0.2289529731285015
1.0,0.16824782187802517,0.2289253540525515
1.0,0.16821525358110723,0.2289069460414204
1.0,0.16818269789045867,0.2289030383729903
1.0,0.1681501547987616,0.2286637546882007
1.0,0.1681176242987038,0.2286373056479548
1.0,0.16808510638297872,0.2285778589657388
1.0,0.16805260104428543,0.2285735209536479
1.0,0.1680201082753287,0.2285638486356077
1.0,0.16798762806881887,0.2284535753014456
1.0,0.16795516041747197,0.2283958469569736
1.0,0.16792270531400966,0.2283465322517616
1.0,0.1678902627511592,0.2283139121982875
1.0,0.16785783272165347,0.2282380603466697
1.0,0.16782541521823097,0.2281447522644356
1.0,0.16779301023363583,0.2280930223870136
1.0,0.16776061776061776,0.2280553586117655
1.0,0.16772823779193205,0.2280412173851042
1.0,0.16769587032033964,0.2280207046770059
1.0,0.167663515338607,0.2279598038513861
1.0,0.16763117283950618,0.2279504312134128
1.0,0.16759884281581486,0.2279063699107247
1.0,0.16756652526031623,0.2277808254067768
1.0,0.1675342201657991,0.2277389897409526
1.0,0.16750192752505783,0.227636693216832
1.0,0.16746964733089229,0.2276026773528415
1.0,0.1674373795761079,0.2275680856273615
1.0,0.1674051242535157,0.2275585131906484
1.0,0.1673728813559322,0.2275163199964462
1.0,0.16734065087617947,0.22749664487076
1.0,0.1673084328070851,0.2272470067453313
1.0,0.1672762271414822,0.2270592336304339
1.0,0.1672440338722094,0.2270582064199102
1.0,0.16721185299211083,0.2269902333177275
1.0,0.16717968449403617,0.2269857221745445
1.0,0.16714752837084054,0.2269558178133754
1.0,0.1671153846153846,0.2266813279495597
1.0,0.16708325322053452,0.226667116792373
1.0,0.16705113417916187,0.2265497093530373
1.0,0.16701902748414377,0.2265462612662395
1.0,0.1669869331283628,0.2264042860469635
1.0,0.166954851104707,0.2263115795869449
1.0,0.16692278140606992,0.2262489840763372
1.0,0.1668907240253505,0.226230391885306
1.0,0.16685867895545314,0.2261731504109344
1.0,0.16682664618928778,0.2261195481968305
1.0,0.16679462571976966,0.2260716049454333
1.0,0.1667626175398196,0.2258120817187816
1.0,0.16673062164236377,0.2256811707749874
1.0,0.16669863802033377,0.2256183150259626
1.0,0.16666666666666666,0.225474340049988
1.0,0.1666347075743049,0.2254408442708942
1.0,0.16660276073619631,0.2253711219748188
1.0,0.16657082614529423,0.2253148256351329
1.0,0.1665389037945573,0.2252799840511018
1.0,0.1665069936769496,0.2252619625199588
1.0,0.16647509578544062,0.2251872493261163
1.0,0.16644321011300517,0.225180200546234
1.0,0.1664113366526235,0.2245465317604092
1.0,0.16637947539728126,0.2244906275105888
1.0,0.16634762633996938,0.2240822841306956
1.0,0.16631578947368422,0.2239947332455571
1.0,0.16628396479142749,0.2239909663417781
1.0,0.16625215228620624,0.2239530346913053
1.0,0.1662203519510329,0.2239404995974118
1.0,0.1661885637789252,0.2239204096323415
1.0,0.16615678776290632,0.2238523737621911
1.0,0.1661250238960046,0.2236659491000482
1.0,0.16609327217125383,0.223641210138431
1.0,0.1660615325816931,0.2235682595152239
1.0,0.16602980512036683,0.2235665366663424
1.0,0.16599808978032474,0.2234035403204649
1.0,0.16596638655462184,0.2233722996645374
1.0,0.1659346954363185,0.2232021020376616
1.0,0.16590301641848035,0.2230648062530096
1.0,0.16587134949417828,0.2230312656717247
1.0,0.16583969465648854,0.2230168142575687
1.0,0.16580805189849265,0.2230030705127325
1.0,0.16577642121327738,0.2228985494429423
1.0,0.16574480259393476,0.2227865406786164
1.0,0.16571319603356216,0.2227179958437133
1.0,0.16568160152526215,0.2226631983401324
1.0,0.16565001906214258,0.2226326420296613
1.0,0.16561844863731656,0.2224067268915236
1.0,0.16558689024390244,0.2223658363367993
1.0,0.16555534387502382,0.2223224606972351
1.0,0.16552380952380952,0.2222968823020207
1.0,0.16549228718339365,0.2222056869196325
1.0,0.16546077684691546,0.2220655968829276
1.0,0.1654292785075195,0.2216126108038595
1.0,0.16539779215835554,0.2216046494063604
1.0,0.1653663177925785,0.2215819864307089
1.0,0.16533485540334855,0.2215527499784285
1.0,0.1653034049838311,0.2214566509513961
1.0,0.16527196652719664,0.2214420269303909
1.0,0.16524054002662103,0.2213014107994524
1.0,0.16520912547528518,0.2210993259086049
1.0,0.16517772286637522,0.221099229416672
1.0,0.16514633219308247,0.2210936093218391
1.0,0.16511495344860347,0.2210076156118252
1.0,0.1650835866261398,0.2209854819916411
1.0,0.16505223171889838,0.2209011497358308
1.0,0.16502088872009116,0.2208619642654961
1.0,0.16498955762293527,0.2208484362588
1.0,0.164958238420653,0.2207792794908324
1.0,0.1649269311064718,0.220604114173627
1.0,0.16489563567362428,0.2203867755344444
1.0,0.16486435211534814,0.2202816651490125
1.0,0.1648330804248862,0.2201653210079804
1.0,0.16480182059548645,0.2200560032570906
1.0,0.16477057262040198,0.2200481111618253
1.0,0.164739336492891,0.2200340629551242
1.0,0.16470811220621684,0.2199768742137355
1.0,0.1646768997536479,0.2199337811157738
1.0,0.16464569912845775,0.2198440283077675
1.0,0.164614510323925,0.2197981037468337
1.0,0.16458333333333333,0.2197808568382235
1.0,0.1645521681499716,0.2197739676882432
1.0,0.16452101476713366,0.2194303897405622
1.0,0.1644898731781185,0.219405509913958
1.0,0.16445874337623012,0.2193176247219958
1.0,0.16442762535477767,0.2190543848412041
1.0,0.16439651910707528,0.2190437683305698
1.0,0.1643654246264422,0.2189646612508015
1.0,0.16433434190620272,0.218828161582425
1.0,0.16430327093968614,0.2187543235544724
1.0,0.16427221172022685,0.2187260898951436
1.0,0.16424116424116425,0.2186755690484365
1.0,0.1642101284958428,0.2182008362498211
1.0,0.16417910447761194,0.2180488618580608
1.0,0.1641480921798262,0.2179399884494964
1.0,0.16411709159584514,0.2177535920451787
1.0,0.16408610271903323,0.2177523128258021
1.0,0.16405512554276006,0.2175870175444499
1.0,0.16402416006040016,0.2175477499246692
1.0,0.1639932062653331,0.2175205373735155
1.0,0.1639622641509434,0.2174751098168656
1.0,0.16393133371062063,0.2174623864400913
1.0,0.16390041493775934,0.2174233889223966
1.0,0.16386950782575901,0.217350957184652
1.0,0.16383861236802413,0.2173278338025796
1.0,0.1638077285579642,0.2172502551617371
1.0,0.16377685638899359,0.2172438769124536
1.0,0.16374599585453176,0.2166663904671251
1.0,0.16371514694800302,0.216332840682862
1.0,0.1636843096628367,0.2162558661072344
1.0,0.16365348399246704,0.2162414668919645
1.0,0.16362266993033328,0.2162383634371677
1.0,0.16359186746987953,0.216220921418762
1.0,0.16356107660455488,0.2162067151836059
1.0,0.16353029732781332,0.2161868201527506
1.0,0.16349952963311382,0.2160766073791264
1.0,0.16346877351392025,0.2160010226599317
1.0,0.16343802896370133,0.2159581916992916
1.0,0.1634072959759308,0.2158798277360112
1.0,0.16337657454408724,0.2157436846225416
1.0,0.16334586466165413,0.2157431806511791
1.0,0.1633151663221199,0.2157357520905176
1.0,0.16328447951897782,0.2156756211688154
1.0,0.16325380424572608,0.2154320326141058
1.0,0.16322314049586778,0.2153775965234786
1.0,0.1631924882629108,0.215330142169568
1.0,0.163161847540368,0.2153075964772857
1.0,0.1631312183217571,0.2152631311225245
1.0,0.1631006006006006,0.2152106373983401
1.0,0.16306999437042596,0.2151790458919862
1.0,0.1630393996247655,0.2151607960662113
1.0,0.16300881635715625,0.2150624885226574
1.0,0.1629782445611403,0.2147729043191603
1.0,0.1629476842302644,0.214667735312372
1.0,0.16291713535808025,0.2146042148794675
1.0,0.16288659793814433,0.2146006368537796
1.0,0.162856071964018,0.2145905056527697
1.0,0.16282555742926738,0.214570142825955
1.0,0.16279505432746347,0.2145538063431589
1.0,0.16276456265218206,0.2145080876080162
1.0,0.16273408239700374,0.2144946239451035
1.0,0.16270361355551394,0.2144932103400609
1.0,0.16267315612130287,0.2143434095507979
1.0,0.16264271008796558,0.214342523775758
1.0,0.16261227544910178,0.2142180795286409
1.0,0.1625818521983162,0.2142114586759664
1.0,0.16255144032921812,0.2141702545847391
1.0,0.16252103983542174,0.2140511811409952
1.0,0.162490650710546,0.2140475938870213
1.0,0.1624602729482146,0.2138879819138997
1.0,0.16242990654205608,0.2138641368359482
1.0,0.16239955148570362,0.2138593007459497
1.0,0.1623692077727952,0.2136842109751794
1.0,0.16233887539697367,0.2136301253876308
1.0,0.16230855435188643,0.2136154915548194
1.0,0.16227824463118581,0.2135715199171373
1.0,0.16224794622852876,0.2135577439920802
1.0,0.162217659137577,0.2134555134239557
1.0,0.162187383351997,0.2134522582524092
1.0,0.16215711886545997,0.213437821684206
1.0,0.16212686567164178,0.2133684258452364
1.0,0.1620966237642231,0.2133376697272834
1.0,0.16206639313688923,0.2131532272084766
1.0,0.1620361737833302,0.2131254991125815
1.0,0.16200596569724088,0.2129262200589931
1.0,0.1619757688723206,0.2128867253491456
1.0,0.16194558330227357,0.2128800091711626
1.0,0.16191540898080864,0.2128576196761641
1.0,0.16188524590163936,0.2128483572531952
1.0,0.1618550940584839,0.2127656318388175
1.0,0.16182495344506517,0.2127461958719009
1.0,0.16179482405511078,0.2123798298607727
1.0,0.16176470588235295,0.2122622099175014
1.0,0.16173459892052858,0.211993332976348
1.0,0.16170450316337923,0.2119081237476917
1.0,0.16167441860465118,0.2118983026705145
1.0,0.16164434523809523,0.2117267475403652
1.0,0.161614283057467,0.2115641923743026
1.0,0.16158423205652658,0.2115135457862172
1.0,0.16155419222903886,0.2114010525904489
1.0,0.16152416356877322,0.2113137280026328
1.0,0.1614941460695038,0.2112477487119832
1.0,0.16146413972500928,0.2108700425652664
1.0,0.161434144529073,0.210853329474348
1.0,0.16140416047548292,0.2106735195640116
1.0,0.16137418755803157,0.2106721868680851
1.0,0.16134422577051616,0.210570616096016
1.0,0.16131427510673843,0.2104929032711413
1.0,0.16128433556050484,0.2104426536708945
1.0,0.16125440712562628,0.2103689544124093
1.0,0.16122448979591836,0.2102577518226021
1.0,0.16119458356520125,0.2101100484727128
1.0,0.1611646884272997,0.2099668171596968
1.0,0.16113480437604302,0.2099549654008509
1.0,0.1611049314052651,0.2099531487868398
1.0,0.16107506950880446,0.2099061195578203
1.0,0.1610452186805041,0.2098459196615232
1.0,0.1610153789142116,0.2096090446180274
1.0,0.16098555020377917,0.2094956578850368
1.0,0.16095573254306353,0.2094230463549427
1.0,0.16092592592592592,0.2094210177029115
1.0,0.16089613034623218,0.2092921526027117
1.0,0.16086634579785264,0.209131948659778
1.0,0.16083657227466222,0.2089729313862171
1.0,0.16080680977054035,0.208970234210237
1.0,0.16077705827937094,0.2089343458895834
1.0,0.16074731779504253,0.2088913913590383
1.0,0.1607175883114481,0.2088276292028235
1.0,0.1606878698224852,0.2087505730204766
1.0,0.16065816232205582,0.2085551384224173
1.0,0.16062846580406653,0.2085048946113296
1.0,0.16059878026242838,0.2083989964474163
1.0,0.16056910569105692,0.2083793898848725
1.0,0.16053944208387216,0.2083717880194219
1.0,0.16050978943479868,0.2081645529635598
1.0,0.16048014773776548,0.2080961739381752
1.0,0.16045051698670607,0.2078854499413186
1.0,0.16042089717555844,0.2078355014304896
1.0,0.16039128829826504,0.2076762410785254
1.0,0.16036169034877285,0.2075571385595082
1.0,0.1603321033210332,0.2075032046131389
1.0,0.16030252720900204,0.2073924795189508
1.0,0.16027296200663962,0.20734805340375
1.0,0.16024340770791076,0.2071327018871058
1.0,0.16021386430678466,0.2071226123211555
1.0,0.160184331797235,0.2069261743035339
1.0,0.16015481017323996,0.2068777176565696
1.0,0.160125299428782,0.2068527503931331
1.0,0.1600957995578482,0.2068345112106815
1.0,0.1600663105544299,0.2066656233977926
1.0,0.16003683241252303,0.2066421126343354
1.0,0.1600073651261278,0.2065543232113256
1.0,0.15997790868924888,0.2064079895952469
1.0,0.15994846309589544,0.2063146292950086
1.0,0.15991902834008098,0.2063113287248525
1.0,0.15988960441582337,0.2061822945206313
1.0,0.15986019131714496,0.2061444166351871
1.0,0.15983078903807246,0.2060085493976829
1.0,0.159801397572637,0.205959984044625
1.0,0.15977201691487405,0.2059482736702365
1.0,0.15974264705882352,0.2057447957430054
1.0,0.15971328799852968,0.2056328651436493
1.0,0.15968393972804115,0.2055553278546025
1.0,0.15965460224141098,0.2055312765541964
1.0,0.15962527553269654,0.2055123485663234
1.0,0.1595959595959596,0.2054433318425592
1.0,0.15956665442526624,0.2053369178353698
1.0,0.159537360014687,0.2052230274248106
1.0,0.1595080763582966,0.2050970992082617
1.0,0.15947880345017434,0.2050804869330759
1.0,0.15944954128440367,0.2050520180771498
1.0,0.15942028985507245,0.2050416336499512
1.0,0.15939104915627292,0.2049472529271077
1.0,0.1593618191821016,0.2049362799430216
1.0,0.15933259992665932,0.2048418031910661
1.0,0.15930339138405133,0.2046851610716293
1.0,0.1592741935483871,0.2045357544309505
1.0,0.15924500641378048,0.2044819071355577
1.0,0.15921582997434958,0.2044242394784866
1.0,0.1591866642242169,0.2043473681200233
1.0,0.15915750915750915,0.2042916820190465
1.0,0.15912836476835746,0.204278904138402
1.0,0.1590992310508971,0.2042034833325677
1.0,0.1590701079992678,0.204192144388322
1.0,0.15904099560761348,0.20410813600854
1.0,0.15901189387008235,0.2040191968783844
1.0,0.15898280278082694,0.2040127575777851
1.0,0.158953722334004,0.2039504839949062
1.0,0.1589246525237747,0.2039435413167531
1.0,0.15889559334430425,0.2038694132057152
1.0,0.15886654478976234,0.2038671450956526
1.0,0.1588375068543228,0.2037928299798509
1.0,0.15880847953216373,0.2036770777036985
1.0,0.15877946281746758,0.203624167505693
1.0,0.1587504567044209,0.2035815062171221
1.0,0.1587214611872146,0.2034423758540682
1.0,0.15869247626004382,0.2033370883145264
1.0,0.1586635019171079,0.2032067824733948
1.0,0.15863453815261044,0.2030091045157382
1.0,0.15860558496075927,0.2027180387163112
1.0,0.15857664233576643,0.2027071050536257
1.0,0.1585477102718482,0.2026816744421117
1.0,0.1585187887632251,0.2025339618282436
1.0,0.15848987780412183,0.2025264846713893
1.0,0.15846097738876733,0.2024032851315957
1.0,0.1584320875113947,0.20238228300642
1.0,0.15840320816624134,0.2023802990194524
1.0,0.15837433934754874,0.2023132143292981
1.0,0.15834548104956267,0.2023105281874253
1.0,0.15831663326653306,0.2022940456166706
1.0,0.15828779599271403,0.2020880312861607
1.0,0.15825896922236388,0.2020293688183333
1.0,0.15823015294974507,0.2019667363276304
1.0,0.15820134716912435,0.2018823980251586
1.0,0.15817255187477247,0.2016835192125032
1.0,0.1581437670609645,0.2016304289072335
1.0,0.15811499272197962,0.2015816302105863
1.0,0.15808622885210113,0.2014560570096279
1.0,0.15805747544561657,0.2012359822446875
1.0,0.1580287324968176,0.2011121135700279
1.0,0.158,0.2010782968051004
1.0,0.15797127794946372,0.2009627379166482
1.0,0.1579425663395129,0.2009235954695113
1.0,0.15791386516445574,0.2009229704496453
1.0,0.15788517441860464,0.2008971194046838
1.0,0.1578564940962761,0.2008333396372568
1.0,0.15782782419179078,0.2007714021349989
1.0,0.1577991646994734,0.2007573783770626
1.0,0.15777051561365288,0.2004649329032331
1.0,0.15774187692866218,0.2003002363133356
1.0,0.15771324863883848,0.2002791915223424
1.0,0.15768463073852296,0.20025561263348
1.0,0.15765602322206096,0.2001588899196192
1.0,0.15762742608380192,0.2000469357328947
1.0,0.15759883931809937,0.2000322092540474
1.0,0.15757026291931098,0.2000163928803924
1.0,0.1575416968817984,0.1999590031441513
1.0,0.1575131411999275,0.1999570643763898
1.0,0.15748459586806815,0.1999361573533753
1.0,0.1574560608805943,0.1998642471119769
1.0,0.15742753623188405,0.1998008080330328
1.0,0.15739902191631952,0.1995822169415022
1.0,0.15737051792828685,0.1993244804966046
1.0,0.15734202426217636,0.1993069750901816
1.0,0.15731354091238234,0.1992733608427098
1.0,0.15728506787330318,0.1991870236476035
1.0,0.15725660513934128,0.1991307991288161
1.0,0.1572281527049032,0.1988359085148639
1.0,0.1571997105643994,0.1987745446672794
1.0,0.15717127871224454,0.1987448850784849
1.0,0.15714285714285714,0.1986542545544976
1.0,0.15711444585065992,0.1986278220675186
1.0,0.15708604483007954,0.1985942536709382
1.0,0.15705765407554673,0.1985490541491106
1.0,0.1570292735814962,0.198541967227144
1.0,0.15700090334236674,0.1985034078002145
1.0,0.15697254335260116,0.1983712365193227
1.0,0.1569441936066462,0.1982223002882621
1.0,0.1569158540989527,0.1981808494020194
1.0,0.15688752482397544,0.198149311810082
1.0,0.1568592057761733,0.1981330976037881
1.0,0.156830896950009,0.1979996428810562
1.0,0.15680259833994947,0.1978934990198269
1.0,0.15677430994046546,0.1978201234651312
1.0,0.15674603174603174,0.1977179953639224
1.0,0.15671776375112714,0.1976664823624102
1.0,0.1566895059502344,0.1975979356186321
1.0,0.15666125833784028,0.1975967039590324
1.0,0.15663302090843548,0.1974200840891517
1.0,0.1566047936565147,0.1973778385673373
1.0,0.1565765765765766,0.1972859619240167
1.0,0.15654836966312377,0.1971940577779882
1.0,0.15652017291066284,0.1971110816901893
1.0,0.1564919863137043,0.1970483803725182
1.0,0.1564638098667627,0.1970190866452342
1.0,0.15643564356435644,0.1969759054651353
1.0,0.15640748740100793,0.1969549988115673
1.0,0.15637934137124349,0.196954568145292
1.0,0.15635120546959339,0.1968890418557511
1.0,0.15632307969059184,0.1968146256802052
1.0,0.156294964028777,0.1968081390849972
1.0,0.15626685847869087,0.1967873835741824
1.0,0.15623876303487955,0.1967267723768924
1.0,0.15621067769189287,0.1966948449553718
1.0,0.1561826024442847,0.1966748717590149
1.0,0.15615453728661277,0.1966482456668725
1.0,0.15612648221343872,0.1963368576595313
1.0,0.15609843721932817,0.1959514856198836
1.0,0.15607040229885058,0.1958622314841266
1.0,0.15604237744657928,0.1956943880951937
1.0,0.15601436265709157,0.195682750801274
1.0,0.1559863579249686,0.1956623128484206
1.0,0.1559583632447954,0.195527880639724
1.0,0.15593037861116096,0.1952882187195009
1.0,0.15590240401865804,0.195208788845356
1.0,0.1558744394618834,0.1951778082865274
1.0,0.1558464849354376,0.1950876989093024
1.0,0.15581854043392504,0.1950512472388142
1.0,0.1557906059519541,0.1950104230352145
1.0,0.15576268148413694,0.1950019790673782
1.0,0.1557347670250896,0.1949743848352482
1.0,0.155706862569432,0.1947869165474006
1.0,0.15567896811178789,0.1946948004864839
1.0,0.15565108364678487,0.1945639351862716
1.0,0.15562320916905445,0.1944525085416834
1.0,0.15559534467323188,0.1943387419880865
1.0,0.15556749015395632,0.1942474967497079
1.0,0.15553964560587077,0.194067817708804
1.0,0.15551181102362205,0.1940394445753804
1.0,0.15548398640186079,0.1940186657032579
1.0,0.1554561717352415,0.1940140869417676
1.0,0.15542836701842247,0.1939539960748775
1.0,0.15540057224606582,0.1938426703390075
1.0,0.15537278741283747,0.1938176188474277
1.0,0.1553450125134072,0.1937906053490185
1.0,0.1553172475424486,0.1937780553347535
1.0,0.15528949249463903,0.1937075357669322
1.0,0.15526174736465964,0.1935351255897552
1.0,0.15523401214719543,0.1934916911175261
1.0,0.15520628683693516,0.1929804972333416
1.0,0.15517857142857142,0.1928898316164574
1.0,0.15515086591680058,0.1928780825021774
1.0,0.15512317029632275,0.1928395644184071
1.0,0.15509548456184188,0.1928252610631899
1.0,0.15506780870806566,0.1928126519901171
1.0,0.15504014272970562,0.1927007206144717
1.0,0.15501248662147699,0.1926898710909483
1.0,0.15498484037809881,0.1925362270863105
1.0,0.15495720399429386,0.1925150202266841
1.0,0.15492957746478872,0.1924713139375425
1.0,0.15490196078431373,0.1923490488951086
1.0,0.15487435394760293,0.1920180519121527
1.0,0.15484675694939415,0.1920145546323686
1.0,0.154819169784429,0.1919961341184442
1.0,0.1547915924474528,0.1919183115623013
1.0,0.15476402493321462,0.1919129619673859
1.0,0.15473646723646722,0.1918895801066152
1.0,0.15470891935196723,0.1918605435299317
1.0,0.1546813812744749,0.1918006367498893
1.0,0.15465385299875423,0.1917813997703384
1.0,0.15462633451957294,0.191681543614286
1.0,0.15459882583170254,0.1916537337841598
1.0,0.15457132692991818,0.1916268706508795
1.0,0.15454383780899875,0.1916215389619517
1.0,0.15451635846372688,0.1915402127610283
1.0,0.1544888888888889,0.191539978559904
1.0,0.1544614290792748,0.1914198060359884
1.0,0.15443397902967834,0.191257529634744
1.0,0.15440653873489693,0.1912405246934037
1.0,0.15437910818973175,0.1912357474574591
1.0,0.15435168738898758,0.1911783669184921
1.0,0.15432427632747292,0.1911304432712789
1.0,0.154296875,0.1909011443899601
1.0,0.1542694834013847,0.1909003097536076
1.0,0.15424210152644657,0.1908696701781842
1.0,0.15421472937000888,0.1907840495340712
1.0,0.15418736692689852,0.1906946348468293
1.0,0.15416001419194608,0.1906785945550939
1.0,0.1541326711599858,0.1906053112573177
1.0,0.15410533782585564,0.1906043478593717
1.0,0.15407801418439715,0.1906025149872962
1.0,0.15405070023045558,0.1905850481345755
1.0,0.15402339595887982,0.190512804344002
1.0,0.1539961013645224,0.1904464729767157
1.0,0.15396881644223956,0.1903278762399047
1.0,0.15394154118689105,0.1902285066015761
1.0,0.15391427559334042,0.189881893733608
1.0,0.15388701965645477,0.1898108348557478
1.0,0.15385977337110482,0.1897450212024312
1.0,0.153832536732165,0.1896498918345846
1.0,0.15380530973451328,0.1895241693907499
1.0,0.15377809237303133,0.1895012010254928
1.0,0.1537508846426044,0.1894082410990321
1.0,0.15372368653812135,0.1892671193784919
1.0,0.15369649805447472,0.1891259637632925
1.0,0.15366931918656057,0.1890744362056915
1.0,0.15364214992927863,0.1889143276068558
1.0,0.15361499027753225,0.1888163084158748
1.0,0.15358784022622834,0.1888030965116505
1.0,0.15356069977027745,0.1887801262456733
1.0,0.15353356890459363,0.1887530281354872
1.0,0.15350644762409468,0.1887320709267369
1.0,0.15347933592370186,0.1885551625230042
1.0,0.1534522337983401,0.1884954815745348
1.0,0.15342514124293785,0.1884944914112705
1.0,0.1533980582524272,0.1880300775116755
1.0,0.15337098482174374,0.1879976128304706
1.0,0.15334392094582672,0.1879619937655113
1.0,0.1533168666196189,0.1878072046727133
1.0,0.1532898218380667,0.1878023969468605
1.0,0.15326278659611994,0.1876871000870771
1.0,0.15323576088873214,0.187612942275811
1.0,0.15320874471086038,0.1875366398535942
1.0,0.15318173805746518,0.187440988314753
1.0,0.15315474092351075,0.187191429634851
1.0,0.15312775330396475,0.1871874525204873
1.0,0.15310077519379844,0.1871360609270365
1.0,0.1530738065879866,0.187063617410473
1.0,0.15304684748150757,0.1870634036097247
1.0,0.1530198978693432,0.1870585493049379
1.0,0.15299295774647886,0.1870550560240386
1.0,0.15296602710790355,0.1866990412533309
1.0,0.15293910594860965,0.1866525515825735
1.0,0.15291219426359318,0.1866062460471174
1.0,0.15288529204785362,0.1865388823579242
1.0,0.15285839929639403,0.1865107276327329
1.0,0.1528315160042209,0.1864000816046871
1.0,0.1528046421663443,0.1863757096267164
1.0,0.1527777777777778,0.1862014056956119
1.0,0.15275092283353842,0.1861243515258023
1.0,0.15272407732864676,0.1860958893047891
1.0,0.15269724125812686,0.1858780087727881
1.0,0.1526704146170063,0.1858509506311884
1.0,0.1526435974003162,0.185842533685707
1.0,0.15261678960309097,0.1858277621265997
1.0,0.15258999122036873,0.1855819855107568
1.0,0.152563202247191,0.1855812493910385
1.0,0.15253642267860276,0.1855357446734191
1.0,0.1525096525096525,0.1854935429870959
1.0,0.15248289173539217,0.1853532858143924
1.0,0.1524561403508772,0.185147143278218
1.0,0.15242939835116645,0.1850526267073858
1.0,0.15240266573132236,0.1850432707318605
1.0,0.15237594248641065,0.1850136408889367
1.0,0.15234922861150071,0.1848555924083894
1.0,0.15232252410166522,0.1847828975449981
1.0,0.15229582895198038,0.184775628311692
1.0,0.15226914315752585,0.1847582725146928
1.0,0.15224246671338473,0.1845739588875422
1.0,0.15221579961464354,0.1845343956176532
1.0,0.1521891418563923,0.1843914419081154
1.0,0.1521624934337244,0.1841631066603622
1.0,0.15213585434173668,0.184087889797994
1.0,0.1521092245755295,0.1840313948406012
1.0,0.15208260413020652,0.1839488159412693
1.0,0.15205599300087488,0.1839076526732638
1.0,0.15202939118264522,0.1838096369756935
1.0,0.15200279867063146,0.1836962291979591
1.0,0.15197621545995102,0.1835743436988456
1.0,0.15194964154572477,0.1834054990944948
1.0,0.1519230769230769,0.1833590720559977
1.0,0.15189652158713512,0.1832554370810445
1.0,0.15186997553303042,0.1832332314981863
1.0,0.15184343875589726,0.1829958520083253
1.0,0.15181691125087352,0.1828987932795588
1.0,0.15179039301310043,0.1827643300329423
1.0,0.15176388403772267,0.1827045175231009
1.0,0.15173738431988826,0.1826887841429193
1.0,0.1517108938547486,0.1826159470883996
1.0,0.15168441263745855,0.1824067048780614
1.0,0.15165794066317625,0.1823951641460504
1.0,0.15163147792706333,0.182359400720368
1.0,0.15160502442428472,0.1822753339000463
1.0,0.15157858015000872,0.1822347949338189
1.0,0.15155214509940704,0.1822286951523679
1.0,0.15152571926765476,0.1821297217920514
1.0,0.15149930264993028,0.1820015308049802
1.0,0.15147289524141538,0.1818877371618473
1.0,0.15144649703729524,0.1817756776707906
1.0,0.15142010803275832,0.1817665449324018
1.0,0.15139372822299652,0.1817412232090413
1.0,0.15136735760320502,0.1817405757373985
1.0,0.15134099616858238,0.1817302334276068
1.0,0.1513146439143305,0.1817014292511969
1.0,0.1512883008356546,0.1815804247499776
1.0,0.15126196692776328,0.1815125707701639
1.0,0.15123564218586844,0.181393501056396
1.0,0.15120932660518532,0.1813378199323771
1.0,0.1511830201809325,0.1811859256282006
1.0,0.15115672290833188,0.1811816752207623
1.0,0.1511304347826087,0.1810063085182543
1.0,0.15110415579899147,0.180996634387437
1.0,0.1510778859527121,0.1809802464506186
1.0,0.15105162523900573,0.180976211719998
1.0,0.1510253736531109,0.1809441468923627
1.0,0.15099913119026934,0.1806565808362402
1.0,0.1509728978457262,0.1804987593041423
1.0,0.15094667361472988,0.1804345456735704
1.0,0.15092045849253213,0.1802430072844698
1.0,0.15089425247438792,0.1800087296685565
1.0,0.15086805555555555,0.1799375666006653
1.0,0.15084186773129665,0.1799361837817855
1.0,0.15081568899687608,0.1798938881654762
1.0,0.15078951934756205,0.1797755326286274
1.0,0.15076335877862596,0.1796994366635894
1.0,0.1507372072853426,0.1795247335346193
1.0,0.15071106486298994,0.1795156065105299
1.0,0.1506849315068493,0.1794839445440469
1.0,0.15065880721220526,0.1794444121904815
1.0,0.15063269197434564,0.179057994890327
1.0,0.15060658578856154,0.1790148534539835
1.0,0.15058048865014728,0.1789493182756848
1.0,0.15055440055440056,0.178907952237055
1.0,0.1505283214966222,0.1788856971256072
1.0,0.15050225147211638,0.1788672461580343
1.0,0.15047619047619049,0.1788637050522402
1.0,0.15045013850415512,0.1786054413986045
1.0,0.15042409555132422,0.1785566746727534
1.0,0.1503980616130149,0.1784045644268087
1.0,0.1503720366845475,0.1783805819321809
1.0,0.15034602076124567,0.1781261065723089
1.0,0.15032001383843627,0.1781170066283616
1.0,0.15029401591144934,0.1780852497212403
1.0,0.1502680269756182,0.1779467332554231
1.0,0.15024204702627939,0.1779453526686688
1.0,0.15021607605877269,0.177823603539245
1.0,0.15019011406844107,0.1778101217670596
1.0,0.1501641610506307,0.1775384234672227
1.0,0.15013821700069108,0.1774489940617004
1.0,0.15011228191397477,0.1774063515148282
1.0,0.15008635578583765,0.1772591294773413
1.0,0.15006043861163876,0.1769746962603636
1.0,0.15003453038674033,0.1768048823111168
1.0,0.15000863110650786,0.1765807313025341
1.0,0.14998274076630996,0.1765525958531081
1.0,0.14995685936151856,0.1764873733665868
1.0,0.14993098688750864,0.176425300221453
1.0,0.14990512333965844,0.1762428843767202
1.0,0.14987926871334942,0.1761873505879528
1.0,0.1498534230039662,0.1760040512410667
1.0,0.14982758620689654,0.1759771215855294
1.0,0.14980175831753145,0.1758578614296161
1.0,0.14977593933126507,0.1758413791965043
1.0,0.14975012924349473,0.1754772970272837
1.0,0.14972432804962096,0.1753176169600349
1.0,0.14969853574504738,0.1752264368335729
1.0,0.14967275232518085,0.1752233169538797
1.0,0.14964697778543137,0.1751084206255129
1.0,0.14962121212121213,0.1750938607830717
1.0,0.14959545532793941,0.1750491042400335
1.0,0.1495697074010327,0.1749743721721106
1.0,0.14954396833591466,0.1749392426634347
1.0,0.14951823812801102,0.1749031880499159
1.0,0.14949251677275074,0.17478723426945
1.0,0.14946680426556588,0.1747230012331394
1.0,0.14944110060189167,0.1747008134978691
1.0,0.14941540577716644,0.1746045073529803
1.0,0.1493897197868317,0.1744949604081346
1.0,0.14936404262633207,0.1744849379026522
1.0,0.14933837429111532,0.1744576741187315
1.0,0.1493127147766323,0.1744004932908803
1.0,0.14928706407833706,0.1743553967035636
1.0,0.1492614221916867,0.1742990062250035
1.0,0.1492357891121415,0.1742920895070004
1.0,0.14921016483516483,0.1741101861228537
1.0,0.1491845493562232,0.1740573314702582
1.0,0.14915894267078614,0.1739825711866466
1.0,0.1491333447743264,0.1737762062016664
1.0,0.14910775566231985,0.1736246398521704
1.0,0.14908217533024531,0.1736125300201043
1.0,0.1490566037735849,0.1735875140678903
1.0,0.1490310409878237,0.1735730660500201
1.0,0.14900548696844992,0.1734433534685486
1.0,0.1489799417109549,0.1732945565482478
1.0,0.14895440521083306,0.1732885688435974
1.0,0.14892887746358183,0.1732782674965615
1.0,0.14890335846470185,0.173134335298711
1.0,0.14887784820969677,0.1730629699618938
1.0,0.14885234669407332,0.1730573984938354
1.0,0.14882685391334133,0.1727474046653509
1.0,0.1488013698630137,0.1725667912712566
1.0,0.1487758945386064,0.1725163893059747
1.0,0.14875042793563847,0.1724688517264045
1.0,0.14872497004963203,0.1724412427115902
1.0,0.14869952087611224,0.1724343174942643
1.0,0.14867408041060737,0.1724079667423732
1.0,0.14864864864864866,0.1723627041988375
1.0,0.14862322558577049,0.1723146464319604
1.0,0.14859781121751026,0.172295697984557
1.0,0.14857240553940845,0.1722827368774528
1.0,0.14854700854700856,0.1722649423786851
1.0,0.1485216202358571,0.17220475889371
1.0,0.14849624060150377,0.1722014436606628
1.0,0.14847086963950112,0.1721630050500345
1.0,0.14844550734540485,0.1721391093210933
1.0,0.1484201537147737,0.172124612084255
1.0,0.1483948087431694,0.1720059851525153
1.0,0.14836947242615672,0.1719322177873602
1.0,0.14834414475930352,0.1718819808122363
1.0,0.1483188257381806,0.171776774903505
1.0,0.14829351535836177,0.1717272773148754
1.0,0.148268213615424,0.1715973122528329
1.0,0.1482429205049471,0.1713731672611954
1.0,0.14821763602251406,0.1710655769379251
1.0,0.1481923601637108,0.1710204282477574
1.0,0.14816709292412616,0.1707998417773738
1.0,0.1481418342993522,0.1707640189892157
1.0,0.1481165842849838,0.1706168429135167
1.0,0.14809134287661896,0.1705069939829469
1.0,0.1480661100698586,0.1704584772137414
1.0,0.14804088586030664,0.1704317673476566
1.0,0.1480156702435701,0.1703102879538808
1.0,0.14799046321525886,0.170250722303036
1.0,0.14796526477098587,0.1702372557556085
1.0,0.14794007490636704,0.17003607101491
1.0,0.1479148936170213,0.1699890016015545
1.0,0.14788972089857044,0.1699749096197851
1.0,0.14786455674663945,0.1699053179534903
1.0,0.14783940115685607,0.1698891555990786
1.0,0.14781425412485116,0.1698245079362197
1.0,0.1477891156462585,0.169760659544569
1.0,0.14776398571671484,0.1695989332171468
1.0,0.1477388643318599,0.1695884896703073
1.0,0.1477137514873364,0.1695164883723006
1.0,0.14768864717878993,0.169277310256291
1.0,0.14766355140186915,0.1692761598933893
1.0,0.14763846415222562,0.1692124673027305
1.0,0.14761338542551383,0.1691708271549094
1.0,0.1475883152173913,0.1691573139873581
1.0,0.14756325352351843,0.1691228591196796
1.0,0.14753820033955858,0.169086726728035
1.0,0.14751315566117806,0.1689308032858338
1.0,0.14748811948404617,0.1689094931738671
1.0,0.14746309180383504,0.1687978601040766
1.0,0.14743807261621988,0.1687889914610741
1.0,0.14741306191687872,0.168680874421186
1.0,0.14738805970149255,0.168661547965609
1.0,0.1473630659657453,0.1686576642972098
1.0,0.14733808070532384,0.1686263466281265
1.0,0.14731310391591795,0.1686215230383714
1.0,0.14728813559322035,0.1685169794811553
1.0,0.14726317573292663,0.1684196871184989
1.0,0.14723822433073536,0.1683773656850644
1.0,0.14721328138234796,0.1683005989872225
1.0,0.14718834688346882,0.1681173793170512
1.0,0.14716342082980524,0.1680952522483169
1.0,0.1471385032170674,0.1678746476799199
1.0,0.14711359404096835,0.1678329490793914
1.0,0.1470886932972241,0.167819402825442
1.0,0.14706380098155356,0.1677965363819019
1.0,0.1470389170896785,0.167738527539327
1.0,0.14701404161732362,0.167702869400323
1.0,0.1469891745602165,0.1675869282561237
1.0,0.1469643159140876,0.1675068019236717
1.0,0.14693946567467028,0.1674948045949619
1.0,0.14691462383770076,0.1674712541931192
1.0,0.1468897903989182,0.1674625437644138
1.0,0.14686496535406457,0.167354276025889
1.0,0.14684014869888476,0.1671283294057319
1.0,0.14681534042912653,0.1670880052751235
1.0,0.14679054054054055,0.1670355401249247
1.0,0.14676574902888026,0.1669443546331026
1.0,0.14674096588990207,0.1669102401907528
1.0,0.14671619111936518,0.1669017994459434
1.0,0.14669142471303173,0.1668435241794486
1.0,0.14666666666666667,0.166837487150476
1.0,0.1466419169760378,0.1668352399316639
1.0,0.14661717563691581,0.1668301544616242
1.0,0.14659244264507423,0.1666752165939833
1.0,0.14656771799628943,0.1666721606454552
1.0,0.14654300168634063,0.1665595554263048
1.0,0.14651829371100994,0.1665247726206105
1.0,0.14649359406608226,0.1662430776054236
1.0,0.14646890274734536,0.1661143342699653
1.0,0.14644421975058983,0.1660306735315893
1.0,0.1464195450716091,0.1659670241682001
1.0,0.14639487870619947,0.1658449907597548
1.0,0.14637022065016,0.1656255079998666
1.0,0.1463455708992927,0.1654713133121948
1.0,0.14632092944940225,0.1653393359911225
1.0,0.14629629629629629,0.1653295128214496
1.0,0.14627167143578523,0.1652005051455794
1.0,0.14624705486368225,0.165178824726393
1.0,0.14622244657580347,0.1649280069876934
1.0,0.1461978465679677,0.1648909248075501
1.0,0.14617325483599664,0.1648331068625721
1.0,0.14614867137571477,0.1647652949759228
1.0,0.1461240961829494,0.1646809142904237
1.0,0.1460995292535306,0.1645749039123845
1.0,0.1460749705832913,0.1645438947088361
1.0,0.1460504201680672,0.1643765279457023
1.0,0.14602587800369685,0.1643688186419928
1.0,0.1460013440860215,0.1643625581993309
1.0,0.14597681841088528,0.164346422870588
1.0,0.14595230097413503,0.1643012145972254
1.0,0.1459277917716205,0.1642821382616331
1.0,0.1459032907991941,0.1642040554542008
1.0,0.1458787980527111,0.1641508171905097
1.0,0.14585431352802955,0.1639965929434493
1.0,0.14582983722101023,0.163953469007667
1.0,0.14580536912751677,0.1638846972317318
1.0,0.14578090924341552,0.1638677193563096
1.0,0.14575645756457564,0.1637995489049598
1.0,0.14573201408686903,0.1637549951968723
1.0,0.14570757880617036,0.163539629714375
1.0,0.14568315171835708,0.1635251255360673
1.0,0.1456587328193094,0.1635242552553326
1.0,0.14563432210491034,0.1634760941012245
1.0,0.14560991957104558,0.1634615369219694
1.0,0.14558552521360363,0.1634387731692225
1.0,0.1455611390284757,0.1634058342616212
1.0,0.14553676101155585,0.1634019902352542
1.0,0.1455123911587408,0.1633091944452445
1.0,0.14548802946593,0.1631844345564699
1.0,0.1454636759290258,0.1631401611369365
1.0,0.14543933054393304,0.1630286615945382
1.0,0.14541499330655958,0.1629274121668835
1.0,0.1453906642128158,0.1627563950446444
1.0,0.14536634325861492,0.1627333699511669
1.0,0.1453420304398729,0.1627278409423339
1.0,0.14531772575250837,0.1626222175578947
1.0,0.14529342919244273,0.1626049215243278
1.0,0.14526914075560013,0.1625986869108027
1.0,0.1452448604379074,0.1625637468645644
1.0,0.14522058823529413,0.1624884835930791
1.0,0.14519632414369257,0.1624451030951181
1.0,0.14517206815903774,0.16232390884465
1.0,0.14514782027726741,0.1623162757093055
1.0,0.14512358049432197,0.1623053345426238
1.0,0.14509934880614458,0.1622540359946557
1.0,0.14507512520868113,0.1621718785372882
1.0,0.14505090969788015,0.1620191875220285
1.0,0.14502670226969291,0.1618644624774022
1.0,0.1450025029200734,0.1618289344634118
1.0,0.14497831164497832,0.1618079532428914
1.0,0.14495412844036698,0.1617938901796183
1.0,0.14492995330220146,0.1617766434520179
1.0,0.14490578622644656,0.1617655944320111
1.0,0.1448816272090697,0.1617594827624794
1.0,0.144857476246041,0.161746079050936
1.0,0.14483333333333334,0.161616146892413
1.0,0.14480919846692217,0.161577480917141
1.0,0.14478507164278573,0.1615013367768549
1.0,0.14476095285690488,0.1614527481736435
1.0,0.14473684210526316,0.161275306705527
1.0,0.1447127393838468,0.1612725925863333
1.0,0.1446886446886447,0.161229255959075
1.0,0.1446645580156484,0.1611429822115499
1.0,0.1446404793608522,0.161127962407123
1.0,0.14461640872025294,0.1610050021705212
1.0,0.14459234608985025,0.1609889505380501
1.0,0.14456829146564631,0.1609883047977868
1.0,0.14454424484364603,0.1609181038162957
1.0,0.14452020621985698,0.1609134236404509
1.0,0.14449617559028932,0.160823267510977
1.0,0.14447215295095595,0.1607741609092634
1.0,0.14444813829787234,0.1607579718717553
1.0,0.14442413162705667,0.1604166787591098
1.0,0.14440013293452975,0.1601128987778546
1.0,0.144376142216315,0.1600806167547956
1.0,0.14435215946843855,0.1600384822961362
1.0,0.1443281846869291,0.1599948676470627
1.0,0.144304217867818,0.1599381635756026
1.0,0.1442802590071393,0.1599282425688855
1.0,0.14425630810092963,0.1598822068332851
1.0,0.14423236514522822,0.1598618271011152
1.0,0.144208430136077,0.1597933486603954
1.0,0.1441845030695205,0.1597234529193798
1.0,0.14416058394160583,0.1595022911573647
1.0,0.14413667274838282,0.1593413101241021
1.0,0.14411276948590382,0.1593204281209523
1.0,0.14408887415022384,0.159307164431664
1.0,0.14406498673740054,0.1592537993473795
1.0,0.14404110724349412,0.1592298206781828
1.0,0.14401723566456745,0.1591884116245256
1.0,0.143993371996686,0.1590589332737709
1.0,0.14396951623591783,0.1590575018346269
1.0,0.1439456683783336,0.1590484464919321
1.0,0.14392182842000661,0.1589439396599719
1.0,0.14389799635701275,0.158905957600019
1.0,0.14387417218543047,0.1588819637990214
1.0,0.14385035590134085,0.1586373119302226
1.0,0.14382654750082755,0.1586168939233547
1.0,0.14380274697997683,0.158585094462745
1.0,0.14377895433487756,0.1584637229071435
1.0,0.14375516956162118,0.1584564067483809
1.0,0.1437313926563017,0.1583677216491438
1.0,0.1437076236150157,0.1583348899125301
1.0,0.14368386243386244,0.1583182279671975
1.0,0.14366010910894364,0.1583020385686057
1.0,0.14363636363636365,0.1582285829763475
1.0,0.14361262601222938,0.1581459612818673
1.0,0.14358889623265036,0.1580027343451719
1.0,0.14356517429373863,0.1579988730814918
1.0,0.14354146019160885,0.1579166923056627
1.0,0.1435177539223782,0.1577751361413297
1.0,0.14349405548216645,0.1576200187753613
1.0,0.1434703648670959,0.1571264077404072
1.0,0.1434466820732915,0.1570973083639343
1.0,0.14342300709688066,0.1570535672672411
1.0,0.1433993399339934,0.1568122517262127
1.0,0.14337568058076225,0.1564276342354047
1.0,0.14335202903332234,0.1564244352257108
1.0,0.1433283852878113,0.1563760499503002
1.0,0.14330474934036938,0.1561936460745406
1.0,0.14328112118713932,0.1561794529504149
1.0,0.14325750082426641,0.1561271332340688
1.0,0.14323388824789846,0.1561246413254387
1.0,0.1432102834541859,0.1561165042056057
1.0,0.1431866864392816,0.1558073386546949
1.0,0.14316309719934103,0.155793577435002
1.0,0.14313951573052217,0.1556056178669167
1.0,0.1431159420289855,0.1555968002330352
1.0,0.14309237609089412,0.1555260809530391
1.0,0.14306881791241358,0.1554555658647707
1.0,0.14304526748971194,0.1554122642137808
1.0,0.14302172481895983,0.1553752297315924
1.0,0.14299818989633042,0.1553193386503264
1.0,0.14297466271799933,0.1553106866130994
1.0,0.14295114328014477,0.1552688811519812
1.0,0.14292763157894736,0.1552391188899136
1.0,0.14290412761059038,0.1550193191854103
1.0,0.14288063137125945,0.1550153396703511
1.0,0.14285714285714285,0.1550028117012671
1.0,0.1428336620644313,0.1549240791512879
1.0,0.142810188989318,0.1547488582528413
1.0,0.14278672362799869,0.1545927305233982
1.0,0.1427632659766716,0.1544187862938763
1.0,0.14273981603153746,0.1543261672111353
1.0,0.14271637378879948,0.1542353561923898
1.0,0.1426929392446634,0.1541913987177808
1.0,0.14266951239533737,0.1541847952195205
1.0,0.14264609323703217,0.1539908939901132
1.0,0.14262268176596093,0.1539615263863687
1.0,0.14259927797833935,0.1538553199280353
1.0,0.14257588187038556,0.1537830007628565
1.0,0.14255249343832022,0.1536202801274789
1.0,0.1425291126783664,0.1535916727352314
1.0,0.14250573958674975,0.1535407951991433
1.0,0.1424823741596983,0.1533277078449051
1.0,0.14245901639344263,0.1533209489273878
1.0,0.1424356662842157,0.153316811675578
1.0,0.14241232382825303,0.1532625659577064
1.0,0.14238898902179256,0.153232106795034
1.0,0.14236566186107472,0.1532266131533286
1.0,0.14234234234234233,0.153216574190034
1.0,0.1423190304618408,0.1531638640971905
1.0,0.1422957262158179,0.1531224019829715
1.0,0.14227242960052391,0.153121376039304
1.0,0.1422491406122115,0.152784912707157
1.0,0.14222585924713585,0.1527392766106948
1.0,0.14220258550155457,0.1527340211459898
1.0,0.14217931937172776,0.1527338236823542
1.0,0.14215606085391788,0.1526699972221405
1.0,0.14213280994438993,0.1525840258996382
1.0,0.1421095666394113,0.1524918524113073
1.0,0.1420863309352518,0.1522629994534437
1.0,0.14206310282818374,0.1522055336823106
1.0,0.14203988231448186,0.152149628833511
1.0,0.14201666939042326,0.1520875700602565
1.0,0.14199346405228758,0.1518893448558204
1.0,0.1419702662963568,0.1516767341521727
1.0,0.14194707611891538,0.1515770619539953
1.0,0.1419238935162502,0.1515571799687914
1.0,0.14190071848465055,0.1514916071217518
1.0,0.14187755102040817,0.151402364393774
1.0,0.14185439111981718,0.1513336105519148
1.0,0.14183123877917414,0.1513271106413306
1.0,0.14180809399477806,0.1513060845605004
1.0,0.14178495676293032,0.1512129010322856
1.0,0.14176182707993476,0.1511979095265601
1.0,0.14173870494209753,0.1511403238457206
1.0,0.14171559034572734,0.1510153277716761
1.0,0.14169248328713516,0.1510127018178303
1.0,0.1416693837626345,0.150957202781504
1.0,0.14164629176854115,0.150928696365835
1.0,0.1416232073011734,0.1508908017240292
1.0,0.14160013035685187,0.1508871174358253
1.0,0.14157706093189965,0.1507327619739185
1.0,0.14155399902264212,0.1507063318605258
1.0,0.14153094462540716,0.1506783676365213
1.0,0.141507897736525,0.1506605733945051
1.0,0.14148485835232824,0.1505700384985905
1.0,0.14146182646915187,0.1505397306436152
1.0,0.14143880208333334,0.1505393082192451
1.0,0.14141578519121237,0.1503704940054214
1.0,0.14139277578913115,0.1503139038060313
1.0,0.1413697738734342,0.1501148483580504
1.0,0.14134677944046845,0.1499455379877054
1.0,0.1413237924865832,0.1498953690881745
1.0,0.14130081300813008,0.149852574742761
1.0,0.14127784100146318,0.1498064728001594
1.0,0.14125487646293888,0.1497836736172992
1.0,0.14123191938891597,0.1496497057518515
1.0,0.14120896977575562,0.1495255394467392
1.0,0.1411860276198213,0.1494909918335573
1.0,0.1411630929174789,0.1494774379129134
1.0,0.14114016566509663,0.1492711201601538
1.0,0.14111724585904514,0.1491583587657015
1.0,0.14109433349569736,0.148965264172657
1.0,0.14107142857142857,0.1488450999239338
1.0,0.14104853108261645,0.1488340746760313
1.0,0.14102564102564102,0.1486971788849631
1.0,0.14100275839688464,0.1486479596622555
1.0,0.140979883192732,0.1486371380478021
1.0,0.14095701540957015,0.1486264170764384
1.0,0.1409341550437885,0.1486228523780439
1.0,0.14091130209177882,0.1485658439576881
1.0,0.14088845654993515,0.1485198699332451
1.0,0.14086561841465392,0.1484811899895585
1.0,0.14084278768233388,0.1484654967820853
1.0,0.1408199643493761,0.1484046047387902
1.0,0.14079714841218405,0.1483730789798149
1.0,0.14077433986716345,0.1483413992662435
1.0,0.14075153871072238,0.1481669994574275
1.0,0.14072874493927126,0.1481245887639003
1.0,0.1407059585492228,0.1480890228389341
1.0,0.14068317953699205,0.1479432455163342
1.0,0.14066040789899645,0.1479289622981759
1.0,0.1406376436316556,0.1478534114157044
1.0,0.14061488673139158,0.1477938168130514
1.0,0.1405921371946287,0.1475752704813709
1.0,0.14056939501779359,0.1475373457086225
1.0,0.1405466601973152,0.1475163671336846
1.0,0.14052393272962485,0.1471040342557767
1.0,0.14050121261115603,0.1469460857216468
1.0,0.14047849983834465,0.1467831472818851
1.0,0.1404557944076289,0.1467160859724645
1.0,0.14043309631544926,0.1465976746642359
1.0,0.14041040555824852,0.1465504773738591
1.0,0.14038772213247172,0.1465244103452124
1.0,0.14036504603456632,0.1463122110251907
1.0,0.14034237726098192,0.1462586519909783
1.0,0.14031971580817051,0.1460976582117308
1.0,0.14029706167258638,0.1460750218443897
1.0,0.14027441485068604,0.1460665805287544
1.0,0.14025177533892835,0.1460497663641547
1.0,0.1402291431337744,0.1460305441086941
1.0,0.14020651823168764,0.1460287756453065
1.0,0.14018390062913372,0.1459912699993491
1.0,0.14016129032258065,0.1458896845336306
1.0,0.14013868730849863,0.1458862549961136
1.0,0.14011609158336022,0.1458106068778234
1.0,0.14009350314364016,0.1458071315744506
1.0,0.1400709219858156,0.1458039843285013
1.0,0.14004834810636582,0.145718260617582
1.0,0.14002578150177247,0.1456941166642338
1.0,0.1400032221685194,0.1454408043782974
1.0,0.13998067010309279,0.145176431103633
1.0,0.13995812530198098,0.1451435637118302
1.0,0.13993558776167472,0.1449819224317859
1.0,0.1399130574786669,0.1449536405147465
1.0,0.13989053444945268,0.1449464565281302
1.0,0.13986801867052953,0.1446689378547935
1.0,0.13984551013839716,0.1445674687151899
1.0,0.13982300884955753,0.1445238744232939
1.0,0.1398005148005148,0.1445035903184024
1.0,0.13977802798777544,0.1441973311908042
1.0,0.13975554840784818,0.1441005262469131
1.0,0.13973307605724394,0.1440675759309308
1.0,0.1397106109324759,0.1439931024101667
1.0,0.13968815303005946,0.1439554173162755
1.0,0.13966570234651238,0.1439486443999388
1.0,0.1396432588783545,0.1438515819140739
1.0,0.13962082262210798,0.1438169569596968
1.0,0.13959839357429718,0.1437187155398415
1.0,0.13957597173144876,0.1437183452726379
1.0,0.13955355709009154,0.14367710888478
1.0,0.13953114964675659,0.1434616121561776
1.0,0.1395087493979772,0.1434591067811002
1.0,0.13948635634028891,0.143393407820824
1.0,0.1394639704702295,0.1432165174715651
1.0,0.1394415917843389,0.1431917735553637
1.0,0.13941922027915932,0.1431601257286338
1.0,0.13939685595123516,0.1431202650708662
1.0,0.13937449879711308,0.1430575482811921
1.0,0.13935214881334188,0.143036341859396
1.0,0.13932980599647266,0.143036071686665
1.0,0.13930747034305868,0.1430259652076114
1.0,0.1392851418496554,0.1426784254604489
1.0,0.13926282051282052,0.1425646146403381
1.0,0.13924050632911392,0.1424882482863926
1.0,0.13921819929509774,0.1423908320944497
1.0,0.1391958994073362,0.142241530681541
1.0,0.1391736066623959,0.1421229962233714
1.0,0.13915132105684547,0.1421060295918982
1.0,0.13912904258725584,0.1421006861453695
1.0,0.1391067712502001,0.1420103534164722
1.0,0.13908450704225353,0.1419033657907797
1.0,0.1390622499599936,0.1417537695388099
1.0,0.13904,0.1417241878762447
1.0,0.1390177571588546,0.1416750020549277
1.0,0.1389955214331414,0.1416374096239705
1.0,0.13897329281944668,0.141583729650684
1.0,0.1389510713143588,0.1415669792156744
1.0,0.13892885691446843,0.1413921315001082
1.0,0.13890664961636828,0.1412860786546034
1.0,0.13888444941665334,0.1412800598973131
1.0,0.13886225631192073,0.1412234630906998
1.0,0.13884007029876977,0.1412154391479004
1.0,0.1388178913738019,0.1411699147989826
1.0,0.13879571953362083,0.1411400523438206
1.0,0.13877355477483233,0.1410904126207836
1.0,0.13875139709404438,0.1410748410028559
1.0,0.13872924648786716,0.1410744489836837
1.0,0.138707102952913,0.1410648543070128
1.0,0.13868496648579637,0.1410268094459334
1.0,0.13866283708313387,0.1408638233351399
1.0,0.13864071474154435,0.1407631260582913
1.0,0.13861859945764876,0.1407355336119663
1.0,0.13859649122807016,0.1406832334910414
1.0,0.1385743900494339,0.1406675926397538
1.0,0.13855229591836735,0.1405420302442985
1.0,0.13853020883150008,0.1405378265350436
1.0,0.1385081287854638,0.14042347751584
1.0,0.13848605577689244,0.1404224538162933
1.0,0.13846398980242192,0.1403670002009417
1.0,0.13844193085869047,0.1402359381519727
1.0,0.13841987894233831,0.1401923966362557
1.0,0.13839783405000797,0.1399681704181538
1.0,0.13837579617834395,0.1399317650684376
1.0,0.138353765323993,0.139782885668134
1.0,0.13833174148360394,0.1397215562184003
1.0,0.1383097246538278,0.1396911066247643
1.0,0.13828771483131763,0.1396585687930996
1.0,0.13826571201272872,0.1395818932765415
1.0,0.13824371619471842,0.1395570820970565
1.0,0.13822172737394625,0.1395317759880229
1.0,0.1381997455470738,0.1395119190972979
1.0,0.13817777071076484,0.1394792057750386
1.0,0.13815580286168522,0.1393053455341485
1.0,0.13813384199650294,0.1392931264647882
1.0,0.1381118881118881,0.1392316049872862
1.0,0.13808994120451296,0.1391531649538444
1.0,0.1380680012710518,0.1390675251308467
1.0,0.13804606830818109,0.1390567240727855
1.0,0.13802414231257942,0.1389819486514421
1.0,0.13800222328092743,0.1389477758611471
1.0,0.13798031120990792,0.1388732323005279
1.0,0.13795840609620574,0.1387672191384381
1.0,0.13793650793650794,0.1384853031546387
1.0,0.13791461672750358,0.1384322053090861
1.0,0.13789273246588385,0.138428919323652
1.0,0.13787085514834205,0.1384064558871219
1.0,0.1378489847715736,0.1383866612559953
1.0,0.13782712133227598,0.1383244395322506
1.0,0.13780526482714875,0.1383026053136027
1.0,0.13778341525289362,0.1382896168805402
1.0,0.13776157260621433,0.138245044694564
1.0,0.13773973688381677,0.1382319973969934
1.0,0.13771790808240889,0.1381155225142003
1.0,0.1376960861987007,0.1380789236025581
1.0,0.13767427122940432,0.1380401829168871
1.0,0.13765246317123397,0.1379069706621082
1.0,0.13763066202090593,0.1378084871498068
1.0,0.13760886777513856,0.1377818608247412
1.0,0.13758708043065232,0.1377678170252195
1.0,0.1375652999841697,0.1377635014673034
1.0,0.13754352643241533,0.1377497997541375
1.0,0.13752175977211584,0.1374426194975495
1.0,0.1375,0.1373642934367228
1.0,0.1374782471127986,0.1373306261301267
1.0,0.13745650110724456,0.1372723249673561
1.0,0.13743476198007276,0.1369905516356211
1.0,0.13741302972802025,0.136870328867105
1.0,0.1373913043478261,0.1367220439271751
1.0,0.13736958583623143,0.136633023001266
1.0,0.13734787418997946,0.1366195091217832
1.0,0.13732616940581543,0.1366085216362986
1.0,0.13730447148048666,0.1365932340244337
1.0,0.1372827804107425,0.1365898180001505
1.0,0.13726109619333438,0.1365841024993097
1.0,0.13723941882501578,0.1365790111503432
1.0,0.13721774830254224,0.1365367064554325
1.0,0.1371960846226713,0.1361673806403378
1.0,0.1371744277821626,0.1361530073277897
1.0,0.1371527777777778,0.1358905971442133
1.0,0.13713113460628057,0.1357765434538386
1.0,0.13710949826443672,0.1353259901554037
1.0,0.13708786874901405,0.1353016792952997
1.0,0.13706624605678233,0.1351543412979486
1.0,0.1370446301845135,0.1349111804325166
1.0,0.1370230211289814,0.1348097082614743
1.0,0.13700141888696202,0.1347671583129185
1.0,0.1369798234552333,0.1346508244958907
1.0,0.13695823483057526,0.1346309486583454
1.0,0.13693665300976993,0.1345925174401761
1.0,0.1369150779896014,0.1345406441613967
1.0,0.13689350976685571,0.134483425238513
1.0,0.136871948338321,0.1343854270538467
1.0,0.13685039370078741,0.1343474689843614
1.0,0.13682884585104707,0.1343032225218955
1.0,0.1368073047858942,0.1342582364248922
1.0,0.13678577050212498,0.1341727380595123
1.0,0.1367642429965376,0.1341608983567123
1.0,0.13674272226593234,0.1341504233173442
1.0,0.1367212083071114,0.1339997685184849
1.0,0.13669970111687904,0.1338256397672162
1.0,0.13667820069204153,0.1338089010243829
1.0,0.13665670702940713,0.1335810041778311
1.0,0.13663522012578616,0.133570703561153
1.0,0.1366137399779909,0.1334591971422552
1.0,0.13659226658283558,0.1334024061703191
1.0,0.13657079993713658,0.1332902210455899
1.0,0.13654934003771213,0.1332855220579626
1.0,0.13652788688138257,0.1332830557978514
1.0,0.13650644046497015,0.1332283423979698
1.0,0.1364850007852992,0.1331674407329322
1.0,0.13646356783919597,0.1331048504267656
1.0,0.13644214162348878,0.1328909053213609
1.0,0.13642072213500786,0.1328731698982591
1.0,0.13639930937058548,0.1327838987316274
1.0,0.13637790332705588,0.1327255149224279
1.0,0.1363565040012553,0.1327177732560566
1.0,0.13633511139002197,0.1326932951348383
1.0,0.13631372549019607,0.132675739305297
1.0,0.13629234629861983,0.132375052568232
1.0,0.13627097381213737,0.1323501403769736
1.0,0.13624960802759487,0.1322327605362573
1.0,0.1362282489418404,0.1321466454120188
1.0,0.13620689655172413,0.132118345179567
1.0,0.13618555085409811,0.1320742059945541
1.0,0.13616421184581637,0.132025287405761
1.0,0.1361428795237349,0.1320227257693573
1.0,0.13612155388471178,0.1320121688767269
1.0,0.13610023492560688,0.1319847731527559
1.0,0.13607892264328217,0.1319548066420396
1.0,0.13605761703460154,0.1319189779476389
1.0,0.1360363180964308,0.1318163391744657
1.0,0.13601502582563782,0.1318068317882813
1.0,0.13599374021909233,0.1317548005631973
1.0,0.1359724612736661,0.1316522046476294
1.0,0.1359511889862328,0.1314281936714525
1.0,0.13592992335366808,0.1314221896776133
1.0,0.13590866437284954,0.1313962619657377
1.0,0.13588741204065677,0.1312712734559472
1.0,0.13586616635397122,0.1311727150099815
1.0,0.1358449273096764,0.1311633135531457
1.0,0.1358236949046577,0.1311510172807633
1.0,0.13580246913580246,0.131068587262076
1.0,0.13578125,0.1310559475562092
1.0,0.13576003749414153,0.1310465512632711
1.0,0.13573883161512026,0.1310196281068801
1.0,0.13571763235983134,0.1309651536836605
1.0,0.13569643972517176,0.1308496410809493
1.0,0.1356752537080406,0.1308357458573773
1.0,0.13565407430533874,0.1307831872251781
1.0,0.1356329015139691,0.1306672953345621
1.0,0.13561173533083645,0.1305048863324654
1.0,0.13559057575284755,0.1304994772662658
1.0,0.13556942277691109,0.130492727694287
1.0,0.1355482763999376,0.1304206585912318
1.0,0.13552713661883967,0.130210929087755
1.0,0.13550600343053174,0.1301968489318011
1.0,0.13548487683193014,0.1301408625832656
1.0,0.13546375681995323,0.1301230699463622
1.0,0.1354426433915212,0.1300804428419122
1.0,0.13542153654355618,0.1300523746039051
1.0,0.13540043627298223,0.1298217504746876
1.0,0.13537934257672535,0.1297895719419404
1.0,0.1353582554517134,0.1296603679966444
1.0,0.13533717489487618,0.1296531824519531
1.0,0.13531610090314544,0.1295140384535339
1.0,0.13529503347345478,0.1294691031306898
1.0,0.13527397260273974,0.129266705752138
1.0,0.13525291828793776,0.1292558466669849
1.0,0.13523187052598817,0.1292123682758505
1.0,0.13521082931383227,0.1289691645818227
1.0,0.1351897946484132,0.1289074476685006
1.0,0.135168766526676,0.1288901629620548
1.0,0.13514774494556764,0.128831138898587
1.0,0.135126729902037,0.128614000738805
1.0,0.13510572139303484,0.1285810898649399
1.0,0.13508471941551375,0.1284888540665375
1.0,0.13506372396642835,0.1284657207570566
1.0,0.13504273504273503,0.1284147199994271
1.0,0.13502175264139216,0.1283059458466988
1.0,0.13500077675935995,0.1282309614507296
1.0,0.1349798073936005,0.1280644339343601
1.0,0.13495884454107782,0.1277732593328052
1.0,0.13493788819875777,0.1277183058894968
1.0,0.13491693836360813,0.1276944365893358
1.0,0.13489599503259858,0.1275926196622869
1.0,0.1348750582027006,0.127564672231858
1.0,0.13485412787088766,0.1274580502697496
1.0,0.13483320403413498,0.1273930010653248
1.0,0.1348122866894198,0.1273761269926051
1.0,0.1347913758337211,0.1273276098153511
1.0,0.13477047146401985,0.1272567279550759
1.0,0.1347495735772988,0.127156519726253
1.0,0.13472868217054262,0.1271117682963415
1.0,0.13470779724073786,0.127027196822971
1.0,0.1346869187848729,0.1269949895042869
1.0,0.13466604679993802,0.1268535463710784
1.0,0.13464518128292532,0.1268078382441041
1.0,0.13462432223082882,0.1266625455735905
1.0,0.13460346964064437,0.1266275335481259
1.0,0.13458262350936967,0.1266090587528442
1.0,0.13456178383400433,0.1263896287532873
1.0,0.13454095061154978,0.1259161838554116
1.0,0.1345201238390093,0.1258544169070065
1.0,0.134499303513388,0.1258150564106195
1.0,0.13447848963169298,0.1256061561121574
1.0,0.13445768219093301,0.1255669472608228
1.0,0.1344368811881188,0.1254693530596483
1.0,0.13441608662026294,0.1254150781453079
1.0,0.13439529848437984,0.1253719505921262
1.0,0.1343745167774857,0.1252443087414551
1.0,0.13435374149659865,0.1251934248412596
1.0,0.1343329726387386,0.1250883306677007
1.0,0.13431221020092735,0.1249875668168274
1.0,0.13429145418018854,0.1249846545195966
1.0,0.1342707045735476,0.1249494161125793
1.0,0.13424996137803183,0.1249281787204826
1.0,0.13422922459067038,0.1248646669059877
1.0,0.1342084942084942,0.1247877459899095
1.0,0.13418777022853615,0.1247567120396503
1.0,0.1341670526478308,0.1245740356401478
1.0,0.13414634146341464,0.124363648888256
1.0,0.13412563667232597,0.1243426984115914
1.0,0.13410493827160494,0.1242636257776865
1.0,0.13408424625829346,0.1242340302503677
1.0,0.13406356062943536,0.1241630231574564
1.0,0.1340428813820762,0.1241028660256919
1.0,0.1340222085132634,0.1239492376702294
1.0,0.13400154202004627,0.1239132724718977
1.0,0.1339808818994758,0.1237303971045268
1.0,0.1339602281486049,0.1235307795660162
1.0,0.13393958076448828,0.1234828725965131
1.0,0.13391893974418245,0.1234470960390266
1.0,0.13389830508474576,0.1234222509387684
1.0,0.13387767678323834,0.1233968915233951
1.0,0.1338570548367221,0.1233686664365246
1.0,0.1338364392422609,0.1232072164854187
1.0,0.13381582999692024,0.1231705416226614
1.0,0.1337952270977675,0.1231699574361817
1.0,0.13377463054187191,0.12308517741833
1.0,0.13375404032630445,0.123083061409855
1.0,0.1337334564481379,0.1230086649897735
1.0,0.13371287890444683,0.122847471403887
1.0,0.1336923076923077,0.1228385725218531
1.0,0.13367174280879865,0.1227763095420422
1.0,0.1336511842509997,0.122670260204134
1.0,0.13363063201599262,0.1225963622402203
1.0,0.133610086100861,0.1225318128274825
1.0,0.13358954650269023,0.1224966232425771
1.0,0.13356901321856748,0.1221877477938212
1.0,0.1335484862455817,0.12215283288708
1.0,0.1335279655808236,0.1220776700438353
1.0,0.13350745122138577,0.1220499286389291
1.0,0.13348694316436252,0.1220167605166678
1.0,0.13346644140684993,0.1219481015135891
1.0,0.13344594594594594,0.1218352022286694
1.0,0.1334254567787502,0.1217191386792813
1.0,0.13340497390236414,0.1216495056399614
1.0,0.13338449731389102,0.1213830564952069
1.0,0.13336402701043584,0.121210882026221
1.0,0.1333435629891054,0.1210926789781803
1.0,0.13332310524700827,0.1209934505374894
1.0,0.1333026537812548,0.1209384971511567
1.0,0.13328220858895706,0.1209096272859825
1.0,0.13326176966722894,0.1208977497829909
1.0,0.13324133701318613,0.1207301289660289
1.0,0.13322091062394603,0.120656737213303
1.0,0.13320049049662783,0.1206202421417642
1.0,0.1331800766283525,0.1205580183311112
1.0,0.1331596690162427,0.1204423971778451
1.0,0.133139267657423,0.1204146922297706
1.0,0.1331188725490196,0.1202391512769275
1.0,0.13309848368816052,0.1202109604776678
1.0,0.13307810107197549,0.1200872897206647
1.0,0.13305772469759608,0.1199627073001369
1.0,0.13303735456215554,0.1199407976681813
1.0,0.1330169906627889,0.119765566059763
1.0,0.132996632996633,0.1196165014769798
1.0,0.13297628156082633,0.1194857059769963
1.0,0.13295593635250919,0.119433291881672
1.0,0.13293559736882363,0.119432488382166
1.0,0.13291526460691344,0.1193428190047639
1.0,0.13289493806392413,0.1189474031549109
1.0,0.13287461773700307,0.1188795147996047
1.0,0.1328543036232992,0.1188322957313996
1.0,0.13283399571996332,0.1188148212174609
1.0,0.13281369402414794,0.1187428742305411
1.0,0.13279339853300734,0.1187145225002845
1.0,0.13277310924369748,0.1185198360500788
1.0,0.1327528261533761,0.118446839829723
1.0,0.1327325492592027,0.1184397597705597
1.0,0.13271227855833842,0.1183322218678769
1.0,0.13269201404794626,0.1182406467608212
1.0,0.13267175572519083,0.1182061642445081
1.0,0.1326515035872386,0.1180719138301135
1.0,0.13263125763125763,0.1180578626394489
1.0,0.1326110178544178,0.1180409892520212
1.0,0.13259078425389076,0.1180084867808216
1.0,0.13257055682684973,0.1179727865591853
1.0,0.1325503355704698,0.1179039046794961
1.0,0.13253012048192772,0.1178465772443096
1.0,0.13250991155840194,0.1176893199969816
1.0,0.13248970879707272,0.1175437436666937
1.0,0.13246951219512196,0.1175211073566683
1.0,0.13244932174973328,0.1174791807376798
1.0,0.13242913745809204,0.1174507836134824
1.0,0.13240895931738533,0.1174458089398869
1.0,0.13238878732480194,0.1173791532850339
1.0,0.13236862147753237,0.1173379675991247
1.0,0.13234846177276882,0.1171978375892089
1.0,0.1323283082077052,0.1168664104241566
1.0,0.13230816077953714,0.1168088269307987
1.0,0.132288019485462,0.1166904019036261
1.0,0.13226788432267883,0.1165372795893655
1.0,0.13224775528838836,0.1163691971712672
1.0,0.13222763237979307,0.1162893347998691
1.0,0.13220751559409707,0.1162563981994788
1.0,0.13218740492850622,0.1161693676425241
1.0,0.13216730038022814,0.1158698604623968
1.0,0.13214720194647203,0.1158628530410622
1.0,0.13212710962444885,0.1158371607871345
1.0,0.13210702341137123,0.1156431797629507
1.0,0.13208694330445356,0.1155908789648925
1.0,0.13206686930091185,0.1154692428093084
1.0,0.13204680139796385,0.1154388633025981
1.0,0.13202673959282893,0.1154336307200772
1.0,0.13200668388272824,0.1154095257719719
1.0,0.13198663426488458,0.1153260026757748
1.0,0.1319665907365224,0.1152199173464424
1.0,0.1319465532948679,0.115159067760465
1.0,0.13192652193714893,0.1149521227932921
1.0,0.13190649666059504,0.1148027537915997
1.0,0.1318864774624374,0.1147019879969023
1.0,0.13186646433990895,0.1146944236384714
1.0,0.13184645729024427,0.1145462955226667
1.0,0.1318264563106796,0.1145437072970884
1.0,0.1318064613984529,0.1145096204753334
1.0,0.13178647255080375,0.1144620655453022
1.0,0.13176648976497346,0.1143997051877537
1.0,0.13174651303820498,0.1143905810452078
1.0,0.13172654236774292,0.1142847566305896
1.0,0.13170657775083358,0.1138350695455453
1.0,0.13168661918472496,0.1136618646193312
1.0,0.13166666666666665,0.1136149293250086
1.0,0.13164672019391002,0.1136020787008164
1.0,0.13162677976370796,0.1134907196931279
1.0,0.13160684537331516,0.1133640934248107
1.0,0.1315869170199879,0.1133558666588301
1.0,0.1315669947009841,0.1133408899891263
1.0,0.13154707841356342,0.1133188635830007
1.0,0.13152716815498713,0.1130959495946793
1.0,0.13150726392251816,0.1130559851483073
1.0,0.1314873657134211,0.1130046863156732
1.0,0.1314674735249622,0.1129473113117615
1.0,0.1314475873544093,0.1129144205442038
1.0,0.13142770719903207,0.1128532183548337
1.0,0.13140783305610163,0.1128362852932289
1.0,0.13138796492289084,0.1128285690266196
1.0,0.1313681027966742,0.1127506022032295
1.0,0.13134824667472794,0.1127481838133696
1.0,0.13132839655432976,0.1126760921148027
1.0,0.13130855243275913,0.1126276895217876
1.0,0.1312887143072972,0.1125194213974473
1.0,0.1312688821752266,0.1122765187711681
1.0,0.13124905603383175,0.1121969481244651
1.0,0.13122923588039867,0.1121963591353054
1.0,0.131209421712215,0.1121439688198417
1.0,0.13118961352657005,0.1121367666235418
1.0,0.13116981132075473,0.112028109489757
1.0,0.1311500150920616,0.1119445099552046
1.0,0.13113022483778483,0.111817615056231
1.0,0.13111044055522028,0.1118164472077038
1.0,0.1310906622416654,0.1117778079311518
1.0,0.1310708898944193,0.1116145067276334
1.0,0.13105112351078269,0.111550917687564
1.0,0.1310313630880579,0.1115435965592774
1.0,0.1310116086235489,0.1113762552292759
1.0,0.13099186011456135,0.1111848700539275
1.0,0.1309721175584024,0.1111795873108726
1.0,0.13095238095238096,0.1111229209880581
1.0,0.13093265029380743,0.1110928207655568
1.0,0.13091292557999398,0.1108638686060112
1.0,0.13089320680825425,0.1107997393182486
1.0,0.13087349397590362,0.1107737677429715
1.0,0.130853787080259,0.1106419988829017
1.0,0.13083408611863898,0.1106145624179264
1.0,0.13081439108836368,0.110568203122023
1.0,0.13079470198675497,0.1104623098703195
1.0,0.13077501881113618,0.1103415843478422
1.0,0.1307553415588324,0.1102534151458073
1.0,0.13073567022717014,0.1102432545997783
1.0,0.13071600481347773,0.1102091056721894
1.0,0.13069634531508498,0.1101753423697459
1.0,0.1306766917293233,0.1101367523451001
1.0,0.1306570440535258,0.1101195437733957
1.0,0.13063740228502707,0.1099872157657806
1.0,0.13061776642116338,0.1098530726228166
1.0,0.13059813645927262,0.1097223060881702
1.0,0.1305785123966942,0.1097154549728124
1.0,0.13055889423076922,0.1096643870759505
1.0,0.13053928195884032,0.1096636922323038
1.0,0.13051967557825173,0.1095286779843219
1.0,0.1305000750863493,0.1094597193106084
1.0,0.13048048048048047,0.1093452478918453
1.0,0.1304608917579943,0.1092703873519534
1.0,0.13044130891624137,0.1092444111598942
1.0,0.13042173195257392,0.1091690821771699
1.0,0.13040216086434575,0.1090290072148873
1.0,0.13038259564891222,0.1088454976392919
1.0,0.13036303630363036,0.1087679762926849
1.0,0.1303434828258587,0.1087157190161723
1.0,0.1303239352129574,0.1086041429952061
1.0,0.1303043934622882,0.1085810630072756
1.0,0.13028485757121439,0.1085636131601432
1.0,0.13026532753710088,0.1085328673019337
1.0,0.13024580335731414,0.1084464475988978
1.0,0.13022628502922223,0.1084448259556301
1.0,0.13020677255019478,0.108433089269916
1.0,0.130187265917603,0.1082832907928692
1.0,0.13016776512881964,0.1082808618339145
1.0,0.1301482701812191,0.1082748179846959
1.0,0.1301287810721773,0.1082572572691738
1.0,0.1301092977990717,0.1082406847301969
1.0,0.13008982035928143,0.108202257888533
1.0,0.1300703487501871,0.1081333062479221
1.0,0.13005088296917092,0.108125666238514
1.0,0.13003142301361664,0.1078701433102267
1.0,0.13001196888090963,0.1077433896455077
1.0,0.1299925205684368,0.1077248459305278
1.0,0.1299730780735866,0.1077231310354242
1.0,0.12995364139374907,0.107708931357477
1.0,0.1299342105263158,0.1075697793240072
1.0,0.12991478546867993,0.1074088203038881
1.0,0.12989536621823616,0.1073782322307385
1.0,0.12987595277238081,0.107225043577764
1.0,0.12985654512851166,0.1071652531526726
1.0,0.1298371432840281,0.1071284578553981
1.0,0.12981774723633105,0.1070366713508594
1.0,0.129798356982823,0.1070251064219544
1.0,0.129778972520908,0.1069604661770246
1.0,0.12975959384799163,0.1067545782900462
1.0,0.12974022096148105,0.1065993205546437
1.0,0.1297208538587849,0.106455503799849
1.0,0.12970149253731345,0.1064082201852916
1.0,0.12968213699447845,0.1063609804635355
1.0,0.12966278722769323,0.1062920385279737
1.0,0.12964344323437266,0.1062680707390967
1.0,0.12962410501193317,0.1060263003317218
1.0,0.12960477255779268,0.1057970426513324
1.0,0.1295854458693707,0.1057958459924822
1.0,0.12956612494408826,0.1057395072528806
1.0,0.12954680977936792,0.1056785678623102
1.0,0.12952750037263377,0.1051286291703625
1.0,0.12950819672131147,0.1050689138047599
1.0,0.12948889882282819,0.1049440216482769
1.0,0.12946960667461263,0.104938805391395
1.0,0.12945032027409503,0.1049153623019821
1.0,0.12943103961870717,0.1047901822289519
1.0,0.12941176470588237,0.1047802634845755
1.0,0.1293924955330554,0.1045704577523348
1.0,0.12937323209766266,0.1045590676503345
1.0,0.129353974397142,0.1045439274254964
1.0,0.12933472242893287,0.1045398275161574
1.0,0.1293154761904762,0.1044683488586426
1.0,0.12929623567921442,0.1043856404232891
1.0,0.1292770008925915,0.1043849350050965
1.0,0.12925777182805295,0.1043562176979902
1.0,0.1292385484830458,0.104350387059408
1.0,0.12921933085501858,0.1043250031627419
1.0,0.12920011894142136,0.10426550073671
1.0,0.12918091273970567,0.1042493657113889
1.0,0.12916171224732462,0.104178002776105
1.0,0.1291425174617328,0.1040859584060221
1.0,0.12912332838038634,0.1039450124467592
1.0,0.12910414500074283,0.1038485547528805
1.0,0.12908496732026145,0.103791657089761
1.0,0.1290657953364028,0.103747287691058
1.0,0.12904662904662906,0.1037008436990458
1.0,0.12902746844840385,0.1036156024540584
1.0,0.1290083135391924,0.1035986177978733
1.0,0.12898916431646135,0.1035400121092256
1.0,0.12897002077767883,0.1030882332406473
1.0,0.1289508829203146,0.1030856961427905
1.0,0.12893175074183977,0.1030329750791025
1.0,0.12891262423972705,0.1028651464179396
1.0,0.12889350341145062,0.1026426547831145
1.0,0.12887438825448613,0.1025960932278393
1.0,0.12885527876631078,0.1024897759282076
1.0,0.12883617494440325,0.1024748740153094
1.0,0.1288170767862437,0.1020864590465082
1.0,0.12879798428931377,0.1020023124608888
1.0,0.1287788974510966,0.1019352064945211
1.0,0.1287598162690769,0.1019165121364709
1.0,0.12874074074074074,0.1018973266976942
1.0,0.12872167086357578,0.1018329796448517
1.0,0.12870260663507108,0.1018243111830145
1.0,0.1286835480527173,0.1015440583352027
1.0,0.12866449511400652,0.1015118596570055
1.0,0.12864544781643228,0.1014287384464832
1.0,0.12862640615748963,0.1013960266121693
1.0,0.12860737013467516,0.10137784013182
1.0,0.12858833974548683,0.1010629615196204
1.0,0.1285693149874242,0.101026325355366
1.0,0.12855029585798816,0.1009849891758603
1.0,0.12853128235468125,0.1005789331760965
1.0,0.1285122744750074,0.100492070382313
1.0,0.12849327221647197,0.1000720946116393
1.0,0.1284742755765819,0.0999858729090126
1.0,0.12845528455284552,0.0998834093034371
1.0,0.1284362991427727,0.099860200028552
1.0,0.12841731934387468,0.0998149179264237
1.0,0.1283983451536643,0.0997697596932161
1.0,0.12837937656965578,0.0997390509455495
1.0,0.12836041358936484,0.0997231571845694
1.0,0.12834145621030868,0.0996931142533834
1.0,0.1283225044300059,0.0996402297196809
1.0,0.12830355824597667,0.0996139115035155
1.0,0.12828461765574253,0.0994128674090999
1.0,0.12826568265682656,0.0993993300593691
1.0,0.12824675324675325,0.0993710679097593
1.0,0.12822782942304856,0.0992449597632044
1.0,0.1282089111832399,0.0990886426471697
1.0,0.12818999852485619,0.0990643241084465
1.0,0.12817109144542774,0.0990015907375126
1.0,0.12815218994248637,0.0989900259550822
1.0,0.12813329401356532,0.0988538926811674
1.0,0.12811440365619933,0.0988058180918637
1.0,0.12809551886792453,0.0987750945336192
1.0,0.12807663964627855,0.0987273930999188
1.0,0.12805776598880048,0.0985657646057159
1.0,0.1280388978930308,0.0984137002688841
1.0,0.1280200353565115,0.0983617079198646
1.0,0.12800117837678598,0.0983516985193781
1.0,0.1279823269513991,0.0983454399818346
1.0,0.1279634810778972,0.0982828571778795
1.0,0.12794464075382803,0.098272913958166
1.0,0.12792580597674078,0.09825307693877
1.0,0.12790697674418605,0.098227395457115
1.0,0.12788815305371598,0.0982189828363118
1.0,0.12786933490288405,0.0981682628966275
1.0,0.12785052228924526,0.0981295556804396
1.0,0.127831715210356,0.0980148502340357
1.0,0.1278129136637741,0.0979881268538073
1.0,0.12779411764705884,0.0979626716885315
1.0,0.12777532715777093,0.0978572523314279
1.0,0.12775654219347252,0.0978299150044017
1.0,0.12773776275172719,0.0976747706006646
1.0,0.12771898883009994,0.0975805107255591
1.0,0.12770022042615722,0.0975063463142985
1.0,0.12768145753746693,0.0974170996941032
1.0,0.12766270016159836,0.0973559522213181
1.0,0.12764394829612222,0.0972353005071227
1.0,0.12762520193861066,0.0971911378101091
1.0,0.12760646108663729,0.097114640080434
1.0,0.12758772573777713,0.0967439608369234
1.0,0.12756899588960657,0.0966489281116469
1.0,0.1275502715397035,0.0965000555930508
1.0,0.1275315526856472,0.0964072290672017
1.0,0.12751283932501833,0.096385822834414
1.0,0.12749413145539906,0.0963558723151942
1.0,0.1274754290743729,0.0962003411215405
1.0,0.1274567321795248,0.0960384024754144
1.0,0.12743804076844112,0.0957985507174645
1.0,0.12741935483870967,0.0957729487543639
1.0,0.12740067438791966,0.0957248633597993
1.0,0.12738199941366168,0.0955751576437604
1.0,0.12736332991352778,0.0952867550610443
1.0,0.12734466588511137,0.0952588546195397
1.0,0.12732600732600732,0.0951994293130471
1.0,0.1273073542338119,0.0951718661382841
1.0,0.12728870660612274,0.0950308909509675
1.0,0.12727006444053895,0.0949880767763072
1.0,0.127251427734661,0.0948335796874439
1.0,0.1272327964860908,0.0944516618637252
1.0,0.12721417069243157,0.0944495480010885
1.0,0.12719555035128804,0.0943562802078256
1.0,0.12717693546026634,0.094302786619308
1.0,0.12715832601697397,0.0942057691015774
1.0,0.12713972201901974,0.09409269569112
1.0,0.12712112346401405,0.0940608684882592
1.0,0.12710253034956853,0.093633002398364
1.0,0.12708394267329629,0.0934247719059409
1.0,0.1270653604328118,0.0934066853153536
1.0,0.127046783625731,0.0933390244316071
1.0,0.1270282122496711,0.0933375838258784
1.0,0.1270096463022508,0.0931909023288369
1.0,0.12699108578109017,0.0931380984620187
1.0,0.12697253068381065,0.0931142921025831
1.0,0.12695398100803507,0.0930690853354298
1.0,0.12693543675138766,0.0930535003823793
1.0,0.12691689791149408,0.0930343620432267
1.0,0.1268983644859813,0.0926706101302641
1.0,0.12687983647247775,0.092659670949221
1.0,0.12686131386861313,0.0925715100684548
1.0,0.12684279667201867,0.092349942032043
1.0,0.1268242848803269,0.0923434286322158
1.0,0.12680577849117175,0.0923247056353466
1.0,0.12678727750218852,0.092191385944616
1.0,0.12676878191101384,0.0920741097531944
1.0,0.12675029171528587,0.0918805211718903
1.0,0.12673180691264402,0.0918493298578415
1.0,0.12671332750072908,0.0918270939744291
1.0,0.12669485347718326,0.0917588403796436
1.0,0.12667638483965016,0.0915683893903583
1.0,0.12665792158577466,0.0915118648580443
1.0,0.12663946371320314,0.0914798430905152
1.0,0.12662101121958327,0.0913909429134515
1.0,0.1266025641025641,0.0913548815784063
1.0,0.12658412235979608,0.0912712606725117
1.0,0.12656568598893098,0.0911059463413331
1.0,0.12654725498762195,0.0910609898153371
1.0,0.12652882935352358,0.0910535633177317
1.0,0.12651040908429176,0.0908775793344981
1.0,0.1264919941775837,0.0908538297263681
1.0,0.12647358463105807,0.0907697618006758
1.0,0.12645518044237486,0.0907154264255128
1.0,0.12643678160919541,0.0906188324782819
1.0,0.12641838812918244,0.090459659370087
1.0,0.1264,0.0904034094074774
1.0,0.12638161721931354,0.0903686791986101
1.0,0.1263632397847899,0.0903074453205165
1.0,0.1263448676940971,0.0902528189269438
1.0,0.12632650094490477,0.0902395007557889
1.0,0.12630813953488373,0.090136554118791
1.0,0.12628978346170613,0.0899984009906272
1.0,0.12627143272304564,0.0899929701175758
1.0,0.12625308731657708,0.0898933333478543
1.0,0.12623474723997677,0.0897092953735441
1.0,0.1262164124909223,0.0894801929089272
1.0,0.12619808306709265,0.0894449935973453
1.0,0.12617975896616815,0.0893394496556564
1.0,0.12616144018583042,0.0892858430063147
1.0,0.12614312672376252,0.0890915853678803
1.0,0.12612481857764876,0.0890559729690115
1.0,0.12610651574517487,0.0887457433179629
1.0,0.12608821822402785,0.0886283770362117
1.0,0.12606992601189612,0.0886149534095785
1.0,0.12605163910646938,0.0886051822289129
1.0,0.12603335750543873,0.0884290245259529
1.0,0.12601508120649652,0.0884113799027997
1.0,0.12599681020733652,0.0882508611380258
1.0,0.12597854450565382,0.0879910547000605
1.0,0.1259602840991448,0.087941659644799
1.0,0.12594202898550724,0.0878096555249839
1.0,0.1259237791624402,0.0874262459391649
1.0,0.12590553462764417,0.0873956375221124
1.0,0.1258872953788208,0.0873645694445906
1.0,0.12586906141367324,0.0873115828189348
1.0,0.12585083272990585,0.0871176370705159
1.0,0.12583260932522444,0.0870639426544054
1.0,0.12581439119733603,0.0870376654737797
1.0,0.12579617834394904,0.0869480322758883
1.0,0.1257779707627732,0.0869269290144698
1.0,0.12575976845151954,0.0868835116748043
1.0,0.12574157140790046,0.0867583442844157
1.0,0.12572337962962962,0.0867191921126974
1.0,0.1257051931144221,0.0866778236273638
1.0,0.1256870118599942,0.0866495856899651
1.0,0.12566883586406363,0.0863829405302331
1.0,0.12565066512434933,0.0863365316094147
1.0,0.12563249963857165,0.086170638532471
1.0,0.12561433940445216,0.0861551978155564
1.0,0.12559618441971382,0.0861266219970202
1.0,0.12557803468208092,0.0860882357422372
1.0,0.12555989018927902,0.0860846742393531
1.0,0.12554175093903497,0.0859545058012288
1.0,0.125523616929077,0.0858078509032057
1.0,0.1255054881571346,0.0857192888515294
1.0,0.12548736462093862,0.0856865586174365
1.0,0.1254692463182212,0.0854300415593874
1.0,0.12545113324671575,0.0854262159897888
1.0,0.12543302540415704,0.0850510506314835
1.0,0.12541492278828115,0.0846783265924444
1.0,0.1253968253968254,0.0846590689562106
1.0,0.1253787332275285,0.0846556854676178
1.0,0.1253606462781304,0.0846299181086406
1.0,0.1253425645463724,0.0846102827493532
1.0,0.12532448802999713,0.0844822030318727
1.0,0.1253064167267484,0.084451014992531
1.0,0.1252883506343714,0.0843095586737147
1.0,0.12527028975061266,0.0842553095286586
1.0,0.12525223407321995,0.0842268256638182
1.0,0.12523418359994234,0.0839404390340788
1.0,0.12521613832853026,0.0837976616479677
1.0,0.12519809825673534,0.083547034574051
1.0,0.12518006338231058,0.0834753302013427
1.0,0.12516203370301024,0.0834587558856299
1.0,0.12514400921658986,0.0834426766167069
1.0,0.12512598992080634,0.0834068356205993
1.0,0.1251079758134178,0.0833801891577779
1.0,0.12508996689218368,0.0832541950116758
1.0,0.1250719631548647,0.0830922107656936
1.0,0.1250539645992229,0.0828721830623172
1.0,0.12503597122302157,0.0828569888204202
1.0,0.1250179830240253,0.0828312326968944
1.0,0.125,0.08282424445842
1.0,0.12498202214871279,0.0827101897852867
1.0,0.12496404946793213,0.0825840786498822
1.0,0.12494608195542775,0.0825033219320096
1.0,0.12492811960897067,0.0824192007383406
1.0,0.1249101624263332,0.0823597717990118
1.0,0.12489221040528888,0.0822995425909097
1.0,0.12487426354361258,0.082291066702066
1.0,0.12485632183908046,0.0821953930442143
1.0,0.1248383852894699,0.0818995718193396
1.0,0.12482045389255961,0.0818542015501895
1.0,0.12480252764612954,0.0817679963200355
1.0,0.12478460654796095,0.0817282020809258
1.0,0.12476669059583632,0.0816402776080768
1.0,0.12474877978753948,0.0814334840320394
1.0,0.12473087412085546,0.081399461030129
1.0,0.12471297359357061,0.0813915976687112
1.0,0.12469507820347252,0.0813527020458975
1.0,0.12467718794835007,0.0812641109637946
1.0,0.1246593028259934,0.0811804990372909
1.0,0.12464142283419392,0.0811592358810554
1.0,0.1246235479707443,0.0811526028726203
1.0,0.12460567823343849,0.0811269351269532
1.0,0.12458781362007168,0.0809894196587919
1.0,0.12456995412844037,0.0809367917521483
1.0,0.12455209975634227,0.0809257766834898
1.0,0.12453425050157638,0.0805970631870974
1.0,0.12451640636194297,0.0805926742042116
1.0,0.12449856733524356,0.0804184442977282
1.0,0.12448073341928091,0.0803835924889832
1.0,0.12446290461185906,0.0803128284182996
1.0,0.12444508091078334,0.0802738008405388
1.0,0.12442726231386025,0.0802549099514774
1.0,0.12440944881889764,0.0800589999494989
1.0,0.12439164042370456,0.0798737707529315
1.0,0.12437383712609132,0.0798541462589831
1.0,0.1243560389238695,0.0797605850613033
1.0,0.12433824581485191,0.07974896635723
1.0,0.12432045779685265,0.0795944643152505
1.0,0.12430267486768702,0.0794121670646326
1.0,0.12428489702517162,0.0793978202120629
1.0,0.12426712426712427,0.0793402704641988
1.0,0.12424935659136403,0.0792281535250653
1.0,0.12423159399571122,0.0791756368014366
1.0,0.12421383647798742,0.0791734498269815
1.0,0.12419608403601544,0.0791719845028423
1.0,0.12417833666761932,0.0789983314306668
1.0,0.12416059437062438,0.0787492782428253
1.0,0.12414285714285714,0.0787025212215721
1.0,0.12412512498214541,0.0785553048868005
1.0,0.1241073978863182,0.0785038290838803
1.0,0.12408967585320577,0.0784219335975262
1.0,0.12407195888063964,0.0784071881919346
1.0,0.12405424696645254,0.0783264052831511
1.0,0.12403654010847845,0.078235927150626
1.0,0.12401883830455258,0.0779782547075066
1.0,0.12400114155251142,0.0779437071907843
1.0,0.1239834498501926,0.0779425544931213
1.0,0.12396576319543509,0.077902163111045
1.0,0.12394808158607902,0.0779008446751904
1.0,0.12393040501996577,0.0776702698103473
1.0,0.12391273349493798,0.0775452896006529
1.0,0.12389506700883947,0.0775400034761098
1.0,0.12387740555951532,0.07736941437431
1.0,0.12385974914481186,0.0773688187443701
1.0,0.1238420977625766,0.0771227114729905
1.0,0.1238244514106583,0.077104801492926
1.0,0.12380681008690697,0.0770454114384218
1.0,0.12378917378917378,0.0770196057309393
1.0,0.12377154251531121,0.0769552558376755
1.0,0.12375391626317289,0.0768347019827218
1.0,0.1237362950306137,0.0767628912682917
1.0,0.12371867881548974,0.076756839838049
1.0,0.12370106761565837,0.076746672585729
1.0,0.12368346142897808,0.0766411922123281
1.0,0.12366586025330867,0.0765745323307366
1.0,0.1236482640865111,0.0764942080525886
1.0,0.12363067292644757,0.0764735431333457
1.0,0.12361308677098151,0.0764572759346813
1.0,0.12359550561797752,0.076120404301409
1.0,0.12357792946530148,0.0760492791781907
1.0,0.12356035831082042,0.0760179345404359
1.0,0.12354279215240262,0.0759940890928188
1.0,0.12352523098791755,0.0758808378172835
1.0,0.12350767481523593,0.0756736875555719
1.0,0.12349012363222964,0.0755205053752399
1.0,0.12347257743677181,0.0754781793833114
1.0,0.12345503622673676,0.075397847880806
1.0,0.1234375,0.0753936860562952
1.0,0.1234199687544383,0.075375461765477
1.0,0.12340244248792956,0.075249001796171
1.0,0.12338492119835298,0.0752443868348027
1.0,0.12336740488358887,0.0750653948807083
1.0,0.1233498935415188,0.07494455496582
1.0,0.12333238717002555,0.0747481212683904
1.0,0.12331488576699305,0.0746356031363482
1.0,0.12329738933030647,0.0745437322021079
1.0,0.12327989785785218,0.0745213457344505
1.0,0.12326241134751773,0.0745116903078067
1.0,0.12324492979719189,0.07446268056412
1.0,0.12322745320476461,0.0744120281490955
1.0,0.12320998156812704,0.0744096874158382
1.0,0.12319251488517154,0.0743974551504405
1.0,0.12317505315379164,0.0740966825450517
1.0,0.12315759637188209,0.0739104421642267
1.0,0.12314014453733882,0.0738822587497236
1.0,0.12312269764805894,0.0738636883628172
1.0,0.12310525570194078,0.0738185054260932
1.0,0.12308781869688386,0.0736949325621728
1.0,0.12307038663078884,0.0736774667255376
1.0,0.12305295950155763,0.0736452900519626
1.0,0.12303553730709331,0.0736450237457723
1.0,0.12301812004530012,0.0735424149701608
1.0,0.12300070771408352,0.0735145449106963
1.0,0.12298330031135013,0.0732371336839147
1.0,0.12296589783500778,0.0730501180913815
1.0,0.12294850028296547,0.0728540225635735
1.0,0.1229311076531334,0.0726504281256357
1.0,0.12291371994342291,0.0726246373618615
1.0,0.12289633715174657,0.0724862121031602
1.0,0.1228789592760181,0.0722315497984003
1.0,0.12286158631415241,0.0720058398241475
1.0,0.1228442182640656,0.0715726308268742
1.0,0.12282685512367492,0.0714223624471271
1.0,0.12280949689089882,0.0713996745805657
1.0,0.12279214356365692,0.0713734270864176
1.0,0.12277479513987002,0.0712445707219816
1.0,0.12275745161746009,0.0712025282266331
1.0,0.12274011299435028,0.0711635429101988
1.0,0.12272277926846491,0.0711358475593898
1.0,0.12270545043772946,0.0711036961831851
1.0,0.12268812650007059,0.0710361856624288
1.0,0.12267080745341614,0.070940039456681
1.0,0.12265349329569514,0.0707375534033934
1.0,0.12263618402483771,0.0707248064774068
1.0,0.12261887963877523,0.0706914814821382
1.0,0.12260158013544017,0.0705744457509891
1.0,0.12258428551276626,0.0704850937529526
1.0,0.12256699576868829,0.0704562028123149
1.0,0.12254971090114229,0.0704159456925068
1.0,0.12253243090806543,0.0703981822921655
1.0,0.12251515578739602,0.0703606445241213
1.0,0.12249788553707358,0.0703004461675115
1.0,0.12248062015503876,0.0702629771300706
1.0,0.12246335963923337,0.0701270714644407
1.0,0.12244610398760039,0.070034049406141
1.0,0.12242885319808397,0.0698071624133391
1.0,0.12241160726862939,0.0697727749919293
1.0,0.1223943661971831,0.0696724659347314
1.0,0.12237712998169271,0.0687370401802768
1.0,0.12235989862010702,0.0687175086518852
1.0,0.1223426721103759,0.0685956205544506
1.0,0.12232545045045046,0.0685460432277854
1.0,0.1223082336382829,0.0685372898067377
1.0,0.12229102167182662,0.0684691923442488
1.0,0.12227381454903616,0.0684485362926562
1.0,0.12225661226786719,0.0683208299191794
1.0,0.12223941482627655,0.068308743250703
1.0,0.12222222222222222,0.0681859240039986
1.0,0.12220503445366333,0.0681657916549854
1.0,0.12218785151856018,0.0680702184015248
1.0,0.12217067341487417,0.0678817349441253
1.0,0.12215350014056789,0.0676855350964289
1.0,0.12213633169360506,0.0675346710004028
1.0,0.12211916807195053,0.0674487516980392
1.0,0.12210200927357033,0.0674451963340377
1.0,0.12208485529643158,0.0674217605751843
1.0,0.1220677061385026,0.0673849304321862
1.0,0.12205056179775281,0.0672788541656335
1.0,0.12203342227215279,0.0672292049077877
1.0,0.12201628755967425,0.0671231680137988
1.0,0.12199915765829004,0.067059920988653
1.0,0.12198203256597417,0.0669805250043429
1.0,0.12196491228070175,0.0669757250599278
1.0,0.12194779680044907,0.0668706648171285
1.0,0.1219306861231935,0.0668229582896773
1.0,0.12191358024691358,0.066788026561837
1.0,0.121896479169589,0.0667436531953536
1.0,0.12187938288920055,0.0667069683323892
1.0,0.12186229140373019,0.0666019414963064
1.0,0.12184520471116096,0.0665203487743734
1.0,0.12182812280947708,0.066313519061101
1.0,0.12181104569666386,0.0663073030358483
1.0,0.12179397337070778,0.0662129001188581
1.0,0.12177690582959641,0.0661983511257422
1.0,0.12175984307131849,0.0661589093287989
1.0,0.12174278509386383,0.0660835149943455
1.0,0.12172573189522343,0.0659869652013379
1.0,0.12170868347338935,0.0657481403724163
1.0,0.12169163982635485,0.0657323970542817
1.0,0.12167460095211426,0.0656449139536351
1.0,0.12165756684866302,0.0655668598259439
1.0,0.12164053751399775,0.0649635237984698
1.0,0.12162351294611616,0.0648994284679504
1.0,0.12160649314301707,0.0648931020790376
1.0,0.12158947810270043,0.0648760656990429
1.0,0.12157246782316732,0.0648356643467995
1.0,0.12155546230241993,0.064751975400787
1.0,0.12153846153846154,0.0646689425104085
1.0,0.1215214655292966,0.0645250484680344
1.0,0.12150447427293065,0.0642291665286975
1.0,0.12148748776737034,0.0640703545666833
1.0,0.12147050601062342,0.0640094040779043
1.0,0.1214535290006988,0.0639915025991205
1.0,0.12143655673560648,0.0638380725235975
1.0,0.12141958921335755,0.063747300954752
1.0,0.12140262643196424,0.0634968633156236
1.0,0.12138566838943987,0.0631525036895099
1.0,0.12136871508379889,0.0631193928970995
1.0,0.12135176651305683,0.0630481502477617
1.0,0.12133482267523038,0.062991437375988
1.0,0.1213178835683373,0.0626541298331048
1.0,0.12130094919039643,0.0625505302076643
1.0,0.12128401953942777,0.0624930814666723
1.0,0.12126709461345242,0.062478821127953
1.0,0.12125017441049253,0.0623709042522264
1.0,0.12123325892857142,0.0622446068190785
1.0,0.12121634816571349,0.0620471838923572
1.0,0.12119944211994421,0.0620464805345282
1.0,0.1211825407892902,0.0619419522090954
1.0,0.12116564417177914,0.0618721517663727
1.0,0.12114875226543985,0.061797737106835
1.0,0.1211318650683022,0.061328944654061
1.0,0.12111498257839722,0.0612143261907506
1.0,0.12109810479375696,0.061138850889497
1.0,0.12108123171241465,0.0610924033288596
1.0,0.12106436333240457,0.061055001941139
1.0,0.12104749965176208,0.0604990626509372
1.0,0.12103064066852368,0.0603838775161038
1.0,0.12101378638072692,0.0600509753260583
1.0,0.12099693678641046,0.0600503977130256
1.0,0.12098009188361408,0.0598655459796183
1.0,0.12096325167037862,0.0597492322663244
1.0,0.120946416144746,0.0596703161342996
1.0,0.12092958530475925,0.0592994555210761
1.0,0.1209127591484625,0.0592735583376079
1.0,0.12089593767390094,0.0591694981262266
1.0,0.12087912087912088,0.0591027398392281
1.0,0.12086230876216968,0.0590972125022739
1.0,0.12084550132109581,0.0590734297391995
1.0,0.12082869855394883,0.0590583527629681
1.0,0.12081190045877938,0.058876155350512
1.0,0.12079510703363915,0.0588250423969641
1.0,0.12077831827658096,0.0587962716687299
1.0,0.1207615341856587,0.0587588930614994
1.0,0.12074475475892733,0.0587375553698587
1.0,0.1207279799944429,0.0586152005870058
1.0,0.12071120989026253,0.0584629343534317
1.0,0.12069444444444444,0.05832269021284
1.0,0.12067768365504791,0.0582996955737629
1.0,0.1206609275201333,0.0581835708426871
1.0,0.12064417603776205,0.0581212449884564
1.0,0.12062742920599667,0.058119034475669
1.0,0.12061068702290076,0.05804404448045
1.0,0.120593949486539,0.0578544991243377
1.0,0.12057721659497711,0.0578027082756411
1.0,0.12056048834628191,0.057690417197063
1.0,0.1205437647385213,0.0574933435253538
1.0,0.12052704576976421,0.0573964727963477
1.0,0.12051033143808071,0.0573780859707955
1.0,0.12049362174154188,0.057347276093274
1.0,0.12047691667821989,0.0573108890678885
1.0,0.12046021624618797,0.0572776457739781
1.0,0.12044352044352044,0.0572235761740666
1.0,0.12042682926829268,0.0568347463323108
1.0,0.12041014271858112,0.0567766786333978
1.0,0.12039346079246328,0.0567527708893948
1.0,0.12037678348801772,0.056747361451585
1.0,0.1203601108033241,0.0567320783436339
1.0,0.1203434427364631,0.0566392453891554
1.0,0.12032677928551648,0.0565583156595014
1.0,0.12031012044856708,0.056302083416722
1.0,0.12029346622369878,0.0562699101074679
1.0,0.12027681660899654,0.0561328198563824
1.0,0.12026017160254636,0.0558927208421981
1.0,0.1202435312024353,0.0557652260188495
1.0,0.12022689540675152,0.0554688226785422
1.0,0.12021026421358418,0.0552964173489422
1.0,0.12019363762102352,0.0551600765608455
1.0,0.12017701562716084,0.0551048874163017
1.0,0.12016039823008849,0.0550307974029945
1.0,0.1201437854278999,0.0548956014556073
1.0,0.12012717721868953,0.0548910741437658
1.0,0.12011057360055287,0.0548809432556193
1.0,0.1200939745715865,0.0548613758402581
1.0,0.12007738012988807,0.0547499657839452
1.0,0.12006079027355623,0.0547248430881894
1.0,0.1200442050006907,0.0547174158273439
1.0,0.12002762430939226,0.0546947773697874
1.0,0.12001104819776275,0.0544993423899867
1.0,0.119994476663905,0.0543594143355051
1.0,0.11997790970592297,0.0543048426029808
1.0,0.1199613473219216,0.0542313913339855
1.0,0.11994478951000691,0.0540544393462484
1.0,0.11992823626828596,0.0535899241065227
1.0,0.11991168759486684,0.0534713933819918
1.0,0.11989514348785872,0.0533424626205413
1.0,0.11987860394537178,0.0533406612280244
1.0,0.11986206896551724,0.0532620800850271
1.0,0.11984553854640739,0.0532126005733804
1.0,0.11982901268615555,0.0531096985113464
1.0,0.11981249138287606,0.0526091463766785
1.0,0.11979597463468432,0.0525802397667867
1.0,0.11977946243969675,0.0524535377832404
1.0,0.11976295479603087,0.052256404917644
1.0,0.11974645170180516,0.0521355379636403
1.0,0.11972995315513915,0.0519842082978967
1.0,0.11971345915415346,0.0515896572695792
1.0,0.11969696969696969,0.0515703068886583
1.0,0.1196804847817105,0.0514872673559163
1.0,0.11966400440649959,0.0513698163507745
1.0,0.11964752856946166,0.0512801171488252
1.0,0.11963105726872247,0.0510287925621213
1.0,0.11961459050240882,0.0508433386443748
1.0,0.1195981282686485,0.0507891536549439
1.0,0.11958167056557038,0.0507027248496467
1.0,0.11956521739130435,0.0506294855233998
1.0,0.11954876874398129,0.0505068091072761
1.0,0.11953232462173315,0.050385435590333
1.0,0.11951588502269289,0.0503368408304501
1.0,0.11949944994499449,0.0502935508369043
1.0,0.119483019386773,0.0502382492724018
1.0,0.11946659334616443,0.0502323676465679
1.0,0.11945017182130584,0.0501823626412332
1.0,0.11943375481033534,0.0501367465370103
1.0,0.11941734231139206,0.0501283575765882
1.0,0.1194009343226161,0.0500820222940801
1.0,0.11938453084214865,0.0496698900396953
1.0,0.11936813186813187,0.0496331756510926
1.0,0.11935173739870897,0.0495220815874308
1.0,0.11933534743202417,0.0492952929054624
1.0,0.11931896196622271,0.0491852104640989
1.0,0.11930258099945085,0.0490101498738682
1.0,0.11928620452985587,0.0490079248215475
1.0,0.11926983255558606,0.0486324974155312
1.0,0.11925346507479072,0.0485606577122836
1.0,0.1192371020856202,0.0484444559795534
1.0,0.11922074358622582,0.0483627389539944
1.0,0.11920438957475994,0.0478603011262883
1.0,0.11918804004937594,0.0478483630294556
1.0,0.11917169500822819,0.0477598223699228
1.0,0.1191553544494721,0.0477547930942482
1.0,0.11913901837126405,0.0476822546801255
1.0,0.11912268677176148,0.0476475281814835
1.0,0.1191063596491228,0.0475498349820626
1.0,0.11909003700150747,0.0473952523336165
1.0,0.11907371882707592,0.0471965541805068
1.0,0.11905740512398959,0.0471790995873194
1.0,0.11904109589041095,0.0471674840298605
1.0,0.1190247911245035,0.0469798001911932
1.0,0.11900849082443166,0.0467490873709394
1.0,0.11899219498836094,0.046692066526632
1.0,0.11897590361445783,0.0466355332986107
1.0,0.1189596167008898,0.0466113244581045
1.0,0.11894333424582534,0.0463774408799289
1.0,0.11892705624743397,0.0463639694545357
1.0,0.11891078270388615,0.0462399039737975
1.0,0.1188945136133534,0.0461673921719603
1.0,0.11887824897400821,0.0461262857022519
1.0,0.11886198878402407,0.0460697933073399
1.0,0.11884573304157549,0.0460612850004754
1.0,0.11882948174483796,0.045826303224814
1.0,0.11881323489198797,0.0458046104818648
1.0,0.11879699248120301,0.0457786281806726
1.0,0.11878075451066156,0.0457685119054793
1.0,0.11876452097854312,0.045649479312332
1.0,0.11874829188302816,0.0454673808187519
1.0,0.11873206722229813,0.0453877699156751
1.0,0.11871584699453552,0.0451964436924503
1.0,0.11869963119792377,0.0451937013327921
1.0,0.11868341983064737,0.0447951546872963
1.0,0.11866721289089172,0.044656430495194
1.0,0.11865101037684325,0.0443911314673449
1.0,0.11863481228668941,0.0441934116790715
1.0,0.11861861861861862,0.0437582071195875
1.0,0.11860242937082026,0.0437107699943532
1.0,0.11858624454148471,0.0434164171686848
1.0,0.11857006412880339,0.0433602439397442
1.0,0.11855388813096862,0.0431778139000375
1.0,0.11853771654617379,0.0430607632922484
1.0,0.11852154937261321,0.043054780072016
1.0,0.1185053866084822,0.0430399348207533
1.0,0.1184892282519771,0.0428936507543721
1.0,0.11847307430129517,0.042613541888816
1.0,0.11845692475463468,0.0424334630094696
1.0,0.1184407796101949,0.0423541595048758
1.0,0.11842463886617607,0.0422105227151541
1.0,0.1184085025207794,0.0421223669671874
1.0,0.11839237057220708,0.0420608208541257
1.0,0.11837624301866231,0.0420381078075002
1.0,0.11836011985834922,0.0420202458509283
1.0,0.11834400108947296,0.0417031799215767
1.0,0.11832788671023965,0.0416762992421773
1.0,0.11831177671885637,0.0416177468213176
1.0,0.11829567111353118,0.041549163928858
1.0,0.11827956989247312,0.0415465701137993
1.0,0.11826347305389222,0.0415251882871938
1.0,0.11824738059599946,0.0413600637305818
1.0,0.1182312925170068,0.0413349845933259
1.0,0.11821520881512719,0.0412105923359357
1.0,0.11819912948857454,0.0411320007536347
1.0,0.11818305453556371,0.0410365547897784
1.0,0.11816698395431058,0.0406274035373944
1.0,0.11815091774303195,0.0405329092393222
1.0,0.11813485589994563,0.0404534739288057
1.0,0.11811879842327036,0.0404185714006447
1.0,0.11810274531122587,0.0402498894232981
1.0,0.11808669656203288,0.0400265755959908
1.0,0.11807065217391305,0.0400218420818796
1.0,0.11805461214508899,0.0399814204062598
1.0,0.1180385764737843,0.039944756153454
1.0,0.11802254515822355,0.0398356785835499
1.0,0.11800651819663227,0.0396026190325828
1.0,0.11799049558723693,0.0395765445748134
1.0,0.117974477328265,0.0395301588290105
1.0,0.11795846341794489,0.0394715483213793
1.0,0.11794245385450597,0.0393070566751413
1.0,0.11792644863617859,0.0387402424754166
1.0,0.11791044776119403,0.0385656441443839
1.0,0.11789445122778457,0.0385149417943625
1.0,0.1178784590341834,0.0382031113331101
1.0,0.11786247117862471,0.0379939727663739
1.0,0.11784648765934364,0.0378639166430821
1.0,0.11783050847457627,0.0377671734793617
1.0,0.11781453362255966,0.0375576784068856
1.0,0.11779856310153179,0.0371290762213641
1.0,0.11778259690973164,0.0368988518171589
1.0,0.11776663504539911,0.0368866631984721
1.0,0.11775067750677506,0.0367617996905361
1.0,0.11773472429210134,0.0367422427572013
1.0,0.1177187753996207,0.0363915610072347
1.0,0.11770283082757686,0.0363015843370767
1.0,0.11768689057421451,0.0361517320903869
1.0,0.11767095463777928,0.036047498422279
1.0,0.11765502301651774,0.0357735117240597
1.0,0.11763909570867741,0.0356710572494749
1.0,0.11762317271250677,0.0355119966144103
1.0,0.11760725402625524,0.0349830371033122
1.0,0.11759133964817321,0.0343492814492895
1.0,0.11757542957651197,0.0343048091513873
1.0,0.11755952380952381,0.0340840583828215
1.0,0.11754362234546192,0.0338776497221647
1.0,0.11752772518258046,0.0338262430106237
1.0,0.11751183231913455,0.0337276861653844
1.0,0.11749594375338021,0.033558256166168
1.0,0.11748005948357443,0.0335296320164967
1.0,0.11746417950797512,0.0328684844828106
1.0,0.1174483038248412,0.032754718135254
1.0,0.11743243243243243,0.0326865923890137
1.0,0.1174165653290096,0.0324938281067319
1.0,0.11740070251283437,0.0324659740878072
1.0,0.11738484398216939,0.0324129024767789
1.0,0.11736898973527823,0.0320502807413803
1.0,0.11735313977042539,0.0320241952919325
1.0,0.11733729408587631,0.0319976588576336
1.0,0.1173214526798974,0.0313648287060286
1.0,0.11730561555075594,0.0313380649997148
1.0,0.1172897826967202,0.0311324040666886
1.0,0.11727395411605938,0.0310660941147216
1.0,0.11725812980704359,0.0308344888314737
1.0,0.11724230976794388,0.0307847860483651
1.0,0.11722649399703224,0.0302836373574838
1.0,0.1172106824925816,0.0302457946542593
1.0,0.11719487525286582,0.0301881602204379
1.0,0.11717907227615966,0.0299073203349185
1.0,0.11716327356073884,0.0298163546277517
1.0,0.11714747910488002,0.0296834038783162
1.0,0.11713168890686076,0.0296339987824593
1.0,0.11711590296495956,0.0295496167044875
1.0,0.11710012127745587,0.0293821962373949
1.0,0.11708434384263001,0.029369270496473
1.0,0.1170685706587633,0.0293501744227995
1.0,0.11705280172413793,0.0289432163006715
1.0,0.11703703703703704,0.0288641533917447
1.0,0.11702127659574468,0.0288571897106227
1.0,0.11700552039854585,0.028803065274115
1.0,0.11698976844372644,0.0287754696379947
1.0,0.11697402072957329,0.0286805354023387
1.0,0.11695827725437416,0.0282757946275505
1.0,0.11694253801641771,0.0275904383259588
1.0,0.11692680301399354,0.0273719876211334
1.0,0.11691107224539217,0.0272982686127355
1.0,0.11689534570890503,0.0271037274713612
1.0,0.11687962340282448,0.0270768099429357
1.0,0.11686390532544379,0.0261138706997634
1.0,0.11684819147505715,0.0259143163476549
1.0,0.11683248184995966,0.0250242993793016
1.0,0.11681677644844737,0.0245729649760999
1.0,0.11680107526881721,0.0243929012013333
1.0,0.11678537830936703,0.0242328240425312
1.0,0.11676968556839559,0.0236627419731862
1.0,0.11675399704420261,0.0229855943503261
1.0,0.11673831273508867,0.0229209327050759
1.0,0.11672263263935527,0.0218376736578801
1.0,0.11670695675530486,0.0217045679373594
1.0,0.11669128508124077,0.0216113492692251
1.0,0.11667561761546724,0.0215052929533662
1.0,0.11665995435628944,0.0213483656577409
1.0,0.11664429530201342,0.0210030633968849
1.0,0.11662864045094617,0.0202290167223972
1.0,0.1166129898013956,0.0201860890076239
1.0,0.11659734335167046,0.0197998864585319
1.0,0.1165817011000805,0.0196785660584895
1.0,0.11656606304493629,0.0194183860386168
1.0,0.11655042918454936,0.0189535043661886
1.0,0.11653479951723213,0.0187939766211922
1.0,0.11651917404129794,0.0187433375194077
1.0,0.116503552755061,0.0184100561821556
1.0,0.11648793565683646,0.01825338525985
1.0,0.11647232274494036,0.0181328150998441
1.0,0.11645671401768963,0.0179657213596674
1.0,0.11644110947340212,0.0175305360974784
1.0,0.11642550911039656,0.016844551331593
1.0,0.11640991292699263,0.0166334209602915
1.0,0.11639432092151085,0.016442862142367
1.0,0.11637873309227266,0.0163526463140856
1.0,0.11636314943760043,0.0158077816428512
1.0,0.11634756995581738,0.0156332095551822
1.0,0.11633199464524765,0.0154498643704769
1.0,0.11631642350421631,0.0149230247991263
1.0,0.11630085653104925,0.0145219225948723
1.0,0.11628529372407333,0.0144790335702938
1.0,0.11626973508161627,0.0144420275894341
1.0,0.1162541806020067,0.0143959673800621
1.0,0.1162386302835741,0.013867186173832
1.0,0.11622308412464892,0.013540129907128
1.0,0.11620754212356245,0.0134219014098098
1.0,0.11619200427864688,0.013344538481132
1.0,0.1161764705882353,0.0127538970910058
1.0,0.11616094105066167,0.0124265404812823
1.0,0.1161454156642609,0.0111030231256179
1.0,0.11612989442736871,0.0110517080306948
1.0,0.11611437733832175,0.0108061424183014
1.0,0.11609886439545758,0.0097799599618107
1.0,0.11608335559711462,0.0094845262680033
1.0,0.11606785094163216,0.0084559557909914
1.0,0.11605235042735043,0.0078253506572235
1.0,0.1160368540526105,0.0076979397003369
1.0,0.11602136181575434,0.0074212333507553
1.0,0.11600587371512482,0.0059974497512422
1.0,0.11599038974906567,0.0055165121280226
1.0,0.11597490991592152,0.005452645267178
1.0,0.1159594342140379,0.005447432212022
1.0,0.11594396264176117,0.0050349787826084
1.0,0.11592849519743863,0.0041726273388935
1.0,0.11591303187941844,0.0039217628556832
1.0,0.11589757268604961,0.0029689052354682
1.0,0.1158821176156821,0.0029018381135597
1.0,0.11586666666666667,0.0021257611655955
