fpr,tpr,threshold
0.0,0.0,1.0000000009312056
0.0,0.0011507479861910242,0.9999999999312056
0.0,0.0023014959723820483,0.9999999997511132
0.0,0.0034522439585730723,0.9999999985027112
0.0,0.004602991944764097,0.9999999979182076
0.0,0.005753739930955121,0.9999999959598732
0.0,0.006904487917146145,0.999999995799234
0.0,0.00805523590333717,0.9999999956460164
0.0,0.009205983889528193,0.9999999946817908
0.0,0.010356731875719217,0.9999999840351006
0.0,0.011507479861910242,0.9999999778101856
0.0,0.012658227848101266,0.9999999266636476
0.0,0.01380897583429229,0.9999999265930304
0.0,0.014959723820483314,0.9999999204437944
0.0,0.01611047180667434,0.9999999063295087
0.0,0.01726121979286536,0.9999998866729248
0.0,0.018411967779056387,0.9999998296389524
0.0,0.019562715765247412,0.9999998236820382
0.0,0.020713463751438434,0.9999996678941592
0.0,0.02186421173762946,0.9999995366480744
0.0,0.023014959723820484,0.999999509998945
0.0,0.024165707710011506,0.9999994173346702
0.0,0.02531645569620253,0.9999993342080412
0.0,0.026467203682393557,0.9999991139854768
0.0,0.02761795166858458,0.9999989684288952
0.0,0.028768699654775604,0.9999989177956664
0.0,0.02991944764096663,0.9999988947772978
0.0,0.031070195627157654,0.999998791932208
0.0,0.03222094361334868,0.9999987394262736
0.0,0.0333716915995397,0.9999986598225006
0.0,0.03452243958573072,0.9999986182106044
0.0,0.03567318757192175,0.9999986037947896
0.0,0.03682393555811277,0.999998581365981
0.0,0.0379746835443038,0.9999985668568874
0.0,0.039125431530494824,0.9999983924765634
0.0,0.04027617951668585,0.9999982139478636
0.0,0.04142692750287687,0.9999980984952012
0.0,0.04257767548906789,0.9999972674132088
0.0,0.04372842347525892,0.9999972125783774
0.0,0.04487917146144994,0.9999971803031218
0.0,0.04602991944764097,0.9999970305657928
0.0,0.047180667433831994,0.999996757313855
0.0,0.04833141542002301,0.9999966985239874
0.0,0.04948216340621404,0.9999966056148052
0.0,0.05063291139240506,0.999996458360804
0.0,0.05178365937859609,0.9999959888102786
0.0,0.05293440736478711,0.99999507857603
0.0,0.05408515535097814,0.9999946739587512
0.0,0.05523590333716916,0.999994540517482
0.0,0.05638665132336018,0.999993599549786
0.0,0.05753739930955121,0.9999935191362952
0.0,0.05868814729574223,0.9999931834674964
0.0,0.05983889528193326,0.9999923050758552
0.0,0.06098964326812428,0.9999922451681678
0.0,0.06214039125431531,0.999992005399257
0.0,0.06329113924050633,0.9999920051680248
0.0,0.06444188722669736,0.9999918785821144
0.0,0.06559263521288838,0.9999913607144
0.0,0.0667433831990794,0.9999910769291404
0.0,0.06789413118527042,0.9999899291550316
0.0,0.06904487917146145,0.9999892060551476
0.0,0.07019562715765247,0.9999888743574996
0.0,0.0713463751438435,0.999988732370514
0.0,0.07249712313003452,0.999987275467188
0.0,0.07364787111622555,0.9999869804313622
0.0,0.07479861910241657,0.9999868304191296
0.0,0.0759493670886076,0.9999857886210723
0.0,0.07710011507479862,0.9999857331449312
0.0,0.07825086306098965,0.9999855386468522
0.0,0.07940161104718067,0.9999850552679173
0.0,0.0805523590333717,0.999984754879598
0.0,0.08170310701956271,0.999984066443888
0.0,0.08285385500575373,0.9999840288108672
0.0,0.08400460299194476,0.9999825284322976
0.0,0.08515535097813579,0.9999811049092668
0.0,0.08630609896432681,0.9999802092037536
0.0,0.08745684695051784,0.9999801335842772
0.0,0.08860759493670886,0.9999786651323184
0.0,0.08975834292289989,0.9999775017336202
0.0,0.09090909090909091,0.9999774905030788
0.0,0.09205983889528194,0.999977407533192
0.0,0.09321058688147296,0.9999755820890016
0.0,0.09436133486766399,0.9999747293578556
0.0,0.09551208285385501,0.9999745369074502
0.0,0.09666283084004602,0.9999745359769132
0.0,0.09781357882623705,0.9999730280798172
0.0,0.09896432681242807,0.9999727278351064
0.0,0.1001150747986191,0.99997227172901
0.0,0.10126582278481013,0.999972155882166
0.0,0.10241657077100115,0.9999715667129152
0.0,0.10356731875719218,0.9999701823425589
0.0,0.1047180667433832,0.9999645994983332
0.0,0.10586881472957423,0.9999638465745452
0.0,0.10701956271576525,0.999963059620712
0.0,0.10817031070195628,0.9999628636435776
0.0,0.1093210586881473,0.9999563055024344
0.0,0.11047180667433831,0.9999510499988546
0.0,0.11162255466052934,0.9999501145133276
0.0,0.11277330264672036,0.9999463196790848
0.0,0.11392405063291139,0.999945264746921
0.0,0.11507479861910241,0.9999445882678266
0.0,0.11622554660529344,0.9999397822639128
0.0,0.11737629459148446,0.9999378002150022
0.0,0.11852704257767549,0.999936962503267
0.0,0.11967779056386652,0.9999364723418636
0.0,0.12082853855005754,0.9999318096283776
0.0,0.12197928653624857,0.999931275592738
0.0,0.12313003452243959,0.9999274106687038
0.0,0.12428078250863062,0.9999253159842628
0.0,0.12543153049482164,0.9999243871678304
0.0,0.12658227848101267,0.999919953421037
0.0,0.1277330264672037,0.999917165082474
0.0,0.12888377445339472,0.9999162385441824
0.0,0.13003452243958574,0.9999133260023942
0.0,0.13118527042577677,0.9999080266585824
0.0,0.1323360184119678,0.9999030764440806
0.0,0.1334867663981588,0.9999020102083328
0.0,0.13463751438434982,0.9999018669959724
0.0,0.13578826237054084,0.9999008126584435
0.0,0.13693901035673187,0.9998988426372152
0.0,0.1380897583429229,0.9998923791970892
0.0,0.13924050632911392,0.999883598539514
0.0,0.14039125431530494,0.9998828085689128
0.0,0.14154200230149597,0.9998737903889466
0.0,0.142692750287687,0.9998736194653364
0.0,0.14384349827387802,0.99987299579179
0.0,0.14499424626006904,0.9998675607769696
0.0,0.14614499424626007,0.9998562605277264
0.0,0.1472957422324511,0.9998525427749968
0.0,0.14844649021864212,0.9998478733592604
0.0,0.14959723820483314,0.999837501066982
0.0,0.15074798619102417,0.9998370418119956
0.0,0.1518987341772152,0.9998361284259812
0.0,0.15304948216340622,0.999835668825318
0.0,0.15420023014959724,0.999829132190808
0.0,0.15535097813578827,0.9998257724212476
0.0,0.1565017261219793,0.9998071301035372
0.0,0.15765247410817032,0.9998040919331548
0.0,0.15880322209436135,0.9997949025558536
0.0,0.15995397008055237,0.9997863254152992
0.0,0.1611047180667434,0.9997767692491958
0.0,0.1622554660529344,0.99976458295311
0.0,0.16340621403912542,0.9997620478244448
0.0,0.16455696202531644,0.999758698385012
0.0,0.16570771001150747,0.99975819756827
0.0,0.1668584579976985,0.999752811059662
0.0,0.16800920598388952,0.9997501786947708
0.0,0.16915995397008055,0.9997440617212512
0.0,0.17031070195627157,0.9997440511424788
0.0,0.1714614499424626,0.9997406610360744
0.0,0.17261219792865362,0.9997175343819236
0.0,0.17376294591484465,0.9997142005548292
0.0,0.17491369390103567,0.9997132604272664
0.0,0.1760644418872267,0.9997115065461416
0.0,0.17721518987341772,0.9997061463032252
0.0,0.17836593785960875,0.9997046380912332
0.0,0.17951668584579977,0.9996958240431014
0.0,0.1806674338319908,0.9996929618407816
0.0,0.18181818181818182,0.9996921133900888
0.0,0.18296892980437285,0.999689039380014
0.0,0.18411967779056387,0.9996860345713492
0.0,0.1852704257767549,0.9996765484787596
0.0,0.18642117376294592,0.9996751636558718
0.0,0.18757192174913695,0.9996718911944442
0.0,0.18872266973532797,0.9996717107363524
0.0,0.189873417721519,0.9996706269922576
0.0,0.19102416570771003,0.9996627541414258
0.0,0.19217491369390102,0.9996509097404452
0.0,0.19332566168009205,0.9996359933936754
0.0,0.19447640966628307,0.9996310305955122
0.0,0.1956271576524741,0.9995952726082226
0.0,0.19677790563866512,0.9995712312535008
0.0,0.19792865362485615,0.9995330382839296
0.0,0.19907940161104717,0.9995020714141178
0.0,0.2002301495972382,0.9994913784841444
0.0,0.20138089758342922,0.9994910884705168
0.0,0.20253164556962025,0.9994730849118668
0.0,0.20368239355581128,0.9994721698630674
0.0,0.2048331415420023,0.9994558952723768
0.0,0.20598388952819333,0.9994532518442074
0.0,0.20713463751438435,0.9994388816241782
0.0,0.20828538550057538,0.9994321763249662
0.0,0.2094361334867664,0.9994286889923416
0.0,0.21058688147295743,0.9994106056359362
0.0,0.21173762945914845,0.9994027459330674
0.0,0.21288837744533948,0.9993971780748118
0.0,0.2140391254315305,0.9993700843579896
0.0,0.21518987341772153,0.9993503099709375
0.0,0.21634062140391255,0.9993196694784736
0.0,0.21749136939010358,0.9993163273151788
0.0,0.2186421173762946,0.9992862995212598
0.0,0.21979286536248563,0.999275157642672
0.0,0.22094361334867663,0.9992707726454148
0.0,0.22209436133486765,0.9992676645109632
0.0,0.22324510932105868,0.9992297423656892
0.0,0.2243958573072497,0.999218050785869
0.0,0.22554660529344073,0.9992066135626776
0.0,0.22669735327963175,0.9992054038457068
0.0,0.22784810126582278,0.999202210010318
0.0,0.2289988492520138,0.9991900559299656
0.0,0.23014959723820483,0.9991797414834924
0.0,0.23130034522439585,0.999172735525161
0.0,0.23245109321058688,0.9991681249005588
0.0,0.2336018411967779,0.9991267551245568
0.0,0.23475258918296893,0.9991195349005908
0.0,0.23590333716915995,0.9990971540337454
0.0,0.23705408515535098,0.9990682310302238
0.0,0.238204833141542,0.999051077055946
0.0,0.23935558112773303,0.9990482795349284
0.0,0.24050632911392406,0.9990444369701648
0.0,0.24165707710011508,0.9989834975409492
0.0,0.2428078250863061,0.9989700897168952
0.0,0.24395857307249713,0.9989494511931786
0.0,0.24510932105868816,0.99891777932808
0.0,0.24626006904487918,0.9988840038592174
0.0,0.2474108170310702,0.998882220672719
0.0,0.24856156501726123,0.9988386352748992
0.0,0.24971231300345226,0.9988109547385956
0.0,0.2508630609896433,0.99879544265627
0.0,0.2520138089758343,0.9987840414838836
0.0,0.25316455696202533,0.998775112993176
0.0,0.25431530494821636,0.9987554949067492
0.0,0.2554660529344074,0.998750065194707
0.0,0.2566168009205984,0.9987424690716404
0.0,0.25776754890678943,0.9987407504817968
0.0,0.25891829689298046,0.9986813575653248
0.0,0.2600690448791715,0.9986393510067466
0.0,0.2612197928653625,0.9986262937716426
0.0,0.26237054085155354,0.998613009775885
0.0,0.26352128883774456,0.9985877810848356
0.0,0.2646720368239356,0.9985602196530596
0.0,0.26582278481012656,0.9985526706707066
0.0,0.2669735327963176,0.9985406563725032
0.0,0.2681242807825086,0.9985158532396468
0.0,0.26927502876869963,0.9984656809715504
0.0,0.27042577675489066,0.9984370864157456
0.0,0.2715765247410817,0.9984164422407026
0.0,0.2727272727272727,0.9984040616126104
0.0,0.27387802071346373,0.998381009753494
0.0,0.27502876869965476,0.998378015281044
0.0,0.2761795166858458,0.998375050773838
0.0,0.2773302646720368,0.998367728589255
0.0,0.27848101265822783,0.9983351138868816
0.0,0.27963176064441886,0.9983136248424924
0.0,0.2807825086306099,0.9983063848886908
0.0,0.2819332566168009,0.9982905443284604
0.0,0.28308400460299193,0.9982676308240038
0.0,0.28423475258918296,0.9982543117006024
0.0,0.285385500575374,0.9982440467663348
0.0,0.286536248561565,0.998168950904618
0.0,0.28768699654775604,0.998141140604684
0.0,0.28883774453394706,0.9980824985240782
0.0,0.2899884925201381,0.9980487190151476
0.0,0.2911392405063291,0.9980173032158596
0.0,0.29228998849252014,0.997988348197653
0.0,0.29344073647871116,0.997966551100847
0.0,0.2945914844649022,0.9979344998847968
0.0,0.2957422324510932,0.997930329355621
0.0,0.29689298043728424,0.9979279884775638
0.0,0.29804372842347526,0.9978879673374116
0.0,0.2991944764096663,0.9978841027808264
0.0,0.3003452243958573,0.9978075868767868
0.0,0.30149597238204834,0.997797752015882
0.0,0.30264672036823936,0.9977886225885714
0.0,0.3037974683544304,0.9977382505564352
0.0,0.3049482163406214,0.9977039664185304
0.0,0.30609896432681244,0.9976285410300008
0.0,0.30724971231300346,0.99757069043145
0.0,0.3084004602991945,0.997505936980766
0.0,0.3095512082853855,0.99748936460022
0.0,0.31070195627157654,0.9974625682083248
0.0,0.31185270425776757,0.9974456440017084
0.0,0.3130034522439586,0.9973755483528228
0.0,0.3141542002301496,0.9973673466582458
0.0,0.31530494821634064,0.9973663918190334
0.0,0.31645569620253167,0.9973455026961818
0.0,0.3176064441887227,0.9973366067076728
0.0,0.3187571921749137,0.9973052908078957
0.0,0.31990794016110474,0.9972708364780304
0.0,0.32105868814729577,0.9972694038349432
0.0,0.3222094361334868,0.9972630321376552
0.0,0.3233601841196778,0.9972403885872272
0.0,0.3245109321058688,0.997232320108702
0.0,0.3256616800920598,0.997138110272202
0.0,0.32681242807825084,0.9970373786259582
0.0,0.32796317606444186,0.9970188368530029
0.0,0.3291139240506329,0.9969539088243414
0.0,0.3302646720368239,0.9969175669357766
0.0,0.33141542002301494,0.9968718720136934
0.0,0.33256616800920596,0.9968295732197472
0.0,0.333716915995397,0.9968187649816864
0.0,0.334867663981588,0.9968166635975328
0.0,0.33601841196777904,0.9968148532832736
0.0,0.33716915995397007,0.9967054180829408
0.0,0.3383199079401611,0.9966539574229012
0.0,0.3394706559263521,0.9965736547498208
0.0,0.34062140391254314,0.996566840535094
0.0,0.34177215189873417,0.996510622985151
0.0,0.3429228998849252,0.9964405905808716
0.0,0.3440736478711162,0.996426171020792
0.0,0.34522439585730724,0.9964067357962956
0.0,0.34637514384349827,0.996399917963492
0.0,0.3475258918296893,0.9963117341460253
0.0,0.3486766398158803,0.9963009564867528
0.0,0.34982738780207134,0.9962561695946136
0.0,0.35097813578826237,0.9961957765766448
0.0,0.3521288837744534,0.9961884887434496
0.0,0.3532796317606444,0.996167423195568
0.0,0.35443037974683544,0.9961369235437628
0.0,0.35558112773302647,0.996117375437834
0.0,0.3567318757192175,0.9961089083814696
0.0,0.3578826237054085,0.9961061352442316
0.0,0.35903337169159955,0.9960837535388072
0.0,0.36018411967779057,0.9960760372319702
0.0,0.3613348676639816,0.9960685795478093
0.0,0.3624856156501726,0.9960680467072202
0.0,0.36363636363636365,0.9959912601497056
0.0,0.36478711162255467,0.995984049362144
0.0,0.3659378596087457,0.9958554661818072
0.0,0.3670886075949367,0.995837349708036
0.0,0.36823935558112775,0.995812094092713
0.0,0.3693901035673188,0.9958059837312774
0.0,0.3705408515535098,0.9957806656296404
0.0,0.3716915995397008,0.9957794889800606
0.0,0.37284234752589185,0.9957792021875904
0.0,0.3739930955120829,0.9957731035528016
0.0,0.3751438434982739,0.9957414037974234
0.0,0.3762945914844649,0.9957250719860266
0.0,0.37744533947065595,0.995719976445884
0.0,0.378596087456847,0.9957164332689504
0.0,0.379746835443038,0.9956826989070698
0.0,0.380897583429229,0.995605863342582
0.0,0.38204833141542005,0.9955672222949478
0.0,0.383199079401611,0.9954273566190984
0.0,0.38434982738780205,0.99539756045916
0.0,0.38550057537399307,0.9953854895890316
0.0,0.3866513233601841,0.9953819803824407
0.0,0.3878020713463751,0.9953791618108292
0.0,0.38895281933256615,0.9952602513032114
0.0,0.39010356731875717,0.9952371888123598
0.0,0.3912543153049482,0.9952141942476692
0.0,0.3924050632911392,0.9952138390087027
0.0,0.39355581127733025,0.9952006268706806
0.0,0.3947065592635213,0.9951957382674288
0.0,0.3958573072497123,0.9951688022203032
0.0,0.3970080552359033,0.9951290853832228
0.0,0.39815880322209435,0.9949545716100412
0.0,0.3993095512082854,0.9949271122920031
0.0,0.4004602991944764,0.9948723557427906
0.0,0.4016110471806674,0.994864222231264
0.0,0.40276179516685845,0.9948500205393368
0.0,0.4039125431530495,0.994829199417946
0.0,0.4050632911392405,0.9948207160175364
0.0,0.4062140391254315,0.9946951332845564
0.0,0.40736478711162255,0.9946808929890166
0.0,0.4085155350978136,0.9946337409371035
0.0,0.4096662830840046,0.994620615831435
0.0,0.4108170310701956,0.9945582004061428
0.0,0.41196777905638665,0.994526257178405
0.0,0.4131185270425777,0.994482543194283
0.0,0.4142692750287687,0.9944666887457828
0.0,0.4154200230149597,0.9944578044634932
0.0,0.41657077100115075,0.9944570336344696
0.0,0.4177215189873418,0.994257973472978
0.0,0.4188722669735328,0.9942466843713232
0.0,0.42002301495972383,0.9942114938516724
0.0,0.42117376294591485,0.9941888946227716
0.0,0.4223245109321059,0.994178212118967
0.0,0.4234752589182969,0.994122895430546
0.0,0.42462600690448793,0.99407065920963
0.0,0.42577675489067895,0.9940621085629052
0.0,0.42692750287687,0.994016054341238
0.0,0.428078250863061,0.9939418487094696
0.0,0.42922899884925203,0.9939382718120612
0.0,0.43037974683544306,0.9938615147918236
0.0,0.4315304948216341,0.9938324825090032
0.0,0.4326812428078251,0.9938315544374676
0.0,0.43383199079401613,0.9938272521909592
0.0,0.43498273878020716,0.9938241128802272
0.0,0.4361334867663982,0.9938041157561974
0.0,0.4372842347525892,0.993765066449516
0.0,0.43843498273878023,0.9937592593513784
0.0,0.43958573072497126,0.9937188377945146
0.0,0.4407364787111623,0.9936932013949454
0.0,0.44188722669735325,0.9936656435230272
0.0,0.4430379746835443,0.993659942998084
0.0,0.4441887226697353,0.9936545906943604
0.0,0.44533947065592633,0.9936359616924292
0.0,0.44649021864211735,0.993596440641679
0.0,0.4476409666283084,0.9935761847959084
0.0,0.4487917146144994,0.9935588436071614
0.0,0.44994246260069043,0.9935331711876484
0.0,0.45109321058688145,0.9935152517863608
0.0,0.4522439585730725,0.9934177020187172
0.0,0.4533947065592635,0.9934156413926128
0.0,0.45454545454545453,0.9934025568236255
0.0,0.45569620253164556,0.9933985247917676
0.0,0.4568469505178366,0.9933694165134916
0.0,0.4579976985040276,0.9933103879064706
0.0,0.45914844649021863,0.9932798406658084
0.0,0.46029919447640966,0.9932681778768088
0.0,0.4614499424626007,0.993246384911328
0.0,0.4626006904487917,0.9932175572962854
0.0,0.46375143843498273,0.9932031626966616
0.0,0.46490218642117376,0.9931281865034398
0.0,0.4660529344073648,0.9931227607611236
0.0,0.4672036823935558,0.9931211865969152
0.0,0.46835443037974683,0.9930897285611872
0.0,0.46950517836593786,0.992988300673616
0.0,0.4706559263521289,0.992987689111235
0.0,0.4718066743383199,0.9929755724830608
0.0,0.47295742232451093,0.9929569429448376
0.0,0.47410817031070196,0.9928303652324164
0.0,0.475258918296893,0.9926578049586042
0.0,0.476409666283084,0.992632206838594
0.0,0.47756041426927504,0.9926217749400728
0.0,0.47871116225546606,0.9925763660476912
0.0,0.4798619102416571,0.9925526906072852
0.0,0.4810126582278481,0.9924879573946
0.0,0.48216340621403914,0.9924825338870016
0.0,0.48331415420023016,0.992457817318659
0.0,0.4844649021864212,0.9924105877250096
0.0,0.4856156501726122,0.9923694656987236
0.0,0.48676639815880324,0.9923420597962136
0.0,0.48791714614499426,0.9922036985559636
0.0,0.4890678941311853,0.9920484082723292
0.0,0.4902186421173763,0.9919585485195987
0.0,0.49136939010356734,0.9919428194785072
0.0,0.49252013808975836,0.99189289247513
0.0,0.4936708860759494,0.9918877321957772
0.0,0.4948216340621404,0.9917564876486968
0.0,0.49597238204833144,0.991729975062976
0.0,0.49712313003452246,0.9917199733284636
0.0,0.4982738780207135,0.9914551846623988
0.0,0.4994246260069045,0.9913555487906326
0.0,0.5005753739930955,0.9913061551886188
0.0,0.5017261219792866,0.9912954511019528
0.0,0.5028768699654775,0.9911283000310992
0.0,0.5040276179516686,0.9910984964533688
0.0,0.5051783659378596,0.9910875361168192
0.0,0.5063291139240507,0.9910807286168858
0.0,0.5074798619102416,0.9910693939611128
0.0,0.5086306098964327,0.9910260818580464
0.0,0.5097813578826237,0.9909934736495992
0.0,0.5109321058688148,0.9909215960716434
0.0,0.5120828538550057,0.9907871441714652
0.0,0.5132336018411968,0.9906223736670589
0.0,0.5143843498273878,0.9906030494075252
0.0,0.5155350978135789,0.9905411620495792
0.0,0.5166858457997698,0.990209444586673
0.0,0.5178365937859609,0.9900859308846964
0.0,0.5189873417721519,0.9900313205968584
0.0,0.520138089758343,0.9900037897368617
0.0,0.5212888377445339,0.989956280027555
0.0,0.522439585730725,0.9899433710550428
0.0,0.523590333716916,0.9899398309204216
0.0,0.5247410817031071,0.9899196552349716
0.0,0.525891829689298,0.9898898419375484
0.0,0.5270425776754891,0.989881710632926
0.0,0.5281933256616801,0.9898136947602014
0.0,0.5293440736478712,0.9896680307744666
0.0,0.5304948216340621,0.989573166056607
0.0,0.5316455696202531,0.9895436912993965
0.0,0.5327963176064442,0.9894750170017232
0.0,0.5339470655926352,0.9894653152299384
0.0,0.5350978135788262,0.989406001816943
0.0,0.5362485615650172,0.9894031747569356
0.0,0.5373993095512083,0.9892281683541072
0.0,0.5385500575373993,0.9891636211834308
0.0,0.5397008055235903,0.9891090138340378
0.0,0.5408515535097813,0.9890220818193388
0.0,0.5420023014959724,0.988991352279992
0.0,0.5431530494821634,0.9888633703592028
0.0,0.5443037974683544,0.9887723649833
0.0,0.5454545454545454,0.9883624720853574
0.0,0.5466052934407365,0.9883596698182656
0.0,0.5477560414269275,0.9883567060800712
0.0,0.5489067894131185,0.9882426284250674
0.0,0.5500575373993095,0.988227462319896
0.0,0.5512082853855006,0.9881239272526428
0.0,0.5523590333716916,0.9879971595240996
0.0,0.5535097813578826,0.9879700945885014
0.0,0.5546605293440736,0.9878608854621836
0.0,0.5558112773302647,0.987854585096253
0.0,0.5569620253164557,0.9875724092184114
0.00015080681646810435,0.5569620253164557,0.9875482532950536
0.00015080681646810435,0.5581127733026467,0.9875141155290312
0.00015080681646810435,0.5592635212888377,0.9874549994796128
0.00015080681646810435,0.5604142692750288,0.9872917859402344
0.00015080681646810435,0.5615650172612198,0.98727456619828
0.00015080681646810435,0.5627157652474108,0.9872132540778666
0.00015080681646810435,0.5638665132336018,0.987108897580273
0.00015080681646810435,0.5650172612197929,0.9869992186876576
0.00015080681646810435,0.5661680092059839,0.9869668453510196
0.00015080681646810435,0.567318757192175,0.9869555380519404
0.00015080681646810435,0.5684695051783659,0.98674956901398
0.00015080681646810435,0.569620253164557,0.9866596439215972
0.00015080681646810435,0.570771001150748,0.9866393431188684
0.00015080681646810435,0.571921749136939,0.9865077728692944
0.0003016136329362087,0.571921749136939,0.9864167339384046
0.0003016136329362087,0.57307249712313,0.986357572145442
0.0003016136329362087,0.5742232451093211,0.9863567110813456
0.0003016136329362087,0.5753739930955121,0.9861410069356974
0.0003016136329362087,0.5765247410817032,0.9860295460437092
0.0003016136329362087,0.5776754890678941,0.9859497971230972
0.0003016136329362087,0.5788262370540852,0.9859393090884824
0.0003016136329362087,0.5799769850402762,0.9858845294184176
0.0003016136329362087,0.5811277330264673,0.9856502976280492
0.0003016136329362087,0.5822784810126582,0.985565789773748
0.0003016136329362087,0.5834292289988493,0.9855490933940236
0.0003016136329362087,0.5845799769850403,0.985453941058723
0.0003016136329362087,0.5857307249712314,0.9854254576572272
0.0003016136329362087,0.5868814729574223,0.9852951022610325
0.0003016136329362087,0.5880322209436134,0.9852750747644556
0.0003016136329362087,0.5891829689298044,0.9850533666195374
0.0003016136329362087,0.5903337169159953,0.9850512635943672
0.0003016136329362087,0.5914844649021864,0.9849633268338432
0.0003016136329362087,0.5926352128883774,0.984845796850264
0.0003016136329362087,0.5937859608745685,0.9847762470009892
0.0003016136329362087,0.5949367088607594,0.984658847671808
0.0003016136329362087,0.5960874568469505,0.984630458848902
0.0003016136329362087,0.5972382048331415,0.984612049415354
0.0003016136329362087,0.5983889528193326,0.9846036784016904
0.0003016136329362087,0.5995397008055235,0.9846016606211636
0.0003016136329362087,0.6006904487917146,0.9844869458641812
0.00045242044940431306,0.6006904487917146,0.9841851268719622
0.00045242044940431306,0.6018411967779056,0.9841263191074506
0.00045242044940431306,0.6029919447640967,0.9839287430810112
0.00045242044940431306,0.6041426927502876,0.9838978717934612
0.00045242044940431306,0.6052934407364787,0.9838109648675488
0.00045242044940431306,0.6064441887226697,0.9836660020112716
0.00045242044940431306,0.6075949367088608,0.9834855654682626
0.00045242044940431306,0.6087456846950517,0.9832962151254604
0.00045242044940431306,0.6098964326812428,0.9832425031763978
0.00045242044940431306,0.6110471806674338,0.9829442127523612
0.00045242044940431306,0.6121979286536249,0.9829054754064372
0.00045242044940431306,0.6133486766398158,0.9828801192239804
0.00045242044940431306,0.6144994246260069,0.9827890541489652
0.00045242044940431306,0.6156501726121979,0.9825503187410202
0.00045242044940431306,0.616800920598389,0.982446053723576
0.00045242044940431306,0.61795166858458,0.9823415801721804
0.00045242044940431306,0.619102416570771,0.9822899220886202
0.00045242044940431306,0.620253164556962,0.9821598500885228
0.00045242044940431306,0.6214039125431531,0.982025236561902
0.00045242044940431306,0.622554660529344,0.9818347828629744
0.0006032272658724174,0.622554660529344,0.9817667390417416
0.0006032272658724174,0.6237054085155351,0.981592188072462
0.0006032272658724174,0.6248561565017261,0.9815712288802476
0.0006032272658724174,0.6260069044879172,0.9815115002753588
0.0006032272658724174,0.6271576524741082,0.9808894661262264
0.0007540340823405218,0.6271576524741082,0.9807448700651852
0.0007540340823405218,0.6283084004602992,0.9806502964603844
0.0007540340823405218,0.6294591484464902,0.9804478020728205
0.0007540340823405218,0.6306098964326813,0.98043769880368
0.0007540340823405218,0.6317606444188723,0.9804310842086728
0.0009048408988086261,0.6317606444188723,0.9803343790800564
0.0009048408988086261,0.6329113924050633,0.9802870624340264
0.0009048408988086261,0.6340621403912543,0.9797449737912278
0.0009048408988086261,0.6352128883774454,0.9796388308354054
0.0010556477152767305,0.6352128883774454,0.979168643529285
0.0010556477152767305,0.6363636363636364,0.9791200961972216
0.0010556477152767305,0.6375143843498274,0.979099271029665
0.0010556477152767305,0.6386651323360184,0.9789482016500384
0.0010556477152767305,0.6398158803222095,0.9789474488389728
0.0010556477152767305,0.6409666283084005,0.97889687784252
0.0010556477152767305,0.6421173762945915,0.9788904599319092
0.0010556477152767305,0.6432681242807825,0.9783973723387142
0.0010556477152767305,0.6444188722669736,0.97829464287572
0.0012064545317448348,0.6444188722669736,0.978218402027766
0.0012064545317448348,0.6455696202531646,0.9779864545450998
0.0013572613482129392,0.6455696202531646,0.977939112679556
0.0013572613482129392,0.6467203682393556,0.9777755803305278
0.0013572613482129392,0.6478711162255466,0.9777232922397002
0.0013572613482129392,0.6490218642117376,0.9773745229157136
0.0015080681646810435,0.6490218642117376,0.9767404816073828
0.0015080681646810435,0.6501726121979287,0.9765599379710492
0.0015080681646810435,0.6513233601841196,0.9761597321407358
0.0016588749811491479,0.6513233601841196,0.976069075108408
0.0016588749811491479,0.6524741081703107,0.9759755532747688
0.0018096817976172522,0.6524741081703107,0.9757774345436449
0.0019604886140853566,0.6524741081703107,0.9752517070693668
0.0019604886140853566,0.6536248561565017,0.9748717685709132
0.0019604886140853566,0.6547756041426928,0.9746265293434454
0.0019604886140853566,0.6559263521288837,0.9741730030923116
0.0019604886140853566,0.6570771001150748,0.9741578779097776
0.0019604886140853566,0.6582278481012658,0.9740568195201916
0.0019604886140853566,0.6593785960874569,0.9737506677631542
0.0019604886140853566,0.6605293440736478,0.973287458727122
0.0019604886140853566,0.6616800920598389,0.973127818556308
0.0019604886140853566,0.6628308400460299,0.9731021114456756
0.0019604886140853566,0.663981588032221,0.9730475251794048
0.0019604886140853566,0.6651323360184119,0.9727483152844378
0.0019604886140853566,0.666283084004603,0.9723607227191932
0.002111295430553461,0.666283084004603,0.9719949225809632
0.002111295430553461,0.667433831990794,0.9718164650973106
0.002111295430553461,0.6685845799769851,0.9716732000910688
0.002111295430553461,0.669735327963176,0.9714857827341434
0.002111295430553461,0.6708860759493671,0.971063137740076
0.002111295430553461,0.6720368239355581,0.9707726450592394
0.002111295430553461,0.6731875719217492,0.9706939036705206
0.002111295430553461,0.6743383199079401,0.9706328768604002
0.002111295430553461,0.6754890678941312,0.97011498420749
0.002111295430553461,0.6766398158803222,0.9698129730848536
0.0022621022470215653,0.6766398158803222,0.9692121045958808
0.0022621022470215653,0.6777905638665133,0.9688753677575556
0.0022621022470215653,0.6789413118527042,0.9682729484148412
0.0024129090634896697,0.6789413118527042,0.9679670030019624
0.0024129090634896697,0.6800920598388953,0.9678561309241814
0.0024129090634896697,0.6812428078250863,0.9677721355866956
0.0024129090634896697,0.6823935558112774,0.96776063008556
0.002563715879957774,0.6823935558112774,0.9668352779979876
0.002563715879957774,0.6835443037974683,0.9668237782550456
0.002563715879957774,0.6846950517836594,0.9668090794334386
0.002563715879957774,0.6858457997698504,0.9667553757690636
0.002563715879957774,0.6869965477560415,0.9666491831428834
0.002563715879957774,0.6881472957422324,0.9662988306274004
0.002563715879957774,0.6892980437284235,0.9660581392017682
0.002563715879957774,0.6904487917146145,0.9659532547402098
0.002563715879957774,0.6915995397008056,0.9656713422206116
0.002563715879957774,0.6927502876869965,0.9651339006492632
0.002563715879957774,0.6939010356731876,0.9650363432041432
0.0027145226964258784,0.6939010356731876,0.964784460498996
0.0028653295128939827,0.6939010356731876,0.9647025783386672
0.0028653295128939827,0.6950517836593786,0.964474438790843
0.0028653295128939827,0.6962025316455697,0.9644542943459652
0.003016136329362087,0.6962025316455697,0.9643783244956609
0.003016136329362087,0.6973532796317606,0.964362438759919
0.003016136329362087,0.6985040276179517,0.9642525804111738
0.003016136329362087,0.6996547756041427,0.9638238250304888
0.0031669431458301914,0.6996547756041427,0.9638203693562464
0.0031669431458301914,0.7008055235903338,0.963383417214471
0.0031669431458301914,0.7019562715765247,0.9633318097583988
0.0033177499622982958,0.7019562715765247,0.9632666144017203
0.0034685567787664,0.7019562715765247,0.9628661767201276
0.0036193635952345045,0.7019562715765247,0.9625342666052968
0.0036193635952345045,0.7031070195627158,0.9624744888001584
0.0036193635952345045,0.7042577675489068,0.9623763306555834
0.003770170411702609,0.7042577675489068,0.9623194691918944
0.003920977228170713,0.7042577675489068,0.9622705936908502
0.003920977228170713,0.7054085155350979,0.9621326305608778
0.003920977228170713,0.7065592635212888,0.9620594293482094
0.003920977228170713,0.7077100115074798,0.9616395391746936
0.003920977228170713,0.7088607594936709,0.9614488225566578
0.003920977228170713,0.7100115074798619,0.9610609931634214
0.004071784044638818,0.7100115074798619,0.960837530546858
0.004071784044638818,0.7111622554660529,0.960128925719157
0.004071784044638818,0.7123130034522439,0.9600793250234256
0.004222590861106922,0.7123130034522439,0.9598378100735144
0.004222590861106922,0.713463751438435,0.9590446896384888
0.004373397677575027,0.713463751438435,0.958922592782231
0.004524204494043131,0.713463751438435,0.9585309467037676
0.004675011310511235,0.713463751438435,0.9584516844868226
0.004675011310511235,0.714614499424626,0.9582050911360948
0.004675011310511235,0.715765247410817,0.9578019125528604
0.004675011310511235,0.716915995397008,0.9576860589005868
0.004675011310511235,0.7180667433831991,0.9575814245653118
0.004825818126979339,0.7180667433831991,0.9575321481331472
0.004825818126979339,0.7192174913693901,0.9575157258198468
0.004825818126979339,0.7203682393555811,0.957315650472566
0.004825818126979339,0.7215189873417721,0.9570311399860888
0.004825818126979339,0.7226697353279632,0.957017953314933
0.004825818126979339,0.7238204833141542,0.9558352460156224
0.004825818126979339,0.7249712313003452,0.9558206933554768
0.004825818126979339,0.7261219792865362,0.9556174409748146
0.004825818126979339,0.7272727272727273,0.95492991115653
0.004825818126979339,0.7284234752589183,0.9542254359882494
0.004825818126979339,0.7295742232451093,0.9541017723363108
0.004825818126979339,0.7307249712313003,0.9538877606813438
0.004825818126979339,0.7318757192174914,0.9538484512096824
0.004976624943447444,0.7318757192174914,0.9533210074329724
0.004976624943447444,0.7330264672036824,0.9532980805880334
0.004976624943447444,0.7341772151898734,0.9528990271360775
0.004976624943447444,0.7353279631760644,0.952552453755769
0.005127431759915548,0.7353279631760644,0.9523947035234724
0.005127431759915548,0.7364787111622555,0.952039585156676
0.005127431759915548,0.7376294591484465,0.9518777360235348
0.005127431759915548,0.7387802071346375,0.951702025107803
0.005127431759915548,0.7399309551208285,0.95165929317983
0.005127431759915548,0.7410817031070196,0.951306613084808
0.005278238576383653,0.7410817031070196,0.951161699458407
0.005278238576383653,0.7422324510932106,0.9507939818353918
0.005278238576383653,0.7433831990794016,0.9506885043739394
0.005278238576383653,0.7445339470655926,0.9502267175607032
0.005278238576383653,0.7456846950517837,0.9501616682313594
0.005429045392851757,0.7456846950517837,0.9495192623174388
0.0055798522093198615,0.7456846950517837,0.9494159118779164
0.0055798522093198615,0.7468354430379747,0.9477005079057476
0.0057306590257879654,0.7468354430379747,0.94733789696059
0.0057306590257879654,0.7479861910241657,0.9467515579805704
0.00588146584225607,0.7479861910241657,0.9465304379847684
0.00588146584225607,0.7491369390103567,0.9459063791732892
0.00588146584225607,0.7502876869965478,0.9457529706822044
0.00588146584225607,0.7514384349827388,0.9453876582714836
0.00588146584225607,0.7525891829689298,0.945214842870996
0.00588146584225607,0.7537399309551208,0.945119259465648
0.00588146584225607,0.7548906789413119,0.9440344343858424
0.00588146584225607,0.7560414269275029,0.9428300703651092
0.00588146584225607,0.757192174913694,0.9425862731193082
0.00588146584225607,0.7583429228998849,0.9421705161885198
0.00588146584225607,0.759493670886076,0.9415544262548176
0.006032272658724174,0.759493670886076,0.9412437669843258
0.006183079475192279,0.759493670886076,0.9409051379890584
0.006183079475192279,0.760644418872267,0.940666023034756
0.006183079475192279,0.761795166858458,0.940634998942415
0.006183079475192279,0.762945914844649,0.9404806191529868
0.006183079475192279,0.7640966628308401,0.9390263759167105
0.006333886291660383,0.7640966628308401,0.93875176800782
0.006333886291660383,0.7652474108170311,0.938646502105066
0.006484693108128488,0.7652474108170311,0.9385505525440376
0.006484693108128488,0.766398158803222,0.9383008675903632
0.006484693108128488,0.7675489067894131,0.9380948795711488
0.0066354999245965916,0.7675489067894131,0.9380366897653
0.0066354999245965916,0.7686996547756041,0.9376018489515292
0.0066354999245965916,0.7698504027617952,0.9374573652126515
0.0066354999245965916,0.7710011507479861,0.9372092692175592
0.0066354999245965916,0.7721518987341772,0.9371179038542934
0.0066354999245965916,0.7733026467203682,0.936903056879392
0.006786306741064696,0.7733026467203682,0.9366543231250604
0.006786306741064696,0.7744533947065593,0.9359855592278136
0.0069371135575328,0.7744533947065593,0.9359707830286856
0.007087920374000905,0.7744533947065593,0.9359020665804824
0.007238727190469009,0.7744533947065593,0.9357508368669808
0.007389534006937114,0.7744533947065593,0.9352936820066934
0.007540340823405218,0.7744533947065593,0.9351638316393722
0.007540340823405218,0.7756041426927502,0.934985820823723
0.007540340823405218,0.7767548906789413,0.934451330608724
0.007540340823405218,0.7779056386651323,0.9343589504291212
0.007540340823405218,0.7790563866513234,0.934051186043754
0.007540340823405218,0.7802071346375143,0.93326654831194
0.007540340823405218,0.7813578826237054,0.9328810476525378
0.0076911476398733225,0.7813578826237054,0.932797324846424
0.0076911476398733225,0.7825086306098964,0.9327441234315156
0.007841954456341426,0.7825086306098964,0.9320697924123418
0.007841954456341426,0.7836593785960875,0.931968951586582
0.007841954456341426,0.7848101265822784,0.9316786373008826
0.007992761272809531,0.7848101265822784,0.9308283243314528
0.007992761272809531,0.7859608745684695,0.9299049244955118
0.007992761272809531,0.7871116225546605,0.9297386489604308
0.008143568089277636,0.7871116225546605,0.9291679815017684
0.008143568089277636,0.7882623705408516,0.928652993860042
0.008143568089277636,0.7894131185270425,0.9285474266384914
0.008294374905745739,0.7894131185270425,0.92847449907004
0.008445181722213844,0.7894131185270425,0.928373480612986
0.008595988538681949,0.7894131185270425,0.9283707019041654
0.008746795355150053,0.7894131185270425,0.9281286944750226
0.008897602171618156,0.7894131185270425,0.9279408780229392
0.008897602171618156,0.7905638665132336,0.9276294001549358
0.009048408988086261,0.7905638665132336,0.927426414146045
0.009048408988086261,0.7917146144994246,0.9273564654988524
0.009048408988086261,0.7928653624856157,0.9263591255394246
0.009048408988086261,0.7940161104718066,0.9259390134083408
0.009048408988086261,0.7951668584579977,0.9257142195273372
0.009199215804554366,0.7951668584579977,0.9256037556793596
0.009199215804554366,0.7963176064441887,0.9250255295282552
0.00935002262102247,0.7963176064441887,0.9249280046112252
0.00935002262102247,0.7974683544303798,0.9236756849575138
0.009500829437490574,0.7974683544303798,0.9235980912015384
0.009651636253958679,0.7974683544303798,0.9229081283250692
0.009651636253958679,0.7986191024165707,0.9216601745039588
0.009802443070426783,0.7986191024165707,0.9211784764582484
0.009802443070426783,0.7997698504027618,0.9208642540587736
0.009802443070426783,0.8009205983889528,0.9206294944675278
0.009802443070426783,0.8020713463751439,0.9203256329377972
0.009802443070426783,0.8032220943613348,0.920235115832866
0.009802443070426783,0.8043728423475259,0.9198466463318224
0.009802443070426783,0.8055235903337169,0.9191822773884388
0.009802443070426783,0.806674338319908,0.9177808251173404
0.009802443070426783,0.807825086306099,0.9173031352327228
0.009953249886894888,0.807825086306099,0.9169371060030492
0.010104056703362991,0.807825086306099,0.9164187475190856
0.010104056703362991,0.80897583429229,0.916246411215306
0.010104056703362991,0.810126582278481,0.9160692553429068
0.010254863519831096,0.810126582278481,0.9154798041135044
0.0104056703362992,0.810126582278481,0.9154708615278284
0.010556477152767306,0.810126582278481,0.9147378034211168
0.010707283969235409,0.810126582278481,0.914486780232762
0.010707283969235409,0.8112773302646721,0.9143524854172416
0.010858090785703513,0.8112773302646721,0.913653611233342
0.010858090785703513,0.812428078250863,0.9134767288870598
0.011008897602171618,0.812428078250863,0.9129348603820624
0.011008897602171618,0.8135788262370541,0.9128354634479088
0.011008897602171618,0.8147295742232451,0.9125560972020532
0.011008897602171618,0.8158803222094362,0.9124055526193284
0.011159704418639723,0.8158803222094362,0.912022791919362
0.011310511235107826,0.8158803222094362,0.9119174736627056
0.011461318051575931,0.8158803222094362,0.911806307185528
0.011461318051575931,0.8170310701956272,0.9115772781300788
0.011612124868044036,0.8170310701956272,0.9114642538083596
0.011612124868044036,0.8181818181818182,0.9108860161960596
0.011612124868044036,0.8193325661680092,0.9105025724811202
0.011612124868044036,0.8204833141542003,0.9102832494015992
0.011612124868044036,0.8216340621403913,0.9094658527211954
0.011612124868044036,0.8227848101265823,0.9092368439523456
0.011612124868044036,0.8239355581127733,0.9092295367108022
0.01176293168451214,0.8239355581127733,0.9090636730313064
0.01176293168451214,0.8250863060989643,0.908811328234504
0.01176293168451214,0.8262370540851554,0.9085010340646336
0.011913738500980244,0.8262370540851554,0.90846601842032
0.012064545317448348,0.8262370540851554,0.9066750764786816
0.012215352133916453,0.8262370540851554,0.9066108552731156
0.012215352133916453,0.8273878020713463,0.9060571727696356
0.012366158950384558,0.8273878020713463,0.9057331399036008
0.012366158950384558,0.8285385500575374,0.9056056675094932
0.012366158950384558,0.8296892980437284,0.905352818923434
0.012366158950384558,0.8308400460299195,0.904734679050654
0.012516965766852661,0.8308400460299195,0.9046650096182254
0.012667772583320766,0.8308400460299195,0.903580665117548
0.01281857939978887,0.8308400460299195,0.9030956064438832
0.01281857939978887,0.8319907940161104,0.9024917486695536
0.012969386216256975,0.8319907940161104,0.9023921431953842
0.012969386216256975,0.8331415420023015,0.90125818292148
0.012969386216256975,0.8342922899884925,0.9011933709071538
0.012969386216256975,0.8354430379746836,0.9011551778436332
0.013120193032725078,0.8354430379746836,0.901074935753032
0.013120193032725078,0.8365937859608745,0.9005727513616248
0.013120193032725078,0.8377445339470656,0.9005265677488308
0.013120193032725078,0.8388952819332566,0.8998364301244746
0.013270999849193183,0.8388952819332566,0.8996833903632638
0.013421806665661288,0.8388952819332566,0.8994550595782655
0.013421806665661288,0.8400460299194477,0.8991770768674529
0.013421806665661288,0.8411967779056386,0.898237370632548
0.013421806665661288,0.8423475258918297,0.8978981005457759
0.013572613482129393,0.8423475258918297,0.8976753849595356
0.013723420298597496,0.8423475258918297,0.8954910433151426
0.013723420298597496,0.8434982738780207,0.8954822153163614
0.013723420298597496,0.8446490218642118,0.8950820967210917
0.013723420298597496,0.8457997698504027,0.8948700388832165
0.0138742271150656,0.8457997698504027,0.8948571327657971
0.0138742271150656,0.8469505178365938,0.8947593692691475
0.014025033931533705,0.8469505178365938,0.8946628237969633
0.014025033931533705,0.8481012658227848,0.8939971060307843
0.01417584074800181,0.8481012658227848,0.8937861335048815
0.014326647564469915,0.8481012658227848,0.8935501586294109
0.014326647564469915,0.8492520138089759,0.89263693105526
0.014326647564469915,0.8504027617951668,0.8925562448679143
0.014326647564469915,0.8515535097813579,0.8925083112093415
0.014326647564469915,0.8527042577675489,0.8925056677129284
0.014326647564469915,0.85385500575374,0.8919409336211623
0.014326647564469915,0.8550057537399309,0.8911145978182237
0.014326647564469915,0.856156501726122,0.8909790177430099
0.014326647564469915,0.857307249712313,0.8906920780661461
0.014326647564469915,0.8584579976985041,0.8900864974162676
0.014326647564469915,0.859608745684695,0.8896848462343981
0.014326647564469915,0.8607594936708861,0.8896796220281129
0.014477454380938018,0.8607594936708861,0.8891241074751949
0.014477454380938018,0.8619102416570771,0.8887206902083262
0.014628261197406123,0.8619102416570771,0.888502065501888
0.014779068013874228,0.8619102416570771,0.8878155709835509
0.014929874830342332,0.8619102416570771,0.8876837067916741
0.015080681646810435,0.8619102416570771,0.887679042982829
0.015080681646810435,0.8630609896432682,0.8873837997620749
0.015080681646810435,0.8642117376294591,0.8873211815208186
0.01523148846327854,0.8642117376294591,0.8871446736748607
0.015382295279746645,0.8642117376294591,0.8869020575367841
0.01553310209621475,0.8642117376294591,0.8867260715201585
0.015683908912682853,0.8642117376294591,0.8861686339852901
0.015683908912682853,0.8653624856156502,0.886152671113983
0.015834715729150958,0.8653624856156502,0.8858135462934189
0.015985522545619062,0.8653624856156502,0.8855837218087104
0.015985522545619062,0.8665132336018412,0.8855661375572814
0.016136329362087167,0.8665132336018412,0.8850882992926045
0.016287136178555272,0.8665132336018412,0.8846005023734446
0.016437942995023377,0.8665132336018412,0.8844140175139079
0.016588749811491478,0.8665132336018412,0.8837290176011074
0.016739556627959583,0.8665132336018412,0.883274883009966
0.016739556627959583,0.8676639815880323,0.8828723953414281
0.016890363444427688,0.8676639815880323,0.8828235383717187
0.017041170260895792,0.8676639815880323,0.882606929267255
0.017191977077363897,0.8676639815880323,0.8816408276557975
0.017342783893832002,0.8676639815880323,0.8811647924937014
0.017493590710300107,0.8676639815880323,0.8809744857655518
0.01764439752676821,0.8676639815880323,0.8808982590986265
0.017795204343236313,0.8676639815880323,0.8803543643243773
0.017795204343236313,0.8688147295742232,0.8801651537313719
0.017946011159704418,0.8688147295742232,0.8794469351640181
0.018096817976172522,0.8688147295742232,0.8793365856533811
0.018096817976172522,0.8699654775604143,0.8788724336883176
0.018247624792640627,0.8699654775604143,0.8788515357495916
0.018398431609108732,0.8699654775604143,0.8787410326099389
0.018398431609108732,0.8711162255466053,0.8778754065280429
0.018549238425576837,0.8711162255466053,0.8770094581847528
0.01870004524204494,0.8711162255466053,0.8759384146442108
0.018850852058513046,0.8711162255466053,0.8752796449966724
0.019001658874981148,0.8711162255466053,0.8749706299816913
0.019152465691449252,0.8711162255466053,0.8748658432942329
0.019303272507917357,0.8711162255466053,0.8746925868514323
0.019454079324385462,0.8711162255466053,0.8743915130296577
0.019604886140853567,0.8711162255466053,0.8743579344107706
0.019604886140853567,0.8722669735327964,0.8738215827123298
0.019604886140853567,0.8734177215189873,0.8736906328040962
0.01975569295732167,0.8734177215189873,0.8728731620081769
0.019906499773789776,0.8734177215189873,0.8726599883345718
0.019906499773789776,0.8745684695051784,0.8723970317357034
0.02005730659025788,0.8745684695051784,0.8714945937154062
0.020208113406725983,0.8745684695051784,0.8714359070547016
0.020358920223194087,0.8745684695051784,0.8708688167282539
0.020509727039662192,0.8745684695051784,0.8708150348379982
0.020660533856130297,0.8745684695051784,0.8705508955014102
0.0208113406725984,0.8745684695051784,0.8700864725115321
0.020962147489066506,0.8745684695051784,0.8699844312167426
0.02111295430553461,0.8745684695051784,0.8693765440004648
0.021263761122002716,0.8745684695051784,0.8692672020875821
0.021263761122002716,0.8757192174913694,0.8691572210027079
0.021414567938470817,0.8757192174913694,0.8690604292807875
0.021565374754938922,0.8757192174913694,0.868998391968404
0.021716181571407027,0.8757192174913694,0.8687740197193895
0.021716181571407027,0.8768699654775605,0.8682824158569994
0.021716181571407027,0.8780207134637514,0.8681798084341968
0.021716181571407027,0.8791714614499425,0.8679976046077111
0.02186698838787513,0.8791714614499425,0.8667105204214851
0.022017795204343237,0.8791714614499425,0.866121175484569
0.02216860202081134,0.8791714614499425,0.8652461097188424
0.022319408837279446,0.8791714614499425,0.8649237200070251
0.02247021565374755,0.8791714614499425,0.8648398522366367
0.02247021565374755,0.8803222094361335,0.864624994361367
0.022621022470215652,0.8803222094361335,0.8642672269988799
0.022771829286683757,0.8803222094361335,0.8639586796728091
0.022922636103151862,0.8803222094361335,0.8621912615867888
0.023073442919619967,0.8803222094361335,0.8619539581581461
0.02322424973608807,0.8803222094361335,0.8605582290303125
0.02322424973608807,0.8814729574223246,0.8595991791963608
0.023375056552556176,0.8814729574223246,0.859267070951203
0.023375056552556176,0.8826237054085155,0.8589846387660326
0.02352586336902428,0.8826237054085155,0.858931975307821
0.02352586336902428,0.8837744533947065,0.8589091543416225
0.023676670185492386,0.8837744533947065,0.8586805347223386
0.023827477001960487,0.8837744533947065,0.8584599797430471
0.023978283818428592,0.8837744533947065,0.8583711952808639
0.024129090634896697,0.8837744533947065,0.8581025563882628
0.0242798974513648,0.8837744533947065,0.8579722387546987
0.0242798974513648,0.8849252013808976,0.8576385970165852
0.024430704267832906,0.8849252013808976,0.8571978551163053
0.02458151108430101,0.8849252013808976,0.8567054071784785
0.024732317900769116,0.8849252013808976,0.8566083030379488
0.02488312471723722,0.8849252013808976,0.855755381185626
0.025033931533705322,0.8849252013808976,0.8555487368331606
0.025184738350173427,0.8849252013808976,0.8554691199600573
0.02533554516664153,0.8849252013808976,0.8554578617390179
0.02533554516664153,0.8860759493670886,0.8553299948738055
0.025486351983109636,0.8860759493670886,0.8537360950048516
0.025486351983109636,0.8872266973532796,0.8535865901659189
0.025486351983109636,0.8883774453394706,0.8533076302329288
0.02563715879957774,0.8883774453394706,0.8529788923832259
0.02563715879957774,0.8895281933256617,0.8524817591785031
0.025787965616045846,0.8895281933256617,0.852214968423472
0.02593877243251395,0.8895281933256617,0.8516216082947994
0.026089579248982055,0.8895281933256617,0.8512155351597585
0.026240386065450157,0.8895281933256617,0.8510471847787477
0.026240386065450157,0.8906789413118527,0.8507735764861192
0.02639119288191826,0.8906789413118527,0.8503895058324626
0.026541999698386366,0.8906789413118527,0.8499936971255008
0.02669280651485447,0.8906789413118527,0.8499534769255597
0.02669280651485447,0.8918296892980437,0.8497179812131809
0.026843613331322576,0.8918296892980437,0.8495566744973865
0.026843613331322576,0.8929804372842347,0.8494482082647656
0.02699442014779068,0.8929804372842347,0.8494315314102928
0.027145226964258785,0.8929804372842347,0.849388970674531
0.027145226964258785,0.8941311852704258,0.8489153736873676
0.02729603378072689,0.8941311852704258,0.8481137824461898
0.02729603378072689,0.8952819332566168,0.8480846157891987
0.02744684059719499,0.8952819332566168,0.8475909925371243
0.027597647413663096,0.8952819332566168,0.8475304228166086
0.027597647413663096,0.8964326812428078,0.8473238653468136
0.0277484542301312,0.8964326812428078,0.8470967509167554
0.027899261046599306,0.8964326812428078,0.8470131714984726
0.02805006786306741,0.8964326812428078,0.8469574126590361
0.028200874679535515,0.8964326812428078,0.8467302666064187
0.028200874679535515,0.8975834292289988,0.8466979474024715
0.02835168149600362,0.8975834292289988,0.8459851452541438
0.02835168149600362,0.8987341772151899,0.8459657498366143
0.02835168149600362,0.8998849252013809,0.8457270661488901
0.028502488312471725,0.8998849252013809,0.8455530710841681
0.02865329512893983,0.8998849252013809,0.8452196628459179
0.02865329512893983,0.9010356731875719,0.8451968776468652
0.02880410194540793,0.9010356731875719,0.8450883224124793
0.02880410194540793,0.9021864211737629,0.8440829973804805
0.02880410194540793,0.903337169159954,0.8436709961048193
0.028954908761876036,0.903337169159954,0.842517940693896
0.02910571557834414,0.903337169159954,0.8422520669728678
0.02910571557834414,0.904487917146145,0.8418854818498293
0.029256522394812245,0.904487917146145,0.8415942361453121
0.02940732921128035,0.904487917146145,0.841285757302551
0.029558136027748455,0.904487917146145,0.8409389642503543
0.029558136027748455,0.905638665132336,0.840788712965454
0.02970894284421656,0.905638665132336,0.8403580587955887
0.02970894284421656,0.906789413118527,0.8400952853131659
0.02970894284421656,0.9079401611047181,0.8392991913532271
0.029859749660684665,0.9079401611047181,0.8392003428801138
0.029859749660684665,0.9090909090909091,0.8390429360319644
0.030010556477152766,0.9090909090909091,0.838490263965537
0.030010556477152766,0.9102416570771001,0.8384028385891085
0.03016136329362087,0.9102416570771001,0.8383166824119798
0.030312170110088976,0.9102416570771001,0.8381466667301299
0.030312170110088976,0.9113924050632911,0.8363061756274074
0.03046297692655708,0.9113924050632911,0.8360415494555499
0.030613783743025185,0.9113924050632911,0.835807943072507
0.030613783743025185,0.9125431530494822,0.8355165460748729
0.03076459055949329,0.9125431530494822,0.834963889055591
0.030915397375961395,0.9125431530494822,0.8349265272258253
0.030915397375961395,0.9136939010356732,0.8342488824011274
0.030915397375961395,0.9148446490218642,0.8341989135227968
0.030915397375961395,0.9159953970080552,0.8340516197388456
0.030915397375961395,0.9171461449942463,0.8340087904939383
0.0310662041924295,0.9171461449942463,0.8337331244897508
0.0312170110088976,0.9171461449942463,0.8334608943510036
0.0312170110088976,0.9182968929804373,0.8333610786295439
0.031367817825365706,0.9182968929804373,0.8329219685536069
0.031367817825365706,0.9194476409666283,0.8325694387146768
0.03151862464183381,0.9194476409666283,0.8325326638947943
0.031669431458301915,0.9194476409666283,0.8322910580442408
0.03182023827477002,0.9194476409666283,0.8320562990987549
0.031971045091238125,0.9194476409666283,0.8319607351309326
0.03212185190770623,0.9194476409666283,0.8317241059533239
0.03212185190770623,0.9205983889528193,0.8312903881014765
0.032272658724174334,0.9205983889528193,0.8294039531434564
0.03242346554064244,0.9205983889528193,0.829212003210033
0.032574272357110544,0.9205983889528193,0.8289292109628819
0.03272507917357865,0.9205983889528193,0.8286379609495841
0.03287588599004675,0.9205983889528193,0.8284108782230121
0.03302669280651485,0.9205983889528193,0.827520457586407
0.033177499622982956,0.9205983889528193,0.8274327974158555
0.03332830643945106,0.9205983889528193,0.8263639356511915
0.03332830643945106,0.9217491369390104,0.8263079209322263
0.03332830643945106,0.9228998849252014,0.8259220747791121
0.03332830643945106,0.9240506329113924,0.8255955004748499
0.033479113255919166,0.9240506329113924,0.8250428384148368
0.033479113255919166,0.9252013808975834,0.8249352574164099
0.03362992007238727,0.9252013808975834,0.8246747382036477
0.033780726888855375,0.9252013808975834,0.8239643437752451
0.03393153370532348,0.9252013808975834,0.8239201632309385
0.034082340521791585,0.9252013808975834,0.8237404646269201
0.03423314733825969,0.9252013808975834,0.8232412590655509
0.034383954154727794,0.9252013808975834,0.8229374219551029
0.034383954154727794,0.9263521288837745,0.8229116625685858
0.0345347609711959,0.9263521288837745,0.8228572958960776
0.034685567787664004,0.9263521288837745,0.8227818650739995
0.03483637460413211,0.9263521288837745,0.8222526626249447
0.03483637460413211,0.9275028768699655,0.8221020717492761
0.03483637460413211,0.9286536248561565,0.822066071881872
0.034987181420600214,0.9286536248561565,0.8219200618335755
0.03513798823706832,0.9286536248561565,0.8214048012242751
0.03513798823706832,0.9298043728423475,0.8209813078072782
0.03513798823706832,0.9309551208285386,0.8208558445549674
0.03513798823706832,0.9321058688147296,0.8205627344936032
0.03528879505353642,0.9321058688147296,0.8200986014574416
0.03528879505353642,0.9332566168009206,0.82009067876653
0.03528879505353642,0.9344073647871116,0.8196592026610763
0.03528879505353642,0.9355581127733027,0.8187796036886191
0.03528879505353642,0.9367088607594937,0.8184411375765068
0.03543960187000452,0.9367088607594937,0.818158163832601
0.03543960187000452,0.9378596087456847,0.8177321997152173
0.03543960187000452,0.9390103567318757,0.8175653166714715
0.035590408686472626,0.9390103567318757,0.816985689879201
0.03574121550294073,0.9390103567318757,0.8169467573244474
0.035892022319408835,0.9390103567318757,0.8168494082029667
0.03604282913587694,0.9390103567318757,0.8164777823745613
0.036193635952345045,0.9390103567318757,0.8163579164561683
0.03634444276881315,0.9390103567318757,0.8160101615206784
0.036495249585281254,0.9390103567318757,0.8158818365181171
0.03664605640174936,0.9390103567318757,0.8156798732456841
0.036796863218217464,0.9390103567318757,0.8152820438840651
0.03694767003468557,0.9390103567318757,0.8149951520461922
0.03694767003468557,0.9401611047180668,0.8145460236545833
0.037098476851153674,0.9401611047180668,0.8143547179880559
0.037098476851153674,0.9413118527042578,0.8127735889123187
0.03724928366762178,0.9413118527042578,0.8116316805980799
0.03740009048408988,0.9413118527042578,0.8111689213431897
0.03755089730055799,0.9413118527042578,0.8111284521317881
0.03755089730055799,0.9424626006904487,0.8102332381298548
0.03770170411702609,0.9424626006904487,0.8097041585169495
0.03770170411702609,0.9436133486766398,0.809596241552951
0.03770170411702609,0.9447640966628308,0.8095684236913315
0.03785251093349419,0.9447640966628308,0.8092954390757714
0.038003317749962295,0.9447640966628308,0.8088728712870047
0.0381541245664304,0.9447640966628308,0.8087647887608478
0.038304931382898505,0.9447640966628308,0.8084067552842478
0.038304931382898505,0.9459148446490219,0.8078563145330202
0.03845573819936661,0.9459148446490219,0.807439499306331
0.038606545015834715,0.9459148446490219,0.8073845028073542
0.03875735183230282,0.9459148446490219,0.8073641141619029
0.03875735183230282,0.9470655926352128,0.8050778644862492
0.038908158648770924,0.9470655926352128,0.8050331922117351
0.038908158648770924,0.9482163406214039,0.8049670444907927
0.03905896546523903,0.9482163406214039,0.8046007213468062
0.03905896546523903,0.9493670886075949,0.8045837437565424
0.039209772281707134,0.9493670886075949,0.8040100598349715
0.039209772281707134,0.950517836593786,0.8034207686683024
0.03936057909817524,0.950517836593786,0.8034086435613417
0.03951138591464334,0.950517836593786,0.8033493892452103
0.03966219273111145,0.950517836593786,0.8030647611641963
0.03981299954757955,0.950517836593786,0.8019599343120879
0.03996380636404766,0.950517836593786,0.8019138269700101
0.04011461318051576,0.950517836593786,0.8017912997292294
0.04026541999698386,0.950517836593786,0.8012679848778134
0.040416226813451965,0.950517836593786,0.8011366537302741
0.04056703362992007,0.950517836593786,0.8003970721484592
0.040717840446388175,0.950517836593786,0.8002286497630478
0.04086864726285628,0.950517836593786,0.7998915524672733
0.041019454079324384,0.950517836593786,0.7997824926538845
0.041019454079324384,0.9516685845799769,0.7995346359614705
0.04117026089579249,0.9516685845799769,0.7992395737045299
0.041321067712260594,0.9516685845799769,0.798995772491397
0.0414718745287287,0.9516685845799769,0.7988445930792487
0.0416226813451968,0.9516685845799769,0.7988389952272867
0.04177348816166491,0.9516685845799769,0.7985696728418057
0.04192429497813301,0.9516685845799769,0.7983141865901774
0.04207510179460112,0.9516685845799769,0.7981392483534356
0.04222590861106922,0.9516685845799769,0.7981340952199711
0.04237671542753733,0.9516685845799769,0.7980846688146234
0.04252752224400543,0.9516685845799769,0.7971147758367321
0.04267832906047354,0.9516685845799769,0.7956942513287234
0.04267832906047354,0.952819332566168,0.7955180088063725
0.042829135876941635,0.952819332566168,0.7945509075346875
0.042829135876941635,0.953970080552359,0.7943351899990548
0.04297994269340974,0.953970080552359,0.7939499197634825
0.043130749509877844,0.953970080552359,0.7933710535270841
0.04328155632634595,0.953970080552359,0.793117500102955
0.043432363142814054,0.953970080552359,0.7925647262113995
0.04358316995928216,0.953970080552359,0.7924390172081488
0.04373397677575026,0.953970080552359,0.7919383257113348
0.04388478359221837,0.953970080552359,0.7917999095065745
0.04403559040868647,0.953970080552359,0.7914001720408959
0.04418639722515458,0.953970080552359,0.7906330660732092
0.04433720404162268,0.953970080552359,0.7905270526421108
0.04448801085809079,0.953970080552359,0.7903720512126661
0.04463881767455889,0.953970080552359,0.790346983868692
0.044789624491027,0.953970080552359,0.7900653297561027
0.0449404313074951,0.953970080552359,0.789656845133991
0.045091238123963207,0.953970080552359,0.7895060286190513
0.045242044940431304,0.953970080552359,0.789453520206168
0.04539285175689941,0.953970080552359,0.7893494775739133
0.045543658573367514,0.953970080552359,0.7891816651074979
0.04569446538983562,0.953970080552359,0.7888896856673905
0.045845272206303724,0.953970080552359,0.7888689058622105
0.04599607902277183,0.953970080552359,0.788751096703947
0.04599607902277183,0.9551208285385501,0.7885044064950919
0.04614688583923993,0.9551208285385501,0.7878040376169
0.04629769265570804,0.9551208285385501,0.7875781392971116
0.04644849947217614,0.9551208285385501,0.787107612568103
0.04659930628864425,0.9551208285385501,0.7864889645964506
0.04675011310511235,0.9551208285385501,0.7864703356309133
0.04690091992158046,0.9551208285385501,0.786031973499172
0.04705172673804856,0.9551208285385501,0.7855631156198757
0.04720253355451667,0.9551208285385501,0.7853203082517669
0.04735334037098477,0.9551208285385501,0.7851449062947072
0.04735334037098477,0.956271576524741,0.7850640382264163
0.047504147187452876,0.956271576524741,0.7847135744613183
0.047654954003920974,0.956271576524741,0.7845836023710567
0.04780576082038908,0.956271576524741,0.7845169512729351
0.047956567636857184,0.956271576524741,0.7844348848173213
0.047956567636857184,0.9574223245109321,0.7842319372772425
0.04810737445332529,0.9574223245109321,0.7840446522474377
0.04825818126979339,0.9574223245109321,0.7836623518189997
0.0484089880862615,0.9574223245109321,0.7836512611888531
0.0485597949027296,0.9574223245109321,0.7835736348060162
0.04871060171919771,0.9574223245109321,0.7834501682439712
0.04886140853566581,0.9574223245109321,0.7831139865924311
0.04901221535213392,0.9574223245109321,0.7827861221444009
0.04916302216860202,0.9574223245109321,0.7826903552200808
0.04931382898507013,0.9574223245109321,0.7825352233547977
0.04946463580153823,0.9574223245109321,0.7822924769471499
0.049615442618006336,0.9574223245109321,0.7817135013929167
0.04976624943447444,0.9574223245109321,0.7808629827427807
0.04976624943447444,0.9585730724971231,0.7806146785779204
0.049917056250942546,0.9585730724971231,0.7801776672027856
0.050067863067410644,0.9585730724971231,0.7798735037373877
0.05021866988387875,0.9585730724971231,0.7791694039322979
0.05036947670034685,0.9585730724971231,0.7782824054957483
0.05052028351681496,0.9585730724971231,0.7781986398789529
0.05052028351681496,0.9597238204833142,0.7780999807977778
0.05052028351681496,0.9608745684695051,0.7776877891031083
0.05067109033328306,0.9608745684695051,0.7776840620886336
0.05082189714975117,0.9608745684695051,0.7772810446485573
0.05082189714975117,0.9620253164556962,0.777115076629768
0.05097270396621927,0.9620253164556962,0.7767186922495282
0.05112351078268738,0.9620253164556962,0.7764787182247551
0.05127431759915548,0.9620253164556962,0.776046482357007
0.05142512441562359,0.9620253164556962,0.7755140284668123
0.05157593123209169,0.9620253164556962,0.7751188547211421
0.051726738048559796,0.9620253164556962,0.7741866443379424
0.0518775448650279,0.9620253164556962,0.7741241798062023
0.052028351681496006,0.9620253164556962,0.7740980198400205
0.05217915849796411,0.9620253164556962,0.7740306570669548
0.05217915849796411,0.9631760644418872,0.7739766933738397
0.052329965314432215,0.9631760644418872,0.7738831953162293
0.05248077213090031,0.9631760644418872,0.7733850425239379
0.05263157894736842,0.9631760644418872,0.7729101695255328
0.05278238576383652,0.9631760644418872,0.7727656477897918
0.05293319258030463,0.9631760644418872,0.7726986153564115
0.05293319258030463,0.9643268124280783,0.7717665512423703
0.05308399939677273,0.9643268124280783,0.7710165006480811
0.05308399939677273,0.9654775604142692,0.7710026221055363
0.05323480621324084,0.9654775604142692,0.7703900372998281
0.05338561302970894,0.9654775604142692,0.7701212541281794
0.05338561302970894,0.9666283084004603,0.7697078176607296
0.05353641984617705,0.9666283084004603,0.769490001475343
0.05368722666264515,0.9666283084004603,0.7691870785081716
0.053838033479113256,0.9666283084004603,0.769139872980843
0.05398884029558136,0.9666283084004603,0.7691223146055368
0.054139647112049466,0.9666283084004603,0.769061936872165
0.05429045392851757,0.9666283084004603,0.7690217306467817
0.054441260744985676,0.9666283084004603,0.7684741742169885
0.05459206756145378,0.9666283084004603,0.7680804052676028
0.054742874377921885,0.9666283084004603,0.7679237935178488
0.05489368119438998,0.9666283084004603,0.7667101110430684
0.05504448801085809,0.9666283084004603,0.7664457639940299
0.05519529482732619,0.9666283084004603,0.7663298046442862
0.0553461016437943,0.9666283084004603,0.7662122538002805
0.0553461016437943,0.9677790563866513,0.7660748612431727
0.0554969084602624,0.9677790563866513,0.7658859614464668
0.05564771527673051,0.9677790563866513,0.7653756346232631
0.05564771527673051,0.9689298043728424,0.7651891637924696
0.05579852209319861,0.9689298043728424,0.7651503243988201
0.05579852209319861,0.9700805523590333,0.7651328895243567
0.055949328909666717,0.9700805523590333,0.7645615037892451
0.05610013572613482,0.9700805523590333,0.7645437505413676
0.056250942542602926,0.9700805523590333,0.7634742215865121
0.05640174935907103,0.9700805523590333,0.7633639855816357
0.056552556175539136,0.9700805523590333,0.7632240861400428
0.05670336299200724,0.9700805523590333,0.7629286839681487
0.056854169808475345,0.9700805523590333,0.7629120906851928
0.05700497662494345,0.9700805523590333,0.762279550578719
0.057155783441411555,0.9700805523590333,0.7619137391307541
0.05730659025787966,0.9700805523590333,0.7611858933012882
0.05745739707434776,0.9700805523590333,0.7607949186236228
0.05760820389081586,0.9700805523590333,0.7605744178040734
0.05775901070728397,0.9700805523590333,0.7604076945281404
0.05790981752375207,0.9700805523590333,0.759681739700009
0.05806062434022018,0.9700805523590333,0.7595651933869753
0.05821143115668828,0.9700805523590333,0.758907343457515
0.058362237973156386,0.9700805523590333,0.7585615597393415
0.05851304478962449,0.9700805523590333,0.7584160588103154
0.05851304478962449,0.9712313003452244,0.7577838452672077
0.058663851606092596,0.9712313003452244,0.7569103676088583
0.0588146584225607,0.9712313003452244,0.7565243790011734
0.058965465239028805,0.9712313003452244,0.7558493307109859
0.058965465239028805,0.9723820483314154,0.7553753364127288
0.05911627205549691,0.9723820483314154,0.7553743350281146
0.05911627205549691,0.9735327963176065,0.7551533082074603
0.059267078871965015,0.9735327963176065,0.7545652841105654
0.05941788568843312,0.9735327963176065,0.7543654626825483
0.059568692504901224,0.9735327963176065,0.7535047792523613
0.05971949932136933,0.9735327963176065,0.7533878429402185
0.05987030613783743,0.9735327963176065,0.7533697083489443
0.05987030613783743,0.9746835443037974,0.7533470860285842
0.06002111295430553,0.9746835443037974,0.753075549909303
0.06017191977077364,0.9746835443037974,0.7527238183198846
0.06032272658724174,0.9746835443037974,0.7525623807906716
0.060473533403709846,0.9746835443037974,0.752335141124959
0.06062434022017795,0.9746835443037974,0.7521209830889455
0.060775147036646056,0.9746835443037974,0.751251620566824
0.06092595385311416,0.9746835443037974,0.7510886639443977
0.061076760669582265,0.9746835443037974,0.7505691504551322
0.06122756748605037,0.9746835443037974,0.7498318232081939
0.061378374302518475,0.9746835443037974,0.7497252917933076
0.06152918111898658,0.9746835443037974,0.7496790676887624
0.061679987935454685,0.9746835443037974,0.7492631154420499
0.06183079475192279,0.9746835443037974,0.7489917772071102
0.061981601568390894,0.9746835443037974,0.7489379920723067
0.062132408384859,0.9746835443037974,0.7485315270933578
0.0622832152013271,0.9746835443037974,0.7483605428267486
0.0624340220177952,0.9746835443037974,0.7482505822057125
0.0625848288342633,0.9746835443037974,0.7471456798645819
0.06273563565073141,0.9746835443037974,0.746674008853666
0.06288644246719952,0.9746835443037974,0.7462125571032229
0.06303724928366762,0.9746835443037974,0.7460276097553218
0.06318805610013573,0.9746835443037974,0.7457385480036428
0.06318805610013573,0.9758342922899885,0.7452302726139393
0.06333886291660383,0.9758342922899885,0.7451182778319301
0.06333886291660383,0.9769850402761795,0.7451157792873577
0.06348966973307194,0.9769850402761795,0.7444920561426309
0.06348966973307194,0.9781357882623706,0.7439115363203448
0.06364047654954004,0.9781357882623706,0.7435160503130666
0.06379128336600814,0.9781357882623706,0.7431841244025356
0.06394209018247625,0.9781357882623706,0.742714864929637
0.06394209018247625,0.9792865362485615,0.742607672477946
0.06409289699894435,0.9792865362485615,0.7424596844551961
0.06424370381541246,0.9792865362485615,0.7422489664608353
0.06439451063188056,0.9792865362485615,0.7421913904876958
0.06454531744834867,0.9792865362485615,0.7421118772265402
0.06469612426481677,0.9792865362485615,0.7414121705059258
0.06484693108128488,0.9792865362485615,0.7396824273476991
0.06499773789775298,0.9792865362485615,0.7393779757414622
0.06514854471422109,0.9792865362485615,0.73933536258875
0.06529935153068919,0.9792865362485615,0.7392404405220263
0.0654501583471573,0.9792865362485615,0.7387386909385325
0.0654501583471573,0.9804372842347526,0.7387109640906786
0.0656009651636254,0.9804372842347526,0.7386505393743745
0.0657517719800935,0.9804372842347526,0.7386493784587511
0.0659025787965616,0.9804372842347526,0.7374725339710757
0.0660533856130297,0.9804372842347526,0.7373782569327508
0.06620419242949781,0.9804372842347526,0.7372927362837545
0.06635499924596591,0.9804372842347526,0.7368216327880261
0.06650580606243402,0.9804372842347526,0.7366618267724341
0.06665661287890212,0.9804372842347526,0.7366381399580157
0.06680741969537023,0.9804372842347526,0.7364540963036932
0.06695822651183833,0.9804372842347526,0.7363563327998245
0.06695822651183833,0.9815880322209436,0.7359154906535035
0.06710903332830644,0.9815880322209436,0.7356621183727907
0.06725984014477454,0.9815880322209436,0.7354201084815741
0.06741064696124265,0.9815880322209436,0.7353157579650064
0.06756145377771075,0.9815880322209436,0.7352816441004382
0.06771226059417886,0.9815880322209436,0.7344711079836596
0.06786306741064696,0.9815880322209436,0.7341567289647443
0.06801387422711506,0.9815880322209436,0.733334358693543
0.06816468104358317,0.9815880322209436,0.7329378478658735
0.06831548786005127,0.9815880322209436,0.7327981375339476
0.06846629467651938,0.9815880322209436,0.7311998754656239
0.06861710149298748,0.9815880322209436,0.7306980038784613
0.06876790830945559,0.9815880322209436,0.7306026664829212
0.0689187151259237,0.9815880322209436,0.7305872295668677
0.0690695219423918,0.9815880322209436,0.730562006552583
0.0692203287588599,0.9815880322209436,0.7297826846557307
0.06937113557532801,0.9815880322209436,0.7293473509023863
0.06952194239179611,0.9815880322209436,0.7291080933092847
0.06967274920826422,0.9815880322209436,0.728858796561831
0.06982355602473232,0.9815880322209436,0.7286872946273173
0.06997436284120043,0.9815880322209436,0.7285835480350773
0.07012516965766853,0.9815880322209436,0.7285817646772623
0.07027597647413664,0.9815880322209436,0.7283111354444384
0.07042678329060474,0.9815880322209436,0.7280006250405007
0.07057759010707285,0.9815880322209436,0.7278611956575951
0.07072839692354095,0.9815880322209436,0.7276020961252683
0.07072839692354095,0.9827387802071347,0.7274656996932235
0.07087920374000904,0.9827387802071347,0.7272910479676973
0.07103001055647715,0.9827387802071347,0.7268910712254083
0.07118081737294525,0.9827387802071347,0.7268167319519243
0.07133162418941336,0.9827387802071347,0.7266965582702476
0.07148243100588146,0.9827387802071347,0.726160788322601
0.07163323782234957,0.9827387802071347,0.726004486297218
0.07178404463881767,0.9827387802071347,0.7259412024662135
0.07193485145528578,0.9827387802071347,0.7258192245106528
0.07208565827175388,0.9827387802071347,0.7258145310949309
0.07223646508822198,0.9827387802071347,0.7253509511436528
0.07223646508822198,0.9838895281933256,0.7252062958656184
0.07238727190469009,0.9838895281933256,0.724701311479817
0.0725380787211582,0.9838895281933256,0.724348520661032
0.0726888855376263,0.9838895281933256,0.7242474921368792
0.0728396923540944,0.9838895281933256,0.7236410396600119
0.07299049917056251,0.9838895281933256,0.723631145796112
0.07314130598703061,0.9838895281933256,0.7234121661712081
0.07329211280349872,0.9838895281933256,0.7229781766316355
0.07344291961996682,0.9838895281933256,0.722647366291871
0.07359372643643493,0.9838895281933256,0.7226402032299867
0.07374453325290303,0.9838895281933256,0.7224185199290561
0.07389534006937114,0.9838895281933256,0.7216260913794774
0.07404614688583924,0.9838895281933256,0.7215449088291246
0.07419695370230735,0.9838895281933256,0.7211331295454821
0.07434776051877545,0.9838895281933256,0.7210808154552695
0.07434776051877545,0.9850402761795167,0.7209460583400706
0.07449856733524356,0.9850402761795167,0.720554892366671
0.07464937415171166,0.9850402761795167,0.7204062304708355
0.07480018096817977,0.9850402761795167,0.7202783083513234
0.07495098778464787,0.9850402761795167,0.720276947734758
0.07510179460111598,0.9850402761795167,0.7202051549135451
0.07525260141758408,0.9850402761795167,0.7199600118790528
0.07540340823405219,0.9850402761795167,0.7198348842838702
0.07555421505052029,0.9850402761795167,0.7196617705196429
0.07570502186698838,0.9850402761795167,0.7194270872370825
0.07585582868345649,0.9850402761795167,0.7193718786369119
0.07600663549992459,0.9850402761795167,0.7189450428583806
0.0761574423163927,0.9850402761795167,0.7189147021663022
0.0763082491328608,0.9850402761795167,0.7189040590431338
0.0763082491328608,0.9861910241657077,0.7188482524824117
0.0764590559493289,0.9861910241657077,0.7186940697560522
0.07660986276579701,0.9861910241657077,0.7186157193222029
0.07676066958226511,0.9861910241657077,0.7185187460254601
0.07691147639873322,0.9861910241657077,0.718344084445091
0.07706228321520132,0.9861910241657077,0.7180255095894282
0.07721309003166943,0.9861910241657077,0.7175423372586788
0.07736389684813753,0.9861910241657077,0.7172942736732348
0.07751470366460564,0.9861910241657077,0.7171962670422131
0.07766551048107374,0.9861910241657077,0.7171715727730877
0.07781631729754185,0.9861910241657077,0.7161866782692544
0.07796712411400995,0.9861910241657077,0.7159415456784658
0.07811793093047806,0.9861910241657077,0.7158932945580713
0.07826873774694616,0.9861910241657077,0.7153040944616684
0.07841954456341427,0.9861910241657077,0.7152431765358818
0.07857035137988237,0.9861910241657077,0.7146835757050037
0.07872115819635048,0.9861910241657077,0.7141911865251411
0.07887196501281858,0.9861910241657077,0.7141650962863401
0.07902277182928669,0.9861910241657077,0.7139499292741058
0.07917357864575479,0.9861910241657077,0.7138018283349186
0.0793243854622229,0.9861910241657077,0.7136436350902683
0.079475192278691,0.9861910241657077,0.7132587322850272
0.0796259990951591,0.9861910241657077,0.7130580310831184
0.07977680591162721,0.9861910241657077,0.7129625214931609
0.07992761272809532,0.9861910241657077,0.7126535043189982
0.08007841954456342,0.9861910241657077,0.7121545225639397
0.08007841954456342,0.9873417721518988,0.7116957776635828
0.08022922636103152,0.9873417721518988,0.7116651116925554
0.08038003317749963,0.9873417721518988,0.7113803658502149
0.08053083999396772,0.9873417721518988,0.7113016353028233
0.08068164681043583,0.9873417721518988,0.7110782275713109
0.08083245362690393,0.9873417721518988,0.7109484689890416
0.08098326044337203,0.9873417721518988,0.7108754055102411
0.08113406725984014,0.9873417721518988,0.7106914826919075
0.08128487407630824,0.9873417721518988,0.71066796926529
0.08143568089277635,0.9873417721518988,0.7106552560344396
0.08158648770924445,0.9873417721518988,0.7104998469041612
0.08173729452571256,0.9873417721518988,0.7099115375302046
0.08188810134218066,0.9873417721518988,0.7098202257507622
0.08203890815864877,0.9873417721518988,0.709764947235538
0.08218971497511687,0.9873417721518988,0.7096183023166673
0.08234052179158498,0.9873417721518988,0.709555756791132
0.08249132860805308,0.9873417721518988,0.7090270710509257
0.08264213542452119,0.9873417721518988,0.7087107909116067
0.08279294224098929,0.9873417721518988,0.7085759457521281
0.0829437490574574,0.9873417721518988,0.7084863764560176
0.0830945558739255,0.9873417721518988,0.7083549372184086
0.0832453626903936,0.9873417721518988,0.7083134915980427
0.08339616950686171,0.9873417721518988,0.7071404968739791
0.08354697632332982,0.9873417721518988,0.7071012166204937
0.08369778313979792,0.9873417721518988,0.7067040275112573
0.08384858995626603,0.9873417721518988,0.706187964950187
0.08399939677273413,0.9873417721518988,0.7056103930089055
0.08415020358920224,0.9873417721518988,0.7055234728798281
0.08430101040567034,0.9873417721518988,0.705278642308031
0.08445181722213844,0.9873417721518988,0.7051518153898746
0.08460262403860655,0.9873417721518988,0.7051098156686328
0.08475343085507465,0.9873417721518988,0.704940807541136
0.08490423767154276,0.9873417721518988,0.7047809970223562
0.08505504448801086,0.9873417721518988,0.704546280331192
0.08520585130447897,0.9873417721518988,0.7043337590254661
0.08535665812094707,0.9873417721518988,0.7041645064834197
0.08550746493741516,0.9873417721518988,0.7040480517636305
0.08565827175388327,0.9873417721518988,0.7036826361555726
0.08580907857035137,0.9873417721518988,0.7033921822202113
0.08595988538681948,0.9873417721518988,0.703277681954066
0.08611069220328758,0.9873417721518988,0.7031419066346332
0.08626149901975569,0.9873417721518988,0.703137042061612
0.0864123058362238,0.9873417721518988,0.7029600128222667
0.0865631126526919,0.9873417721518988,0.7023865269984678
0.08671391946916,0.9873417721518988,0.702264847957463
0.08686472628562811,0.9873417721518988,0.7022096946459012
0.08701553310209621,0.9873417721518988,0.7021430203422631
0.08716633991856432,0.9873417721518988,0.7020942733941977
0.08731714673503242,0.9873417721518988,0.7018457945865633
0.08746795355150053,0.9873417721518988,0.7017828282967471
0.08761876036796863,0.9873417721518988,0.70177223051939
0.08776956718443674,0.9873417721518988,0.7017384392476854
0.08792037400090484,0.9873417721518988,0.7016769496805906
0.08807118081737295,0.9873417721518988,0.7011524733451932
0.08822198763384105,0.9873417721518988,0.7011340982173419
0.08837279445030916,0.9873417721518988,0.7009952253393892
0.08852360126677726,0.9873417721518988,0.7008882941812533
0.08867440808324537,0.9873417721518988,0.700867648735022
0.08882521489971347,0.9873417721518988,0.7007895117584542
0.08897602171618157,0.9873417721518988,0.7007355120535055
0.08912682853264968,0.9873417721518988,0.7007333078450716
0.08927763534911778,0.9873417721518988,0.7006993395393003
0.08942844216558589,0.9873417721518988,0.7006005944385425
0.089579248982054,0.9873417721518988,0.7004400190634704
0.0897300557985221,0.9873417721518988,0.7001370110435307
0.0898808626149902,0.9873417721518988,0.7001225048335687
0.09003166943145831,0.9873417721518988,0.7000096981391458
0.09018247624792641,0.9873417721518988,0.6996435322067172
0.0903332830643945,0.9873417721518988,0.6995242842020607
0.09048408988086261,0.9873417721518988,0.6994400275343006
0.09063489669733071,0.9873417721518988,0.6994114360829398
0.09078570351379882,0.9873417721518988,0.6993475916484471
0.09093651033026692,0.9873417721518988,0.6989740337449595
0.09108731714673503,0.9873417721518988,0.6988428864028389
0.09123812396320313,0.9873417721518988,0.6986511861087336
0.09138893077967124,0.9873417721518988,0.6986093235850991
0.09153973759613934,0.9873417721518988,0.6984066866535307
0.09169054441260745,0.9873417721518988,0.6982383188467812
0.09184135122907555,0.9873417721518988,0.6982297321915094
0.09199215804554366,0.9873417721518988,0.6982205564525531
0.09214296486201176,0.9873417721518988,0.6980135234067808
0.09229377167847987,0.9873417721518988,0.6978200355251234
0.09244457849494797,0.9873417721518988,0.6977162024913254
0.09259538531141608,0.9873417721518988,0.6977081853724804
0.09274619212788418,0.9873417721518988,0.6977073842506168
0.09289699894435229,0.9873417721518988,0.697439067728032
0.09304780576082039,0.9873417721518988,0.69720535488681
0.0931986125772885,0.9873417721518988,0.6970189396185648
0.0933494193937566,0.9873417721518988,0.6970048885799812
0.0935002262102247,0.9873417721518988,0.6968049392416972
0.09365103302669281,0.9873417721518988,0.6965303649975435
0.09380183984316091,0.9873417721518988,0.6964046136096348
0.09395264665962902,0.9873417721518988,0.6962949019557547
0.09410345347609712,0.9873417721518988,0.6956546266979764
0.09425426029256523,0.9873417721518988,0.6953298402423514
0.09440506710903333,0.9873417721518988,0.6947028782079571
0.09455587392550144,0.9873417721518988,0.6947001282327177
0.09470668074196954,0.9873417721518988,0.6945767474256983
0.09485748755843765,0.9873417721518988,0.6944256749895216
0.09500829437490575,0.9873417721518988,0.6940463127713012
0.09515910119137384,0.9873417721518988,0.6935809520704292
0.09530990800784195,0.9873417721518988,0.6932819575949738
0.09546071482431005,0.9873417721518988,0.6926796765648225
0.09561152164077816,0.9873417721518988,0.6925970932246654
0.09576232845724626,0.9873417721518988,0.6925206169090664
0.09591313527371437,0.9873417721518988,0.6922218562649588
0.09606394209018247,0.9873417721518988,0.6921683507344619
0.09621474890665058,0.9873417721518988,0.6916640677203385
0.09636555572311868,0.9873417721518988,0.6913809560131612
0.09651636253958679,0.9873417721518988,0.6913779605595142
0.09666716935605489,0.9873417721518988,0.6909556267202712
0.096817976172523,0.9873417721518988,0.6906108140896063
0.0969687829889911,0.9873417721518988,0.6902995356159938
0.0969687829889911,0.9884925201380897,0.6898708259128131
0.0971195898054592,0.9884925201380897,0.6898168036113658
0.09727039662192731,0.9884925201380897,0.6895567927095135
0.09742120343839542,0.9884925201380897,0.6894385551471128
0.09757201025486352,0.9884925201380897,0.689316421749178
0.09772281707133162,0.9884925201380897,0.6885897586858306
0.09787362388779973,0.9884925201380897,0.6883332475714392
0.09802443070426783,0.9884925201380897,0.6880630816723309
0.09817523752073594,0.9884925201380897,0.6879540193272572
0.09832604433720404,0.9884925201380897,0.6877353464745649
0.09847685115367215,0.9884925201380897,0.6872288567305186
0.09862765797014025,0.9884925201380897,0.6872101737432649
0.09877846478660836,0.9884925201380897,0.6870045724393258
0.09892927160307646,0.9884925201380897,0.6868353748726851
0.09908007841954457,0.9884925201380897,0.6867583191416574
0.09923088523601267,0.9884925201380897,0.6865457976070267
0.09938169205248078,0.9884925201380897,0.6860758032511539
0.09953249886894888,0.9884925201380897,0.6856388959053888
0.09968330568541699,0.9884925201380897,0.6853298035322132
0.09983411250188509,0.9884925201380897,0.6850990388983257
0.0999849193183532,0.9884925201380897,0.6850583924607029
0.10013572613482129,0.9884925201380897,0.6847162082161063
0.10028653295128939,0.9884925201380897,0.6846757954436413
0.1004373397677575,0.9884925201380897,0.6844339190654185
0.1005881465842256,0.9884925201380897,0.6842561150903982
0.1007389534006937,0.9884925201380897,0.684104936011664
0.10088976021716181,0.9884925201380897,0.6840384273984108
0.10104056703362992,0.9884925201380897,0.6834008914015403
0.10119137385009802,0.9884925201380897,0.6831781693429214
0.10134218066656613,0.9884925201380897,0.6831775568507158
0.10149298748303423,0.9884925201380897,0.6827803784079106
0.10164379429950234,0.9884925201380897,0.6826103925745514
0.10179460111597044,0.9884925201380897,0.6824109466913455
0.10194540793243854,0.9884925201380897,0.6821310775864109
0.10209621474890665,0.9884925201380897,0.6819885950801489
0.10224702156537475,0.9884925201380897,0.6819264605979971
0.10239782838184286,0.9884925201380897,0.6818844247615001
0.10254863519831096,0.9884925201380897,0.6817294574696211
0.10269944201477907,0.9884925201380897,0.6817249146793891
0.10285024883124717,0.9884925201380897,0.6816571632919443
0.10300105564771528,0.9884925201380897,0.6810253283744848
0.10315186246418338,0.9884925201380897,0.6806336356435382
0.10330266928065149,0.9884925201380897,0.6803832859334152
0.10345347609711959,0.9884925201380897,0.6801655935401387
0.1036042829135877,0.9884925201380897,0.6801097436113778
0.1037550897300558,0.9884925201380897,0.6801062045533027
0.10390589654652391,0.9884925201380897,0.6800078276399495
0.10405670336299201,0.9884925201380897,0.6796233534745872
0.10420751017946012,0.9884925201380897,0.6793463035311424
0.10435831699592822,0.9884925201380897,0.6789489819321191
0.10450912381239633,0.9884925201380897,0.6787884868400998
0.10465993062886443,0.9884925201380897,0.678640377832119
0.10481073744533254,0.9884925201380897,0.67826931862345
0.10496154426180063,0.9884925201380897,0.6777514846553273
0.10511235107826873,0.9884925201380897,0.6777401572627084
0.10526315789473684,0.9884925201380897,0.677550827092503
0.10541396471120494,0.9884925201380897,0.6771323936656746
0.10556477152767305,0.9884925201380897,0.6771179641044088
0.10571557834414115,0.9884925201380897,0.6769891676642967
0.10586638516060926,0.9884925201380897,0.6767173094026044
0.10601719197707736,0.9884925201380897,0.6766353849495422
0.10616799879354546,0.9884925201380897,0.6765650589991836
0.10631880561001357,0.9884925201380897,0.6765539409592422
0.10646961242648167,0.9884925201380897,0.6764027070790464
0.10662041924294978,0.9884925201380897,0.6763261970579231
0.10677122605941788,0.9884925201380897,0.676185158315178
0.10692203287588599,0.9884925201380897,0.6758416737715403
0.1070728396923541,0.9884925201380897,0.6757974109100515
0.1072236465088222,0.9884925201380897,0.6757661081960729
0.1073744533252903,0.9884925201380897,0.6757219304102616
0.10752526014175841,0.9884925201380897,0.6752756925914474
0.10767606695822651,0.9884925201380897,0.6750429917863205
0.10782687377469462,0.9884925201380897,0.6746725998019689
0.10797768059116272,0.9884925201380897,0.6744431546452879
0.10812848740763083,0.9884925201380897,0.6737118069526382
0.10827929422409893,0.9884925201380897,0.6732452481445534
0.10843010104056704,0.9884925201380897,0.6732295782385571
0.10858090785703514,0.9884925201380897,0.6730926425456849
0.10873171467350325,0.9884925201380897,0.6727911631338979
0.10888252148997135,0.9884925201380897,0.6724529984711104
0.10903332830643946,0.9884925201380897,0.6722625034057126
0.10918413512290756,0.9884925201380897,0.6721514413211915
0.10933494193937567,0.9884925201380897,0.6721398515495796
0.10948574875584377,0.9884925201380897,0.6720546844390489
0.10963655557231188,0.9884925201380897,0.671580108371337
0.10978736238877997,0.9884925201380897,0.6714333232805803
0.10993816920524807,0.9884925201380897,0.6714266772080343
0.11008897602171618,0.9884925201380897,0.6712591098588415
0.11023978283818428,0.9884925201380897,0.6710985687874819
0.11039058965465239,0.9884925201380897,0.6709014043891142
0.11054139647112049,0.9884925201380897,0.6708732191630483
0.1106922032875886,0.9884925201380897,0.6706517298582928
0.1108430101040567,0.9884925201380897,0.6704658978968264
0.1108430101040567,0.9896432681242808,0.6702330158662351
0.1109938169205248,0.9896432681242808,0.6695857344807202
0.11114462373699291,0.9896432681242808,0.6694528607243518
0.11129543055346101,0.9896432681242808,0.6692003994999699
0.11144623736992912,0.9896432681242808,0.6689335281842862
0.11159704418639722,0.9896432681242808,0.6686883977703699
0.11174785100286533,0.9896432681242808,0.6679891464818551
0.11189865781933343,0.9896432681242808,0.6661621461795435
0.11204946463580154,0.9896432681242808,0.6660982761183094
0.11220027145226964,0.9896432681242808,0.6656884510582993
0.11235107826873775,0.9896432681242808,0.665608668276216
0.11250188508520585,0.9896432681242808,0.6654907822073243
0.11265269190167396,0.9896432681242808,0.6654335093593273
0.11280349871814206,0.9896432681242808,0.6654158420623918
0.11295430553461017,0.9896432681242808,0.66530161206384
0.11310511235107827,0.9896432681242808,0.6647922324291882
0.11325591916754638,0.9896432681242808,0.6646817443335045
0.11340672598401448,0.9896432681242808,0.6645567822156805
0.11355753280048259,0.9896432681242808,0.6644572466973334
0.11355753280048259,0.9907940161104718,0.664420639951976
0.11370833961695069,0.9907940161104718,0.6642911803845515
0.1138591464334188,0.9907940161104718,0.6640533257895065
0.1140099532498869,0.9907940161104718,0.6637483566442289
0.114160760066355,0.9907940161104718,0.6635172657906719
0.11431156688282311,0.9907940161104718,0.6632402236828179
0.11446237369929121,0.9907940161104718,0.6627644102194172
0.11461318051575932,0.9907940161104718,0.6622046870541901
0.11476398733222741,0.9907940161104718,0.66199723048554
0.11491479414869551,0.9907940161104718,0.6610715140483833
0.11506560096516362,0.9907940161104718,0.6606169432351189
0.11521640778163172,0.9907940161104718,0.6605666420817002
0.11536721459809983,0.9907940161104718,0.6605575477920238
0.11551802141456793,0.9907940161104718,0.6604567524256173
0.11566882823103604,0.9907940161104718,0.6599411761849222
0.11581963504750414,0.9907940161104718,0.6597807248005824
0.11581963504750414,0.9919447640966629,0.6594360543886457
0.11597044186397225,0.9919447640966629,0.6592866495651496
0.11612124868044035,0.9919447640966629,0.657093313895086
0.11627205549690846,0.9919447640966629,0.6569827698567021
0.11642286231337656,0.9919447640966629,0.6566878133507007
0.11657366912984467,0.9919447640966629,0.656540309740065
0.11672447594631277,0.9919447640966629,0.656472231377598
0.11687528276278088,0.9919447640966629,0.656343938630063
0.11702608957924898,0.9919447640966629,0.655907533523658
0.11717689639571709,0.9919447640966629,0.6556481932011032
0.11732770321218519,0.9919447640966629,0.6552610369278241
0.1174785100286533,0.9919447640966629,0.6547775310757379
0.1176293168451214,0.9919447640966629,0.6542249581858788
0.1177801236615895,0.9919447640966629,0.6532417088577251
0.11793093047805761,0.9919447640966629,0.6530837036631816
0.11808173729452572,0.9919447640966629,0.6529893961122607
0.11823254411099382,0.9919447640966629,0.6528478069364194
0.11838335092746193,0.9919447640966629,0.6525478743435446
0.11853415774393003,0.9919447640966629,0.6525440630284711
0.11868496456039813,0.9919447640966629,0.6524971486518225
0.11883577137686624,0.9919447640966629,0.6523240086056431
0.11898657819333434,0.9919447640966629,0.6518851417185807
0.11913738500980245,0.9919447640966629,0.6518263341879417
0.11928819182627055,0.9919447640966629,0.6515047077234216
0.11943899864273866,0.9919447640966629,0.651472640161081
0.11958980545920675,0.9919447640966629,0.65116956148551
0.11974061227567485,0.9919447640966629,0.651027882361977
0.11989141909214296,0.9919447640966629,0.6507537094078409
0.12004222590861106,0.9919447640966629,0.6506291906890692
0.12019303272507917,0.9919447640966629,0.6506066744864591
0.12034383954154727,0.9919447640966629,0.6503212469461793
0.12049464635801538,0.9919447640966629,0.6503074431183652
0.12064545317448348,0.9919447640966629,0.6502086835163375
0.12079625999095159,0.9919447640966629,0.6501819923819669
0.12094706680741969,0.9919447640966629,0.6500976328308044
0.1210978736238878,0.9919447640966629,0.6500286323090336
0.1210978736238878,0.9930955120828538,0.6496994663038396
0.1212486804403559,0.9930955120828538,0.6496048522581386
0.121399487256824,0.9930955120828538,0.6494708701902392
0.12155029407329211,0.9930955120828538,0.6494301411243267
0.12170110088976022,0.9930955120828538,0.6492540678876316
0.12185190770622832,0.9930955120828538,0.6490713255513325
0.12200271452269643,0.9930955120828538,0.6489156017756659
0.12215352133916453,0.9930955120828538,0.6489151202982827
0.12230432815563264,0.9930955120828538,0.6487363321463185
0.12245513497210074,0.9930955120828538,0.6486697726016837
0.12245513497210074,0.9942462600690449,0.6482439051352848
0.12260594178856885,0.9942462600690449,0.6481971312285945
0.12275674860503695,0.9942462600690449,0.6481838363393326
0.12290755542150505,0.9942462600690449,0.6481487925185846
0.12290755542150505,0.9953970080552359,0.6480335869953817
0.12305836223797316,0.9953970080552359,0.6477739886309366
0.12320916905444126,0.9953970080552359,0.6475362158717506
0.12335997587090937,0.9953970080552359,0.647321167147321
0.12351078268737747,0.9953970080552359,0.6472220951229535
0.12366158950384558,0.9953970080552359,0.6470546935011092
0.12381239632031368,0.9953970080552359,0.6469194839325402
0.12396320313678179,0.9953970080552359,0.6468053267012472
0.12411400995324989,0.9953970080552359,0.6467925127034496
0.124264816769718,0.9953970080552359,0.6467114519215174
0.12441562358618609,0.9953970080552359,0.6466717771156749
0.1245664304026542,0.9953970080552359,0.6462820015863378
0.1247172372191223,0.9953970080552359,0.6461780381115252
0.1248680440355904,0.9953970080552359,0.6461463864115757
0.12501885085205852,0.9953970080552359,0.6460204947892284
0.1251696576685266,0.9953970080552359,0.6459883633952084
0.12532046448499473,0.9953970080552359,0.6459632532636342
0.12547127130146282,0.9953970080552359,0.64567023672677
0.12562207811793094,0.9953970080552359,0.6454620921356609
0.12577288493439903,0.9953970080552359,0.6452002807612055
0.12592369175086715,0.9953970080552359,0.6450970181402587
0.12607449856733524,0.9953970080552359,0.6448817539350463
0.12622530538380336,0.9953970080552359,0.6445873457865403
0.12637611220027145,0.9953970080552359,0.6445317319094839
0.12637611220027145,0.996547756041427,0.6444657749269029
0.12652691901673957,0.996547756041427,0.6441450104599251
0.12667772583320766,0.996547756041427,0.6440600228132505
0.12682853264967578,0.996547756041427,0.6431942201700984
0.12697933946614387,0.996547756041427,0.6428641375626714
0.12713014628261196,0.996547756041427,0.6428536732833191
0.12728095309908008,0.996547756041427,0.6426102627854504
0.12743175991554817,0.996547756041427,0.6425336542945617
0.1275825667320163,0.996547756041427,0.6424257282675648
0.12773337354848438,0.996547756041427,0.6424161475245282
0.1278841803649525,0.996547756041427,0.6423562258796429
0.1280349871814206,0.996547756041427,0.6423296142329167
0.1281857939978887,0.996547756041427,0.6420915083628936
0.1283366008143568,0.996547756041427,0.6420856707313662
0.12848740763082492,0.996547756041427,0.6419627034157827
0.128638214447293,0.996547756041427,0.64184870626499
0.12878902126376113,0.996547756041427,0.64175491320849
0.12893982808022922,0.996547756041427,0.6417109746993034
0.12909063489669734,0.996547756041427,0.6415725437821205
0.12924144171316543,0.996547756041427,0.6414803174389596
0.12939224852963355,0.996547756041427,0.6414165973580611
0.12954305534610164,0.996547756041427,0.6412473310843325
0.12969386216256976,0.996547756041427,0.6411945448854282
0.12984466897903785,0.996547756041427,0.6411924186058308
0.12999547579550597,0.996547756041427,0.6411858715513147
0.13014628261197406,0.996547756041427,0.6407788159511212
0.13029708942844218,0.996547756041427,0.6404795365803749
0.13044789624491027,0.996547756041427,0.6400101352471452
0.13059870306137839,0.996547756041427,0.6398944927308328
0.13074950987784648,0.996547756041427,0.6398141918002151
0.1309003166943146,0.996547756041427,0.6396060332012147
0.13105112351078269,0.996547756041427,0.6395748013694281
0.1312019303272508,0.996547756041427,0.639519704551099
0.1313527371437189,0.996547756041427,0.6393861300555883
0.131503543960187,0.996547756041427,0.6390596579580599
0.1316543507766551,0.996547756041427,0.6380599653480661
0.1318051575931232,0.996547756041427,0.6375614970411305
0.13195596440959131,0.996547756041427,0.6375432021201509
0.1321067712260594,0.996547756041427,0.637542713901914
0.13225757804252752,0.996547756041427,0.6370020625846278
0.13240838485899561,0.996547756041427,0.6369689156151452
0.13255919167546373,0.996547756041427,0.6367536236144892
0.13270999849193182,0.996547756041427,0.6364482973386524
0.13286080530839994,0.996547756041427,0.6363924371395251
0.13301161212486803,0.996547756041427,0.6362887889148313
0.13316241894133615,0.996547756041427,0.6360936912692529
0.13331322575780424,0.996547756041427,0.6359806337110138
0.13346403257427236,0.996547756041427,0.6359148368933565
0.13361483939074045,0.996547756041427,0.6359101133322805
0.13376564620720857,0.996547756041427,0.6353402141960407
0.13391645302367666,0.996547756041427,0.6351917516962289
0.13406725984014478,0.996547756041427,0.635135472741245
0.13421806665661287,0.996547756041427,0.6350232327237179
0.134368873473081,0.996547756041427,0.6347298033587004
0.13451968028954908,0.996547756041427,0.6345437807744367
0.1346704871060172,0.996547756041427,0.6343065034901788
0.1348212939224853,0.996547756041427,0.6342029244682086
0.1349721007389534,0.996547756041427,0.6339611144917263
0.1351229075554215,0.996547756041427,0.6336615166315847
0.13527371437188962,0.996547756041427,0.6334230136540691
0.1354245211883577,0.996547756041427,0.6328800285686786
0.13557532800482583,0.996547756041427,0.6327440393589764
0.13572613482129392,0.996547756041427,0.6324225825278957
0.13587694163776204,0.996547756041427,0.6320156938054922
0.13602774845423013,0.996547756041427,0.631759403375913
0.13617855527069825,0.996547756041427,0.6316204029224785
0.13632936208716634,0.996547756041427,0.631487528184328
0.13648016890363446,0.996547756041427,0.6311653077185527
0.13663097572010255,0.996547756041427,0.6307156335613882
0.13678178253657064,0.996547756041427,0.630070909089059
0.13693258935303876,0.996547756041427,0.6300409306241679
0.13708339616950685,0.996547756041427,0.6300144553665186
0.13723420298597497,0.996547756041427,0.6300068836859827
0.13738500980244306,0.996547756041427,0.6299396799977015
0.13753581661891118,0.996547756041427,0.6298516695275852
0.13768662343537927,0.996547756041427,0.6297957800418766
0.1378374302518474,0.996547756041427,0.6295037687871899
0.13798823706831548,0.996547756041427,0.6293841954115971
0.1381390438847836,0.996547756041427,0.6290419033068738
0.1382898507012517,0.996547756041427,0.6290242234563596
0.1384406575177198,0.996547756041427,0.6285582443181371
0.1385914643341879,0.996547756041427,0.6285269243821151
0.13874227115065602,0.996547756041427,0.6283816120404291
0.1388930779671241,0.996547756041427,0.628348870575361
0.13904388478359223,0.996547756041427,0.6283151985925592
0.13919469160006032,0.996547756041427,0.6282693456574544
0.13934549841652843,0.996547756041427,0.6281005524550446
0.13949630523299653,0.996547756041427,0.6275814991249181
0.13964711204946464,0.996547756041427,0.6275606633377284
0.13979791886593274,0.996547756041427,0.6275572150820135
0.13994872568240085,0.996547756041427,0.6275387614723488
0.14009953249886894,0.996547756041427,0.6274534750064219
0.14025033931533706,0.996547756041427,0.6274444680138721
0.14040114613180515,0.996547756041427,0.6273183600465289
0.14055195294827327,0.996547756041427,0.6265138069211805
0.14070275976474136,0.996547756041427,0.6264908841155078
0.14085356658120948,0.996547756041427,0.626289883921056
0.14100437339767757,0.996547756041427,0.626202924553526
0.1411551802141457,0.996547756041427,0.6254016957094537
0.14130598703061378,0.996547756041427,0.6253828537532403
0.1414567938470819,0.996547756041427,0.6253283219871686
0.14160760066355,0.996547756041427,0.625276813847427
0.14175840748001808,0.996547756041427,0.6251273523267615
0.1419092142964862,0.996547756041427,0.6250503967846013
0.1420600211129543,0.996547756041427,0.6245456637960795
0.1422108279294224,0.996547756041427,0.6244833745026962
0.1423616347458905,0.996547756041427,0.624260248983534
0.14251244156235862,0.996547756041427,0.6238342594186891
0.1426632483788267,0.996547756041427,0.6238334341098574
0.14281405519529483,0.996547756041427,0.6237280183853133
0.14296486201176292,0.996547756041427,0.6236387245779976
0.14311566882823104,0.996547756041427,0.6235699917990299
0.14326647564469913,0.996547756041427,0.6232136040023901
0.14341728246116725,0.996547756041427,0.623135734677033
0.14356808927763534,0.996547756041427,0.6229882129300689
0.14371889609410346,0.996547756041427,0.6227402509308287
0.14386970291057155,0.996547756041427,0.6227110105592394
0.14402050972703967,0.996547756041427,0.6225463482852835
0.14417131654350776,0.996547756041427,0.6219733109705222
0.14432212335997588,0.996547756041427,0.6218274251280909
0.14447293017644397,0.996547756041427,0.6217373385158896
0.1446237369929121,0.996547756041427,0.6216434357435113
0.14477454380938018,0.996547756041427,0.6214486329973072
0.1449253506258483,0.996547756041427,0.621433374582523
0.1450761574423164,0.996547756041427,0.6210133092409812
0.1452269642587845,0.996547756041427,0.6208320756088359
0.1453777710752526,0.996547756041427,0.6204235083592712
0.14552857789172072,0.996547756041427,0.6202376970574275
0.1456793847081888,0.996547756041427,0.6199943402867943
0.14583019152465693,0.996547756041427,0.6199489938512693
0.14598099834112502,0.996547756041427,0.6198313708720808
0.14613180515759314,0.996547756041427,0.6197044171267331
0.14628261197406123,0.996547756041427,0.6195060206759279
0.14643341879052932,0.996547756041427,0.6192694214918288
0.14658422560699744,0.996547756041427,0.6190935816841918
0.14673503242346553,0.996547756041427,0.6188192462129795
0.14688583923993365,0.996547756041427,0.6188075814616716
0.14703664605640174,0.996547756041427,0.6187774837304181
0.14718745287286986,0.996547756041427,0.6187095207467336
0.14733825968933795,0.996547756041427,0.6186949528729957
0.14748906650580607,0.996547756041427,0.6183751837214889
0.14763987332227416,0.996547756041427,0.6183539949122511
0.14779068013874228,0.996547756041427,0.6182139491669884
0.14794148695521037,0.996547756041427,0.618150852662132
0.14809229377167848,0.996547756041427,0.6179841248543712
0.14824310058814658,0.996547756041427,0.6178880151439575
0.1483939074046147,0.996547756041427,0.6178681182171252
0.14854471422108279,0.996547756041427,0.6178275508826346
0.1486955210375509,0.996547756041427,0.6176499394585927
0.148846327854019,0.996547756041427,0.6174197655092004
0.1489971346704871,0.996547756041427,0.6173677754889106
0.1491479414869552,0.996547756041427,0.6173094974773975
0.14929874830342332,0.996547756041427,0.6172605242547551
0.14944955511989141,0.996547756041427,0.6172494066341698
0.14960036193635953,0.996547756041427,0.6168655326925518
0.14975116875282762,0.996547756041427,0.6168154654449548
0.14990197556929574,0.996547756041427,0.6167447574643049
0.15005278238576383,0.996547756041427,0.6166532860920361
0.15020358920223195,0.996547756041427,0.6165796034268457
0.15035439601870004,0.996547756041427,0.616021354060787
0.15050520283516816,0.996547756041427,0.61594570339205
0.15065600965163625,0.996547756041427,0.6159435621759413
0.15080681646810437,0.996547756041427,0.6156301110337405
0.15095762328457246,0.996547756041427,0.6151315923364415
0.15110843010104058,0.996547756041427,0.6149698168402481
0.15125923691750867,0.996547756041427,0.6149082488834102
0.15141004373397676,0.996547756041427,0.6148675377440261
0.15156085055044488,0.996547756041427,0.6148220001728042
0.15171165736691297,0.996547756041427,0.6148118698158107
0.1518624641833811,0.996547756041427,0.6147873209009346
0.15201327099984918,0.996547756041427,0.6147532287719023
0.1521640778163173,0.996547756041427,0.6142430989678062
0.1523148846327854,0.996547756041427,0.6140760655187597
0.1524656914492535,0.996547756041427,0.613902711848621
0.1526164982657216,0.996547756041427,0.6137558013137545
0.15276730508218972,0.996547756041427,0.6137515676726355
0.1529181118986578,0.996547756041427,0.6137203278996151
0.15306891871512593,0.996547756041427,0.6136112512466299
0.15321972553159402,0.996547756041427,0.6134903263660875
0.15337053234806214,0.996547756041427,0.6134596833458301
0.15352133916453023,0.996547756041427,0.6133681279285794
0.15367214598099835,0.996547756041427,0.6133561462924257
0.15382295279746644,0.996547756041427,0.613266576424877
0.15397375961393456,0.996547756041427,0.6129324215405784
0.15412456643040265,0.996547756041427,0.61249024413061
0.15427537324687077,0.996547756041427,0.6121181680607924
0.15442618006333886,0.996547756041427,0.6120333510029903
0.15457698687980698,0.996547756041427,0.611936168651338
0.15472779369627507,0.996547756041427,0.611729041466553
0.1548786005127432,0.996547756041427,0.6115948028836999
0.15502940732921128,0.996547756041427,0.6109824471444592
0.1551802141456794,0.996547756041427,0.6109351601538053
0.1553310209621475,0.996547756041427,0.6108310903441686
0.1554818277786156,0.996547756041427,0.6107415343730539
0.1556326345950837,0.996547756041427,0.6104451128916981
0.15578344141155182,0.996547756041427,0.6104056592935095
0.1559342482280199,0.996547756041427,0.6103323627595093
0.15608505504448802,0.996547756041427,0.6101912850397833
0.15623586186095612,0.996547756041427,0.6098958361875206
0.1563866686774242,0.996547756041427,0.6089444698805515
0.15653747549389233,0.996547756041427,0.6088826537377918
0.15668828231036042,0.996547756041427,0.6081837311971491
0.15683908912682853,0.996547756041427,0.6081290720625153
0.15698989594329663,0.996547756041427,0.6079360718159289
0.15714070275976474,0.996547756041427,0.607731310629792
0.15729150957623284,0.996547756041427,0.6076819053729112
0.15744231639270095,0.996547756041427,0.6075570621519295
0.15759312320916904,0.996547756041427,0.6074297164197289
0.15774393002563716,0.996547756041427,0.6071546121944233
0.15789473684210525,0.996547756041427,0.606806923330871
0.15804554365857337,0.996547756041427,0.6063505726368577
0.15819635047504146,0.996547756041427,0.6061745293077944
0.15834715729150958,0.996547756041427,0.6060501568627862
0.15849796410797767,0.996547756041427,0.6059302239413407
0.1586487709244458,0.996547756041427,0.6056535839348601
0.15879957774091388,0.996547756041427,0.6048214524942694
0.158950384557382,0.996547756041427,0.6046967323341715
0.1591011913738501,0.996547756041427,0.604089315795306
0.1592519981903182,0.996547756041427,0.603908392117385
0.1594028050067863,0.996547756041427,0.6038662674694703
0.15955361182325442,0.996547756041427,0.6037865656159732
0.1597044186397225,0.996547756041427,0.6034435484982078
0.15985522545619063,0.996547756041427,0.6033945566685175
0.16000603227265872,0.996547756041427,0.6033847541831705
0.16015683908912684,0.996547756041427,0.6030634177748863
0.16030764590559493,0.996547756041427,0.6027165105003479
0.16045845272206305,0.996547756041427,0.6026717040105581
0.16060925953853114,0.996547756041427,0.6026120903624222
0.16076006635499926,0.996547756041427,0.6024902892626662
0.16091087317146735,0.996547756041427,0.6024599469238704
0.16106167998793544,0.996547756041427,0.6024427994027136
0.16121248680440356,0.996547756041427,0.6023191181024808
0.16136329362087165,0.996547756041427,0.6019450881147625
0.16151410043733977,0.996547756041427,0.6019292939238888
0.16151410043733977,0.997698504027618,0.6018052445416379
0.16166490725380786,0.997698504027618,0.6015732146525009
0.16181571407027598,0.997698504027618,0.6013673669120202
0.16196652088674407,0.997698504027618,0.6010992003843988
0.1621173277032122,0.997698504027618,0.60067480118567
0.16226813451968028,0.997698504027618,0.6005333575893427
0.1624189413361484,0.997698504027618,0.6004089724453856
0.1625697481526165,0.997698504027618,0.600401122829531
0.1627205549690846,0.997698504027618,0.6001725430685128
0.1628713617855527,0.997698504027618,0.6000616878721341
0.16302216860202082,0.997698504027618,0.599869803798934
0.1631729754184889,0.997698504027618,0.5997645795475963
0.16332378223495703,0.997698504027618,0.599588454194367
0.16347458905142512,0.997698504027618,0.5992556395020011
0.16362539586789324,0.997698504027618,0.5988563514155812
0.16377620268436133,0.997698504027618,0.5987927968061338
0.16392700950082945,0.997698504027618,0.598518223551112
0.16407781631729754,0.997698504027618,0.5984872536496747
0.16422862313376566,0.997698504027618,0.5983608123230741
0.16437942995023375,0.997698504027618,0.5982569524630836
0.16453023676670187,0.997698504027618,0.5981407293931728
0.16468104358316996,0.997698504027618,0.5981268788441688
0.16483185039963807,0.997698504027618,0.5977770054195327
0.16498265721610617,0.997698504027618,0.597490960046649
0.16513346403257428,0.997698504027618,0.5974042205452703
0.16528427084904238,0.997698504027618,0.5971557201731779
0.1654350776655105,0.997698504027618,0.5971557107636869
0.16558588448197858,0.997698504027618,0.5970704924683226
0.1657366912984467,0.997698504027618,0.596979855778918
0.1658874981149148,0.997698504027618,0.5968034390500846
0.16603830493138289,0.997698504027618,0.5967778448414531
0.166189111747851,0.997698504027618,0.5966039582124182
0.1663399185643191,0.997698504027618,0.5965383591753418
0.1664907253807872,0.997698504027618,0.5964184784813764
0.1664907253807872,0.998849252013809,0.5962526390391638
0.1666415321972553,0.998849252013809,0.596108785371064
0.16679233901372342,0.998849252013809,0.5960891543281862
0.16694314583019151,0.998849252013809,0.5960789237473589
0.16709395264665963,0.998849252013809,0.5958253358958552
0.16724475946312772,0.998849252013809,0.5956380449252854
0.16739556627959584,0.998849252013809,0.5950589119981867
0.16754637309606393,0.998849252013809,0.5948735176669173
0.16769717991253205,0.998849252013809,0.5947345400634079
0.16784798672900014,0.998849252013809,0.594607544905042
0.16799879354546826,0.998849252013809,0.5944280712141554
0.16814960036193635,0.998849252013809,0.5943715547445851
0.16830040717840447,0.998849252013809,0.5943570552350897
0.16845121399487256,0.998849252013809,0.5943100030954174
0.16860202081134068,0.998849252013809,0.5942311306936157
0.16875282762780877,0.998849252013809,0.5941574863718724
0.1689036344442769,0.998849252013809,0.593932882897393
0.16905444126074498,0.998849252013809,0.5939060744367775
0.1692052480772131,0.998849252013809,0.593809884475793
0.1693560548936812,0.998849252013809,0.593778754330702
0.1695068617101493,0.998849252013809,0.5937756681281373
0.1696576685266174,0.998849252013809,0.5936618668269172
0.16980847534308552,0.998849252013809,0.5933654491016682
0.1699592821595536,0.998849252013809,0.5930693988224942
0.17011008897602173,0.998849252013809,0.5930484102806594
0.17026089579248982,0.998849252013809,0.5925323300823064
0.17041170260895794,0.998849252013809,0.5923579942879841
0.17056250942542603,0.998849252013809,0.5922679867660385
0.17071331624189415,0.998849252013809,0.5920482232760972
0.17086412305836224,0.998849252013809,0.5918160109930206
0.17101492987483033,0.998849252013809,0.5915939182025116
0.17116573669129845,0.998849252013809,0.5912792537771954
0.17131654350776654,0.998849252013809,0.5911115266404096
0.17146735032423466,0.998849252013809,0.5906855246939029
0.17161815714070275,0.998849252013809,0.5906121864739352
0.17176896395717087,0.998849252013809,0.5905821346702765
0.17191977077363896,0.998849252013809,0.5905767628754708
0.17207057759010708,0.998849252013809,0.5905478910176485
0.17222138440657517,0.998849252013809,0.5903175418436419
0.1723721912230433,0.998849252013809,0.5900108718079163
0.17252299803951138,0.998849252013809,0.5890802509065425
0.1726738048559795,0.998849252013809,0.5887473545142794
0.1728246116724476,0.998849252013809,0.5887259372587359
0.1729754184889157,0.998849252013809,0.5884351482936231
0.1731262253053838,0.998849252013809,0.5884327018851566
0.17327703212185191,0.998849252013809,0.5884286784722955
0.17342783893832,0.998849252013809,0.588416697558015
0.17357864575478812,0.998849252013809,0.5883007396431993
0.17372945257125622,0.998849252013809,0.5879960423338453
0.17388025938772433,0.998849252013809,0.5876321772362734
0.17403106620419243,0.998849252013809,0.5873172082620387
0.17418187302066054,0.998849252013809,0.5872254434052282
0.17433267983712863,0.998849252013809,0.5867436272352542
0.17448348665359675,0.998849252013809,0.5866341654266991
0.17463429347006484,0.998849252013809,0.5864896246172457
0.17478510028653296,0.998849252013809,0.586414518879638
0.17493590710300105,0.998849252013809,0.5863769356823584
0.17508671391946917,0.998849252013809,0.5860380704668441
0.17523752073593726,0.998849252013809,0.586030633590277
0.17538832755240538,0.998849252013809,0.5859643856621466
0.17553913436887347,0.998849252013809,0.5858962855437032
0.17568994118534156,0.998849252013809,0.5858568829464681
0.17584074800180968,0.998849252013809,0.5857034351666638
0.17599155481827777,0.998849252013809,0.5855687556967085
0.1761423616347459,0.998849252013809,0.5853230575814318
0.17629316845121398,0.998849252013809,0.5853135747491909
0.1764439752676821,0.998849252013809,0.5848461136402883
0.1765947820841502,0.998849252013809,0.5847715525977659
0.1767455889006183,0.998849252013809,0.5846198886406101
0.1768963957170864,0.998849252013809,0.5844001611319376
0.17704720253355452,0.998849252013809,0.5842899829733441
0.1771980093500226,0.998849252013809,0.5840996168193882
0.17734881616649073,0.998849252013809,0.5839401324840128
0.17749962298295882,0.998849252013809,0.5837936305850446
0.17765042979942694,0.998849252013809,0.583688387001927
0.17780123661589503,0.998849252013809,0.5835733064166442
0.17795204343236315,0.998849252013809,0.5827449063974818
0.17810285024883124,0.998849252013809,0.5827405639977024
0.17825365706529936,0.998849252013809,0.5827254159822769
0.17840446388176745,0.998849252013809,0.5826291933383281
0.17855527069823557,0.998849252013809,0.5825685103283382
0.17870607751470366,0.998849252013809,0.5822368576672708
0.17885688433117178,0.998849252013809,0.5822321905157868
0.17900769114763987,0.998849252013809,0.5822129757246185
0.179158497964108,0.998849252013809,0.5820438693909656
0.17930930478057608,0.998849252013809,0.5820374503703076
0.1794601115970442,0.998849252013809,0.5818369232759862
0.1796109184135123,0.998849252013809,0.5816838088426637
0.1797617252299804,0.998849252013809,0.5815895880002946
0.1799125320464485,0.998849252013809,0.5814189607407849
0.18006333886291662,0.998849252013809,0.580891572767767
0.1802141456793847,0.998849252013809,0.5807048624203471
0.18036495249585283,0.998849252013809,0.5805860606978452
0.18051575931232092,0.998849252013809,0.5805558493347112
0.180666566128789,0.998849252013809,0.5804832683690351
0.18081737294525713,0.998849252013809,0.5804661254283313
0.18096817976172522,0.998849252013809,0.5804599227583257
0.18111898657819334,0.998849252013809,0.5803242552019705
0.18126979339466143,0.998849252013809,0.580307675173396
0.18142060021112955,0.998849252013809,0.580184106797983
0.18157140702759764,0.998849252013809,0.5798803832705995
0.18172221384406576,0.998849252013809,0.5796953452705302
0.18187302066053385,0.998849252013809,0.5796071462214828
0.18202382747700196,0.998849252013809,0.5795917107232104
0.18217463429347006,0.998849252013809,0.579066402423634
0.18232544110993817,0.998849252013809,0.5786198005302
0.18247624792640627,0.998849252013809,0.5784312840970538
0.18262705474287438,0.998849252013809,0.577839353636335
0.18277786155934247,0.998849252013809,0.5776320733859138
0.1829286683758106,0.998849252013809,0.577574759998072
0.18307947519227868,0.998849252013809,0.5775728784835734
0.1832302820087468,0.998849252013809,0.5772409538064817
0.1833810888252149,0.998849252013809,0.5772007305923164
0.183531895641683,0.998849252013809,0.5767286805341111
0.1836827024581511,0.998849252013809,0.5767274067379172
0.18383350927461922,0.998849252013809,0.5766908822536343
0.1839843160910873,0.998849252013809,0.576494230668098
0.18413512290755543,0.998849252013809,0.57640335827957
0.18428592972402352,0.998849252013809,0.5761993942098943
0.18443673654049164,0.998849252013809,0.575967308853453
0.18458754335695973,0.998849252013809,0.5759482708656766
0.18473835017342785,0.998849252013809,0.5758369998242342
0.18488915698989594,0.998849252013809,0.5757225138254173
0.18503996380636406,0.998849252013809,0.5748222448387067
0.18519077062283215,0.998849252013809,0.5746158799618297
0.18534157743930027,0.998849252013809,0.5745252297186043
0.18549238425576836,0.998849252013809,0.5744553176646909
0.18564319107223645,0.998849252013809,0.5743867951723944
0.18579399788870457,0.998849252013809,0.5743539163862759
0.18594480470517266,0.998849252013809,0.5742918554514551
0.18609561152164078,0.998849252013809,0.5741510101414439
0.18624641833810887,0.998849252013809,0.5736596514734156
0.186397225154577,0.998849252013809,0.5736081527575502
0.18654803197104508,0.998849252013809,0.5733274451981801
0.1866988387875132,0.998849252013809,0.5733168704083698
0.1868496456039813,0.998849252013809,0.5728690110392243
0.1870004524204494,0.998849252013809,0.5727895341513307
0.1871512592369175,0.998849252013809,0.5721437232827967
0.18730206605338562,0.998849252013809,0.5718044125532563
0.1874528728698537,0.998849252013809,0.5712534749304877
0.18760367968632183,0.998849252013809,0.5710630299358002
0.18775448650278992,0.998849252013809,0.571027030601108
0.18790529331925804,0.998849252013809,0.5709152164068303
0.18805610013572613,0.998849252013809,0.5707671870097915
0.18820690695219425,0.998849252013809,0.5702616183276569
0.18835771376866234,0.998849252013809,0.5700350188733412
0.18850852058513046,0.998849252013809,0.5699147544833676
0.18865932740159855,0.998849252013809,0.5698665809916731
0.18881013421806667,0.998849252013809,0.5688629279511103
0.18896094103453476,0.998849252013809,0.5688093657496509
0.18911174785100288,0.998849252013809,0.5685966049561036
0.18926255466747097,0.998849252013809,0.568590358611954
0.18941336148393909,0.998849252013809,0.5684708893540316
0.18956416830040718,0.998849252013809,0.5677174461193919
0.1897149751168753,0.998849252013809,0.5676923965701015
0.18986578193334339,0.998849252013809,0.5670575687532342
0.1900165887498115,0.998849252013809,0.5669083425093363
0.1901673955662796,0.998849252013809,0.5666561450180891
0.1903182023827477,0.998849252013809,0.5665165677693611
0.1904690091992158,0.998849252013809,0.5663886839554018
0.1906198160156839,0.998849252013809,0.5661148455019414
0.19077062283215201,0.998849252013809,0.5660866615702268
0.1909214296486201,0.998849252013809,0.5660592576216988
0.19107223646508822,0.998849252013809,0.565995611124992
0.19122304328155632,0.998849252013809,0.5658949125749752
0.19137385009802443,0.998849252013809,0.5658724102732733
0.19152465691449252,0.998849252013809,0.5657865077071348
0.19167546373096064,0.998849252013809,0.5655204220948019
0.19182627054742873,0.998849252013809,0.5654898447082635
0.19197707736389685,0.998849252013809,0.5654541720740859
0.19212788418036494,0.998849252013809,0.565178480778191
0.19227869099683306,0.998849252013809,0.5650887748565859
0.19242949781330115,0.998849252013809,0.5650879294781244
0.19258030462976927,0.998849252013809,0.564724715183585
0.19273111144623736,0.998849252013809,0.5646853020559433
0.19288191826270548,0.998849252013809,0.56464568771724
0.19303272507917357,0.998849252013809,0.564566528684899
0.1931835318956417,0.998849252013809,0.5643710818582514
0.19333433871210978,0.998849252013809,0.5642363118189256
0.1934851455285779,0.998849252013809,0.5641683413913992
0.193635952345046,0.998849252013809,0.5640958681447701
0.1937867591615141,0.998849252013809,0.5640892520506378
0.1939375659779822,0.998849252013809,0.5640520749773592
0.19408837279445032,0.998849252013809,0.5638534403865317
0.1942391796109184,0.998849252013809,0.5636439771116853
0.19438998642738653,0.998849252013809,0.5636266479403028
0.19454079324385462,0.998849252013809,0.5633291755037367
0.19469160006032274,0.998849252013809,0.5632288296031719
0.19484240687679083,0.998849252013809,0.5631393485911707
0.19499321369325895,0.998849252013809,0.563072165842133
0.19514402050972704,0.998849252013809,0.562972451998453
0.19529482732619513,0.998849252013809,0.5629537262961974
0.19544563414266325,0.998849252013809,0.5629493103396621
0.19559644095913134,0.998849252013809,0.5629014853786154
0.19574724777559946,0.998849252013809,0.5627889809941867
0.19589805459206755,0.998849252013809,0.5625289323973252
0.19604886140853567,0.998849252013809,0.5624922883138216
0.19619966822500376,0.998849252013809,0.5624866041245077
0.19635047504147188,0.998849252013809,0.5621986915759785
0.19650128185793997,0.998849252013809,0.5621927358036899
0.1966520886744081,0.998849252013809,0.5620905710169853
0.19680289549087618,0.998849252013809,0.5619828431629428
0.1969537023073443,0.998849252013809,0.5619449697254227
0.1971045091238124,0.998849252013809,0.5618177811299995
0.1972553159402805,0.998849252013809,0.5616191165922804
0.1974061227567486,0.998849252013809,0.5614704485087876
0.19755692957321672,0.998849252013809,0.5613597610362021
0.1977077363896848,0.998849252013809,0.561255613701489
0.19785854320615293,0.998849252013809,0.5610852007518949
0.19800935002262102,0.998849252013809,0.5609696385326899
0.19816015683908914,0.998849252013809,0.5606869772323787
0.19831096365555723,0.998849252013809,0.5604699885439668
0.19846177047202535,0.998849252013809,0.5596084597102253
0.19861257728849344,0.998849252013809,0.5595552705148431
0.19876338410496155,0.998849252013809,0.5595286520390326
0.19891419092142965,0.998849252013809,0.5593207509618792
0.19906499773789776,0.998849252013809,0.559256783430225
0.19921580455436586,0.998849252013809,0.5592369706238826
0.19936661137083397,0.998849252013809,0.55895966499125
0.19951741818730206,0.998849252013809,0.5589578983897002
0.19966822500377018,0.998849252013809,0.5588994490969227
0.19981903182023827,0.998849252013809,0.5585746706451872
0.1999698386367064,0.998849252013809,0.5584783257991001
0.20012064545317448,0.998849252013809,0.5584383336959297
0.20027145226964257,0.998849252013809,0.5582422957117674
0.2004222590861107,0.998849252013809,0.558140603621927
0.20057306590257878,0.998849252013809,0.5580554261731552
0.2007238727190469,0.998849252013809,0.5579398242183609
0.200874679535515,0.998849252013809,0.557715513616391
0.2010254863519831,0.998849252013809,0.5576528179009658
0.2011762931684512,0.998849252013809,0.5572287871239417
0.20132709998491932,0.998849252013809,0.5567326656008436
0.2014779068013874,0.998849252013809,0.5564010216441113
0.20162871361785553,0.998849252013809,0.5563214017163299
0.20177952043432362,0.998849252013809,0.5562159568790853
0.20193032725079174,0.998849252013809,0.5559913094517499
0.20208113406725983,0.998849252013809,0.5553990871359004
0.20223194088372795,0.998849252013809,0.5553282013226701
0.20238274770019604,0.998849252013809,0.5550847927537025
0.20253355451666416,0.998849252013809,0.5549560790710728
0.20268436133313225,0.998849252013809,0.5548424560690922
0.20283516814960037,0.998849252013809,0.5541547142193933
0.20298597496606846,0.998849252013809,0.5536539205272268
0.20313678178253658,0.998849252013809,0.5536315186004385
0.20328758859900467,0.998849252013809,0.55336118915824
0.2034383954154728,0.998849252013809,0.5531094551218633
0.20358920223194088,0.998849252013809,0.5527331846639303
0.203740009048409,0.998849252013809,0.5525793398137718
0.2038908158648771,0.998849252013809,0.5525744572905634
0.2040416226813452,0.998849252013809,0.5525344236318993
0.2041924294978133,0.998849252013809,0.5524436856491417
0.20434323631428142,0.998849252013809,0.5521839088073757
0.2044940431307495,0.998849252013809,0.5518065839109957
0.20464484994721763,0.998849252013809,0.55167073328253
0.20479565676368572,0.998849252013809,0.5509290390527727
0.2049464635801538,0.998849252013809,0.5507519131174604
0.20509727039662193,0.998849252013809,0.5506236846298084
0.20524807721309002,0.998849252013809,0.5503924205870193
0.20539888402955814,0.998849252013809,0.5501081210889114
0.20554969084602623,0.998849252013809,0.5500037699549152
0.20570049766249435,0.998849252013809,0.5499011155399176
0.20585130447896244,0.998849252013809,0.5496877415522754
0.20600211129543056,0.998849252013809,0.5496453381375609
0.20615291811189865,0.998849252013809,0.5495582695005394
0.20630372492836677,0.998849252013809,0.549211360518559
0.20645453174483486,0.998849252013809,0.5491809394185133
0.20660533856130298,0.998849252013809,0.5488181766289337
0.20675614537777107,0.998849252013809,0.5487895577813455
0.20690695219423919,0.998849252013809,0.5487757311965153
0.20705775901070728,0.998849252013809,0.5485382330817237
0.2072085658271754,0.998849252013809,0.5484869593820608
0.20735937264364349,0.998849252013809,0.5482708678957781
0.2075101794601116,0.998849252013809,0.547748790034498
0.2076609862765797,0.998849252013809,0.5474024686999871
0.20781179309304781,0.998849252013809,0.5471407553198855
0.2079625999095159,0.998849252013809,0.5469518879155164
0.20811340672598402,0.998849252013809,0.5469265720512664
0.20826421354245211,0.998849252013809,0.5468657779896468
0.20841502035892023,0.998849252013809,0.5468255419959337
0.20856582717538832,0.998849252013809,0.5467270182596089
0.20871663399185644,0.998849252013809,0.5465951947426371
0.20886744080832453,0.998849252013809,0.5465072953778444
0.20901824762479265,0.998849252013809,0.5464813737734528
0.20916905444126074,0.998849252013809,0.5462731673740706
0.20931986125772886,0.998849252013809,0.5462320072862137
0.20947066807419695,0.998849252013809,0.5461452062796656
0.20962147489066507,0.998849252013809,0.5454274514116841
0.20977228170713316,0.998849252013809,0.5453435282799448
0.20992308852360125,0.998849252013809,0.5450667139823457
0.21007389534006937,0.998849252013809,0.5449927561906094
0.21022470215653746,0.998849252013809,0.5447849138651668
0.21037550897300558,0.998849252013809,0.5445471076568578
0.21052631578947367,0.998849252013809,0.5441570367310732
0.2106771226059418,0.998849252013809,0.5440742197794564
0.21082792942240988,0.998849252013809,0.5437440351417833
0.210978736238878,0.998849252013809,0.5437148158555247
0.2111295430553461,0.998849252013809,0.5436805660429593
0.2112803498718142,0.998849252013809,0.5436251231522911
0.2114311566882823,0.998849252013809,0.543559348659345
0.21158196350475042,0.998849252013809,0.5434413702101782
0.2117327703212185,0.998849252013809,0.5433057300325012
0.21188357713768663,0.998849252013809,0.5429532507734973
0.21203438395415472,0.998849252013809,0.5428994190082087
0.21218519077062284,0.998849252013809,0.5428265463100062
0.21233599758709093,0.998849252013809,0.5428215880745814
0.21248680440355905,0.998849252013809,0.5427819102548347
0.21263761122002714,0.998849252013809,0.5423161461718299
0.21278841803649526,0.998849252013809,0.5422391513004475
0.21293922485296335,0.998849252013809,0.5421566050127888
0.21309003166943147,0.998849252013809,0.5419555544220248
0.21324083848589956,0.998849252013809,0.5417828830158204
0.21339164530236768,0.998849252013809,0.5416501760703696
0.21354245211883577,0.998849252013809,0.5404925784568098
0.2136932589353039,0.998849252013809,0.5404538581226004
0.21384406575177198,0.998849252013809,0.5404001346623593
0.2139948725682401,0.998849252013809,0.5402595216203138
0.2141456793847082,0.998849252013809,0.540244679590122
0.2142964862011763,0.998849252013809,0.5400295906027748
0.2144472930176444,0.998849252013809,0.5397755565629893
0.21459809983411252,0.998849252013809,0.5397448896263514
0.2147489066505806,0.998849252013809,0.5396823765834806
0.2148997134670487,0.998849252013809,0.539680005708175
0.21505052028351682,0.998849252013809,0.5394613319928915
0.2152013270999849,0.998849252013809,0.5394350926739211
0.21535213391645303,0.998849252013809,0.5394003344026597
0.21550294073292112,0.998849252013809,0.5393955238112529
0.21565374754938924,0.998849252013809,0.5392201338636945
0.21580455436585733,0.998849252013809,0.5390093559055434
0.21595536118232544,0.998849252013809,0.5387422399514492
0.21610616799879354,0.998849252013809,0.5387319097803325
0.21625697481526165,0.998849252013809,0.5384707884606567
0.21640778163172975,0.998849252013809,0.538348447629007
0.21655858844819786,0.998849252013809,0.5377606734732
0.21670939526466595,0.998849252013809,0.5376065404662336
0.21686020208113407,0.998849252013809,0.5375701294778047
0.21701100889760216,0.998849252013809,0.5374548159953233
0.21716181571407028,0.998849252013809,0.5374300678194085
0.21731262253053837,0.998849252013809,0.5373204664972233
0.2174634293470065,0.998849252013809,0.5373032437254177
0.21761423616347458,0.998849252013809,0.5369812462665382
0.2177650429799427,0.998849252013809,0.5367815275569502
0.2179158497964108,0.998849252013809,0.5365979860150883
0.2180666566128789,0.998849252013809,0.5365848877563856
0.218217463429347,0.998849252013809,0.536538660766819
0.21836827024581512,0.998849252013809,0.5361734569050822
0.2185190770622832,0.998849252013809,0.5361217306292103
0.21866988387875133,0.998849252013809,0.535927854066472
0.21882069069521942,0.998849252013809,0.5357856224643502
0.21897149751168754,0.998849252013809,0.5355398721386273
0.21912230432815563,0.998849252013809,0.5353516312696804
0.21927311114462375,0.998849252013809,0.5353464160988631
0.21942391796109184,0.998849252013809,0.5353353529809278
0.21957472477755993,0.998849252013809,0.5353274676084315
0.21972553159402805,0.998849252013809,0.5353029499732525
0.21987633841049614,0.998849252013809,0.5352322933090149
0.22002714522696426,0.998849252013809,0.5351000415921435
0.22017795204343235,0.998849252013809,0.5347651815317419
0.22032875885990047,0.998849252013809,0.534728051601944
0.22047956567636856,0.998849252013809,0.5346233396062879
0.22063037249283668,0.998849252013809,0.5345471587147084
0.22078117930930477,0.998849252013809,0.5341047656376388
0.2209319861257729,0.998849252013809,0.5340912772959837
0.22108279294224098,0.998849252013809,0.5338072201570754
0.2212335997587091,0.998849252013809,0.5337410118338999
0.2213844065751772,0.998849252013809,0.5336501231258628
0.2215352133916453,0.998849252013809,0.5335586636494026
0.2216860202081134,0.998849252013809,0.5335357578900557
0.22183682702458152,0.998849252013809,0.5332611086302149
0.2219876338410496,0.998849252013809,0.5331075193356971
0.22213844065751773,0.998849252013809,0.5329649491707851
0.22228924747398582,0.998849252013809,0.5327817290636292
0.22244005429045394,0.998849252013809,0.532771369167783
0.22259086110692203,0.998849252013809,0.5327603459174751
0.22274166792339015,0.998849252013809,0.5326563876391625
0.22289247473985824,0.998849252013809,0.5326544090648859
0.22304328155632636,0.998849252013809,0.5326483680612686
0.22319408837279445,0.998849252013809,0.5324096248270195
0.22334489518926257,0.998849252013809,0.5323907996993349
0.22349570200573066,0.998849252013809,0.5322133980371907
0.22364650882219878,0.998849252013809,0.5321052700883709
0.22379731563866687,0.998849252013809,0.5318693480341184
0.22394812245513498,0.998849252013809,0.5317971561891951
0.22409892927160308,0.998849252013809,0.5317275361180126
0.2242497360880712,0.998849252013809,0.5317084158275186
0.22440054290453929,0.998849252013809,0.5316946944928732
0.22455134972100738,0.998849252013809,0.5315126689375832
0.2247021565374755,0.998849252013809,0.5313937011709206
0.22485296335394359,0.998849252013809,0.5313338831074893
0.2250037701704117,0.998849252013809,0.5312978320860307
0.2251545769868798,0.998849252013809,0.531254910865964
0.22530538380334791,0.998849252013809,0.5312533321413121
0.225456190619816,0.998849252013809,0.5311555908930342
0.22560699743628412,0.998849252013809,0.5310292763001335
0.22575780425275221,0.998849252013809,0.5308854612902537
0.22590861106922033,0.998849252013809,0.5308178684060046
0.22605941788568842,0.998849252013809,0.5306138142974827
0.22621022470215654,0.998849252013809,0.5305613284795486
0.22636103151862463,0.998849252013809,0.530552756137311
0.22651183833509275,0.998849252013809,0.5304341690220153
0.22666264515156084,0.998849252013809,0.5304141089542581
0.22681345196802896,0.998849252013809,0.5300967031456804
0.22696425878449705,0.998849252013809,0.5300907657611068
0.22711506560096517,0.998849252013809,0.5299916397887869
0.22726587241743326,0.998849252013809,0.5299701730657641
0.22741667923390138,0.998849252013809,0.5297653380634961
0.22756748605036947,0.998849252013809,0.5294845166827037
0.2277182928668376,0.998849252013809,0.5293730141688048
0.22786909968330568,0.998849252013809,0.5292275278469469
0.2280199064997738,0.998849252013809,0.5291550682367469
0.2281707133162419,0.998849252013809,0.5291398403783953
0.22832152013271,0.998849252013809,0.5291104681200711
0.2284723269491781,0.998849252013809,0.5287905861475706
0.22862313376564622,0.998849252013809,0.528691887761752
0.2287739405821143,0.998849252013809,0.5286027060488051
0.22892474739858243,0.998849252013809,0.5285755771256654
0.22907555421505052,0.998849252013809,0.5285484162609293
0.22922636103151864,0.998849252013809,0.5283847092076
0.22937716784798673,0.998849252013809,0.5283081453071927
0.22952797466445482,0.998849252013809,0.5281096403194826
0.22967878148092294,0.998849252013809,0.5275992820464044
0.22982958829739103,0.998849252013809,0.5270321248881854
0.22998039511385915,0.998849252013809,0.5269500133888275
0.23013120193032724,0.998849252013809,0.5268165467248402
0.23028200874679536,0.998849252013809,0.5267268597238608
0.23043281556326345,0.998849252013809,0.5265789968233431
0.23058362237973157,0.998849252013809,0.5265462525326862
0.23073442919619966,0.998849252013809,0.526512884646311
0.23088523601266778,0.998849252013809,0.5264944140988583
0.23103604282913587,0.998849252013809,0.5264632210328838
0.231186849645604,0.998849252013809,0.5263492365371619
0.23133765646207208,0.998849252013809,0.5263307020411937
0.2314884632785402,0.998849252013809,0.526323842976296
0.2316392700950083,0.998849252013809,0.5261867350580134
0.2317900769114764,0.998849252013809,0.5258277377846032
0.2319408837279445,0.998849252013809,0.5257850023675865
0.23209169054441262,0.998849252013809,0.5257519326894206
0.2322424973608807,0.998849252013809,0.5256680877327639
0.23239330417734883,0.998849252013809,0.5255980513229999
0.23254411099381692,0.998849252013809,0.5253098885450935
0.23269491781028503,0.998849252013809,0.5252903805929006
0.23284572462675313,0.998849252013809,0.5252542663550775
0.23299653144322124,0.998849252013809,0.5252507795180147
0.23314733825968934,0.998849252013809,0.5251070301477356
0.23329814507615745,0.998849252013809,0.5250651243024831
0.23344895189262554,0.998849252013809,0.5250571572097796
0.23359975870909366,0.998849252013809,0.5250477792971484
0.23375056552556175,0.998849252013809,0.5250201787785141
0.23390137234202987,0.998849252013809,0.5249909622852618
0.23390137234202987,1.0,0.5249290574064988
0.23405217915849796,1.0,0.5247081355305468
0.23420298597496605,1.0,0.5244815919512968
0.23435379279143417,1.0,0.524417036172666
0.23450459960790226,1.0,0.524323135033231
0.23465540642437038,1.0,0.5243107268385686
0.23480621324083847,1.0,0.5239274625051759
0.2349570200573066,1.0,0.5237189346941911
0.23510782687377468,1.0,0.5233644056730996
0.2352586336902428,1.0,0.5233196519231453
0.2354094405067109,1.0,0.5233099010334822
0.235560247323179,1.0,0.5230250186692174
0.2357110541396471,1.0,0.5228507937703971
0.23586186095611522,1.0,0.5228258464724381
0.2360126677725833,1.0,0.522748432700428
0.23616347458905143,1.0,0.5227335510407878
0.23631428140551952,1.0,0.5227174925330411
0.23646508822198764,1.0,0.5223571613795012
0.23661589503845573,1.0,0.5221474522270498
0.23676670185492385,1.0,0.5220756552895408
0.23691750867139194,1.0,0.5220013148444124
0.23706831548786006,1.0,0.5218841080208002
0.23721912230432815,1.0,0.5218017577950251
0.23736992912079627,1.0,0.521679197920459
0.23752073593726436,1.0,0.5216779722617509
0.23767154275373248,1.0,0.5216178437781074
0.23782234957020057,1.0,0.5215828184801392
0.2379731563866687,1.0,0.5214644697435722
0.23812396320313678,1.0,0.521199340611644
0.2382747700196049,1.0,0.5209701473033891
0.238425576836073,1.0,0.5207816701449095
0.2385763836525411,1.0,0.520695730357716
0.2387271904690092,1.0,0.520588642388422
0.23887799728547732,1.0,0.5204978623093773
0.2390288041019454,1.0,0.5204960486220194
0.2391796109184135,1.0,0.5204786588194446
0.23933041773488162,1.0,0.5201498133354548
0.2394812245513497,1.0,0.5198842524828315
0.23963203136781783,1.0,0.5197917864972718
0.23978283818428592,1.0,0.5194644058385626
0.23993364500075404,1.0,0.5194069288017898
0.24008445181722213,1.0,0.5193325924636579
0.24023525863369025,1.0,0.5191828532572474
0.24038606545015834,1.0,0.5191190680805572
0.24053687226662646,1.0,0.5188318451607589
0.24068767908309455,1.0,0.518809504102137
0.24083848589956267,1.0,0.518796273354411
0.24098929271603076,1.0,0.5183682495472094
0.24114009953249887,1.0,0.5183329543278187
0.24129090634896697,1.0,0.518155836439531
0.24144171316543508,1.0,0.5180540131097415
0.24159251998190318,1.0,0.5178505650049897
0.2417433267983713,1.0,0.5178012988874013
0.24189413361483939,1.0,0.5176569250486525
0.2420449404313075,1.0,0.5173298203781599
0.2421957472477756,1.0,0.517115857651905
0.2423465540642437,1.0,0.5168266558709522
0.2424973608807118,1.0,0.5163003730745026
0.24264816769717992,1.0,0.5162066849589886
0.242798974513648,1.0,0.5161737538772345
0.24294978133011613,1.0,0.5159516440347934
0.24310058814658422,1.0,0.515798228834823
0.24325139496305234,1.0,0.5155246482983202
0.24340220177952043,1.0,0.5152900820622247
0.24355300859598855,1.0,0.5152409197762958
0.24370381541245664,1.0,0.515220654962706
0.24385462222892476,1.0,0.5149777006309894
0.24400542904539285,1.0,0.5148160800735965
0.24415623586186094,1.0,0.5147868297836026
0.24430704267832906,1.0,0.5145933110559751
0.24445784949479715,1.0,0.5144039396278051
0.24460865631126527,1.0,0.5143482160937033
0.24475946312773336,1.0,0.5143174579327926
0.24491026994420148,1.0,0.5142368733680174
0.24506107676066957,1.0,0.5141639237829676
0.2452118835771377,1.0,0.5141438151753405
0.24536269039360578,1.0,0.5139587456569042
0.2455134972100739,1.0,0.5137733770145078
0.245664304026542,1.0,0.5136752282583789
0.2458151108430101,1.0,0.5135364106947066
0.2459659176594782,1.0,0.513377664922918
0.24611672447594632,1.0,0.5131831888337468
0.2462675312924144,1.0,0.5131052695844092
0.24641833810888253,1.0,0.5129106255007252
0.24656914492535062,1.0,0.512779798964971
0.24671995174181874,1.0,0.5124883574707518
0.24687075855828683,1.0,0.5124306409397411
0.24702156537475495,1.0,0.5123314096674356
0.24717237219122304,1.0,0.5120931983276525
0.24732317900769116,1.0,0.512019251855094
0.24747398582415925,1.0,0.5119956849416843
0.24762479264062737,1.0,0.5119740595310863
0.24777559945709546,1.0,0.5119538934743977
0.24792640627356358,1.0,0.5118286284980575
0.24807721309003167,1.0,0.5117582304648268
0.24822801990649979,1.0,0.5117445526603756
0.24837882672296788,1.0,0.5115112022808825
0.248529633539436,1.0,0.5114425686587698
0.2486804403559041,1.0,0.5114208446290814
0.24883124717237218,1.0,0.5113286993381727
0.2489820539888403,1.0,0.5113047449116599
0.2491328608053084,1.0,0.5112331166849194
0.2492836676217765,1.0,0.5105397049026826
0.2494344744382446,1.0,0.5105180904887096
0.24958528125471272,1.0,0.5103913188955962
0.2497360880711808,1.0,0.5103308692780671
0.24988689488764892,1.0,0.5101425137871926
0.25003770170411704,1.0,0.510130563186875
0.2501885085205851,1.0,0.5101161001829708
0.2503393153370532,1.0,0.510110581542583
0.25049012215352134,1.0,0.5099720674061805
0.25064092896998946,1.0,0.5099692512776305
0.2507917357864575,1.0,0.5098019468228366
0.25094254260292564,1.0,0.5097908674771757
0.25109334941939376,1.0,0.5091586958894601
0.2512441562358619,1.0,0.5088379172208616
0.25139496305232994,1.0,0.508720701783041
0.25154576986879806,1.0,0.5085713099284906
0.2516965766852662,1.0,0.5079097396664299
0.2518473835017343,1.0,0.5078857375782975
0.25199819031820236,1.0,0.5077451533203639
0.2521489971346705,1.0,0.5077204858507064
0.2522998039511386,1.0,0.5076806532513599
0.2524506107676067,1.0,0.5076254821584881
0.2526014175840748,1.0,0.5075785457411519
0.2527522244005429,1.0,0.5075462929829454
0.252903031217011,1.0,0.5073996114379671
0.25305383803347914,1.0,0.5073721495331242
0.2532046448499472,1.0,0.5071167077937441
0.2533554516664153,1.0,0.5064172304676093
0.25350625848288344,1.0,0.506371598584168
0.25365706529935156,1.0,0.5061918035592395
0.2538078721158196,1.0,0.50615964922354
0.25395867893228774,1.0,0.5058189904218708
0.25410948574875586,1.0,0.505728056029691
0.2542602925652239,1.0,0.5056090495005264
0.25441109938169204,1.0,0.505538444124512
0.25456190619816016,1.0,0.5053950420462271
0.2547127130146283,1.0,0.5053837154531357
0.25486351983109634,1.0,0.5052209199456914
0.25501432664756446,1.0,0.5052112022022052
0.2551651334640326,1.0,0.5051240816872982
0.2553159402805007,1.0,0.5050532040722409
0.25546674709696876,1.0,0.5050153358240645
0.2556175539134369,1.0,0.504667486945675
0.255768360729905,1.0,0.5044616042330781
0.2559191675463731,1.0,0.5042998555080592
0.2560699743628412,1.0,0.504290900273747
0.2562207811793093,1.0,0.5042055128876045
0.2563715879957774,1.0,0.5040084806039985
0.25652239481224554,1.0,0.5038660743442507
0.2566732016287136,1.0,0.5031954555960789
0.2568240084451817,1.0,0.5030673616767098
0.25697481526164984,1.0,0.5030556046434934
0.25712562207811795,1.0,0.5029798815149202
0.257276428894586,1.0,0.502899924921695
0.25742723571105414,1.0,0.5028940259120461
0.25757804252752226,1.0,0.5028782669248043
0.2577288493439904,1.0,0.5028749848208288
0.25787965616045844,1.0,0.5027871723028622
0.25803046297692656,1.0,0.5027738730685373
0.2581812697933947,1.0,0.5027243102550871
0.2583320766098628,1.0,0.5026208148147874
0.25848288342633086,1.0,0.5024023848585117
0.258633690242799,1.0,0.5023876812952669
0.2587844970592671,1.0,0.502382565588935
0.25893530387573516,1.0,0.5020809640534437
0.2590861106922033,1.0,0.50202848467852
0.2592369175086714,1.0,0.5018262623547284
0.2593877243251395,1.0,0.5017492021425491
0.2595385311416076,1.0,0.5017306497998174
0.2596893379580757,1.0,0.5016779245045315
0.2598401447745438,1.0,0.5012451993517735
0.25999095159101193,1.0,0.5007571878894763
0.26014175840748,1.0,0.5006780806168998
0.2602925652239481,1.0,0.5003378171111494
0.26044337204041623,1.0,0.5001474029907822
0.26059417885688435,1.0,0.5000589488461753
0.2607449856733524,1.0,0.4998938735612983
0.26089579248982053,1.0,0.4998576660910064
0.26104659930628865,1.0,0.4997297924705679
0.26119740612275677,1.0,0.499617589811924
0.26134821293922483,1.0,0.4994963860608686
0.26149901975569295,1.0,0.4992869484680345
0.26164982657216107,1.0,0.499088656364542
0.2618006333886292,1.0,0.4989147876331953
0.26195144020509725,1.0,0.4987048508032149
0.26210224702156537,1.0,0.4986804098665871
0.2622530538380335,1.0,0.4985800965504255
0.2624038606545016,1.0,0.4985683282310152
0.26255466747096967,1.0,0.4985057105397482
0.2627054742874378,1.0,0.498461144687499
0.2628562811039059,1.0,0.4983617213574646
0.263007087920374,1.0,0.4982097182623922
0.2631578947368421,1.0,0.4981555282485155
0.2633087015533102,1.0,0.4980878165801048
0.26345950836977833,1.0,0.4977954378649398
0.2636103151862464,1.0,0.4977775892693489
0.2637611220027145,1.0,0.4977536325792444
0.26391192881918263,1.0,0.4976577183155347
0.26406273563565075,1.0,0.4973717585876732
0.2642135424521188,1.0,0.4969496835583546
0.26436434926858693,1.0,0.4961738319468768
0.26451515608505505,1.0,0.4959326502251715
0.26466596290152317,1.0,0.4958873823767987
0.26481676971799123,1.0,0.4950734332027141
0.26496757653445935,1.0,0.4948856720496473
0.26511838335092747,1.0,0.4947996422792805
0.2652691901673956,1.0,0.4947057076614774
0.26541999698386365,1.0,0.4944170215129422
0.26557080380033177,1.0,0.4943927098194653
0.2657216106167999,1.0,0.4943478964518825
0.265872417433268,1.0,0.4942056323031032
0.26602322424973607,1.0,0.4941580327370086
0.2661740310662042,1.0,0.4941504800508301
0.2663248378826723,1.0,0.4940940121927494
0.2664756446991404,1.0,0.4939953720254316
0.2666264515156085,1.0,0.4939107405490749
0.2667772583320766,1.0,0.4938550701283856
0.2669280651485447,1.0,0.4937003527793612
0.26707887196501284,1.0,0.4936822038356697
0.2672296787814809,1.0,0.4936456133780682
0.267380485597949,1.0,0.493448219373736
0.26753129241441714,1.0,0.4932268071522785
0.26768209923088526,1.0,0.4930988282305636
0.2678329060473533,1.0,0.4930589293819596
0.26798371286382144,1.0,0.4927104247130636
0.26813451968028956,1.0,0.4925100190495763
0.2682853264967577,1.0,0.4924436105359058
0.26843613331322574,1.0,0.4923075151782314
0.26858694012969386,1.0,0.4922857099134403
0.268737746946162,1.0,0.4922505845705827
0.26888855376263004,1.0,0.4921987486115286
0.26903936057909816,1.0,0.4921832653854228
0.2691901673955663,1.0,0.491872795958089
0.2693409742120344,1.0,0.4916944599624859
0.26949178102850246,1.0,0.4913976574000363
0.2696425878449706,1.0,0.4913887197310748
0.2697933946614387,1.0,0.491298282658256
0.2699442014779068,1.0,0.4911604178972666
0.2700950082943749,1.0,0.4911023342606638
0.270245815110843,1.0,0.4909086276650308
0.2703966219273111,1.0,0.4903903559313871
0.27054742874377924,1.0,0.4902722762214807
0.2706982355602473,1.0,0.4902684244890693
0.2708490423767154,1.0,0.4902339553518642
0.27099984919318354,1.0,0.490046161213984
0.27115065600965166,1.0,0.4899569065219789
0.2713014628261197,1.0,0.4895506776633641
0.27145226964258784,1.0,0.4894177069885292
0.27160307645905596,1.0,0.4891881771986353
0.2717538832755241,1.0,0.4890333838909274
0.27190469009199214,1.0,0.4889445661508499
0.27205549690846026,1.0,0.4888812418831734
0.2722063037249284,1.0,0.4888495051551649
0.2723571105413965,1.0,0.4888444298919737
0.27250791735786456,1.0,0.4885542227842169
0.2726587241743327,1.0,0.4884585293870114
0.2728095309908008,1.0,0.4884126305741462
0.2729603378072689,1.0,0.4882437401857561
0.273111144623737,1.0,0.488146034196641
0.2732619514402051,1.0,0.4881380483959937
0.2734127582566732,1.0,0.4880232841101656
0.2735635650731413,1.0,0.4878992136030545
0.2737143718896094,1.0,0.4878224783351289
0.2738651787060775,1.0,0.4877748120142683
0.27401598552254564,1.0,0.4876329575184474
0.2741667923390137,1.0,0.487422277307544
0.2743175991554818,1.0,0.4873995217258187
0.27446840597194994,1.0,0.4873856796426656
0.27461921278841805,1.0,0.4873466927481046
0.2747700196048861,1.0,0.487142139200036
0.27492082642135424,1.0,0.487088514392439
0.27507163323782235,1.0,0.4869396558961322
0.2752224400542905,1.0,0.4868925514537383
0.27537324687075854,1.0,0.4868151088900527
0.27552405368722666,1.0,0.486766120644813
0.2756748605036948,1.0,0.4865611184116361
0.2758256673201629,1.0,0.4864814718494121
0.27597647413663096,1.0,0.4863024965565584
0.2761272809530991,1.0,0.4862650180216578
0.2762780877695672,1.0,0.4862387243521975
0.2764288945860353,1.0,0.4861964761841685
0.2765797014025034,1.0,0.485729378849538
0.2767305082189715,1.0,0.4856962019407309
0.2768813150354396,1.0,0.4855875579117154
0.27703212185190773,1.0,0.4854248984306751
0.2771829286683758,1.0,0.485368167434421
0.2773337354848439,1.0,0.4852351290653201
0.27748454230131203,1.0,0.4852101829752523
0.27763534911778015,1.0,0.485201603940756
0.2777861559342482,1.0,0.4849016042066081
0.27793696275071633,1.0,0.4848596988395476
0.27808776956718445,1.0,0.484757715307246
0.2782385763836525,1.0,0.4846500648216487
0.27838938320012063,1.0,0.4846038471943918
0.27854019001658875,1.0,0.4845169275025942
0.27869099683305687,1.0,0.484455676723025
0.27884180364952493,1.0,0.484312609278256
0.27899261046599305,1.0,0.4841743117591727
0.27914341728246117,1.0,0.4841427369094805
0.2792942240989293,1.0,0.4833115014912016
0.27944503091539735,1.0,0.4831782376841498
0.27959583773186547,1.0,0.483137585010028
0.2797466445483336,1.0,0.4830785003416239
0.2798974513648017,1.0,0.4830369557299763
0.28004825818126977,1.0,0.4829313010463615
0.2801990649977379,1.0,0.4827329782284714
0.280349871814206,1.0,0.4825022714825885
0.2805006786306741,1.0,0.4823697459356703
0.2806514854471422,1.0,0.4823647900422338
0.2808022922636103,1.0,0.4823483765029585
0.28095309908007843,1.0,0.4822182280372121
0.28110390589654655,1.0,0.482157989883789
0.2812547127130146,1.0,0.4821136097430729
0.28140551952948273,1.0,0.4820720998318763
0.28155632634595085,1.0,0.4816444945336523
0.28170713316241897,1.0,0.4814778587346697
0.28185793997888703,1.0,0.4813833843797094
0.28200874679535515,1.0,0.4808726026342827
0.28215955361182327,1.0,0.4808153909185461
0.2823103604282914,1.0,0.4808137386374814
0.28246116724475945,1.0,0.4807611452303194
0.28261197406122757,1.0,0.4807406158076826
0.2827627808776957,1.0,0.4806335627841254
0.2829135876941638,1.0,0.4804971469569137
0.28306439451063187,1.0,0.4803641477592799
0.2832152013271,1.0,0.4802604861604906
0.2833660081435681,1.0,0.4802486980946232
0.28351681496003617,1.0,0.4798799406548066
0.2836676217765043,1.0,0.4797775562476115
0.2838184285929724,1.0,0.4797094041885781
0.2839692354094405,1.0,0.4795545364662519
0.2841200422259086,1.0,0.479452006883798
0.2842708490423767,1.0,0.4793450406702165
0.2844216558588448,1.0,0.4792199973531554
0.28457246267531294,1.0,0.4788615185097605
0.284723269491781,1.0,0.4788337025830699
0.2848740763082491,1.0,0.4786836251559042
0.28502488312471724,1.0,0.478542487475552
0.28517568994118536,1.0,0.4784675084696385
0.2853264967576534,1.0,0.4784142900203429
0.28547730357412154,1.0,0.4782649656289716
0.28562811039058966,1.0,0.478060866902415
0.2857789172070578,1.0,0.4778628687594639
0.28592972402352584,1.0,0.4778108724704537
0.28608053083999396,1.0,0.4776949055630429
0.2862313376564621,1.0,0.4774264580312262
0.2863821444729302,1.0,0.4770538897592882
0.28653295128939826,1.0,0.4769268727448562
0.2866837581058664,1.0,0.4768959140055766
0.2868345649223345,1.0,0.4765638033612616
0.2869853717388026,1.0,0.4764533901641357
0.2871361785552707,1.0,0.4761364369016245
0.2872869853717388,1.0,0.4760165452896572
0.2874377921882069,1.0,0.4758134287296259
0.28758859900467504,1.0,0.4756297195326655
0.2877394058211431,1.0,0.4755550041463534
0.2878902126376112,1.0,0.4753822428839817
0.28804101945407934,1.0,0.4752838879939257
0.2881918262705474,1.0,0.4751445170373304
0.2883426330870155,1.0,0.4750776486424244
0.28849343990348364,1.0,0.4750214308796007
0.28864424671995176,1.0,0.4747186012965825
0.2887950535364198,1.0,0.4745066737183143
0.28894586035288794,1.0,0.4745014385512748
0.28909666716935606,1.0,0.4741367386151992
0.2892474739858242,1.0,0.4740984594511713
0.28939828080229224,1.0,0.4740036930408037
0.28954908761876036,1.0,0.4738898752240228
0.2896998944352285,1.0,0.473875357427466
0.2898507012516966,1.0,0.4738296469883932
0.29000150806816466,1.0,0.4737854196230767
0.2901523148846328,1.0,0.4736068041722602
0.2903031217011009,1.0,0.4734137106959221
0.290453928517569,1.0,0.4733959909026685
0.2906047353340371,1.0,0.4732382170307402
0.2907555421505052,1.0,0.4731837665037982
0.2909063489669733,1.0,0.4731319806490362
0.29105715578344143,1.0,0.4727635537013945
0.2912079625999095,1.0,0.472590301135861
0.2913587694163776,1.0,0.4725800119809581
0.29150957623284574,1.0,0.4725075352058654
0.29166038304931385,1.0,0.4724707718980023
0.2918111898657819,1.0,0.4722507538856662
0.29196199668225004,1.0,0.4719198129220204
0.29211280349871815,1.0,0.4718002239577216
0.2922636103151863,1.0,0.4717492860479071
0.29241441713165434,1.0,0.4715961077840596
0.29256522394812245,1.0,0.4714929386893943
0.2927160307645906,1.0,0.4714451989724406
0.29286683758105864,1.0,0.4713721776215653
0.29301764439752676,1.0,0.4711103265936832
0.2931684512139949,1.0,0.4708081371048705
0.293319258030463,1.0,0.4708006767890657
0.29347006484693106,1.0,0.4707959324059854
0.2936208716633992,1.0,0.4703651005099015
0.2937716784798673,1.0,0.4703300453839129
0.2939224852963354,1.0,0.4700188108046951
0.2940732921128035,1.0,0.4699761878166925
0.2942240989292716,1.0,0.469972498067139
0.2943749057457397,1.0,0.4698827288626217
0.29452571256220783,1.0,0.469862395148272
0.2946765193786759,1.0,0.4698569379125009
0.294827326195144,1.0,0.4695721637488275
0.29497813301161213,1.0,0.469540869212883
0.29512893982808025,1.0,0.4694061649415383
0.2952797466445483,1.0,0.469149188129581
0.29543055346101643,1.0,0.4691380823341702
0.29558136027748455,1.0,0.4691355588781903
0.29573216709395267,1.0,0.4690769522675204
0.29588297391042073,1.0,0.4689921149563574
0.29603378072688885,1.0,0.468938129751353
0.29618458754335697,1.0,0.4689336449564862
0.2963353943598251,1.0,0.4688562886509518
0.29648620117629315,1.0,0.4688477562124912
0.29663700799276127,1.0,0.4685529706990223
0.2967878148092294,1.0,0.4684252716466159
0.2969386216256975,1.0,0.4683921965766661
0.29708942844216557,1.0,0.4683835164890462
0.2972402352586337,1.0,0.468361033071293
0.2973910420751018,1.0,0.4683131925831577
0.2975418488915699,1.0,0.4681925077205717
0.297692655708038,1.0,0.4681711849077556
0.2978434625245061,1.0,0.4677828013272251
0.2979942693409742,1.0,0.4676319222580631
0.2981450761574423,1.0,0.4676102816903378
0.2982958829739104,1.0,0.4675866624045861
0.2984466897903785,1.0,0.4671975890817949
0.29859749660684665,1.0,0.4671642441231117
0.2987483034233147,1.0,0.4670232748553105
0.29889911023978283,1.0,0.4669543438583389
0.29904991705625095,1.0,0.4669059112964887
0.29920072387271907,1.0,0.4666277018204786
0.29935153068918713,1.0,0.4664491675268973
0.29950233750565525,1.0,0.4663462040366308
0.29965314432212337,1.0,0.4662897590348717
0.2998039511385915,1.0,0.4662789802611666
0.29995475795505955,1.0,0.4661287707739805
0.30010556477152767,1.0,0.4660982938535245
0.3002563715879958,1.0,0.4660804060645099
0.3004071784044639,1.0,0.4660131468462583
0.30055798522093197,1.0,0.4649821229339733
0.3007087920374001,1.0,0.4649025639118406
0.3008595988538682,1.0,0.4648436293377225
0.3010104056703363,1.0,0.4647663511185839
0.3011612124868044,1.0,0.4647497805184253
0.3013120193032725,1.0,0.4645518930738166
0.3014628261197406,1.0,0.4644852389168081
0.30161363293620874,1.0,0.4644567852608071
0.3017644397526768,1.0,0.4642158627203968
0.3019152465691449,1.0,0.4640959001597182
0.30206605338561304,1.0,0.4640926218856521
0.30221686020208116,1.0,0.4640853860999314
0.3023676670185492,1.0,0.464077873234383
0.30251847383501734,1.0,0.4638956122158464
0.30266928065148546,1.0,0.4638881246887601
0.3028200874679535,1.0,0.4638508497557493
0.30297089428442164,1.0,0.4638428569906468
0.30312170110088976,1.0,0.4637953965440977
0.3032725079173579,1.0,0.4637689590858584
0.30342331473382594,1.0,0.4635706994042698
0.30357412155029406,1.0,0.463536177192992
0.3037249283667622,1.0,0.4632446061823519
0.3038757351832303,1.0,0.46314510323193
0.30402654199969836,1.0,0.4631267861429928
0.3041773488161665,1.0,0.4627185561119615
0.3043281556326346,1.0,0.4625956330131109
0.3044789624491027,1.0,0.4623792322397869
0.3046297692655708,1.0,0.4623756106098589
0.3047805760820389,1.0,0.4622884721288737
0.304931382898507,1.0,0.4622257381201571
0.30508218971497514,1.0,0.4621575761644074
0.3052329965314432,1.0,0.4621334077120049
0.3053838033479113,1.0,0.4620660212148054
0.30553461016437944,1.0,0.4619120007119282
0.30568541698084756,1.0,0.4618758113601539
0.3058362237973156,1.0,0.4618601784538425
0.30598703061378374,1.0,0.4616206777771352
0.30613783743025186,1.0,0.4616088995002522
0.30628864424672,1.0,0.4614527792521216
0.30643945106318804,1.0,0.4609044864776838
0.30659025787965616,1.0,0.4608305655811817
0.3067410646961243,1.0,0.4607192699861954
0.3068918715125924,1.0,0.4606770851515231
0.30704267832906046,1.0,0.4605052101929619
0.3071934851455286,1.0,0.4603041182922183
0.3073442919619967,1.0,0.4602178898385769
0.30749509877846476,1.0,0.4602031620340919
0.3076459055949329,1.0,0.4599692793071593
0.307796712411401,1.0,0.4598978563642381
0.3079475192278691,1.0,0.4597226223140052
0.3080983260443372,1.0,0.45940246002091
0.3082491328608053,1.0,0.4592357259677773
0.3083999396772734,1.0,0.4592187269947066
0.30855074649374153,1.0,0.4590660165731417
0.3087015533102096,1.0,0.4590353259313989
0.3088523601266777,1.0,0.4587547572773673
0.30900316694314583,1.0,0.4585173086475805
0.30915397375961395,1.0,0.458464820028614
0.309304780576082,1.0,0.4584302280723151
0.30945558739255014,1.0,0.4583839872810035
0.30960639420901825,1.0,0.4583597684667371
0.3097572010254864,1.0,0.4583144452164013
0.30990800784195444,1.0,0.4583038194875925
0.31005881465842255,1.0,0.4582999618041348
0.3102096214748907,1.0,0.4581831799574404
0.3103604282913588,1.0,0.457951815502591
0.31051123510782686,1.0,0.4577903328868948
0.310662041924295,1.0,0.4575576181653651
0.3108128487407631,1.0,0.4575320335853615
0.3109636555572312,1.0,0.457259544609554
0.3111144623736993,1.0,0.4571981851613725
0.3112652691901674,1.0,0.457106130758923
0.3114160760066355,1.0,0.4570991370745146
0.31156688282310363,1.0,0.456831103099529
0.3117176896395717,1.0,0.456774306301685
0.3118684964560398,1.0,0.4566677015632996
0.31201930327250793,1.0,0.4565366496723849
0.31217011008897605,1.0,0.4562987435498164
0.3123209169054441,1.0,0.4562204113760702
0.31247172372191223,1.0,0.456080127079537
0.31262253053838035,1.0,0.4560081160441178
0.3127733373548484,1.0,0.4557904075907731
0.31292414417131653,1.0,0.4557653585124933
0.31307495098778465,1.0,0.4556988412051461
0.31322575780425277,1.0,0.4555955176412942
0.31337656462072083,1.0,0.455291611514776
0.31352737143718895,1.0,0.4552088991313678
0.31367817825365707,1.0,0.4551335198561271
0.3138289850701252,1.0,0.4550051738296918
0.31397979188659325,1.0,0.4548809795865407
0.31413059870306137,1.0,0.4548262011436389
0.3142814055195295,1.0,0.4548257271068369
0.3144322123359976,1.0,0.4546441527773177
0.31458301915246567,1.0,0.4545898085451683
0.3147338259689338,1.0,0.4544234174251833
0.3148846327854019,1.0,0.4543185643231254
0.31503543960187,1.0,0.4542921871575728
0.3151862464183381,1.0,0.4542299353815701
0.3153370532348062,1.0,0.4540092842510898
0.3154878600512743,1.0,0.4537578144361138
0.31563866686774245,1.0,0.4533442221764884
0.3157894736842105,1.0,0.4529376717284414
0.3159402805006786,1.0,0.4528576715104586
0.31609108731714675,1.0,0.4525640581088847
0.31624189413361486,1.0,0.4520402065965157
0.31639270095008293,1.0,0.4516255228141546
0.31654350776655105,1.0,0.4514056735671208
0.31669431458301917,1.0,0.4512773189495657
0.3168451213994873,1.0,0.451098622532246
0.31699592821595535,1.0,0.4508836798644003
0.31714673503242347,1.0,0.4508043514700475
0.3172975418488916,1.0,0.4506676352454571
0.31744834866535965,1.0,0.4506542999124128
0.31759915548182777,1.0,0.4505282881600013
0.3177499622982959,1.0,0.4504902430990347
0.317900769114764,1.0,0.4503886899900966
0.31805157593123207,1.0,0.4501979171764512
0.3182023827477002,1.0,0.4501204737218266
0.3183531895641683,1.0,0.4498705204620022
0.3185039963806364,1.0,0.44983818560309
0.3186548031971045,1.0,0.4495985996506373
0.3188056100135726,1.0,0.4494248278384162
0.3189564168300407,1.0,0.4492726361689131
0.31910722364650884,1.0,0.4492407078154469
0.3192580304629769,1.0,0.4491326191619326
0.319408837279445,1.0,0.4490430220069849
0.31955964409591314,1.0,0.4489959360116943
0.31971045091238126,1.0,0.44893310003226
0.3198612577288493,1.0,0.4489314646818943
0.32001206454531744,1.0,0.4488284537415588
0.32016287136178556,1.0,0.4488203847804237
0.3203136781782537,1.0,0.4487760419263242
0.32046448499472174,1.0,0.4484882020373295
0.32061529181118986,1.0,0.4484879272633111
0.320766098627658,1.0,0.4481328229104985
0.3209169054441261,1.0,0.4477400300760222
0.32106771226059416,1.0,0.4476968327235626
0.3212185190770623,1.0,0.4476923796706042
0.3213693258935304,1.0,0.4475549419660678
0.3215201327099985,1.0,0.4475159199860939
0.3216709395264666,1.0,0.4474171311182505
0.3218217463429347,1.0,0.4473154617037192
0.3219725531594028,1.0,0.4472643681965366
0.3221233599758709,1.0,0.4472557795291567
0.322274166792339,1.0,0.447125731623829
0.3224249736088071,1.0,0.4471197880373335
0.32257578042527524,1.0,0.4468268801324193
0.3227265872417433,1.0,0.4464405508456339
0.3228773940582114,1.0,0.4464345736150425
0.32302820087467954,1.0,0.4464179970028082
0.32317900769114766,1.0,0.4463506370722104
0.3233298145076157,1.0,0.4462665234479737
0.32348062132408384,1.0,0.4457647243614826
0.32363142814055196,1.0,0.4457443569022452
0.3237822349570201,1.0,0.4456692235157223
0.32393304177348814,1.0,0.4455672130493376
0.32408384858995626,1.0,0.4452741971165798
0.3242346554064244,1.0,0.4452140473454007
0.3243854622228925,1.0,0.4451815265947495
0.32453626903936056,1.0,0.4451382019470055
0.3246870758558287,1.0,0.4449863464937286
0.3248378826722968,1.0,0.4448977801679306
0.3249886894887649,1.0,0.4448238244007645
0.325139496305233,1.0,0.4447710267539757
0.3252903031217011,1.0,0.4447705635378476
0.3254411099381692,1.0,0.4447414696434854
0.32559191675463733,1.0,0.44466546732064
0.3257427235711054,1.0,0.4446272276375428
0.3258935303875735,1.0,0.4446044179227844
0.32604433720404163,1.0,0.4444854727434236
0.32619514402050975,1.0,0.4443498092485682
0.3263459508369778,1.0,0.4441863543179373
0.32649675765344593,1.0,0.4441318671508272
0.32664756446991405,1.0,0.4440348336324055
0.32679837128638217,1.0,0.4439129172213596
0.32694917810285024,1.0,0.4439122581737648
0.32709998491931835,1.0,0.443581056702868
0.3272507917357865,1.0,0.4434547989150145
0.32740159855225454,1.0,0.4433864318618644
0.32755240536872265,1.0,0.4433828555865767
0.3277032121851908,1.0,0.4430201112998193
0.3278540190016589,1.0,0.4430088933543671
0.32800482581812695,1.0,0.4428998227439024
0.3281556326345951,1.0,0.4428970893044525
0.3283064394510632,1.0,0.442643227619434
0.3284572462675313,1.0,0.4425146364976097
0.3286080530839994,1.0,0.4423737417359388
0.3287588599004675,1.0,0.4418332262874892
0.3289096667169356,1.0,0.4418286397311846
0.32906047353340373,1.0,0.4413774957059232
0.3292112803498718,1.0,0.4412890610592352
0.3293620871663399,1.0,0.4411318073212242
0.32951289398280803,1.0,0.441079005268216
0.32966370079927615,1.0,0.4410477581926738
0.3298145076157442,1.0,0.4409380376936391
0.32996531443221233,1.0,0.4407062046846599
0.33011612124868045,1.0,0.4404479267430423
0.33026692806514857,1.0,0.4402513570655364
0.33041773488161663,1.0,0.4402463513901792
0.33056854169808475,1.0,0.4398792340001656
0.33071934851455287,1.0,0.4398311563789326
0.330870155331021,1.0,0.4398167497550204
0.33102096214748905,1.0,0.4396291551746353
0.33117176896395717,1.0,0.4394432199494862
0.3313225757804253,1.0,0.4393923919006824
0.3314733825968934,1.0,0.4393699940035723
0.33162418941336147,1.0,0.4393480333398881
0.3317749962298296,1.0,0.4392941675653755
0.3319258030462977,1.0,0.4391384846927818
0.33207660986276577,1.0,0.439008217446009
0.3322274166792339,1.0,0.4386789004089955
0.332378223495702,1.0,0.4386374012440433
0.3325290303121701,1.0,0.4383275811585562
0.3326798371286382,1.0,0.4382734886492445
0.3328306439451063,1.0,0.4381565587357715
0.3329814507615744,1.0,0.4380934850325604
0.33313225757804255,1.0,0.4379898289869081
0.3332830643945106,1.0,0.4379163612963441
0.3334338712109787,1.0,0.437769855215636
0.33358467802744685,1.0,0.4376929514862622
0.33373548484391496,1.0,0.4374687563525732
0.33388629166038303,1.0,0.4374195553338057
0.33403709847685115,1.0,0.4373957404937098
0.33418790529331927,1.0,0.4373586051331281
0.3343387121097874,1.0,0.4373524953717048
0.33448951892625545,1.0,0.4369711187649432
0.33464032574272357,1.0,0.4369004486990152
0.3347911325591917,1.0,0.4367857633133757
0.3349419393756598,1.0,0.4367490656887892
0.33509274619212787,1.0,0.4366607183208923
0.335243553008596,1.0,0.4365513065913138
0.3353943598250641,1.0,0.4365456326179525
0.3355451666415322,1.0,0.4365384620659427
0.3356959734580003,1.0,0.4364862890263297
0.3358467802744684,1.0,0.436294978592359
0.3359975870909365,1.0,0.4362091810109188
0.33614839390740464,1.0,0.436013598194763
0.3362992007238727,1.0,0.4359736110536807
0.3364500075403408,1.0,0.4355821007039514
0.33660081435680894,1.0,0.4354132956319609
0.336751621173277,1.0,0.4353715377301586
0.3369024279897451,1.0,0.4353354277767381
0.33705323480621324,1.0,0.4353165949654456
0.33720404162268136,1.0,0.4353077706503602
0.3373548484391494,1.0,0.4351623137046299
0.33750565525561754,1.0,0.4350287600975833
0.33765646207208566,1.0,0.4348904761716692
0.3378072688885538,1.0,0.4347967095228179
0.33795807570502184,1.0,0.4346958893061024
0.33810888252148996,1.0,0.4345021704242051
0.3382596893379581,1.0,0.4345017556623877
0.3384104961544262,1.0,0.4344031402179984
0.33856130297089426,1.0,0.4342866142123996
0.3387121097873624,1.0,0.4342390211046791
0.3388629166038305,1.0,0.4340352248889008
0.3390137234202986,1.0,0.4340236130116681
0.3391645302367667,1.0,0.4340193323639669
0.3393153370532348,1.0,0.4338826271491445
0.3394661438697029,1.0,0.4336872202692534
0.33961695068617104,1.0,0.4333732081683561
0.3397677575026391,1.0,0.4331903636813096
0.3399185643191072,1.0,0.4330485379890474
0.34006937113557534,1.0,0.4330249075911506
0.34022017795204346,1.0,0.4330111861285734
0.3403709847685115,1.0,0.433010753602792
0.34052179158497964,1.0,0.4329408150473094
0.34067259840144776,1.0,0.4329399667137088
0.3408234052179159,1.0,0.4328771233114944
0.34097421203438394,1.0,0.4326150234423151
0.34112501885085206,1.0,0.4324939063026097
0.3412758256673202,1.0,0.4321355544807851
0.3414266324837883,1.0,0.4321088135602801
0.34157743930025636,1.0,0.4320893916782857
0.3417282461167245,1.0,0.4319210086778913
0.3418790529331926,1.0,0.4318263517774534
0.34202985974966066,1.0,0.4315915966796991
0.3421806665661288,1.0,0.4313139743716383
0.3423314733825969,1.0,0.4312841484602141
0.342482280199065,1.0,0.4312146019629813
0.3426330870155331,1.0,0.4308589378631192
0.3427838938320012,1.0,0.4307726050678027
0.3429347006484693,1.0,0.4302730895389358
0.34308550746493743,1.0,0.430030817454225
0.3432363142814055,1.0,0.4296476438232574
0.3433871210978736,1.0,0.4295543333217432
0.34353792791434173,1.0,0.4294417632387471
0.34368873473080985,1.0,0.4293016292944007
0.3438395415472779,1.0,0.4290317576062908
0.34399034836374603,1.0,0.4289266981652378
0.34414115518021415,1.0,0.4287079595946432
0.34429196199668227,1.0,0.4281676807638297
0.34444276881315034,1.0,0.4281088796594146
0.34459357562961845,1.0,0.4276171695688095
0.3447443824460866,1.0,0.4274573744953002
0.3448951892625547,1.0,0.4272340496090246
0.34504599607902275,1.0,0.4270373048177467
0.3451968028954909,1.0,0.4269987764366753
0.345347609711959,1.0,0.4268384043303915
0.3454984165284271,1.0,0.426792844457492
0.3456492233448952,1.0,0.4265765151033669
0.3458000301613633,1.0,0.4265391429464021
0.3459508369778314,1.0,0.4265337697516336
0.34610164379429953,1.0,0.4264474973026564
0.3462524506107676,1.0,0.4264185440677367
0.3464032574272357,1.0,0.4261928417063778
0.34655406424370383,1.0,0.4260579785559599
0.3467048710601719,1.0,0.4260465378502137
0.34685567787664,1.0,0.4259338451763598
0.34700648469310813,1.0,0.4259168977749134
0.34715729150957625,1.0,0.4257234216137263
0.3473080983260443,1.0,0.4254944723638496
0.34745890514251243,1.0,0.4254088872308095
0.34760971195898055,1.0,0.4253184667879184
0.34776051877544867,1.0,0.4251740463487319
0.34791132559191673,1.0,0.4251737507476045
0.34806213240838485,1.0,0.4250862431522391
0.34821293922485297,1.0,0.4246733793978307
0.3483637460413211,1.0,0.4246274097160709
0.34851455285778915,1.0,0.4245622718041201
0.34866535967425727,1.0,0.4244855354334934
0.3488161664907254,1.0,0.4242439882149763
0.3489669733071935,1.0,0.4242312502524262
0.34911778012366157,1.0,0.4242305923444575
0.3492685869401297,1.0,0.4241711817829326
0.3494193937565978,1.0,0.4241188366237203
0.3495702005730659,1.0,0.4240168178367962
0.349721007389534,1.0,0.4239650275576304
0.3498718142060021,1.0,0.4239227965696689
0.3500226210224702,1.0,0.4239064762331724
0.35017342783893834,1.0,0.4239058846264225
0.3503242346554064,1.0,0.4238698873265145
0.3504750414718745,1.0,0.4237239841565289
0.35062584828834265,1.0,0.4233419830059013
0.35077665510481076,1.0,0.4232653920120785
0.3509274619212788,1.0,0.4231737759045939
0.35107826873774695,1.0,0.4230281881230205
0.35122907555421506,1.0,0.4230062608850694
0.3513798823706831,1.0,0.4227197257094456
0.35153068918715125,1.0,0.4226106905332185
0.35168149600361936,1.0,0.4225975041016865
0.3518323028200875,1.0,0.4225207389051621
0.35198310963655555,1.0,0.422444734822415
0.35213391645302367,1.0,0.4224306527380138
0.3522847232694918,1.0,0.4223305285733754
0.3524355300859599,1.0,0.4223289184542459
0.35258633690242797,1.0,0.4222540977319661
0.3527371437188961,1.0,0.4221373864393128
0.3528879505353642,1.0,0.4214651993139636
0.3530387573518323,1.0,0.4214235666591444
0.3531895641683004,1.0,0.421197546205323
0.3533403709847685,1.0,0.4211771239728597
0.3534911778012366,1.0,0.4211005569634297
0.35364198461770474,1.0,0.4210589002433453
0.3537927914341728,1.0,0.4210295053272235
0.3539435982506409,1.0,0.4209177408012788
0.35409440506710904,1.0,0.4208222390295031
0.35424521188357716,1.0,0.4206226941533537
0.3543960187000452,1.0,0.4200355975572187
0.35454682551651334,1.0,0.4200279454641859
0.35469763233298146,1.0,0.4199542143389301
0.3548484391494496,1.0,0.4198566755410611
0.35499924596591764,1.0,0.4198287502036623
0.35515005278238576,1.0,0.4191070214163566
0.3553008595988539,1.0,0.4190742226756681
0.355451666415322,1.0,0.4190510821327277
0.35560247323179006,1.0,0.4189886944880028
0.3557532800482582,1.0,0.4189512014600723
0.3559040868647263,1.0,0.4188811918265343
0.3560548936811944,1.0,0.4187683309975989
0.3562057004976625,1.0,0.4183951226452692
0.3563565073141306,1.0,0.4183010739281793
0.3565073141305987,1.0,0.418276930521621
0.3566581209470668,1.0,0.4181844873415739
0.3568089277635349,1.0,0.4178576202653177
0.356959734580003,1.0,0.4178557961266237
0.35711054139647114,1.0,0.4177786174821124
0.3572613482129392,1.0,0.4175904797389838
0.3574121550294073,1.0,0.4172533549967391
0.35756296184587544,1.0,0.417132539466059
0.35771376866234356,1.0,0.4169676998799976
0.3578645754788116,1.0,0.4169507616903053
0.35801538229527974,1.0,0.4169442043648366
0.35816618911174786,1.0,0.4168246930614022
0.358316995928216,1.0,0.4168204437628273
0.35846780274468404,1.0,0.4165612790369092
0.35861860956115216,1.0,0.4165335496138041
0.3587694163776203,1.0,0.4165294966471946
0.3589202231940884,1.0,0.4162361583731885
0.35907103001055646,1.0,0.4161890761496129
0.3592218368270246,1.0,0.4161800347223771
0.3593726436434927,1.0,0.4160172684763852
0.3595234504599608,1.0,0.4158673870869184
0.3596742572764289,1.0,0.4157045941694406
0.359825064092897,1.0,0.4156763659334836
0.3599758709093651,1.0,0.4153967490200403
0.36012667772583323,1.0,0.4152765872131229
0.3602774845423013,1.0,0.4150974191214795
0.3604282913587694,1.0,0.4149549624058549
0.36057909817523753,1.0,0.4147285061333171
0.36072990499170565,1.0,0.4146092412283118
0.3608807118081737,1.0,0.4144988597370672
0.36103151862464183,1.0,0.4144930996784856
0.36118232544110995,1.0,0.4144168990659924
0.361333132257578,1.0,0.4140821226828892
0.36148393907404613,1.0,0.4140625856334674
0.36163474589051425,1.0,0.4140550391418345
0.36178555270698237,1.0,0.4140523689359942
0.36193635952345043,1.0,0.4139654383377217
0.36208716633991855,1.0,0.4138046626458347
0.3622379731563867,1.0,0.4137647021144189
0.3623887799728548,1.0,0.4135490340063589
0.36253958678932285,1.0,0.4133789580245302
0.362690393605791,1.0,0.4132117637139956
0.3628412004222591,1.0,0.413167079944314
0.3629920072387272,1.0,0.4131302234852139
0.3631428140551953,1.0,0.4129617478203903
0.3632936208716634,1.0,0.4127371744726793
0.3634444276881315,1.0,0.41246657696623
0.36359523450459963,1.0,0.4122593550040659
0.3637460413210677,1.0,0.4120130522073349
0.3638968481375358,1.0,0.4116907885158543
0.36404765495400393,1.0,0.4113108526110007
0.36419846177047205,1.0,0.4112072874952531
0.3643492685869401,1.0,0.4110893421329694
0.36450007540340823,1.0,0.4110658033379095
0.36465088221987635,1.0,0.4107892821891067
0.36480168903634447,1.0,0.4107241275065655
0.36495249585281253,1.0,0.4102020063659942
0.36510330266928065,1.0,0.4101792970409262
0.36525410948574877,1.0,0.4099350052453389
0.3654049163022169,1.0,0.4098532000134984
0.36555572311868495,1.0,0.4098063816516865
0.36570652993515307,1.0,0.4097670925600894
0.3658573367516212,1.0,0.40936530746115
0.36600814356808925,1.0,0.4092834531284656
0.36615895038455737,1.0,0.4092539536210255
0.3663097572010255,1.0,0.4092384866742284
0.3664605640174936,1.0,0.4091655597279344
0.36661137083396167,1.0,0.4091502592562931
0.3667621776504298,1.0,0.4090969508725808
0.3669129844668979,1.0,0.4090106367661694
0.367063791283366,1.0,0.4089007393267115
0.3672145980998341,1.0,0.4088247215898019
0.3673654049163022,1.0,0.4086993479153256
0.3675162117327703,1.0,0.4086320803419074
0.36766701854923844,1.0,0.4085956581664859
0.3678178253657065,1.0,0.4083938013289656
0.3679686321821746,1.0,0.4083921417823695
0.36811943899864275,1.0,0.4083046094083432
0.36827024581511086,1.0,0.4082413507806758
0.3684210526315789,1.0,0.4081681818525575
0.36857185944804705,1.0,0.4079112460140868
0.36872266626451516,1.0,0.4079010057240714
0.3688734730809833,1.0,0.4078167061778313
0.36902427989745135,1.0,0.4077817108350672
0.36917508671391946,1.0,0.4076933854926654
0.3693258935303876,1.0,0.4076661739710452
0.3694767003468557,1.0,0.4075667281654878
0.36962750716332377,1.0,0.4074750852254534
0.3697783139797919,1.0,0.4074595234355437
0.36992912079626,1.0,0.4074230338978583
0.3700799276127281,1.0,0.4073862728263538
0.3702307344291962,1.0,0.4070529001460041
0.3703815412456643,1.0,0.4068586642606621
0.3705323480621324,1.0,0.4068357438355902
0.37068315487860054,1.0,0.4066915542021746
0.3708339616950686,1.0,0.4065531840854253
0.3709847685115367,1.0,0.406507200756993
0.37113557532800484,1.0,0.4063777634721718
0.3712863821444729,1.0,0.4063265926881123
0.371437188960941,1.0,0.4063111116255956
0.37158799577740914,1.0,0.4063024066789853
0.37173880259387726,1.0,0.4060792866646595
0.3718896094103453,1.0,0.4059943941892669
0.37204041622681344,1.0,0.4059728148761822
0.37219122304328156,1.0,0.405912358309666
0.3723420298597497,1.0,0.4058987035859859
0.37249283667621774,1.0,0.4058715625166713
0.37264364349268586,1.0,0.4058247372595177
0.372794450309154,1.0,0.4057944048249856
0.3729452571256221,1.0,0.405766140926346
0.37309606394209016,1.0,0.4053307874954462
0.3732468707585583,1.0,0.4052823725767637
0.3733976775750264,1.0,0.4050993995667474
0.3735484843914945,1.0,0.4049953147134156
0.3736992912079626,1.0,0.4047605982589197
0.3738500980244307,1.0,0.4046798959444807
0.3740009048408988,1.0,0.4045601165383773
0.37415171165736694,1.0,0.4044216898560854
0.374302518473835,1.0,0.4041092571699202
0.3744533252903031,1.0,0.4040073898351246
0.37460413210677124,1.0,0.4038354240414578
0.37475493892323936,1.0,0.4038126167617951
0.3749057457397074,1.0,0.403746185632304
0.37505655255617554,1.0,0.4037154206130616
0.37520735937264366,1.0,0.4036089087443554
0.3753581661891118,1.0,0.4034632822018165
0.37550897300557984,1.0,0.4033789155805656
0.37565977982204796,1.0,0.4029761680814622
0.3758105866385161,1.0,0.4028991235432966
0.37596139345498414,1.0,0.4028937640719571
0.37611220027145226,1.0,0.4027257038516792
0.3762630070879204,1.0,0.4025397465860538
0.3764138139043885,1.0,0.4025360435932554
0.37656462072085656,1.0,0.4021029084882178
0.3767154275373247,1.0,0.4019867037766
0.3768662343537928,1.0,0.4018820234653495
0.3770170411702609,1.0,0.4018621854355568
0.377167847986729,1.0,0.4016696868009833
0.3773186548031971,1.0,0.4016211174464841
0.3774694616196652,1.0,0.4015887636553156
0.37762026843613333,1.0,0.4014088377433621
0.3777710752526014,1.0,0.4011341555962151
0.3779218820690695,1.0,0.4010288611959087
0.37807268888553763,1.0,0.4006619771056325
0.37822349570200575,1.0,0.4006052729299816
0.3783743025184738,1.0,0.4006016338216608
0.37852510933494193,1.0,0.4004135720204874
0.37867591615141005,1.0,0.4002398330585088
0.37882672296787817,1.0,0.4001851706573913
0.37897752978434623,1.0,0.3999934358679295
0.37912833660081435,1.0,0.3999380369355886
0.37927914341728247,1.0,0.399926212110557
0.3794299502337506,1.0,0.3999209953327045
0.37958075705021865,1.0,0.3998596080890781
0.37973156386668677,1.0,0.3997901867956041
0.3798823706831549,1.0,0.3994806926413251
0.380033177499623,1.0,0.3994565214705372
0.3801839843160911,1.0,0.3991703222369397
0.3803347911325592,1.0,0.3989139482193064
0.3804855979490273,1.0,0.3987790769669613
0.3806364047654954,1.0,0.3987625774754123
0.3807872115819635,1.0,0.3986071515472102
0.3809380183984316,1.0,0.3983992086946543
0.38108882521489973,1.0,0.398320661351212
0.3812396320313678,1.0,0.398258616733617
0.3813904388478359,1.0,0.3982268017167356
0.38154124566430403,1.0,0.3981675319919749
0.38169205248077215,1.0,0.3977560018281747
0.3818428592972402,1.0,0.397657788142296
0.38199366611370833,1.0,0.3975909171844922
0.38214447293017645,1.0,0.3974785332306983
0.38229527974664457,1.0,0.3972335677717284
0.38244608656311263,1.0,0.3971218283875065
0.38259689337958075,1.0,0.3970697377274046
0.38274770019604887,1.0,0.3970288004238474
0.382898507012517,1.0,0.3969973242732292
0.38304931382898505,1.0,0.3969760709988054
0.38320012064545317,1.0,0.3969014285004944
0.3833509274619213,1.0,0.3968002454598674
0.3835017342783894,1.0,0.3966208804470708
0.38365254109485747,1.0,0.3965898306885916
0.3838033479113256,1.0,0.3965533954827339
0.3839541547277937,1.0,0.3964278259100576
0.3841049615442618,1.0,0.3964227783901048
0.3842557683607299,1.0,0.3963679975903473
0.384406575177198,1.0,0.3963304685593902
0.3845573819936661,1.0,0.3961753770594667
0.38470818881013424,1.0,0.3960904359604427
0.3848589956266023,1.0,0.3960165227915809
0.3850098024430704,1.0,0.3959907553964982
0.38516060925953854,1.0,0.3959860880419883
0.38531141607600666,1.0,0.3958810413698846
0.3854622228924747,1.0,0.3958188118496971
0.38561302970894284,1.0,0.3957366383961149
0.38576383652541096,1.0,0.3955743367360528
0.385914643341879,1.0,0.3955150875111496
0.38606545015834715,1.0,0.3954311115653235
0.38621625697481526,1.0,0.3952834254575629
0.3863670637912834,1.0,0.3952616692642001
0.38651787060775145,1.0,0.3950219633328428
0.38666867742421956,1.0,0.3949844831385289
0.3868194842406877,1.0,0.394755660224913
0.3869702910571558,1.0,0.3947212189529966
0.38712109787362387,1.0,0.3947209209218774
0.387271904690092,1.0,0.3942697997287762
0.3874227115065601,1.0,0.3941641409151526
0.3875735183230282,1.0,0.394092487805265
0.3877243251394963,1.0,0.3940543538632486
0.3878751319559644,1.0,0.3936717083238454
0.3880259387724325,1.0,0.3934040878830304
0.38817674558890064,1.0,0.3933980259322848
0.3883275524053687,1.0,0.3930338252989766
0.3884783592218368,1.0,0.392941603733041
0.38862916603830494,1.0,0.3927504974704106
0.38877997285477306,1.0,0.3927144144371652
0.3889307796712411,1.0,0.3927081186809716
0.38908158648770924,1.0,0.3926357695071938
0.38923239330417736,1.0,0.3925743787882986
0.3893832001206455,1.0,0.3924320660611468
0.38953400693711354,1.0,0.3923967372297237
0.38968481375358166,1.0,0.3922666734691074
0.3898356205700498,1.0,0.392064867746966
0.3899864273865179,1.0,0.3920543998323723
0.39013723420298596,1.0,0.3920002008808569
0.3902880410194541,1.0,0.3919844236715426
0.3904388478359222,1.0,0.3915846951819136
0.39058965465239026,1.0,0.3913284219576742
0.3907404614688584,1.0,0.3913131246468728
0.3908912682853265,1.0,0.3912188867354887
0.3910420751017946,1.0,0.3911937329878203
0.3911928819182627,1.0,0.3911490960260774
0.3913436887347308,1.0,0.3909489400131287
0.3914944955511989,1.0,0.3905767136002374
0.39164530236766704,1.0,0.3903063260096206
0.3917961091841351,1.0,0.3899817008765316
0.3919469160006032,1.0,0.3898561579927324
0.39209772281707134,1.0,0.3897701831991876
0.39224852963353946,1.0,0.3896133911989965
0.3923993364500075,1.0,0.3894029449790693
0.39255014326647564,1.0,0.3892426218000939
0.39270095008294376,1.0,0.3891375315838199
0.3928517568994119,1.0,0.3890213964833776
0.39300256371587994,1.0,0.3889648649620335
0.39315337053234806,1.0,0.3888988067047354
0.3933041773488162,1.0,0.3887929429130476
0.3934549841652843,1.0,0.3887619177558327
0.39360579098175236,1.0,0.3883891777926553
0.3937565977982205,1.0,0.3882854073355558
0.3939074046146886,1.0,0.3882048630611651
0.3940582114311567,1.0,0.3881913296029285
0.3942090182476248,1.0,0.38814009096885
0.3943598250640929,1.0,0.3880837724745615
0.394510631880561,1.0,0.3879508852005006
0.39466143869702913,1.0,0.387733106866465
0.3948122455134972,1.0,0.3876678401500805
0.3949630523299653,1.0,0.3875512719818266
0.39511385914643343,1.0,0.3875026364100831
0.3952646659629015,1.0,0.3872722612834611
0.3954154727793696,1.0,0.3872181673086234
0.39556627959583773,1.0,0.3870858276338296
0.39571708641230585,1.0,0.3869697198687957
0.3958678932287739,1.0,0.3868536502458946
0.39601870004524203,1.0,0.3866875104610876
0.39616950686171015,1.0,0.3865909719743796
0.39632031367817827,1.0,0.3864804048245024
0.39647112049464633,1.0,0.386476961631695
0.39662192731111445,1.0,0.3862919543636812
0.39677273412758257,1.0,0.3860992977737962
0.3969235409440507,1.0,0.3859046172708019
0.39707434776051875,1.0,0.3858196913483094
0.39722515457698687,1.0,0.3857733613848795
0.397375961393455,1.0,0.3856011834787291
0.3975267682099231,1.0,0.3854078186028596
0.3976775750263912,1.0,0.3853090681411895
0.3978283818428593,1.0,0.3852919798974773
0.3979791886593274,1.0,0.3851047505570342
0.39812999547579553,1.0,0.3850749645618717
0.3982808022922636,1.0,0.3849737538284953
0.3984316091087317,1.0,0.3847892167747877
0.39858241592519983,1.0,0.3844209591893194
0.39873322274166795,1.0,0.3840936530396535
0.398884029558136,1.0,0.3839154137735997
0.39903483637460413,1.0,0.383687371001256
0.39918564319107225,1.0,0.3834973152171364
0.39933645000754037,1.0,0.3834955970948075
0.39948725682400843,1.0,0.3834128582914821
0.39963806364047655,1.0,0.383355064128633
0.39978887045694467,1.0,0.383306139091858
0.3999396772734128,1.0,0.3832960573745638
0.40009048408988085,1.0,0.3830850241030929
0.40024129090634897,1.0,0.3830475213674354
0.4003920977228171,1.0,0.3829981358287553
0.40054290453928515,1.0,0.3828475872039548
0.40069371135575327,1.0,0.3827845952337122
0.4008445181722214,1.0,0.3827253381408144
0.4009953249886895,1.0,0.3823048272272332
0.40114613180515757,1.0,0.3822809412247105
0.4012969386216257,1.0,0.3822028360541389
0.4014477454380938,1.0,0.3821693764281006
0.4015985522545619,1.0,0.3820881493678354
0.40174935907103,1.0,0.3818435998348612
0.4019001658874981,1.0,0.3815446865214927
0.4020509727039662,1.0,0.3813601558380381
0.40220177952043434,1.0,0.3813593431505892
0.4023525863369024,1.0,0.3813537538800918
0.4025033931533705,1.0,0.3807336284842522
0.40265419996983864,1.0,0.380585163447863
0.40280500678630676,1.0,0.3805163537925572
0.4029558136027748,1.0,0.3804840927859311
0.40310662041924294,1.0,0.3803458720461843
0.40325742723571106,1.0,0.3801230910365598
0.4034082340521792,1.0,0.3799530385016616
0.40355904086864725,1.0,0.3799475229601751
0.40370984768511536,1.0,0.3798968410029499
0.4038606545015835,1.0,0.3798319425962091
0.4040114613180516,1.0,0.3796647185239435
0.40416226813451966,1.0,0.3796055597862301
0.4043130749509878,1.0,0.3796022999127736
0.4044638817674559,1.0,0.3795233483984342
0.404614688583924,1.0,0.3794823495261235
0.4047654954003921,1.0,0.3793017161480574
0.4049163022168602,1.0,0.3792701052768802
0.4050671090333283,1.0,0.3791599488400901
0.4052179158497964,1.0,0.3791505566253126
0.4053687226662645,1.0,0.3791470111668359
0.4055195294827326,1.0,0.3790699934656067
0.40567033629920074,1.0,0.379048345564028
0.4058211431156688,1.0,0.3790251844156348
0.4059719499321369,1.0,0.3790086557050998
0.40612275674860504,1.0,0.3789428874072219
0.40627356356507316,1.0,0.3788216168430047
0.4064243703815412,1.0,0.3788048810723665
0.40657517719800934,1.0,0.3785973240586056
0.40672598401447746,1.0,0.378530592714716
0.4068767908309456,1.0,0.3782515023854544
0.40702759764741364,1.0,0.3778526115771023
0.40717840446388176,1.0,0.3775074981712417
0.4073292112803499,1.0,0.3774200241424004
0.407480018096818,1.0,0.3774174871966496
0.40763082491328606,1.0,0.3774122362818395
0.4077816317297542,1.0,0.3771931284288255
0.4079324385462223,1.0,0.3770807868375462
0.4080832453626904,1.0,0.376948575332087
0.4082340521791585,1.0,0.3767361102846524
0.4083848589956266,1.0,0.376605037177131
0.4085356658120947,1.0,0.3764543108416611
0.40868647262856284,1.0,0.3764527904363274
0.4088372794450309,1.0,0.3763030803676233
0.408988086261499,1.0,0.3762246132584692
0.40913889307796714,1.0,0.3758801991621074
0.40928969989443525,1.0,0.3758373141623218
0.4094405067109033,1.0,0.3757971781324283
0.40959131352737144,1.0,0.3756602599343666
0.40974212034383956,1.0,0.3756170525732374
0.4098929271603076,1.0,0.3755435834800968
0.41004373397677574,1.0,0.3753539206277358
0.41019454079324386,1.0,0.3753415654585083
0.410345347609712,1.0,0.3752834924966119
0.41049615442618004,1.0,0.3752756686863367
0.41064696124264816,1.0,0.3751143735070875
0.4107977680591163,1.0,0.3749741820252184
0.4109485748755844,1.0,0.3749307241754668
0.41109938169205246,1.0,0.3749244690062557
0.4112501885085206,1.0,0.3746777210588292
0.4114009953249887,1.0,0.3746298877879492
0.4115518021414568,1.0,0.3745498616256263
0.4117026089579249,1.0,0.3743610227809631
0.411853415774393,1.0,0.3743057276614028
0.4120042225908611,1.0,0.3742107051943024
0.41215502940732923,1.0,0.3741987170863526
0.4123058362237973,1.0,0.3740146049881396
0.4124566430402654,1.0,0.3739103433483098
0.41260744985673353,1.0,0.3738627881994337
0.41275825667320165,1.0,0.3737488001405896
0.4129090634896697,1.0,0.3737150300795991
0.41305987030613783,1.0,0.3736015143866805
0.41321067712260595,1.0,0.373533406421857
0.41336148393907407,1.0,0.3732829280200435
0.41351229075554213,1.0,0.3732770742903666
0.41366309757201025,1.0,0.3731834367059554
0.41381390438847837,1.0,0.3731751215523785
0.4139647112049465,1.0,0.3731348959111924
0.41411551802141455,1.0,0.3731016886069163
0.41426632483788267,1.0,0.3730606298850097
0.4144171316543508,1.0,0.3728444549490294
0.4145679384708189,1.0,0.3726234565908258
0.41471874528728697,1.0,0.3725859886258342
0.4148695521037551,1.0,0.3724777351011387
0.4150203589202232,1.0,0.372453228407606
0.41517116573669127,1.0,0.372054757127035
0.4153219725531594,1.0,0.3718765038793968
0.4154727793696275,1.0,0.3718074970305841
0.41562358618609563,1.0,0.3716481025110887
0.4157743930025637,1.0,0.3715875010972779
0.4159251998190318,1.0,0.3714833555476995
0.41607600663549993,1.0,0.3708695481394954
0.41622681345196805,1.0,0.3707274714733435
0.4163776202684361,1.0,0.3707273515408609
0.41652842708490423,1.0,0.3704474271807753
0.41667923390137235,1.0,0.3700635936593
0.41683004071784047,1.0,0.3699359411339042
0.41698084753430853,1.0,0.369699833217578
0.41713165435077665,1.0,0.3696862095813222
0.41728246116724477,1.0,0.3696345332435871
0.4174332679837129,1.0,0.3694742958623591
0.41758407480018095,1.0,0.3694692896552416
0.41773488161664907,1.0,0.3693718946676919
0.4178856884331172,1.0,0.3693523627389994
0.4180364952495853,1.0,0.3692886355412642
0.41818730206605337,1.0,0.3692845644170953
0.4183381088825215,1.0,0.3692402191422125
0.4184889156989896,1.0,0.3691121263385692
0.4186397225154577,1.0,0.3690961724753775
0.4187905293319258,1.0,0.3690680853294314
0.4189413361483939,1.0,0.3689432140342341
0.419092142964862,1.0,0.3688943510912988
0.41924294978133014,1.0,0.3688342846358592
0.4193937565977982,1.0,0.3687292623566982
0.4195445634142663,1.0,0.3681651426259273
0.41969537023073444,1.0,0.3680929948574963
0.4198461770472025,1.0,0.3680154948490545
0.4199969838636706,1.0,0.367418255008949
0.42014779068013874,1.0,0.3674046880831021
0.42029859749660686,1.0,0.3672810060559341
0.4204494043130749,1.0,0.3672527580210654
0.42060021112954304,1.0,0.3671549857823109
0.42075101794601116,1.0,0.3671018033397863
0.4209018247624793,1.0,0.3669791101750251
0.42105263157894735,1.0,0.366665508141333
0.42120343839541546,1.0,0.3666279842190247
0.4213542452118836,1.0,0.3665781597777789
0.4215050520283517,1.0,0.3665123079729951
0.42165585884481976,1.0,0.3662810264143937
0.4218066656612879,1.0,0.3662484504254104
0.421957472477756,1.0,0.3659038737471167
0.4221082792942241,1.0,0.3656877578400038
0.4222590861106922,1.0,0.3655946185789069
0.4224098929271603,1.0,0.3655644688211193
0.4225606997436284,1.0,0.3655304349986555
0.42271150656009654,1.0,0.3653510471931761
0.4228623133765646,1.0,0.3653249710742265
0.4230131201930327,1.0,0.3653054159131612
0.42316392700950084,1.0,0.3652556104323531
0.42331473382596896,1.0,0.3651257737739655
0.423465540642437,1.0,0.3650862797882507
0.42361634745890514,1.0,0.3650194070397975
0.42376715427537326,1.0,0.3648417224349124
0.4239179610918414,1.0,0.364654034591026
0.42406876790830944,1.0,0.364480534799597
0.42421957472477756,1.0,0.3644495850130285
0.4243703815412457,1.0,0.3642703390345247
0.42452118835771374,1.0,0.3642099420647678
0.42467199517418186,1.0,0.3640923144256413
0.42482280199065,1.0,0.3640598349156084
0.4249736088071181,1.0,0.3639120139091732
0.42512441562358616,1.0,0.3637227052428955
0.4252752224400543,1.0,0.3636739626551744
0.4254260292565224,1.0,0.3635781751829935
0.4255768360729905,1.0,0.3635215323962508
0.4257276428894586,1.0,0.363456996502605
0.4258784497059267,1.0,0.3625978877207998
0.4260292565223948,1.0,0.3624225484107112
0.42618006333886294,1.0,0.3623224211231791
0.426330870155331,1.0,0.3622225543009977
0.4264816769717991,1.0,0.3621889794076008
0.42663248378826724,1.0,0.3620789508959066
0.42678329060473535,1.0,0.3616971124207098
0.4269340974212034,1.0,0.3616851548857983
0.42708490423767154,1.0,0.3616350716749727
0.42723571105413966,1.0,0.3616273563028384
0.4273865178706078,1.0,0.3615887776309707
0.42753732468707584,1.0,0.3615030884529321
0.42768813150354396,1.0,0.3614497703286187
0.4278389383200121,1.0,0.3614197936739302
0.4279897451364802,1.0,0.3612792937449502
0.42814055195294826,1.0,0.3612558520644296
0.4282913587694164,1.0,0.3608328030324117
0.4284421655858845,1.0,0.360735089404049
0.4285929724023526,1.0,0.3603806981129545
0.4287437792188207,1.0,0.3603718235220695
0.4288945860352888,1.0,0.3601235188346797
0.4290453928517569,1.0,0.3601220055838987
0.42919619966822503,1.0,0.3599305187795784
0.4293470064846931,1.0,0.359899802511806
0.4294978133011612,1.0,0.3598196350723412
0.42964862011762933,1.0,0.3596390048102037
0.4297994269340974,1.0,0.3595428774351162
0.4299502337505655,1.0,0.3594606927789202
0.43010104056703363,1.0,0.3593461288958019
0.43025184738350175,1.0,0.3592222452194841
0.4304026541999698,1.0,0.3591520725011892
0.43055346101643793,1.0,0.359036202172195
0.43070426783290605,1.0,0.3589643265064592
0.43085507464937417,1.0,0.3589059490102589
0.43100588146584223,1.0,0.3589028504439012
0.43115668828231035,1.0,0.3586114190184646
0.43130749509877847,1.0,0.3585659994362873
0.4314583019152466,1.0,0.3585318723999205
0.43160910873171465,1.0,0.3585108264444431
0.43175991554818277,1.0,0.3582930543008636
0.4319107223646509,1.0,0.3582837865885963
0.432061529181119,1.0,0.3580811613671423
0.43221233599758707,1.0,0.3577466821668446
0.4323631428140552,1.0,0.3575588029195891
0.4325139496305233,1.0,0.3568672579433723
0.4326647564469914,1.0,0.3567825037176726
0.4328155632634595,1.0,0.3567781909726601
0.4329663700799276,1.0,0.3565054912118648
0.43311717689639573,1.0,0.3563049464918316
0.43326798371286385,1.0,0.3562229530069646
0.4334187905293319,1.0,0.3557352813085291
0.43356959734580003,1.0,0.3555483166984093
0.43372040416226815,1.0,0.3554954003565168
0.43387121097873627,1.0,0.3551157873152806
0.43402201779520433,1.0,0.3547432632134598
0.43417282461167245,1.0,0.3547088233100533
0.43432363142814057,1.0,0.3545160101731425
0.43447443824460863,1.0,0.3544426229020417
0.43462524506107675,1.0,0.354244278396616
0.43477605187754487,1.0,0.3541854996492342
0.434926858694013,1.0,0.3539562951174255
0.43507766551048105,1.0,0.3537937183470044
0.43522847232694917,1.0,0.3536506650497401
0.4353792791434173,1.0,0.3535803288869882
0.4355300859598854,1.0,0.3535692518616758
0.43568089277635347,1.0,0.3535559279283231
0.4358316995928216,1.0,0.3535349207781756
0.4359825064092897,1.0,0.3534717646908114
0.4361333132257578,1.0,0.3534372893675227
0.4362841200422259,1.0,0.3534224806703078
0.436434926858694,1.0,0.3533848386846111
0.4365857336751621,1.0,0.3531174883436788
0.43673654049163024,1.0,0.3530280698856016
0.4368873473080983,1.0,0.3530169705410209
0.4370381541245664,1.0,0.3530121128414556
0.43718896094103454,1.0,0.3529880914566576
0.43733976775750266,1.0,0.3529243477933773
0.4374905745739707,1.0,0.3527122925930537
0.43764138139043884,1.0,0.35255366390625
0.43779218820690696,1.0,0.3524996786845706
0.4379429950233751,1.0,0.3524666475210928
0.43809380183984314,1.0,0.3519196036783608
0.43824460865631126,1.0,0.3516955494513661
0.4383954154727794,1.0,0.3516260599617833
0.4385462222892475,1.0,0.3515936534304004
0.43869702910571556,1.0,0.3515267050980463
0.4388478359221837,1.0,0.3515064206523273
0.4389986427386518,1.0,0.3514818657338245
0.43914944955511986,1.0,0.3514396601245905
0.439300256371588,1.0,0.3511737593960119
0.4394510631880561,1.0,0.3511646470172243
0.4396018700045242,1.0,0.3510243264851315
0.4397526768209923,1.0,0.3510054910259628
0.4399034836374604,1.0,0.3509722426782208
0.4400542904539285,1.0,0.3509159141354281
0.44020509727039664,1.0,0.350777962095826
0.4403559040868647,1.0,0.350557102633788
0.4405067109033328,1.0,0.350518891406085
0.44065751771980094,1.0,0.3504834251673478
0.44080832453626906,1.0,0.3503627865440363
0.4409591313527371,1.0,0.3503278770646333
0.44110993816920524,1.0,0.3502947377476098
0.44126074498567336,1.0,0.3502809293903384
0.4414115518021415,1.0,0.3501919164472609
0.44156235861860954,1.0,0.350186108127877
0.44171316543507766,1.0,0.3501650175068903
0.4418639722515458,1.0,0.3500876543289
0.4420147790680139,1.0,0.3500426607328221
0.44216558588448196,1.0,0.3498964676721732
0.4423163927009501,1.0,0.3497652763258658
0.4424671995174182,1.0,0.3497237849348202
0.4426180063338863,1.0,0.3496658786354986
0.4427688131503544,1.0,0.349591051561453
0.4429196199668225,1.0,0.3493939628294215
0.4430704267832906,1.0,0.3492184082191121
0.44322123359975873,1.0,0.349137848988294
0.4433720404162268,1.0,0.3491219686216706
0.4435228472326949,1.0,0.3489877753794678
0.44367365404916304,1.0,0.3488854856422316
0.44382446086563115,1.0,0.3488105864272846
0.4439752676820992,1.0,0.3487278333271144
0.44412607449856734,1.0,0.3486849797307148
0.44427688131503545,1.0,0.3486598024002613
0.4444276881315035,1.0,0.3486415962846075
0.44457849494797164,1.0,0.3485726736223128
0.44472930176443976,1.0,0.3483982996303136
0.4448801085809079,1.0,0.3483700845793316
0.44503091539737594,1.0,0.3483535277744219
0.44518172221384406,1.0,0.3483155737610739
0.4453325290303122,1.0,0.3482283141179463
0.4454833358467803,1.0,0.3480470300575961
0.44563414266324836,1.0,0.3480230995721841
0.4457849494797165,1.0,0.3477337167167005
0.4459357562961846,1.0,0.3475502003732209
0.4460865631126527,1.0,0.3474911559144845
0.4462373699291208,1.0,0.3474009312612894
0.4463881767455889,1.0,0.347318049825515
0.446538983562057,1.0,0.3472690377706098
0.44668979037852513,1.0,0.3472561002661353
0.4468405971949932,1.0,0.3471314015631134
0.4469914040114613,1.0,0.3470650974743512
0.44714221082792943,1.0,0.3470237312130141
0.44729301764439755,1.0,0.3469201417778222
0.4474438244608656,1.0,0.3468291227154885
0.44759463127733373,1.0,0.3467988770642116
0.44774543809380185,1.0,0.3467544214713858
0.44789624491026997,1.0,0.3466990058343005
0.44804705172673803,1.0,0.3464918086265878
0.44819785854320615,1.0,0.3464468745823607
0.44834866535967427,1.0,0.3460031925717938
0.4484994721761424,1.0,0.3458432293229065
0.44865027899261045,1.0,0.3456912450138105
0.44880108580907857,1.0,0.3455704931219299
0.4489518926255467,1.0,0.3455352473673512
0.44910269944201475,1.0,0.3454578827705972
0.44925350625848287,1.0,0.3454042116758992
0.449404313074951,1.0,0.3453462896653262
0.4495551198914191,1.0,0.3453172371226622
0.44970592670788717,1.0,0.3451452011417124
0.4498567335243553,1.0,0.3446550529735669
0.4500075403408234,1.0,0.3445918185858796
0.4501583471572915,1.0,0.3445529954037266
0.4503091539737596,1.0,0.3445124685364044
0.4504599607902277,1.0,0.344261483857487
0.45061076760669583,1.0,0.3442501602595463
0.45076157442316395,1.0,0.3442492617052614
0.450912381239632,1.0,0.3441851977664854
0.45106318805610013,1.0,0.3440097411148943
0.45121399487256825,1.0,0.3439348501423043
0.45136480168903637,1.0,0.3434469966913913
0.45151560850550443,1.0,0.3433461000493387
0.45166641532197255,1.0,0.3433021496703822
0.45181722213844067,1.0,0.3432239217660001
0.4519680289549088,1.0,0.3431145872598113
0.45211883577137685,1.0,0.3431138986907055
0.45226964258784497,1.0,0.3430707009342638
0.4524204494043131,1.0,0.3429780223758865
0.4525712562207812,1.0,0.3428186083903714
0.45272206303724927,1.0,0.3427408986518292
0.4528728698537174,1.0,0.3426031896348393
0.4530236766701855,1.0,0.3423234290533699
0.4531744834866536,1.0,0.3421561081064428
0.4533252903031217,1.0,0.3419946011007246
0.4534760971195898,1.0,0.3419248375459802
0.4536269039360579,1.0,0.3417994930292081
0.453777710752526,1.0,0.3417697702864051
0.4539285175689941,1.0,0.3417135988530099
0.4540793243854622,1.0,0.3415978110704731
0.45423013120193034,1.0,0.3415954411891198
0.4543809380183984,1.0,0.3415225704731724
0.4545317448348665,1.0,0.3415148147697368
0.45468255165133464,1.0,0.3410523895113891
0.45483335846780276,1.0,0.3410302741405929
0.4549841652842708,1.0,0.3407595750909485
0.45513497210073894,1.0,0.3405505754275097
0.45528577891720706,1.0,0.3404737752524893
0.4554365857336752,1.0,0.3403875432783245
0.45558739255014324,1.0,0.3403223802291633
0.45573819936661136,1.0,0.3402792943016283
0.4558890061830795,1.0,0.3401618104352875
0.4560398129995476,1.0,0.3401115773176595
0.45619061981601566,1.0,0.3395858854818067
0.4563414266324838,1.0,0.3395672443135494
0.4564922334489519,1.0,0.3394285499130594
0.45664304026542,1.0,0.3393885041367806
0.4567938470818881,1.0,0.3393882023851288
0.4569446538983562,1.0,0.3393705966622628
0.4570954607148243,1.0,0.3393705211170676
0.45724626753129244,1.0,0.3393396429525777
0.4573970743477605,1.0,0.3391004574716411
0.4575478811642286,1.0,0.3390069900728255
0.45769868798069674,1.0,0.3389620575399308
0.45784949479716486,1.0,0.3387084960419084
0.4580003016136329,1.0,0.3387025651601421
0.45815110843010104,1.0,0.3386755448058907
0.45830191524656916,1.0,0.3386701260399369
0.4584527220630373,1.0,0.3386525118619894
0.45860352887950534,1.0,0.3384187960196739
0.45875433569597346,1.0,0.3382224428865941
0.4589051425124416,1.0,0.3382155745939737
0.45905594932890964,1.0,0.3380950235447922
0.45920675614537776,1.0,0.3379235332101142
0.4593575629618459,1.0,0.3378292063270169
0.459508369778314,1.0,0.3377142110750633
0.45965917659478206,1.0,0.337619822945286
0.4598099834112502,1.0,0.3375270934489065
0.4599607902277183,1.0,0.3374911336258633
0.4601115970441864,1.0,0.3368874971394248
0.4602624038606545,1.0,0.3367806119893271
0.4604132106771226,1.0,0.3366668171778399
0.4605640174935907,1.0,0.3366578728181641
0.46071482431005883,1.0,0.3366032282941683
0.4608656311265269,1.0,0.3365853335566336
0.461016437942995,1.0,0.3362929798571321
0.46116724475946314,1.0,0.3360921915614565
0.46131805157593125,1.0,0.336077364257368
0.4614688583923993,1.0,0.3360344778306424
0.46161966520886744,1.0,0.3359025711528268
0.46177047202533555,1.0,0.3358987936229234
0.4619212788418037,1.0,0.3358934867613991
0.46207208565827174,1.0,0.3358686147284799
0.46222289247473985,1.0,0.3357919273012356
0.462373699291208,1.0,0.3356841180280426
0.4625245061076761,1.0,0.3356710201786119
0.46267531292414416,1.0,0.3356466192289798
0.4628261197406123,1.0,0.3356372632703184
0.4629769265570804,1.0,0.334973225718595
0.4631277333735485,1.0,0.3349047773290741
0.4632785401900166,1.0,0.3347616647231944
0.4634293470064847,1.0,0.3344660960289361
0.4635801538229528,1.0,0.3342626685971699
0.4637309606394209,1.0,0.3341602323378481
0.463881767455889,1.0,0.3341450762853053
0.4640325742723571,1.0,0.3341119706120629
0.46418338108882523,1.0,0.3340416901855172
0.4643341879052933,1.0,0.3339747048357502
0.4644849947217614,1.0,0.3339577741641186
0.46463580153822953,1.0,0.3338460626595117
0.46478660835469765,1.0,0.3337796760084635
0.4649374151711657,1.0,0.3337731877560175
0.46508822198763383,1.0,0.3336949875178985
0.46523902880410195,1.0,0.3336420343456045
0.46538983562057007,1.0,0.3335789488450747
0.46554064243703813,1.0,0.3333959965785864
0.46569144925350625,1.0,0.3332860759669216
0.46584225606997437,1.0,0.3332149322328733
0.4659930628864425,1.0,0.3331422096188831
0.46614386970291055,1.0,0.3329304118407266
0.46629467651937867,1.0,0.3326071032863972
0.4664454833358468,1.0,0.3325295726939741
0.4665962901523149,1.0,0.332489202956033
0.46674709696878297,1.0,0.332466545053785
0.4668979037852511,1.0,0.3324036198243095
0.4670487106017192,1.0,0.332399184065622
0.4671995174181873,1.0,0.3322857520429051
0.4673503242346554,1.0,0.33219440997604
0.4675011310511235,1.0,0.3320582667947713
0.4676519378675916,1.0,0.3320234863446475
0.46780274468405975,1.0,0.3319479624224324
0.4679535515005278,1.0,0.3319076741212815
0.4681043583169959,1.0,0.3314877403457056
0.46825516513346405,1.0,0.3313371713495953
0.4684059719499321,1.0,0.331269580077225
0.46855677876640023,1.0,0.3310713726508541
0.46870758558286835,1.0,0.3310018363169494
0.46885839239933647,1.0,0.3308998102204127
0.46900919921580453,1.0,0.3308616991605639
0.46916000603227265,1.0,0.3308597256284376
0.46931081284874077,1.0,0.3306490900591833
0.4694616196652089,1.0,0.3305141705172025
0.46961242648167695,1.0,0.3304211779669065
0.46976323329814507,1.0,0.3303891940652444
0.4699140401146132,1.0,0.330306439995242
0.4700648469310813,1.0,0.3302645895521345
0.47021565374754937,1.0,0.3301311575598468
0.4703664605640175,1.0,0.3301240323962443
0.4705172673804856,1.0,0.3301131107355618
0.4706680741969537,1.0,0.3300807582377414
0.4708188810134218,1.0,0.3300779993562769
0.4709696878298899,1.0,0.3300773049928412
0.471120494646358,1.0,0.3300200088739703
0.47127130146282614,1.0,0.3298510600230674
0.4714221082792942,1.0,0.3297754959072206
0.4715729150957623,1.0,0.3296878920301949
0.47172372191223044,1.0,0.3296784089816976
0.47187452872869856,1.0,0.329627524088274
0.4720253355451666,1.0,0.3296151115897452
0.47217614236163474,1.0,0.3294441213279487
0.47232694917810286,1.0,0.3293456212665194
0.472477755994571,1.0,0.3293034021807086
0.47262856281103904,1.0,0.3292110651015781
0.47277936962750716,1.0,0.3291938112364371
0.4729301764439753,1.0,0.3291863166024277
0.4730809832604434,1.0,0.329136058232907
0.47323179007691146,1.0,0.3291355868699745
0.4733825968933796,1.0,0.328959824117589
0.4735334037098477,1.0,0.3289516562996879
0.47368421052631576,1.0,0.3289388658435451
0.4738350173427839,1.0,0.3287694267732276
0.473985824159252,1.0,0.3286508160004739
0.4741366309757201,1.0,0.3285395316632657
0.4742874377921882,1.0,0.3284996073210436
0.4744382446086563,1.0,0.328495917242077
0.4745890514251244,1.0,0.328211777925006
0.47473985824159254,1.0,0.328193339119866
0.4748906650580606,1.0,0.3280892812392672
0.4750414718745287,1.0,0.3279883821839418
0.47519227869099684,1.0,0.3279124010817102
0.47534308550746496,1.0,0.3279005504950698
0.475493892323933,1.0,0.3278815015866657
0.47564469914040114,1.0,0.3278078143293663
0.47579550595686926,1.0,0.3277207353455891
0.4759463127733374,1.0,0.3277012867318986
0.47609711958980544,1.0,0.3276842093036996
0.47624792640627356,1.0,0.3274400406968417
0.4763987332227417,1.0,0.327422993841545
0.4765495400392098,1.0,0.3273834800543477
0.47670034685567786,1.0,0.3273474321261946
0.476851153672146,1.0,0.3272525347389318
0.4770019604886141,1.0,0.3272132208350327
0.4771527673050822,1.0,0.3271904471873325
0.4773035741215503,1.0,0.3270616111818351
0.4774543809380184,1.0,0.326848048867259
0.4776051877544865,1.0,0.3266813589730228
0.47775599457095463,1.0,0.3265435050758432
0.4779068013874227,1.0,0.3263874661071652
0.4780576082038908,1.0,0.3263460258568593
0.47820841502035893,1.0,0.3263230071791025
0.478359221836827,1.0,0.3262859513569849
0.4785100286532951,1.0,0.3262572095144652
0.47866083546976324,1.0,0.3261836569540775
0.47881164228623135,1.0,0.3261411653626214
0.4789624491026994,1.0,0.3260973571185174
0.47911325591916754,1.0,0.3257224802224325
0.47926406273563565,1.0,0.3256226759908928
0.4794148695521038,1.0,0.3254005025984432
0.47956567636857184,1.0,0.3252795811380652
0.47971648318503995,1.0,0.3250040212977988
0.4798672900015081,1.0,0.3249842452054629
0.4800180968179762,1.0,0.3248831614206771
0.48016890363444426,1.0,0.3248351930334134
0.4803197104509124,1.0,0.3248093076949767
0.4804705172673805,1.0,0.3245081854043096
0.4806213240838486,1.0,0.3244979695419658
0.4807721309003167,1.0,0.3244646406804258
0.4809229377167848,1.0,0.324451099574806
0.4810737445332529,1.0,0.3243953905404046
0.48122455134972103,1.0,0.324345042666894
0.4813753581661891,1.0,0.3243329773520669
0.4815261649826572,1.0,0.3241559299848976
0.48167697179912533,1.0,0.3241526530855258
0.48182777861559345,1.0,0.3241226515889239
0.4819785854320615,1.0,0.3241073558098533
0.48212939224852963,1.0,0.323666548539959
0.48228019906499775,1.0,0.3236018306325391
0.48243100588146587,1.0,0.3232800641419978
0.48258181269793393,1.0,0.3232787461653681
0.48273261951440205,1.0,0.3232571302915886
0.48288342633087017,1.0,0.3231995389816793
0.48303423314733823,1.0,0.3231560530552452
0.48318503996380635,1.0,0.3230511827869618
0.48333584678027447,1.0,0.3229807615590714
0.4834866535967426,1.0,0.3229759534857086
0.48363746041321065,1.0,0.3229631566337023
0.48378826722967877,1.0,0.3228960456212586
0.4839390740461469,1.0,0.3228443745797352
0.484089880862615,1.0,0.3226454538403842
0.48424068767908307,1.0,0.3226057724069299
0.4843914944955512,1.0,0.3225601795817941
0.4845423013120193,1.0,0.3224949565113072
0.4846931081284874,1.0,0.3224041524986418
0.4848439149449555,1.0,0.3221492074904499
0.4849947217614236,1.0,0.3220179593494908
0.4851455285778917,1.0,0.3219997797504442
0.48529633539435985,1.0,0.321768734398597
0.4854471422108279,1.0,0.3215675940062167
0.485597949027296,1.0,0.3214794403187355
0.48574875584376415,1.0,0.3212783173160851
0.48589956266023226,1.0,0.3212263500446009
0.48605036947670033,1.0,0.3212129544535612
0.48620117629316845,1.0,0.3209126656351156
0.48635198310963657,1.0,0.320850932128403
0.4865027899261047,1.0,0.320693129207356
0.48665359674257275,1.0,0.3206529338141128
0.48680440355904087,1.0,0.3202975216580755
0.486955210375509,1.0,0.3202469562420084
0.4871060171919771,1.0,0.3202359523983766
0.48725682400844517,1.0,0.3202093032652524
0.4874076308249133,1.0,0.3201671908437969
0.4875584376413814,1.0,0.3201113716699621
0.4877092444578495,1.0,0.3200953071212437
0.4878600512743176,1.0,0.3199531223561505
0.4880108580907857,1.0,0.3197499464074761
0.4881616649072538,1.0,0.3196860925577202
0.4883124717237219,1.0,0.3196519633214227
0.48846327854019,1.0,0.3194249678756473
0.4886140853566581,1.0,0.3193453870822675
0.48876489217312624,1.0,0.3193189568234884
0.4889156989895943,1.0,0.3192627203866881
0.4890665058060624,1.0,0.3192453952434884
0.48921731262253054,1.0,0.3192198769288715
0.48936811943899866,1.0,0.3191871390877076
0.4895189262554667,1.0,0.3190637427513585
0.48966973307193484,1.0,0.3189918665926951
0.48982053988840296,1.0,0.3189068737300367
0.4899713467048711,1.0,0.31878245928409
0.49012215352133914,1.0,0.3185780434775888
0.49027296033780726,1.0,0.3184988639736704
0.4904237671542754,1.0,0.3183524077510044
0.4905745739707435,1.0,0.3183045476631486
0.49072538078721156,1.0,0.318290019141829
0.4908761876036797,1.0,0.3182848144357558
0.4910269944201478,1.0,0.3182371614990236
0.4911778012366159,1.0,0.3181277376971251
0.491328608053084,1.0,0.3180737975479325
0.4914794148695521,1.0,0.3180577787067681
0.4916302216860202,1.0,0.3180384586450678
0.49178102850248834,1.0,0.317930028407368
0.4919318353189564,1.0,0.3178116491729386
0.4920826421354245,1.0,0.3177126681033169
0.49223344895189264,1.0,0.3174940670482373
0.49238425576836076,1.0,0.317487136950924
0.4925350625848288,1.0,0.3174844427586147
0.49268586940129694,1.0,0.3173882134334184
0.49283667621776506,1.0,0.3171396972932976
0.4929874830342331,1.0,0.3170895163294062
0.49313828985070124,1.0,0.3169380290402429
0.49328909666716936,1.0,0.3168880254404819
0.4934399034836375,1.0,0.3168716082984622
0.49359071030010554,1.0,0.3167966847540401
0.49374151711657366,1.0,0.3167309651490836
0.4938923239330418,1.0,0.3167240457403695
0.4940431307495099,1.0,0.3166164470297484
0.49419393756597796,1.0,0.3165643198790687
0.4943447443824461,1.0,0.3164001109144294
0.4944955511989142,1.0,0.3163106601172045
0.4946463580153823,1.0,0.3162751016279475
0.4947971648318504,1.0,0.3162679427647087
0.4949479716483185,1.0,0.3162623372594467
0.4950987784647866,1.0,0.3162175117993487
0.49524958528125473,1.0,0.3162101070717635
0.4954003920977228,1.0,0.3161999908463956
0.4955511989141909,1.0,0.3161845194346807
0.49570200573065903,1.0,0.3160636367092645
0.49585281254712715,1.0,0.3159793249537068
0.4960036193635952,1.0,0.3159666599483608
0.49615442618006333,1.0,0.3158457576429976
0.49630523299653145,1.0,0.3157308136620647
0.49645603981299957,1.0,0.3156956460085526
0.49660684662946764,1.0,0.3156402085195183
0.49675765344593575,1.0,0.3156139970554106
0.4969084602624039,1.0,0.3155599829771859
0.497059267078872,1.0,0.315535232382983
0.49721007389534005,1.0,0.3155009567305415
0.4973608807118082,1.0,0.3154342631832661
0.4975116875282763,1.0,0.3154119858720131
0.49766249434474435,1.0,0.315302742555483
0.4978133011612125,1.0,0.3151135676401563
0.4979641079776806,1.0,0.3150920954600496
0.4981149147941487,1.0,0.3148731679169428
0.4982657216106168,1.0,0.3148206853096933
0.4984165284270849,1.0,0.3148135133763375
0.498567335243553,1.0,0.3147748281091277
0.49871814206002113,1.0,0.314622517606158
0.4988689488764892,1.0,0.3144082288358512
0.4990197556929573,1.0,0.3141241642443343
0.49917056250942543,1.0,0.3141008734526339
0.49932136932589355,1.0,0.314059944477326
0.4994721761423616,1.0,0.3140535542650752
0.49962298295882973,1.0,0.313993587121833
0.49977378977529785,1.0,0.3138309160796093
0.49992459659176597,1.0,0.3137972947085731
0.5000754034082341,1.0,0.313750493306083
0.5002262102247022,1.0,0.3135239647777058
0.5003770170411702,1.0,0.313493104079685
0.5005278238576384,1.0,0.313344778055568
0.5006786306741065,1.0,0.3133346193908867
0.5008294374905746,1.0,0.3133299855373882
0.5009802443070427,1.0,0.3132688979791778
0.5011310511235108,1.0,0.3131945167531685
0.5012818579399789,1.0,0.3131806087396391
0.501432664756447,1.0,0.3130424793893617
0.501583471572915,1.0,0.3130108580748401
0.5017342783893832,1.0,0.3129200246340245
0.5018850852058513,1.0,0.3127747500262991
0.5020358920223195,1.0,0.3126487044288968
0.5021866988387875,1.0,0.3126019210902243
0.5023375056552556,1.0,0.3124870565097331
0.5024883124717238,1.0,0.312413949256262
0.5026391192881918,1.0,0.3123716950837317
0.5027899261046599,1.0,0.3122685105624614
0.5029407329211281,1.0,0.3120623278177978
0.5030915397375961,1.0,0.3118506034499718
0.5032423465540642,1.0,0.3118222896379048
0.5033931533705324,1.0,0.3117318605592697
0.5035439601870004,1.0,0.3116790204428287
0.5036947670034686,1.0,0.3116314674217569
0.5038455738199367,1.0,0.3115687602796118
0.5039963806364047,1.0,0.3113958555504759
0.5041471874528729,1.0,0.3111631137501692
0.504297994269341,1.0,0.3111099248163008
0.504448801085809,1.0,0.3109938904760911
0.5045996079022772,1.0,0.3108680803834599
0.5047504147187453,1.0,0.3108136738716243
0.5049012215352134,1.0,0.3107822447298944
0.5050520283516815,1.0,0.3102721268905959
0.5052028351681496,1.0,0.3102070010937657
0.5053536419846177,1.0,0.3102043043720971
0.5055044488010858,1.0,0.3101754577665597
0.5056552556175539,1.0,0.3101696224018091
0.505806062434022,1.0,0.3101279415835127
0.5059568692504901,1.0,0.3100563454073981
0.5061076760669583,1.0,0.309997766837428
0.5062584828834263,1.0,0.309855674388468
0.5064092896998944,1.0,0.3097919853931428
0.5065600965163626,1.0,0.3096465717373833
0.5067109033328306,1.0,0.3095323469655235
0.5068617101492987,1.0,0.3094309807948893
0.5070125169657669,1.0,0.3093903796781197
0.5071633237822349,1.0,0.309345690868057
0.5073141305987031,1.0,0.3092947194646104
0.5074649374151712,1.0,0.3090737591364044
0.5076157442316392,1.0,0.3089475647069343
0.5077665510481074,1.0,0.3088366491576416
0.5079173578645755,1.0,0.3087868633293464
0.5080681646810435,1.0,0.308724476318475
0.5082189714975117,1.0,0.3086728784359071
0.5083697783139798,1.0,0.308655772783507
0.5085205851304478,1.0,0.3085517314511871
0.508671391946916,1.0,0.3084826935735565
0.5088221987633841,1.0,0.3084450626165358
0.5089730055798523,1.0,0.3084101892839648
0.5091238123963203,1.0,0.3083678607209554
0.5092746192127884,1.0,0.3083468631230505
0.5094254260292566,1.0,0.3082540143185843
0.5095762328457246,1.0,0.308224481936542
0.5097270396621927,1.0,0.3081296348535026
0.5098778464786609,1.0,0.3080611745366782
0.5100286532951289,1.0,0.3079290676862394
0.5101794601115971,1.0,0.3079232180213889
0.5103302669280652,1.0,0.3076747989425228
0.5104810737445332,1.0,0.3076714614124269
0.5106318805610014,1.0,0.307572078118125
0.5107826873774695,1.0,0.3073596141895169
0.5109334941939375,1.0,0.307107948391526
0.5110843010104057,1.0,0.3067178211138682
0.5112351078268738,1.0,0.3066157382988638
0.5113859146433419,1.0,0.3065064943450362
0.51153672145981,1.0,0.3064853847627939
0.5116875282762781,1.0,0.3064266920033295
0.5118383350927462,1.0,0.3062288904878033
0.5119891419092143,1.0,0.3061971355444681
0.5121399487256824,1.0,0.306181723059072
0.5122907555421505,1.0,0.3059722966333371
0.5124415623586186,1.0,0.3059692448853254
0.5125923691750867,1.0,0.30589981670171
0.5127431759915548,1.0,0.3058239566657904
0.5128939828080229,1.0,0.3057584384036673
0.5130447896244911,1.0,0.3055193923010205
0.5131955964409591,1.0,0.3054960321563026
0.5133464032574272,1.0,0.3054760789624496
0.5134972100738954,1.0,0.3050257424233591
0.5136480168903634,1.0,0.3047857994497636
0.5137988237068315,1.0,0.3046040072867251
0.5139496305232997,1.0,0.304548778956561
0.5141004373397677,1.0,0.304523624622373
0.5142512441562359,1.0,0.3044499327894163
0.514402050972704,1.0,0.3044174868109021
0.514552857789172,1.0,0.3044049639701854
0.5147036646056402,1.0,0.3043092141146505
0.5148544714221083,1.0,0.3042901569753243
0.5150052782385763,1.0,0.3041619863799327
0.5151560850550445,1.0,0.3041148918567395
0.5153068918715126,1.0,0.3040571407226596
0.5154576986879807,1.0,0.3040444313657551
0.5156085055044488,1.0,0.3038540635144853
0.5157593123209169,1.0,0.3038199447725094
0.515910119137385,1.0,0.3035574401541052
0.5160609259538531,1.0,0.3035061364397983
0.5162117327703212,1.0,0.3032518560049466
0.5163625395867893,1.0,0.3032286458501474
0.5165133464032574,1.0,0.3031711160894234
0.5166641532197256,1.0,0.3029891955424401
0.5168149600361936,1.0,0.3028895371214779
0.5169657668526617,1.0,0.3028026181632308
0.5171165736691299,1.0,0.3027614274672577
0.517267380485598,1.0,0.3025557641078005
0.517418187302066,1.0,0.3025117499954051
0.5175689941185342,1.0,0.3024615272773193
0.5177198009350023,1.0,0.3023742481121559
0.5178706077514703,1.0,0.3021330118680647
0.5180214145679385,1.0,0.3020320317197759
0.5181722213844066,1.0,0.30199439814184
0.5183230282008747,1.0,0.3019425813403142
0.5184738350173428,1.0,0.3018404554902115
0.5186246418338109,1.0,0.30180353874409
0.518775448650279,1.0,0.3017915854041413
0.5189262554667471,1.0,0.3016079700626939
0.5190770622832152,1.0,0.301547267759909
0.5192278690996833,1.0,0.3013621739998414
0.5193786759161514,1.0,0.3013303930878615
0.5195294827326196,1.0,0.3013194951841068
0.5196802895490876,1.0,0.3012777608999987
0.5198310963655557,1.0,0.3011823454117257
0.5199819031820239,1.0,0.3011160256735432
0.5201327099984919,1.0,0.3010519339854929
0.52028351681496,1.0,0.3010414788369178
0.5204343236314282,1.0,0.3009477249863675
0.5205851304478962,1.0,0.3009353684325838
0.5207359372643644,1.0,0.3008249808566333
0.5208867440808325,1.0,0.3008076130436428
0.5210375508973005,1.0,0.300735798093715
0.5211883577137687,1.0,0.3005519138673633
0.5213391645302368,1.0,0.3003571412022052
0.5214899713467048,1.0,0.3003469856046162
0.521640778163173,1.0,0.3001170286176597
0.5217915849796411,1.0,0.3000127346524777
0.5219423917961092,1.0,0.2999455816912299
0.5220931986125773,1.0,0.2998520612200401
0.5222440054290454,1.0,0.2997769726583982
0.5223948122455135,1.0,0.299707588744764
0.5225456190619816,1.0,0.2995645033759094
0.5226964258784497,1.0,0.2994984657788586
0.5228472326949178,1.0,0.2992707248904958
0.5229980395113859,1.0,0.2989278320465729
0.523148846327854,1.0,0.2989191160243821
0.5232996531443221,1.0,0.2987514071681879
0.5234504599607902,1.0,0.2985935290650755
0.5236012667772584,1.0,0.298591984653815
0.5237520735937264,1.0,0.2985505562562663
0.5239028804101945,1.0,0.2984742623658955
0.5240536872266627,1.0,0.2981295311135264
0.5242044940431307,1.0,0.2980596915917674
0.5243553008595988,1.0,0.2980543383076289
0.524506107676067,1.0,0.297891531682922
0.524656914492535,1.0,0.2978060941358599
0.5248077213090032,1.0,0.2977444911529285
0.5249585281254713,1.0,0.2976750975973489
0.5251093349419393,1.0,0.2976688556084526
0.5252601417584075,1.0,0.2969718950203681
0.5254109485748756,1.0,0.2969498852845249
0.5255617553913436,1.0,0.2969238512440459
0.5257125622078118,1.0,0.2968403176621559
0.5258633690242799,1.0,0.2968201377273041
0.526014175840748,1.0,0.2967066834132013
0.5261649826572161,1.0,0.2966914750909973
0.5263157894736842,1.0,0.2966569942197858
0.5264665962901524,1.0,0.29640475184619
0.5266174031066204,1.0,0.2963575861515322
0.5267682099230885,1.0,0.2962151762878615
0.5269190167395567,1.0,0.2959758446999973
0.5270698235560247,1.0,0.2956284353819584
0.5272206303724928,1.0,0.2953894487318814
0.527371437188961,1.0,0.2952419408995761
0.527522244005429,1.0,0.2951460971927311
0.5276730508218972,1.0,0.2951025853895363
0.5278238576383653,1.0,0.2950158413543375
0.5279746644548333,1.0,0.2949745785682329
0.5281254712713015,1.0,0.2949625442567548
0.5282762780877696,1.0,0.2949503826594463
0.5284270849042376,1.0,0.2949279094213324
0.5285778917207058,1.0,0.2948606919005775
0.5287286985371739,1.0,0.294713460869301
0.528879505353642,1.0,0.2947048134763959
0.5290303121701101,1.0,0.294535696817185
0.5291811189865782,1.0,0.2943531002681072
0.5293319258030463,1.0,0.29425707218949
0.5294827326195144,1.0,0.2942189966690113
0.5296335394359825,1.0,0.2941594846667868
0.5297843462524506,1.0,0.293830425043705
0.5299351530689187,1.0,0.2936366609119964
0.5300859598853869,1.0,0.2935108994114175
0.5302367667018549,1.0,0.2934392901325753
0.530387573518323,1.0,0.2934282521701437
0.5305383803347912,1.0,0.2933237280056319
0.5306891871512592,1.0,0.293292439617846
0.5308399939677273,1.0,0.2931870476491804
0.5309908007841955,1.0,0.2931821490920601
0.5311416076006635,1.0,0.2930828343193173
0.5312924144171317,1.0,0.292632745400414
0.5314432212335998,1.0,0.2925274804097682
0.5315940280500678,1.0,0.2924380360499259
0.531744834866536,1.0,0.2923354924638826
0.5318956416830041,1.0,0.2922867384573858
0.5320464484994721,1.0,0.2922128855075011
0.5321972553159403,1.0,0.2916053084976653
0.5323480621324084,1.0,0.2915041329924163
0.5324988689488764,1.0,0.2912087005299252
0.5326496757653446,1.0,0.2911880867585671
0.5328004825818127,1.0,0.2911768284347526
0.5329512893982808,1.0,0.2911633869191684
0.5331020962147489,1.0,0.291123303532931
0.533252903031217,1.0,0.2910360427666991
0.5334037098476851,1.0,0.2910291459625296
0.5335545166641532,1.0,0.2909961293368221
0.5337053234806213,1.0,0.2909627763965148
0.5338561302970894,1.0,0.2908752510888919
0.5340069371135575,1.0,0.2908513556538359
0.5341577439300257,1.0,0.2907946296849211
0.5343085507464937,1.0,0.2907726259025348
0.5344593575629618,1.0,0.2907310012889999
0.53461016437943,1.0,0.2906218665396978
0.534760971195898,1.0,0.2905633094785215
0.5349117780123661,1.0,0.2905585789410493
0.5350625848288343,1.0,0.2904960284521118
0.5352133916453023,1.0,0.2904398949594237
0.5353641984617705,1.0,0.2903922142276999
0.5355150052782386,1.0,0.2902901768395657
0.5356658120947067,1.0,0.2901851380781777
0.5358166189111748,1.0,0.2900292533988305
0.5359674257276429,1.0,0.2899934468267051
0.536118232544111,1.0,0.2899708640460434
0.5362690393605791,1.0,0.2898579467769948
0.5364198461770472,1.0,0.2898108864697347
0.5365706529935154,1.0,0.2897773407892585
0.5367214598099834,1.0,0.2896176182993832
0.5368722666264515,1.0,0.2892482192830768
0.5370230734429197,1.0,0.2891069226465832
0.5371738802593877,1.0,0.2890389463131517
0.5373246870758558,1.0,0.288952997533746
0.537475493892324,1.0,0.2885491476156386
0.537626300708792,1.0,0.2885463348898949
0.5377771075252601,1.0,0.2885040053538209
0.5379279143417283,1.0,0.288502180295617
0.5380787211581963,1.0,0.2884614539536203
0.5382295279746645,1.0,0.2883008672985997
0.5383803347911326,1.0,0.2882155883860398
0.5385311416076006,1.0,0.2881073811836415
0.5386819484240688,1.0,0.2879192771483953
0.5388327552405369,1.0,0.2878541560873238
0.5389835620570049,1.0,0.2876163420926572
0.5391343688734731,1.0,0.2876042151236501
0.5392851756899412,1.0,0.28753559545657
0.5394359825064093,1.0,0.2873949380308915
0.5395867893228774,1.0,0.2872843217571203
0.5397375961393455,1.0,0.2871761855340208
0.5398884029558136,1.0,0.2871569117042641
0.5400392097722817,1.0,0.2870937433238006
0.5401900165887498,1.0,0.2870851314666984
0.5403408234052179,1.0,0.2869364851623265
0.540491630221686,1.0,0.2868409692900511
0.5406424370381542,1.0,0.2867527770322798
0.5407932438546222,1.0,0.2866428478832619
0.5409440506710903,1.0,0.2866201081960084
0.5410948574875585,1.0,0.2865778367042422
0.5412456643040265,1.0,0.2864944649664095
0.5413964711204946,1.0,0.2864700155091974
0.5415472779369628,1.0,0.2864627997004251
0.5416980847534308,1.0,0.2864426943717875
0.5418488915698989,1.0,0.2863871817573165
0.5419996983863671,1.0,0.2863116294045218
0.5421505052028351,1.0,0.2863010447839073
0.5423013120193033,1.0,0.2862879169844277
0.5424521188357714,1.0,0.2862648166063252
0.5426029256522394,1.0,0.2862260480898297
0.5427537324687076,1.0,0.286207768553292
0.5429045392851757,1.0,0.2861214380497335
0.5430553461016437,1.0,0.2860515903040591
0.5432061529181119,1.0,0.2859764169895886
0.54335695973458,1.0,0.2859061334995486
0.5435077665510482,1.0,0.2858746059933751
0.5436585733675162,1.0,0.2858664652176443
0.5438093801839843,1.0,0.2858215431549917
0.5439601870004525,1.0,0.2857027828082655
0.5441109938169205,1.0,0.2856981577010781
0.5442618006333886,1.0,0.2855902257932298
0.5444126074498568,1.0,0.2855808908121391
0.5445634142663248,1.0,0.2855769046638027
0.544714221082793,1.0,0.2855054551848892
0.5448650278992611,1.0,0.2853702833022619
0.5450158347157291,1.0,0.2852848483932491
0.5451666415321973,1.0,0.2852148202154435
0.5453174483486654,1.0,0.2850772533810043
0.5454682551651334,1.0,0.2850224159917786
0.5456190619816016,1.0,0.285000166794376
0.5457698687980697,1.0,0.2849506075970597
0.5459206756145378,1.0,0.284915646487045
0.5460714824310059,1.0,0.2845259635016545
0.546222289247474,1.0,0.2844866788069874
0.5463730960639421,1.0,0.2844820055846217
0.5465239028804102,1.0,0.2844240232899843
0.5466747096968783,1.0,0.2844022027432367
0.5468255165133464,1.0,0.284389899647478
0.5469763233298145,1.0,0.2843369598956611
0.5471271301462826,1.0,0.2843307126303522
0.5472779369627507,1.0,0.2842279040763003
0.5474287437792188,1.0,0.2840547934124407
0.547579550595687,1.0,0.2839774597093714
0.547730357412155,1.0,0.2839404577340837
0.5478811642286231,1.0,0.2839392440077175
0.5480319710450913,1.0,0.2839059135199439
0.5481827778615593,1.0,0.2838910887977699
0.5483335846780274,1.0,0.2836172777246653
0.5484843914944956,1.0,0.2833766655362524
0.5486351983109636,1.0,0.2832926946351239
0.5487860051274318,1.0,0.2832391441531897
0.5489368119438999,1.0,0.2831433148701676
0.5490876187603679,1.0,0.2828827221269316
0.5492384255768361,1.0,0.2828261803192821
0.5493892323933042,1.0,0.2827539643679064
0.5495400392097722,1.0,0.2826696774557882
0.5496908460262404,1.0,0.2826571803437361
0.5498416528427085,1.0,0.2826073946595493
0.5499924596591766,1.0,0.2823247787373697
0.5501432664756447,1.0,0.2822673413653619
0.5502940732921128,1.0,0.2822584322718331
0.550444880108581,1.0,0.2820722580270837
0.550595686925049,1.0,0.281857174590605
0.5507464937415171,1.0,0.2817061450956983
0.5508973005579852,1.0,0.2816590341762335
0.5510481073744533,1.0,0.2816589989179835
0.5511989141909215,1.0,0.2816528454979016
0.5513497210073895,1.0,0.2816089428592329
0.5515005278238576,1.0,0.2815851881750815
0.5516513346403258,1.0,0.2815031667460456
0.5518021414567938,1.0,0.2814440745559755
0.5519529482732619,1.0,0.2813981879554422
0.5521037550897301,1.0,0.2813721954598338
0.5522545619061981,1.0,0.2813591010087578
0.5524053687226662,1.0,0.281191584071583
0.5525561755391344,1.0,0.2811292818504882
0.5527069823556024,1.0,0.2810619470310075
0.5528577891720706,1.0,0.2809483575609519
0.5530085959885387,1.0,0.2809225189725086
0.5531594028050068,1.0,0.2808996427030593
0.5533102096214749,1.0,0.280837992167578
0.553461016437943,1.0,0.2808158733314589
0.553611823254411,1.0,0.2807916124483374
0.5537626300708792,1.0,0.2807440816142239
0.5539134368873473,1.0,0.2806570097025119
0.5540642437038155,1.0,0.2806228372351251
0.5542150505202835,1.0,0.2804890413983202
0.5543658573367516,1.0,0.2804183775158422
0.5545166641532198,1.0,0.2803182736254141
0.5546674709696878,1.0,0.2802505094918315
0.5548182777861559,1.0,0.2798556528200412
0.5549690846026241,1.0,0.2798236425531251
0.5551198914190921,1.0,0.2797033893017154
0.5552706982355603,1.0,0.2796977706470829
0.5554215050520284,1.0,0.2796715655104883
0.5555723118684964,1.0,0.2796325598692945
0.5557231186849646,1.0,0.2796277990099227
0.5558739255014327,1.0,0.2796062681780134
0.5560247323179007,1.0,0.2795104443543268
0.5561755391343689,1.0,0.2794362202610279
0.556326345950837,1.0,0.2793709536400909
0.556477152767305,1.0,0.2793062687720117
0.5566279595837732,1.0,0.2792563668417754
0.5567787664002413,1.0,0.2792014001253842
0.5569295732167094,1.0,0.2791836125692699
0.5570803800331775,1.0,0.2791829545911649
0.5572311868496456,1.0,0.2791280193979994
0.5573819936661137,1.0,0.2790464387526967
0.5575328004825818,1.0,0.2789692840609124
0.5576836072990499,1.0,0.2788339802507226
0.557834414115518,1.0,0.2788241201469824
0.5579852209319861,1.0,0.2788230677980924
0.5581360277484543,1.0,0.2787388901746642
0.5582868345649223,1.0,0.2786485868053142
0.5584376413813904,1.0,0.2786169840327037
0.5585884481978586,1.0,0.278587858453703
0.5587392550143266,1.0,0.2784764743756838
0.5588900618307947,1.0,0.2782960187830861
0.5590408686472629,1.0,0.2782244638266032
0.5591916754637309,1.0,0.2778754778612616
0.5593424822801991,1.0,0.2778078232916374
0.5594932890966672,1.0,0.2776612023793414
0.5596440959131352,1.0,0.2776489409328954
0.5597949027296034,1.0,0.2776363010851726
0.5599457095460715,1.0,0.2774889069382286
0.5600965163625395,1.0,0.2773745494223256
0.5602473231790077,1.0,0.2772985079221997
0.5603981299954758,1.0,0.2772913817237559
0.560548936811944,1.0,0.277287071616883
0.560699743628412,1.0,0.2767932079031121
0.5608505504448801,1.0,0.2767266815659868
0.5610013572613483,1.0,0.2766355607688525
0.5611521640778163,1.0,0.2765634854864283
0.5613029708942844,1.0,0.2765197031292324
0.5614537777107526,1.0,0.2765175889514663
0.5616045845272206,1.0,0.276389958522385
0.5617553913436887,1.0,0.2761928795038572
0.5619061981601569,1.0,0.276090961067152
0.5620570049766249,1.0,0.2760495333032596
0.5622078117930931,1.0,0.2760408642050409
0.5623586186095612,1.0,0.2759466095282713
0.5625094254260292,1.0,0.2759461955947953
0.5626602322424974,1.0,0.2758291534704364
0.5628110390589655,1.0,0.2757515865926316
0.5629618458754335,1.0,0.2756491141441771
0.5631126526919017,1.0,0.2755926694102445
0.5632634595083698,1.0,0.2755899572093346
0.5634142663248379,1.0,0.2755303911318009
0.563565073141306,1.0,0.2753445102871658
0.5637158799577741,1.0,0.2753114906702889
0.5638666867742422,1.0,0.2751657532854345
0.5640174935907103,1.0,0.2750124645933925
0.5641683004071784,1.0,0.2748305527135956
0.5643191072236465,1.0,0.2747992931562272
0.5644699140401146,1.0,0.2746738284467901
0.5646207208565828,1.0,0.2745690354415627
0.5647715276730508,1.0,0.2745385960702361
0.5649223344895189,1.0,0.2745103534588417
0.5650731413059871,1.0,0.2742970325591664
0.5652239481224551,1.0,0.2742682651079313
0.5653747549389232,1.0,0.2740541419344267
0.5655255617553914,1.0,0.274033313315351
0.5656763685718594,1.0,0.2740109684440016
0.5658271753883276,1.0,0.2739198825013823
0.5659779822047957,1.0,0.2736721498052893
0.5661287890212637,1.0,0.2736634864822517
0.5662795958377319,1.0,0.2736009589705018
0.5664304026542,1.0,0.2735667093571758
0.566581209470668,1.0,0.2735341970130177
0.5667320162871362,1.0,0.2734945058846799
0.5668828231036043,1.0,0.2734721205952041
0.5670336299200723,1.0,0.2734669649453619
0.5671844367365405,1.0,0.2733198933772684
0.5673352435530086,1.0,0.2733053337886205
0.5674860503694767,1.0,0.2731858095798016
0.5676368571859448,1.0,0.2731212222077954
0.5677876640024129,1.0,0.2730515902000621
0.567938470818881,1.0,0.2729271265466436
0.5680892776353491,1.0,0.2729119743248352
0.5682400844518172,1.0,0.2727868245193817
0.5683908912682853,1.0,0.2727777867745637
0.5685416980847534,1.0,0.2727667459937398
0.5686925049012216,1.0,0.2726108225033167
0.5688433117176896,1.0,0.2725905044516686
0.5689941185341577,1.0,0.2725310620447353
0.5691449253506259,1.0,0.2723705053379209
0.569295732167094,1.0,0.2723486186432016
0.569446538983562,1.0,0.2723104325014929
0.5695973458000302,1.0,0.2723058088996124
0.5697481526164982,1.0,0.272304147952038
0.5698989594329664,1.0,0.2721066908677342
0.5700497662494345,1.0,0.2718397867585675
0.5702005730659025,1.0,0.2717258183215673
0.5703513798823707,1.0,0.2716401449717395
0.5705021866988388,1.0,0.2713621481850434
0.5706529935153069,1.0,0.2712467169631152
0.570803800331775,1.0,0.2711953975204521
0.5709546071482431,1.0,0.2710183920245981
0.5711054139647112,1.0,0.2709828158303049
0.5712562207811793,1.0,0.270880936900036
0.5714070275976474,1.0,0.2708592614901325
0.5715578344141156,1.0,0.2707586452243258
0.5717086412305836,1.0,0.2706893761256347
0.5718594480470517,1.0,0.270674078672896
0.5720102548635199,1.0,0.2706523265564289
0.5721610616799879,1.0,0.2704253376067375
0.572311868496456,1.0,0.2703926210882373
0.5724626753129242,1.0,0.2703671760136966
0.5726134821293922,1.0,0.2703394692373565
0.5727642889458604,1.0,0.2703344374320253
0.5729150957623285,1.0,0.2701575713747138
0.5730659025787965,1.0,0.270124171649406
0.5732167093952647,1.0,0.2699695364111907
0.5733675162117328,1.0,0.26994298297471
0.5735183230282008,1.0,0.2698116150342435
0.573669129844669,1.0,0.2695256553353342
0.5738199366611371,1.0,0.2694655086024625
0.5739707434776052,1.0,0.2694012292663
0.5741215502940733,1.0,0.269186749034385
0.5742723571105414,1.0,0.2691432476390673
0.5744231639270095,1.0,0.2691081342937978
0.5745739707434776,1.0,0.2690976032999813
0.5747247775599457,1.0,0.269073857432691
0.5748755843764138,1.0,0.2689683272773085
0.5750263911928819,1.0,0.2689429882483438
0.5751771980093501,1.0,0.2689102915091868
0.5753280048258181,1.0,0.2687716641435702
0.5754788116422862,1.0,0.2687318016724254
0.5756296184587544,1.0,0.2687236087680077
0.5757804252752224,1.0,0.2686572169830603
0.5759312320916905,1.0,0.2685603271876263
0.5760820389081587,1.0,0.2684400034515999
0.5762328457246267,1.0,0.2684318913513688
0.5763836525410948,1.0,0.2684003241071384
0.576534459357563,1.0,0.2682930363593598
0.576685266174031,1.0,0.268281164007536
0.5768360729904992,1.0,0.2682253917823375
0.5769868798069673,1.0,0.2679324721005707
0.5771376866234353,1.0,0.2678630647226133
0.5772884934399035,1.0,0.2677785768662488
0.5774393002563716,1.0,0.2674532285266218
0.5775901070728396,1.0,0.2673502194987902
0.5777409138893078,1.0,0.2672795473291078
0.5778917207057759,1.0,0.2671638014657094
0.578042527522244,1.0,0.2671507224406328
0.5781933343387121,1.0,0.2671009388431912
0.5783441411551802,1.0,0.2667430067170033
0.5784949479716484,1.0,0.2666573496353093
0.5786457547881164,1.0,0.2666178286059381
0.5787965616045845,1.0,0.266486045025864
0.5789473684210527,1.0,0.2664598825892329
0.5790981752375207,1.0,0.2664236095094512
0.5792489820539889,1.0,0.266410045267124
0.579399788870457,1.0,0.2662054699403208
0.579550595686925,1.0,0.2661583223214803
0.5797014025033932,1.0,0.2660506394759425
0.5798522093198613,1.0,0.2655111324263867
0.5800030161363293,1.0,0.2654462028209489
0.5801538229527975,1.0,0.2653185675405141
0.5803046297692656,1.0,0.2649188373644582
0.5804554365857337,1.0,0.2649143350619466
0.5806062434022018,1.0,0.2648971397942892
0.5807570502186699,1.0,0.2648250474157317
0.580907857035138,1.0,0.2647635075932996
0.5810586638516061,1.0,0.2647081447229215
0.5812094706680742,1.0,0.2646840189746952
0.5813602774845423,1.0,0.2644059510171416
0.5815110843010104,1.0,0.2643301718639417
0.5816618911174785,1.0,0.2642528598693677
0.5818126979339466,1.0,0.264169700494319
0.5819635047504147,1.0,0.2641533831160765
0.5821143115668829,1.0,0.2641194489202855
0.5822651183833509,1.0,0.2641111774499663
0.582415925199819,1.0,0.2640889033011581
0.5825667320162872,1.0,0.2640638920028591
0.5827175388327552,1.0,0.2639696969501799
0.5828683456492233,1.0,0.2638719145242709
0.5830191524656915,1.0,0.2638478368498161
0.5831699592821595,1.0,0.2638144519476714
0.5833207660986277,1.0,0.2637710628073275
0.5834715729150958,1.0,0.2637502991727738
0.5836223797315638,1.0,0.2636051190048615
0.583773186548032,1.0,0.2634962879255674
0.5839239933645001,1.0,0.2634423303492985
0.5840748001809681,1.0,0.2634299352281088
0.5842256069974363,1.0,0.2633823261138198
0.5843764138139044,1.0,0.2632819870501459
0.5845272206303725,1.0,0.2631582781011222
0.5846780274468406,1.0,0.2631120926005324
0.5848288342633087,1.0,0.2630919071968662
0.5849796410797768,1.0,0.2630763032480319
0.5851304478962449,1.0,0.2630435831302738
0.585281254712713,1.0,0.2628767395388054
0.5854320615291811,1.0,0.2627926467685259
0.5855828683456492,1.0,0.262767569901995
0.5857336751621173,1.0,0.2625278992780685
0.5858844819785854,1.0,0.2625110629161034
0.5860352887950535,1.0,0.2624454118745123
0.5861860956115217,1.0,0.2623668142600754
0.5863369024279897,1.0,0.2623592631046427
0.5864877092444578,1.0,0.2622793354489666
0.586638516060926,1.0,0.2622354638792897
0.586789322877394,1.0,0.2622151780073616
0.5869401296938621,1.0,0.2621568151204395
0.5870909365103303,1.0,0.261938594910644
0.5872417433267983,1.0,0.2618947459801162
0.5873925501432665,1.0,0.2616940536747573
0.5875433569597346,1.0,0.2616782648644125
0.5876941637762026,1.0,0.2616627782613969
0.5878449705926708,1.0,0.261652014618501
0.5879957774091389,1.0,0.2616112445779077
0.588146584225607,1.0,0.2615908941230462
0.5882973910420751,1.0,0.2614819038275916
0.5884481978585432,1.0,0.2614479376936021
0.5885990046750114,1.0,0.2614475681336405
0.5887498114914794,1.0,0.2613184093909268
0.5889006183079475,1.0,0.2609125755809626
0.5890514251244157,1.0,0.2607458534490384
0.5892022319408837,1.0,0.2607206749983966
0.5893530387573518,1.0,0.2606606685794816
0.58950384557382,1.0,0.2605634362913077
0.589654652390288,1.0,0.2605458196143354
0.5898054592067562,1.0,0.2601460505056754
0.5899562660232243,1.0,0.2598611943309261
0.5901070728396923,1.0,0.2598407365585566
0.5902578796561605,1.0,0.259758300752592
0.5904086864726286,1.0,0.2595679418793405
0.5905594932890966,1.0,0.2595669748128767
0.5907103001055648,1.0,0.2594450640757396
0.5908611069220329,1.0,0.2591497706932611
0.5910119137385009,1.0,0.2591491049769368
0.5911627205549691,1.0,0.2590285935318114
0.5913135273714372,1.0,0.2589981534500617
0.5914643341879053,1.0,0.2587687515163226
0.5916151410043734,1.0,0.258587857202023
0.5917659478208415,1.0,0.2584926644437951
0.5919167546373096,1.0,0.2584393584325123
0.5920675614537777,1.0,0.2583777089180167
0.5922183682702458,1.0,0.2583600191265154
0.5923691750867139,1.0,0.2583331850595622
0.592519981903182,1.0,0.2583117126136845
0.5926707887196502,1.0,0.2580879077283862
0.5928215955361182,1.0,0.2580592606297334
0.5929724023525863,1.0,0.2580064476709479
0.5931232091690545,1.0,0.2579725058077752
0.5932740159855225,1.0,0.2579061194210315
0.5934248228019906,1.0,0.2577135270373732
0.5935756296184588,1.0,0.2576859616325672
0.5937264364349268,1.0,0.2576206598764812
0.593877243251395,1.0,0.2575685778726035
0.5940280500678631,1.0,0.2574615513893278
0.5941788568843311,1.0,0.2573649897467275
0.5943296637007993,1.0,0.2573512583342103
0.5944804705172674,1.0,0.2573327400923222
0.5946312773337354,1.0,0.257272310566829
0.5947820841502036,1.0,0.2572379883797068
0.5949328909666717,1.0,0.2571003289406586
0.5950836977831399,1.0,0.2570575991461874
0.5952345045996079,1.0,0.257037473741982
0.595385311416076,1.0,0.2570185738795353
0.5955361182325442,1.0,0.2570029463946047
0.5956869250490122,1.0,0.256942671610042
0.5958377318654803,1.0,0.256746138456086
0.5959885386819485,1.0,0.2565563383810496
0.5961393454984165,1.0,0.2565520080212349
0.5962901523148846,1.0,0.2564833776717088
0.5964409591313528,1.0,0.256196512052866
0.5965917659478208,1.0,0.2561940412107452
0.596742572764289,1.0,0.2561718249211395
0.596893379580757,1.0,0.2561665726682076
0.5970441863972251,1.0,0.2561652976857707
0.5971949932136933,1.0,0.2561358715849606
0.5973458000301614,1.0,0.2561097243593289
0.5974966068466294,1.0,0.2560793075759654
0.5976474136630976,1.0,0.2559991271928755
0.5977982204795657,1.0,0.255969018691127
0.5979490272960338,1.0,0.2559318027018087
0.5980998341125019,1.0,0.2558316040892076
0.59825064092897,1.0,0.255682525226131
0.5984014477454381,1.0,0.255657537579937
0.5985522545619062,1.0,0.255650913628018
0.5987030613783743,1.0,0.2554980889681698
0.5988538681948424,1.0,0.2553996386272145
0.5990046750113105,1.0,0.2551966829741671
0.5991554818277787,1.0,0.2551950828316436
0.5993062886442467,1.0,0.2551917405015733
0.5994570954607148,1.0,0.2551150696416177
0.599607902277183,1.0,0.254990981725203
0.599758709093651,1.0,0.2549552477347133
0.5999095159101191,1.0,0.2549165984737675
0.6000603227265873,1.0,0.2546173670113213
0.6002111295430553,1.0,0.2545979884308219
0.6003619363595234,1.0,0.2544096005867817
0.6005127431759916,1.0,0.2542834714509898
0.6006635499924596,1.0,0.2541731328931578
0.6008143568089278,1.0,0.25400407338814
0.6009651636253959,1.0,0.2539828308007725
0.6011159704418639,1.0,0.253771562093864
0.6012667772583321,1.0,0.253760302876139
0.6014175840748002,1.0,0.253758171255362
0.6015683908912682,1.0,0.2537573601633168
0.6017191977077364,1.0,0.2537292605943222
0.6018700045242045,1.0,0.2536845442632939
0.6020208113406726,1.0,0.2536820091353867
0.6021716181571407,1.0,0.2534872059857614
0.6023224249736088,1.0,0.2533739495553468
0.602473231790077,1.0,0.2533016038821769
0.602624038606545,1.0,0.2532796258443993
0.6027748454230131,1.0,0.2532173685776551
0.6029256522394812,1.0,0.2532016207473632
0.6030764590559493,1.0,0.2531887300681064
0.6032272658724175,1.0,0.2531851626991563
0.6033780726888855,1.0,0.2531800511254748
0.6035288795053536,1.0,0.2531746674704787
0.6036796863218218,1.0,0.2530912922785815
0.6038304931382898,1.0,0.2530862083183644
0.6039812999547579,1.0,0.2530854318128939
0.6041321067712261,1.0,0.2530705170243885
0.6042829135876941,1.0,0.2529449307711198
0.6044337204041623,1.0,0.2528712900742965
0.6045845272206304,1.0,0.2528701429840356
0.6047353340370984,1.0,0.2528597880103118
0.6048861408535666,1.0,0.252794510694119
0.6050369476700347,1.0,0.2527464538743545
0.6051877544865027,1.0,0.2526535841695179
0.6053385613029709,1.0,0.2526164827805869
0.605489368119439,1.0,0.2524675417851802
0.605640174935907,1.0,0.252444369443758
0.6057909817523752,1.0,0.2524049345651656
0.6059417885688433,1.0,0.2523766341468043
0.6060925953853115,1.0,0.252287178467708
0.6062434022017795,1.0,0.2521937849335315
0.6063942090182476,1.0,0.2520272805223668
0.6065450158347158,1.0,0.2519903429997505
0.6066958226511838,1.0,0.2518728598220032
0.6068466294676519,1.0,0.2518513288828684
0.6069974362841201,1.0,0.2518446484816525
0.6071482431005881,1.0,0.2517089864225531
0.6072990499170563,1.0,0.2515980077358619
0.6074498567335244,1.0,0.2514651255040692
0.6076006635499924,1.0,0.2513476483337986
0.6077514703664606,1.0,0.2512495980067848
0.6079022771829287,1.0,0.2510785374223729
0.6080530839993967,1.0,0.2510497511914039
0.6082038908158649,1.0,0.2509661118220606
0.608354697632333,1.0,0.2508968954302609
0.6085055044488011,1.0,0.2507947564484529
0.6086563112652692,1.0,0.2506505470376799
0.6088071180817373,1.0,0.2505628825139101
0.6089579248982054,1.0,0.2505043609669656
0.6091087317146735,1.0,0.2503497667600976
0.6092595385311416,1.0,0.2502906296510299
0.6094103453476097,1.0,0.2502854672294159
0.6095611521640778,1.0,0.2502577852935653
0.609711958980546,1.0,0.2500279337919064
0.609862765797014,1.0,0.2499687443169678
0.6100135726134821,1.0,0.249887461053279
0.6101643794299503,1.0,0.2498850993941039
0.6103151862464183,1.0,0.2498362136223463
0.6104659930628864,1.0,0.2494090152844505
0.6106167998793546,1.0,0.2493296079573912
0.6107676066958226,1.0,0.2493295546779644
0.6109184135122907,1.0,0.2492797677304401
0.6110692203287589,1.0,0.2492239217422481
0.6112200271452269,1.0,0.2491855297429652
0.6113708339616951,1.0,0.2489703247098125
0.6115216407781632,1.0,0.2487941714032134
0.6116724475946312,1.0,0.2486026826217818
0.6118232544110994,1.0,0.248532566102731
0.6119740612275675,1.0,0.248494214849194
0.6121248680440355,1.0,0.2484231104999892
0.6122756748605037,1.0,0.2484129673870291
0.6124264816769718,1.0,0.2483960171598621
0.61257728849344,1.0,0.2483735054175914
0.612728095309908,1.0,0.248348635859484
0.6128789021263761,1.0,0.24825861137807
0.6130297089428443,1.0,0.2480697810712442
0.6131805157593123,1.0,0.2479451694095829
0.6133313225757804,1.0,0.2478860259137385
0.6134821293922486,1.0,0.2477540097869484
0.6136329362087166,1.0,0.2477361301732562
0.6137837430251848,1.0,0.2474367669912687
0.6139345498416529,1.0,0.247266263102524
0.6140853566581209,1.0,0.2472252910928285
0.6142361634745891,1.0,0.2471795307036332
0.6143869702910572,1.0,0.2471277860898544
0.6145377771075252,1.0,0.2471262484360294
0.6146885839239934,1.0,0.2470341136762385
0.6148393907404615,1.0,0.2469995790765456
0.6149901975569295,1.0,0.2469961555431647
0.6151410043733977,1.0,0.2469050971431579
0.6152918111898658,1.0,0.2467675533671469
0.6154426180063339,1.0,0.246741960580361
0.615593424822802,1.0,0.2466809552219003
0.6157442316392701,1.0,0.2466717493787651
0.6158950384557382,1.0,0.2466632773046855
0.6160458452722063,1.0,0.2465388585668304
0.6161966520886744,1.0,0.2464980410643716
0.6163474589051425,1.0,0.246478961157917
0.6164982657216106,1.0,0.246245561946563
0.6166490725380788,1.0,0.2461140819569978
0.6167998793545468,1.0,0.2460226443408388
0.6169506861710149,1.0,0.2458997210433559
0.6171014929874831,1.0,0.245892173881584
0.6172522998039511,1.0,0.2458832253277629
0.6174031066204192,1.0,0.245675608351516
0.6175539134368874,1.0,0.2455041460211791
0.6177047202533554,1.0,0.2453453950424493
0.6178555270698236,1.0,0.2453131217092841
0.6180063338862917,1.0,0.2452533343392998
0.6181571407027597,1.0,0.2452135506548466
0.6183079475192279,1.0,0.2451092072124897
0.618458754335696,1.0,0.2448288890444103
0.618609561152164,1.0,0.2448168794716
0.6187603679686322,1.0,0.2447653367569721
0.6189111747851003,1.0,0.2445728217583347
0.6190619816015684,1.0,0.2444948728330117
0.6192127884180365,1.0,0.2444600552498501
0.6193635952345046,1.0,0.2444490948227668
0.6195144020509727,1.0,0.2443565167255492
0.6196652088674408,1.0,0.2443379669881587
0.6198160156839089,1.0,0.2442152580187327
0.619966822500377,1.0,0.2442134309446619
0.6201176293168451,1.0,0.2441008667305942
0.6202684361333132,1.0,0.2440611622679228
0.6204192429497813,1.0,0.244047946227397
0.6205700497662494,1.0,0.2439325109365244
0.6207208565827176,1.0,0.2439189455704253
0.6208716633991856,1.0,0.2439169025666274
0.6210224702156537,1.0,0.2438687176497375
0.6211732770321219,1.0,0.2438636387577771
0.62132408384859,1.0,0.2437333279912794
0.621474890665058,1.0,0.2437263401863595
0.6216256974815262,1.0,0.2437015259723242
0.6217765042979942,1.0,0.2436605916247167
0.6219273111144624,1.0,0.2436515115541077
0.6220781179309305,1.0,0.2436262638299047
0.6222289247473985,1.0,0.2432704341248722
0.6223797315638667,1.0,0.2432660202567583
0.6225305383803348,1.0,0.2432354373851422
0.6226813451968028,1.0,0.2431603015495639
0.622832152013271,1.0,0.2430219941795798
0.6229829588297391,1.0,0.2429489448574815
0.6231337656462073,1.0,0.2429387057372889
0.6232845724626753,1.0,0.2429242902123459
0.6234353792791434,1.0,0.2429140586541842
0.6235861860956116,1.0,0.2428312762276956
0.6237369929120796,1.0,0.2427131407125163
0.6238877997285477,1.0,0.2427065001854551
0.6240386065450159,1.0,0.2426846758910387
0.6241894133614839,1.0,0.2426396800586751
0.6243402201779521,1.0,0.2425232440322143
0.6244910269944202,1.0,0.2425157152983235
0.6246418338108882,1.0,0.2424164715231268
0.6247926406273564,1.0,0.2423882287595844
0.6249434474438245,1.0,0.2422948921646229
0.6250942542602925,1.0,0.2419883036793483
0.6252450610767607,1.0,0.2419159613014892
0.6253958678932288,1.0,0.2418670103028951
0.6255466747096968,1.0,0.241816106649619
0.625697481526165,1.0,0.2417316753808091
0.6258482883426331,1.0,0.2416739248995127
0.6259990951591012,1.0,0.2416664980825381
0.6261499019755693,1.0,0.2413573817891323
0.6263007087920374,1.0,0.2413449241419899
0.6264515156085055,1.0,0.241184440658543
0.6266023224249736,1.0,0.2410616399742715
0.6267531292414417,1.0,0.2410586694723402
0.6269039360579098,1.0,0.2409646395663532
0.6270547428743779,1.0,0.2408571654824676
0.6272055496908461,1.0,0.2408094596690105
0.6273563565073141,1.0,0.2407433439956914
0.6275071633237822,1.0,0.2406444999820039
0.6276579701402504,1.0,0.240614189986311
0.6278087769567184,1.0,0.2404809552163206
0.6279595837731865,1.0,0.2404599813869374
0.6281103905896547,1.0,0.2402114757261406
0.6282611974061227,1.0,0.2401981151720208
0.6284120042225909,1.0,0.2400787415000975
0.628562811039059,1.0,0.2400392044081047
0.628713617855527,1.0,0.239996173359046
0.6288644246719952,1.0,0.2399624777671272
0.6290152314884633,1.0,0.239911876452152
0.6291660383049313,1.0,0.2396790319303229
0.6293168451213995,1.0,0.2396483133518894
0.6294676519378676,1.0,0.2396477665902787
0.6296184587543356,1.0,0.2395650124976001
0.6297692655708038,1.0,0.2395287861919552
0.6299200723872719,1.0,0.2394756132672668
0.63007087920374,1.0,0.2394088173083333
0.6302216860202081,1.0,0.2392267008763302
0.6303724928366762,1.0,0.2391946364138983
0.6305232996531444,1.0,0.2390702004650876
0.6306741064696124,1.0,0.2389907670122743
0.6308249132860805,1.0,0.2389691774130768
0.6309757201025487,1.0,0.2387795522098555
0.6311265269190167,1.0,0.2387237750965415
0.6312773337354849,1.0,0.2386011919038492
0.631428140551953,1.0,0.2385423130651937
0.631578947368421,1.0,0.2385395576341419
0.6317297541848892,1.0,0.2384988906877577
0.6318805610013573,1.0,0.2384525120768393
0.6320313678178253,1.0,0.2383956758612615
0.6321821746342935,1.0,0.2382827574911318
0.6323329814507616,1.0,0.2382114012518406
0.6324837882672297,1.0,0.2381388895482676
0.6326345950836978,1.0,0.2380057913936081
0.6327854019001659,1.0,0.2379052341991628
0.632936208716634,1.0,0.2377826434208267
0.6330870155331021,1.0,0.2374291556228808
0.6332378223495702,1.0,0.2374277318168616
0.6333886291660383,1.0,0.2373978305058498
0.6335394359825064,1.0,0.2373763254769129
0.6336902427989746,1.0,0.2373399606984876
0.6338410496154426,1.0,0.2373219895791676
0.6339918564319107,1.0,0.2371992821890749
0.6341426632483789,1.0,0.2371073529339063
0.6342934700648469,1.0,0.2370636880837939
0.634444276881315,1.0,0.2369790194307233
0.6345950836977832,1.0,0.2367908019444147
0.6347458905142512,1.0,0.2367714270506214
0.6348966973307193,1.0,0.2363178256541919
0.6350475041471875,1.0,0.2362895718731158
0.6351983109636555,1.0,0.2362357568013732
0.6353491177801237,1.0,0.2361783300361218
0.6354999245965918,1.0,0.2361310956565372
0.6356507314130598,1.0,0.2361238776257398
0.635801538229528,1.0,0.2360639860689175
0.6359523450459961,1.0,0.2358951054271303
0.6361031518624641,1.0,0.2357786725563891
0.6362539586789323,1.0,0.2357129507424297
0.6364047654954004,1.0,0.2356623858493913
0.6365555723118685,1.0,0.2355995951084432
0.6367063791283366,1.0,0.2355649546992954
0.6368571859448047,1.0,0.2354479398159746
0.6370079927612728,1.0,0.2354281013085049
0.6371587995777409,1.0,0.2353628603088903
0.637309606394209,1.0,0.2353271402461209
0.6374604132106771,1.0,0.2350530387228143
0.6376112200271452,1.0,0.2349883726246048
0.6377620268436134,1.0,0.2349263196756897
0.6379128336600814,1.0,0.2345252720832646
0.6380636404765495,1.0,0.2344955767393335
0.6382144472930177,1.0,0.2344485177021856
0.6383652541094857,1.0,0.2343399489884079
0.6385160609259538,1.0,0.2342343277435886
0.638666867742422,1.0,0.2341782925921003
0.63881767455889,1.0,0.2339928178785688
0.6389684813753582,1.0,0.2339465235660414
0.6391192881918263,1.0,0.2338985305366494
0.6392700950082943,1.0,0.2338336401514019
0.6394209018247625,1.0,0.2338284360997218
0.6395717086412306,1.0,0.2337992622927137
0.6397225154576986,1.0,0.233715194168374
0.6398733222741668,1.0,0.233694647473465
0.6400241290906349,1.0,0.2336867596508859
0.640174935907103,1.0,0.2336030132654305
0.6403257427235711,1.0,0.2334993426013348
0.6404765495400392,1.0,0.2334300509411579
0.6406273563565074,1.0,0.2334017467490247
0.6407781631729754,1.0,0.2332427270257562
0.6409289699894435,1.0,0.2331851934658456
0.6410797768059117,1.0,0.2331454149908186
0.6412305836223797,1.0,0.2331369012095176
0.6413813904388478,1.0,0.233127009230531
0.641532197255316,1.0,0.2327202279279347
0.641683004071784,1.0,0.2324453781622038
0.6418338108882522,1.0,0.2322866351102
0.6419846177047203,1.0,0.2322339019110905
0.6421354245211883,1.0,0.2322224352475486
0.6422862313376565,1.0,0.2321523656446548
0.6424370381541246,1.0,0.2320769791228916
0.6425878449705926,1.0,0.2320584798491208
0.6427386517870608,1.0,0.2320341707464042
0.6428894586035289,1.0,0.2319797081154153
0.643040265419997,1.0,0.2319650187789489
0.6431910722364651,1.0,0.2319221600495925
0.6433418790529332,1.0,0.2317972152502697
0.6434926858694013,1.0,0.2317434740495299
0.6436434926858694,1.0,0.2314738905580409
0.6437942995023375,1.0,0.2314212895332635
0.6439451063188056,1.0,0.2312609246477706
0.6440959131352737,1.0,0.2311400842849129
0.6442467199517418,1.0,0.2310555803992689
0.6443975267682099,1.0,0.2310158548636416
0.644548333584678,1.0,0.2308672124657567
0.6446991404011462,1.0,0.2308063552849775
0.6448499472176142,1.0,0.2307788597385651
0.6450007540340823,1.0,0.2306847186356802
0.6451515608505505,1.0,0.2306728912971495
0.6453023676670185,1.0,0.230608073340133
0.6454531744834866,1.0,0.2305406345159345
0.6456039812999548,1.0,0.2304175558900152
0.6457547881164228,1.0,0.2303343588049275
0.645905594932891,1.0,0.2301939507822103
0.6460564017493591,1.0,0.2301854441110417
0.6462072085658271,1.0,0.2299042718487257
0.6463580153822953,1.0,0.2297728800078182
0.6465088221987634,1.0,0.2296834452894431
0.6466596290152314,1.0,0.2296274956844916
0.6468104358316996,1.0,0.2294460554941567
0.6469612426481677,1.0,0.2292873259383379
0.6471120494646359,1.0,0.2292278217432374
0.6472628562811039,1.0,0.2292039852474894
0.647413663097572,1.0,0.2291116237353599
0.6475644699140402,1.0,0.2290643455990871
0.6477152767305082,1.0,0.2289529731285015
0.6478660835469763,1.0,0.2289253540525515
0.6480168903634445,1.0,0.2289069460414204
0.6481676971799125,1.0,0.2289030383729903
0.6483185039963807,1.0,0.2286637546882007
0.6484693108128488,1.0,0.2286373056479548
0.6486201176293168,1.0,0.2285778589657388
0.648770924445785,1.0,0.2285735209536479
0.648921731262253,1.0,0.2285638486356077
0.6490725380787211,1.0,0.2284535753014456
0.6492233448951893,1.0,0.2283958469569736
0.6493741517116574,1.0,0.2283465322517616
0.6495249585281254,1.0,0.2283139121982875
0.6496757653445936,1.0,0.2282380603466697
0.6498265721610617,1.0,0.2281447522644356
0.6499773789775298,1.0,0.2280930223870136
0.6501281857939979,1.0,0.2280553586117655
0.650278992610466,1.0,0.2280412173851042
0.6504297994269341,1.0,0.2280207046770059
0.6505806062434022,1.0,0.2279598038513861
0.6507314130598703,1.0,0.2279504312134128
0.6508822198763384,1.0,0.2279063699107247
0.6510330266928065,1.0,0.2277808254067768
0.6511838335092747,1.0,0.2277389897409526
0.6513346403257427,1.0,0.227636693216832
0.6514854471422108,1.0,0.2276026773528415
0.651636253958679,1.0,0.2275680856273615
0.651787060775147,1.0,0.2275585131906484
0.6519378675916151,1.0,0.2275163199964462
0.6520886744080833,1.0,0.22749664487076
0.6522394812245513,1.0,0.2272470067453313
0.6523902880410195,1.0,0.2270592336304339
0.6525410948574876,1.0,0.2270582064199102
0.6526919016739556,1.0,0.2269902333177275
0.6528427084904238,1.0,0.2269857221745445
0.6529935153068919,1.0,0.2269558178133754
0.6531443221233599,1.0,0.2266813279495597
0.6532951289398281,1.0,0.226667116792373
0.6534459357562962,1.0,0.2265497093530373
0.6535967425727643,1.0,0.2265462612662395
0.6537475493892324,1.0,0.2264042860469635
0.6538983562057005,1.0,0.2263115795869449
0.6540491630221686,1.0,0.2262489840763372
0.6541999698386367,1.0,0.226230391885306
0.6543507766551048,1.0,0.2261731504109344
0.654501583471573,1.0,0.2261195481968305
0.654652390288041,1.0,0.2260716049454333
0.6548031971045091,1.0,0.2258120817187816
0.6549540039209772,1.0,0.2256811707749874
0.6551048107374453,1.0,0.2256183150259626
0.6552556175539135,1.0,0.225474340049988
0.6554064243703815,1.0,0.2254408442708942
0.6555572311868496,1.0,0.2253711219748188
0.6557080380033178,1.0,0.2253148256351329
0.6558588448197858,1.0,0.2252799840511018
0.6560096516362539,1.0,0.2252619625199588
0.6561604584527221,1.0,0.2251872493261163
0.6563112652691901,1.0,0.225180200546234
0.6564620720856583,1.0,0.2245465317604092
0.6566128789021264,1.0,0.2244906275105888
0.6567636857185944,1.0,0.2240822841306956
0.6569144925350626,1.0,0.2239947332455571
0.6570652993515307,1.0,0.2239909663417781
0.6572161061679987,1.0,0.2239530346913053
0.6573669129844669,1.0,0.2239404995974118
0.657517719800935,1.0,0.2239204096323415
0.6576685266174032,1.0,0.2238523737621911
0.6578193334338712,1.0,0.2236659491000482
0.6579701402503393,1.0,0.223641210138431
0.6581209470668075,1.0,0.2235682595152239
0.6582717538832755,1.0,0.2235665366663424
0.6584225606997436,1.0,0.2234035403204649
0.6585733675162118,1.0,0.2233722996645374
0.6587241743326798,1.0,0.2232021020376616
0.6588749811491479,1.0,0.2230648062530096
0.6590257879656161,1.0,0.2230312656717247
0.6591765947820841,1.0,0.2230168142575687
0.6593274015985523,1.0,0.2230030705127325
0.6594782084150204,1.0,0.2228985494429423
0.6596290152314884,1.0,0.2227865406786164
0.6597798220479566,1.0,0.2227179958437133
0.6599306288644247,1.0,0.2226631983401324
0.6600814356808927,1.0,0.2226326420296613
0.6602322424973609,1.0,0.2224067268915236
0.660383049313829,1.0,0.2223658363367993
0.6605338561302971,1.0,0.2223224606972351
0.6606846629467652,1.0,0.2222968823020207
0.6608354697632333,1.0,0.2222056869196325
0.6609862765797014,1.0,0.2220655968829276
0.6611370833961695,1.0,0.2216126108038595
0.6612878902126376,1.0,0.2216046494063604
0.6614386970291057,1.0,0.2215819864307089
0.6615895038455738,1.0,0.2215527499784285
0.661740310662042,1.0,0.2214566509513961
0.66189111747851,1.0,0.2214420269303909
0.6620419242949781,1.0,0.2213014107994524
0.6621927311114463,1.0,0.2210993259086049
0.6623435379279143,1.0,0.221099229416672
0.6624943447443824,1.0,0.2210936093218391
0.6626451515608506,1.0,0.2210076156118252
0.6627959583773186,1.0,0.2209854819916411
0.6629467651937868,1.0,0.2209011497358308
0.6630975720102549,1.0,0.2208619642654961
0.6632483788267229,1.0,0.2208484362588
0.6633991856431911,1.0,0.2207792794908324
0.6635499924596592,1.0,0.220604114173627
0.6637007992761272,1.0,0.2203867755344444
0.6638516060925954,1.0,0.2202816651490125
0.6640024129090635,1.0,0.2201653210079804
0.6641532197255315,1.0,0.2200560032570906
0.6643040265419997,1.0,0.2200481111618253
0.6644548333584678,1.0,0.2200340629551242
0.664605640174936,1.0,0.2199768742137355
0.664756446991404,1.0,0.2199337811157738
0.6649072538078721,1.0,0.2198440283077675
0.6650580606243403,1.0,0.2197981037468337
0.6652088674408083,1.0,0.2197808568382235
0.6653596742572764,1.0,0.2197739676882432
0.6655104810737446,1.0,0.2194303897405622
0.6656612878902126,1.0,0.219405509913958
0.6658120947066808,1.0,0.2193176247219958
0.6659629015231489,1.0,0.2190543848412041
0.6661137083396169,1.0,0.2190437683305698
0.6662645151560851,1.0,0.2189646612508015
0.6664153219725532,1.0,0.218828161582425
0.6665661287890212,1.0,0.2187543235544724
0.6667169356054894,1.0,0.2187260898951436
0.6668677424219575,1.0,0.2186755690484365
0.6670185492384256,1.0,0.2182008362498211
0.6671693560548937,1.0,0.2180488618580608
0.6673201628713618,1.0,0.2179399884494964
0.6674709696878299,1.0,0.2177535920451787
0.667621776504298,1.0,0.2177523128258021
0.6677725833207661,1.0,0.2175870175444499
0.6679233901372342,1.0,0.2175477499246692
0.6680741969537023,1.0,0.2175205373735155
0.6682250037701705,1.0,0.2174751098168656
0.6683758105866385,1.0,0.2174623864400913
0.6685266174031066,1.0,0.2174233889223966
0.6686774242195748,1.0,0.217350957184652
0.6688282310360428,1.0,0.2173278338025796
0.6689790378525109,1.0,0.2172502551617371
0.6691298446689791,1.0,0.2172438769124536
0.6692806514854471,1.0,0.2166663904671251
0.6694314583019152,1.0,0.216332840682862
0.6695822651183834,1.0,0.2162558661072344
0.6697330719348514,1.0,0.2162414668919645
0.6698838787513196,1.0,0.2162383634371677
0.6700346855677877,1.0,0.216220921418762
0.6701854923842557,1.0,0.2162067151836059
0.6703362992007239,1.0,0.2161868201527506
0.670487106017192,1.0,0.2160766073791264
0.67063791283366,1.0,0.2160010226599317
0.6707887196501282,1.0,0.2159581916992916
0.6709395264665963,1.0,0.2158798277360112
0.6710903332830644,1.0,0.2157436846225416
0.6712411400995325,1.0,0.2157431806511791
0.6713919469160006,1.0,0.2157357520905176
0.6715427537324687,1.0,0.2156756211688154
0.6716935605489368,1.0,0.2154320326141058
0.6718443673654049,1.0,0.2153775965234786
0.671995174181873,1.0,0.215330142169568
0.6721459809983411,1.0,0.2153075964772857
0.6722967878148093,1.0,0.2152631311225245
0.6724475946312773,1.0,0.2152106373983401
0.6725984014477454,1.0,0.2151790458919862
0.6727492082642136,1.0,0.2151607960662113
0.6729000150806816,1.0,0.2150624885226574
0.6730508218971497,1.0,0.2147729043191603
0.6732016287136179,1.0,0.214667735312372
0.673352435530086,1.0,0.2146042148794675
0.673503242346554,1.0,0.2146006368537796
0.6736540491630222,1.0,0.2145905056527697
0.6738048559794902,1.0,0.214570142825955
0.6739556627959584,1.0,0.2145538063431589
0.6741064696124265,1.0,0.2145080876080162
0.6742572764288945,1.0,0.2144946239451035
0.6744080832453627,1.0,0.2144932103400609
0.6745588900618308,1.0,0.2143434095507979
0.6747096968782988,1.0,0.214342523775758
0.674860503694767,1.0,0.2142180795286409
0.6750113105112351,1.0,0.2142114586759664
0.6751621173277033,1.0,0.2141702545847391
0.6753129241441713,1.0,0.2140511811409952
0.6754637309606394,1.0,0.2140475938870213
0.6756145377771076,1.0,0.2138879819138997
0.6757653445935756,1.0,0.2138641368359482
0.6759161514100437,1.0,0.2138593007459497
0.6760669582265119,1.0,0.2136842109751794
0.6762177650429799,1.0,0.2136301253876308
0.6763685718594481,1.0,0.2136154915548194
0.6765193786759162,1.0,0.2135715199171373
0.6766701854923842,1.0,0.2135577439920802
0.6768209923088524,1.0,0.2134555134239557
0.6769717991253205,1.0,0.2134522582524092
0.6771226059417885,1.0,0.213437821684206
0.6772734127582567,1.0,0.2133684258452364
0.6774242195747248,1.0,0.2133376697272834
0.6775750263911929,1.0,0.2131532272084766
0.677725833207661,1.0,0.2131254991125815
0.6778766400241291,1.0,0.2129262200589931
0.6780274468405972,1.0,0.2128867253491456
0.6781782536570653,1.0,0.2128800091711626
0.6783290604735334,1.0,0.2128576196761641
0.6784798672900015,1.0,0.2128483572531952
0.6786306741064696,1.0,0.2127656318388175
0.6787814809229377,1.0,0.2127461958719009
0.6789322877394058,1.0,0.2123798298607727
0.6790830945558739,1.0,0.2122622099175014
0.6792339013723421,1.0,0.211993332976348
0.6793847081888101,1.0,0.2119081237476917
0.6795355150052782,1.0,0.2118983026705145
0.6796863218217464,1.0,0.2117267475403652
0.6798371286382144,1.0,0.2115641923743026
0.6799879354546825,1.0,0.2115135457862172
0.6801387422711507,1.0,0.2114010525904489
0.6802895490876187,1.0,0.2113137280026328
0.6804403559040869,1.0,0.2112477487119832
0.680591162720555,1.0,0.2108700425652664
0.680741969537023,1.0,0.210853329474348
0.6808927763534912,1.0,0.2106735195640116
0.6810435831699593,1.0,0.2106721868680851
0.6811943899864273,1.0,0.210570616096016
0.6813451968028955,1.0,0.2104929032711413
0.6814960036193636,1.0,0.2104426536708945
0.6816468104358318,1.0,0.2103689544124093
0.6817976172522998,1.0,0.2102577518226021
0.6819484240687679,1.0,0.2101100484727128
0.682099230885236,1.0,0.2099668171596968
0.6822500377017041,1.0,0.2099549654008509
0.6824008445181722,1.0,0.2099531487868398
0.6825516513346404,1.0,0.2099061195578203
0.6827024581511084,1.0,0.2098459196615232
0.6828532649675766,1.0,0.2096090446180274
0.6830040717840447,1.0,0.2094956578850368
0.6831548786005127,1.0,0.2094230463549427
0.6833056854169809,1.0,0.2094210177029115
0.683456492233449,1.0,0.2092921526027117
0.683607299049917,1.0,0.209131948659778
0.6837581058663852,1.0,0.2089729313862171
0.6839089126828533,1.0,0.208970234210237
0.6840597194993213,1.0,0.2089343458895834
0.6842105263157895,1.0,0.2088913913590383
0.6843613331322576,1.0,0.2088276292028235
0.6845121399487257,1.0,0.2087505730204766
0.6846629467651938,1.0,0.2085551384224173
0.6848137535816619,1.0,0.2085048946113296
0.68496456039813,1.0,0.2083989964474163
0.6851153672145981,1.0,0.2083793898848725
0.6852661740310662,1.0,0.2083717880194219
0.6854169808475343,1.0,0.2081645529635598
0.6855677876640024,1.0,0.2080961739381752
0.6857185944804706,1.0,0.2078854499413186
0.6858694012969386,1.0,0.2078355014304896
0.6860202081134067,1.0,0.2076762410785254
0.6861710149298749,1.0,0.2075571385595082
0.6863218217463429,1.0,0.2075032046131389
0.686472628562811,1.0,0.2073924795189508
0.6866234353792792,1.0,0.20734805340375
0.6867742421957472,1.0,0.2071327018871058
0.6869250490122154,1.0,0.2071226123211555
0.6870758558286835,1.0,0.2069261743035339
0.6872266626451515,1.0,0.2068777176565696
0.6873774694616197,1.0,0.2068527503931331
0.6875282762780878,1.0,0.2068345112106815
0.6876790830945558,1.0,0.2066656233977926
0.687829889911024,1.0,0.2066421126343354
0.6879806967274921,1.0,0.2065543232113256
0.6881315035439601,1.0,0.2064079895952469
0.6882823103604283,1.0,0.2063146292950086
0.6884331171768964,1.0,0.2063113287248525
0.6885839239933645,1.0,0.2061822945206313
0.6887347308098326,1.0,0.2061444166351871
0.6888855376263007,1.0,0.2060085493976829
0.6890363444427688,1.0,0.205959984044625
0.6891871512592369,1.0,0.2059482736702365
0.689337958075705,1.0,0.2057447957430054
0.6894887648921731,1.0,0.2056328651436493
0.6896395717086412,1.0,0.2055553278546025
0.6897903785251094,1.0,0.2055312765541964
0.6899411853415774,1.0,0.2055123485663234
0.6900919921580455,1.0,0.2054433318425592
0.6902427989745137,1.0,0.2053369178353698
0.6903936057909817,1.0,0.2052230274248106
0.6905444126074498,1.0,0.2050970992082617
0.690695219423918,1.0,0.2050804869330759
0.690846026240386,1.0,0.2050520180771498
0.6909968330568542,1.0,0.2050416336499512
0.6911476398733223,1.0,0.2049472529271077
0.6912984466897903,1.0,0.2049362799430216
0.6914492535062585,1.0,0.2048418031910661
0.6916000603227266,1.0,0.2046851610716293
0.6917508671391946,1.0,0.2045357544309505
0.6919016739556628,1.0,0.2044819071355577
0.6920524807721309,1.0,0.2044242394784866
0.6922032875885991,1.0,0.2043473681200233
0.6923540944050671,1.0,0.2042916820190465
0.6925049012215352,1.0,0.204278904138402
0.6926557080380034,1.0,0.2042034833325677
0.6928065148544714,1.0,0.204192144388322
0.6929573216709395,1.0,0.20410813600854
0.6931081284874077,1.0,0.2040191968783844
0.6932589353038757,1.0,0.2040127575777851
0.6934097421203438,1.0,0.2039504839949062
0.693560548936812,1.0,0.2039435413167531
0.69371135575328,1.0,0.2038694132057152
0.6938621625697482,1.0,0.2038671450956526
0.6940129693862163,1.0,0.2037928299798509
0.6941637762026843,1.0,0.2036770777036985
0.6943145830191525,1.0,0.203624167505693
0.6944653898356206,1.0,0.2035815062171221
0.6946161966520886,1.0,0.2034423758540682
0.6947670034685568,1.0,0.2033370883145264
0.6949178102850249,1.0,0.2032067824733948
0.695068617101493,1.0,0.2030091045157382
0.6952194239179611,1.0,0.2027180387163112
0.6953702307344292,1.0,0.2027071050536257
0.6955210375508973,1.0,0.2026816744421117
0.6956718443673654,1.0,0.2025339618282436
0.6958226511838335,1.0,0.2025264846713893
0.6959734580003016,1.0,0.2024032851315957
0.6961242648167697,1.0,0.20238228300642
0.6962750716332379,1.0,0.2023802990194524
0.6964258784497059,1.0,0.2023132143292981
0.696576685266174,1.0,0.2023105281874253
0.6967274920826422,1.0,0.2022940456166706
0.6968782988991102,1.0,0.2020880312861607
0.6970291057155783,1.0,0.2020293688183333
0.6971799125320465,1.0,0.2019667363276304
0.6973307193485145,1.0,0.2018823980251586
0.6974815261649827,1.0,0.2016835192125032
0.6976323329814508,1.0,0.2016304289072335
0.6977831397979188,1.0,0.2015816302105863
0.697933946614387,1.0,0.2014560570096279
0.6980847534308551,1.0,0.2012359822446875
0.6982355602473231,1.0,0.2011121135700279
0.6983863670637913,1.0,0.2010782968051004
0.6985371738802594,1.0,0.2009627379166482
0.6986879806967274,1.0,0.2009235954695113
0.6988387875131956,1.0,0.2009229704496453
0.6989895943296637,1.0,0.2008971194046838
0.6991404011461319,1.0,0.2008333396372568
0.6992912079625999,1.0,0.2007714021349989
0.699442014779068,1.0,0.2007573783770626
0.6995928215955362,1.0,0.2004649329032331
0.6997436284120042,1.0,0.2003002363133356
0.6998944352284723,1.0,0.2002791915223424
0.7000452420449405,1.0,0.20025561263348
0.7001960488614085,1.0,0.2001588899196192
0.7003468556778767,1.0,0.2000469357328947
0.7004976624943448,1.0,0.2000322092540474
0.7006484693108128,1.0,0.2000163928803924
0.700799276127281,1.0,0.1999590031441513
0.700950082943749,1.0,0.1999570643763898
0.7011008897602171,1.0,0.1999361573533753
0.7012516965766853,1.0,0.1998642471119769
0.7014025033931534,1.0,0.1998008080330328
0.7015533102096215,1.0,0.1995822169415022
0.7017041170260896,1.0,0.1993244804966046
0.7018549238425577,1.0,0.1993069750901816
0.7020057306590258,1.0,0.1992733608427098
0.7021565374754939,1.0,0.1991870236476035
0.702307344291962,1.0,0.1991307991288161
0.7024581511084301,1.0,0.1988359085148639
0.7026089579248982,1.0,0.1987745446672794
0.7027597647413663,1.0,0.1987448850784849
0.7029105715578344,1.0,0.1986542545544976
0.7030613783743025,1.0,0.1986278220675186
0.7032121851907707,1.0,0.1985942536709382
0.7033629920072387,1.0,0.1985490541491106
0.7035137988237068,1.0,0.198541967227144
0.703664605640175,1.0,0.1985034078002145
0.703815412456643,1.0,0.1983712365193227
0.7039662192731111,1.0,0.1982223002882621
0.7041170260895793,1.0,0.1981808494020194
0.7042678329060473,1.0,0.198149311810082
0.7044186397225155,1.0,0.1981330976037881
0.7045694465389836,1.0,0.1979996428810562
0.7047202533554516,1.0,0.1978934990198269
0.7048710601719198,1.0,0.1978201234651312
0.7050218669883879,1.0,0.1977179953639224
0.7051726738048559,1.0,0.1976664823624102
0.7053234806213241,1.0,0.1975979356186321
0.7054742874377922,1.0,0.1975967039590324
0.7056250942542603,1.0,0.1974200840891517
0.7057759010707284,1.0,0.1973778385673373
0.7059267078871965,1.0,0.1972859619240167
0.7060775147036646,1.0,0.1971940577779882
0.7062283215201327,1.0,0.1971110816901893
0.7063791283366008,1.0,0.1970483803725182
0.7065299351530689,1.0,0.1970190866452342
0.706680741969537,1.0,0.1969759054651353
0.7068315487860052,1.0,0.1969549988115673
0.7069823556024732,1.0,0.196954568145292
0.7071331624189413,1.0,0.1968890418557511
0.7072839692354095,1.0,0.1968146256802052
0.7074347760518775,1.0,0.1968081390849972
0.7075855828683456,1.0,0.1967873835741824
0.7077363896848138,1.0,0.1967267723768924
0.7078871965012818,1.0,0.1966948449553718
0.7080380033177499,1.0,0.1966748717590149
0.7081888101342181,1.0,0.1966482456668725
0.7083396169506861,1.0,0.1963368576595313
0.7084904237671543,1.0,0.1959514856198836
0.7086412305836224,1.0,0.1958622314841266
0.7087920374000904,1.0,0.1956943880951937
0.7089428442165586,1.0,0.195682750801274
0.7090936510330267,1.0,0.1956623128484206
0.7092444578494947,1.0,0.195527880639724
0.7093952646659629,1.0,0.1952882187195009
0.709546071482431,1.0,0.195208788845356
0.7096968782988992,1.0,0.1951778082865274
0.7098476851153672,1.0,0.1950876989093024
0.7099984919318353,1.0,0.1950512472388142
0.7101492987483035,1.0,0.1950104230352145
0.7103001055647715,1.0,0.1950019790673782
0.7104509123812396,1.0,0.1949743848352482
0.7106017191977078,1.0,0.1947869165474006
0.7107525260141758,1.0,0.1946948004864839
0.710903332830644,1.0,0.1945639351862716
0.7110541396471121,1.0,0.1944525085416834
0.7112049464635801,1.0,0.1943387419880865
0.7113557532800483,1.0,0.1942474967497079
0.7115065600965164,1.0,0.194067817708804
0.7116573669129844,1.0,0.1940394445753804
0.7118081737294526,1.0,0.1940186657032579
0.7119589805459207,1.0,0.1940140869417676
0.7121097873623888,1.0,0.1939539960748775
0.7122605941788569,1.0,0.1938426703390075
0.712411400995325,1.0,0.1938176188474277
0.7125622078117931,1.0,0.1937906053490185
0.7127130146282612,1.0,0.1937780553347535
0.7128638214447293,1.0,0.1937075357669322
0.7130146282611974,1.0,0.1935351255897552
0.7131654350776655,1.0,0.1934916911175261
0.7133162418941336,1.0,0.1929804972333416
0.7134670487106017,1.0,0.1928898316164574
0.7136178555270698,1.0,0.1928780825021774
0.713768662343538,1.0,0.1928395644184071
0.713919469160006,1.0,0.1928252610631899
0.7140702759764741,1.0,0.1928126519901171
0.7142210827929423,1.0,0.1927007206144717
0.7143718896094103,1.0,0.1926898710909483
0.7145226964258784,1.0,0.1925362270863105
0.7146735032423466,1.0,0.1925150202266841
0.7148243100588146,1.0,0.1924713139375425
0.7149751168752828,1.0,0.1923490488951086
0.7151259236917509,1.0,0.1920180519121527
0.7152767305082189,1.0,0.1920145546323686
0.7154275373246871,1.0,0.1919961341184442
0.7155783441411552,1.0,0.1919183115623013
0.7157291509576232,1.0,0.1919129619673859
0.7158799577740914,1.0,0.1918895801066152
0.7160307645905595,1.0,0.1918605435299317
0.7161815714070277,1.0,0.1918006367498893
0.7163323782234957,1.0,0.1917813997703384
0.7164831850399638,1.0,0.191681543614286
0.716633991856432,1.0,0.1916537337841598
0.7167847986729,1.0,0.1916268706508795
0.7169356054893681,1.0,0.1916215389619517
0.7170864123058363,1.0,0.1915402127610283
0.7172372191223043,1.0,0.191539978559904
0.7173880259387724,1.0,0.1914198060359884
0.7175388327552406,1.0,0.191257529634744
0.7176896395717086,1.0,0.1912405246934037
0.7178404463881768,1.0,0.1912357474574591
0.7179912532046449,1.0,0.1911783669184921
0.7181420600211129,1.0,0.1911304432712789
0.7182928668375811,1.0,0.1909011443899601
0.7184436736540492,1.0,0.1909003097536076
0.7185944804705172,1.0,0.1908696701781842
0.7187452872869854,1.0,0.1907840495340712
0.7188960941034535,1.0,0.1906946348468293
0.7190469009199216,1.0,0.1906785945550939
0.7191977077363897,1.0,0.1906053112573177
0.7193485145528578,1.0,0.1906043478593717
0.7194993213693259,1.0,0.1906025149872962
0.719650128185794,1.0,0.1905850481345755
0.719800935002262,1.0,0.190512804344002
0.7199517418187302,1.0,0.1904464729767157
0.7201025486351983,1.0,0.1903278762399047
0.7202533554516665,1.0,0.1902285066015761
0.7204041622681345,1.0,0.189881893733608
0.7205549690846026,1.0,0.1898108348557478
0.7207057759010708,1.0,0.1897450212024312
0.7208565827175388,1.0,0.1896498918345846
0.7210073895340069,1.0,0.1895241693907499
0.7211581963504751,1.0,0.1895012010254928
0.7213090031669431,1.0,0.1894082410990321
0.7214598099834113,1.0,0.1892671193784919
0.7216106167998794,1.0,0.1891259637632925
0.7217614236163474,1.0,0.1890744362056915
0.7219122304328156,1.0,0.1889143276068558
0.7220630372492837,1.0,0.1888163084158748
0.7222138440657517,1.0,0.1888030965116505
0.7223646508822199,1.0,0.1887801262456733
0.722515457698688,1.0,0.1887530281354872
0.722666264515156,1.0,0.1887320709267369
0.7228170713316242,1.0,0.1885551625230042
0.7229678781480923,1.0,0.1884954815745348
0.7231186849645604,1.0,0.1884944914112705
0.7232694917810285,1.0,0.1880300775116755
0.7234202985974966,1.0,0.1879976128304706
0.7235711054139647,1.0,0.1879619937655113
0.7237219122304328,1.0,0.1878072046727133
0.7238727190469009,1.0,0.1878023969468605
0.724023525863369,1.0,0.1876871000870771
0.7241743326798371,1.0,0.187612942275811
0.7243251394963053,1.0,0.1875366398535942
0.7244759463127733,1.0,0.187440988314753
0.7246267531292414,1.0,0.187191429634851
0.7247775599457096,1.0,0.1871874525204873
0.7249283667621776,1.0,0.1871360609270365
0.7250791735786457,1.0,0.187063617410473
0.7252299803951139,1.0,0.1870634036097247
0.725380787211582,1.0,0.1870585493049379
0.7255315940280501,1.0,0.1870550560240386
0.7256824008445182,1.0,0.1866990412533309
0.7258332076609862,1.0,0.1866525515825735
0.7259840144774544,1.0,0.1866062460471174
0.7261348212939225,1.0,0.1865388823579242
0.7262856281103905,1.0,0.1865107276327329
0.7264364349268587,1.0,0.1864000816046871
0.7265872417433268,1.0,0.1863757096267164
0.726738048559795,1.0,0.1862014056956119
0.726888855376263,1.0,0.1861243515258023
0.7270396621927311,1.0,0.1860958893047891
0.7271904690091993,1.0,0.1858780087727881
0.7273412758256673,1.0,0.1858509506311884
0.7274920826421354,1.0,0.185842533685707
0.7276428894586036,1.0,0.1858277621265997
0.7277936962750716,1.0,0.1855819855107568
0.7279445030915397,1.0,0.1855812493910385
0.7280953099080079,1.0,0.1855357446734191
0.7282461167244759,1.0,0.1854935429870959
0.7283969235409441,1.0,0.1853532858143924
0.7285477303574122,1.0,0.185147143278218
0.7286985371738802,1.0,0.1850526267073858
0.7288493439903484,1.0,0.1850432707318605
0.7290001508068165,1.0,0.1850136408889367
0.7291509576232845,1.0,0.1848555924083894
0.7293017644397527,1.0,0.1847828975449981
0.7294525712562208,1.0,0.184775628311692
0.7296033780726889,1.0,0.1847582725146928
0.729754184889157,1.0,0.1845739588875422
0.7299049917056251,1.0,0.1845343956176532
0.7300557985220932,1.0,0.1843914419081154
0.7302066053385613,1.0,0.1841631066603622
0.7303574121550294,1.0,0.184087889797994
0.7305082189714975,1.0,0.1840313948406012
0.7306590257879656,1.0,0.1839488159412693
0.7308098326044338,1.0,0.1839076526732638
0.7309606394209018,1.0,0.1838096369756935
0.7311114462373699,1.0,0.1836962291979591
0.7312622530538381,1.0,0.1835743436988456
0.7314130598703061,1.0,0.1834054990944948
0.7315638666867742,1.0,0.1833590720559977
0.7317146735032424,1.0,0.1832554370810445
0.7318654803197104,1.0,0.1832332314981863
0.7320162871361785,1.0,0.1829958520083253
0.7321670939526467,1.0,0.1828987932795588
0.7323179007691147,1.0,0.1827643300329423
0.7324687075855829,1.0,0.1827045175231009
0.732619514402051,1.0,0.1826887841429193
0.732770321218519,1.0,0.1826159470883996
0.7329211280349872,1.0,0.1824067048780614
0.7330719348514553,1.0,0.1823951641460504
0.7332227416679233,1.0,0.182359400720368
0.7333735484843915,1.0,0.1822753339000463
0.7335243553008596,1.0,0.1822347949338189
0.7336751621173278,1.0,0.1822286951523679
0.7338259689337958,1.0,0.1821297217920514
0.7339767757502639,1.0,0.1820015308049802
0.734127582566732,1.0,0.1818877371618473
0.7342783893832001,1.0,0.1817756776707906
0.7344291961996682,1.0,0.1817665449324018
0.7345800030161364,1.0,0.1817412232090413
0.7347308098326044,1.0,0.1817405757373985
0.7348816166490726,1.0,0.1817302334276068
0.7350324234655407,1.0,0.1817014292511969
0.7351832302820087,1.0,0.1815804247499776
0.7353340370984769,1.0,0.1815125707701639
0.735484843914945,1.0,0.181393501056396
0.735635650731413,1.0,0.1813378199323771
0.7357864575478812,1.0,0.1811859256282006
0.7359372643643493,1.0,0.1811816752207623
0.7360880711808174,1.0,0.1810063085182543
0.7362388779972855,1.0,0.180996634387437
0.7363896848137536,1.0,0.1809802464506186
0.7365404916302217,1.0,0.180976211719998
0.7366912984466898,1.0,0.1809441468923627
0.7368421052631579,1.0,0.1806565808362402
0.736992912079626,1.0,0.1804987593041423
0.7371437188960941,1.0,0.1804345456735704
0.7372945257125622,1.0,0.1802430072844698
0.7374453325290303,1.0,0.1800087296685565
0.7375961393454984,1.0,0.1799375666006653
0.7377469461619666,1.0,0.1799361837817855
0.7378977529784346,1.0,0.1798938881654762
0.7380485597949027,1.0,0.1797755326286274
0.7381993666113709,1.0,0.1796994366635894
0.7383501734278389,1.0,0.1795247335346193
0.738500980244307,1.0,0.1795156065105299
0.7386517870607752,1.0,0.1794839445440469
0.7388025938772432,1.0,0.1794444121904815
0.7389534006937114,1.0,0.179057994890327
0.7391042075101795,1.0,0.1790148534539835
0.7392550143266475,1.0,0.1789493182756848
0.7394058211431157,1.0,0.178907952237055
0.7395566279595838,1.0,0.1788856971256072
0.7397074347760518,1.0,0.1788672461580343
0.73985824159252,1.0,0.1788637050522402
0.7400090484089881,1.0,0.1786054413986045
0.7401598552254562,1.0,0.1785566746727534
0.7403106620419243,1.0,0.1784045644268087
0.7404614688583924,1.0,0.1783805819321809
0.7406122756748605,1.0,0.1781261065723089
0.7407630824913286,1.0,0.1781170066283616
0.7409138893077967,1.0,0.1780852497212403
0.7410646961242648,1.0,0.1779467332554231
0.7412155029407329,1.0,0.1779453526686688
0.7413663097572011,1.0,0.177823603539245
0.7415171165736691,1.0,0.1778101217670596
0.7416679233901372,1.0,0.1775384234672227
0.7418187302066054,1.0,0.1774489940617004
0.7419695370230734,1.0,0.1774063515148282
0.7421203438395415,1.0,0.1772591294773413
0.7422711506560097,1.0,0.1769746962603636
0.7424219574724777,1.0,0.1768048823111168
0.7425727642889458,1.0,0.1765807313025341
0.742723571105414,1.0,0.1765525958531081
0.742874377921882,1.0,0.1764873733665868
0.7430251847383502,1.0,0.176425300221453
0.7431759915548183,1.0,0.1762428843767202
0.7433267983712863,1.0,0.1761873505879528
0.7434776051877545,1.0,0.1760040512410667
0.7436284120042226,1.0,0.1759771215855294
0.7437792188206906,1.0,0.1758578614296161
0.7439300256371588,1.0,0.1758413791965043
0.7440808324536269,1.0,0.1754772970272837
0.7442316392700951,1.0,0.1753176169600349
0.7443824460865631,1.0,0.1752264368335729
0.7445332529030312,1.0,0.1752233169538797
0.7446840597194994,1.0,0.1751084206255129
0.7448348665359674,1.0,0.1750938607830717
0.7449856733524355,1.0,0.1750491042400335
0.7451364801689037,1.0,0.1749743721721106
0.7452872869853717,1.0,0.1749392426634347
0.7454380938018399,1.0,0.1749031880499159
0.745588900618308,1.0,0.17478723426945
0.745739707434776,1.0,0.1747230012331394
0.7458905142512442,1.0,0.1747008134978691
0.7460413210677123,1.0,0.1746045073529803
0.7461921278841803,1.0,0.1744949604081346
0.7463429347006485,1.0,0.1744849379026522
0.7464937415171166,1.0,0.1744576741187315
0.7466445483335846,1.0,0.1744004932908803
0.7467953551500528,1.0,0.1743553967035636
0.7469461619665209,1.0,0.1742990062250035
0.747096968782989,1.0,0.1742920895070004
0.7472477755994571,1.0,0.1741101861228537
0.7473985824159252,1.0,0.1740573314702582
0.7475493892323933,1.0,0.1739825711866466
0.7477001960488614,1.0,0.1737762062016664
0.7478510028653295,1.0,0.1736246398521704
0.7480018096817976,1.0,0.1736125300201043
0.7481526164982657,1.0,0.1735875140678903
0.7483034233147339,1.0,0.1735730660500201
0.7484542301312019,1.0,0.1734433534685486
0.74860503694767,1.0,0.1732945565482478
0.7487558437641382,1.0,0.1732885688435974
0.7489066505806062,1.0,0.1732782674965615
0.7490574573970743,1.0,0.173134335298711
0.7492082642135425,1.0,0.1730629699618938
0.7493590710300105,1.0,0.1730573984938354
0.7495098778464787,1.0,0.1727474046653509
0.7496606846629468,1.0,0.1725667912712566
0.7498114914794148,1.0,0.1725163893059747
0.749962298295883,1.0,0.1724688517264045
0.7501131051123511,1.0,0.1724412427115902
0.7502639119288191,1.0,0.1724343174942643
0.7504147187452873,1.0,0.1724079667423732
0.7505655255617554,1.0,0.1723627041988375
0.7507163323782235,1.0,0.1723146464319604
0.7508671391946916,1.0,0.172295697984557
0.7510179460111597,1.0,0.1722827368774528
0.7511687528276279,1.0,0.1722649423786851
0.7513195596440959,1.0,0.17220475889371
0.751470366460564,1.0,0.1722014436606628
0.7516211732770322,1.0,0.1721630050500345
0.7517719800935002,1.0,0.1721391093210933
0.7519227869099683,1.0,0.172124612084255
0.7520735937264365,1.0,0.1720059851525153
0.7522244005429045,1.0,0.1719322177873602
0.7523752073593727,1.0,0.1718819808122363
0.7525260141758408,1.0,0.171776774903505
0.7526768209923088,1.0,0.1717272773148754
0.752827627808777,1.0,0.1715973122528329
0.752978434625245,1.0,0.1713731672611954
0.7531292414417131,1.0,0.1710655769379251
0.7532800482581813,1.0,0.1710204282477574
0.7534308550746494,1.0,0.1707998417773738
0.7535816618911175,1.0,0.1707640189892157
0.7537324687075856,1.0,0.1706168429135167
0.7538832755240537,1.0,0.1705069939829469
0.7540340823405218,1.0,0.1704584772137414
0.7541848891569899,1.0,0.1704317673476566
0.754335695973458,1.0,0.1703102879538808
0.7544865027899261,1.0,0.170250722303036
0.7546373096063942,1.0,0.1702372557556085
0.7547881164228624,1.0,0.17003607101491
0.7549389232393304,1.0,0.1699890016015545
0.7550897300557985,1.0,0.1699749096197851
0.7552405368722667,1.0,0.1699053179534903
0.7553913436887347,1.0,0.1698891555990786
0.7555421505052028,1.0,0.1698245079362197
0.755692957321671,1.0,0.169760659544569
0.755843764138139,1.0,0.1695989332171468
0.7559945709546072,1.0,0.1695884896703073
0.7561453777710753,1.0,0.1695164883723006
0.7562961845875433,1.0,0.169277310256291
0.7564469914040115,1.0,0.1692761598933893
0.7565977982204796,1.0,0.1692124673027305
0.7567486050369476,1.0,0.1691708271549094
0.7568994118534158,1.0,0.1691573139873581
0.7570502186698839,1.0,0.1691228591196796
0.7572010254863519,1.0,0.169086726728035
0.7573518323028201,1.0,0.1689308032858338
0.7575026391192882,1.0,0.1689094931738671
0.7576534459357563,1.0,0.1687978601040766
0.7578042527522244,1.0,0.1687889914610741
0.7579550595686925,1.0,0.168680874421186
0.7581058663851606,1.0,0.168661547965609
0.7582566732016287,1.0,0.1686576642972098
0.7584074800180968,1.0,0.1686263466281265
0.7585582868345649,1.0,0.1686215230383714
0.758709093651033,1.0,0.1685169794811553
0.7588599004675012,1.0,0.1684196871184989
0.7590107072839692,1.0,0.1683773656850644
0.7591615141004373,1.0,0.1683005989872225
0.7593123209169055,1.0,0.1681173793170512
0.7594631277333735,1.0,0.1680952522483169
0.7596139345498416,1.0,0.1678746476799199
0.7597647413663098,1.0,0.1678329490793914
0.7599155481827778,1.0,0.167819402825442
0.760066354999246,1.0,0.1677965363819019
0.7602171618157141,1.0,0.167738527539327
0.7603679686321821,1.0,0.167702869400323
0.7605187754486503,1.0,0.1675869282561237
0.7606695822651184,1.0,0.1675068019236717
0.7608203890815864,1.0,0.1674948045949619
0.7609711958980546,1.0,0.1674712541931192
0.7611220027145227,1.0,0.1674625437644138
0.7612728095309907,1.0,0.167354276025889
0.7614236163474589,1.0,0.1671283294057319
0.761574423163927,1.0,0.1670880052751235
0.7617252299803952,1.0,0.1670355401249247
0.7618760367968632,1.0,0.1669443546331026
0.7620268436133313,1.0,0.1669102401907528
0.7621776504297995,1.0,0.1669017994459434
0.7623284572462675,1.0,0.1668435241794486
0.7624792640627356,1.0,0.166837487150476
0.7626300708792038,1.0,0.1668352399316639
0.7627808776956718,1.0,0.1668301544616242
0.76293168451214,1.0,0.1666752165939833
0.7630824913286081,1.0,0.1666721606454552
0.7632332981450761,1.0,0.1665595554263048
0.7633841049615443,1.0,0.1665247726206105
0.7635349117780124,1.0,0.1662430776054236
0.7636857185944804,1.0,0.1661143342699653
0.7638365254109486,1.0,0.1660306735315893
0.7639873322274167,1.0,0.1659670241682001
0.7641381390438848,1.0,0.1658449907597548
0.7642889458603529,1.0,0.1656255079998666
0.764439752676821,1.0,0.1654713133121948
0.7645905594932891,1.0,0.1653393359911225
0.7647413663097572,1.0,0.1653295128214496
0.7648921731262253,1.0,0.1652005051455794
0.7650429799426934,1.0,0.165178824726393
0.7651937867591615,1.0,0.1649280069876934
0.7653445935756297,1.0,0.1648909248075501
0.7654954003920977,1.0,0.1648331068625721
0.7656462072085658,1.0,0.1647652949759228
0.765797014025034,1.0,0.1646809142904237
0.765947820841502,1.0,0.1645749039123845
0.7660986276579701,1.0,0.1645438947088361
0.7662494344744383,1.0,0.1643765279457023
0.7664002412909063,1.0,0.1643688186419928
0.7665510481073744,1.0,0.1643625581993309
0.7667018549238426,1.0,0.164346422870588
0.7668526617403106,1.0,0.1643012145972254
0.7670034685567788,1.0,0.1642821382616331
0.7671542753732469,1.0,0.1642040554542008
0.7673050821897149,1.0,0.1641508171905097
0.7674558890061831,1.0,0.1639965929434493
0.7676066958226512,1.0,0.163953469007667
0.7677575026391192,1.0,0.1638846972317318
0.7679083094555874,1.0,0.1638677193563096
0.7680591162720555,1.0,0.1637995489049598
0.7682099230885236,1.0,0.1637549951968723
0.7683607299049917,1.0,0.163539629714375
0.7685115367214598,1.0,0.1635251255360673
0.768662343537928,1.0,0.1635242552553326
0.768813150354396,1.0,0.1634760941012245
0.7689639571708641,1.0,0.1634615369219694
0.7691147639873323,1.0,0.1634387731692225
0.7692655708038003,1.0,0.1634058342616212
0.7694163776202685,1.0,0.1634019902352542
0.7695671844367366,1.0,0.1633091944452445
0.7697179912532046,1.0,0.1631844345564699
0.7698687980696728,1.0,0.1631401611369365
0.7700196048861409,1.0,0.1630286615945382
0.7701704117026089,1.0,0.1629274121668835
0.7703212185190771,1.0,0.1627563950446444
0.7704720253355452,1.0,0.1627333699511669
0.7706228321520133,1.0,0.1627278409423339
0.7707736389684814,1.0,0.1626222175578947
0.7709244457849495,1.0,0.1626049215243278
0.7710752526014176,1.0,0.1625986869108027
0.7712260594178857,1.0,0.1625637468645644
0.7713768662343538,1.0,0.1624884835930791
0.7715276730508219,1.0,0.1624451030951181
0.77167847986729,1.0,0.16232390884465
0.771829286683758,1.0,0.1623162757093055
0.7719800935002262,1.0,0.1623053345426238
0.7721309003166943,1.0,0.1622540359946557
0.7722817071331625,1.0,0.1621718785372882
0.7724325139496305,1.0,0.1620191875220285
0.7725833207660986,1.0,0.1618644624774022
0.7727341275825668,1.0,0.1618289344634118
0.7728849343990348,1.0,0.1618079532428914
0.7730357412155029,1.0,0.1617938901796183
0.7731865480319711,1.0,0.1617766434520179
0.7733373548484391,1.0,0.1617655944320111
0.7734881616649073,1.0,0.1617594827624794
0.7736389684813754,1.0,0.161746079050936
0.7737897752978434,1.0,0.161616146892413
0.7739405821143116,1.0,0.161577480917141
0.7740913889307797,1.0,0.1615013367768549
0.7742421957472477,1.0,0.1614527481736435
0.7743930025637159,1.0,0.161275306705527
0.774543809380184,1.0,0.1612725925863333
0.7746946161966521,1.0,0.161229255959075
0.7748454230131202,1.0,0.1611429822115499
0.7749962298295883,1.0,0.161127962407123
0.7751470366460564,1.0,0.1610050021705212
0.7752978434625245,1.0,0.1609889505380501
0.7754486502789926,1.0,0.1609883047977868
0.7755994570954607,1.0,0.1609181038162957
0.7757502639119288,1.0,0.1609134236404509
0.7759010707283969,1.0,0.160823267510977
0.776051877544865,1.0,0.1607741609092634
0.7762026843613331,1.0,0.1607579718717553
0.7763534911778013,1.0,0.1604166787591098
0.7765042979942693,1.0,0.1601128987778546
0.7766551048107374,1.0,0.1600806167547956
0.7768059116272056,1.0,0.1600384822961362
0.7769567184436736,1.0,0.1599948676470627
0.7771075252601417,1.0,0.1599381635756026
0.7772583320766099,1.0,0.1599282425688855
0.7774091388930779,1.0,0.1598822068332851
0.7775599457095461,1.0,0.1598618271011152
0.7777107525260142,1.0,0.1597933486603954
0.7778615593424822,1.0,0.1597234529193798
0.7780123661589504,1.0,0.1595022911573647
0.7781631729754185,1.0,0.1593413101241021
0.7783139797918865,1.0,0.1593204281209523
0.7784647866083547,1.0,0.159307164431664
0.7786155934248228,1.0,0.1592537993473795
0.778766400241291,1.0,0.1592298206781828
0.778917207057759,1.0,0.1591884116245256
0.7790680138742271,1.0,0.1590589332737709
0.7792188206906953,1.0,0.1590575018346269
0.7793696275071633,1.0,0.1590484464919321
0.7795204343236314,1.0,0.1589439396599719
0.7796712411400996,1.0,0.158905957600019
0.7798220479565676,1.0,0.1588819637990214
0.7799728547730358,1.0,0.1586373119302226
0.7801236615895039,1.0,0.1586168939233547
0.7802744684059719,1.0,0.158585094462745
0.7804252752224401,1.0,0.1584637229071435
0.7805760820389082,1.0,0.1584564067483809
0.7807268888553762,1.0,0.1583677216491438
0.7808776956718444,1.0,0.1583348899125301
0.7810285024883125,1.0,0.1583182279671975
0.7811793093047805,1.0,0.1583020385686057
0.7813301161212487,1.0,0.1582285829763475
0.7814809229377168,1.0,0.1581459612818673
0.7816317297541849,1.0,0.1580027343451719
0.781782536570653,1.0,0.1579988730814918
0.7819333433871211,1.0,0.1579166923056627
0.7820841502035892,1.0,0.1577751361413297
0.7822349570200573,1.0,0.1576200187753613
0.7823857638365254,1.0,0.1571264077404072
0.7825365706529935,1.0,0.1570973083639343
0.7826873774694616,1.0,0.1570535672672411
0.7828381842859298,1.0,0.1568122517262127
0.7829889911023978,1.0,0.1564276342354047
0.7831397979188659,1.0,0.1564244352257108
0.7832906047353341,1.0,0.1563760499503002
0.7834414115518021,1.0,0.1561936460745406
0.7835922183682702,1.0,0.1561794529504149
0.7837430251847384,1.0,0.1561271332340688
0.7838938320012064,1.0,0.1561246413254387
0.7840446388176746,1.0,0.1561165042056057
0.7841954456341427,1.0,0.1558073386546949
0.7843462524506107,1.0,0.155793577435002
0.7844970592670789,1.0,0.1556056178669167
0.784647866083547,1.0,0.1555968002330352
0.784798672900015,1.0,0.1555260809530391
0.7849494797164832,1.0,0.1554555658647707
0.7851002865329513,1.0,0.1554122642137808
0.7852510933494194,1.0,0.1553752297315924
0.7854019001658875,1.0,0.1553193386503264
0.7855527069823556,1.0,0.1553106866130994
0.7857035137988237,1.0,0.1552688811519812
0.7858543206152918,1.0,0.1552391188899136
0.7860051274317599,1.0,0.1550193191854103
0.786155934248228,1.0,0.1550153396703511
0.7863067410646961,1.0,0.1550028117012671
0.7864575478811642,1.0,0.1549240791512879
0.7866083546976324,1.0,0.1547488582528413
0.7867591615141004,1.0,0.1545927305233982
0.7869099683305686,1.0,0.1544187862938763
0.7870607751470367,1.0,0.1543261672111353
0.7872115819635047,1.0,0.1542353561923898
0.7873623887799729,1.0,0.1541913987177808
0.787513195596441,1.0,0.1541847952195205
0.787664002412909,1.0,0.1539908939901132
0.7878148092293772,1.0,0.1539615263863687
0.7879656160458453,1.0,0.1538553199280353
0.7881164228623134,1.0,0.1537830007628565
0.7882672296787815,1.0,0.1536202801274789
0.7884180364952496,1.0,0.1535916727352314
0.7885688433117177,1.0,0.1535407951991433
0.7887196501281858,1.0,0.1533277078449051
0.7888704569446539,1.0,0.1533209489273878
0.789021263761122,1.0,0.153316811675578
0.7891720705775901,1.0,0.1532625659577064
0.7893228773940583,1.0,0.153232106795034
0.7894736842105263,1.0,0.1532266131533286
0.7896244910269944,1.0,0.153216574190034
0.7897752978434626,1.0,0.1531638640971905
0.7899261046599306,1.0,0.1531224019829715
0.7900769114763987,1.0,0.153121376039304
0.7902277182928669,1.0,0.152784912707157
0.7903785251093349,1.0,0.1527392766106948
0.790529331925803,1.0,0.1527340211459898
0.7906801387422712,1.0,0.1527338236823542
0.7908309455587392,1.0,0.1526699972221405
0.7909817523752074,1.0,0.1525840258996382
0.7911325591916755,1.0,0.1524918524113073
0.7912833660081435,1.0,0.1522629994534437
0.7914341728246117,1.0,0.1522055336823106
0.7915849796410798,1.0,0.152149628833511
0.7917357864575478,1.0,0.1520875700602565
0.791886593274016,1.0,0.1518893448558204
0.7920374000904841,1.0,0.1516767341521727
0.7921882069069522,1.0,0.1515770619539953
0.7923390137234203,1.0,0.1515571799687914
0.7924898205398884,1.0,0.1514916071217518
0.7926406273563565,1.0,0.151402364393774
0.7927914341728246,1.0,0.1513336105519148
0.7929422409892927,1.0,0.1513271106413306
0.7930930478057608,1.0,0.1513060845605004
0.7932438546222289,1.0,0.1512129010322856
0.7933946614386971,1.0,0.1511979095265601
0.7935454682551651,1.0,0.1511403238457206
0.7936962750716332,1.0,0.1510153277716761
0.7938470818881014,1.0,0.1510127018178303
0.7939978887045694,1.0,0.150957202781504
0.7941486955210375,1.0,0.150928696365835
0.7942995023375057,1.0,0.1508908017240292
0.7944503091539737,1.0,0.1508871174358253
0.7946011159704419,1.0,0.1507327619739185
0.79475192278691,1.0,0.1507063318605258
0.794902729603378,1.0,0.1506783676365213
0.7950535364198462,1.0,0.1506605733945051
0.7952043432363143,1.0,0.1505700384985905
0.7953551500527823,1.0,0.1505397306436152
0.7955059568692505,1.0,0.1505393082192451
0.7956567636857186,1.0,0.1503704940054214
0.7958075705021866,1.0,0.1503139038060313
0.7959583773186548,1.0,0.1501148483580504
0.7961091841351229,1.0,0.1499455379877054
0.7962599909515911,1.0,0.1498953690881745
0.7964107977680591,1.0,0.149852574742761
0.7965616045845272,1.0,0.1498064728001594
0.7967124114009954,1.0,0.1497836736172992
0.7968632182174634,1.0,0.1496497057518515
0.7970140250339315,1.0,0.1495255394467392
0.7971648318503997,1.0,0.1494909918335573
0.7973156386668677,1.0,0.1494774379129134
0.7974664454833359,1.0,0.1492711201601538
0.797617252299804,1.0,0.1491583587657015
0.797768059116272,1.0,0.148965264172657
0.7979188659327402,1.0,0.1488450999239338
0.7980696727492083,1.0,0.1488340746760313
0.7982204795656763,1.0,0.1486971788849631
0.7983712863821445,1.0,0.1486479596622555
0.7985220931986126,1.0,0.1486371380478021
0.7986729000150807,1.0,0.1486264170764384
0.7988237068315488,1.0,0.1486228523780439
0.7989745136480169,1.0,0.1485658439576881
0.799125320464485,1.0,0.1485198699332451
0.7992761272809531,1.0,0.1484811899895585
0.7994269340974212,1.0,0.1484654967820853
0.7995777409138893,1.0,0.1484046047387902
0.7997285477303574,1.0,0.1483730789798149
0.7998793545468256,1.0,0.1483413992662435
0.8000301613632936,1.0,0.1481669994574275
0.8001809681797617,1.0,0.1481245887639003
0.8003317749962299,1.0,0.1480890228389341
0.8004825818126979,1.0,0.1479432455163342
0.800633388629166,1.0,0.1479289622981759
0.8007841954456342,1.0,0.1478534114157044
0.8009350022621022,1.0,0.1477938168130514
0.8010858090785703,1.0,0.1475752704813709
0.8012366158950385,1.0,0.1475373457086225
0.8013874227115065,1.0,0.1475163671336846
0.8015382295279747,1.0,0.1471040342557767
0.8016890363444428,1.0,0.1469460857216468
0.8018398431609108,1.0,0.1467831472818851
0.801990649977379,1.0,0.1467160859724645
0.8021414567938471,1.0,0.1465976746642359
0.8022922636103151,1.0,0.1465504773738591
0.8024430704267833,1.0,0.1465244103452124
0.8025938772432514,1.0,0.1463122110251907
0.8027446840597195,1.0,0.1462586519909783
0.8028954908761876,1.0,0.1460976582117308
0.8030462976926557,1.0,0.1460750218443897
0.8031971045091238,1.0,0.1460665805287544
0.8033479113255919,1.0,0.1460497663641547
0.80349871814206,1.0,0.1460305441086941
0.8036495249585281,1.0,0.1460287756453065
0.8038003317749962,1.0,0.1459912699993491
0.8039511385914644,1.0,0.1458896845336306
0.8041019454079325,1.0,0.1458862549961136
0.8042527522244005,1.0,0.1458106068778234
0.8044035590408687,1.0,0.1458071315744506
0.8045543658573368,1.0,0.1458039843285013
0.8047051726738048,1.0,0.145718260617582
0.804855979490273,1.0,0.1456941166642338
0.805006786306741,1.0,0.1454408043782974
0.8051575931232091,1.0,0.145176431103633
0.8053083999396773,1.0,0.1451435637118302
0.8054592067561454,1.0,0.1449819224317859
0.8056100135726135,1.0,0.1449536405147465
0.8057608203890816,1.0,0.1449464565281302
0.8059116272055497,1.0,0.1446689378547935
0.8060624340220178,1.0,0.1445674687151899
0.8062132408384859,1.0,0.1445238744232939
0.806364047654954,1.0,0.1445035903184024
0.8065148544714221,1.0,0.1441973311908042
0.8066656612878902,1.0,0.1441005262469131
0.8068164681043584,1.0,0.1440675759309308
0.8069672749208264,1.0,0.1439931024101667
0.8071180817372945,1.0,0.1439554173162755
0.8072688885537627,1.0,0.1439486443999388
0.8074196953702307,1.0,0.1438515819140739
0.8075705021866988,1.0,0.1438169569596968
0.807721309003167,1.0,0.1437187155398415
0.807872115819635,1.0,0.1437183452726379
0.8080229226361032,1.0,0.14367710888478
0.8081737294525713,1.0,0.1434616121561776
0.8083245362690393,1.0,0.1434591067811002
0.8084753430855075,1.0,0.143393407820824
0.8086261499019756,1.0,0.1432165174715651
0.8087769567184436,1.0,0.1431917735553637
0.8089277635349118,1.0,0.1431601257286338
0.8090785703513799,1.0,0.1431202650708662
0.809229377167848,1.0,0.1430575482811921
0.8093801839843161,1.0,0.143036341859396
0.8095309908007842,1.0,0.143036071686665
0.8096817976172523,1.0,0.1430259652076114
0.8098326044337204,1.0,0.1426784254604489
0.8099834112501885,1.0,0.1425646146403381
0.8101342180666566,1.0,0.1424882482863926
0.8102850248831247,1.0,0.1423908320944497
0.8104358316995928,1.0,0.142241530681541
0.8105866385160609,1.0,0.1421229962233714
0.810737445332529,1.0,0.1421060295918982
0.8108882521489972,1.0,0.1421006861453695
0.8110390589654652,1.0,0.1420103534164722
0.8111898657819333,1.0,0.1419033657907797
0.8113406725984015,1.0,0.1417537695388099
0.8114914794148695,1.0,0.1417241878762447
0.8116422862313376,1.0,0.1416750020549277
0.8117930930478058,1.0,0.1416374096239705
0.8119438998642738,1.0,0.141583729650684
0.812094706680742,1.0,0.1415669792156744
0.8122455134972101,1.0,0.1413921315001082
0.8123963203136781,1.0,0.1412860786546034
0.8125471271301463,1.0,0.1412800598973131
0.8126979339466144,1.0,0.1412234630906998
0.8128487407630824,1.0,0.1412154391479004
0.8129995475795506,1.0,0.1411699147989826
0.8131503543960187,1.0,0.1411400523438206
0.8133011612124869,1.0,0.1410904126207836
0.8134519680289549,1.0,0.1410748410028559
0.813602774845423,1.0,0.1410744489836837
0.8137535816618912,1.0,0.1410648543070128
0.8139043884783592,1.0,0.1410268094459334
0.8140551952948273,1.0,0.1408638233351399
0.8142060021112955,1.0,0.1407631260582913
0.8143568089277635,1.0,0.1407355336119663
0.8145076157442317,1.0,0.1406832334910414
0.8146584225606998,1.0,0.1406675926397538
0.8148092293771678,1.0,0.1405420302442985
0.814960036193636,1.0,0.1405378265350436
0.8151108430101041,1.0,0.14042347751584
0.8152616498265721,1.0,0.1404224538162933
0.8154124566430403,1.0,0.1403670002009417
0.8155632634595084,1.0,0.1402359381519727
0.8157140702759764,1.0,0.1401923966362557
0.8158648770924446,1.0,0.1399681704181538
0.8160156839089127,1.0,0.1399317650684376
0.8161664907253808,1.0,0.139782885668134
0.8163172975418489,1.0,0.1397215562184003
0.816468104358317,1.0,0.1396911066247643
0.8166189111747851,1.0,0.1396585687930996
0.8167697179912532,1.0,0.1395818932765415
0.8169205248077213,1.0,0.1395570820970565
0.8170713316241894,1.0,0.1395317759880229
0.8172221384406575,1.0,0.1395119190972979
0.8173729452571257,1.0,0.1394792057750386
0.8175237520735937,1.0,0.1393053455341485
0.8176745588900618,1.0,0.1392931264647882
0.81782536570653,1.0,0.1392316049872862
0.817976172522998,1.0,0.1391531649538444
0.8181269793394661,1.0,0.1390675251308467
0.8182777861559343,1.0,0.1390567240727855
0.8184285929724023,1.0,0.1389819486514421
0.8185793997888705,1.0,0.1389477758611471
0.8187302066053386,1.0,0.1388732323005279
0.8188810134218066,1.0,0.1387672191384381
0.8190318202382748,1.0,0.1384853031546387
0.8191826270547429,1.0,0.1384322053090861
0.8193334338712109,1.0,0.138428919323652
0.8194842406876791,1.0,0.1384064558871219
0.8196350475041472,1.0,0.1383866612559953
0.8197858543206152,1.0,0.1383244395322506
0.8199366611370834,1.0,0.1383026053136027
0.8200874679535515,1.0,0.1382896168805402
0.8202382747700196,1.0,0.138245044694564
0.8203890815864877,1.0,0.1382319973969934
0.8205398884029558,1.0,0.1381155225142003
0.820690695219424,1.0,0.1380789236025581
0.820841502035892,1.0,0.1380401829168871
0.8209923088523601,1.0,0.1379069706621082
0.8211431156688282,1.0,0.1378084871498068
0.8212939224852963,1.0,0.1377818608247412
0.8214447293017645,1.0,0.1377678170252195
0.8215955361182326,1.0,0.1377635014673034
0.8217463429347006,1.0,0.1377497997541375
0.8218971497511688,1.0,0.1374426194975495
0.8220479565676369,1.0,0.1373642934367228
0.8221987633841049,1.0,0.1373306261301267
0.8223495702005731,1.0,0.1372723249673561
0.8225003770170412,1.0,0.1369905516356211
0.8226511838335093,1.0,0.136870328867105
0.8228019906499774,1.0,0.1367220439271751
0.8229527974664455,1.0,0.136633023001266
0.8231036042829136,1.0,0.1366195091217832
0.8232544110993817,1.0,0.1366085216362986
0.8234052179158498,1.0,0.1365932340244337
0.8235560247323179,1.0,0.1365898180001505
0.823706831548786,1.0,0.1365841024993097
0.8238576383652542,1.0,0.1365790111503432
0.8240084451817222,1.0,0.1365367064554325
0.8241592519981903,1.0,0.1361673806403378
0.8243100588146585,1.0,0.1361530073277897
0.8244608656311265,1.0,0.1358905971442133
0.8246116724475946,1.0,0.1357765434538386
0.8247624792640628,1.0,0.1353259901554037
0.8249132860805308,1.0,0.1353016792952997
0.8250640928969989,1.0,0.1351543412979486
0.8252148997134671,1.0,0.1349111804325166
0.8253657065299351,1.0,0.1348097082614743
0.8255165133464033,1.0,0.1347671583129185
0.8256673201628714,1.0,0.1346508244958907
0.8258181269793394,1.0,0.1346309486583454
0.8259689337958076,1.0,0.1345925174401761
0.8261197406122757,1.0,0.1345406441613967
0.8262705474287437,1.0,0.134483425238513
0.8264213542452119,1.0,0.1343854270538467
0.82657216106168,1.0,0.1343474689843614
0.8267229678781481,1.0,0.1343032225218955
0.8268737746946162,1.0,0.1342582364248922
0.8270245815110843,1.0,0.1341727380595123
0.8271753883275524,1.0,0.1341608983567123
0.8273261951440205,1.0,0.1341504233173442
0.8274770019604886,1.0,0.1339997685184849
0.8276278087769567,1.0,0.1338256397672162
0.8277786155934248,1.0,0.1338089010243829
0.827929422409893,1.0,0.1335810041778311
0.828080229226361,1.0,0.133570703561153
0.8282310360428291,1.0,0.1334591971422552
0.8283818428592973,1.0,0.1334024061703191
0.8285326496757653,1.0,0.1332902210455899
0.8286834564922334,1.0,0.1332855220579626
0.8288342633087016,1.0,0.1332830557978514
0.8289850701251696,1.0,0.1332283423979698
0.8291358769416378,1.0,0.1331674407329322
0.8292866837581059,1.0,0.1331048504267656
0.8294374905745739,1.0,0.1328909053213609
0.8295882973910421,1.0,0.1328731698982591
0.8297391042075102,1.0,0.1327838987316274
0.8298899110239782,1.0,0.1327255149224279
0.8300407178404464,1.0,0.1327177732560566
0.8301915246569145,1.0,0.1326932951348383
0.8303423314733825,1.0,0.132675739305297
0.8304931382898507,1.0,0.132375052568232
0.8306439451063188,1.0,0.1323501403769736
0.830794751922787,1.0,0.1322327605362573
0.830945558739255,1.0,0.1321466454120188
0.8310963655557231,1.0,0.132118345179567
0.8312471723721913,1.0,0.1320742059945541
0.8313979791886593,1.0,0.132025287405761
0.8315487860051274,1.0,0.1320227257693573
0.8316995928215956,1.0,0.1320121688767269
0.8318503996380636,1.0,0.1319847731527559
0.8320012064545318,1.0,0.1319548066420396
0.8321520132709999,1.0,0.1319189779476389
0.8323028200874679,1.0,0.1318163391744657
0.8324536269039361,1.0,0.1318068317882813
0.8326044337204042,1.0,0.1317548005631973
0.8327552405368722,1.0,0.1316522046476294
0.8329060473533404,1.0,0.1314281936714525
0.8330568541698085,1.0,0.1314221896776133
0.8332076609862766,1.0,0.1313962619657377
0.8333584678027447,1.0,0.1312712734559472
0.8335092746192128,1.0,0.1311727150099815
0.8336600814356809,1.0,0.1311633135531457
0.833810888252149,1.0,0.1311510172807633
0.8339616950686171,1.0,0.131068587262076
0.8341125018850852,1.0,0.1310559475562092
0.8342633087015533,1.0,0.1310465512632711
0.8344141155180214,1.0,0.1310196281068801
0.8345649223344895,1.0,0.1309651536836605
0.8347157291509576,1.0,0.1308496410809493
0.8348665359674258,1.0,0.1308357458573773
0.8350173427838938,1.0,0.1307831872251781
0.8351681496003619,1.0,0.1306672953345621
0.8353189564168301,1.0,0.1305048863324654
0.8354697632332981,1.0,0.1304994772662658
0.8356205700497662,1.0,0.130492727694287
0.8357713768662344,1.0,0.1304206585912318
0.8359221836827024,1.0,0.130210929087755
0.8360729904991706,1.0,0.1301968489318011
0.8362237973156387,1.0,0.1301408625832656
0.8363746041321067,1.0,0.1301230699463622
0.8365254109485749,1.0,0.1300804428419122
0.836676217765043,1.0,0.1300523746039051
0.836827024581511,1.0,0.1298217504746876
0.8369778313979792,1.0,0.1297895719419404
0.8371286382144473,1.0,0.1296603679966444
0.8372794450309154,1.0,0.1296531824519531
0.8374302518473835,1.0,0.1295140384535339
0.8375810586638516,1.0,0.1294691031306898
0.8377318654803197,1.0,0.129266705752138
0.8378826722967878,1.0,0.1292558466669849
0.8380334791132559,1.0,0.1292123682758505
0.838184285929724,1.0,0.1289691645818227
0.8383350927461921,1.0,0.1289074476685006
0.8384858995626603,1.0,0.1288901629620548
0.8386367063791283,1.0,0.128831138898587
0.8387875131955964,1.0,0.128614000738805
0.8389383200120646,1.0,0.1285810898649399
0.8390891268285326,1.0,0.1284888540665375
0.8392399336450007,1.0,0.1284657207570566
0.8393907404614689,1.0,0.1284147199994271
0.839541547277937,1.0,0.1283059458466988
0.839692354094405,1.0,0.1282309614507296
0.8398431609108732,1.0,0.1280644339343601
0.8399939677273413,1.0,0.1277732593328052
0.8401447745438094,1.0,0.1277183058894968
0.8402955813602775,1.0,0.1276944365893358
0.8404463881767456,1.0,0.1275926196622869
0.8405971949932137,1.0,0.127564672231858
0.8407480018096818,1.0,0.1274580502697496
0.8408988086261499,1.0,0.1273930010653248
0.841049615442618,1.0,0.1273761269926051
0.8412004222590861,1.0,0.1273276098153511
0.8413512290755543,1.0,0.1272567279550759
0.8415020358920223,1.0,0.127156519726253
0.8416528427084904,1.0,0.1271117682963415
0.8418036495249586,1.0,0.127027196822971
0.8419544563414266,1.0,0.1269949895042869
0.8421052631578947,1.0,0.1268535463710784
0.8422560699743629,1.0,0.1268078382441041
0.8424068767908309,1.0,0.1266625455735905
0.8425576836072991,1.0,0.1266275335481259
0.8427084904237672,1.0,0.1266090587528442
0.8428592972402352,1.0,0.1263896287532873
0.8430101040567034,1.0,0.1259161838554116
0.8431609108731715,1.0,0.1258544169070065
0.8433117176896395,1.0,0.1258150564106195
0.8434625245061077,1.0,0.1256061561121574
0.8436133313225758,1.0,0.1255669472608228
0.8437641381390439,1.0,0.1254693530596483
0.843914944955512,1.0,0.1254150781453079
0.8440657517719801,1.0,0.1253719505921262
0.8442165585884482,1.0,0.1252443087414551
0.8443673654049163,1.0,0.1251934248412596
0.8445181722213844,1.0,0.1250883306677007
0.8446689790378525,1.0,0.1249875668168274
0.8448197858543206,1.0,0.1249846545195966
0.8449705926707887,1.0,0.1249494161125793
0.8451213994872568,1.0,0.1249281787204826
0.8452722063037249,1.0,0.1248646669059877
0.8454230131201931,1.0,0.1247877459899095
0.8455738199366611,1.0,0.1247567120396503
0.8457246267531292,1.0,0.1245740356401478
0.8458754335695974,1.0,0.124363648888256
0.8460262403860654,1.0,0.1243426984115914
0.8461770472025335,1.0,0.1242636257776865
0.8463278540190017,1.0,0.1242340302503677
0.8464786608354697,1.0,0.1241630231574564
0.8466294676519379,1.0,0.1241028660256919
0.846780274468406,1.0,0.1239492376702294
0.846931081284874,1.0,0.1239132724718977
0.8470818881013422,1.0,0.1237303971045268
0.8472326949178103,1.0,0.1235307795660162
0.8473835017342783,1.0,0.1234828725965131
0.8475343085507465,1.0,0.1234470960390266
0.8476851153672146,1.0,0.1234222509387684
0.8478359221836828,1.0,0.1233968915233951
0.8479867290001508,1.0,0.1233686664365246
0.8481375358166189,1.0,0.1232072164854187
0.8482883426330871,1.0,0.1231705416226614
0.8484391494495551,1.0,0.1231699574361817
0.8485899562660232,1.0,0.12308517741833
0.8487407630824914,1.0,0.123083061409855
0.8488915698989594,1.0,0.1230086649897735
0.8490423767154275,1.0,0.122847471403887
0.8491931835318957,1.0,0.1228385725218531
0.8493439903483637,1.0,0.1227763095420422
0.8494947971648319,1.0,0.122670260204134
0.8496456039813,1.0,0.1225963622402203
0.849796410797768,1.0,0.1225318128274825
0.8499472176142362,1.0,0.1224966232425771
0.8500980244307043,1.0,0.1221877477938212
0.8502488312471723,1.0,0.12215283288708
0.8503996380636405,1.0,0.1220776700438353
0.8505504448801086,1.0,0.1220499286389291
0.8507012516965767,1.0,0.1220167605166678
0.8508520585130448,1.0,0.1219481015135891
0.8510028653295129,1.0,0.1218352022286694
0.851153672145981,1.0,0.1217191386792813
0.8513044789624491,1.0,0.1216495056399614
0.8514552857789172,1.0,0.1213830564952069
0.8516060925953853,1.0,0.121210882026221
0.8517568994118534,1.0,0.1210926789781803
0.8519077062283216,1.0,0.1209934505374894
0.8520585130447896,1.0,0.1209384971511567
0.8522093198612577,1.0,0.1209096272859825
0.8523601266777259,1.0,0.1208977497829909
0.8525109334941939,1.0,0.1207301289660289
0.852661740310662,1.0,0.120656737213303
0.8528125471271302,1.0,0.1206202421417642
0.8529633539435982,1.0,0.1205580183311112
0.8531141607600664,1.0,0.1204423971778451
0.8532649675765345,1.0,0.1204146922297706
0.8534157743930025,1.0,0.1202391512769275
0.8535665812094707,1.0,0.1202109604776678
0.8537173880259388,1.0,0.1200872897206647
0.8538681948424068,1.0,0.1199627073001369
0.854019001658875,1.0,0.1199407976681813
0.8541698084753431,1.0,0.119765566059763
0.8543206152918111,1.0,0.1196165014769798
0.8544714221082793,1.0,0.1194857059769963
0.8546222289247474,1.0,0.119433291881672
0.8547730357412155,1.0,0.119432488382166
0.8549238425576836,1.0,0.1193428190047639
0.8550746493741517,1.0,0.1189474031549109
0.8552254561906198,1.0,0.1188795147996047
0.8553762630070879,1.0,0.1188322957313996
0.855527069823556,1.0,0.1188148212174609
0.8556778766400241,1.0,0.1187428742305411
0.8558286834564922,1.0,0.1187145225002845
0.8559794902729604,1.0,0.1185198360500788
0.8561302970894284,1.0,0.118446839829723
0.8562811039058965,1.0,0.1184397597705597
0.8564319107223647,1.0,0.1183322218678769
0.8565827175388327,1.0,0.1182406467608212
0.8567335243553008,1.0,0.1182061642445081
0.856884331171769,1.0,0.1180719138301135
0.857035137988237,1.0,0.1180578626394489
0.8571859448047052,1.0,0.1180409892520212
0.8573367516211733,1.0,0.1180084867808216
0.8574875584376414,1.0,0.1179727865591853
0.8576383652541095,1.0,0.1179039046794961
0.8577891720705776,1.0,0.1178465772443096
0.8579399788870457,1.0,0.1176893199969816
0.8580907857035138,1.0,0.1175437436666937
0.8582415925199819,1.0,0.1175211073566683
0.8583923993364501,1.0,0.1174791807376798
0.8585432061529181,1.0,0.1174507836134824
0.8586940129693862,1.0,0.1174458089398869
0.8588448197858544,1.0,0.1173791532850339
0.8589956266023224,1.0,0.1173379675991247
0.8591464334187905,1.0,0.1171978375892089
0.8592972402352587,1.0,0.1168664104241566
0.8594480470517267,1.0,0.1168088269307987
0.8595988538681948,1.0,0.1166904019036261
0.859749660684663,1.0,0.1165372795893655
0.859900467501131,1.0,0.1163691971712672
0.8600512743175992,1.0,0.1162893347998691
0.8602020811340673,1.0,0.1162563981994788
0.8603528879505353,1.0,0.1161693676425241
0.8605036947670035,1.0,0.1158698604623968
0.8606545015834716,1.0,0.1158628530410622
0.8608053083999396,1.0,0.1158371607871345
0.8609561152164078,1.0,0.1156431797629507
0.8611069220328759,1.0,0.1155908789648925
0.861257728849344,1.0,0.1154692428093084
0.8614085356658121,1.0,0.1154388633025981
0.8615593424822802,1.0,0.1154336307200772
0.8617101492987483,1.0,0.1154095257719719
0.8618609561152164,1.0,0.1153260026757748
0.8620117629316845,1.0,0.1152199173464424
0.8621625697481526,1.0,0.115159067760465
0.8623133765646207,1.0,0.1149521227932921
0.8624641833810889,1.0,0.1148027537915997
0.8626149901975569,1.0,0.1147019879969023
0.862765797014025,1.0,0.1146944236384714
0.8629166038304932,1.0,0.1145462955226667
0.8630674106469612,1.0,0.1145437072970884
0.8632182174634293,1.0,0.1145096204753334
0.8633690242798975,1.0,0.1144620655453022
0.8635198310963655,1.0,0.1143997051877537
0.8636706379128336,1.0,0.1143905810452078
0.8638214447293018,1.0,0.1142847566305896
0.8639722515457698,1.0,0.1138350695455453
0.864123058362238,1.0,0.1136618646193312
0.8642738651787061,1.0,0.1136149293250086
0.8644246719951741,1.0,0.1136020787008164
0.8645754788116423,1.0,0.1134907196931279
0.8647262856281104,1.0,0.1133640934248107
0.8648770924445784,1.0,0.1133558666588301
0.8650278992610466,1.0,0.1133408899891263
0.8651787060775147,1.0,0.1133188635830007
0.8653295128939829,1.0,0.1130959495946793
0.8654803197104509,1.0,0.1130559851483073
0.865631126526919,1.0,0.1130046863156732
0.8657819333433872,1.0,0.1129473113117615
0.8659327401598552,1.0,0.1129144205442038
0.8660835469763233,1.0,0.1128532183548337
0.8662343537927915,1.0,0.1128362852932289
0.8663851606092595,1.0,0.1128285690266196
0.8665359674257277,1.0,0.1127506022032295
0.8666867742421958,1.0,0.1127481838133696
0.8668375810586638,1.0,0.1126760921148027
0.866988387875132,1.0,0.1126276895217876
0.8671391946916001,1.0,0.1125194213974473
0.8672900015080681,1.0,0.1122765187711681
0.8674408083245363,1.0,0.1121969481244651
0.8675916151410044,1.0,0.1121963591353054
0.8677424219574725,1.0,0.1121439688198417
0.8678932287739406,1.0,0.1121367666235418
0.8680440355904087,1.0,0.112028109489757
0.8681948424068768,1.0,0.1119445099552046
0.8683456492233449,1.0,0.111817615056231
0.868496456039813,1.0,0.1118164472077038
0.8686472628562811,1.0,0.1117778079311518
0.8687980696727492,1.0,0.1116145067276334
0.8689488764892173,1.0,0.111550917687564
0.8690996833056854,1.0,0.1115435965592774
0.8692504901221535,1.0,0.1113762552292759
0.8694012969386217,1.0,0.1111848700539275
0.8695521037550897,1.0,0.1111795873108726
0.8697029105715578,1.0,0.1111229209880581
0.869853717388026,1.0,0.1110928207655568
0.870004524204494,1.0,0.1108638686060112
0.8701553310209621,1.0,0.1107997393182486
0.8703061378374303,1.0,0.1107737677429715
0.8704569446538983,1.0,0.1106419988829017
0.8706077514703665,1.0,0.1106145624179264
0.8707585582868346,1.0,0.110568203122023
0.8709093651033026,1.0,0.1104623098703195
0.8710601719197708,1.0,0.1103415843478422
0.8712109787362389,1.0,0.1102534151458073
0.8713617855527069,1.0,0.1102432545997783
0.8715125923691751,1.0,0.1102091056721894
0.8716633991856432,1.0,0.1101753423697459
0.8718142060021113,1.0,0.1101367523451001
0.8719650128185794,1.0,0.1101195437733957
0.8721158196350475,1.0,0.1099872157657806
0.8722666264515156,1.0,0.1098530726228166
0.8724174332679837,1.0,0.1097223060881702
0.8725682400844518,1.0,0.1097154549728124
0.87271904690092,1.0,0.1096643870759505
0.872869853717388,1.0,0.1096636922323038
0.8730206605338562,1.0,0.1095286779843219
0.8731714673503242,1.0,0.1094597193106084
0.8733222741667923,1.0,0.1093452478918453
0.8734730809832605,1.0,0.1092703873519534
0.8736238877997285,1.0,0.1092444111598942
0.8737746946161966,1.0,0.1091690821771699
0.8739255014326648,1.0,0.1090290072148873
0.8740763082491328,1.0,0.1088454976392919
0.8742271150656009,1.0,0.1087679762926849
0.8743779218820691,1.0,0.1087157190161723
0.8745287286985371,1.0,0.1086041429952061
0.8746795355150053,1.0,0.1085810630072756
0.8748303423314734,1.0,0.1085636131601432
0.8749811491479415,1.0,0.1085328673019337
0.8751319559644096,1.0,0.1084464475988978
0.8752827627808777,1.0,0.1084448259556301
0.8754335695973458,1.0,0.108433089269916
0.8755843764138139,1.0,0.1082832907928692
0.875735183230282,1.0,0.1082808618339145
0.8758859900467502,1.0,0.1082748179846959
0.8760367968632182,1.0,0.1082572572691738
0.8761876036796863,1.0,0.1082406847301969
0.8763384104961545,1.0,0.108202257888533
0.8764892173126225,1.0,0.1081333062479221
0.8766400241290906,1.0,0.108125666238514
0.8767908309455588,1.0,0.1078701433102267
0.8769416377620268,1.0,0.1077433896455077
0.877092444578495,1.0,0.1077248459305278
0.8772432513949631,1.0,0.1077231310354242
0.8773940582114311,1.0,0.107708931357477
0.8775448650278993,1.0,0.1075697793240072
0.8776956718443674,1.0,0.1074088203038881
0.8778464786608354,1.0,0.1073782322307385
0.8779972854773036,1.0,0.107225043577764
0.8781480922937717,1.0,0.1071652531526726
0.8782988991102397,1.0,0.1071284578553981
0.8784497059267079,1.0,0.1070366713508594
0.878600512743176,1.0,0.1070251064219544
0.8787513195596441,1.0,0.1069604661770246
0.8789021263761122,1.0,0.1067545782900462
0.8790529331925803,1.0,0.1065993205546437
0.8792037400090484,1.0,0.106455503799849
0.8793545468255165,1.0,0.1064082201852916
0.8795053536419846,1.0,0.1063609804635355
0.8796561604584527,1.0,0.1062920385279737
0.8798069672749208,1.0,0.1062680707390967
0.879957774091389,1.0,0.1060263003317218
0.880108580907857,1.0,0.1057970426513324
0.8802593877243251,1.0,0.1057958459924822
0.8804101945407933,1.0,0.1057395072528806
0.8805610013572613,1.0,0.1056785678623102
0.8807118081737294,1.0,0.1051286291703625
0.8808626149901976,1.0,0.1050689138047599
0.8810134218066656,1.0,0.1049440216482769
0.8811642286231338,1.0,0.104938805391395
0.8813150354396019,1.0,0.1049153623019821
0.8814658422560699,1.0,0.1047901822289519
0.8816166490725381,1.0,0.1047802634845755
0.8817674558890062,1.0,0.1045704577523348
0.8819182627054742,1.0,0.1045590676503345
0.8820690695219424,1.0,0.1045439274254964
0.8822198763384105,1.0,0.1045398275161574
0.8823706831548787,1.0,0.1044683488586426
0.8825214899713467,1.0,0.1043856404232891
0.8826722967878148,1.0,0.1043849350050965
0.882823103604283,1.0,0.1043562176979902
0.882973910420751,1.0,0.104350387059408
0.8831247172372191,1.0,0.1043250031627419
0.8832755240536873,1.0,0.10426550073671
0.8834263308701553,1.0,0.1042493657113889
0.8835771376866234,1.0,0.104178002776105
0.8837279445030916,1.0,0.1040859584060221
0.8838787513195596,1.0,0.1039450124467592
0.8840295581360278,1.0,0.1038485547528805
0.8841803649524959,1.0,0.103791657089761
0.8843311717689639,1.0,0.103747287691058
0.8844819785854321,1.0,0.1037008436990458
0.8846327854019002,1.0,0.1036156024540584
0.8847835922183682,1.0,0.1035986177978733
0.8849343990348364,1.0,0.1035400121092256
0.8850852058513045,1.0,0.1030882332406473
0.8852360126677726,1.0,0.1030856961427905
0.8853868194842407,1.0,0.1030329750791025
0.8855376263007088,1.0,0.1028651464179396
0.8856884331171769,1.0,0.1026426547831145
0.885839239933645,1.0,0.1025960932278393
0.8859900467501131,1.0,0.1024897759282076
0.8861408535665812,1.0,0.1024748740153094
0.8862916603830493,1.0,0.1020864590465082
0.8864424671995175,1.0,0.1020023124608888
0.8865932740159855,1.0,0.1019352064945211
0.8867440808324536,1.0,0.1019165121364709
0.8868948876489218,1.0,0.1018973266976942
0.8870456944653898,1.0,0.1018329796448517
0.8871965012818579,1.0,0.1018243111830145
0.8873473080983261,1.0,0.1015440583352027
0.8874981149147941,1.0,0.1015118596570055
0.8876489217312623,1.0,0.1014287384464832
0.8877997285477304,1.0,0.1013960266121693
0.8879505353641984,1.0,0.10137784013182
0.8881013421806666,1.0,0.1010629615196204
0.8882521489971347,1.0,0.101026325355366
0.8884029558136027,1.0,0.1009849891758603
0.8885537626300709,1.0,0.1005789331760965
0.888704569446539,1.0,0.100492070382313
0.888855376263007,1.0,0.1000720946116393
0.8890061830794752,1.0,0.0999858729090126
0.8891569898959433,1.0,0.0998834093034371
0.8893077967124114,1.0,0.099860200028552
0.8894586035288795,1.0,0.0998149179264237
0.8896094103453476,1.0,0.0997697596932161
0.8897602171618157,1.0,0.0997390509455495
0.8899110239782838,1.0,0.0997231571845694
0.8900618307947519,1.0,0.0996931142533834
0.89021263761122,1.0,0.0996402297196809
0.8903634444276881,1.0,0.0996139115035155
0.8905142512441563,1.0,0.0994128674090999
0.8906650580606243,1.0,0.0993993300593691
0.8908158648770924,1.0,0.0993710679097593
0.8909666716935606,1.0,0.0992449597632044
0.8911174785100286,1.0,0.0990886426471697
0.8912682853264967,1.0,0.0990643241084465
0.8914190921429649,1.0,0.0990015907375126
0.891569898959433,1.0,0.0989900259550822
0.8917207057759011,1.0,0.0988538926811674
0.8918715125923692,1.0,0.0988058180918637
0.8920223194088372,1.0,0.0987750945336192
0.8921731262253054,1.0,0.0987273930999188
0.8923239330417735,1.0,0.0985657646057159
0.8924747398582416,1.0,0.0984137002688841
0.8926255466747097,1.0,0.0983617079198646
0.8927763534911778,1.0,0.0983516985193781
0.8929271603076459,1.0,0.0983454399818346
0.893077967124114,1.0,0.0982828571778795
0.8932287739405821,1.0,0.098272913958166
0.8933795807570503,1.0,0.09825307693877
0.8935303875735183,1.0,0.098227395457115
0.8936811943899864,1.0,0.0982189828363118
0.8938320012064546,1.0,0.0981682628966275
0.8939828080229226,1.0,0.0981295556804396
0.8941336148393907,1.0,0.0980148502340357
0.8942844216558589,1.0,0.0979881268538073
0.8944352284723269,1.0,0.0979626716885315
0.8945860352887951,1.0,0.0978572523314279
0.8947368421052632,1.0,0.0978299150044017
0.8948876489217312,1.0,0.0976747706006646
0.8950384557381994,1.0,0.0975805107255591
0.8951892625546675,1.0,0.0975063463142985
0.8953400693711355,1.0,0.0974170996941032
0.8954908761876037,1.0,0.0973559522213181
0.8956416830040718,1.0,0.0972353005071227
0.8957924898205399,1.0,0.0971911378101091
0.895943296637008,1.0,0.097114640080434
0.8960941034534761,1.0,0.0967439608369234
0.8962449102699442,1.0,0.0966489281116469
0.8963957170864123,1.0,0.0965000555930508
0.8965465239028804,1.0,0.0964072290672017
0.8966973307193485,1.0,0.096385822834414
0.8968481375358166,1.0,0.0963558723151942
0.8969989443522848,1.0,0.0962003411215405
0.8971497511687528,1.0,0.0960384024754144
0.8973005579852209,1.0,0.0957985507174645
0.8974513648016891,1.0,0.0957729487543639
0.8976021716181571,1.0,0.0957248633597993
0.8977529784346252,1.0,0.0955751576437604
0.8979037852510934,1.0,0.0952867550610443
0.8980545920675614,1.0,0.0952588546195397
0.8982053988840295,1.0,0.0951994293130471
0.8983562057004977,1.0,0.0951718661382841
0.8985070125169657,1.0,0.0950308909509675
0.8986578193334339,1.0,0.0949880767763072
0.898808626149902,1.0,0.0948335796874439
0.89895943296637,1.0,0.0944516618637252
0.8991102397828382,1.0,0.0944495480010885
0.8992610465993063,1.0,0.0943562802078256
0.8994118534157743,1.0,0.094302786619308
0.8995626602322425,1.0,0.0942057691015774
0.8997134670487106,1.0,0.09409269569112
0.8998642738651788,1.0,0.0940608684882592
0.9000150806816468,1.0,0.093633002398364
0.9001658874981149,1.0,0.0934247719059409
0.900316694314583,1.0,0.0934066853153536
0.9004675011310511,1.0,0.0933390244316071
0.9006183079475192,1.0,0.0933375838258784
0.9007691147639874,1.0,0.0931909023288369
0.9009199215804554,1.0,0.0931380984620187
0.9010707283969236,1.0,0.0931142921025831
0.9012215352133917,1.0,0.0930690853354298
0.9013723420298597,1.0,0.0930535003823793
0.9015231488463279,1.0,0.0930343620432267
0.901673955662796,1.0,0.0926706101302641
0.901824762479264,1.0,0.092659670949221
0.9019755692957322,1.0,0.0925715100684548
0.9021263761122003,1.0,0.092349942032043
0.9022771829286684,1.0,0.0923434286322158
0.9024279897451365,1.0,0.0923247056353466
0.9025787965616046,1.0,0.092191385944616
0.9027296033780727,1.0,0.0920741097531944
0.9028804101945408,1.0,0.0918805211718903
0.9030312170110089,1.0,0.0918493298578415
0.903182023827477,1.0,0.0918270939744291
0.9033328306439451,1.0,0.0917588403796436
0.9034836374604132,1.0,0.0915683893903583
0.9036344442768813,1.0,0.0915118648580443
0.9037852510933494,1.0,0.0914798430905152
0.9039360579098176,1.0,0.0913909429134515
0.9040868647262856,1.0,0.0913548815784063
0.9042376715427537,1.0,0.0912712606725117
0.9043884783592219,1.0,0.0911059463413331
0.9045392851756899,1.0,0.0910609898153371
0.904690091992158,1.0,0.0910535633177317
0.9048408988086262,1.0,0.0908775793344981
0.9049917056250942,1.0,0.0908538297263681
0.9051425124415624,1.0,0.0907697618006758
0.9052933192580305,1.0,0.0907154264255128
0.9054441260744985,1.0,0.0906188324782819
0.9055949328909667,1.0,0.090459659370087
0.9057457397074348,1.0,0.0904034094074774
0.9058965465239028,1.0,0.0903686791986101
0.906047353340371,1.0,0.0903074453205165
0.9061981601568391,1.0,0.0902528189269438
0.9063489669733072,1.0,0.0902395007557889
0.9064997737897753,1.0,0.090136554118791
0.9066505806062434,1.0,0.0899984009906272
0.9068013874227115,1.0,0.0899929701175758
0.9069521942391796,1.0,0.0898933333478543
0.9071030010556477,1.0,0.0897092953735441
0.9072538078721158,1.0,0.0894801929089272
0.9074046146885839,1.0,0.0894449935973453
0.907555421505052,1.0,0.0893394496556564
0.9077062283215201,1.0,0.0892858430063147
0.9078570351379882,1.0,0.0890915853678803
0.9080078419544564,1.0,0.0890559729690115
0.9081586487709244,1.0,0.0887457433179629
0.9083094555873925,1.0,0.0886283770362117
0.9084602624038607,1.0,0.0886149534095785
0.9086110692203287,1.0,0.0886051822289129
0.9087618760367968,1.0,0.0884290245259529
0.908912682853265,1.0,0.0884113799027997
0.909063489669733,1.0,0.0882508611380258
0.9092142964862012,1.0,0.0879910547000605
0.9093651033026693,1.0,0.087941659644799
0.9095159101191373,1.0,0.0878096555249839
0.9096667169356055,1.0,0.0874262459391649
0.9098175237520736,1.0,0.0873956375221124
0.9099683305685417,1.0,0.0873645694445906
0.9101191373850098,1.0,0.0873115828189348
0.9102699442014779,1.0,0.0871176370705159
0.9104207510179461,1.0,0.0870639426544054
0.9105715578344141,1.0,0.0870376654737797
0.9107223646508822,1.0,0.0869480322758883
0.9108731714673504,1.0,0.0869269290144698
0.9110239782838184,1.0,0.0868835116748043
0.9111747851002865,1.0,0.0867583442844157
0.9113255919167547,1.0,0.0867191921126974
0.9114763987332227,1.0,0.0866778236273638
0.9116272055496909,1.0,0.0866495856899651
0.911778012366159,1.0,0.0863829405302331
0.911928819182627,1.0,0.0863365316094147
0.9120796259990952,1.0,0.086170638532471
0.9122304328155633,1.0,0.0861551978155564
0.9123812396320313,1.0,0.0861266219970202
0.9125320464484995,1.0,0.0860882357422372
0.9126828532649676,1.0,0.0860846742393531
0.9128336600814356,1.0,0.0859545058012288
0.9129844668979038,1.0,0.0858078509032057
0.9131352737143719,1.0,0.0857192888515294
0.91328608053084,1.0,0.0856865586174365
0.9134368873473081,1.0,0.0854300415593874
0.9135876941637762,1.0,0.0854262159897888
0.9137385009802443,1.0,0.0850510506314835
0.9138893077967124,1.0,0.0846783265924444
0.9140401146131805,1.0,0.0846590689562106
0.9141909214296486,1.0,0.0846556854676178
0.9143417282461167,1.0,0.0846299181086406
0.9144925350625849,1.0,0.0846102827493532
0.9146433418790529,1.0,0.0844822030318727
0.914794148695521,1.0,0.084451014992531
0.9149449555119892,1.0,0.0843095586737147
0.9150957623284572,1.0,0.0842553095286586
0.9152465691449253,1.0,0.0842268256638182
0.9153973759613935,1.0,0.0839404390340788
0.9155481827778615,1.0,0.0837976616479677
0.9156989895943297,1.0,0.083547034574051
0.9158497964107978,1.0,0.0834753302013427
0.9160006032272658,1.0,0.0834587558856299
0.916151410043734,1.0,0.0834426766167069
0.9163022168602021,1.0,0.0834068356205993
0.9164530236766701,1.0,0.0833801891577779
0.9166038304931383,1.0,0.0832541950116758
0.9167546373096064,1.0,0.0830922107656936
0.9169054441260746,1.0,0.0828721830623172
0.9170562509425426,1.0,0.0828569888204202
0.9172070577590107,1.0,0.0828312326968944
0.9173578645754789,1.0,0.08282424445842
0.9175086713919469,1.0,0.0827101897852867
0.917659478208415,1.0,0.0825840786498822
0.9178102850248832,1.0,0.0825033219320096
0.9179610918413512,1.0,0.0824192007383406
0.9181118986578193,1.0,0.0823597717990118
0.9182627054742875,1.0,0.0822995425909097
0.9184135122907555,1.0,0.082291066702066
0.9185643191072237,1.0,0.0821953930442143
0.9187151259236918,1.0,0.0818995718193396
0.9188659327401598,1.0,0.0818542015501895
0.919016739556628,1.0,0.0817679963200355
0.9191675463730961,1.0,0.0817282020809258
0.9193183531895641,1.0,0.0816402776080768
0.9194691600060323,1.0,0.0814334840320394
0.9196199668225004,1.0,0.081399461030129
0.9197707736389685,1.0,0.0813915976687112
0.9199215804554366,1.0,0.0813527020458975
0.9200723872719047,1.0,0.0812641109637946
0.9202231940883728,1.0,0.0811804990372909
0.9203740009048409,1.0,0.0811592358810554
0.920524807721309,1.0,0.0811526028726203
0.9206756145377771,1.0,0.0811269351269532
0.9208264213542452,1.0,0.0809894196587919
0.9209772281707134,1.0,0.0809367917521483
0.9211280349871814,1.0,0.0809257766834898
0.9212788418036495,1.0,0.0805970631870974
0.9214296486201177,1.0,0.0805926742042116
0.9215804554365857,1.0,0.0804184442977282
0.9217312622530538,1.0,0.0803835924889832
0.921882069069522,1.0,0.0803128284182996
0.92203287588599,1.0,0.0802738008405388
0.9221836827024581,1.0,0.0802549099514774
0.9223344895189263,1.0,0.0800589999494989
0.9224852963353943,1.0,0.0798737707529315
0.9226361031518625,1.0,0.0798541462589831
0.9227869099683306,1.0,0.0797605850613033
0.9229377167847986,1.0,0.07974896635723
0.9230885236012668,1.0,0.0795944643152505
0.9232393304177349,1.0,0.0794121670646326
0.9233901372342029,1.0,0.0793978202120629
0.9235409440506711,1.0,0.0793402704641988
0.9236917508671392,1.0,0.0792281535250653
0.9238425576836073,1.0,0.0791756368014366
0.9239933645000754,1.0,0.0791734498269815
0.9241441713165435,1.0,0.0791719845028423
0.9242949781330116,1.0,0.0789983314306668
0.9244457849494797,1.0,0.0787492782428253
0.9245965917659478,1.0,0.0787025212215721
0.924747398582416,1.0,0.0785553048868005
0.924898205398884,1.0,0.0785038290838803
0.9250490122153522,1.0,0.0784219335975262
0.9251998190318202,1.0,0.0784071881919346
0.9253506258482883,1.0,0.0783264052831511
0.9255014326647565,1.0,0.078235927150626
0.9256522394812245,1.0,0.0779782547075066
0.9258030462976926,1.0,0.0779437071907843
0.9259538531141608,1.0,0.0779425544931213
0.9261046599306288,1.0,0.077902163111045
0.926255466747097,1.0,0.0779008446751904
0.9264062735635651,1.0,0.0776702698103473
0.9265570803800331,1.0,0.0775452896006529
0.9267078871965013,1.0,0.0775400034761098
0.9268586940129694,1.0,0.07736941437431
0.9270095008294374,1.0,0.0773688187443701
0.9271603076459056,1.0,0.0771227114729905
0.9273111144623737,1.0,0.077104801492926
0.9274619212788417,1.0,0.0770454114384218
0.9276127280953099,1.0,0.0770196057309393
0.927763534911778,1.0,0.0769552558376755
0.9279143417282462,1.0,0.0768347019827218
0.9280651485447142,1.0,0.0767628912682917
0.9282159553611823,1.0,0.076756839838049
0.9283667621776505,1.0,0.076746672585729
0.9285175689941185,1.0,0.0766411922123281
0.9286683758105866,1.0,0.0765745323307366
0.9288191826270548,1.0,0.0764942080525886
0.9289699894435228,1.0,0.0764735431333457
0.929120796259991,1.0,0.0764572759346813
0.9292716030764591,1.0,0.076120404301409
0.9294224098929271,1.0,0.0760492791781907
0.9295732167093953,1.0,0.0760179345404359
0.9297240235258634,1.0,0.0759940890928188
0.9298748303423314,1.0,0.0758808378172835
0.9300256371587996,1.0,0.0756736875555719
0.9301764439752677,1.0,0.0755205053752399
0.9303272507917358,1.0,0.0754781793833114
0.9304780576082039,1.0,0.075397847880806
0.930628864424672,1.0,0.0753936860562952
0.9307796712411401,1.0,0.075375461765477
0.9309304780576082,1.0,0.075249001796171
0.9310812848740763,1.0,0.0752443868348027
0.9312320916905444,1.0,0.0750653948807083
0.9313828985070125,1.0,0.07494455496582
0.9315337053234807,1.0,0.0747481212683904
0.9316845121399487,1.0,0.0746356031363482
0.9318353189564168,1.0,0.0745437322021079
0.931986125772885,1.0,0.0745213457344505
0.932136932589353,1.0,0.0745116903078067
0.9322877394058211,1.0,0.07446268056412
0.9324385462222893,1.0,0.0744120281490955
0.9325893530387573,1.0,0.0744096874158382
0.9327401598552254,1.0,0.0743974551504405
0.9328909666716936,1.0,0.0740966825450517
0.9330417734881616,1.0,0.0739104421642267
0.9331925803046298,1.0,0.0738822587497236
0.9333433871210979,1.0,0.0738636883628172
0.9334941939375659,1.0,0.0738185054260932
0.9336450007540341,1.0,0.0736949325621728
0.9337958075705022,1.0,0.0736774667255376
0.9339466143869702,1.0,0.0736452900519626
0.9340974212034384,1.0,0.0736450237457723
0.9342482280199065,1.0,0.0735424149701608
0.9343990348363747,1.0,0.0735145449106963
0.9345498416528427,1.0,0.0732371336839147
0.9347006484693108,1.0,0.0730501180913815
0.934851455285779,1.0,0.0728540225635735
0.935002262102247,1.0,0.0726504281256357
0.9351530689187151,1.0,0.0726246373618615
0.9353038757351833,1.0,0.0724862121031602
0.9354546825516513,1.0,0.0722315497984003
0.9356054893681195,1.0,0.0720058398241475
0.9357562961845876,1.0,0.0715726308268742
0.9359071030010556,1.0,0.0714223624471271
0.9360579098175238,1.0,0.0713996745805657
0.9362087166339919,1.0,0.0713734270864176
0.9363595234504599,1.0,0.0712445707219816
0.9365103302669281,1.0,0.0712025282266331
0.9366611370833962,1.0,0.0711635429101988
0.9368119438998642,1.0,0.0711358475593898
0.9369627507163324,1.0,0.0711036961831851
0.9371135575328005,1.0,0.0710361856624288
0.9372643643492686,1.0,0.070940039456681
0.9374151711657367,1.0,0.0707375534033934
0.9375659779822048,1.0,0.0707248064774068
0.9377167847986729,1.0,0.0706914814821382
0.937867591615141,1.0,0.0705744457509891
0.9380183984316091,1.0,0.0704850937529526
0.9381692052480772,1.0,0.0704562028123149
0.9383200120645453,1.0,0.0704159456925068
0.9384708188810135,1.0,0.0703981822921655
0.9386216256974815,1.0,0.0703606445241213
0.9387724325139496,1.0,0.0703004461675115
0.9389232393304178,1.0,0.0702629771300706
0.9390740461468858,1.0,0.0701270714644407
0.9392248529633539,1.0,0.070034049406141
0.9393756597798221,1.0,0.0698071624133391
0.9395264665962901,1.0,0.0697727749919293
0.9396772734127583,1.0,0.0696724659347314
0.9398280802292264,1.0,0.0687370401802768
0.9399788870456944,1.0,0.0687175086518852
0.9401296938621626,1.0,0.0685956205544506
0.9402805006786307,1.0,0.0685460432277854
0.9404313074950987,1.0,0.0685372898067377
0.9405821143115669,1.0,0.0684691923442488
0.940732921128035,1.0,0.0684485362926562
0.9408837279445031,1.0,0.0683208299191794
0.9410345347609712,1.0,0.068308743250703
0.9411853415774393,1.0,0.0681859240039986
0.9413361483939074,1.0,0.0681657916549854
0.9414869552103755,1.0,0.0680702184015248
0.9416377620268436,1.0,0.0678817349441253
0.9417885688433117,1.0,0.0676855350964289
0.9419393756597798,1.0,0.0675346710004028
0.9420901824762479,1.0,0.0674487516980392
0.942240989292716,1.0,0.0674451963340377
0.9423917961091841,1.0,0.0674217605751843
0.9425426029256523,1.0,0.0673849304321862
0.9426934097421203,1.0,0.0672788541656335
0.9428442165585884,1.0,0.0672292049077877
0.9429950233750566,1.0,0.0671231680137988
0.9431458301915246,1.0,0.067059920988653
0.9432966370079927,1.0,0.0669805250043429
0.9434474438244609,1.0,0.0669757250599278
0.943598250640929,1.0,0.0668706648171285
0.9437490574573971,1.0,0.0668229582896773
0.9438998642738652,1.0,0.066788026561837
0.9440506710903332,1.0,0.0667436531953536
0.9442014779068014,1.0,0.0667069683323892
0.9443522847232695,1.0,0.0666019414963064
0.9445030915397375,1.0,0.0665203487743734
0.9446538983562057,1.0,0.066313519061101
0.9448047051726738,1.0,0.0663073030358483
0.944955511989142,1.0,0.0662129001188581
0.94510631880561,1.0,0.0661983511257422
0.9452571256220781,1.0,0.0661589093287989
0.9454079324385463,1.0,0.0660835149943455
0.9455587392550143,1.0,0.0659869652013379
0.9457095460714824,1.0,0.0657481403724163
0.9458603528879506,1.0,0.0657323970542817
0.9460111597044186,1.0,0.0656449139536351
0.9461619665208868,1.0,0.0655668598259439
0.9463127733373549,1.0,0.0649635237984698
0.9464635801538229,1.0,0.0648994284679504
0.9466143869702911,1.0,0.0648931020790376
0.9467651937867592,1.0,0.0648760656990429
0.9469160006032272,1.0,0.0648356643467995
0.9470668074196954,1.0,0.064751975400787
0.9472176142361635,1.0,0.0646689425104085
0.9473684210526315,1.0,0.0645250484680344
0.9475192278690997,1.0,0.0642291665286975
0.9476700346855678,1.0,0.0640703545666833
0.9478208415020359,1.0,0.0640094040779043
0.947971648318504,1.0,0.0639915025991205
0.9481224551349721,1.0,0.0638380725235975
0.9482732619514402,1.0,0.063747300954752
0.9484240687679083,1.0,0.0634968633156236
0.9485748755843764,1.0,0.0631525036895099
0.9487256824008445,1.0,0.0631193928970995
0.9488764892173126,1.0,0.0630481502477617
0.9490272960337808,1.0,0.062991437375988
0.9491781028502488,1.0,0.0626541298331048
0.9493289096667169,1.0,0.0625505302076643
0.9494797164831851,1.0,0.0624930814666723
0.9496305232996531,1.0,0.062478821127953
0.9497813301161212,1.0,0.0623709042522264
0.9499321369325894,1.0,0.0622446068190785
0.9500829437490574,1.0,0.0620471838923572
0.9502337505655256,1.0,0.0620464805345282
0.9503845573819937,1.0,0.0619419522090954
0.9505353641984617,1.0,0.0618721517663727
0.9506861710149299,1.0,0.061797737106835
0.950836977831398,1.0,0.061328944654061
0.950987784647866,1.0,0.0612143261907506
0.9511385914643342,1.0,0.061138850889497
0.9512893982808023,1.0,0.0610924033288596
0.9514402050972703,1.0,0.061055001941139
0.9515910119137385,1.0,0.0604990626509372
0.9517418187302066,1.0,0.0603838775161038
0.9518926255466748,1.0,0.0600509753260583
0.9520434323631428,1.0,0.0600503977130256
0.9521942391796109,1.0,0.0598655459796183
0.952345045996079,1.0,0.0597492322663244
0.9524958528125471,1.0,0.0596703161342996
0.9526466596290152,1.0,0.0592994555210761
0.9527974664454834,1.0,0.0592735583376079
0.9529482732619514,1.0,0.0591694981262266
0.9530990800784196,1.0,0.0591027398392281
0.9532498868948877,1.0,0.0590972125022739
0.9534006937113557,1.0,0.0590734297391995
0.9535515005278239,1.0,0.0590583527629681
0.953702307344292,1.0,0.058876155350512
0.95385311416076,1.0,0.0588250423969641
0.9540039209772282,1.0,0.0587962716687299
0.9541547277936963,1.0,0.0587588930614994
0.9543055346101644,1.0,0.0587375553698587
0.9544563414266325,1.0,0.0586152005870058
0.9546071482431006,1.0,0.0584629343534317
0.9547579550595687,1.0,0.05832269021284
0.9549087618760368,1.0,0.0582996955737629
0.9550595686925049,1.0,0.0581835708426871
0.955210375508973,1.0,0.0581212449884564
0.9553611823254411,1.0,0.058119034475669
0.9555119891419093,1.0,0.05804404448045
0.9556627959583773,1.0,0.0578544991243377
0.9558136027748454,1.0,0.0578027082756411
0.9559644095913136,1.0,0.057690417197063
0.9561152164077816,1.0,0.0574933435253538
0.9562660232242497,1.0,0.0573964727963477
0.9564168300407179,1.0,0.0573780859707955
0.9565676368571859,1.0,0.057347276093274
0.956718443673654,1.0,0.0573108890678885
0.9568692504901222,1.0,0.0572776457739781
0.9570200573065902,1.0,0.0572235761740666
0.9571708641230584,1.0,0.0568347463323108
0.9573216709395265,1.0,0.0567766786333978
0.9574724777559945,1.0,0.0567527708893948
0.9576232845724627,1.0,0.056747361451585
0.9577740913889308,1.0,0.0567320783436339
0.9579248982053988,1.0,0.0566392453891554
0.958075705021867,1.0,0.0565583156595014
0.9582265118383351,1.0,0.056302083416722
0.9583773186548032,1.0,0.0562699101074679
0.9585281254712713,1.0,0.0561328198563824
0.9586789322877394,1.0,0.0558927208421981
0.9588297391042075,1.0,0.0557652260188495
0.9589805459206756,1.0,0.0554688226785422
0.9591313527371437,1.0,0.0552964173489422
0.9592821595536118,1.0,0.0551600765608455
0.9594329663700799,1.0,0.0551048874163017
0.9595837731865481,1.0,0.0550307974029945
0.9597345800030161,1.0,0.0548956014556073
0.9598853868194842,1.0,0.0548910741437658
0.9600361936359524,1.0,0.0548809432556193
0.9601870004524204,1.0,0.0548613758402581
0.9603378072688885,1.0,0.0547499657839452
0.9604886140853567,1.0,0.0547248430881894
0.9606394209018247,1.0,0.0547174158273439
0.9607902277182929,1.0,0.0546947773697874
0.960941034534761,1.0,0.0544993423899867
0.961091841351229,1.0,0.0543594143355051
0.9612426481676972,1.0,0.0543048426029808
0.9613934549841653,1.0,0.0542313913339855
0.9615442618006333,1.0,0.0540544393462484
0.9616950686171015,1.0,0.0535899241065227
0.9618458754335696,1.0,0.0534713933819918
0.9619966822500376,1.0,0.0533424626205413
0.9621474890665058,1.0,0.0533406612280244
0.9622982958829739,1.0,0.0532620800850271
0.9624491026994421,1.0,0.0532126005733804
0.9625999095159101,1.0,0.0531096985113464
0.9627507163323782,1.0,0.0526091463766785
0.9629015231488464,1.0,0.0525802397667867
0.9630523299653144,1.0,0.0524535377832404
0.9632031367817825,1.0,0.052256404917644
0.9633539435982507,1.0,0.0521355379636403
0.9635047504147187,1.0,0.0519842082978967
0.9636555572311869,1.0,0.0515896572695792
0.963806364047655,1.0,0.0515703068886583
0.963957170864123,1.0,0.0514872673559163
0.9641079776805912,1.0,0.0513698163507745
0.9642587844970593,1.0,0.0512801171488252
0.9644095913135273,1.0,0.0510287925621213
0.9645603981299955,1.0,0.0508433386443748
0.9647112049464636,1.0,0.0507891536549439
0.9648620117629317,1.0,0.0507027248496467
0.9650128185793998,1.0,0.0506294855233998
0.9651636253958679,1.0,0.0505068091072761
0.965314432212336,1.0,0.050385435590333
0.9654652390288041,1.0,0.0503368408304501
0.9656160458452722,1.0,0.0502935508369043
0.9657668526617403,1.0,0.0502382492724018
0.9659176594782084,1.0,0.0502323676465679
0.9660684662946765,1.0,0.0501823626412332
0.9662192731111446,1.0,0.0501367465370103
0.9663700799276127,1.0,0.0501283575765882
0.9665208867440809,1.0,0.0500820222940801
0.9666716935605489,1.0,0.0496698900396953
0.966822500377017,1.0,0.0496331756510926
0.9669733071934852,1.0,0.0495220815874308
0.9671241140099532,1.0,0.0492952929054624
0.9672749208264213,1.0,0.0491852104640989
0.9674257276428895,1.0,0.0490101498738682
0.9675765344593575,1.0,0.0490079248215475
0.9677273412758257,1.0,0.0486324974155312
0.9678781480922938,1.0,0.0485606577122836
0.9680289549087618,1.0,0.0484444559795534
0.96817976172523,1.0,0.0483627389539944
0.9683305685416981,1.0,0.0478603011262883
0.9684813753581661,1.0,0.0478483630294556
0.9686321821746343,1.0,0.0477598223699228
0.9687829889911024,1.0,0.0477547930942482
0.9689337958075706,1.0,0.0476822546801255
0.9690846026240386,1.0,0.0476475281814835
0.9692354094405067,1.0,0.0475498349820626
0.9693862162569749,1.0,0.0473952523336165
0.9695370230734429,1.0,0.0471965541805068
0.969687829889911,1.0,0.0471790995873194
0.9698386367063792,1.0,0.0471674840298605
0.9699894435228472,1.0,0.0469798001911932
0.9701402503393154,1.0,0.0467490873709394
0.9702910571557835,1.0,0.046692066526632
0.9704418639722515,1.0,0.0466355332986107
0.9705926707887197,1.0,0.0466113244581045
0.9707434776051878,1.0,0.0463774408799289
0.9708942844216558,1.0,0.0463639694545357
0.971045091238124,1.0,0.0462399039737975
0.971195898054592,1.0,0.0461673921719603
0.9713467048710601,1.0,0.0461262857022519
0.9714975116875283,1.0,0.0460697933073399
0.9716483185039964,1.0,0.0460612850004754
0.9717991253204645,1.0,0.045826303224814
0.9719499321369326,1.0,0.0458046104818648
0.9721007389534007,1.0,0.0457786281806726
0.9722515457698688,1.0,0.0457685119054793
0.9724023525863369,1.0,0.045649479312332
0.972553159402805,1.0,0.0454673808187519
0.9727039662192731,1.0,0.0453877699156751
0.9728547730357412,1.0,0.0451964436924503
0.9730055798522094,1.0,0.0451937013327921
0.9731563866686774,1.0,0.0447951546872963
0.9733071934851455,1.0,0.044656430495194
0.9734580003016137,1.0,0.0443911314673449
0.9736088071180817,1.0,0.0441934116790715
0.9737596139345498,1.0,0.0437582071195875
0.973910420751018,1.0,0.0437107699943532
0.974061227567486,1.0,0.0434164171686848
0.9742120343839542,1.0,0.0433602439397442
0.9743628412004223,1.0,0.0431778139000375
0.9745136480168903,1.0,0.0430607632922484
0.9746644548333585,1.0,0.043054780072016
0.9748152616498266,1.0,0.0430399348207533
0.9749660684662946,1.0,0.0428936507543721
0.9751168752827628,1.0,0.042613541888816
0.9752676820992309,1.0,0.0424334630094696
0.975418488915699,1.0,0.0423541595048758
0.9755692957321671,1.0,0.0422105227151541
0.9757201025486352,1.0,0.0421223669671874
0.9758709093651033,1.0,0.0420608208541257
0.9760217161815714,1.0,0.0420381078075002
0.9761725229980395,1.0,0.0420202458509283
0.9763233298145076,1.0,0.0417031799215767
0.9764741366309757,1.0,0.0416762992421773
0.9766249434474438,1.0,0.0416177468213176
0.976775750263912,1.0,0.041549163928858
0.97692655708038,1.0,0.0415465701137993
0.9770773638968482,1.0,0.0415251882871938
0.9772281707133162,1.0,0.0413600637305818
0.9773789775297843,1.0,0.0413349845933259
0.9775297843462525,1.0,0.0412105923359357
0.9776805911627205,1.0,0.0411320007536347
0.9778313979791886,1.0,0.0410365547897784
0.9779822047956568,1.0,0.0406274035373944
0.9781330116121248,1.0,0.0405329092393222
0.978283818428593,1.0,0.0404534739288057
0.9784346252450611,1.0,0.0404185714006447
0.9785854320615291,1.0,0.0402498894232981
0.9787362388779973,1.0,0.0400265755959908
0.9788870456944654,1.0,0.0400218420818796
0.9790378525109334,1.0,0.0399814204062598
0.9791886593274016,1.0,0.039944756153454
0.9793394661438697,1.0,0.0398356785835499
0.9794902729603379,1.0,0.0396026190325828
0.9796410797768059,1.0,0.0395765445748134
0.979791886593274,1.0,0.0395301588290105
0.9799426934097422,1.0,0.0394715483213793
0.9800935002262102,1.0,0.0393070566751413
0.9802443070426783,1.0,0.0387402424754166
0.9803951138591465,1.0,0.0385656441443839
0.9805459206756145,1.0,0.0385149417943625
0.9806967274920826,1.0,0.0382031113331101
0.9808475343085508,1.0,0.0379939727663739
0.9809983411250188,1.0,0.0378639166430821
0.981149147941487,1.0,0.0377671734793617
0.9812999547579551,1.0,0.0375576784068856
0.9814507615744231,1.0,0.0371290762213641
0.9816015683908913,1.0,0.0368988518171589
0.9817523752073594,1.0,0.0368866631984721
0.9819031820238274,1.0,0.0367617996905361
0.9820539888402956,1.0,0.0367422427572013
0.9822047956567637,1.0,0.0363915610072347
0.9823556024732318,1.0,0.0363015843370767
0.9825064092896999,1.0,0.0361517320903869
0.982657216106168,1.0,0.036047498422279
0.9828080229226361,1.0,0.0357735117240597
0.9829588297391042,1.0,0.0356710572494749
0.9831096365555723,1.0,0.0355119966144103
0.9832604433720404,1.0,0.0349830371033122
0.9834112501885085,1.0,0.0343492814492895
0.9835620570049767,1.0,0.0343048091513873
0.9837128638214447,1.0,0.0340840583828215
0.9838636706379128,1.0,0.0338776497221647
0.984014477454381,1.0,0.0338262430106237
0.984165284270849,1.0,0.0337276861653844
0.9843160910873171,1.0,0.033558256166168
0.9844668979037853,1.0,0.0335296320164967
0.9846177047202533,1.0,0.0328684844828106
0.9847685115367215,1.0,0.032754718135254
0.9849193183531896,1.0,0.0326865923890137
0.9850701251696576,1.0,0.0324938281067319
0.9852209319861258,1.0,0.0324659740878072
0.9853717388025939,1.0,0.0324129024767789
0.9855225456190619,1.0,0.0320502807413803
0.9856733524355301,1.0,0.0320241952919325
0.9858241592519982,1.0,0.0319976588576336
0.9859749660684662,1.0,0.0313648287060286
0.9861257728849344,1.0,0.0313380649997148
0.9862765797014025,1.0,0.0311324040666886
0.9864273865178707,1.0,0.0310660941147216
0.9865781933343387,1.0,0.0308344888314737
0.9867290001508068,1.0,0.0307847860483651
0.986879806967275,1.0,0.0302836373574838
0.987030613783743,1.0,0.0302457946542593
0.9871814206002111,1.0,0.0301881602204379
0.9873322274166793,1.0,0.0299073203349185
0.9874830342331473,1.0,0.0298163546277517
0.9876338410496155,1.0,0.0296834038783162
0.9877846478660836,1.0,0.0296339987824593
0.9879354546825516,1.0,0.0295496167044875
0.9880862614990198,1.0,0.0293821962373949
0.9882370683154879,1.0,0.029369270496473
0.9883878751319559,1.0,0.0293501744227995
0.9885386819484241,1.0,0.0289432163006715
0.9886894887648922,1.0,0.0288641533917447
0.9888402955813603,1.0,0.0288571897106227
0.9889911023978284,1.0,0.028803065274115
0.9891419092142965,1.0,0.0287754696379947
0.9892927160307646,1.0,0.0286805354023387
0.9894435228472327,1.0,0.0282757946275505
0.9895943296637008,1.0,0.0275904383259588
0.9897451364801689,1.0,0.0273719876211334
0.989895943296637,1.0,0.0272982686127355
0.9900467501131052,1.0,0.0271037274713612
0.9901975569295732,1.0,0.0270768099429357
0.9903483637460413,1.0,0.0261138706997634
0.9904991705625095,1.0,0.0259143163476549
0.9906499773789775,1.0,0.0250242993793016
0.9908007841954456,1.0,0.0245729649760999
0.9909515910119138,1.0,0.0243929012013333
0.9911023978283818,1.0,0.0242328240425312
0.9912532046448499,1.0,0.0236627419731862
0.9914040114613181,1.0,0.0229855943503261
0.9915548182777861,1.0,0.0229209327050759
0.9917056250942543,1.0,0.0218376736578801
0.9918564319107224,1.0,0.0217045679373594
0.9920072387271904,1.0,0.0216113492692251
0.9921580455436586,1.0,0.0215052929533662
0.9923088523601267,1.0,0.0213483656577409
0.9924596591765947,1.0,0.0210030633968849
0.9926104659930629,1.0,0.0202290167223972
0.992761272809531,1.0,0.0201860890076239
0.9929120796259991,1.0,0.0197998864585319
0.9930628864424672,1.0,0.0196785660584895
0.9932136932589353,1.0,0.0194183860386168
0.9933645000754034,1.0,0.0189535043661886
0.9935153068918715,1.0,0.0187939766211922
0.9936661137083396,1.0,0.0187433375194077
0.9938169205248077,1.0,0.0184100561821556
0.9939677273412758,1.0,0.01825338525985
0.994118534157744,1.0,0.0181328150998441
0.994269340974212,1.0,0.0179657213596674
0.9944201477906801,1.0,0.0175305360974784
0.9945709546071483,1.0,0.016844551331593
0.9947217614236163,1.0,0.0166334209602915
0.9948725682400844,1.0,0.016442862142367
0.9950233750565526,1.0,0.0163526463140856
0.9951741818730206,1.0,0.0158077816428512
0.9953249886894887,1.0,0.0156332095551822
0.9954757955059569,1.0,0.0154498643704769
0.995626602322425,1.0,0.0149230247991263
0.9957774091388931,1.0,0.0145219225948723
0.9959282159553612,1.0,0.0144790335702938
0.9960790227718292,1.0,0.0144420275894341
0.9962298295882974,1.0,0.0143959673800621
0.9963806364047655,1.0,0.013867186173832
0.9965314432212335,1.0,0.013540129907128
0.9966822500377017,1.0,0.0134219014098098
0.9968330568541698,1.0,0.013344538481132
0.996983863670638,1.0,0.0127538970910058
0.997134670487106,1.0,0.0124265404812823
0.9972854773035741,1.0,0.0111030231256179
0.9974362841200423,1.0,0.0110517080306948
0.9975870909365103,1.0,0.0108061424183014
0.9977378977529784,1.0,0.0097799599618107
0.9978887045694466,1.0,0.0094845262680033
0.9980395113859146,1.0,0.0084559557909914
0.9981903182023828,1.0,0.0078253506572235
0.9983411250188509,1.0,0.0076979397003369
0.9984919318353189,1.0,0.0074212333507553
0.9986427386517871,1.0,0.0059974497512422
0.9987935454682552,1.0,0.0055165121280226
0.9989443522847232,1.0,0.005452645267178
0.9990951591011914,1.0,0.005447432212022
0.9992459659176595,1.0,0.0050349787826084
0.9993967727341276,1.0,0.0041726273388935
0.9995475795505957,1.0,0.0039217628556832
0.9996983863670638,1.0,0.0029689052354682
0.9998491931835319,1.0,0.0029018381135597
1.0,1.0,0.0021257611655955
1.0,1.0,0.0
