fold,row_id,y_bigmodel,flagged_fraud,score
0,6244,0.939329,1,0.8944676213040356
0,6318,0.903478,1,0.9298020621893082
0,447,0.990791,1,0.9888516401523036
0,4794,0.995423,1,0.9936041615243133
0,3667,0.904885,1,0.816523633718064
0,2777,0.880011,1,0.9313854708394949
0,2176,0.968782,1,0.9555679990761061
0,40,1.0,1,0.9999998895540461
0,339,0.999991,1,0.999939000662493
0,2674,0.993619,1,0.9899534743306576
0,4373,0.999024,1,0.9979827204494265
0,2708,0.999927,1,0.9998288200880155
0,6105,0.998787,1,0.9945173051297753
0,784,0.984276,1,0.9660401146135486
0,7480,0.999997,1,0.999956953604936
0,7084,0.99974,1,0.9993245686750407
0,2753,1.0,1,0.9999993529146446
0,1019,0.867909,1,0.8895814608072773
0,5880,0.993358,1,0.976163465464802
0,2989,0.932299,1,0.9139572804624142
0,7353,0.869947,1,0.89233800570267
0,2483,0.975652,1,0.9370867927109972
0,196,0.947966,1,0.9523829322908205
0,3866,0.97509,1,0.9824062858943456
0,4027,0.864413,1,0.9018064869636218
0,2897,0.998956,1,0.9973355632755668
0,1126,0.903082,1,0.8983548294672076
0,4444,0.999013,1,0.996951307251248
0,6077,0.999243,1,0.9974008675810443
0,4178,0.915886,1,0.927376644106159
0,4344,0.954866,1,0.9001568621161166
0,1420,0.999994,1,0.999972647299071
0,5862,0.999769,1,0.999212555737558
0,5964,0.999723,1,0.9994462306907002
0,2011,0.999899,1,0.9995770899907344
0,2622,0.999957,1,0.9997954894353508
0,7408,0.999948,1,0.9997538523168231
0,5529,0.999999,1,0.999998134610143
0,7113,0.994636,1,0.9871093222532389
0,7167,0.984683,1,0.9866411898182308
0,750,0.990429,1,0.9803214022948319
0,7476,0.997886,1,0.9961423335492509
0,5563,0.999986,1,0.9999463469877213
0,1766,0.999781,1,0.9991266051993243
0,2992,0.998264,1,0.9956550378438347
0,7280,0.994459,1,0.9942788737721122
0,7118,1.0,1,0.9999999948222005
0,2571,0.998264,1,0.9941460735016094
0,4988,1.0,1,0.999999523375368
0,1938,0.999999,1,0.9999946048323697
0,4850,0.997304,1,0.9956189666915236
0,545,0.979302,1,0.9660019156612168
0,3015,0.999346,1,0.9981128062551597
0,352,1.0,1,0.999998654193681
0,4437,0.999609,1,0.9994750208948094
0,3662,0.878583,1,0.9057804057984346
0,584,0.996801,1,0.9884211894034396
0,4877,0.996877,1,0.9882454844572437
0,2127,0.938348,1,0.9024055652846585
0,621,0.999615,1,0.9990554609123481
0,1260,0.923837,1,0.8355575381461526
0,7067,0.999054,1,0.9957654479154341
0,3479,0.999998,1,0.9999921100424133
0,7432,0.988581,1,0.9679243217709917
0,2652,0.999643,1,0.9991391824545062
0,6127,0.99849,1,0.9945531570596207
0,3220,0.998037,1,0.9932442569202796
0,1364,0.874149,1,0.7454562498243901
0,3751,0.992251,1,0.9846406094681867
0,160,0.959728,1,0.9656723585184267
0,1023,0.968831,1,0.9201130031157557
0,4993,0.996604,1,0.9968455912135579
0,2473,0.999038,1,0.9962069573976069
0,6,0.999576,1,0.9983196715927313
0,4662,0.851319,1,0.6468944690661992
0,5351,0.991697,1,0.9900037782289826
0,5225,0.997976,1,0.9942617942137258
0,1323,0.899905,1,0.726113740888603
0,7203,0.995894,1,0.9844483949318455
0,2159,0.990538,1,0.987972347485475
0,1800,0.999999,1,0.9999915594509268
0,2412,0.999997,1,0.9999805124652125
0,7235,0.895699,1,0.9780393381120258
0,1687,0.999773,1,0.9996757015465758
0,769,0.99998,1,0.9998385546846488
0,5965,0.997998,1,0.9933207896618687
0,32,0.992361,1,0.9934776459412846
0,5863,0.216297,0,0.34470561436497205
0,3133,0.290888,0,0.3298536275872869
0,3238,0.424439,0,0.34004616675337096
0,655,0.141269,0,0.36348840217169265
0,1018,0.263177,0,0.35226766449136937
0,2285,0.025857,0,0.03403864510357854
0,5640,0.474876,0,0.4340378532608057
0,2881,0.689711,0,0.3510046553279596
0,5959,0.759727,0,0.6515957237353471
0,170,0.010271,0,0.054742780743102
0,579,0.11825,0,0.21261660876896576
0,2386,0.561677,0,0.3866683526573724
0,4941,0.485003,0,0.3276940211863239
0,771,0.528145,0,0.5238360200733889
0,4955,0.113676,0,0.1184483606296522
0,1086,0.261216,0,0.21405348893243561
0,6776,0.092315,0,0.15950285830758337
0,221,0.091491,0,0.1965412699261856
0,3688,0.811012,0,0.8006621294481477
0,2826,0.277786,0,0.27945175258829785
0,5981,0.010201,0,0.017869477865267627
0,2075,0.319591,0,0.2954042461940025
0,5110,0.614329,0,0.3304045782576035
0,3232,0.327737,0,0.35053145614961667
0,6456,0.061673,0,0.15278785308630152
0,4291,0.004923,0,0.0360904970912263
0,732,0.108737,0,0.2748027591006911
0,66,0.507885,0,0.6135875587639266
0,4459,0.275326,0,0.3485654315627256
0,1196,0.199378,0,0.10993369629510633
0,4242,0.332329,0,0.3307165376485872
0,2442,0.116202,0,0.13543407438450294
0,6833,0.631441,0,0.589792951501952
0,2276,0.275042,0,0.28819202975244496
0,3136,0.179433,0,0.2791107634990074
0,895,0.836184,0,0.7088073763046223
0,5207,0.448163,0,0.3684699801627676
0,2355,0.453947,0,0.41264625703514624
0,1415,0.115178,0,0.13934437590537282
0,1569,0.514016,0,0.4264386367955026
0,3822,0.683495,0,0.5629564625154716
0,4685,0.397618,0,0.541327986023269
0,4463,0.312364,0,0.2954465218819077
0,3527,0.254133,0,0.27649101718822483
0,4303,0.017618,0,0.054425752779180846
0,1272,0.056612,0,0.2307793666907787
0,7022,0.598827,0,0.3143702669323547
0,6991,0.528884,0,0.43396366524484775
0,3815,0.148986,0,0.06508078139085824
0,7238,0.071298,0,0.19601366938890918
0,5294,0.074887,0,0.06656516709231373
0,720,0.561416,0,0.6186289294889376
0,5767,0.627346,0,0.5938313407055129
0,5278,0.480851,0,0.5849865564087128
0,2128,0.432067,0,0.3838837919603571
0,697,0.168018,0,0.21825315459816455
0,6942,0.088247,0,0.08712700309405905
0,7486,0.347048,0,0.25133736451691885
0,1161,0.218838,0,0.22856579816373954
0,7196,0.067742,0,0.11001475108797287
0,5336,0.665598,0,0.4235474085235259
0,1599,0.151774,0,0.2687100073776716
0,5829,0.375277,0,0.29393086541841873
0,6408,0.156369,0,0.11951643058080887
0,5411,0.410718,0,0.5126937723130752
0,4271,0.182977,0,0.3141758125788972
0,6027,0.123973,0,0.12003212634620772
0,3105,0.099654,0,0.06005323474259562
0,4711,0.04238,0,0.09926457076660403
0,2698,0.377408,0,0.39090555772988145
0,2296,0.268297,0,0.3776483826734284
0,7141,0.197283,0,0.34759937224072956
0,2853,0.337241,0,0.2548390297719565
0,4920,0.042892,0,0.11349494703076027
0,6636,0.212449,0,0.2793271955491541
0,1106,0.205339,0,0.2922730277517691
0,1408,0.437853,0,0.1943427224260284
0,5489,0.064468,0,0.07714249710319503
0,3262,0.128094,0,0.14869119774384207
0,255,0.224004,0,0.3752646131948522
0,862,0.574914,0,0.5456805234457848
0,6021,0.191889,0,0.23853805032093428
0,7338,0.548796,0,0.532086743045513
0,952,0.091513,0,0.09736009987357062
0,6660,0.053576,0,0.055094873002411074
0,30,0.338173,0,0.4351480039774682
0,5537,0.769119,0,0.7858124335266868
0,1526,0.427098,0,0.5916864999349982
0,4893,0.434264,0,0.44048998844127896
0,5524,0.161093,0,0.18002673932162994
0,5368,0.369489,0,0.3677446043789154
0,3081,0.707451,0,0.4737331967860404
0,3916,0.469752,0,0.4856467722894107
0,3066,0.273286,0,0.14151822339632347
0,6642,0.058436,0,0.05132400017122772
0,3242,0.403241,0,0.3637194184075213
0,4958,0.048333,0,0.06807441128940614
0,1911,0.034208,0,0.08139088960134895
0,6340,0.213058,0,0.24694777361812953
0,7300,0.742216,0,0.7382305357164853
0,4125,0.351974,0,0.22712676647128063
0,7040,0.332139,0,0.45691297900714967
0,2405,0.467174,0,0.33588149051146293
0,626,0.593046,0,0.6166904763474841
0,2905,0.272909,0,0.4549093383809439
0,489,0.350151,0,0.4029927980437353
0,5101,0.301669,0,0.31680909521720685
0,2241,0.722304,0,0.6766446142990844
0,7108,0.264096,0,0.16739575346295293
0,884,0.016809,0,0.01680933810360258
0,2670,0.548853,0,0.4841611742033143
0,4033,0.224728,0,0.21361440668126755
0,3954,0.252245,0,0.5819237377070829
0,2561,0.477501,0,0.4456043917478976
0,3375,0.162426,0,0.37130236503858327
0,6278,0.433417,0,0.4901743200173199
0,5491,0.373273,0,0.25604623419779976
0,5382,0.132347,0,0.24434008944778113
0,2208,0.464147,0,0.7121001100235317
0,2053,0.698077,0,0.6195551889814075
0,6842,0.54731,0,0.5241835095924886
0,3694,0.247429,0,0.3799516123079792
0,4593,0.03977,0,0.0683703368771398
0,5602,0.401006,0,0.3734995607702146
0,5148,0.303804,0,0.2328008308771175
0,6677,0.454697,0,0.5306498710894708
0,3652,0.390342,0,0.315254622679354
0,7166,0.25977,0,0.35493757425978056
0,2958,0.216227,0,0.20470845722202252
0,4026,0.06445,0,0.11098771193792363
0,6453,0.512642,0,0.4241422022181507
0,3416,0.097872,0,0.22178223060282323
0,2576,0.494532,0,0.4141433975806944
0,1191,0.80465,0,0.7895608357806453
0,5296,0.087859,0,0.2499692117765476
0,1170,0.294359,0,0.3816284750495472
0,2767,0.829448,0,0.6921709666070565
0,5377,0.220224,0,0.041286874037387684
0,5281,0.255221,0,0.28570654085882136
0,7265,0.158648,0,0.27896693548519186
0,3830,0.034141,0,0.07825124182635321
0,6025,0.04569,0,0.07775264310523082
0,4715,0.234396,0,0.2014175663392789
0,3935,0.336199,0,0.31421416834806054
0,6171,0.085955,0,0.08064347227456875
0,6978,0.442986,0,0.40564351757855854
0,6003,0.18575,0,0.2975703695869128
0,4569,0.15011,0,0.35468194127917974
0,5117,0.593127,0,0.6718309496186121
0,2404,0.248664,0,0.12657481477529334
0,7175,0.06284,0,0.09752347440237172
0,4776,0.276725,0,0.18800941023975914
0,3741,0.073524,0,0.14825256702237666
0,3949,0.152729,0,0.23756018050588418
0,5845,0.519812,0,0.543435600314901
0,4337,0.707347,0,0.7863431062969841
0,5811,0.216525,0,0.3179248766059727
0,2792,0.55866,0,0.6975459867675765
0,4112,0.390221,0,0.25639891952304905
0,3091,0.526295,0,0.46478500209360707
0,57,0.126066,0,0.3667361481089477
0,2744,0.196246,0,0.33945398253091735
0,4697,0.455292,0,0.43674227259828735
0,6094,0.176028,0,0.24365625373506358
0,1853,0.626616,0,0.701831096529545
0,7179,0.213681,0,0.12284933309195407
0,2042,0.782768,0,0.7640776661858996
0,2917,0.70658,0,0.3794343709245751
0,5659,0.813428,0,0.49213672651478524
0,5708,0.197298,0,0.2799548049453299
0,4647,0.144637,0,0.15154039599321514
0,5160,0.0016,0,0.0054947663540552616
0,7184,0.443473,0,0.5035277724047468
0,2101,0.715195,0,0.6792010101356655
0,5176,0.676534,0,0.5961470915193234
0,4603,0.175677,0,0.15205897500339213
0,39,0.461048,0,0.34213111276840397
0,5283,0.526651,0,0.48815049194897286
0,6585,0.081345,0,0.155174321711455
0,7088,0.028654,0,0.045325863885735125
0,3131,0.725796,0,0.5743507103426738
0,1584,0.242173,0,0.13447988517199685
0,1391,0.461494,0,0.46198928069163525
0,5783,0.101965,0,0.13693648657282778
0,4230,0.115629,0,0.19748049389633748
0,4410,0.15919,0,0.098189608138144
0,5217,0.162915,0,0.23513454505810538
0,361,0.613076,0,0.3959642838818199
0,3088,0.436978,0,0.4755975719493628
0,1319,0.764853,0,0.6067126238793293
0,106,0.175388,0,0.23653069413467223
0,6846,0.336114,0,0.2807802620839808
0,6195,0.790759,0,0.935750443419852
0,4654,0.817836,0,0.7172334559047202
0,2814,0.668139,0,0.6410983802870578
0,5083,0.070402,0,0.11504371664514774
0,169,0.350984,0,0.18431430635887427
0,356,0.602038,0,0.5075940066160597
0,7320,0.055029,0,0.07679456512864578
0,6121,0.385571,0,0.5322971020387466
0,1691,0.483283,0,0.41402876918201287
0,3193,0.166939,0,0.2048776482363426
0,1083,0.600986,0,0.628655088785775
0,1581,0.217658,0,0.24298733710494058
0,4551,0.128517,0,0.2843362773022378
0,3458,0.640737,0,0.2779332262381427
0,3111,0.513738,0,0.5334870219782482
0,187,0.568719,0,0.5942887424479755
0,3428,0.096989,0,0.08340461125239693
0,324,0.734843,0,0.5643407304733328
0,4022,0.051869,0,0.13307462382432234
0,1728,0.470021,0,0.8704454143219879
0,2190,0.058729,0,0.2448451458193329
0,481,0.31523,0,0.411641773024753
0,5536,0.469451,0,0.45933008102215594
0,1226,0.658011,0,0.7253294572472145
0,1022,0.007167,0,0.046702945520451886
0,5198,0.355409,0,0.28119102375956023
0,6836,0.786626,0,0.8652045761796531
0,6226,0.004468,0,0.014380945214956406
0,1890,0.07933,0,0.14943409656872741
0,7239,0.238331,0,0.23122098440744213
0,1370,0.176416,0,0.3850816005588029
0,2782,0.706669,0,0.5637295532607034
0,2623,0.19034,0,0.22461134960664617
0,6989,0.036745,0,0.12184899390136142
0,4716,0.209726,0,0.20064794863229565
0,3581,0.76163,0,0.6844213715405398
0,2590,0.234017,0,0.1453722307402562
0,7252,0.068087,0,0.113534261178159
0,5156,0.443148,0,0.46010484867054546
0,835,0.514618,0,0.2196184855157622
0,1378,0.466567,0,0.4844302922108807
0,5081,0.338455,0,0.3101893481530081
0,5456,0.818726,0,0.8653990628658015
0,2007,0.609293,0,0.5027068998240888
0,2840,0.526424,0,0.3814275401506471
0,6941,0.447276,0,0.45242546893179403
0,1857,0.188126,0,0.15551267828337212
0,3938,0.075312,0,0.10826068439715983
0,1400,0.129607,0,0.17294067786356707
0,2845,0.847141,0,0.8993447639003251
0,6535,0.246212,0,0.2536618848017981
0,652,0.564647,0,0.3433792908605663
0,3248,0.310647,0,0.18553197863563306
0,5730,0.737022,0,0.7736602894501056
0,4352,0.108656,0,0.13999848251582972
0,2516,0.627175,0,0.7088342542076849
0,5295,0.181775,0,0.20751796538959155
0,5996,0.619622,0,0.4098005016477225
0,5284,0.32592,0,0.3455322867341849
0,1468,0.435336,0,0.6644116025875618
0,2438,0.826625,0,0.8663381904860633
0,4694,0.778428,0,0.7272432035115103
0,1734,0.027403,0,0.021438572892418645
0,47,0.683085,0,0.5765309128622316
0,3546,0.060602,0,0.06422353608392732
0,2484,0.439155,0,0.29606143282679903
0,6106,0.489676,0,0.32338191725031173
0,5871,0.017445,0,0.027136354474307543
0,4957,0.109354,0,0.20045834220601555
0,6180,0.151832,0,0.14152344919347118
0,3606,0.737985,0,0.6504644887518705
0,1579,0.508103,0,0.4402651511477858
0,6284,0.404665,0,0.6001167639227231
0,6675,0.237321,0,0.19018937457974125
0,7475,0.230623,0,0.2154921098404615
0,932,0.171805,0,0.23912899266253637
0,105,0.242504,0,0.20151183890404914
0,5899,0.414878,0,0.9865345478970671
0,7106,0.344928,0,0.3864431107498724
0,1780,0.404946,0,0.48829327203755757
0,151,0.431634,0,0.46708195900530153
0,85,0.75007,0,0.6399924177879562
0,6729,0.090691,0,0.12341107912956491
0,880,0.813383,0,0.678412752547956
0,3713,0.245228,0,0.24972289899294242
0,1932,0.217698,0,0.4450209975391309
0,5608,0.611897,0,0.9296127895701867
0,2979,0.314099,0,0.24520575292621333
0,6455,0.484238,0,0.5657237287127457
0,3206,0.600822,0,0.3647787505940025
0,4010,0.301443,0,0.2269988888782442
0,4526,0.845034,0,0.5865757063852961
0,4644,0.274948,0,0.17496085296616748
0,540,0.663851,0,0.4763980217779734
0,3385,0.06638,0,0.08787463390871093
0,3101,0.298051,0,0.4371435585163876
0,2212,0.397955,0,0.3906957409216911
0,5784,0.231648,0,0.19102503921766725
0,5001,0.242577,0,0.2641196894785947
0,2524,0.272264,0,0.27986817779365414
0,204,0.232964,0,0.2737572740909091
0,4978,0.516334,0,0.5813156821917486
0,747,0.294906,0,0.2095415491112572
0,6055,0.329069,0,0.5803709567204005
0,6341,0.390067,0,0.44972094143716684
0,3025,0.239968,0,0.13776162880050255
0,2192,0.29305,0,0.3139824391885519
0,408,0.353721,0,0.36354467598795487
0,3744,0.158469,0,0.32363711971349834
0,2115,0.088397,0,0.15122779057940702
0,709,0.274781,0,0.30792086068678004
0,3055,0.451974,0,0.3027044455474818
0,6160,0.802865,0,0.8542561357181081
0,4351,0.483131,0,0.42048050693439015
0,7269,0.613162,0,0.5059314361007914
0,6918,0.499801,0,0.3086961773804781
0,6805,0.807878,0,0.8568351096302166
0,6058,0.069667,0,0.06841597814151018
0,6152,0.733406,0,0.49294535256718996
0,3399,0.242217,0,0.2709780478419336
0,4866,0.424779,0,0.41689331383199446
0,3204,0.087402,0,0.15086787151307202
0,2606,0.432969,0,0.4597100501925982
0,2032,0.133876,0,0.319110652637613
0,5183,0.25866,0,0.33070393108443263
0,4037,0.77323,0,0.4598069241467397
0,3611,0.031221,0,0.08915210656570029
0,3877,0.53523,0,0.5240084721130284
0,4353,0.109914,0,0.1813538361209047
0,5323,0.228598,0,0.19780945108454165
0,2575,0.102636,0,0.18743722669033422
0,3275,0.201904,0,0.2422143595111555
0,4677,0.498722,0,0.4122442423951516
0,2851,0.387545,0,0.8952965538386953
0,7315,0.673229,0,0.44831696791087583
0,4630,0.588501,0,0.3385594025139539
0,166,0.125329,0,0.20166436485791076
0,1382,0.289423,0,0.2698811526061446
0,1655,0.539015,0,0.43455791614014544
0,2168,0.161309,0,0.3748676816717763
0,1628,0.788705,0,0.7820038249438702
0,4859,0.714366,0,0.5527501744901919
0,3692,0.151091,0,0.09595556800761634
0,421,0.236146,0,0.26826040739088264
0,1024,0.08834,0,0.2145729712978911
0,4624,0.757172,0,0.7625316623679518
0,1827,0.243336,0,0.221262693961843
0,2005,0.174194,0,0.19044944326519353
0,5620,0.556018,0,0.6031468021311736
0,6268,0.844203,0,0.7584965628922553
0,6625,0.744872,0,0.7218923673490532
0,4240,0.075481,0,0.11226814393663549
0,1565,0.400949,0,0.3744031960886678
0,4529,0.099658,0,0.16852508372093805
0,5193,0.193014,0,0.26551085189663015
0,1301,0.84635,0,0.9784102660953511
0,6188,0.452182,0,0.5018978850496655
0,2432,0.693393,0,0.5350899695842779
0,721,0.788046,0,0.8594350092728014
0,1717,0.390941,0,0.2649433229301316
0,6337,0.033364,0,0.05227517612229141
0,3499,0.00709,0,0.018408484223144613
0,6396,0.154749,0,0.17691445766456815
0,1111,0.739881,0,0.7830397409781302
0,6307,0.623641,0,0.5950668089776199
0,3968,0.816004,0,0.8475395196120976
0,3020,0.41371,0,0.39312752162029707
0,3471,0.7161,0,0.6171601598337336
0,3677,0.439096,0,0.27210740475252476
0,3103,0.102645,0,0.1365033602599887
0,1431,0.362277,0,0.26352487472131214
0,1623,0.280595,0,0.3759673409777066
0,7366,0.270045,0,0.36153062144097603
0,1600,0.016253,0,0.0362673544177863
0,380,0.293958,0,0.4233182408284105
0,5130,0.243925,0,0.40123360647613693
0,5935,0.263123,0,0.15081503717960415
0,5435,0.684155,0,0.4817933982852759
0,6580,0.079326,0,0.2071973940533607
0,2502,0.029097,0,0.05258285115033038
0,1318,0.23214,0,0.26206911367422936
0,5420,0.368034,0,0.2825313469986422
0,5755,0.155564,0,0.21977407995683465
0,578,0.357783,0,0.42249431283062844
0,1795,0.753528,0,0.5769406509843201
0,2340,0.051506,0,0.1485836735879196
0,4610,0.373896,0,0.38287261364291336
0,1937,0.093576,0,0.16875112797866237
0,6959,0.36042,0,0.3269751939119511
0,3656,0.285338,0,0.2498885811121085
0,6377,0.606979,0,0.45676333180853507
0,1608,0.07327,0,0.1208441152039396
0,1125,0.579597,0,0.5221497593462177
0,7134,0.202534,0,0.23911046655115106
0,2052,0.247154,0,0.18107828444240956
0,910,0.009355,0,0.05882856475566637
0,3724,0.072333,0,0.07355253979207477
0,759,0.668013,0,0.5923751830002693
0,931,0.756057,0,0.8694251516403327
0,4449,0.237857,0,0.33193164987530166
0,6943,0.305299,0,0.32072198285067227
0,6415,0.164802,0,0.17459039021705966
0,1773,0.063242,0,0.1031470100477802
0,320,0.062074,0,0.08375325179327804
0,3761,0.693627,0,0.7813122740584295
0,6436,0.44598,0,0.19989348180657127
0,5978,0.375556,0,0.4327983715793064
0,5974,0.378139,0,0.333877879222461
0,434,0.440281,0,0.44512916435131683
0,4635,0.299467,0,0.3087238969439127
0,5391,0.752354,0,0.79285235576304
0,1306,0.233209,0,0.19367763173791286
0,7342,0.079312,0,0.06715626545191376
0,7361,0.607589,0,0.40473710744353697
0,599,0.53553,0,0.3342865554879731
0,3899,0.016489,0,0.07457364444305323
0,5441,0.329096,0,0.4812946617544926
0,5466,0.035951,0,0.07290800706609235
0,310,0.113316,0,0.14657771135421863
0,4148,0.336696,0,0.2026134395415039
0,3890,0.60822,0,0.5492105610837934
0,1049,0.38666,0,0.4922047173786625
0,3106,0.301142,0,0.3658451931735407
0,7094,0.826981,0,0.7971907398817358
0,3586,0.27409,0,0.2888741763876399
0,1255,0.069029,0,0.11093303300884792
0,2457,0.234338,0,0.22423447956393097
0,2605,0.323208,0,0.34312448880878804
0,7055,0.212069,0,0.16297198451113157
0,4814,0.019669,0,0.08170266318674234
0,1337,0.020607,0,0.076440534107989
0,1393,0.035188,0,0.05851798147360793
0,3657,0.380071,0,0.41428023847082757
0,3732,0.190174,0,0.1592683268513249
0,5763,0.766704,0,0.6239150097332015
0,4375,0.605406,0,0.5173611965425352
0,2071,0.407453,0,0.32007940222062503
0,6757,0.483965,0,0.7185504663352276
0,6059,0.348886,0,0.24664565540877284
0,2906,0.576273,0,0.7204138921303687
0,3765,0.277455,0,0.26168223795607565
0,6076,0.313556,0,0.4730101786151354
0,6717,0.053082,0,0.03124790789404321
0,1554,0.793842,0,0.7509991261525266
0,2377,0.167237,0,0.26352362990030737
0,1637,0.402584,0,0.4347318154108271
0,1605,0.439455,0,0.29052343186318724
0,6855,0.634702,0,0.5629780094170366
0,7102,0.295897,0,0.138339001221879
0,464,0.300352,0,0.39140429624679024
0,3095,0.265562,0,0.31947341729631723
0,156,0.058472,0,0.09434235394441483
0,2802,0.594765,0,0.6013375198796647
0,4586,0.338227,0,0.19171076909038912
0,2722,0.302861,0,0.3343567744180586
0,3988,0.392489,0,0.5579520521343713
0,2770,0.272967,0,0.3035938438915741
0,7326,0.232631,0,0.3452537995383611
0,3207,0.504554,0,0.44417662327265145
0,5622,0.503155,0,0.5672718093143457
0,67,0.462636,0,0.6431322810438356
0,2120,0.0458,0,0.10478534820216165
0,2209,0.211407,0,0.13025399093653806
0,5747,0.790793,0,0.7924554869785213
0,6169,0.40377,0,0.3911378577731669
0,5454,0.471998,0,0.4548209293464228
0,6186,0.48084,0,0.5268766145475493
0,7365,0.495439,0,0.39281844135215765
0,5455,0.568151,0,0.6472564731406976
0,5251,0.636917,0,0.5604517813182016
0,4621,0.120615,0,0.17571326895216807
0,7258,0.134935,0,0.16426126492408327
0,5786,0.376504,0,0.512798727359491
0,5740,0.134228,0,0.21895748901777054
0,104,0.427074,0,0.2645597524825596
0,2396,0.690758,0,0.7280763606493342
0,110,0.445544,0,0.5309616210443336
0,2366,0.011852,0,0.025017233529636886
0,2058,0.41754,0,0.3409111065168883
0,857,0.114488,0,0.21155697446663516
0,3205,0.192241,0,0.2044710004098771
0,5467,0.036924,0,0.08042082808289214
0,5706,0.67154,0,0.562394746262697
0,4536,0.724635,0,0.675109278272877
0,1437,0.671535,0,0.5419628175818393
0,1051,0.758895,0,0.6359708210345975
0,3064,0.377528,0,0.27989982103365435
0,740,0.232514,0,0.18984956485025553
0,4043,0.264904,0,0.14042333595343873
0,3983,0.604652,0,0.6236122816902608
0,865,0.572413,0,0.37507406697619494
0,1767,0.069207,0,0.0671591260313776
0,6666,0.405513,0,0.39545285741626596
0,792,0.128188,0,0.2327768468687563
0,6607,0.0755,0,0.05789486234830457
0,7350,0.369596,0,0.2781327336960136
0,265,0.361079,0,0.4465423030819529
0,3647,0.82631,0,0.81603903556512
0,1672,0.033868,0,0.055856562937134806
0,5287,0.53819,0,0.5623235598169795
0,5282,0.363635,0,0.2884979005299951
0,5814,0.510067,0,0.5256406707507582
0,5149,0.480892,0,0.4615658501305178
0,803,0.536782,0,0.5780903918335221
0,1673,0.708557,0,0.5438760687324447
0,5388,0.43605,0,0.43578957875356955
0,2842,0.290081,0,0.31703140876453634
0,6738,0.061266,0,0.12116544850628504
0,3326,0.180936,0,0.16453327603140466
0,2264,0.325123,0,0.4261310575978688
0,4118,0.156879,0,0.4492094168145477
0,2637,0.221591,0,0.22628983686507395
0,5062,0.484894,0,0.5916977907288327
0,6826,0.16628,0,0.16276131166661606
0,6778,0.223453,0,0.3162022838017052
0,3319,0.414066,0,0.3925824909976245
0,5613,0.310405,0,0.24618397083869828
0,2946,0.177245,0,0.35820852700960454
0,5525,0.498996,0,0.6658515683936256
0,5430,0.727844,0,0.6888502422356207
0,3258,0.823703,0,0.600167708901917
0,7458,0.796945,0,0.8500030382584632
0,2921,0.373853,0,0.26898198826710545
0,4377,0.030897,0,0.058547328929507446
0,1934,0.377888,0,0.31118372062547334
0,1659,0.389941,0,0.23691165454036098
0,2132,0.113057,0,0.12479575892878181
0,841,0.232781,0,0.25718185465476506
0,4484,0.274699,0,0.17932966671369827
0,5956,0.572767,0,0.7649868671122191
0,3622,0.349867,0,0.34575561848495184
0,2493,0.439563,0,0.6101260730627666
0,5092,0.534092,0,0.4202919791626393
0,459,0.359251,0,0.5485859589010622
0,398,0.163294,0,0.11566950549691418
0,2970,0.109924,0,0.1625406550145252
0,5228,0.020041,0,0.018187023525952497
0,3273,0.28406,0,0.2473697452234448
0,2184,0.377038,0,0.3380593692567687
0,1354,0.428485,0,0.2803356319497838
0,1559,0.279948,0,0.16846984102561843
0,173,0.469401,0,0.6363665231005751
0,6940,0.107141,0,0.17796737962566214
0,1425,0.314422,0,0.32897397465105416
0,1231,0.010029,0,0.020165468433801834
0,5912,0.00167,0,0.005972864512938812
0,4781,0.606007,0,0.6773318166333276
0,6405,0.039646,0,0.21812023638169314
0,6534,0.127205,0,0.11316541690011718
0,917,0.04978,0,0.08510379109671463
0,2973,0.771755,0,0.7666822807152115
0,7127,0.347408,0,0.32871892706109485
0,6208,0.487503,0,0.6507428422215725
0,4209,0.132582,0,0.26387898004521815
0,6725,0.211348,0,0.15660725838844924
0,6214,0.681864,0,0.5850600225896709
0,7056,0.605554,0,0.5041114232603179
0,5877,0.452237,0,0.2604817819657448
0,7043,0.366275,0,0.409818497913343
0,5044,0.553703,0,0.6562687146437872
0,1099,0.583663,0,0.4459946745537916
0,5621,0.172672,0,0.23033703980260034
0,6371,0.154739,0,0.2136798673961394
0,1801,0.161837,0,0.20576339565632326
0,897,0.715827,0,0.5384197686327876
0,1786,0.425422,0,0.3690283385577518
0,6588,0.6836,0,0.6696764320620007
0,5165,0.170696,0,0.17583009283365583
0,5546,0.45851,0,0.6482855580161404
0,3696,0.082807,0,0.19148802312008198
0,3196,0.101513,0,0.11222123400199287
0,1012,0.15835,0,0.2727126344298882
0,3410,0.22917,0,0.17269746514017517
0,3367,0.494155,0,0.43589340468789145
0,6824,0.683408,0,0.693677321422749
0,5670,0.80349,0,0.7209973883719708
0,5925,0.443911,0,0.5288189353695577
0,4872,0.207671,0,0.19761852879678526
0,4070,0.251764,0,0.2444644920184093
0,7396,0.277066,0,0.23943826621416667
0,6859,0.828884,0,0.7661682371952182
0,2717,0.56115,0,0.29423124986797017
0,4113,0.594875,0,0.6846516490377724
0,1788,0.780348,0,0.8868000624489125
0,3056,0.589826,0,0.6466359226784664
0,3152,0.42114,0,0.4871360088713501
0,5999,0.106797,0,0.26109547400304645
0,3090,0.716463,0,0.7262376364984857
0,4478,0.054056,0,0.16743898417690598
0,542,0.102365,0,0.16427012620162038
0,279,0.811216,0,0.5211080258820792
0,3921,0.188804,0,0.23811996289657153
0,5550,0.350897,0,0.44892362328248575
0,6641,0.69598,0,0.8690558954830722
0,1716,0.292112,0,0.2375992003832248
0,1141,0.255744,0,0.22370996788853323
0,1162,0.429175,0,0.3472134230031871
0,4582,0.451064,0,0.48739425250755536
0,1582,0.083945,0,0.16563770260056798
0,548,0.435627,0,0.3963933257426836
0,5178,0.498126,0,0.3908822439911042
0,1227,0.723757,0,0.4365152832497508
0,7089,0.827792,0,0.9595091503966167
0,4248,0.086007,0,0.12936204484357772
0,1347,0.366929,0,0.40967803000332836
0,353,0.564571,0,0.2925567788447569
0,533,0.10284,0,0.1843476754340946
0,645,0.575967,0,0.3788701242392363
0,1326,0.141893,0,0.14281971582718317
0,6770,0.320011,0,0.2872201120927493
0,6375,0.621224,0,0.523688032201357
0,394,0.130356,0,0.19594655066065347
0,4759,0.187115,0,0.3486342548933802
0,6837,0.838637,0,0.7908300746755739
0,4107,0.293466,0,0.31989782074135314
0,2090,0.084196,0,0.06455154519461141
0,4731,0.84696,0,0.7258674208759643
0,7008,0.714184,0,0.5824584397781973
0,6262,0.84463,0,0.7222577597747843
0,1723,0.359064,0,0.22770472547572693
0,4779,0.135188,0,0.12755756143265545
0,1283,0.318001,0,0.4174551695593674
0,995,0.788497,0,0.6619500548838781
0,6910,0.758756,0,0.6656495746238251
0,4182,0.407603,0,0.4197554615115258
0,4430,0.610904,0,0.7109969526914399
0,6573,0.662367,0,0.6450282076996875
0,6427,0.457902,0,0.3954547920257035
0,7111,0.207006,0,0.24766631286329438
0,2615,0.739463,0,0.6748042214862108
0,6957,0.086837,0,0.09601508609325027
0,5051,0.607773,0,0.45910128511872966
0,5625,0.539911,0,0.330582585410434
0,1994,0.391342,0,0.2748352104044155
0,4371,0.065216,0,0.07722168708251405
0,5393,0.767579,0,0.5362063090470902
0,3128,0.027004,0,0.1464579210202555
0,5357,0.316651,0,0.2745058590307213
0,3512,0.812691,0,0.5634342733952471
0,198,0.343901,0,0.3099185798114777
0,2760,0.072599,0,0.07180417287416802
0,2313,0.294693,0,0.36070344005199806
0,7121,0.084602,0,0.14771912523171302
0,4145,0.596381,0,0.439430152645905
0,6339,0.647582,0,0.44507047899721736
0,2017,0.181013,0,0.1577805956434651
0,4140,0.414694,0,0.3699436999784971
0,126,0.109693,0,0.16905746866256322
0,6355,0.765205,0,0.5002251618472551
0,1327,0.154432,0,0.18289714911611707
0,3865,0.301187,0,0.19564736048112988
0,3176,0.565113,0,0.4054779982897754
0,978,0.355385,0,0.5489454861442965
0,6684,0.09567,0,0.20316392935397823
0,1585,0.093783,0,0.17307449719271362
0,3456,0.156296,0,0.2731126286030983
0,6913,0.157452,0,0.27933266736613105
0,1133,0.820648,0,0.5467448508468027
0,1858,0.180184,0,0.17824872771971392
0,3323,0.509935,0,0.4052205773434721
0,3008,0.207555,0,0.21505007126591197
0,1462,0.366289,0,0.36730558511293
0,753,0.185173,0,0.24798120430394804
0,2034,0.442066,0,0.5387059370166378
0,2582,0.441055,0,0.26356771853490996
0,7430,0.47865,0,0.4853274966852035
0,5924,0.070038,0,0.1524049024701377
0,3793,0.7888,0,0.8459220718017353
0,4473,0.113152,0,0.17194780831230017
0,6559,0.150933,0,0.27655596333308047
0,916,0.591452,0,0.6817310624387888
0,516,0.380334,0,0.3509041077013352
1,4600,0.991182,1,0.9768277932887032
1,3621,0.987378,1,0.9657882329670412
1,89,0.999419,1,0.9991468767105985
1,3632,0.997249,1,0.9920192700641196
1,6412,0.997566,1,0.9921977706464551
1,1675,0.990883,1,0.9887848162971166
1,1621,0.998845,1,0.9963124702843636
1,222,0.979933,1,0.9881460097288604
1,2295,0.998665,1,0.9979164867623154
1,3053,1.0,1,0.9999996412726583
1,1137,0.953752,1,0.978038603339345
1,1361,0.999063,1,0.9918792983988413
1,6545,0.999996,1,0.9999773913121882
1,1597,0.99999,1,0.9998455196754429
1,2387,0.891413,1,0.8935430442098288
1,807,0.999996,1,0.9999707484958942
1,5135,0.985852,1,0.9774824986645787
1,4433,0.999981,1,0.9999159148147996
1,3334,0.969097,1,0.9508188841092787
1,836,1.0,1,0.999998648631745
1,7499,0.999443,1,0.9951005500199395
1,4853,0.999974,1,0.9997034974429362
1,7098,0.887982,1,0.9499310096638164
1,2587,0.999469,1,0.99926179647267
1,2569,0.993468,1,0.9896601947528761
1,1929,0.990957,1,0.9872850307064529
1,1047,0.998043,1,0.9952657549766336
1,840,0.931172,1,0.9364435366152352
1,4836,0.910513,1,0.9447065460506886
1,2060,0.885087,1,0.8568231608521691
1,1212,0.939912,1,0.9373974892997826
1,5010,0.999923,1,0.9997303832454618
1,58,0.996866,1,0.9872191508600697
1,867,0.999901,1,0.9997948375069952
1,4672,0.994534,1,0.9826045181473776
1,3470,1.0,1,0.9999999976961937
1,4695,0.874787,1,0.8578246225913536
1,7425,0.883801,1,0.9047700772856812
1,6253,1.0,1,0.9999999130013291
1,2210,0.999586,1,0.9991450403562437
1,4153,0.868426,1,0.9004510318444648
1,3888,0.997327,1,0.9971432059034563
1,6954,0.999976,1,0.9998944894640663
1,5846,0.99999,1,0.9999683650262658
1,947,0.999411,1,0.9982861637680883
1,5661,0.996101,1,0.9831231870737082
1,7079,0.992376,1,0.983527337183787
1,6179,0.868594,1,0.8174918421128505
1,2251,0.9027,1,0.8480910110428856
1,237,1.0,1,0.9999964932962075
1,4808,0.998877,1,0.9973998195076269
1,2181,0.994957,1,0.9941131644478918
1,4206,0.886752,1,0.9383959823818459
1,1033,0.999987,1,0.9998871385714053
1,6426,0.999916,1,0.999324727129771
1,3429,0.865263,1,0.8578529447011138
1,6875,0.991308,1,0.985259737641937
1,330,0.996147,1,0.9912763485732501
1,6963,1.0,1,0.9999999997205193
1,4445,0.999944,1,0.9994489147587249
1,401,0.999998,1,0.9999918549157902
1,1854,0.999906,1,0.999868239545505
1,6689,0.994511,1,0.9956609528541756
1,5993,0.863258,1,0.8461653594192587
1,4876,0.999438,1,0.9972898658108308
1,2187,0.956964,1,0.9717750301071624
1,4863,0.979135,1,0.962754838285741
1,4212,0.995874,1,0.992945351358557
1,2591,0.999951,1,0.9998765511519361
1,3049,0.998716,1,0.9949873611915698
1,3123,0.999831,1,0.9996201179794694
1,1455,0.864832,1,0.866148736127153
1,219,0.947329,1,0.9512479642055021
1,3593,0.987438,1,0.9736775392164605
1,4825,0.87119,1,0.98471314475576
1,6818,0.989344,1,0.9869688270250836
1,2783,0.993315,1,0.9937054531657658
1,7325,0.999286,1,0.99728844192376
1,3077,0.982707,1,0.8426679767116863
1,3519,0.99808,1,0.9968774366523544
1,4096,0.999997,1,0.9999917521147997
1,5317,0.982591,1,0.9672458266154662
1,6739,0.991829,1,0.9606204430311557
1,6002,0.999997,1,0.9999729805559862
1,3003,0.999725,1,0.9993461883326344
1,2455,0.989684,1,0.9951097908266278
1,892,0.952012,1,0.8926805762609814
1,1925,0.147694,0,0.2065399086901828
1,326,0.566829,0,0.4366442313054991
1,1328,0.395646,0,0.5962717399621774
1,5094,0.562749,0,0.32446840730232507
1,5649,0.294977,0,0.4074335415138369
1,4480,0.63583,0,0.7738488608803878
1,2723,0.191169,0,0.14068056543871274
1,3646,0.357256,0,0.3704770514928084
1,6390,0.597741,0,0.5579928262285053
1,2370,0.080862,0,0.18413367031548009
1,442,0.273643,0,0.2577144657383521
1,4327,0.524364,0,0.6399317444554152
1,2363,0.029234,0,0.08498720254801849
1,6867,0.091947,0,0.1307206218146271
1,4180,0.05962,0,0.17951304699159862
1,5476,0.292322,0,0.41645537062871996
1,3764,0.063441,0,0.1396766527685519
1,2163,0.396373,0,0.2986007589374585
1,1020,0.543457,0,0.8779386278654129
1,2051,0.64441,0,0.4061499092973445
1,1596,0.096431,0,0.11225222656442016
1,6282,0.799456,0,0.7080874696540699
1,7352,0.317311,0,0.22469037631883276
1,7253,0.229477,0,0.5114184407240125
1,2490,0.709289,0,0.6782795030311057
1,6143,0.045865,0,0.10656855514180234
1,1567,0.087453,0,0.0715159594901029
1,6970,0.24567,0,0.1828531830214851
1,3990,0.612637,0,0.343575856563755
1,4236,0.038376,0,0.042168923281289225
1,5328,0.05057,0,0.07850433190600796
1,3901,0.230803,0,0.40326202052700755
1,699,0.026725,0,0.018344093097301506
1,476,0.735009,0,0.6507176140213706
1,7210,0.698936,0,0.7268105880155923
1,2799,0.26242,0,0.29265498138357976
1,3147,0.084362,0,0.1317144526882101
1,3755,0.113295,0,0.07562244023502845
1,1046,0.378047,0,0.27266396326080433
1,3465,0.6145,0,0.6110335944682491
1,2137,0.695478,0,0.5598346200207598
1,5719,0.180175,0,0.2363104642304465
1,1552,0.425336,0,0.4008228764652605
1,1676,0.496325,0,0.2279574370958581
1,1469,0.013643,0,0.028941827567272656
1,4439,0.093003,0,0.15988939289051493
1,4634,0.446252,0,0.3235557126224723
1,1214,0.283206,0,0.3207618131237495
1,968,0.049367,0,0.07938008597599057
1,7270,0.646344,0,0.7242117023184536
1,1949,0.026346,0,0.039303672084563805
1,980,0.541484,0,0.3307249109452087
1,4063,0.750012,0,0.7890397133354973
1,3813,0.301623,0,0.1854730456570362
1,4982,0.106482,0,0.28002327713868413
1,4843,0.587471,0,0.5719959510746192
1,814,0.123519,0,0.08063009023826945
1,3129,0.288364,0,0.399944220076632
1,4251,0.419267,0,0.5040421221853127
1,6687,0.319067,0,0.26185050146709904
1,6411,0.060223,0,0.08429192363289904
1,1373,0.163503,0,0.317728712018089
1,4648,0.753377,0,0.7191867533785786
1,1229,0.831789,0,0.8742442450285961
1,180,0.318594,0,0.2421407397089593
1,7447,0.118198,0,0.15413231317849263
1,5984,0.042526,0,0.07387740908805986
1,99,0.47466,0,0.4986676133304379
1,2534,0.52274,0,0.5019486218404642
1,5398,0.484923,0,0.5977911654203139
1,2413,0.108641,0,0.23717069042145858
1,7374,0.487311,0,0.2603006400776688
1,3460,0.083243,0,0.09268894232866624
1,2130,0.444154,0,0.5672866356322178
1,3597,0.103034,0,0.17968829055297683
1,3438,0.197068,0,0.3656326663406939
1,4041,0.069574,0,0.1377428193775238
1,5693,0.734751,0,0.5260744382249262
1,551,0.475092,0,0.5849080939057189
1,6758,0.335438,0,0.18583749229106566
1,4293,0.772167,0,0.7644140059058558
1,2158,0.126062,0,0.19365743624123832
1,2400,0.660023,0,0.5071764467953875
1,2200,0.476857,0,0.4463407357817427
1,3944,0.676185,0,0.5101692692506617
1,1028,0.268754,0,0.19103959816007315
1,1426,0.082751,0,0.04597801635408345
1,3616,0.477471,0,0.33120232089595825
1,2195,0.117892,0,0.3160886739823165
1,1281,0.535557,0,0.6021140910995664
1,1711,0.184593,0,0.26993519927609816
1,3096,0.532942,0,0.5060630373478635
1,1550,0.098868,0,0.14446382537271052
1,283,0.299901,0,0.29116684677599985
1,3142,0.65525,0,0.3647488344039829
1,2382,0.391815,0,0.3046067572561143
1,3933,0.024486,0,0.06585830398493002
1,2189,0.518406,0,0.47987324788184393
1,6834,0.026344,0,0.15033169136432536
1,3891,0.356658,0,0.5280768438626046
1,6598,0.666176,0,0.5957700131449065
1,74,0.035454,0,0.08683870104084496
1,3874,0.448632,0,0.5709653308949375
1,5288,0.419782,0,0.40773514135826017
1,3002,0.149205,0,0.32774813867540864
1,2679,0.152098,0,0.10135300928746883
1,250,0.528958,0,0.6329260280670592
1,1139,0.276867,0,0.441032384406464
1,1089,0.409405,0,0.7410063880968071
1,5212,0.156452,0,0.18487738733061726
1,1271,0.363735,0,0.3640535759329976
1,5312,0.065315,0,0.142871275312368
1,1966,0.354388,0,0.2522484662407587
1,761,0.072189,0,0.0670401622534421
1,6032,0.673556,0,0.6965838217216063
1,6565,0.049809,0,0.046125982997325454
1,2458,0.271646,0,0.2800252977688354
1,64,0.045191,0,0.16538901055246163
1,6537,0.583442,0,0.5353757741018801
1,6901,0.066053,0,0.2846982242716769
1,5636,0.111975,0,0.12653917675140003
1,3216,0.356006,0,0.4584509804454523
1,2487,0.53171,0,0.4944948256486976
1,5267,0.665608,0,0.9057161396558152
1,5316,0.694676,0,0.5550448018801694
1,2297,0.527828,0,0.42723441113845584
1,6335,0.416938,0,0.6807548556733011
1,1309,0.753108,0,0.7142271476859168
1,1829,0.357655,0,0.3591446419690315
1,7060,0.053859,0,0.17600613011221075
1,4237,0.148747,0,0.13724496715974646
1,145,0.76517,0,0.7834823280045755
1,5646,0.184166,0,0.2930864905372902
1,4752,0.770548,0,0.8093172872409512
1,5229,0.14207,0,0.14179752967742185
1,1518,0.694764,0,0.555638550848157
1,7191,0.308133,0,0.25897870392906386
1,7244,0.200633,0,0.2758544000407027
1,868,0.105566,0,0.19453354212240548
1,6823,0.601356,0,0.637549538317716
1,3195,0.670174,0,0.4667619202706587
1,396,0.158737,0,0.2996584232173058
1,3240,0.163595,0,0.10216209611049222
1,6599,0.329886,0,0.3742239042117251
1,4671,0.395096,0,0.3290417020619257
1,6593,0.575811,0,0.3670902579201682
1,4539,0.027514,0,0.03397617330446504
1,4324,0.09612,0,0.14151905617298363
1,3325,0.779529,0,0.8867886571157919
1,3904,0.217039,0,0.1870735488055191
1,6706,0.028246,0,0.11820742956674496
1,5639,0.376912,0,0.5363288880669564
1,1282,0.160969,0,0.33662540987023604
1,2766,0.784515,0,0.8499991914966968
1,1733,0.158287,0,0.24132181913759668
1,3685,0.077071,0,0.17516649848227273
1,1935,0.368649,0,0.3076675189452259
1,762,0.102139,0,0.11805922626287133
1,7188,0.137751,0,0.05909691193166868
1,6290,0.541647,0,0.43529676902063014
1,2233,0.665437,0,0.6138122600946068
1,2459,0.164262,0,0.21452167001395508
1,4235,0.110217,0,0.15038615643591988
1,3790,0.191183,0,0.17091067600142187
1,239,0.80186,0,0.6438863992249775
1,6734,0.100553,0,0.10881128744738383
1,6935,0.231319,0,0.15066592344471944
1,2939,0.2263,0,0.2098905442044416
1,1042,0.047219,0,0.06265800619270284
1,3076,0.177678,0,0.14976739663137945
1,5579,0.140102,0,0.1854895049425039
1,4931,0.491423,0,0.40540365079984086
1,1397,0.253539,0,0.33637987568704597
1,4443,0.11782,0,0.18243167619782732
1,6906,0.299045,0,0.32634307036027127
1,4479,0.472791,0,0.31846016661022136
1,4970,0.348497,0,0.2519974188854617
1,3366,0.125191,0,0.16522736056440476
1,2893,0.058917,0,0.15443322762693462
1,6961,0.281026,0,0.3169065140322949
1,1457,0.107862,0,0.0896615917412558
1,5222,0.34822,0,0.37828753279388544
1,2952,0.166324,0,0.162449255993137
1,4668,0.0737,0,0.16767613481737453
1,5818,0.46587,0,0.4570525556830392
1,5518,0.838846,0,0.8689295907854842
1,2114,0.808,0,0.604912113017695
1,5167,0.543486,0,0.4172497861945908
1,371,0.111508,0,0.12428423311463536
1,4414,0.644562,0,0.565711090461871
1,6329,0.161285,0,0.25815143556137493
1,400,0.383776,0,0.4535942776669178
1,4506,0.144563,0,0.22572396865661415
1,531,0.748386,0,0.7629282781530239
1,92,0.496354,0,0.48077956042486636
1,2954,0.252479,0,0.257870300407887
1,5762,0.323497,0,0.40282290165767787
1,6840,0.197293,0,0.2285631260096536
1,1515,0.6766,0,0.6621100038121632
1,4500,0.207217,0,0.1627445276427287
1,2279,0.766605,0,0.5455931534134638
1,2155,0.366485,0,0.3828099012351566
1,3920,0.115172,0,0.14959704050302977
1,2724,0.074342,0,0.18628436581568855
1,4724,0.301554,0,0.3847190052905572
1,3126,0.370751,0,0.2485973116614027
1,6637,0.051178,0,0.16189290989004218
1,4474,0.232808,0,0.24446181583320922
1,1813,0.590475,0,0.45450253199474233
1,918,0.607271,0,0.5070595055702852
1,1146,0.167628,0,0.26403143751186975
1,1314,0.60379,0,0.5968646453493014
1,3454,0.800935,0,0.6222742456098849
1,3682,0.067234,0,0.13102787855498568
1,3851,0.636379,0,0.46284984157923664
1,3548,0.082916,0,0.15814413490172716
1,4651,0.053516,0,0.10404572354634839
1,5233,0.130215,0,0.1891225985836051
1,469,0.472151,0,0.4580655045132576
1,2485,0.124617,0,0.13241184582415644
1,1692,0.263869,0,0.43976036991395184
1,4826,0.537365,0,0.3930112706134931
1,7340,0.466122,0,0.1995036014433996
1,1606,0.034909,0,0.02149227474888823
1,6865,0.419732,0,0.6072182142676895
1,95,0.05376,0,0.07128133478391714
1,811,0.303764,0,0.20717399371989895
1,134,0.461521,0,0.21447870975998343
1,3156,0.065159,0,0.10706124234424573
1,6080,0.345732,0,0.3281686961131468
1,3794,0.022228,0,0.0449967189192549
1,7403,0.080252,0,0.17524187421413726
1,1833,0.265041,0,0.15671592176230725
1,6857,0.289455,0,0.39588690469372495
1,4016,0.784437,0,0.878708982506249
1,6999,0.635054,0,0.5928169910675151
1,7304,0.700339,0,0.7133525191607171
1,3522,0.4593,0,0.29864928803598084
1,1088,0.017307,0,0.10828731274797715
1,6759,0.444256,0,0.3458244508069517
1,5361,0.606734,0,0.547525345244528
1,3554,0.328524,0,0.6059597986082708
1,5776,0.187113,0,0.15803145167539756
1,2235,0.454122,0,0.3164509584261801
1,3368,0.718394,0,0.6261080248647863
1,7433,0.104356,0,0.11359412933258492
1,2029,0.84656,0,0.7219172439548021
1,2031,0.024828,0,0.05434741902141108
1,2696,0.051809,0,0.06847026197293837
1,472,0.712173,0,0.5961349671306624
1,786,0.267565,0,0.4222828195507313
1,3639,0.445696,0,0.5728550102301189
1,4627,0.278428,0,0.3008611592172465
1,1154,0.63954,0,0.5408794569789461
1,3925,0.165032,0,0.21229756861907312
1,1738,0.804501,0,0.7899143992068752
1,4285,0.208541,0,0.33310107013649626
1,4845,0.266476,0,0.34990924792503764
1,1624,0.03551,0,0.06632579850013685
1,5922,0.321671,0,0.2523679450085609
1,5667,0.774193,0,0.71982078062268
1,81,0.257776,0,0.40008720168888645
1,6765,0.561312,0,0.5210333554706595
1,723,0.053115,0,0.20488221920478117
1,6215,0.819137,0,0.8545483063209816
1,3555,0.623112,0,0.6044523544401227
1,1653,0.032692,0,0.11604025923301622
1,3529,0.583877,0,0.5360290516682045
1,3913,0.620013,0,0.4243621742734743
1,6974,0.079259,0,0.19275006624276023
1,1200,0.49496,0,0.37366056847568396
1,1540,0.146087,0,0.23647896757162562
1,2422,0.004793,0,0.018813533479610234
1,3116,0.170818,0,0.36810672690410284
1,6841,0.022361,0,0.029012117577133643
1,4523,0.041377,0,0.04163324663278435
1,38,0.596583,0,0.6747896894992832
1,98,0.129209,0,0.2538825742081282
1,4214,0.397736,0,0.2623844969870389
1,591,0.087608,0,0.10645830903106392
1,124,0.546582,0,0.5020897047462298
1,5037,0.429525,0,0.25474589385302304
1,1356,0.581373,0,0.4058361944321139
1,923,0.380596,0,0.2757707827560579
1,7400,0.224851,0,0.19267345427437432
1,1609,0.413668,0,0.3464871277238102
1,704,0.342526,0,0.29104289611972256
1,7274,0.152229,0,0.28152210036525205
1,2918,0.071006,0,0.08525110444865576
1,5581,0.779683,0,0.33337830976123417
1,259,0.460873,0,0.44710011661634746
1,1228,0.396825,0,0.40836325164812215
1,5076,0.099378,0,0.18286076919468378
1,992,0.158529,0,0.22750110276031912
1,3229,0.231846,0,0.14204367822311392
1,208,0.276322,0,0.23701768921190583
1,3418,0.343096,0,0.41571246224785646
1,2157,0.839875,0,0.8240565694850258
1,4238,0.129201,0,0.30221794649302725
1,3924,0.035605,0,0.05525877070977812
1,6936,0.777498,0,0.6100747207544309
1,2337,0.00112,0,0.0029764684094771145
1,2537,0.180878,0,0.32905417072860194
1,5879,0.182136,0,0.2466289835935278
1,1295,0.245773,0,0.5693692741463232
1,5355,0.062272,0,0.06212066980542747
1,1992,0.133027,0,0.1339096620034548
1,3405,0.213928,0,0.19886825834604346
1,395,0.32401,0,0.3136389708999402
1,6544,0.202422,0,0.19734527554322673
1,2849,0.755989,0,0.7318358601279068
1,7064,0.240714,0,0.4354154541430433
1,5612,0.14918,0,0.11288597321321586
1,363,0.597395,0,0.4564846702376068
1,2170,0.468456,0,0.6220007046344834
1,6711,0.442518,0,0.7130032801561355
1,6440,0.458306,0,0.5677355240881469
1,7288,0.093168,0,0.197809167881355
1,1115,0.193828,0,0.11707542449445955
1,7117,0.151561,0,0.07177493847709365
1,486,0.15697,0,0.1721931126058526
1,3046,0.414461,0,0.22761513494682004
1,3474,0.251814,0,0.132762145725739
1,1383,0.476471,0,0.3143938611238187
1,6447,0.029172,0,0.03800994770567473
1,2178,0.069831,0,0.17420115099454572
1,914,0.112049,0,0.3233033796825834
1,6130,0.094956,0,0.12795009657357492
1,1529,0.75978,0,0.7185334150306375
1,4750,0.408245,0,0.3369937195314831
1,3777,0.605281,0,0.507320353658253
1,2555,0.744032,0,0.5806009394397491
1,19,0.328537,0,0.4183894126926903
1,6809,0.165571,0,0.2510316417139775
1,906,0.272458,0,0.3178150453156796
1,6563,0.083669,0,0.22348338079460775
1,2658,0.308141,0,0.28745983607549486
1,2695,0.078328,0,0.05368774190252009
1,3288,0.623108,0,0.42780488028935604
1,1432,0.414312,0,0.45200136811490216
1,3203,0.285996,0,0.2817283687476095
1,171,0.333037,0,0.23944746939534572
1,5240,0.179598,0,0.11004058839274092
1,785,0.281454,0,0.25714923531677497
1,6733,0.180129,0,0.13058222157622365
1,3959,0.362689,0,0.5415620074684451
1,4367,0.057095,0,0.12203166787546758
1,4160,0.625771,0,0.5543369439125506
1,3774,0.675082,0,0.5809104931662287
1,3918,0.413027,0,0.18866377800871809
1,6153,0.630074,0,0.6135400514812785
1,3552,0.1378,0,0.1986833764127237
1,4516,0.805786,0,0.8987315941769484
1,2884,0.148391,0,0.11701815481133664
1,109,0.773087,0,0.7848361749884567
1,6764,0.092943,0,0.1103868134594093
1,3272,0.459092,0,0.4624968292428063
1,264,0.720217,0,0.9484688176465293
1,3285,0.785737,0,0.9625661889119496
1,6200,0.233344,0,0.43746263472866276
1,5425,0.400994,0,0.3019410438901621
1,5617,0.628941,0,0.6261346304785643
1,6705,0.096847,0,0.08878383343200802
1,4426,0.514568,0,0.5237221042892276
1,4229,0.351711,0,0.4054090039933732
1,894,0.83848,0,0.9517157837754457
1,3678,0.16627,0,0.1688432408208108
1,263,0.067058,0,0.04448662892812448
1,4505,0.245071,0,0.19904333682090752
1,6079,0.164982,0,0.2056686854583645
1,5806,0.729277,0,0.7214608366746154
1,5903,0.525344,0,0.46870475132058076
1,1969,0.237388,0,0.28554844737389634
1,4080,0.014656,0,0.029648562118176527
1,3807,0.337694,0,0.28956125823384826
1,1444,0.536467,0,0.5747475151507856
1,710,0.024215,0,0.04071986235099854
1,5263,0.510837,0,0.5875975489293694
1,848,0.651629,0,0.43700846829524487
1,243,0.116455,0,0.0991006926653057
1,2671,0.682723,0,0.4214754251411462
1,4588,0.554231,0,0.6343395723899141
1,6162,0.674211,0,0.6496348417341147
1,6975,0.149929,0,0.24012138435134484
1,2694,0.424746,0,0.3312096891831769
1,4116,0.190623,0,0.2841266208961834
1,1168,0.220875,0,0.175131346243517
1,4102,0.713044,0,0.5023059615996528
1,6477,0.145266,0,0.28906497730588315
1,4884,0.056441,0,0.09305368951986728
1,4397,0.408324,0,0.5154027857484327
1,2305,0.554815,0,0.5294006341778527
1,4232,0.138732,0,0.16645385880465907
1,1753,0.617737,0,0.7269281776266252
1,6117,0.066899,0,0.07992954199736063
1,2050,0.500643,0,0.3973649069782944
1,6147,0.649379,0,0.43594802784302805
1,1054,0.19377,0,0.22984571256853875
1,3727,0.735785,0,0.7138351886738314
1,798,0.344738,0,0.4171154340869992
1,6259,0.441814,0,0.5258396139899251
1,4491,0.2782,0,0.15537732817602964
1,573,0.643689,0,0.49965704675933187
1,5623,0.102198,0,0.0949956511358063
1,194,0.435112,0,0.23271028635032132
1,6622,0.097691,0,0.16224111165662983
1,3052,0.381009,0,0.44571988928724016
1,6892,0.083003,0,0.15111280939983207
1,4991,0.421232,0,0.4672281386980117
1,4400,0.040921,0,0.11571829428179986
1,2231,0.090938,0,0.08716866209868793
1,7182,0.755242,0,0.5756960419382245
1,6996,0.141809,0,0.15355655324841322
1,3852,0.451484,0,0.3659151655698464
1,5574,0.406121,0,0.5017529273693304
1,6280,0.1053,0,0.1247907985404889
1,7066,0.305355,0,0.3170413427531727
1,6309,0.008149,0,0.007778068383132088
1,5812,0.461956,0,0.19331624261659439
1,981,0.148965,0,0.2687938674638864
1,6710,0.8039,0,0.9241257320325164
1,3716,0.031614,0,0.11524762235403005
1,955,0.329057,0,0.602456445077577
1,6428,0.156878,0,0.14461589526983534
1,1719,0.086091,0,0.11499649727318467
1,225,0.110376,0,0.15841791581557713
1,6494,0.197448,0,0.2728064647970691
1,3645,0.093934,0,0.10418708883326487
1,1516,0.58356,0,0.5220346679507428
1,5920,0.015833,0,0.0464362521263098
1,1617,0.343291,0,0.2310321691711098
1,1380,0.307425,0,0.28659328537094836
1,5928,0.444901,0,0.541104581961344
1,3099,0.396117,0,0.3286855722908638
1,5074,0.830717,0,0.6748672509130998
1,6474,0.766257,0,0.6150870245748559
1,1819,0.347911,0,0.46488225761876467
1,2601,0.106343,0,0.2093741653518065
1,5255,0.104517,0,0.061314705666332646
1,2548,0.645313,0,0.5394739956014133
1,2889,0.679999,0,0.6356091366834375
1,1496,0.509717,0,0.5002076220288653
1,549,0.321967,0,0.2714637540153355
1,6356,0.766324,0,0.6763318780909146
1,2838,0.137581,0,0.2189949146838225
1,6986,0.243966,0,0.27022811736785973
1,3844,0.150534,0,0.2589982767858056
1,624,0.197736,0,0.2826715727838632
1,3967,0.531562,0,0.41206437465875617
1,6207,0.269231,0,0.2167045511787147
1,2942,0.579115,0,0.3493217314658337
1,3702,0.345524,0,0.1338786862089305
1,957,0.361252,0,0.4203303819698823
1,1825,0.12434,0,0.11276113860993336
1,3598,0.562407,0,0.5512360685112161
1,6225,0.292085,0,0.24197243732897125
1,3463,0.008982,0,0.03799950586927974
1,6360,0.222466,0,0.5353054883444075
1,7299,0.666814,0,0.3176592608302329
1,4097,0.306325,0,0.13708967440016967
1,2776,0.44163,0,0.33947970725837806
1,189,0.072665,0,0.1658943074399856
1,1175,0.818363,0,0.5206421937776122
1,4541,0.120782,0,0.3592688679644867
1,6314,0.703272,0,0.6164185308106553
1,5016,0.095441,0,0.33946441712378267
1,6381,0.8296,0,0.874067258861944
1,5219,0.294865,0,0.2658098475743354
1,1662,0.048192,0,0.0741644958874773
1,557,0.264353,0,0.2624237370339608
1,7465,0.81915,0,0.968814575494046
1,3282,0.4708,0,0.3246614569857091
1,7441,0.072206,0,0.093752350599397
1,5180,0.250359,0,0.34237528339131745
1,560,0.740984,0,0.698732451790718
1,1639,0.132283,0,0.23481673249208962
1,2267,0.176878,0,0.32790846513784866
1,3669,0.31477,0,0.13808028681958348
1,6138,0.401832,0,0.39506561121983524
1,3373,0.125851,0,0.12482499601735238
1,6331,0.041534,0,0.05361314750077829
1,5680,0.097402,0,0.2446271401070819
1,2004,0.412848,0,0.47369217991895973
1,3263,0.334698,0,0.20282872849663125
1,4710,0.135825,0,0.1729616644637438
1,5858,0.26573,0,0.28162311789501804
1,1898,0.730228,0,0.6510332959181014
1,7112,0.673344,0,0.8561885633822571
1,4094,0.508816,0,0.37927476769563334
1,4091,0.770337,0,0.6423806519354663
1,491,0.24941,0,0.2382944499541456
1,1246,0.082369,0,0.14349974572319577
1,3629,0.184508,0,0.17512821256506358
1,820,0.263777,0,0.2581185776553966
1,2334,0.272068,0,0.12970711295570886
1,810,0.38088,0,0.5697288521950361
1,5898,0.466824,0,0.4545712117771207
1,384,0.170891,0,0.23865517593762953
1,5459,0.275533,0,0.16945251973831152
1,4725,0.055907,0,0.03245766024495906
1,5587,0.027701,0,0.05819313070218018
1,5682,0.728637,0,0.4965834797418091
1,6575,0.202929,0,0.49785231432680815
1,6224,0.331008,0,0.31479603192362254
1,663,0.452727,0,0.489127001921729
1,806,0.764379,0,0.6507106051394754
1,3446,0.154858,0,0.2345946774720672
1,3289,0.761874,0,0.8484322662417692
1,482,0.198227,0,0.32898613063248244
1,3214,0.06849,0,0.13703558412882344
1,5464,0.315325,0,0.3045065657835702
1,413,0.226571,0,0.1593600079384939
1,3906,0.482643,0,0.3863296340916354
1,5883,0.822969,0,0.8482506565413988
1,3378,0.112634,0,0.13765809235704687
1,3691,0.243323,0,0.0991400551356366
1,5556,0.660956,0,0.5957509185229252
1,3587,0.305558,0,0.24525622637930933
1,1270,0.202449,0,0.23460067048712405
1,6232,0.090203,0,0.2308235088624177
1,2291,0.054255,0,0.10707259127682305
1,606,0.593754,0,0.5028138482890078
1,1237,0.494724,0,0.4859785883533008
1,1203,0.186714,0,0.23502021838131365
1,3509,0.120014,0,0.09440278896553493
1,856,0.626653,0,0.39393612984641285
1,3409,0.733675,0,0.5987837417013236
1,1165,0.281549,0,0.31786589917759833
1,3227,0.159435,0,0.19184820399403404
1,2153,0.812944,0,0.7332730630511562
1,1769,0.370531,0,0.30829597453332874
1,4629,0.229165,0,0.3189018017353107
1,2751,0.600286,0,0.33766982139713275
1,182,0.162377,0,0.22816575777690662
1,1435,0.027898,0,0.07045438118379975
1,6797,0.414696,0,0.31745983587039844
1,3636,0.732605,0,0.6458670101208909
1,4926,0.139275,0,0.21269473785410437
1,2258,0.198235,0,0.2730930286916929
1,5968,0.786395,0,0.705962801731086
1,308,0.045359,0,0.04230953412153331
1,5585,0.296904,0,0.2099091427398683
1,4066,0.069352,0,0.18245577321718617
1,5109,0.15825,0,0.13675086187696034
1,1494,0.140694,0,0.10714943631812356
1,6005,0.609458,0,0.5600263774157598
1,900,0.500464,0,0.5301395118000353
1,816,0.049361,0,0.057641865173509124
1,6763,0.311833,0,0.2565057920439678
1,3599,0.34401,0,0.30144788059384897
1,312,0.028708,0,0.0760693219099545
1,4578,0.397196,0,0.48722825748946713
1,477,0.545082,0,0.43523897537536516
1,3087,0.27171,0,0.16373944569607068
1,6747,0.733277,0,0.7870170663439826
1,6222,0.191412,0,0.24585582954299648
1,5800,0.231753,0,0.16358358635502726
1,3804,0.320627,0,0.2876012572606208
1,1495,0.237245,0,0.445491544481665
1,6773,0.339679,0,0.2739408970684174
1,7222,0.177143,0,0.18706538975671988
1,617,0.144854,0,0.10668156141180708
1,2568,0.740922,0,0.5602869114475889
1,6589,0.650516,0,0.6703946710833161
1,117,0.231521,0,0.2792217669400313
1,507,0.008014,0,0.044423346913422604
1,692,0.01848,0,0.031918704606466314
1,1936,0.20336,0,0.23292374067413524
1,577,0.743772,0,0.6975904780681074
1,3014,0.427906,0,0.4886629966030025
1,241,0.306071,0,0.3507537353856082
1,1359,0.058451,0,0.1920763175659025
1,6338,0.529978,0,0.562741317906914
1,5734,0.154743,0,0.11039098152689131
1,3444,0.071959,0,0.09972007736601271
1,4916,0.036361,0,0.06719130481614423
1,5460,0.059392,0,0.16639964117576178
1,5194,0.137254,0,0.18566898837773319
1,5664,0.235602,0,0.16489013001505892
1,1045,0.773647,0,0.7872307145510228
1,2249,0.404114,0,0.5316535359029537
1,3287,0.037016,0,0.139110593817857
1,6594,0.390409,0,0.39987267565340023
1,3728,0.844191,0,0.7319619200263731
1,2494,0.115968,0,0.2474314976041769
1,112,0.558015,0,0.39260149750241635
1,7387,0.07157,0,0.11019104552688679
1,5036,0.080518,0,0.07140807804244399
1,2800,0.395457,0,0.40760819975086854
1,3174,0.829568,0,0.6969741669103019
1,1974,0.515349,0,0.6022972367780681
1,6998,0.342884,0,0.43903893338630023
1,5087,0.35526,0,0.1683579379085798
1,6006,0.587214,0,0.40942454026172126
1,6503,0.278394,0,0.2953193038452301
1,6730,0.096944,0,0.15493598139474873
1,3453,0.018908,0,0.04671111901858316
1,1489,0.189585,0,0.27324284368985197
1,1755,0.401726,0,0.3860224767189793
1,3264,0.228157,0,0.3251337993200794
1,5490,0.562098,0,0.46955474571143185
1,1304,0.503433,0,0.4989207066227705
1,3107,0.277181,0,0.2902187352138436
1,1208,0.432279,0,0.4160640128580043
1,3033,0.024781,0,0.07068306264476305
1,714,0.336264,0,0.28401019201336114
1,437,0.360115,0,0.48319431279739966
1,5628,0.144945,0,0.3772225967865532
1,7435,0.141841,0,0.2628218994090328
1,5480,0.314757,0,0.15546195580151892
1,6166,0.127594,0,0.24751561347846382
1,1015,0.650301,0,0.35904171112632455
1,5819,0.787847,0,0.46708626236674566
1,5175,0.694982,0,0.38856858986465564
1,6315,0.491211,0,0.5943619319927856
1,5523,0.762054,0,0.7227075719719908
1,1520,0.631741,0,0.5798875328814359
1,414,0.825443,0,0.6214670707029201
1,5771,0.617212,0,0.4912340311400194
1,4718,0.477993,0,0.51251850739346
1,3782,0.150754,0,0.16407302309429073
1,5433,0.828573,0,0.6724252571087757
1,280,0.765161,0,0.6535471565357004
1,821,0.074208,0,0.07692185017627486
1,2211,0.091738,0,0.10491720235079084
1,2713,0.449286,0,0.21910117707945234
1,611,0.327954,0,0.41318604769277795
1,6085,0.058469,0,0.0702123871600815
1,2193,0.219755,0,0.12473212368448001
1,76,0.456231,0,0.4638945735935771
1,4980,0.180028,0,0.2045031103432069
1,5895,0.129265,0,0.09137356141242362
1,3071,0.0266,0,0.049438740117669695
1,541,0.17773,0,0.18490919315849733
1,1059,0.107202,0,0.3549424287697781
1,1846,0.592717,0,0.4876141933022788
1,4298,0.788247,0,0.6893110732892296
1,5907,0.281392,0,0.1962331927162107
1,6093,0.100393,0,0.2010091122751036
1,5199,0.076971,0,0.1436525936302416
1,6061,0.848408,0,0.7655706502765915
1,7041,0.44133,0,0.44703509946766773
1,4329,0.672972,0,0.6709443686019506
1,3222,0.368081,0,0.4159869479599348
1,521,0.609401,0,0.3879265195691235
1,3211,0.104973,0,0.21371310612886385
1,3570,0.64385,0,0.7156490744760121
1,1009,0.166562,0,0.1870143816816829
1,1908,0.128104,0,0.18904105995562898
1,7223,0.568738,0,0.476126350327499
1,3260,0.739587,0,0.7556653535283088
1,2014,0.73675,0,0.646324189582935
1,5340,0.362951,0,0.4564781123365624
1,4589,0.440387,0,0.5715641105845947
1,480,0.293876,0,0.3039734869194478
1,3170,0.066682,0,0.11864816931372535
1,1915,0.430889,0,0.5574304529610606
1,5152,0.8394,0,0.6177466610486717
1,4310,0.232901,0,0.19799635779715155
1,6977,0.086546,0,0.12461788428848565
1,1040,0.232018,0,0.33526536457267997
1,2126,0.305651,0,0.32279464475382263
1,3720,0.840507,0,0.816839449486524
2,1342,0.977638,1,0.9623499931739945
2,673,0.896139,1,0.7993623211287676
2,7391,0.899882,1,0.7699376940981857
2,724,1.0,1,0.9999999999286684
2,7107,0.9964,1,0.995188038039651
2,6394,0.999628,1,0.9997027421332348
2,1277,0.86621,1,0.8853600438455166
2,3,0.926975,1,0.7838732834020493
2,5133,0.978359,1,0.9532444555071564
2,822,0.999676,1,0.9992636657714833
2,6217,0.97749,1,0.9132023483946582
2,5256,0.991497,1,0.9737201507684239
2,3376,0.998907,1,0.9985965495317695
2,3798,0.994964,1,0.9930777669695763
2,2016,0.940664,1,0.9528391202084392
2,6920,0.943922,1,0.7848021286385032
2,6190,0.892883,1,0.8050904642024818
2,2489,0.994508,1,0.9923716874038485
2,3027,0.8571,1,0.7360565677932442
2,2224,0.999986,1,0.9999306388665757
2,2545,0.999715,1,0.9982790606166297
2,5686,0.902822,1,0.9099574812713178
2,6649,0.998465,1,0.9935211709390988
2,5376,0.999993,1,0.9999624227561564
2,1735,0.999553,1,0.9993927010182782
2,5462,0.865586,1,0.8785767278541656
2,4996,0.995321,1,0.9803163262060941
2,5795,0.999998,1,0.9999918579197214
2,399,0.950926,1,0.9439606469395674
2,3957,0.998559,1,0.9960272806871854
2,6968,0.911901,1,0.8447649555031717
2,6722,0.987918,1,0.9765225158379791
2,6154,0.998573,1,0.99350886075764
2,3679,0.994732,1,0.9937407431390259
2,5291,0.856574,1,0.9730024640996991
2,2149,0.99144,1,0.9910193336570994
2,93,0.863108,1,0.6647481470290438
2,5007,0.999878,1,0.9994292985276717
2,5790,0.998964,1,0.9967877650806601
2,6008,0.999887,1,0.9995899041497607
2,4870,0.996136,1,0.9929490301181236
2,3590,0.999997,1,0.9999772243067196
2,6036,0.999937,1,0.9997028624621644
2,2425,0.992429,1,0.9858009861201117
2,4563,0.996026,1,0.9925033316213759
2,1987,0.999819,1,0.9994226563772354
2,6713,1.0,1,0.999995927944347
2,6768,0.995536,1,0.9944387768360844
2,7069,0.997493,1,0.9957854933838246
2,2049,0.891345,1,0.7739686360221438
2,1352,0.999834,1,0.999450519134211
2,1522,1.0,1,0.9999999241693787
2,3210,1.0,1,0.9999999958410255
2,2336,0.999731,1,0.9984109928022208
2,7293,0.987839,1,0.9858351250030645
2,2294,0.999989,1,0.9998819180663231
2,2167,0.998466,1,0.9974990115626731
2,2549,0.936167,1,0.8722044751311767
2,3549,0.861734,1,0.8030416315612057
2,6697,0.99443,1,0.993822262024239
2,5725,0.994777,1,0.9924829253775174
2,2691,0.994508,1,0.9958419354653107
2,6618,0.999938,1,0.9995263653656293
2,5866,0.999973,1,0.9999362310837541
2,3145,0.999998,1,0.9999885574815316
2,3337,0.999545,1,0.9985433849405754
2,6001,0.999997,1,0.9999723369600537
2,1322,0.853154,1,0.8776873822300967
2,7292,0.996454,1,0.9919400592265671
2,1360,0.871858,1,0.647849631210504
2,2048,0.956252,1,0.937299338709906
2,5143,0.998033,1,0.9832199694036491
2,5666,0.999983,1,0.999899255920529
2,547,0.860253,1,0.7550392536077375
2,1844,0.999956,1,0.9996679724651742
2,1923,0.981644,1,0.9426696789704683
2,420,1.0,1,0.9999998254076093
2,5141,0.855524,1,0.8792996058396615
2,7330,0.999651,1,0.9985288309182669
2,6715,0.999852,1,0.9997507689527203
2,7456,0.998009,1,0.9941734580402083
2,3987,0.983572,1,0.9894472701901883
2,115,0.994808,1,0.9936831918884638
2,1652,0.991353,1,0.9907787639934299
2,1640,0.996325,1,0.99445645135961
2,3816,0.876799,1,0.890349349175097
2,2546,0.987982,1,0.9575193718432166
2,3912,0.325862,0,0.21313418293715294
2,2345,0.615024,0,0.5816250631110395
2,6264,0.310319,0,0.23237548937951324
2,4777,0.191574,0,0.18319415954753732
2,6885,0.025396,0,0.09073145178838747
2,3271,0.074856,0,0.2789113671386531
2,4336,0.028737,0,0.10752111644600856
2,6640,0.622239,0,0.6283407899738543
2,5756,0.697953,0,0.46399219667688907
2,5573,0.435169,0,0.5036382572373463
2,1405,0.34909,0,0.2607515686148373
2,6911,0.796549,0,0.6704260373367225
2,5886,0.081958,0,0.12554431138709019
2,4817,0.479906,0,0.43876711242959343
2,5684,0.267913,0,0.33514761686784583
2,1768,0.604842,0,0.5526712812601727
2,1243,0.543717,0,0.7201133311089175
2,6553,0.342355,0,0.31199372762058175
2,3828,0.413832,0,0.3611805720105428
2,3640,0.672469,0,0.7167850900363153
2,1160,0.07092,0,0.16344161814591282
2,6639,0.010104,0,0.0095500852096533
2,593,0.583104,0,0.5843713117240885
2,2544,0.100129,0,0.07644903408787838
2,4670,0.426019,0,0.348860421885782
2,2515,0.192277,0,0.16336751581579287
2,2636,0.070554,0,0.08902209567219908
2,6658,0.719407,0,0.5270146973804362
2,2627,0.353687,0,0.1633341358624754
2,2460,0.630238,0,0.6025191283015688
2,6925,0.140804,0,0.2647960253574198
2,7431,0.696973,0,0.6604212589691358
2,812,0.03301,0,0.0516412998264038
2,5916,0.32902,0,0.13982562808124327
2,5023,0.367675,0,0.4230845909794472
2,6781,0.319481,0,0.2925590036314822
2,6101,0.171595,0,0.3205303887745887
2,5089,0.241074,0,0.28222191691549503
2,2353,0.002654,0,0.01646373411258652
2,4279,0.697137,0,0.5411976676740983
2,2501,0.226425,0,0.32974844010227516
2,1981,0.23199,0,0.2661705390328002
2,5539,0.209732,0,0.3110619625727353
2,2018,0.522845,0,0.3227272365486279
2,1488,0.1703,0,0.16126428675564797
2,6568,0.515846,0,0.6288064049387287
2,5653,0.323183,0,0.3217196623599885
2,7019,0.12162,0,0.24730247338610611
2,3544,0.698323,0,0.6393089157051324
2,6955,0.579479,0,0.5056631296563138
2,1293,0.582757,0,0.6188761513889909
2,532,0.112612,0,0.19882682512786254
2,1257,0.808188,0,0.7505062208278389
2,3714,0.518169,0,0.36169166633681427
2,2134,0.043509,0,0.06665270199068339
2,543,0.670376,0,0.6192900477114702
2,744,0.208068,0,0.3687247445477919
2,6783,0.832714,0,0.7871918167838724
2,4455,0.254428,0,0.23513491290539723
2,6782,0.465882,0,0.5742839682877008
2,4241,0.249998,0,0.22868762096365988
2,1695,0.401411,0,0.4374629380269235
2,7455,0.602389,0,0.6454844504984971
2,7355,0.187917,0,0.1495563353500706
2,1037,0.556777,0,0.40752287054501457
2,1823,0.814928,0,0.6338649142713295
2,3700,0.046488,0,0.11542443647432232
2,1002,0.205397,0,0.28251207714521137
2,7151,0.320606,0,0.353343835197656
2,1236,0.083707,0,0.12118353057656743
2,5905,0.78351,0,0.648374719162492
2,3853,0.288263,0,0.5268443624735453
2,2236,0.207994,0,0.3242961938788913
2,2310,0.228435,0,0.23115519082042899
2,2269,0.065399,0,0.07027348691531392
2,2319,0.352871,0,0.2566366808347146
2,858,0.485351,0,0.5005470130045713
2,3226,0.0857,0,0.10799571998466623
2,1316,0.582206,0,0.2930118481635159
2,3859,0.572364,0,0.5004199125687069
2,5817,0.072755,0,0.13141048975982716
2,6973,0.321943,0,0.2854442832661104
2,7074,0.562473,0,0.8314757780127038
2,2755,0.196759,0,0.2692643037648584
2,1837,0.304355,0,0.2911497416907557
2,4460,0.21704,0,0.2979745410733274
2,736,0.104991,0,0.1390323419207498
2,2774,0.779477,0,0.6237290596210218
2,2092,0.530783,0,0.5656717373714717
2,3281,0.692941,0,0.6306218057297713
2,974,0.286578,0,0.318735508541352
2,4620,0.773124,0,0.5882104682037519
2,5418,0.210049,0,0.14653008880965307
2,1572,0.441827,0,0.5800203729828393
2,4918,0.206846,0,0.38767617960074785
2,6488,0.159098,0,0.09857131627404553
2,309,0.845219,0,0.957286215589805
2,3686,0.01161,0,0.012794535424201664
2,3883,0.187731,0,0.14900667120500619
2,6754,0.336753,0,0.5121822196230933
2,4944,0.464201,0,0.45185778876846266
2,6400,0.52732,0,0.4384119054346343
2,5049,0.28121,0,0.3589920222458246
2,5914,0.220423,0,0.2624134402321805
2,3218,0.687692,0,0.5616643481559586
2,5835,0.828011,0,0.7042221008787941
2,1893,0.221115,0,0.11111295010834123
2,5417,0.228599,0,0.31577662109137855
2,4144,0.791853,0,0.7981949168739852
2,6012,0.776425,0,0.9087576811425283
2,1743,0.580086,0,0.7893515296013996
2,2602,0.728803,0,0.7185371505523813
2,5231,0.247066,0,0.2783799698297744
2,1107,0.382394,0,0.37425501094562375
2,1048,0.055518,0,0.26441988846712716
2,7419,0.605995,0,0.44151685834433513
2,3246,0.06512,0,0.07679283975536541
2,337,0.031943,0,0.12527824811402954
2,7205,0.17582,0,0.2546385588496694
2,2401,0.130188,0,0.28486626233560847
2,6198,0.837881,0,0.688395701291774
2,3338,0.020329,0,0.04141708735444653
2,6602,0.130163,0,0.2995204696060082
2,2243,0.463016,0,0.4421186750475991
2,7158,0.088485,0,0.07661279793673541
2,2440,0.140747,0,0.15594475164661176
2,1215,0.702692,0,0.8321530889105757
2,2859,0.052883,0,0.1044533318147141
2,5971,0.298877,0,0.3994428539269183
2,1004,0.061301,0,0.16963296281370058
2,998,0.043703,0,0.09147982536846123
2,3084,0.05532,0,0.05435542097254461
2,3363,0.267661,0,0.4465442120644639
2,1351,0.773638,0,0.9229754352007449
2,3526,0.396237,0,0.4437212268700536
2,6409,0.730121,0,0.887411029427323
2,7148,0.390241,0,0.5188001981321511
2,4720,0.539077,0,0.5093093418220388
2,2284,0.412398,0,0.6494294507413224
2,4440,0.333197,0,0.4345033214405739
2,4584,0.186159,0,0.3305001147651723
2,872,0.445214,0,0.3825368032039669
2,5332,0.120686,0,0.0589928593587009
2,1417,0.446022,0,0.6114546337510717
2,1547,0.220651,0,0.30464055631364634
2,220,0.272095,0,0.5059599501322387
2,4465,0.57287,0,0.3853966876273832
2,7367,0.019838,0,0.04305470403106215
2,5852,0.038457,0,0.05749892685408838
2,5235,0.518892,0,0.5024813073972679
2,2701,0.798607,0,0.8761458061383232
2,7434,0.06979,0,0.07943813219465463
2,3021,0.106479,0,0.09531768176477193
2,5865,0.08133,0,0.27298470854295515
2,2495,0.296743,0,0.2504806596186868
2,2982,0.259382,0,0.1633702721472189
2,5169,0.551565,0,0.5194363839158618
2,5951,0.352514,0,0.32466486859114824
2,1085,0.174961,0,0.18953770685601753
2,1477,0.018947,0,0.03678832317671532
2,1887,0.616376,0,0.44920002653814217
2,6752,0.842099,0,0.8460447023450407
2,729,0.834867,0,0.584726391949146
2,6445,0.74314,0,0.8552763490674814
2,6387,0.304351,0,0.4142538531461082
2,328,0.253446,0,0.2529884716782376
2,4538,0.35275,0,0.22187471529138636
2,5171,0.313647,0,0.3657763314755216
2,7379,0.210818,0,0.34705303005371896
2,2950,0.536988,0,0.5626080229341747
2,3650,0.469883,0,0.5404342023284225
2,3882,0.042547,0,0.05018840554227139
2,5633,0.562971,0,0.4057876191028838
2,3693,0.46413,0,0.4692523217549148
2,1331,0.260864,0,0.34732029120494584
2,1003,0.104336,0,0.030298680388669567
2,5426,0.432931,0,0.5055184465679318
2,6508,0.249365,0,0.25735150820688646
2,7281,0.122608,0,0.1608544235686571
2,7122,0.355112,0,0.32756908578405886
2,4498,0.202092,0,0.2539627613774913
2,6760,0.182206,0,0.16951449158424323
2,335,0.120449,0,0.12944787346024578
2,1710,0.228734,0,0.3228354271611442
2,4502,0.702492,0,0.2696839953391256
2,42,0.118683,0,0.10754546275490912
2,2332,0.22593,0,0.18821125923398643
2,2468,0.098325,0,0.12000149838471484
2,6446,0.388783,0,0.5267440438207062
2,2603,0.22585,0,0.27780329083167477
2,972,0.105437,0,0.1231299616095282
2,1128,0.183154,0,0.15858167227762415
2,2151,0.059731,0,0.10856761594556093
2,1669,0.25376,0,0.17221911317611394
2,684,0.032748,0,0.042141172531813764
2,2023,0.103654,0,0.2817710519556078
2,1951,0.331068,0,0.34937130895561513
2,5943,0.286097,0,0.3551378083896846
2,4601,0.127899,0,0.208648034852288
2,7484,0.250875,0,0.17976465932599478
2,6748,0.316621,0,0.1432141202992678
2,174,0.253622,0,0.2853810352085703
2,1296,0.326962,0,0.15292330958395375
2,6592,0.129632,0,0.22413587999728818
2,2275,0.523935,0,0.482052742811123
2,1274,0.069282,0,0.1435783491662824
2,1386,0.478104,0,0.49181426296222175
2,1375,0.279068,0,0.44404748730400484
2,733,0.120493,0,0.17557493676939154
2,4946,0.144466,0,0.2720848228305787
2,6395,0.742839,0,0.6930093883765632
2,5645,0.670107,0,0.7081628951185218
2,5656,0.523702,0,0.5190201767554236
2,7459,0.166784,0,0.20395025708509973
2,871,0.162988,0,0.11971664468772755
2,3328,0.630197,0,0.30056168002502814
2,5014,0.249463,0,0.1357282726565021
2,1806,0.711035,0,0.660684217361295
2,185,0.06033,0,0.1404801432011086
2,1563,0.062304,0,0.09912084204172134
2,7401,0.138812,0,0.1385404042971286
2,3200,0.307258,0,0.33261248637217905
2,2643,0.311969,0,0.19305928933085034
2,2089,0.239359,0,0.19371885089148702
2,1179,0.699159,0,0.5218165186238172
2,6265,0.564067,0,0.7895684594741604
2,546,0.229314,0,0.28050680307323667
2,1761,0.544641,0,0.4165822341173856
2,2183,0.125909,0,0.16236952535787272
2,5021,0.441692,0,0.4820319142864723
2,2779,0.5509,0,0.33580152769128246
2,277,0.373009,0,0.45925671728581874
2,4902,0.490385,0,0.43414177395918385
2,6376,0.77687,0,0.9083928868059745
2,1050,0.678006,0,0.48279377177925775
2,2761,0.808179,0,0.9468812818033165
2,186,0.802737,0,0.7342530596627559
2,4606,0.149539,0,0.15572315402704184
2,5957,0.206852,0,0.18904610762921384
2,5413,0.589719,0,0.4676887352025525
2,5516,0.839047,0,0.9718498734318938
2,5826,0.841519,0,0.8345782741949453
2,4339,0.325018,0,0.4493845452187437
2,4676,0.271878,0,0.1709588274637208
2,1388,0.233899,0,0.3960448106220347
2,622,0.069395,0,0.11858242931898062
2,4360,0.099793,0,0.2746540441233911
2,2688,0.465401,0,0.43018993551499163
2,2811,0.720839,0,0.4759358248046981
2,728,0.169888,0,0.22461914426740123
2,6903,0.750101,0,0.6976062130435533
2,1263,0.110218,0,0.30302705768129656
2,6272,0.44589,0,0.8840749439384742
2,844,0.33349,0,0.4742769312934571
2,3734,0.077813,0,0.09652481293459635
2,3018,0.453373,0,0.49055860053075745
2,3919,0.402942,0,0.2638804391887234
2,218,0.028265,0,0.05670217113755997
2,4793,0.260305,0,0.19694027384211968
2,7073,0.494505,0,0.38739513049619556
2,120,0.272975,0,0.2902241432056946
2,2369,0.517709,0,0.5281542349723919
2,2706,0.367912,0,0.32144914996430873
2,7446,0.037381,0,0.12916290123217614
2,3009,0.312914,0,0.3477526714686611
2,4940,0.765465,0,0.6061972718762608
2,530,0.226281,0,0.23397430482832657
2,953,0.283457,0,0.49748925839796215
2,3011,0.592521,0,0.2653973687529826
2,6319,0.421309,0,0.3425952678055867
2,845,0.057495,0,0.17557901578850102
2,7144,0.260067,0,0.43460438382112304
2,2919,0.369814,0,0.3146507683697708
2,6107,0.800473,0,0.7452908696951699
2,3871,0.466634,0,0.43427801550928113
2,274,0.781376,0,0.7651874281524743
2,3787,0.301797,0,0.2771551610042446
2,2198,0.636796,0,0.5479278559162369
2,3849,0.075459,0,0.08577650584718308
2,799,0.115898,0,0.1827738374416738
2,7254,0.071759,0,0.08054546055366625
2,6060,0.785117,0,0.7987313081447164
2,7368,0.079898,0,0.12298334150886975
2,668,0.728294,0,0.7025276600578795
2,1807,0.019254,0,0.09984053113129066
2,7032,0.396656,0,0.24035963893411286
2,6617,0.656228,0,0.46270875495306385
2,3614,0.390165,0,0.19796812500232966
2,6880,0.07084,0,0.056259997712247004
2,3937,0.152597,0,0.26327769365375614
2,4287,0.557799,0,0.8737165676671901
2,3171,0.233062,0,0.31477012364705015
2,2398,0.549574,0,0.4738699928690484
2,2754,0.255713,0,0.46004911497173273
2,2441,0.177483,0,0.09957442886551544
2,706,0.533331,0,0.5190148913974484
2,4886,0.443961,0,0.586357650793301
2,6883,0.618589,0,0.603310610354425
2,2843,0.089052,0,0.14893928599007267
2,1718,0.223822,0,0.38227628363875654
2,5724,0.669088,0,0.7100604571325825
2,4129,0.369005,0,0.48290567053257255
2,6095,0.005831,0,0.0041831810036785525
2,3903,0.365933,0,0.21467199003917053
2,3917,0.073793,0,0.1779519948750431
2,4614,0.533129,0,0.14524133421023602
2,4544,0.014225,0,0.035695672237730035
2,4935,0.610576,0,0.5237960020069208
2,2945,0.185647,0,0.29060364911629877
2,5375,0.526141,0,0.6797071060527428
2,6510,0.157893,0,0.29655791379074
2,5097,0.515123,0,0.5247158426410288
2,3779,0.695664,0,0.5720105522880194
2,837,0.437838,0,0.5640148308524259
2,4755,0.822689,0,0.7939853519509958
2,2384,0.522312,0,0.48462913791709056
2,168,0.774804,0,0.7730113498718398
2,6532,0.365865,0,0.4813045375732818
2,4778,0.013754,0,0.05147556866803622
2,5934,0.631829,0,0.34234510336090274
2,4156,0.457625,0,0.22556074086826136
2,5168,0.05425,0,0.10738544930174293
2,1104,0.187858,0,0.24439907360937788
2,7054,0.621128,0,0.4473707574944999
2,4195,0.078985,0,0.08149399548563643
2,2424,0.745419,0,0.47203146142707714
2,6442,0.278998,0,0.592354440035516
2,7345,0.820534,0,0.74685590542309
2,3400,0.031347,0,0.027599997519754595
2,6230,0.363598,0,0.5108953192807116
2,103,0.251268,0,0.25341129207394386
2,730,0.201829,0,0.268631117559876
2,3380,0.350146,0,0.5264316246156033
2,1371,0.763022,0,0.7412575677385801
2,3466,0.103743,0,0.144191097982467
2,1180,0.125036,0,0.2125725081727586
2,3372,0.110372,0,0.14800112564528262
2,1948,0.810712,0,0.9645988271655656
2,5744,0.581522,0,0.4880696472512203
2,5308,0.025983,0,0.03878592472186386
2,2272,0.737033,0,0.7015065492085937
2,4927,0.021611,0,0.07688105214244977
2,5129,0.726039,0,0.7828693429047966
2,6868,0.419725,0,0.5023377453664076
2,6546,0.01383,0,0.02836584988479463
2,1410,0.834986,0,0.8711995853378341
2,4244,0.430401,0,0.3299712656713165
2,5647,0.184927,0,0.4135536787618283
2,2446,0.297401,0,0.22867514128524163
2,4467,0.519627,0,0.4217163466707204
2,6531,0.235613,0,0.10373823850452142
2,1830,0.247759,0,0.2601042341855786
2,315,0.174421,0,0.15089835245904482
2,5116,0.272021,0,0.3585538601808348
2,982,0.144028,0,0.2556998477880083
2,4204,0.156934,0,0.2078731277371513
2,971,0.572371,0,0.3916822786092183
2,355,0.232362,0,0.41486844791361127
2,3486,0.708017,0,0.7005259151337124
2,4881,0.24847,0,0.26360965683533827
2,4448,0.555809,0,0.3846837579420431
2,45,0.188124,0,0.21412736445597236
2,3043,0.820814,0,0.9802219087485574
2,1548,0.246764,0,0.3270648362570578
2,4281,0.309956,0,0.32666936334068275
2,2150,0.107737,0,0.05508956738915796
2,2565,0.753502,0,0.6996858134955597
2,358,0.263188,0,0.31566835094403395
2,80,0.144702,0,0.09425571769329155
2,1302,0.205672,0,0.3537066168147244
2,4299,0.78225,0,0.6970569491637855
2,4666,0.402822,0,0.4850591330021102
2,1396,0.06087,0,0.1351317792319304
2,5616,0.039894,0,0.07446990114196973
2,6443,0.145348,0,0.20628793460170422
2,3331,0.045031,0,0.14992156462522954
2,2646,0.498294,0,0.5613803427943443
2,751,0.026484,0,0.07242070289067327
2,4917,0.505269,0,0.3890264420638324
2,1446,0.352568,0,0.37332483219707746
2,2427,0.53221,0,0.4573684823780102
2,2947,0.049697,0,0.0883644487663778
2,16,0.092013,0,0.17181145343861046
2,4461,0.764209,0,0.6900974098763349
2,5650,0.350945,0,0.41134982026131395
2,2558,0.763443,0,0.4663581700887163
2,1740,0.409113,0,0.3254206441017685
2,4688,0.248784,0,0.1608059146934623
2,7370,0.754195,0,0.4745364879572535
2,4534,0.650555,0,0.6653088591474281
2,683,0.379413,0,0.19888170184068
2,7256,0.243514,0,0.1978488163980124
2,3514,0.593703,0,0.3831639757133902
2,1254,0.388338,0,0.3972065793929035
2,5412,0.152347,0,0.1671278733371987
2,6873,0.692806,0,0.45422437778830094
2,4901,0.846105,0,0.72778483849879
2,3848,0.724144,0,0.5764412215445498
2,4798,0.354051,0,0.2582404902464952
2,6349,0.471128,0,0.18251137232717793
2,1064,0.579068,0,0.5907925277919677
2,4703,0.247432,0,0.24887919642718834
2,6951,0.497734,0,0.5174314146479219
2,2990,0.42015,0,0.5132076886793926
2,1094,0.04791,0,0.13104827657266963
2,3730,0.425641,0,0.35258686480321805
2,3138,0.468359,0,0.4397983119304363
2,4040,0.22924,0,0.2965689120431341
2,5847,0.426609,0,0.46872346501548956
2,1638,0.114146,0,0.06737058209543113
2,2738,0.818751,0,0.7561074339252294
2,7496,0.065695,0,0.12421119722407228
2,143,0.638287,0,0.5280222919051999
2,4441,0.13447,0,0.25151154886558585
2,6744,0.500699,0,0.7113651164369388
2,4024,0.176142,0,0.22895435855290458
2,4880,0.034345,0,0.049048227083308915
2,2725,0.475539,0,0.2864127219894223
2,5593,0.493265,0,0.4628625266949921
2,1724,0.692921,0,0.40503414994688647
2,2578,0.090584,0,0.14466560520152938
2,7058,0.038067,0,0.13917801078727343
2,6946,0.295494,0,0.2753558630437908
2,2909,0.489464,0,0.5520936397324767
2,1265,0.144778,0,0.09192779245099679
2,3520,0.313267,0,0.24770153364688613
2,1523,0.502641,0,0.329100787726953
2,4742,0.591231,0,0.44879456190173317
2,977,0.218096,0,0.1514488881406053
2,3462,0.147511,0,0.1725157241744526
2,433,0.184948,0,0.1588613884913886
2,963,0.180941,0,0.1334546759507971
2,4788,0.188384,0,0.3717361553898447
2,5279,0.716921,0,0.8580261617114695
2,4640,0.191906,0,0.18538416718047238
2,2554,0.3417,0,0.30285949186619615
2,7277,0.04232,0,0.0918415398477368
2,2410,0.047952,0,0.07249725656588482
2,5190,0.755996,0,0.7500563314561981
2,3464,0.557838,0,0.5391902204474086
2,1424,0.250498,0,0.15889454296196112
2,6525,0.085739,0,0.13165317455395378
2,5185,0.451668,0,0.8162439549558979
2,6469,0.112575,0,0.16215167216554285
2,5561,0.186474,0,0.34788132013135753
2,4914,0.163705,0,0.16750145109753264
2,7024,0.484269,0,0.3847147580271472
2,1484,0.808323,0,0.8382009622052103
2,5793,0.335935,0,0.33976309380950287
2,1906,0.567146,0,0.4696024361482281
2,3855,0.573753,0,0.5387512410726156
2,6686,0.025682,0,0.054659715908227886
2,6013,0.104044,0,0.13938623151023263
2,5839,0.414206,0,0.3720318865494047
2,1504,0.149545,0,0.16308514616312378
2,5911,0.299427,0,0.4422491781955952
2,200,0.738991,0,0.9750814764988477
2,4734,0.342863,0,0.5500621546756338
2,6533,0.847533,0,0.9531164766953796
2,5166,0.334401,0,0.230890946626374
2,1636,0.540127,0,0.479768047257431
2,6097,0.828275,0,0.7352741236161295
2,4048,0.090951,0,0.104702640313679
2,5461,0.218438,0,0.14204405974088288
2,5024,0.772997,0,0.6457310590195855
2,5950,0.121935,0,0.0873494898644432
2,4053,0.125782,0,0.05458535925458966
2,5809,0.706939,0,0.7051364570349697
2,3666,0.098219,0,0.1495702753023724
2,2682,0.045217,0,0.08926943659223312
2,654,0.798894,0,0.9665297286500935
2,7236,0.20676,0,0.31321346414867873
2,6872,0.143414,0,0.20805779464276297
2,1712,0.327594,0,0.21480658573882
2,4454,0.077145,0,0.16234268402959687
2,192,0.085199,0,0.1309429267241649
2,5807,0.431588,0,0.3651152177291556
2,4803,0.257469,0,0.30698188722104647
2,4481,0.078036,0,0.10809171502184935
2,1278,0.330756,0,0.24357715192993623
2,4849,0.823826,0,0.8602254382243258
2,1778,0.289974,0,0.2541928342930088
2,6270,0.437651,0,0.4821177836331082
2,4829,0.529586,0,0.5153536409369434
2,1121,0.082685,0,0.2037545288891981
2,5254,0.653192,0,0.4569870576122008
2,2613,0.030542,0,0.0862044817382611
2,3047,0.449503,0,0.4799274155378494
2,2234,0.061812,0,0.19486414220837125
2,415,0.653786,0,0.4137210062206933
2,3997,0.40194,0,0.5372051604486134
2,5252,0.639891,0,0.6928274117542205
2,4800,0.371364,0,0.5063630927639363
2,6184,0.843841,0,0.8562608373109836
2,2304,0.264577,0,0.28606086128548824
2,667,0.172912,0,0.29938742777333954
2,6283,0.837096,0,0.6746547044326066
2,509,0.434099,0,0.4244511546363095
2,3290,0.159632,0,0.21551897296333863
2,3809,0.234395,0,0.3749405888544376
2,6325,0.333139,0,0.36134161496510464
2,2639,0.579355,0,0.43160420125604165
2,1167,0.698313,0,0.7983925460811329
2,4052,0.006719,0,0.02742528252610408
2,4530,0.231756,0,0.3024632035228636
2,3302,0.801621,0,0.7201306727955095
2,6040,0.620004,0,0.646464184564202
2,2673,0.067653,0,0.08494469997222169
2,2988,0.023835,0,0.08077117243798722
2,3752,0.14967,0,0.24859619307850309
2,508,0.262,0,0.31593919029942985
2,6931,0.696231,0,0.775001199021981
2,1982,0.227744,0,0.32128582920185494
2,2399,0.20777,0,0.19088943467017078
2,3884,0.134859,0,0.15482147458414078
2,167,0.426131,0,0.36640485752194224
2,2293,0.530735,0,0.6416155552284392
2,5679,0.773156,0,0.7831432478157335
2,4780,0.183912,0,0.3056947805293495
2,6803,0.131851,0,0.32452424516662226
2,3743,0.571403,0,0.5375215614070561
2,5310,0.110235,0,0.1406658566107613
2,488,0.777099,0,0.6351975277730856
2,457,0.303395,0,0.2206496863389159
2,2511,0.143178,0,0.16808816035343074
2,6540,0.183791,0,0.25814000601860754
2,1971,0.024725,0,0.10851135625845289
2,7216,0.383555,0,0.2684638236451559
2,7241,0.522598,0,0.45869541597199537
2,3584,0.629553,0,0.5293676435608393
2,4908,0.295826,0,0.5655144047230375
2,1372,0.546654,0,0.4946420743390674
2,3299,0.102044,0,0.20389467613914405
2,3078,0.483223,0,0.23311049005093445
2,4995,0.086176,0,0.12995361677426354
2,5658,0.259858,0,0.24976981599804288
2,4150,0.3301,0,0.6445261800751038
2,2280,0.074224,0,0.07322721993130737
2,5853,0.332706,0,0.31929517726930107
2,1731,0.610134,0,0.47033054761593746
2,5668,0.534552,0,0.32189841453351076
2,5416,0.073975,0,0.21145183322626968
2,4830,0.024004,0,0.08252209839311579
2,3699,0.178602,0,0.23142457977073205
2,4489,0.441015,0,0.29914391923056244
2,6430,0.68527,0,0.3084679353040939
2,1315,0.768411,0,0.775965040567948
2,695,0.825966,0,0.7913129360729496
2,7138,0.042724,0,0.24002351603138855
2,5029,0.296754,0,0.18219480531705737
2,2043,0.039336,0,0.09878650228784565
2,3012,0.575432,0,0.6131331226897909
2,1909,0.233179,0,0.130552773025321
2,51,0.361806,0,0.18099946261049468
2,2063,0.44857,0,0.532347502487605
2,1840,0.462575,0,0.5124924882423342
2,5923,0.456679,0,0.4630059071427811
2,3162,0.458935,0,0.36950231622545837
2,4658,0.796566,0,0.689675656872186
2,5526,0.165947,0,0.18216893323629688
2,4873,0.078241,0,0.07909765343517851
2,7384,0.49426,0,0.3780889820299557
2,3563,0.126738,0,0.1601501123732458
2,3992,0.473514,0,0.33993049437639616
2,4282,0.672931,0,0.8808949121805032
2,6895,0.230375,0,0.4849287938514987
2,4225,0.085115,0,0.12032322206801918
2,214,0.790022,0,0.7985105184486837
2,3492,0.815464,0,0.8026466843926804
2,1298,0.669446,0,0.47059727925063183
2,1485,0.208366,0,0.2767519692211898
2,11,0.014805,0,0.050644336888323066
2,23,0.609273,0,0.41403238567781325
2,6787,0.839749,0,0.8643176060753459
2,870,0.165938,0,0.1547188366300896
2,4290,0.409973,0,0.5712808948303917
2,7242,0.125526,0,0.12365120577974274
2,1916,0.119158,0,0.24072144427348402
2,2046,0.394213,0,0.3222450497963157
2,5209,0.332233,0,0.33156617647831377
2,920,0.078503,0,0.09770211117239343
2,6558,0.14268,0,0.1815234769682824
2,1135,0.571049,0,0.5819862031024218
2,5824,0.148984,0,0.11700461445802746
2,2579,0.284034,0,0.30921119545984915
2,6251,0.219484,0,0.42366721441447536
2,5280,0.57897,0,0.4499418723831176
2,2667,0.524071,0,0.3591459630183112
2,3387,0.230282,0,0.1836318490946325
2,270,0.107286,0,0.08256790294683512
2,1972,0.112342,0,0.16949780256035216
2,3763,0.3855,0,0.4230488738471385
2,1509,0.443001,0,0.4496420542967711
2,4494,0.351111,0,0.5487636808995295
2,3397,0.140285,0,0.10981482785994684
2,3615,0.484945,0,0.19470228323515576
2,5567,0.081479,0,0.22305147894687008
2,2374,0.297883,0,0.2687031473972643
2,5952,0.131632,0,0.05035200396321755
2,5445,0.17196,0,0.30708802999239365
2,4358,0.844151,0,0.9620713171445187
2,3974,0.071189,0,0.06809291283568487
2,1851,0.288282,0,0.40177250816381793
2,6692,0.477836,0,0.24885207141715893
2,5186,0.830832,0,0.6084097965533809
2,6804,0.742285,0,0.7269283519634596
2,228,0.017357,0,0.0466887434874049
2,3945,0.554497,0,0.4640113557411286
2,6291,0.07052,0,0.08247674342625914
2,4771,0.592137,0,0.6248533633025611
2,3860,0.016804,0,0.07128958020181496
2,392,0.163689,0,0.24757652049392295
2,4768,0.592255,0,0.5522860642404462
2,879,0.035088,0,0.08655498725249627
2,3862,0.559967,0,0.48317749325580184
2,3795,0.035844,0,0.08976465108531385
2,1428,0.110746,0,0.2281175450545643
2,1557,0.430337,0,0.566990178691066
2,1198,0.188747,0,0.1339237683495835
2,1862,0.030441,0,0.07529582002083676
2,26,0.082014,0,0.05686820554016382
2,6228,0.453423,0,0.6301353694803153
2,453,0.214318,0,0.3499501793024884
2,7373,0.285211,0,0.2714713267219364
2,5512,0.194341,0,0.474405089013028
2,5792,0.301952,0,0.17263626330312812
2,5018,0.82817,0,0.8946065688564274
2,5619,0.462848,0,0.21738783519829188
2,6664,0.066854,0,0.16670399050090384
2,4904,0.463014,0,0.26336045247281203
2,742,0.152355,0,0.26259912064351815
2,5385,0.519597,0,0.4271993498117354
2,5057,0.255277,0,0.23011335925486803
2,6103,0.381085,0,0.19704860895067383
2,6089,0.838124,0,0.44732990367446007
2,1251,0.104978,0,0.09212638102200463
2,3806,0.426876,0,0.5010219613880853
2,3420,0.839414,0,0.7016223725284543
2,4075,0.58711,0,0.4625122717426433
2,6862,0.820383,0,0.8046439928838901
2,5626,0.256783,0,0.25754497339691956
2,4649,0.265968,0,0.14347891199365045
2,989,0.029483,0,0.03803763648651036
2,3896,0.504183,0,0.5822031646124698
2,5374,0.074501,0,0.2194767815212674
2,6042,0.123041,0,0.2725098873240721
2,3005,0.073726,0,0.13235590803269093
2,2638,0.125922,0,0.14391795077341582
2,4035,0.233722,0,0.3083139117718835
2,5309,0.031588,0,0.06109352727240419
2,5381,0.07249,0,0.11653388470278472
2,767,0.769764,0,0.841528056192293
2,6972,0.420422,0,0.16360330965701728
2,2883,0.430863,0,0.2972255730926393
2,5407,0.766498,0,0.7382266437170273
2,2634,0.077416,0,0.11839417260800597
2,4807,0.117965,0,0.23901619555248488
2,4579,0.814498,0,0.9790804335185594
2,7331,0.722351,0,0.7600583474388961
2,313,0.682273,0,0.5350873485008512
2,1423,0.349234,0,0.3751472600523629
2,136,0.579058,0,0.5347739204493437
2,478,0.717476,0,0.7786105529757043
3,5015,0.899764,1,0.6434226000510194
3,1479,0.85247,1,0.8989071940102163
3,4782,0.857506,1,0.9706960548016883
3,49,0.999998,1,0.9999841225679992
3,3562,0.886121,1,0.6492132551123287
3,1797,0.974174,1,0.9843955477429559
3,582,0.87867,1,0.7636638316143836
3,6033,0.998245,1,0.9941295319730704
3,2768,0.968146,1,0.9572372794062296
3,5699,0.999169,1,0.9953328797614327
3,5859,0.926221,1,0.9325278024314728
3,2129,0.998963,1,0.99632126977719
3,5834,0.996861,1,0.9939041769344663
3,7072,0.992276,1,0.9852713349297595
3,2612,1.0,1,0.9999993875680222
3,141,0.972958,1,0.9663156298553429
3,2949,0.89142,1,0.8397267649265407
3,2361,0.998535,1,0.9938240558286932
3,6969,0.989517,1,0.9787612966110272
3,3393,0.99364,1,0.9889731568082937
3,5827,0.987741,1,0.9843353788657002
3,1699,0.882648,1,0.8191219948740057
3,1313,0.996998,1,0.9937358795559887
3,1818,0.865213,1,0.9352531481025596
3,4824,0.997438,1,0.9983363288017505
3,6104,1.0,1,0.9999970764963477
3,1109,0.999566,1,0.9982086833731543
3,7136,0.999992,1,0.999929455817874
3,567,0.962792,1,0.9250924264439591
3,7394,0.976723,1,0.939875689738886
3,7444,0.900173,1,0.6887692217686612
3,5056,0.999851,1,0.9994366403381012
3,4895,0.997987,1,0.9956908652070309
3,2841,0.999162,1,0.9948206643360792
3,604,0.997881,1,0.9972087729847813
3,5000,0.999896,1,0.9996656321841316
3,4616,1.0,1,0.9999983148449803
3,7230,0.883604,1,0.8470316729284527
3,368,0.998577,1,0.9974330148817577
3,4434,0.999987,1,0.9999719169400849
3,2934,0.998591,1,0.9947614335828759
3,5785,0.889197,1,0.7635998656770079
3,6577,0.999996,1,0.9999803206253232
3,5234,0.99999,1,0.9999765114032937
3,1234,0.999979,1,0.9999375473161422
3,3236,0.993627,1,0.986497270396235
3,1307,0.996856,1,0.9867657811472279
3,1060,0.999496,1,0.9983979948801578
3,406,0.972044,1,0.9277105724073881
3,6849,0.999603,1,0.9976805711671363
3,1721,0.99995,1,0.9997506419050165
3,512,0.998025,1,0.9933922170210832
3,5334,0.999716,1,0.9991677502896787
3,3396,0.985543,1,0.9818449935590652
3,3885,0.999589,1,0.9988558021402255
3,6402,0.972231,1,0.9727040816942284
3,3124,0.998926,1,0.996797720020757
3,5787,0.988237,1,0.9801296548856606
3,5508,0.863908,1,0.8322839010333002
3,1589,0.997232,1,0.9961749524308857
3,6786,0.885497,1,0.8340653228534444
3,6111,0.999954,1,0.9999217029476939
3,1631,0.999243,1,0.9987793089310515
3,5560,0.997091,1,0.9915557266402782
3,4034,0.996031,1,0.9943333401924583
3,5465,0.995738,1,0.9939431337264091
3,6665,0.88349,1,0.8974451091542757
3,6810,0.888495,1,0.9576595436485231
3,1324,0.873992,1,0.8865754695233894
3,2834,0.998242,1,0.9935225243326222
3,3557,0.999928,1,0.9997696466781861
3,765,0.995499,1,0.993281186138338
3,3357,0.999643,1,0.9992515523493534
3,6680,0.997772,1,0.990914719494071
3,4008,0.998809,1,0.9973843016197192
3,5937,1.0,1,0.9999988385596363
3,2019,0.857266,1,0.7760044758843363
3,975,0.999649,1,0.9996834451218357
3,4721,0.863753,1,0.9337810776429062
3,5873,0.914086,1,0.885013476427091
3,4126,0.991216,1,0.9886379359798443
3,5446,0.979822,1,0.9744940832779048
3,7155,0.999002,1,0.9915691660856
3,1649,0.928071,1,0.9510003257692455
3,5855,0.996245,1,0.9826030143055176
3,3371,0.953198,1,0.9167627766951324
3,5488,0.999996,1,0.9999482814955105
3,1763,0.461023,0,0.5796459237275704
3,5440,0.725918,0,0.6640933355595615
3,6806,0.294633,0,0.2567386119729764
3,7423,0.182512,0,0.1581025724659782
3,506,0.628597,0,0.5809697462579735
3,1152,0.375171,0,0.3494156570412065
3,6276,0.134073,0,0.14546872619217188
3,5213,0.131806,0,0.3171979483279674
3,5547,0.17962,0,0.26873042900694655
3,5638,0.618101,0,0.5808521627824411
3,3202,0.196705,0,0.29139928384917857
3,5137,0.390245,0,0.3342640525852795
3,2709,0.110512,0,0.10030752811952444
3,1847,0.270584,0,0.24950333331496471
3,2428,0.374538,0,0.5678038700669866
3,1267,0.106212,0,0.05789481261886349
3,5286,0.357965,0,0.3714865402506099
3,325,0.098475,0,0.11143210762699018
3,6083,0.447327,0,0.5987514656894907
3,3942,0.084539,0,0.0859593642055706
3,6591,0.721812,0,0.6851373981147747
3,4707,0.633022,0,0.4260056996135771
3,2160,0.407276,0,0.3438904998804712
3,756,0.068026,0,0.08528189895988053
3,83,0.333023,0,0.44438185048392637
3,5711,0.2033,0,0.19687220427158741
3,707,0.367079,0,0.4081959875197369
3,1939,0.082149,0,0.06835622488672409
3,4971,0.22231,0,0.25264098763523885
3,1856,0.622515,0,0.9642354441469687
3,4900,0.279764,0,0.18019606778908404
3,5017,0.130897,0,0.21813950403260945
3,2436,0.730927,0,0.5256706450159085
3,5239,0.400848,0,0.5137579115334198
3,148,0.069072,0,0.07992806257659432
3,6520,0.715661,0,0.36166343126816286
3,5118,0.109093,0,0.11863960763121091
3,4042,0.195382,0,0.23664432253003562
3,2914,0.091161,0,0.20673167091430913
3,2999,0.251052,0,0.37004766878378326
3,6948,0.840044,0,0.5874681090315323
3,1647,0.193299,0,0.3150882790563439
3,4925,0.176387,0,0.24653503797218432
3,5195,0.572948,0,0.34036795455914565
3,6550,0.825252,0,0.9489000066977951
3,7249,0.810856,0,0.7339435514542633
3,3577,0.065586,0,0.09343495883018473
3,6019,0.069203,0,0.0585200070633693
3,1079,0.446202,0,0.5994012583152992
3,4274,0.189755,0,0.2540335440756029
3,393,0.752175,0,0.8967226072639454
3,700,0.439449,0,0.23236682052313348
3,7228,0.726385,0,0.6652947081415824
3,2867,0.302885,0,0.27393239859607993
3,4193,0.384086,0,0.2243300369387889
3,3908,0.70707,0,0.6708746493238649
3,2786,0.179827,0,0.1862727881292294
3,1092,0.695282,0,0.645431458889585
3,4305,0.101873,0,0.28828410001136207
3,3016,0.717997,0,0.6349774914992772
3,7343,0.376674,0,0.43980845588376766
3,7029,0.753344,0,0.47334899727678736
3,2567,0.486542,0,0.44166430529532297
3,7416,0.73402,0,0.6207069780722769
3,1555,0.491947,0,0.47467162199387525
3,4137,0.029759,0,0.032839733448758006
3,3166,0.132821,0,0.06789805055871784
3,3491,0.234982,0,0.4064640858582834
3,5386,0.206872,0,0.1941010281523923
3,2844,0.214087,0,0.15858692837579413
3,4764,0.308177,0,0.13064989076548747
3,4457,0.528358,0,0.5285796757080558
3,4761,0.66035,0,0.5779454106122686
3,863,0.067744,0,0.06537175161401995
3,6557,0.156872,0,0.13684345051138191
3,1560,0.685792,0,0.6108993372766515
3,1224,0.197176,0,0.2699580722008666
3,6289,0.243098,0,0.18330378376118125
3,3612,0.074607,0,0.07095751172917511
3,5989,0.030837,0,0.11911357702038403
3,1464,0.005807,0,0.01130001929941621
3,4512,0.12544,0,0.1409247277582282
3,2809,0.415618,0,0.3469393365987759
3,773,0.155592,0,0.17410253582062105
3,5651,0.661176,0,0.6989491954598552
3,5598,0.153284,0,0.16113954230936522
3,6000,0.132094,0,0.14875106944781366
3,2274,0.236073,0,0.3189052677003824
3,7290,0.59666,0,0.6093869345015879
3,7013,0.322066,0,0.20493289883361004
3,7306,0.25798,0,0.3487039807154636
3,3130,0.427832,0,0.5628584877993466
3,3683,0.456164,0,0.35151132717311356
3,1439,0.208254,0,0.3429722396257551
3,510,0.061394,0,0.06055717339834701
3,2222,0.738428,0,0.7523043378995138
3,4476,0.811497,0,0.8845630722311367
3,6521,0.111913,0,0.11194683069286013
3,4263,0.306127,0,0.28581175891837224
3,583,0.51106,0,0.6279567972674408
3,6030,0.799143,0,0.8371002099937672
3,1577,0.234306,0,0.1728326425991615
3,7381,0.500016,0,0.5957395955275113
3,6204,0.536088,0,0.43306340732548904
3,471,0.278017,0,0.2863307697538668
3,505,0.046911,0,0.08392956128765626
3,6795,0.139117,0,0.1555351794300966
3,1123,0.210919,0,0.20824817996303885
3,2955,0.309854,0,0.5330446220228803
3,4086,0.847206,0,0.9674780572070196
3,6990,0.841976,0,0.7806355728641519
3,687,0.827518,0,0.7592309090204369
3,20,0.630793,0,0.6946004897128584
3,6362,0.030848,0,0.05798998642618157
3,1130,0.17201,0,0.23087307344123884
3,3362,0.463347,0,0.5104537206307964
3,4277,0.03693,0,0.05323467134454841
3,1176,0.305345,0,0.2476121264398062
3,3539,0.304095,0,0.2505120228892838
3,2699,0.587594,0,0.3796965594303196
3,4302,0.735514,0,0.7811870361059059
3,6825,0.018199,0,0.03734352092034571
3,4669,0.630271,0,0.5267005055184363
3,6413,0.774799,0,0.596845753451727
3,4704,0.143431,0,0.3296020358378149
3,1781,0.343027,0,0.4895948212750395
3,1885,0.644246,0,0.6242018952648234
3,4992,0.748332,0,0.5095816885525831
3,1325,0.581848,0,0.6764489226147014
3,1138,0.107516,0,0.2324585264621295
3,1471,0.237359,0,0.21806303099106963
3,2139,0.636586,0,0.5934065817487806
3,3004,0.827021,0,0.8150205489985027
3,4157,0.188378,0,0.17918020576058613
3,3771,0.522562,0,0.6787451193089249
3,1748,0.022164,0,0.0385597011453039
3,5562,0.621388,0,0.6415990833023657
3,7037,0.081943,0,0.10004342751367919
3,3093,0.835594,0,0.772484512516687
3,566,0.751315,0,0.5300138760691999
3,1549,0.060352,0,0.07197506664904005
3,601,0.367825,0,0.4832607358745163
3,4942,0.46612,0,0.3796555719335525
3,4341,0.372893,0,0.2551670183624542
3,3346,0.171588,0,0.31518460264985904
3,1289,0.446954,0,0.35269542181824814
3,5315,0.541642,0,0.4640051837610436
3,2872,0.761611,0,0.9839581521776677
3,1202,0.810709,0,0.4978023973739511
3,4490,0.140682,0,0.24238940588205068
3,1467,0.245514,0,0.280723854480201
3,876,0.021071,0,0.03832091193301487
3,7260,0.741474,0,0.7524546996719856
3,2966,0.198257,0,0.2309732625599442
3,2758,0.45094,0,0.5541515301948076
3,3172,0.087305,0,0.0986867574630403
3,1184,0.059048,0,0.10553960905558502
3,2532,0.031644,0,0.08427606173236112
3,462,0.17972,0,0.22888566558450574
3,7002,0.212332,0,0.43033328109913166
3,7007,0.365783,0,0.4589148415948582
3,7059,0.252649,0,0.16151854152265444
3,4382,0.065433,0,0.07094699830068964
3,409,0.657126,0,0.5213762938092578
3,7477,0.433362,0,0.4678107343163365
3,1,0.026173,0,0.09805418306878236
3,3247,0.442375,0,0.5294818009361492
3,317,0.078416,0,0.07364001588049464
3,6470,0.779433,0,0.5396889473500779
3,574,0.066465,0,0.25437126406340305
3,266,0.416057,0,0.40186497485210987
3,1850,0.191173,0,0.3007502882875205
3,5050,0.647565,0,0.6411659207784328
3,6267,0.043782,0,0.11709744804733914
3,7341,0.20477,0,0.44706598746574566
3,2732,0.811438,0,0.9149663744584213
3,2445,0.167871,0,0.2882472035329248
3,5196,0.245771,0,0.42257397051172757
3,3637,0.66962,0,0.6167721457785664
3,2926,0.156828,0,0.3784554422478363
3,554,0.05592,0,0.10007896220804904
3,6995,0.152897,0,0.1999451916435695
3,7259,0.556551,0,0.47179461295098085
3,6227,0.380314,0,0.34637922090515205
3,3284,0.119041,0,0.09584221625778402
3,5468,0.017871,0,0.06785084548910661
3,1150,0.609444,0,0.618735009566695
3,6072,0.140582,0,0.129578143083172
3,3582,0.587273,0,0.6683129624109625
3,2206,0.076883,0,0.11750900692362362
3,1062,0.165842,0,0.32386152389044004
3,6238,0.145569,0,0.15157339771212128
3,5568,0.773001,0,0.7416862704909833
3,2103,0.018622,0,0.02339253871516905
3,4255,0.008453,0,0.013553690811100083
3,373,0.279174,0,0.284041798072531
3,3452,0.784277,0,0.9131699382351413
3,1674,0.117847,0,0.062174118576681994
3,2959,0.395001,0,0.4329801725184202
3,6693,0.834501,0,0.8880557678903487
3,1193,0.10636,0,0.20890846674796154
3,5673,0.416794,0,0.3430012270596017
3,609,0.300516,0,0.35382739864006546
3,1772,0.359052,0,0.21646419646909457
3,2716,0.828109,0,0.7825758500146115
3,7491,0.810478,0,0.8465546721311262
3,1286,0.559419,0,0.45061534519335017
3,7464,0.328476,0,0.3271940781755278
3,1071,0.693533,0,0.7007440060260443
3,1839,0.350622,0,0.29083862663468496
3,6457,0.148524,0,0.09553733283077558
3,5067,0.277743,0,0.2223557591393113
3,2878,0.103275,0,0.047845548549745584
3,6749,0.721289,0,0.6354728048816307
3,3534,0.329422,0,0.3504076239541145
3,1574,0.181948,0,0.22741565066246913
3,5674,0.095842,0,0.05014217101956951
3,2803,0.277165,0,0.2348105914799409
3,6332,0.152111,0,0.20736342858845638
3,1997,0.631717,0,0.7198610236509829
3,470,0.048159,0,0.07139174772173218
3,2040,0.202455,0,0.09179402661076037
3,3977,0.346886,0,0.2941717328194494
3,677,0.217282,0,0.22750671367498213
3,7392,0.143984,0,0.19482431040452555
3,1946,0.11315,0,0.14254679371815487
3,3543,0.220726,0,0.19313098117575106
3,4633,0.384164,0,0.16724944103451236
3,878,0.151458,0,0.21642983794854978
3,56,0.094147,0,0.16526352435499836
3,3745,0.491066,0,0.39409432229472513
3,2702,0.761732,0,0.575438830578181
3,7045,0.353947,0,0.32990205806189277
3,6297,0.674667,0,0.5871926498723895
3,3060,0.098651,0,0.19686623856040175
3,1148,0.128246,0,0.22776016411696545
3,1566,0.07478,0,0.1456037171922457
3,2257,0.184126,0,0.2302009691595976
3,6367,0.740132,0,0.6996388140767316
3,4636,0.155149,0,0.15149417948728364
3,6561,0.83693,0,0.9594433378009285
3,3412,0.070944,0,0.13486276744524722
3,4194,0.112458,0,0.21755840044032057
3,6150,0.63037,0,0.716962301312058
3,1586,0.556397,0,0.4970697707226907
3,3250,0.514552,0,0.5963780823185348
3,7448,0.641108,0,0.617384554574321
3,7231,0.099415,0,0.142191470762899
3,988,0.26442,0,0.32607696640770134
3,4025,0.483152,0,0.4237362676138364
3,1422,0.397176,0,0.2865803191483804
3,5891,0.077142,0,0.08221984367647805
3,7243,0.02633,0,0.050544848119822156
3,5849,0.210059,0,0.4553727096660868
3,605,0.421638,0,0.42657379264257084
3,2765,0.170249,0,0.2842221280800818
3,3294,0.454045,0,0.5172562093909836
3,5860,0.17289,0,0.3117101187390317
3,4114,0.651531,0,0.5444542915846289
3,5520,0.596807,0,0.46021443368636616
3,3308,0.210769,0,0.23285520655567263
3,3635,0.161407,0,0.2977574891996891
3,5789,0.835603,0,0.8688634694182781
3,4765,0.048954,0,0.05548639557629925
3,996,0.71334,0,0.38858955818837015
3,2186,0.067853,0,0.07589801162082281
3,5264,0.207589,0,0.19275590598136355
3,2314,0.595275,0,0.5069632449409658
3,7033,0.223398,0,0.16863942977464985
3,4265,0.063636,0,0.10849094142447718
3,1346,0.082988,0,0.1251923267034615
3,823,0.741959,0,0.6366406281823849
3,6495,0.446583,0,0.4243471551941474
3,473,0.725418,0,0.3689046612284447
3,3880,0.166507,0,0.21143756028773922
3,6404,0.505903,0,0.5964635386984706
3,4486,0.10516,0,0.1917280494570799
3,5949,0.064332,0,0.06456471903747976
3,2020,0.139535,0,0.16851941191076758
3,523,0.155104,0,0.2786130950567612
3,1882,0.314367,0,0.24333182829088254
3,5889,0.188745,0,0.11384698344785865
3,6294,0.488311,0,0.44391429179886416
3,4104,0.546783,0,0.7680832070427771
3,4365,0.066447,0,0.08277870252673279
3,4775,0.294435,0,0.15154180821510158
3,190,0.769271,0,0.5581540109986353
3,6663,0.16232,0,0.23497881576603877
3,3061,0.193469,0,0.4252843670134556
3,6369,0.802141,0,0.8928636976488336
3,6648,0.25719,0,0.23405030161829143
3,3934,0.347161,0,0.3957484060883136
3,5992,0.390041,0,0.5477506055174047
3,4122,0.562028,0,0.3199131566167369
3,5090,0.206065,0,0.21092854932733163
3,499,0.103414,0,0.14850476998215287
3,3930,0.320922,0,0.3528195628972689
3,306,0.279364,0,0.46170251651967914
3,3559,0.788841,0,0.6850729891217846
3,6772,0.159453,0,0.23236546498477664
3,6354,0.701465,0,0.4935147203339171
3,346,0.113745,0,0.2581811823409146
3,7307,0.78674,0,0.4700028814916935
3,941,0.652986,0,0.6455694723918218
3,1838,0.551462,0,0.4998277667700177
3,1919,0.03932,0,0.0585464507559653
3,6156,0.012082,0,0.0220019706885388
3,5515,0.563096,0,0.5283891309734817
3,6900,0.161081,0,0.1719645654230323
3,3655,0.686647,0,0.5974500185421725
3,3217,0.48792,0,0.45579625993015105
3,3341,0.31894,0,0.3122585459621732
3,1544,0.697101,0,0.47143459083856437
3,3540,0.56156,0,0.5792677758723573
3,2756,0.317563,0,0.5270852274778693
3,3398,0.644029,0,0.42197889381180664
3,431,0.23761,0,0.3028544455868834
3,6014,0.438068,0,0.4684592800865227
3,5780,0.220678,0,0.3131806118947294
3,705,0.290634,0,0.18931482132925012
3,2260,0.370735,0,0.4430838633620102
3,6644,0.171487,0,0.31941450592438975
3,1449,0.201475,0,0.15125469434219804
3,327,0.318587,0,0.3443749935785232
3,3802,0.125444,0,0.17509465615729797
3,6088,0.032261,0,0.05941644762443743
3,5778,0.128186,0,0.42655153247542327
3,372,0.740493,0,0.7018829231417127
3,5832,0.237047,0,0.2560330812834409
3,6517,0.844389,0,0.8064546035252482
3,4686,0.547926,0,0.3582816152234528
3,5718,0.330037,0,0.284296322413112
3,855,0.652249,0,0.6201564125004162
3,7114,0.212156,0,0.3477720212761525
3,6480,0.718847,0,0.695755218527696
3,5630,0.657941,0,0.6598743894723065
3,1330,0.191998,0,0.14139375267167842
3,195,0.481412,0,0.44208685229772665
3,2409,0.290022,0,0.27424982619171984
3,7398,0.515779,0,0.41570018567484124
3,2962,0.759325,0,0.504797588423506
3,299,0.687174,0,0.6097742112415715
3,3610,0.595435,0,0.6447041823116394
3,559,0.344318,0,0.21241429577119583
3,1010,0.37729,0,0.5625749644136169
3,4874,0.409059,0,0.2916534311696803
3,4496,0.793911,0,0.5931252471740472
3,2439,0.150185,0,0.11495730521314923
3,4537,0.8302,0,0.8484415427390066
3,5962,0.211256,0,0.2654398616690779
3,6979,0.416121,0,0.4447603658262042
3,2322,0.14163,0,0.2002477428005437
3,6429,0.267104,0,0.24308275011877326
3,3589,0.145992,0,0.14411996509731165
3,1895,0.314344,0,0.19450038604923983
3,4564,0.325666,0,0.3484576278285517
3,3496,0.191305,0,0.1736715151666439
3,1416,0.714207,0,0.6777641050204706
3,4889,0.798616,0,0.8350043887675774
3,693,0.294144,0,0.6221053712690597
3,3810,0.250741,0,0.16065851296728678
3,3591,0.347644,0,0.28920389953545794
3,161,0.842745,0,0.8213991716750486
3,2517,0.023438,0,0.05217549197157236
3,2338,0.269192,0,0.2572066733552594
3,6509,0.213174,0,0.2590234772654377
3,2503,0.083475,0,0.09575512307774309
3,883,0.066244,0,0.1181821930485615
3,2991,0.247532,0,0.3012581074816663
3,4962,0.185652,0,0.3182635716393186
3,370,0.339076,0,0.5119106100606292
3,6994,0.786548,0,0.5845736068817288
3,6239,0.348859,0,0.40422380874548386
3,2094,0.423777,0,0.5020127214742373
3,5595,0.220153,0,0.35886400768302074
3,5788,0.766123,0,0.712119602214185
3,719,0.34066,0,0.21080112429634157
3,4517,0.723755,0,0.6994566358563545
3,451,0.248146,0,0.12288099270439619
3,6886,0.055434,0,0.10018756656503974
3,4898,0.382286,0,0.5276854372207814
3,4998,0.111243,0,0.12573235695068802
3,6334,0.208326,0,0.22419821362415326
3,1998,0.074404,0,0.14899435926212445
3,2143,0.247745,0,0.24968381876789753
3,6653,0.11219,0,0.25652979971774004
3,954,0.55133,0,0.584755160884064
3,3583,0.794547,0,0.5043494496023189
3,7031,0.618051,0,0.5057546231800544
3,1843,0.170336,0,0.1875427615196794
3,1989,0.098849,0,0.1968585010929171
3,650,0.353565,0,0.38894088339673255
3,2797,0.072663,0,0.2544961362738192
3,698,0.29969,0,0.3873721300633163
3,3856,0.22482,0,0.20105504044869799
3,1779,0.124169,0,0.11603436484664297
3,2935,0.532681,0,0.42531859675253836
3,6564,0.52589,0,0.30541307937012285
3,3623,0.547713,0,0.5161229761894036
3,4220,0.093875,0,0.12899690260111749
3,6054,0.156487,0,0.20889061813656493
3,6300,0.175676,0,0.2272970909370391
3,5958,0.51286,0,0.46401135466060733
3,3068,0.575054,0,0.38871819820897274
3,4098,0.335161,0,0.6047419671242172
3,5394,0.22122,0,0.24658230859197167
3,6299,0.378932,0,0.3349099674121159
3,842,0.125995,0,0.15123401835239675
3,5712,0.415624,0,0.24488492201562037
3,4119,0.110844,0,0.11335933874494042
3,1074,0.189602,0,0.08837993218448714
3,2734,0.498031,0,0.5085754594825629
3,2504,0.306393,0,0.17670906565641667
3,1722,0.689777,0,0.34047944359960075
3,3117,0.263244,0,0.1604171816354746
3,7213,0.273788,0,0.3937219163727298
3,3690,0.63807,0,0.8139884291737546
3,6113,0.76567,0,0.5098784855595414
3,5326,0.057692,0,0.11991854172275979
3,4085,0.087814,0,0.19605342655177604
3,717,0.122015,0,0.1076939039752683
3,5522,0.689422,0,0.5240117017618339
3,3265,0.232711,0,0.2258343739817843
3,1922,0.406416,0,0.3954614247149933
3,4288,0.574357,0,0.6355387810081791
3,7020,0.250816,0,0.3716506184961054
3,6788,0.175847,0,0.2854325778820168
3,2173,0.380794,0,0.5400152253749594
3,4896,0.12658,0,0.24277064733122397
3,6869,0.831237,0,0.8370813320983124
3,6737,0.374479,0,0.43186973232629733
3,1078,0.12124,0,0.1123327662157944
3,682,0.296263,0,0.3951714851542065
3,1524,0.257511,0,0.2524174725360717
3,6919,0.190656,0,0.23134572027111985
3,6871,0.575489,0,0.42681617322062887
3,1357,0.816607,0,0.9271699340310929
3,6554,0.458885,0,0.41950757165855446
3,964,0.630443,0,0.42945971842731795
3,4147,0.358355,0,0.39225856574006274
3,1611,0.328479,0,0.22843598231319767
3,6807,0.221601,0,0.1428864719893077
3,14,0.049082,0,0.14595497988669257
3,3784,0.26016,0,0.3481663293937876
3,3711,0.052719,0,0.04326581585950833
3,5611,0.812907,0,0.887659880699293
3,6727,0.799055,0,0.7475200574129448
3,1219,0.807409,0,0.6411899206152378
3,2008,0.260821,0,0.17398439852660344
3,1279,0.190259,0,0.18626909358040356
3,5796,0.771705,0,0.9159739909859935
3,7042,0.815707,0,0.9623564520500332
3,5496,0.177827,0,0.3623353498215114
3,2414,0.087807,0,0.04901578965915827
3,3291,0.776446,0,0.4718064134574491
3,7229,0.029749,0,0.06785606731263433
3,1532,0.484641,0,0.47507245778654034
3,113,0.830664,0,0.8207712634941386
3,5415,0.193727,0,0.15405964295451868
3,7173,0.146949,0,0.11354591250751778
3,7295,0.188896,0,0.28426507495393294
3,1353,0.101723,0,0.12979853241650832
3,2750,0.032297,0,0.054655205684083864
3,6723,0.512221,0,0.42229649385871715
3,3241,0.246055,0,0.32271658783775503
3,4875,0.367467,0,0.28609615247096004
3,1268,0.647237,0,0.5796797186739364
3,1221,0.159008,0,0.1942822561046797
3,1968,0.30445,0,0.24332982129308128
3,2077,0.009544,0,0.013700377445305676
3,1894,0.459896,0,0.5168292629083975
3,3316,0.093458,0,0.06848461467426029
3,1421,0.112026,0,0.14153195204153113
3,4929,0.198305,0,0.21691002537995807
3,1334,0.424209,0,0.4536460951078206
3,2498,0.800635,0,0.5841097243937201
3,3600,0.792542,0,0.8083087583969004
3,6398,0.063534,0,0.1107745781668165
3,2497,0.125945,0,0.3000726010122362
3,2876,0.294086,0,0.29797502078919996
3,4286,0.250081,0,0.23595496476937508
3,4380,0.655851,0,0.5529530822957608
3,1442,0.119944,0,0.09115184272111211
3,5082,0.097254,0,0.18550754328715696
3,2381,0.805491,0,0.5520987890134761
3,2543,0.055894,0,0.23379317780499395
3,1629,0.820868,0,0.8458565082461613
3,4218,0.734504,0,0.6066983095494024
3,1750,0.243418,0,0.30284934032003363
3,2704,0.001238,0,0.0030030771063357456
3,4932,0.472858,0,0.2905318796549127
3,7261,0.317183,0,0.18123256006058489
3,5742,0.414891,0,0.3833214989935602
3,2367,0.301098,0,0.2964992273353541
3,483,0.378405,0,0.5664160509661029
3,3625,0.038587,0,0.08623204239683266
3,5768,0.539283,0,0.4983824825916798
3,4301,0.042176,0,0.11592646129176407
3,3455,0.296695,0,0.3799350799781343
3,6392,0.781031,0,0.6218169125711395
3,2617,0.153074,0,0.13932097285703304
3,7137,0.827228,0,0.875177622941411
3,475,0.124073,0,0.13413167431969472
3,4346,0.63714,0,0.4428095744462785
3,2784,0.099436,0,0.11536380440865267
3,1402,0.113428,0,0.08043249037766048
3,5813,0.415053,0,0.4036723750573464
3,1591,0.05745,0,0.11335430608419322
3,3345,0.044672,0,0.050563995868161626
3,6118,0.479851,0,0.4683965679177714
3,6296,0.505169,0,0.6703244393421643
3,6139,0.098667,0,0.25112777927446656
3,3146,0.730131,0,0.7438199365398737
3,6274,0.708893,0,0.6130771694022571
3,1870,0.495916,0,0.6880965825925973
3,3024,0.665657,0,0.5279021779986973
3,5378,0.66616,0,0.3993250787056366
3,4661,0.14847,0,0.3385275743348208
3,2451,0.326375,0,0.41815054071703794
3,6388,0.160212,0,0.2626015814984866
3,7318,0.124035,0,0.1927770262143962
3,2435,0.425205,0,0.2994737356429319
3,4770,0.363632,0,0.6269180253838017
3,4395,0.311895,0,0.45496704308025687
3,7462,0.612073,0,0.6939734271005882
3,318,0.757694,0,0.7821419033222582
3,5384,0.343554,0,0.32332002886630534
3,3876,0.087018,0,0.15167641415391508
3,6038,0.04572,0,0.06725535538433691
3,770,0.404849,0,0.4156710745556735
3,788,0.512706,0,0.46314950482774536
3,6604,0.198212,0,0.23492422237481303
3,3641,0.744186,0,0.77962258272445
3,6011,0.243559,0,0.2513606006636168
3,7289,0.136672,0,0.15402177394689037
3,5348,0.244105,0,0.14038045544301136
3,1213,0.68092,0,0.386633558078171
3,834,0.284326,0,0.5614868431848993
3,702,0.548477,0,0.6139518296558164
3,1993,0.102003,0,0.10975490223329518
3,6374,0.272282,0,0.3627365713078053
3,5392,0.527438,0,0.40198628561557015
3,3502,0.845244,0,0.9406633066067596
3,3505,0.187693,0,0.16214785883109703
3,5987,0.024518,0,0.06446113145930546
3,2665,0.022056,0,0.04156173415344317
3,2364,0.461827,0,0.4501426802693267
3,2085,0.113158,0,0.1383336330714879
3,2378,0.201242,0,0.1321209541340175
3,4738,0.239257,0,0.3596423486940179
3,100,0.35791,0,0.45401569357929916
3,4728,0.623705,0,0.5827572911129938
3,5869,0.843246,0,0.8696894883788967
3,6439,0.209475,0,0.2856535246220227
3,849,0.786072,0,0.6732023704135567
3,5307,0.496008,0,0.42631536484771254
3,2822,0.388242,0,0.463455452079065
3,7034,0.100638,0,0.0907343538479376
3,7201,0.578783,0,0.5863850705540925
3,5759,0.226449,0,0.24868655100128373
3,4184,0.39833,0,0.19528771446841423
3,2227,0.035961,0,0.1269648542773113
3,919,0.263477,0,0.47639019286422335
3,3000,0.848892,0,0.7835759694318105
3,4813,0.188654,0,0.3482095190058342
3,2635,0.056901,0,0.15089201007279052
3,397,0.089111,0,0.14923931578435176
3,5823,0.19979,0,0.17051928993226245
3,5727,0.055711,0,0.09607738199343681
3,150,0.449536,0,0.3552727474108667
3,1077,0.248434,0,0.27756045265063733
3,537,0.518351,0,0.3953253773979525
3,5606,0.026892,0,0.07910219897835491
3,412,0.05871,0,0.15180932214796222
3,2855,0.637364,0,0.5332176275973372
3,4855,0.501085,0,0.510996297406786
3,4639,0.304688,0,0.38621883693560083
3,7385,0.346441,0,0.394031939371026
3,6753,0.061509,0,0.15281689114835972
3,501,0.429365,0,0.5737661326847631
3,2813,0.038517,0,0.08394591494910326
3,504,0.18782,0,0.30200162700618943
3,3478,0.426222,0,0.3128157825011032
3,5861,0.260083,0,0.3252566866696931
3,2898,0.094387,0,0.24181454614940484
3,924,0.077802,0,0.07442084406882328
3,1965,0.427115,0,0.57125158627516
3,3233,0.37628,0,0.4935150897575022
3,3995,0.364714,0,0.3369303564839644
3,2228,0.245389,0,0.2882314612627945
3,2461,0.114287,0,0.17656043764723656
3,2074,0.42845,0,0.4108103684884697
3,5635,0.489571,0,0.6445205681574224
3,5085,0.072406,0,0.056875987624740276
3,7327,0.205677,0,0.22914049512010265
3,281,0.185085,0,0.12623928951245073
3,5802,0.24385,0,0.24298206613109993
3,6515,0.33783,0,0.5148444979248004
3,3439,0.8179,0,0.9753886399523461
3,6363,0.218146,0,0.3425797343532792
3,772,0.123869,0,0.1697343427544791
3,2390,0.278107,0,0.22591839862921498
3,3140,0.269862,0,0.3615107640869906
3,2631,0.147996,0,0.0998738540576751
3,5058,0.73472,0,0.7473084424357406
3,4000,0.286674,0,0.12784955186805183
3,4003,0.562038,0,0.6282516130759616
3,4179,0.633191,0,0.8099943023267739
3,3517,0.202506,0,0.2265505228433993
3,2426,0.314678,0,0.3324344079994843
3,2523,0.24752,0,0.35550393632971317
3,245,0.095913,0,0.10930051553575121
3,3808,0.739687,0,0.3966627483975383
3,7460,0.198871,0,0.1308870255184751
3,3602,0.351276,0,0.2167546606013116
3,2349,0.308899,0,0.4219284911673119
3,1177,0.491234,0,0.44513473980549234
3,3940,0.310045,0,0.19767336135245756
3,6567,0.494689,0,0.3086764856346949
3,46,0.800842,0,0.797463983485301
3,4744,0.766862,0,0.6614759393984755
3,2161,0.463351,0,0.47515301880694133
3,1406,0.833217,0,0.6859295786485224
3,6904,0.425052,0,0.27055090204913324
3,3733,0.034755,0,0.07065685741862607
3,1869,0.546884,0,0.44732826423867533
3,1817,0.468621,0,0.5171491703339536
3,3286,0.512136,0,0.5297840127748235
3,2002,0.377137,0,0.4054666005333649
3,4609,0.384036,0,0.32115533999505225
3,359,0.37773,0,0.556852802686112
3,7178,0.425818,0,0.4323856601959387
3,3448,0.346209,0,0.22782041662114794
3,2172,0.801217,0,0.7386089081299901
3,2640,0.464309,0,0.5508846772892488
3,2333,0.286312,0,0.34239060544012634
3,7163,0.038491,0,0.07180787376915782
3,7386,0.142662,0,0.2085798398261665
3,1774,0.680963,0,0.5857849077545397
3,7012,0.188969,0,0.20210748179099444
3,5299,0.222682,0,0.16813072773748797
3,651,0.057084,0,0.12906246731720486
3,3186,0.616591,0,0.6530996231354331
3,3803,0.697089,0,0.7737706959981362
3,3948,0.771435,0,0.5494730940174228
3,5102,0.845481,0,0.9056643346677737
3,4507,0.158335,0,0.1212520229573301
3,3922,0.235046,0,0.29720874951648607
3,7097,0.304329,0,0.4550780652166875
3,273,0.193961,0,0.22682205351118498
3,4591,0.70697,0,0.7969758187833347
3,4055,0.697428,0,0.6287738496117631
3,1376,0.799166,0,0.8204838533552602
3,4936,0.421872,0,0.4250508449766518
3,1320,0.175487,0,0.2170311707314363
3,2255,0.009549,0,0.007916191518692838
3,7442,0.046155,0,0.10762081736983661
3,7047,0.600244,0,0.35271460819184725
3,2254,0.4575,0,0.5641966369676716
3,4574,0.046503,0,0.08536585065061296
3,3221,0.316553,0,0.23514994489333257
3,7356,0.028489,0,0.0775383177574948
3,2421,0.635376,0,0.3419921062978672
4,3868,0.994464,1,0.9948244258968078
4,4246,0.978463,1,0.9619542167562617
4,3941,0.99757,1,0.9978228500624271
4,5933,0.90105,1,0.8638422177154456
4,838,0.997429,1,0.9916744612073718
4,3295,0.999797,1,0.9987330011831305
4,5820,0.986829,1,0.964471982573291
4,1880,0.98688,1,0.9895585910377849
4,2597,1.0,1,0.9999999113851602
4,5566,0.998748,1,0.995752664144297
4,21,0.990704,1,0.9848071861376131
4,3671,0.999663,1,0.9984018714393064
4,5034,0.998593,1,0.9845674870733253
4,1759,0.99997,1,0.9999287758719412
4,5500,0.994311,1,0.9889463021669568
4,741,0.999997,1,0.9999865300185662
4,5510,0.878323,1,0.9324140458986017
4,3756,0.999991,1,0.999975212864013
4,7070,0.999806,1,0.9989368712231199
4,7038,0.918376,1,0.8918408128398337
4,4438,0.999995,1,0.9999938226292953
4,1861,0.895304,1,0.9115780128012233
4,2940,0.996173,1,0.9933962042303354
4,2271,0.99999,1,0.9999637350488475
4,1240,0.965178,1,0.9093217135500336
4,7383,0.975702,1,0.9802648339242556
4,1332,1.0,1,0.9999999962320385
4,6074,0.992528,1,0.9786562388692951
4,587,0.999974,1,0.9999247881457062
4,6821,0.999928,1,0.9996499443803506
4,443,0.999946,1,0.9997419158654316
4,800,0.999997,1,0.9999716985257798
4,5390,0.995078,1,0.9864936371383646
4,4159,0.880918,1,0.5228602783135379
4,674,0.999866,1,0.9996634746445758
4,969,0.999251,1,0.9985065686626172
4,2877,0.955963,1,0.9623668000617807
4,634,0.979195,1,0.9674189487224257
4,4138,0.999756,1,0.9985982322258457
4,3506,0.859805,1,0.912279302799831
4,6709,0.893685,1,0.7890340052745964
4,5329,0.890897,1,0.8442855996127788
4,6178,0.880709,1,0.6601783521512979
4,4060,0.999004,1,0.9973266599352025
4,1793,0.900392,1,0.8578610670217348
4,6386,0.997402,1,0.9857797785506305
4,1448,0.939595,1,0.9080202466394767
4,3605,0.86613,1,0.7530852971317221
4,5442,0.999432,1,0.9981761334449823
4,1199,0.997995,1,0.9956101824604983
4,1947,0.999708,1,0.9991945332186379
4,5530,0.984987,1,0.9710146177329434
4,287,0.992501,1,0.9822413656540898
4,1775,0.984537,1,0.9917435009633597
4,7018,0.999999,1,0.9999948831317044
4,4069,0.98885,1,0.9565141734489593
4,3707,0.990537,1,0.9790202207483621
4,5421,0.99995,1,0.9994965127995575
4,6403,0.895925,1,0.7267883223209781
4,4192,1.0,1,0.9999999850647947
4,565,0.955853,1,0.9092118382309338
4,5643,0.998596,1,0.9958084182703596
4,6819,0.996645,1,0.9951743636000462
4,6306,0.998382,1,0.9979413949991177
4,6237,0.990489,1,0.9923227266305391
4,390,0.964625,1,0.9640650089914463
4,2298,0.999977,1,0.9998538962574058
4,3390,0.998423,1,0.9955261624200327
4,5575,0.880093,1,0.7426786307275369
4,4334,0.959424,1,0.88858440565814
4,2250,1.0,1,0.9999999793547651
4,6802,0.999999,1,0.9999906148906228
4,5754,0.878941,1,0.8181434568717614
4,4682,1.0,1,0.999999995995809
4,7474,0.876816,1,0.8040201851093828
4,1896,0.985066,1,0.9817587827557016
4,3736,0.999989,1,0.9999374116856172
4,1114,1.0,1,0.9999973136700676
4,4210,0.964834,1,0.960441493735788
4,2096,0.998662,1,0.9944475617157473
4,2450,0.894386,1,0.967611233113146
4,1412,0.981618,1,0.9781581504466392
4,6964,0.980429,1,0.9724555854402982
4,6600,0.996264,1,0.9909284686135791
4,4101,0.996001,1,0.9930091899963063
4,4427,0.999651,1,0.9988640999972871
4,3160,0.997782,1,0.9900936629404228
4,1381,0.088131,0,0.2159214607471873
4,1232,0.689798,0,0.6639821034960067
4,5043,0.22669,0,0.21465292475700126
4,6628,0.133974,0,0.3071647782385915
4,4757,0.314647,0,0.22735597102990948
4,1678,0.38053,0,0.3250074174073944
4,4243,0.566181,0,0.5356106108727847
4,4296,0.148747,0,0.15594453466172897
4,2068,0.475872,0,0.2626919618785711
4,6344,0.261395,0,0.17813340955832535
4,379,0.58082,0,0.6407137653028144
4,4201,0.240808,0,0.2668788093284571
4,1955,0.202462,0,0.15254945400053385
4,7099,0.11409,0,0.10075076229698789
4,636,0.374122,0,0.16567355973727918
4,6342,0.187378,0,0.2834300656112914
4,3023,0.092403,0,0.10154939182079867
4,7057,0.450463,0,0.30711072864990646
4,1603,0.427801,0,0.593789760969211
4,6182,0.322559,0,0.3940165071524215
4,2262,0.200777,0,0.3546824058927516
4,6793,0.820287,0,0.7175534513656746
4,1670,0.333371,0,0.3975933377786011
4,3042,0.171656,0,0.15151566878655154
4,1530,0.684884,0,0.6930427728048554
4,3829,0.037402,0,0.04495011294035659
4,7006,0.017761,0,0.1381687612909426
4,364,0.581364,0,0.679443645178665
4,2434,0.312954,0,0.2533149339312052
4,6243,0.6717,0,0.5862515951581493
4,405,0.123841,0,0.1382123992594033
4,7471,0.044434,0,0.08619089969989262
4,2788,0.106165,0,0.10722214533629343
4,4065,0.303377,0,0.34327551060958617
4,295,0.422187,0,0.4983351179446694
4,3342,0.43651,0,0.28123984281003206
4,123,0.442879,0,0.42059549230003146
4,2240,0.553515,0,0.6309281047613753
4,965,0.598744,0,0.722921777192286
4,1978,0.427939,0,0.2930229915783392
4,3340,0.317347,0,0.30211313791015726
4,676,0.070009,0,0.23082716648283633
4,5714,0.090998,0,0.1078795780964874
4,594,0.192539,0,0.2747002452321289
4,3074,0.625968,0,0.5777551229190582
4,5174,0.440909,0,0.43511688329952986
4,3310,0.023546,0,0.04034191096046029
4,2111,0.829335,0,0.7002955280130931
4,4181,0.618909,0,0.5519896866983304
4,2943,0.196815,0,0.536029919780816
4,6260,0.302406,0,0.3774753398099781
4,829,0.479066,0,0.5294138352903796
4,4860,0.092196,0,0.15190654326795675
4,4809,0.296703,0,0.46407715118354365
4,3972,0.307618,0,0.24082845549082502
4,3356,0.045348,0,0.12589279751617283
4,1860,0.474737,0,0.3058709814895526
4,780,0.036702,0,0.10603839741618226
4,3897,0.081581,0,0.06708975700169581
4,2462,0.097102,0,0.24487476796841823
4,1491,0.274169,0,0.24817968882051264
4,5401,0.660546,0,0.5798323660347634
4,3254,0.428319,0,0.4227229706655568
4,2683,0.271301,0,0.17194861039585657
4,7246,0.418457,0,0.3037282389656892
4,4258,0.705728,0,0.48246000130236877
4,2315,0.233834,0,0.39961736178521695
4,4713,0.512374,0,0.5861007883625011
4,272,0.052408,0,0.08761464871493439
4,2125,0.181426,0,0.24789736441682741
4,5531,0.637746,0,0.7204502981768177
4,4168,0.413489,0,0.4831634166642188
4,7276,0.226223,0,0.20961483403476627
4,84,0.383419,0,0.36566242626917134
4,5931,0.203336,0,0.1614716584802978
4,4638,0.108378,0,0.1877917829021167
4,5599,0.217621,0,0.19528046281371259
4,5009,0.8121,0,0.6463047043643428
4,2547,0.059019,0,0.0905133984193099
4,2326,0.342471,0,0.29928630073897994
4,1310,0.031816,0,0.038689261179056696
4,3082,0.524841,0,0.47784336031069
4,4223,0.839865,0,0.9770201332292854
4,902,0.441372,0,0.4395292514202093
4,4683,0.511926,0,0.48543750281415615
4,4264,0.577969,0,0.4696670263922371
4,5527,0.202778,0,0.354931370226132
4,6151,0.825434,0,0.8495240996410924
4,5700,0.138105,0,0.205965926036965
4,1715,0.765457,0,0.9170798908952447
4,5548,0.777036,0,0.555450055730275
4,3588,0.827479,0,0.8844227291904023
4,1189,0.033293,0,0.15298386521660315
4,4134,0.586687,0,0.4675590492685543
4,7206,0.165916,0,0.2287601502177655
4,6438,0.051,0,0.10045163425679506
4,5241,0.078382,0,0.12524484226392762
4,4018,0.176974,0,0.26678372836575276
4,6257,0.34841,0,0.2919380353437604
4,3364,0.479758,0,0.6531841338918989
4,851,0.523069,0,0.3413900045751148
4,3530,0.35053,0,0.39171009403310286
4,6016,0.301144,0,0.3641790819095872
4,2454,0.651047,0,0.40591547017868235
4,6035,0.185554,0,0.11976780383201226
4,114,0.081548,0,0.11073446439049867
4,3026,0.457841,0,0.25907677211191815
4,4485,0.457223,0,0.38746316971990463
4,2817,0.222939,0,0.1309917838076327
4,4280,0.827222,0,0.7462849544591597
4,3541,0.489452,0,0.45448415020373206
4,1619,0.196212,0,0.16922231373644991
4,3403,0.558599,0,0.3792239031840402
4,2417,0.259496,0,0.16057191115387764
4,1056,0.210728,0,0.3100737175268181
4,5371,0.392976,0,0.4280925195742922
4,5215,0.575172,0,0.4355587267476756
4,1798,0.453642,0,0.34262096008362847
4,6275,0.07562,0,0.1120688002209798
4,3870,0.329367,0,0.4420595442049969
4,6702,0.272924,0,0.2582020503257617
4,1252,0.309939,0,0.19973138480736236
4,4934,0.346098,0,0.3354806161296267
4,3630,0.299939,0,0.38327225648872265
4,2411,0.159949,0,0.3302287491639628
4,6373,0.053196,0,0.13423218480229918
4,5472,0.729859,0,0.5993347605721017
4,6391,0.563992,0,0.5965720494361174
4,1513,0.549731,0,0.4897759162388489
4,4032,0.213238,0,0.10376114041334207
4,6256,0.191385,0,0.27141416783213695
4,6120,0.715688,0,0.9395226676255904
4,1225,0.055006,0,0.17290247597186884
4,494,0.473974,0,0.47325039865978796
4,3633,0.157312,0,0.08274516464439882
4,6241,0.211234,0,0.15947172638410947
4,4413,0.195571,0,0.14136243113066058
4,3188,0.570479,0,0.3692532475822453
4,3738,0.805846,0,0.8604350587773602
4,4930,0.069673,0,0.15869534543705252
4,4887,0.437374,0,0.6030984452935549
4,5843,0.05873,0,0.0540755493998164
4,1745,0.767035,0,0.6976147211804036
4,1345,0.084722,0,0.07967537473245706
4,4143,0.100106,0,0.15924125110524115
4,6475,0.614685,0,0.32696699911473726
4,4458,0.030774,0,0.07538013492715855
4,4969,0.181312,0,0.19983916540671273
4,7405,0.685695,0,0.6271117467025217
4,5932,0.701384,0,0.8240911773284464
4,154,0.024498,0,0.03274959805746037
4,6484,0.156908,0,0.2224851135299663
4,2081,0.101049,0,0.12726329643577428
4,5988,0.169042,0,0.249677951226061
4,2214,0.158788,0,0.23905434469335235
4,1878,0.25234,0,0.21420891463234856
4,4645,0.254768,0,0.34854991859302753
4,1374,0.08509,0,0.055274392022913295
4,3768,0.236177,0,0.3272311873662311
4,4868,0.721471,0,0.7866355655077578
4,340,0.079871,0,0.11774411200123709
4,1988,0.716543,0,0.6266303562341398
4,3902,0.554399,0,0.7032095844239804
4,2395,0.567892,0,0.4979354552876954
4,455,0.018756,0,0.0396454049005041
4,5596,0.119034,0,0.22263461286305833
4,3092,0.43901,0,0.6038116520480831
4,6057,0.25724,0,0.221426593552493
4,1953,0.283272,0,0.2727929564471053
4,5521,0.847434,0,0.73095657470745
4,6483,0.452527,0,0.4195902975414656
4,1510,0.19555,0,0.13580004965270062
4,6271,0.268282,0,0.3582864542806823
4,3931,0.061235,0,0.09363848316897429
4,1871,0.287704,0,0.22509077253705714
4,3413,0.080497,0,0.06441181617755108
4,2900,0.180116,0,0.17615999940184984
4,2835,0.084507,0,0.17087006173885086
4,4897,0.071923,0,0.12329918829332646
4,7266,0.448055,0,0.38299625149480543
4,3436,0.506035,0,0.24504877131949504
4,962,0.53576,0,0.645608993703437
4,1317,0.119219,0,0.20596856295442711
4,6082,0.46794,0,0.3493153255338338
4,3044,0.065166,0,0.14957669270317356
4,5564,0.102826,0,0.09301786791678843
4,3767,0.420241,0,0.3712884218078703
4,911,0.139627,0,0.2032963837517397
4,3814,0.185382,0,0.3241066819473965
4,3489,0.635789,0,0.49430200606737207
4,3487,0.810464,0,0.6897086564792908
4,6655,0.470959,0,0.6277565399956111
4,6384,0.796436,0,0.6970968416408808
4,7192,0.126085,0,0.20397973681352263
4,2520,0.386074,0,0.4326818534688345
4,1389,0.009709,0,0.03953341774766542
4,5258,0.308222,0,0.3994704722641782
4,3114,0.767594,0,0.8160810747797883
4,3595,0.022279,0,0.039424272464084704
4,3035,0.355932,0,0.4909474749403897
4,6816,0.285219,0,0.22033569769431638
4,4390,0.461568,0,0.5407169126915871
4,2687,0.254151,0,0.29247199851940475
4,5872,0.334512,0,0.34591926171524223
4,4077,0.359327,0,0.4054225810874093
4,1142,0.295369,0,0.2762468810203382
4,164,0.084309,0,0.09961077987615309
4,7226,0.305894,0,0.19223877913770107
4,6210,0.057342,0,0.07623331903468776
4,5259,0.387338,0,0.1588333282613407
4,2657,0.435723,0,0.6263396585474948
4,5113,0.152103,0,0.2652794627253281
4,2444,0.194104,0,0.18908773577151758
4,3748,0.016331,0,0.021848968812503162
4,2927,0.202795,0,0.2408655860977696
4,6023,0.174991,0,0.20198452909974404
4,4095,0.129857,0,0.15611259596391927
4,3731,0.279506,0,0.23829343449672477
4,3613,0.843661,0,0.9356776863308949
4,6522,0.368065,0,0.3191707836557937
4,1730,0.207991,0,0.142707739805747
4,6500,0.113876,0,0.13138111706391806
4,886,0.545946,0,0.5961026210561646
4,5985,0.197035,0,0.3972703638505127
4,4402,0.475843,0,0.4654933072721424
4,3201,0.660102,0,0.6053060565663111
4,5746,0.666253,0,0.7841066788534724
4,1580,0.192656,0,0.17882374950153593
4,2430,0.531913,0,0.488067324119626
4,6587,0.582534,0,0.5277385546247388
4,6685,0.013479,0,0.04009766054981096
4,5061,0.040773,0,0.10940166689237414
4,2138,0.408803,0,0.44271137308707725
4,3574,0.419965,0,0.44683465527402966
4,5702,0.401079,0,0.38546385873306094
4,3347,0.074904,0,0.2142903538022801
4,4451,0.65319,0,0.6010869068764813
4,6327,0.074282,0,0.15677120928014582
4,6098,0.191505,0,0.3098282872986658
4,5305,0.180208,0,0.25351536717718837
4,5111,0.046106,0,0.025843075643636405
4,7488,0.374191,0,0.44948222654237596
4,7399,0.130099,0,0.11122935824563808
4,3350,0.595706,0,0.6572234160364837
4,2904,0.202175,0,0.2791160688390781
4,2890,0.275374,0,0.2834448338973651
4,2388,0.725069,0,0.7090352317412545
4,1303,0.225173,0,0.39394746950045706
4,4928,0.30303,0,0.32223063295844484
4,2692,0.066539,0,0.26650073467548646
4,768,0.09098,0,0.24954591232453718
4,3321,0.291347,0,0.34067998063379945
4,3343,0.180801,0,0.2307444275363715
4,4723,0.044699,0,0.16974977329717167
4,5665,0.687357,0,0.580267542206927
4,662,0.527962,0,0.4438899250226132
4,4611,0.285386,0,0.5400607979256336
4,4604,0.144144,0,0.17995045615151725
4,745,0.111825,0,0.18665458198497267
4,4557,0.631647,0,0.6458389427448346
4,2975,0.795994,0,0.8875451957942533
4,304,0.590511,0,0.6208492941333986
4,1866,0.531242,0,0.45328661941512843
4,4284,0.008252,0,0.019024775392414667
4,5757,0.408431,0,0.3029697537868188
4,2253,0.011034,0,0.0298108986746366
4,238,0.118598,0,0.20204333016820777
4,6720,0.245044,0,0.4030104080743556
4,2740,0.300155,0,0.43235262229410676
4,351,0.023665,0,0.03388653416516189
4,2522,0.841786,0,0.9589976694135629
4,2365,0.184496,0,0.19226733820987668
4,5042,0.022487,0,0.028778132762129316
4,4049,0.198514,0,0.17009817481369835
4,4266,0.259206,0,0.19440906559474605
4,1379,0.461495,0,0.5786170509364393
4,4108,0.235408,0,0.22080298024824802
4,4313,0.086661,0,0.10534543821063674
4,2727,0.821283,0,0.8482583031076105
4,3472,0.143044,0,0.26397228717782323
4,4488,0.071371,0,0.052148761127328205
4,5687,0.779114,0,0.7558045160827513
4,3618,0.13173,0,0.17914651045543367
4,2899,0.196036,0,0.1807385330256423
4,1163,0.528429,0,0.5204521348798002
4,4257,0.747105,0,0.6390373275360587
4,6548,0.264796,0,0.33988855717765876
4,4044,0.101623,0,0.09329686001480873
4,3256,0.106352,0,0.07849901713347664
4,3791,0.083315,0,0.0977358076435429
4,3190,0.122433,0,0.1521869114138921
4,6073,0.145441,0,0.15741415446788026
4,3223,0.037418,0,0.0364957867683389
4,5919,0.336945,0,0.25495472687032233
4,7376,0.843308,0,0.7843125524482476
4,1409,0.826305,0,0.6875481966130543
4,4079,0.797562,0,0.7074031298620073
4,37,0.424879,0,0.5163167709117298
4,102,0.494361,0,0.5264083276668601
4,2757,0.240451,0,0.20053452651124543
4,6894,0.299277,0,0.22811272551889356
4,5218,0.131053,0,0.07552227495905531
4,5838,0.079335,0,0.12773038008019125
4,875,0.226104,0,0.2053809321156441
4,6406,0.477521,0,0.36294042140509913
4,6187,0.534797,0,0.34509900811762134
4,1668,0.520797,0,0.40586138120691834
4,3361,0.645646,0,0.5839025800607087
4,2156,0.592267,0,0.35068433773614216
4,6950,0.247502,0,0.20008926134149457
4,2807,0.678403,0,0.6993359770871227
4,5779,0.303757,0,0.3674600501533141
4,3144,0.394771,0,0.4862004750045626
4,1828,0.1248,0,0.29942536113057544
4,1173,0.229257,0,0.15989020615619645
4,5134,0.593957,0,0.3408700424433726
4,3634,0.292897,0,0.25401847600644556
4,766,0.268351,0,0.23582978944162453
4,6866,0.025408,0,0.04663862710383789
4,4432,0.196652,0,0.2372897393350089
4,1116,0.786019,0,0.6718960065394652
4,6572,0.510419,0,0.312419943702216
4,1285,0.776726,0,0.6080145126952197
4,4398,0.391415,0,0.6118218803093439
4,5103,0.112154,0,0.15518141351162207
4,3846,0.133441,0,0.15635265712344096
4,1770,0.155171,0,0.24279147415141802
4,3735,0.793939,0,0.696143007250242
4,3155,0.070322,0,0.1944941759927963
4,269,0.239708,0,0.28539713851394694
4,5068,0.133827,0,0.10464625243186428
4,5592,0.11018,0,0.14429173171990808
4,2519,0.339029,0,0.2758191699313544
4,3094,0.761423,0,0.8625961431780448
4,6493,0.279532,0,0.4559328245929252
4,3797,0.437574,0,0.4681107623448496
4,5096,0.814563,0,0.7424165506690178
4,6066,0.087298,0,0.24407731264545887
4,6927,0.68156,0,0.7577183026836707
4,2059,0.607234,0,0.5001309171006609
4,734,0.675887,0,0.6889808890378865
4,2259,0.213053,0,0.36023143395292867
4,6556,0.134689,0,0.423663124485152
4,6487,0.12076,0,0.16191730569051524
4,3528,0.275514,0,0.1533359251746479
4,6479,0.098157,0,0.09911582745007874
4,5114,0.135869,0,0.27163461184870147
4,6703,0.041322,0,0.19543447552765764
4,5594,0.556272,0,0.6729706498661394
4,556,0.07062,0,0.13148876744503596
4,7461,0.003718,0,0.017453087760738475
4,3500,0.516506,0,0.5547281775352286
4,5298,0.142758,0,0.2792719802592115
4,1151,0.127045,0,0.07788246426826019
4,2329,0.742642,0,0.49163614369169234
4,1790,0.066807,0,0.0912491353676265
4,5837,0.329863,0,0.2004964934590725
4,6853,0.608712,0,0.5007920267018816
4,2710,0.697079,0,0.7678903732484965
4,3757,0.518231,0,0.5379231244312884
4,2592,0.415793,0,0.5617440430009907
4,3607,0.051633,0,0.07790527793889572
4,5729,0.826902,0,0.7922502124013344
4,7324,0.467608,0,0.4280691898697341
4,6516,0.310179,0,0.30533960956853906
4,7103,0.779549,0,0.7328264704913543
4,2666,0.164179,0,0.17411564890388315
4,6716,0.55868,0,0.5649008695621088
4,1429,0.621476,0,0.5003153690862171
4,2112,0.673913,0,0.5143912602031442
4,6336,0.036683,0,0.11403153646117442
4,6870,0.387072,0,0.39771569017307234
4,6052,0.026909,0,0.04844391931610428
4,4197,0.078928,0,0.17714384630903343
4,3067,0.242757,0,0.3969113170714284
4,3423,0.803718,0,0.7254968372021962
4,754,0.597106,0,0.7008106165580739
4,6698,0.187489,0,0.10729916903553689
4,152,0.333488,0,0.3370868004175129
4,1568,0.464916,0,0.5114959791591315
4,5245,0.244107,0,0.33102348471551973
4,6465,0.331745,0,0.31735248811553607
4,1081,0.467084,0,0.5134817977479216
4,7427,0.138776,0,0.15431274064506606
4,4202,0.237872,0,0.635429119630313
4,5514,0.187383,0,0.28768338606614935
4,4714,0.059506,0,0.1398442646000256
4,3579,0.07638,0,0.12384156948900565
4,3776,0.291376,0,0.4043236391789197
4,5163,0.607299,0,0.5356718119527278
4,2191,0.83743,0,0.7607308698163825
4,1239,0.236931,0,0.19114480922136573
4,6496,0.459114,0,0.6887926946429208
4,5927,0.426796,0,0.38388146731863915
4,7221,0.791838,0,0.9318075406553514
4,4545,0.528906,0,0.46612254830480554
4,5429,0.32145,0,0.548758948434727
4,3659,0.205369,0,0.18975857588333322
4,3799,0.436444,0,0.2787409695598484
4,5634,0.39737,0,0.1685968169678229
4,2818,0.035715,0,0.0843309740798479
4,5731,0.061948,0,0.20396176564747479
4,1459,0.514161,0,0.47381897670055184
4,5605,0.38926,0,0.5124893390007239
4,3279,0.422683,0,0.38606997714673824
4,7412,0.133292,0,0.21691556427366798
4,3358,0.383573,0,0.6498120287244298
4,2528,0.183032,0,0.12403392612207711
4,5781,0.672442,0,0.5395704690638848
4,869,0.263473,0,0.4613208655702619
4,5486,0.335668,0,0.3800012506850704
4,2303,0.301801,0,0.3837040550065768
4,202,0.081891,0,0.26315858585632423
4,6634,0.372348,0,0.38150276589887355
4,12,0.456206,0,0.5100690745134453
4,1256,0.029446,0,0.058417445838386234
4,4357,0.657275,0,0.6434964447236164
4,4136,0.146701,0,0.22433232219165197
4,4007,0.29244,0,0.2865787054880487
4,2037,0.142161,0,0.2493432507905118
4,1872,0.288969,0,0.3902535931835038
4,5304,0.417114,0,0.62137582280548
4,2931,0.147079,0,0.13004752809415757
4,2736,0.125427,0,0.14038858813158264
4,1646,0.092866,0,0.2997731087360112
4,5105,0.328858,0,0.5786973806868368
4,1217,0.174724,0,0.13349093371754747
4,1762,0.2988,0,0.4691900417014698
4,1995,0.064254,0,0.08028354272307334
4,2775,0.093595,0,0.10125373239124437
4,2984,0.745073,0,0.7404107942113667
4,2273,0.235406,0,0.11127935326659551
4,1129,0.761881,0,0.523720811482932
4,1172,0.04207,0,0.08908806804415956
4,2248,0.005615,0,0.03506739770107767
4,4847,0.502107,0,0.4771765650700401
4,2197,0.221663,0,0.30719839559352075
4,6800,0.701236,0,0.7753251139872491
4,5086,0.178279,0,0.2748973242338667
4,4890,0.687336,0,0.4808997642129538
4,2124,0.046518,0,0.07907134649581282
4,5395,0.325343,0,0.4464512758046753
4,435,0.336443,0,0.47310174740110983
4,2668,0.103093,0,0.135602723065793
4,1238,0.118978,0,0.10439368123141048
4,6326,0.218285,0,0.44570387506193987
4,1290,0.279347,0,0.2955486018081804
4,4518,0.014919,0,0.07039305588011067
4,1259,0.165703,0,0.31909671016230795
4,6858,0.139484,0,0.1011432804220419
4,4415,0.796263,0,0.8842789701583481
4,5485,0.400353,0,0.45098328775769125
4,3533,0.032971,0,0.0332173410797945
4,2088,0.117986,0,0.2698964389109124
4,2449,0.233532,0,0.20174367505144483
4,6813,0.016145,0,0.049194915127548526
4,4208,0.038095,0,0.08069216656131974
4,4871,0.249433,0,0.35723915987516336
4,4594,0.545714,0,0.45922563200046335
4,3484,0.068907,0,0.10768577095034822
4,1683,0.714027,0,0.520900298603543
4,6700,0.18846,0,0.3148442040708706
4,4717,0.337858,0,0.2937066745316682
4,3245,0.185903,0,0.1303484525228631
4,1959,0.364251,0,0.4519761636235233
4,4073,0.013915,0,0.05603181370772938
4,3141,0.194465,0,0.244959726852763
4,6743,0.498984,0,0.40541630654420424
4,5816,0.481912,0,0.5435784722989976
4,3305,0.256765,0,0.29029992604849586
4,3036,0.292602,0,0.29011073124879266
4,3603,0.540909,0,0.4150733472861901
4,647,0.05698,0,0.16911912832769552
4,3304,0.627105,0,0.8503863932827804
4,3374,0.090621,0,0.11139372273740628
4,2393,0.626717,0,0.473828243877082
4,6471,0.129056,0,0.2569027765526637
4,3504,0.775599,0,0.3840627488896118
4,3681,0.178713,0,0.11427101539643385
4,511,0.140062,0,0.14828284533512198
4,2781,0.708157,0,0.5444975684910266
4,999,0.529523,0,0.513150419825624
4,234,0.547464,0,0.701072626785236
4,3395,0.148655,0,0.12769651152995512
4,5939,0.283725,0,0.16876802010814665
4,2610,0.447921,0,0.4616980525499777
4,6899,0.191137,0,0.19084825727255292
4,6123,0.361405,0,0.2968048653530534
4,3482,0.311814,0,0.20873510001858597
4,3565,0.626291,0,0.5193142417287447
4,4554,0.136777,0,0.1629687648597627
4,3037,0.257567,0,0.16720274900713286
4,4058,0.19911,0,0.22567971614599908
4,2961,0.341726,0,0.28916699119839606
4,426,0.765746,0,0.6333163556473
4,1546,0.259358,0,0.2911580125697114
4,2663,0.389634,0,0.2728121250740841
4,1930,0.791088,0,0.6283879589535648
4,1867,0.26083,0,0.23749948927199532
4,5356,0.073301,0,0.23761369451251155
4,5123,0.076714,0,0.07170031977863836
4,5022,0.12595,0,0.23882209357922005
4,5006,0.249058,0,0.2562984475887551
4,4315,0.123788,0,0.19657702646817557
4,3447,0.331722,0,0.38581755583639155
4,6518,0.455758,0,0.11676345891919307
4,1136,0.580789,0,0.7535251409153139
4,322,0.177262,0,0.24631326971431938
4,5716,0.813611,0,0.6416746618321195
4,1933,0.041882,0,0.10523565899045854
4,976,0.166898,0,0.1848119997863899
4,5439,0.131348,0,0.19045399253617087
4,3998,0.014645,0,0.01885257531559273
4,6934,0.099527,0,0.14822966045964903
4,36,0.26221,0,0.220038003659866
4,2476,0.052002,0,0.10362224805480948
4,1181,0.172124,0,0.31219007253163844
4,3411,0.133643,0,0.12183617464243836
4,4805,0.065487,0,0.04591256839184247
4,2718,0.799044,0,0.8486835691846254
4,3665,0.056801,0,0.14357952618180356
4,4226,0.366018,0,0.38142808715561977
4,4575,0.350854,0,0.4048703288841411
4,991,0.147994,0,0.21646409182809845
4,6890,0.065357,0,0.12596780649596745
4,1703,0.415363,0,0.48182187506821544
4,1118,0.770916,0,0.7111593076387931
4,5946,0.632027,0,0.7031435439700059
4,2087,0.282824,0,0.21569422891276874
4,5692,0.510896,0,0.6269970333576584
4,7452,0.304865,0,0.5367411880477386
4,2317,0.183649,0,0.17119602401224454
4,1901,0.277853,0,0.27614984778939605
4,627,0.37099,0,0.3513752267792706
4,4773,0.598953,0,0.5097877052787592
4,801,0.111026,0,0.19112106495065448
4,5990,0.289031,0,0.40150403974545057
4,5591,0.30807,0,0.2912212989206744
4,1182,0.733119,0,0.5926268435378866
4,3601,0.028955,0,0.06582275538624448
4,1149,0.26385,0,0.3898698399405037
4,6930,0.024234,0,0.0719764734073482
4,2609,0.070466,0,0.0777605598107307
4,4374,0.131882,0,0.16611600016545514
4,961,0.610921,0,0.5813320124040681
4,7272,0.817575,0,0.7065746057782017
4,6881,0.296034,0,0.2546301715883788
4,2793,0.801716,0,0.6997654869681809
4,86,0.43824,0,0.3509934781478686
4,4546,0.370817,0,0.4319648744825822
4,7470,0.544782,0,0.4308722537087399
4,5505,0.180346,0,0.2822255510951712
4,7076,0.344537,0,0.3029516432159832
4,6343,0.751893,0,0.7157338145312606
4,943,0.110312,0,0.13183916432375947
4,5513,0.090755,0,0.2000298587272373
4,69,0.202465,0,0.1826525828566326
4,572,0.187288,0,0.31571376791589584
4,6091,0.360859,0,0.3728515335185132
4,3255,0.280383,0,0.16774999353135542
4,5026,0.198727,0,0.27931115011317903
4,1696,0.443633,0,0.49248563171279963
4,5155,0.470061,0,0.5243213241129173
4,2621,0.127048,0,0.21607900458476761
4,1030,0.122863,0,0.10574443588737291
4,3268,0.187969,0,0.27339237408748235
4,642,0.042955,0,0.06816253736425151
4,6345,0.291215,0,0.2620182119621163
4,276,0.119526,0,0.11381792096489876
4,7296,0.041322,0,0.09360970496827965
4,2566,0.367478,0,0.2614288392373577
4,5187,0.32268,0,0.17091618475660805
4,3572,0.355288,0,0.32243756942585095
4,4205,0.259478,0,0.22957274468545283
4,7160,0.118247,0,0.1591299984195805
4,6848,0.079352,0,0.09854220021570627
4,461,0.189715,0,0.17081630833363615
4,199,0.67124,0,0.4920861202901685
4,1536,0.772105,0,0.7535044791282595
4,1910,0.531909,0,0.6275397859940826
4,3843,0.022525,0,0.047808693882563764
4,6063,0.595311,0,0.5102085945863133
4,7250,0.332939,0,0.6245789299335252
4,7358,0.589061,0,0.4217165278403995
4,1183,0.279844,0,0.2059531664040044
4,94,0.094416,0,0.11819011282243248
4,2820,0.17795,0,0.312936048166085
4,2815,0.791782,0,0.8100409423878636
4,3973,0.07389,0,0.06278170771433009
4,6192,0.062448,0,0.15293782385510662
4,3726,0.085137,0,0.11263913844912407
4,4331,0.279842,0,0.2980776940473347
4,664,0.025521,0,0.07503008914705753
4,6159,0.735812,0,0.6840410733247567
4,6018,0.230282,0,0.3706502368551281
4,5578,0.800121,0,0.9761977768291146
4,1697,0.68193,0,0.7499743953971739
4,2654,0.794801,0,0.7685065708158644
4,6218,0.199228,0,0.2529066221072107
4,6067,0.154219,0,0.12310598408484436
4,4117,0.210142,0,0.25427269458282403
4,4234,0.234942,0,0.11893217026819053
4,1702,0.554437,0,0.4823497901249304
4,3320,0.589506,0,0.734121045174298
4,7362,0.677017,0,0.6544505856463443
4,716,0.784836,0,0.7137999242270775
4,2154,0.236136,0,0.24525870009455963
4,5158,0.307065,0,0.36517534801945833
4,3150,0.14475,0,0.3240511870495483
4,2318,0.626657,0,0.4678463418788164
4,5320,0.551295,0,0.3647918772872202
4,3569,0.739963,0,0.7182097044204294
4,321,0.074255,0,0.2885070957284444
4,4275,0.136918,0,0.24073580505448966
4,4423,0.776694,0,0.7151418320621294
4,1253,0.214511,0,0.23456298832595993
4,629,0.188569,0,0.15537854963210898
4,1614,0.130849,0,0.2678568841051773
4,4566,0.401061,0,0.37289447602855025
4,5897,0.484653,0,0.6644447315182141
4,1519,0.120582,0,0.31440686472802637
4,3824,0.177726,0,0.24718561911840867
4,6459,0.10149,0,0.21894883472006768
4,1205,0.167844,0,0.13367893903365377
4,874,0.691974,0,0.43028115873835365
4,5080,0.289519,0,0.18217578401040008
4,4231,0.579846,0,0.6209754320139944
4,1363,0.106178,0,0.14184696331110558
4,4187,0.702082,0,0.3274229627910656
4,4535,0.270545,0,0.33959992143072626
4,825,0.334367,0,0.5211688392140057
4,3098,0.647088,0,0.49351881104454337
4,467,0.772902,0,0.6502658414473352
4,7044,0.735246,0,0.5801945900172548
4,6888,0.831122,0,0.8029922422336877
4,1980,0.600116,0,0.4846336324476172
4,366,0.221459,0,0.2446611395614915
4,2624,0.097982,0,0.15098677890107023
4,4435,0.837586,0,0.9281218767083329
4,5208,0.048747,0,0.12229638891066956
4,929,0.292725,0,0.21117276116539804
4,2133,0.124816,0,0.12661630290855475
4,5830,0.606399,0,0.6698268652392408
4,3324,0.806783,0,0.8816583574862108
4,2661,0.607583,0,0.5322873441534028
4,5032,0.674506,0,0.6296852032086367
4,210,0.216476,0,0.33179277316246153
4,236,0.844003,0,0.7046725717649591
4,525,0.396661,0,0.3532242884081372
4,7316,0.344045,0,0.27313488671883107
4,4115,0.409056,0,0.3795768087835462
4,3134,0.11875,0,0.18532280922175157
4,5250,0.356472,0,0.2796202681440441
4,6316,0.033382,0,0.07447353820437075
4,4565,0.040159,0,0.08288076693960876
4,4350,0.83608,0,0.8700633013665248
4,2219,0.381169,0,0.4626524312382501
4,4820,0.488668,0,0.4959384954076814
4,6656,0.651591,0,0.43908314635312573
4,7202,0.085653,0,0.1624805298190488
4,4963,0.023077,0,0.030314301494173218
4,2098,0.326657,0,0.3183399026505057
4,1201,0.825947,0,0.9148860568647531
5,7061,0.99897,1,0.9947235537433022
5,205,0.924343,1,0.9299760848139488
5,2929,0.878704,1,0.9380693648216852
5,1661,0.993582,1,0.9897114534516112
5,7333,0.98561,1,0.984039964978437
5,2383,0.999184,1,0.99790780194429
5,6811,0.992592,1,0.9857870821160759
5,7360,0.985899,1,0.988431807868481
5,4472,0.862499,1,0.94071028247193
5,2041,0.997592,1,0.9882899719715657
5,3006,0.996838,1,0.9937124773585249
5,5112,0.999998,1,0.9999874687597512
5,7247,0.874319,1,0.888934296705927
5,6603,1.0,1,0.9999966191560277
5,760,0.999699,1,0.9992261773594225
5,4977,0.999928,1,0.9998098690823936
5,731,0.859767,1,0.8202897411890264
5,3157,0.984246,1,0.9760770302245595
5,4811,0.854789,1,0.7536226210773288
5,419,0.998954,1,0.9924553784684262
5,1506,0.992295,1,0.9856826964509339
5,4347,0.996116,1,0.9963379171236121
5,6583,0.999997,1,0.999985480045276
5,5055,0.862244,1,0.8174654698018098
5,4659,0.999994,1,0.999965778089909
5,2463,0.99118,1,0.9896697733214614
5,6902,0.999636,1,0.9992477840418558
5,2288,0.999251,1,0.9965787885116941
5,3792,0.850089,1,0.8076274124192433
5,1490,0.853167,1,0.8336349733062793
5,685,0.998831,1,0.9979517391583914
5,6672,0.880365,1,0.833983684297206
5,5487,0.854164,1,0.8124566661289773
5,7262,0.988636,1,0.9807241932706324
5,1811,0.999537,1,0.9992187416304299
5,5601,1.0,1,0.9999991576790764
5,6431,0.999946,1,0.9996783369882098
5,5572,0.863236,1,0.935778342209243
5,1192,0.998048,1,0.9960703656151757
5,7351,0.999243,1,0.9975792597977414
5,2513,0.995181,1,0.9909430233815765
5,2535,0.999999,1,0.9999832323241259
5,2082,0.994053,1,0.9901362465652288
5,1835,0.890076,1,0.9874460849793055
5,3628,0.999943,1,0.9998614396747438
5,1029,0.942105,1,0.9167296150917986
5,2856,0.999487,1,0.9979659173582568
5,4314,0.948411,1,0.8533765997041223
5,2588,0.98513,1,0.9708426811063013
5,7116,0.99957,1,0.9993320539451178
5,1570,0.99995,1,0.9996970098816219
5,1904,0.993674,1,0.9790082109102649
5,3225,0.915935,1,0.8924935225344126
5,4613,0.998985,1,0.994897580204947
5,517,0.999368,1,0.9978378873856052
5,6784,0.886216,1,0.8521070090484996
5,6273,0.992285,1,0.9932561695178141
5,5499,0.999933,1,0.9996397523575831
5,6313,0.994301,1,0.9788180668506538
5,4795,0.999008,1,0.9987566061678423
5,5698,0.99981,1,0.9990625071390788
5,3112,0.999596,1,0.998380758078429
5,3872,0.993327,1,0.9870272786553006
5,3192,0.999291,1,0.9988233689798741
5,2470,0.902348,1,0.8215668118730752
5,2348,0.994206,1,0.9862014268212861
5,749,0.851011,1,0.8227664193343833
5,3029,0.990046,1,0.9852867525302322
5,6611,0.999952,1,0.999770893739908
5,847,0.972458,1,0.9623832806414176
5,1311,0.996919,1,0.9976284596071365
5,1815,0.97925,1,0.9366489884252248
5,1122,0.895749,1,0.8350354417712921
5,6039,0.993627,1,0.9936753836052298
5,6728,0.993743,1,0.9822094871457505
5,6181,0.99694,1,0.9950315349408727
5,2685,0.999844,1,0.9988067214507572
5,2194,0.977342,1,0.9731230172200545
5,178,0.861432,1,0.8540462858539947
5,1752,0.994372,1,0.9706519466386497
5,4401,0.999924,1,0.9989928106825542
5,2306,0.999998,1,0.9999809004465795
5,6134,0.936205,1,0.9209500272750952
5,4083,0.998366,1,0.9959937122055152
5,5882,0.999982,1,0.9999068981640308
5,5874,0.998421,1,0.9961000252998763
5,4741,0.99995,1,0.9998400897888213
5,7001,0.2271,0,0.441701737576081
5,602,0.210511,0,0.18294806362259136
5,3928,0.683504,0,0.6806309613397462
5,1842,0.010838,0,0.0668994012914773
5,3953,0.015476,0,0.02923385859681288
5,3518,0.02493,0,0.05053532753853981
5,5841,0.029343,0,0.06308734586014882
5,1920,0.755294,0,0.5243641347493624
5,1789,0.264184,0,0.49185756539223424
5,552,0.307939,0,0.352555015569974
5,3821,0.08079,0,0.13936058699496837
5,2290,0.462384,0,0.39335608526263405
5,7036,0.390773,0,0.4672446563718233
5,2261,0.104442,0,0.11212168546826912
5,3274,0.195305,0,0.30702932172788616
5,3197,0.08288,0,0.17451502100703067
5,5722,0.828525,0,0.7707485892771189
5,2408,0.150014,0,0.16650416166675308
5,2054,0.132776,0,0.10302320605705201
5,5495,0.413754,0,0.4626843175334383
5,5321,0.36211,0,0.49656200871972966
5,5773,0.813625,0,0.9584927426683291
5,5121,0.616552,0,0.6153305555278699
5,5408,0.490785,0,0.63208197300323
5,5033,0.404522,0,0.2683559536528524
5,2472,0.032314,0,0.05009895087282487
5,2599,0.143434,0,0.22513898305424646
5,6801,0.595178,0,0.5130079040024346
5,252,0.759806,0,0.6992349260410026
5,2686,0.068497,0,0.09156282853924969
5,5836,0.55983,0,0.47708412785044046
5,5095,0.840016,0,0.8340523322284402
5,289,0.600062,0,0.36457055473515554
5,2902,0.336941,0,0.267245043768805
5,216,0.205268,0,0.38783019132679225
5,575,0.092332,0,0.07466867610408334
5,1343,0.140195,0,0.20289702080811264
5,1578,0.529337,0,0.5234706209028381
5,2084,0.581372,0,0.3500652976571206
5,1651,0.046456,0,0.1145683247555698
5,4766,0.065485,0,0.09709527891729246
5,1377,0.287961,0,0.37570541880616404
5,3381,0.427672,0,0.6656083986232886
5,3760,0.093559,0,0.15554019168833427
5,1709,0.266096,0,0.3371200734187056
5,5831,0.412757,0,0.3287336212822524
5,1782,0.149688,0,0.11770033736581147
5,6452,0.337308,0,0.2975704841012935
5,701,0.400506,0,0.586071766720845
5,1284,0.637248,0,0.45204350785231734
5,5969,0.097464,0,0.17018343685445422
5,7139,0.156181,0,0.12007140842425477
5,936,0.439649,0,0.4130332642790765
5,3266,0.333625,0,0.21313090469259027
5,6945,0.827043,0,0.754484495079761
5,690,0.316858,0,0.411851982846048
5,6467,0.491325,0,0.43948499576674416
5,5330,0.594674,0,0.5411923963800317
5,585,0.301259,0,0.41807337803037986
5,2541,0.406387,0,0.2677793501280646
5,224,0.507009,0,0.3551551388864549
5,7195,0.494856,0,0.6440160551695463
5,5502,0.432082,0,0.2577708314828349
5,6741,0.537576,0,0.309909366808495
5,904,0.36372,0,0.5365290255434946
5,4719,0.544402,0,0.5449452477266818
5,6877,0.753964,0,0.7066888638839224
5,7062,0.849347,0,0.9514019472376767
5,4531,0.028539,0,0.0902146293668198
5,1613,0.052566,0,0.0909152096009506
5,4608,0.651708,0,0.5769955630328588
5,448,0.190734,0,0.25112344149129134
5,3676,0.042894,0,0.04709909504768178
5,2416,0.236817,0,0.22042366480226758
5,2091,0.596868,0,0.618116634640648
5,3097,0.510676,0,0.555505723681045
5,4571,0.421676,0,0.43624313935293746
5,5039,0.802134,0,0.8077500506654497
5,3834,0.74524,0,0.5353828149692511
5,6277,0.212191,0,0.5644390512567228
5,5887,0.565656,0,0.40965474383186407
5,3312,0.320094,0,0.41203538698360936
5,3327,0.509386,0,0.3037522958424179
5,1413,0.118051,0,0.08239939137238615
5,3858,0.046917,0,0.047842452492545005
5,2507,0.610925,0,0.5239074190457461
5,4990,0.057427,0,0.2449348078975586
5,1664,0.118474,0,0.09058665194429376
5,7473,0.289075,0,0.33094251311030604
5,3627,0.0636,0,0.22018420786075846
5,3956,0.830102,0,0.6690545729668186
5,7181,0.379062,0,0.48191544641411105
5,3740,0.307195,0,0.5390218591269812
5,4103,0.192626,0,0.31746468867694866
5,4596,0.793833,0,0.6070356294163012
5,555,0.511054,0,0.47902370747322237
5,6976,0.340723,0,0.36936652597269953
5,291,0.111464,0,0.23255248322067162
5,3788,0.070074,0,0.16313176288292208
5,116,0.398637,0,0.3347974530959029
5,1385,0.111881,0,0.16969460828495184
5,1900,0.477369,0,0.3100304055162296
5,5230,0.848682,0,0.9357862323620396
5,7418,0.254761,0,0.10279685777323301
5,4532,0.375729,0,0.24908257402844738
5,7336,0.848325,0,0.9120590054041463
5,2978,0.060833,0,0.12203762025688308
5,5173,0.604605,0,0.6375028445586189
5,3778,0.764544,0,0.5438805798573271
5,5100,0.062303,0,0.07536950719330329
5,1931,0.362171,0,0.3263667907456069
5,515,0.151676,0,0.2570810213231869
5,7395,0.222801,0,0.32732307408499955
5,6683,0.400367,0,0.32073779762735805
5,909,0.088778,0,0.11163382540481612
5,6960,0.057215,0,0.08968338385417882
5,2795,0.617392,0,0.701331444782876
5,6100,0.802472,0,0.5984528796317962
5,4492,0.011274,0,0.031277035467279335
5,1216,0.536893,0,0.2515193109259307
5,5409,0.522931,0,0.5904598339870942
5,4848,0.219814,0,0.10803713833450901
5,4595,0.291642,0,0.36580373195933125
5,774,0.604083,0,0.4676113109450095
5,5457,0.425208,0,0.3376580804085229
5,6967,0.137468,0,0.11166050150666322
5,213,0.572156,0,0.46820483370313004
5,1679,0.461622,0,0.37452828141883815
5,2346,0.805615,0,0.6509878561570174
5,1537,0.819032,0,0.8098130959715949
5,7015,0.178014,0,0.25811567170489425
5,5065,0.459233,0,0.31223451251254203
5,7463,0.144405,0,0.13202253660108426
5,5976,0.30978,0,0.3027196708388227
5,301,0.571932,0,0.5472802065782626
5,7168,0.186404,0,0.23943454201980294
5,5145,0.267986,0,0.28475133391046575
5,5614,0.402166,0,0.660430568689255
5,1483,0.451416,0,0.4222516368294695
5,1907,0.167478,0,0.14091699209614367
5,6884,0.067218,0,0.13776557362674172
5,783,0.189819,0,0.21333443793219098
5,711,0.336114,0,0.31164245765423365
5,2595,0.193211,0,0.36599759546397576
5,2356,0.02238,0,0.1406890860635073
5,1644,0.170479,0,0.22730536579384955
5,5475,0.043013,0,0.0931908125060539
5,4665,0.129795,0,0.183217952667267
5,7436,0.840618,0,0.8169826540476076
5,6769,0.341848,0,0.2369047630931236
5,7445,0.170401,0,0.37802168697558297
5,1601,0.068528,0,0.10211617692833308
5,5214,0.256258,0,0.4247436628137484
5,2873,0.177932,0,0.2885578211825656
5,5493,0.105297,0,0.11637771074932607
5,3585,0.361141,0,0.25291093987611096
5,7397,0.359186,0,0.4513049768518698
5,2825,0.078045,0,0.045686235587303226
5,1006,0.12883,0,0.19606557090314686
5,5624,0.443301,0,0.281642701448384
5,1708,0.553706,0,0.5216183358462229
5,4222,0.216831,0,0.15570730988624606
5,7011,0.215046,0,0.304638784053472
5,2865,0.547962,0,0.5974663238182603
5,6633,0.842688,0,0.6516193331548632
5,4979,0.696625,0,0.7100963452498908
5,3443,0.028821,0,0.07869759070990472
5,657,0.038456,0,0.13023638099266674
5,1918,0.285454,0,0.3071145108663059
5,2009,0.255561,0,0.239314678761465
5,1627,0.840035,0,0.7689164229815091
5,6971,0.681734,0,0.7149991341850165
5,6566,0.043603,0,0.1372897726759195
5,2218,0.071977,0,0.10329262779633563
5,1066,0.048559,0,0.15531757931633575
5,5428,0.408651,0,0.30317846787117386
5,3838,0.214796,0,0.25024136322500345
5,4607,0.492111,0,0.5135287865465663
5,686,0.618846,0,0.4834045637014787
5,6047,0.02903,0,0.02722871852217113
5,2238,0.278817,0,0.24365061267225022
5,2808,0.146128,0,0.17826066085507217
5,2475,0.061477,0,0.21929158696744727
5,4093,0.68393,0,0.5890482542147051
5,6851,0.322038,0,0.202058793924259
5,2908,0.006726,0,0.014481026673824374
5,6767,0.392531,0,0.4462973564091406
5,7165,0.476432,0,0.4239515048197813
5,1876,0.691044,0,0.7155518771985895
5,3631,0.238516,0,0.3280735766292708
5,6424,0.30402,0,0.2808856678710224
5,1527,0.244352,0,0.22894774187957592
5,4615,0.783405,0,0.6716852675068873
5,3596,0.176834,0,0.11820839534417836
5,735,0.337853,0,0.20484254545442637
5,1859,0.290069,0,0.6330012110516252
5,144,0.084619,0,0.12186367542961368
5,7172,0.03692,0,0.08526033789661475
5,307,0.172864,0,0.17029931558112435
5,5867,0.833284,0,0.7297303536147879
5,5701,0.072914,0,0.09678779714600684
5,6623,0.001336,0,0.015723527633044892
5,1188,0.359644,0,0.4857552809248405
5,6512,0.298839,0,0.2558716777130723
5,6820,0.400232,0,0.3230545194870953
5,3073,0.082843,0,0.07310476608079232
5,4684,0.715065,0,0.4486182273399181
5,2711,0.536418,0,0.4318494405264375
5,6279,0.020807,0,0.040621461897064635
5,362,0.544319,0,0.3728689160369969
5,6323,0.824551,0,0.6266244553393094
5,3568,0.837182,0,0.6824974752162535
5,3680,0.136777,0,0.3333690395580284
5,329,0.739291,0,0.680840349237325
5,7219,0.378073,0,0.42866593920168905
5,4525,0.640152,0,0.48756432671563527
5,2948,0.529456,0,0.6001272037282331
5,2994,0.490808,0,0.3083848708052611
5,2854,0.512376,0,0.4710574011251194
5,1865,0.530017,0,0.3095206461124397
5,1241,0.309566,0,0.27134421826937355
5,3051,0.008766,0,0.015826247386413497
5,5432,0.553581,0,0.6869590180333125
5,5751,0.296161,0,0.26059347261674154
5,4177,0.075238,0,0.14247076743076847
5,5091,0.593056,0,0.6375680445066723
5,3823,0.670774,0,0.8322153458412707
5,6490,0.517573,0,0.3449009137560411
5,7220,0.325452,0,0.1846878838353183
5,4555,0.353129,0,0.333245060231396
5,5072,0.132189,0,0.21660021989575573
5,5709,0.430098,0,0.4859433214155741
5,6643,0.211701,0,0.22830245878898958
5,6347,0.380463,0,0.4149750179064705
5,3749,0.492751,0,0.4696614988595163
5,1826,0.002646,0,0.004006186861132702
5,7439,0.138506,0,0.1630743504015622
5,3267,0.380346,0,0.4149878204059839
5,4882,0.592667,0,0.5736413973106086
5,60,0.098221,0,0.1254116338363456
5,4994,0.552268,0,0.5174383451927128
5,7389,0.526508,0,0.5319624009081075
5,181,0.365532,0,0.4946607808258986
5,2331,0.022006,0,0.045839142517649326
5,1367,0.624935,0,0.6288515760251334
5,1521,0.096062,0,0.19945524678915721
5,4487,0.028242,0,0.1114200741598372
5,4424,0.048299,0,0.08060555338184795
5,4417,0.059136,0,0.036847512147388434
5,718,0.12853,0,0.12400320704856586
5,4975,0.500081,0,0.5190098902314685
5,497,0.570545,0,0.43561517356929935
5,3269,0.211934,0,0.2847691845380325
5,1384,0.807433,0,0.802176217937752
5,4567,0.106324,0,0.07941166165540542
5,88,0.201253,0,0.1988338476005967
5,6610,0.396937,0,0.1451731227112597
5,3110,0.352139,0,0.4182111993493876
5,2148,0.166913,0,0.15593172877672887
5,493,0.480027,0,0.4556211321995548
5,4832,0.34445,0,0.395670363715207
5,386,0.696055,0,0.8581951496201546
5,2359,0.130139,0,0.2059443436159677
5,54,0.132472,0,0.12097142169115267
5,4802,0.445841,0,0.24340348741807175
5,887,0.068976,0,0.12277728241158357
5,3406,0.115051,0,0.16883477816102488
5,3560,0.346851,0,0.3418434384470291
5,4419,0.238986,0,0.3054596008642498
5,3234,0.019275,0,0.030932656451932692
5,3670,0.791695,0,0.7686770069220655
5,6777,0.065786,0,0.11359315790296441
5,2135,0.605641,0,0.42104126932752167
5,1528,0.506528,0,0.3108126765862934
5,7086,0.232938,0,0.38721216994290913
5,600,0.703452,0,0.6858421647494488
5,1698,0.840488,0,0.8572160529784607
5,6109,0.390662,0,0.19827354591703056
5,4183,0.722934,0,0.5632499595011072
5,576,0.102511,0,0.3474511164172155
5,1881,0.219035,0,0.4771866166861815
5,2221,0.306888,0,0.2669442514547844
5,5570,0.028961,0,0.02982660391518752
5,3422,0.031909,0,0.05639085226715129
5,360,0.270941,0,0.3641363091549139
5,2010,0.133652,0,0.1225996212911943
5,4249,0.76739,0,0.8218149795770594
5,5774,0.03148,0,0.047420051536641916
5,4166,0.402936,0,0.41377145608172855
5,7149,0.526031,0,0.449309985576208
5,1466,0.249525,0,0.3496703293391462
5,4838,0.080278,0,0.2102539379107903
5,6448,0.514975,0,0.4382190075244563
5,4475,0.111162,0,0.2549173752073391
5,3861,0.37734,0,0.5178590707182629
5,2263,0.309239,0,0.20601540238336533
5,889,0.71219,0,0.551149256277173
5,908,0.369587,0,0.4634304994088549
5,1634,0.094222,0,0.13247288232761276
5,4411,0.345989,0,0.3284920483415219
5,1945,0.846625,0,0.7993470754959687
5,1403,0.208909,0,0.23748355410471828
5,4190,0.159057,0,0.23940088840847876
5,6491,0.792371,0,0.6419100071342377
5,4354,0.53338,0,0.45377322243659834
5,2689,0.533345,0,0.5720652664497338
5,4513,0.547624,0,0.6148215733812166
5,5977,0.448696,0,0.4909274080426249
5,1414,0.34864,0,0.30539496582011416
5,2033,0.018792,0,0.04651440844486144
5,6828,0.173503,0,0.16330645905454794
5,3770,0.596844,0,0.6158559069599505
5,620,0.385032,0,0.3926949891188079
5,3963,0.19659,0,0.18002896953631128
5,4213,0.387602,0,0.33036434105895796
5,3982,0.131975,0,0.13657071764061954
5,6536,0.335993,0,0.5102169648278397
5,2362,0.40222,0,0.5297910242716942
5,2996,0.037318,0,0.05644578808828721
5,4854,0.363089,0,0.4368712919557906
5,6861,0.237407,0,0.2896580876496685
5,5106,0.420057,0,0.34840896067670185
5,6110,0.727748,0,0.8390559983638897
5,153,0.15397,0,0.168208549983853
5,1035,0.688004,0,0.7244208511177013
5,2486,0.189942,0,0.27553052929433347
5,4105,0.848667,0,0.6624866286188195
5,2735,0.849013,0,0.9351790554084937
5,1727,0.724424,0,0.5783204248146144
5,147,0.166524,0,0.3431924260103277
5,5063,0.114589,0,0.18090319738373895
5,852,0.789879,0,0.7105644241545302
5,2000,0.762571,0,0.9210336032347132
5,4170,0.053815,0,0.09411737966023108
5,3800,0.591448,0,0.6407676467001866
5,7357,0.214818,0,0.2521871816262943
5,2785,0.396242,0,0.22753786092225162
5,564,0.516341,0,0.5289112005229764
5,4509,0.538842,0,0.6274326367276529
5,5705,0.143038,0,0.1403774033091425
5,2467,0.159591,0,0.1445100676577675
5,3975,0.247688,0,0.18891680755689316
5,2972,0.282014,0,0.44174414162137216
5,2443,0.133834,0,0.10044055599728208
5,3594,0.574961,0,0.6694603100469536
5,5642,0.212562,0,0.19341666851208536
5,2564,0.36432,0,0.28328356648286807
5,1080,0.108768,0,0.16261555761948374
5,3979,0.428165,0,0.41471671697061246
5,5557,0.22058,0,0.38773211461596474
5,986,0.216604,0,0.12684325527458618
5,5733,0.355704,0,0.31836478253945255
5,6385,0.191547,0,0.23660061964516363
5,4950,0.448813,0,0.18986254195792293
5,5766,0.322077,0,0.2132336536577729
5,5293,0.721713,0,0.5968565886115146
5,4294,0.230279,0,0.19043553561447624
5,4559,0.052236,0,0.046559148032987066
5,1917,0.107464,0,0.09718807140443488
5,3831,0.393764,0,0.3374855051011503
5,251,0.421565,0,0.3729927230882887
5,1368,0.074043,0,0.1314652715201832
5,5257,0.370555,0,0.3324736719181279
5,752,0.45376,0,0.5398851769691071
5,7227,0.429286,0,0.5384751006399623
5,5216,0.021871,0,0.07415739509148934
5,5365,0.267421,0,0.22204659556953404
5,4921,0.02256,0,0.04036964085546035
5,2281,0.435221,0,0.3801929566174352
5,3673,0.2398,0,0.26371305548704443
5,1159,0.208981,0,0.33835864708538077
5,2116,0.337725,0,0.4447061476771366
5,4045,0.48924,0,0.37304156325027443
5,5020,0.188785,0,0.16633252233486348
5,2196,0.269047,0,0.30072074188767367
5,665,0.449195,0,0.3431571713822638
5,4381,0.03172,0,0.09693342473215019
5,5337,0.606846,0,0.5053842005814092
5,5559,0.176324,0,0.3186963077005558
5,2343,0.11989,0,0.1997667280743551
5,1964,0.182023,0,0.23675514681328086
5,2027,0.021558,0,0.09061982902535722
5,2611,0.138541,0,0.39640168253351393
5,3318,0.113523,0,0.15029251172136912
5,3649,0.239279,0,0.5138264116227851
5,4693,0.347037,0,0.4048247584604328
5,1746,0.24309,0,0.2713624538680179
5,691,0.446427,0,0.5275445556619891
5,6450,0.293857,0,0.2959902066491743
5,162,0.417643,0,0.4546595491044612
5,3480,0.042621,0,0.08147100514018543
5,5140,0.360617,0,0.44155059713318173
5,5260,0.47033,0,0.45469369328209913
5,3235,0.365909,0,0.4578028793301818
5,5854,0.663072,0,0.801291827515115
5,3515,0.562596,0,0.7006940917847649
5,1607,0.560179,0,0.5753688084003936
5,3689,0.252398,0,0.5327345389335918
5,7297,0.290826,0,0.520432432830488
5,6020,0.199361,0,0.10921498100694424
5,5972,0.257746,0,0.19567358784502994
5,7402,0.122312,0,0.24039452115485882
5,417,0.432911,0,0.4303315518862551
5,4123,0.554078,0,0.5447319087165234
5,1665,0.845947,0,0.6159243662948363
5,298,0.571282,0,0.6157732604619787
5,3947,0.419101,0,0.3747965255455832
5,5144,0.368593,0,0.5248486000685947
5,2372,0.662164,0,0.5441422147471064
5,7478,0.30726,0,0.3086982914305464
5,4405,0.121292,0,0.14528957472366474
5,3717,0.590792,0,0.46435107297073297
5,5139,0.440102,0,0.4343003193800109
5,2742,0.725447,0,0.5939060130059138
5,592,0.644839,0,0.45584624218747366
5,2117,0.123805,0,0.10597773492024053
5,6122,0.179681,0,0.2614352551298877
5,2244,0.604497,0,0.6009487059177898
5,7354,0.337608,0,0.4542500935801047
5,2596,0.541187,0,0.5144110655682794
5,518,0.215121,0,0.2665251064518523
5,6081,0.602375,0,0.43644671385624706
5,1505,0.33953,0,0.5961776460333258
5,2812,0.589222,0,0.621042442997218
5,3278,0.68052,0,0.5003796521060734
5,2104,0.810427,0,0.7695215949446791
5,474,0.836762,0,0.711432462442188
5,1156,0.832663,0,0.8172229934566891
5,5590,0.4663,0,0.5235151193147364
5,7415,0.759886,0,0.5764862476658924
5,6707,0.463026,0,0.47901747885248436
5,6434,0.326882,0,0.4222510765169142
5,5995,0.07105,0,0.21324573725745846
5,4019,0.21458,0,0.21705565261481494
5,7152,0.030263,0,0.06283713637301232
5,5584,0.238807,0,0.22454902979589725
5,7321,0.812442,0,0.7868338270674546
5,4046,0.317886,0,0.32821149195390614
5,5694,0.095915,0,0.10903951552551615
5,2270,0.033752,0,0.16313535834238
5,2447,0.17078,0,0.17314601079775135
5,6745,0.188452,0,0.20551765288737978
5,589,0.440796,0,0.5221449171865056
5,5236,0.245448,0,0.40274776860121364
5,316,0.828865,0,0.8688054814865994
5,2113,0.105192,0,0.06439963452843293
5,7451,0.014174,0,0.05779450455645696
5,527,0.545673,0,0.3841291725550759
5,7187,0.206703,0,0.24180136909421157
5,7492,0.092309,0,0.19264316294765305
5,1615,0.729101,0,0.5630109076053599
5,5405,0.09293,0,0.09771373701711712
5,5941,0.440256,0,0.2453491153600609
5,5944,0.021664,0,0.07708217108356297
5,933,0.519779,0,0.6081009895349904
5,5631,0.038398,0,0.09214189269831735
5,348,0.476179,0,0.11513139275811206
5,2308,0.008278,0,0.01958976589464835
5,7382,0.410166,0,0.48617854676737615
5,6024,0.07894,0,0.08705004955668927
5,18,0.432669,0,0.43846233085648095
5,1441,0.533353,0,0.4377367865557548
5,5875,0.153279,0,0.10988312395735997
5,7,0.477014,0,0.5673157222657665
5,132,0.626254,0,0.47032688613335843
5,805,0.838887,0,0.9411986367522495
5,2533,0.042731,0,0.08193328861375568
5,3032,0.493552,0,0.5136277626338749
5,248,0.063396,0,0.14121818866354138
5,3545,0.131079,0,0.242456435523758
5,6158,0.208757,0,0.3938858960491484
5,2869,0.444471,0,0.4033543985219658
5,79,0.275191,0,0.2036720576301893
5,3086,0.24802,0,0.2078048253364465
5,5878,0.494589,0,0.3117348563027369
5,4072,0.84516,0,0.8179765328502425
5,4878,0.468963,0,0.6906341133023939
5,4142,0.227003,0,0.3539286366976517
5,4394,0.175623,0,0.15406928540707474
5,5132,0.657409,0,0.4970243742137314
5,367,0.671197,0,0.5034632238535464
5,6213,0.401034,0,0.35072087462214535
5,6364,0.058324,0,0.24683683124512018
5,2073,0.281026,0,0.2780549985855118
5,2389,0.308909,0,0.2910881216199657
5,3839,0.125544,0,0.1593648164408843
5,2759,0.190827,0,0.17251616516692314
5,444,0.096787,0,0.1619672939763691
5,5202,0.160018,0,0.28149697018991493
5,1620,0.049667,0,0.02944406174454602
5,4933,0.029793,0,0.0679718172699892
5,3445,0.502277,0,0.4180968917282858
5,1757,0.356597,0,0.4550988512029314
5,5885,0.17154,0,0.13092869331405624
5,4227,0.05823,0,0.08956666952413883
5,6048,0.156917,0,0.21080027525582803
5,5353,0.023552,0,0.04022509221411607
5,5272,0.308068,0,0.43080484761753707
5,6993,0.198329,0,0.20036139990536678
5,3780,0.29489,0,0.44254867822473615
5,4002,0.041872,0,0.049296915790931754
5,3538,0.320415,0,0.22801953590981072
5,6878,0.267407,0,0.2536894627852434
5,4259,0.01301,0,0.037335773478540925
5,4121,0.506928,0,0.4163883513488406
5,4319,0.077832,0,0.1349184001357592
5,3958,0.588925,0,0.6338289319789806
5,6560,0.094324,0,0.2850679285328233
5,4389,0.492407,0,0.48679937010077556
5,2819,0.184511,0,0.46278986283069956
5,3493,0.591109,0,0.5418322671085433
5,6646,0.16119,0,0.17416030094011106
5,4833,0.621095,0,0.5941968765525872
5,2216,0.779914,0,0.6929992114985731
5,2352,0.51961,0,0.408420275995176
5,5060,0.533849,0,0.20584360788185707
5,3729,0.190759,0,0.24428811510925896
5,1453,0.832647,0,0.7367980509988414
5,5892,0.656751,0,0.5316547049279898
5,4663,0.173128,0,0.226082220214986
5,2030,0.015827,0,0.03576578741833015
5,1220,0.437439,0,0.30014851299045087
5,4540,0.706566,0,0.651890071266399
5,4892,0.036517,0,0.07393484794451151
5,2287,0.383534,0,0.23922909081175156
5,6669,0.745211,0,0.4970659377603446
5,4673,0.468134,0,0.5305394866404639
5,90,0.629209,0,0.508333914627294
5,2465,0.232044,0,0.40281881405539804
5,2747,0.018932,0,0.03211544543854905
5,4519,0.122903,0,0.12587028654838603
5,3626,0.000897,0,0.002172003765560208
5,334,0.252565,0,0.26565331297861233
5,3469,0.805862,0,0.8244024846838567
5,7494,0.055522,0,0.125838473719072
5,5136,0.5456,0,0.4648996932418664
5,4061,0.203637,0,0.2621566581791872
5,7185,0.219166,0,0.2581852954246557
5,4292,0.388664,0,0.4195355797591371
5,1573,0.657097,0,0.47661402716038154
5,332,0.83141,0,0.928534598807867
5,3333,0.165789,0,0.34948585311788916
5,7123,0.330999,0,0.2615605367013397
5,925,0.182049,0,0.19620725055256288
5,465,0.270675,0,0.34597303990048756
5,4948,0.097545,0,0.20976758266941592
5,3231,0.464883,0,0.4790291299536955
5,2705,0.145825,0,0.2599798255238153
5,4597,0.051976,0,0.07310362898739696
5,2957,0.322647,0,0.29061246936212876
5,1058,0.751216,0,0.6238553923851542
5,3417,0.428623,0,0.22238399239963452
5,6223,0.699595,0,0.36163972943500017
5,3178,0.036662,0,0.07036913225646804
5,6065,0.607624,0,0.6967928627982088
5,4355,0.125118,0,0.1542548968195961
5,4283,0.717398,0,0.7257427240063974
5,5715,0.831323,0,0.6408888847303871
5,6312,0.391368,0,0.3847909253587858
5,347,0.029499,0,0.07782351363892617
5,1336,0.703117,0,0.655964875397111
5,135,0.205806,0,0.37975634734539854
5,660,0.578281,0,0.6822444820709348
5,5436,0.083556,0,0.1899225068388712
5,6144,0.169745,0,0.23734731877392806
5,6699,0.136121,0,0.14315168419903188
5,1418,0.15504,0,0.10796742166541304
5,4504,0.259283,0,0.42173759376593456
5,4503,0.332226,0,0.3599762273282529
5,282,0.827397,0,0.844599707019372
5,2789,0.292832,0,0.3770184724699408
5,795,0.488618,0,0.5102286986115405
5,6320,0.506338,0,0.43985451710481555
5,1940,0.142466,0,0.24796220422942555
5,4751,0.315027,0,0.26551704406504567
5,4844,0.277377,0,0.34369688623979555
5,2681,0.210827,0,0.507915255258341
5,5031,0.388761,0,0.25728666238109493
5,7332,0.724846,0,0.6209458937708311
5,3314,0.139587,0,0.36388339392394364
5,4436,0.424747,0,0.616605923033934
5,492,0.162318,0,0.11784054068437974
5,4196,0.303996,0,0.21654847195227708
5,2656,0.250253,0,0.22049449252749712
5,7414,0.467241,0,0.4892070236609656
5,2563,0.263325,0,0.4599512259201532
5,4924,0.128174,0,0.09349665594506863
5,536,0.359547,0,0.35277048281334894
5,4068,0.820122,0,0.7851717343418609
5,4233,0.221887,0,0.117675707721946
5,2147,0.326701,0,0.2364126160084821
5,5046,0.240248,0,0.31798510591646634
5,5910,0.508937,0,0.40273294387137404
5,4330,0.042438,0,0.06626623942695384
5,3135,0.693256,0,0.559136261916064
5,632,0.630979,0,0.42430880131540655
5,4270,0.26941,0,0.4077002422027593
5,2804,0.226079,0,0.25744847354140826
5,3532,0.506073,0,0.5618958078380022
5,1848,0.083613,0,0.14280545820302665
5,1247,0.135763,0,0.17135066365851914
5,1643,0.110559,0,0.31520331999857865
5,3523,0.197878,0,0.1681585304109269
5,5128,0.544924,0,0.36260790577434715
5,3837,0.040795,0,0.04842139883433138
5,4245,0.090206,0,0.09186331353114337
5,1598,0.09711,0,0.12993085941095817
5,382,0.338177,0,0.22588200878098239
5,5271,0.025968,0,0.05958424726223481
5,2748,0.011829,0,0.046912441368125675
5,7000,0.304611,0,0.2522633904747389
5,2885,0.049793,0,0.16806213993656272
5,520,0.467735,0,0.28994481338765
5,6028,0.589455,0,0.4904820626540995
5,1888,0.15698,0,0.2336118982094675
5,1633,0.077843,0,0.1429183324346397
5,708,0.164972,0,0.22501617189949255
5,1419,0.215004,0,0.2354056654025735
5,5431,0.014494,0,0.02465717592366451
5,6997,0.05055,0,0.1481606498523436
5,2653,0.412912,0,0.68223746829141
5,1120,0.786345,0,0.5979210697584317
5,1197,0.010176,0,0.016473306895529168
5,6015,0.693703,0,0.5434849064711605
5,2514,0.319552,0,0.2821373981819301
5,4792,0.464685,0,0.4888113563761294
5,6462,0.383609,0,0.17260979785296562
5,1365,0.715639,0,0.6584086167190781
5,2070,0.285712,0,0.3318194221195361
5,2733,0.463595,0,0.425104061794938
5,177,0.70468,0,0.6400321431534848
5,2205,0.188678,0,0.3698533488596436
5,5618,0.771031,0,0.6345949981282549
5,1558,0.41886,0,0.4768476766364533
5,6361,0.724665,0,0.7136485446339553
5,6141,0.091138,0,0.17296488187744866
5,1461,0.101676,0,0.24162018207329425
5,350,0.022327,0,0.04200413262483417
5,3660,0.561296,0,0.5925460361317519
5,4012,0.21371,0,0.16694212927775448
5,1804,0.212747,0,0.4617636245201891
5,3414,0.19734,0,0.3749237560258975
5,2556,0.265783,0,0.42233956734167205
5,3257,0.424528,0,0.39880714033443965
5,950,0.84834,0,0.83111779641562
5,6914,0.323318,0,0.44634363836928004
5,2965,0.387612,0,0.3876415245810247
5,6235,0.271079,0,0.10230314832652614
5,1032,0.776086,0,0.7738153328739394
5,6933,0.654042,0,0.3711773100252372
5,5159,0.385354,0,0.253333775484587
5,3038,0.815173,0,0.7337284214971982
5,4587,0.292591,0,0.412883052521484
5,5153,0.221836,0,0.3520819287659031
5,1497,0.033944,0,0.06465594238163576
5,4547,0.026335,0,0.03910875429132467
5,3698,0.108815,0,0.17613695982087216
5,3817,0.107381,0,0.13591453193568728
5,5301,0.090255,0,0.030270704592619654
5,4135,0.383034,0,0.31681859871810786
5,538,0.781734,0,0.6432930431217939
5,7472,0.122534,0,0.07533488220327932
5,3100,0.838437,0,0.48868403958300033
6,4842,0.876398,1,0.8938286278423491
6,5997,0.999996,1,0.9999829477844203
6,4462,0.996017,1,0.9857137598497713
6,3758,1.0,1,0.9999998051578092
6,3704,0.976766,1,0.9308761563373423
6,2301,0.999852,1,0.9997011204750001
6,2169,0.919149,1,0.8156673663929938
6,6128,1.0,1,0.999998455328937
6,6046,0.999954,1,0.9998288000558402
6,4746,0.996928,1,0.9966874895715764
6,4278,0.884543,1,0.9449154016634186
6,901,0.855519,1,0.9182046965221096
6,3551,0.996413,1,0.9922361210608501
6,2764,0.860542,1,0.5938533798345883
6,938,0.990036,1,0.9847797471852938
6,6292,0.871297,1,0.888124426030237
6,6590,0.986811,1,0.9827137606166012
6,6285,0.902652,1,0.7557146984097717
6,3835,0.869366,1,0.9457395291648458
6,4919,0.994001,1,0.9821966214647283
6,253,0.873684,1,0.9357685090275152
6,5003,0.890172,1,0.8426521618883346
6,3252,0.999994,1,0.9999930723030915
6,2252,0.91172,1,0.8234669995446713
6,122,0.998697,1,0.998480542817215
6,191,0.998649,1,0.9969379351329377
6,3019,0.998523,1,0.9907154753505888
6,5011,0.959107,1,0.9559673408641787
6,3199,0.996613,1,0.9902171070132612
6,7109,0.970355,1,0.9721367217570402
6,5758,0.897275,1,0.8109075864713934
6,4017,0.85054,1,0.7641395664735298
6,138,0.999906,1,0.999743548023688
6,1502,0.867127,1,0.8162573991013101
6,121,0.994229,1,0.9944206667310264
6,6799,0.998927,1,0.9986920319742402
6,2593,0.995637,1,0.993566984539156
6,7251,0.875541,1,0.9895526473388102
6,4338,0.999818,1,0.9992389853368202
6,2746,0.977861,1,0.9506126828218963
6,679,0.999258,1,0.9971182591026244
6,688,0.973849,1,0.9566961699162188
6,4442,1.0,1,0.9999994933602765
6,6708,0.90287,1,0.8077044520196895
6,7214,0.968799,1,0.9437575441850756
6,6896,0.998616,1,0.9986888569572581
6,2464,0.858182,1,0.7149562381232903
6,3964,0.999906,1,0.9998583212024739
6,5161,0.978485,1,0.9527104921332081
6,4087,0.896492,1,0.819995882601901
6,5346,0.996165,1,0.9899076010987824
6,5434,0.901485,1,0.8668394681888626
6,212,0.93131,1,0.9028179170381695
6,2223,0.998033,1,0.9960281001540329
6,2509,0.999999,1,0.9999970911011453
6,4200,0.997027,1,0.9965198571287468
6,2307,0.96952,1,0.9803862823040059
6,6119,0.881903,1,0.9534518519860629
6,2204,0.854557,1,0.8055625348241242
6,6912,1.0,1,0.9999985661452768
6,2035,0.998826,1,0.9888689560160948
6,5142,0.870364,1,0.7202641848538499
6,6631,0.992636,1,0.9842210248185783
6,2521,1.0,1,0.9999988807795862
6,165,1.0,1,0.9999980845428865
6,1879,0.998111,1,0.995946294984562
6,797,0.999996,1,0.9999427717727323
6,1355,0.999999,1,0.9999883932616863
6,4268,0.963376,1,0.9303061116367439
6,1791,0.991171,1,0.9907253722895635
6,1248,0.981913,1,0.8968819720406421
6,4514,0.995675,1,0.9858848644828505
6,5325,0.99877,1,0.9979484520452022
6,633,0.994724,1,0.9958764858285449
6,4335,0.998924,1,0.9907478229448805
6,6458,0.999982,1,0.9999482690127723
6,4345,0.99655,1,0.9934470125520859
6,6852,1.0,1,0.999998478590182
6,4453,0.896853,1,0.8881473753945998
6,7339,0.945588,1,0.9460807993624196
6,7174,0.991865,1,0.9877696957436598
6,4660,0.999982,1,0.9999117537717793
6,3034,0.997988,1,0.9962308705006093
6,5414,0.871386,1,0.9140823089246763
6,4320,0.999995,1,0.9999860389168715
6,2066,0.995252,1,0.9859478206516915
6,973,0.986366,1,0.9809374932926698
6,4599,0.309649,0,0.40711263356159616
6,6887,0.007889,0,0.011339179993857711
6,2526,0.662258,0,0.6185170036704812
6,4729,0.278765,0,0.3065272649524332
6,888,0.729175,0,0.5070413600785447
6,6616,0.252782,0,0.2378304802262544
6,5372,0.284772,0,0.244778139202763
6,3477,0.406581,0,0.44729778624625477
6,2620,0.160874,0,0.20135144898886922
6,6619,0.130268,0,0.05850553858293322
6,2188,0.738384,0,0.5289775928132988
6,860,0.416458,0,0.35323822077223144
6,4851,0.098176,0,0.36215272650776736
6,1542,0.507055,0,0.4591321407647311
6,7025,0.193641,0,0.32154286541381455
6,7317,0.328681,0,0.28744695550466787
6,6523,0.036069,0,0.10046677125977342
6,7130,0.554102,0,0.4482315572905754
6,6606,0.257313,0,0.20769558279775754
6,6541,0.806712,0,0.71132699895922
6,2938,0.099451,0,0.0762413667657662
6,3721,0.137724,0,0.1699227904701343
6,4520,0.642995,0,0.5149131404254498
6,6382,0.529225,0,0.5025191113131814
6,1531,0.063709,0,0.11332069668421954
6,2529,0.586258,0,0.44112330749383094
6,4155,0.197693,0,0.3990343867379732
6,6756,0.263506,0,0.15349998140470011
6,4989,0.441568,0,0.6797644650996486
6,4216,0.166727,0,0.17015150689805097
6,3062,0.083676,0,0.14278063397907947
6,7081,0.049844,0,0.030273318998117915
6,6246,0.249347,0,0.49694642087300656
6,861,0.377987,0,0.469385347455336
6,4099,0.257263,0,0.14107901690843344
6,6236,0.653225,0,0.6180938790485053
6,6740,0.117692,0,0.18472315804249032
6,15,0.781321,0,0.8727799375968769
6,203,0.343279,0,0.22496372974072118
6,6311,0.316198,0,0.24056462565676404
6,1956,0.058738,0,0.0649370811827286
6,4151,0.646352,0,0.5626679788732836
6,2852,0.041235,0,0.11305426413105601
6,3360,0.842456,0,0.9450876749776808
6,3754,0.030015,0,0.10380943542290255
6,827,0.11826,0,0.2237115027885951
6,940,0.782867,0,0.7164973188347983
6,201,0.603084,0,0.6512978934185625
6,5191,0.022107,0,0.07394211170479278
6,7308,0.461557,0,0.44373383711142483
6,1144,0.203194,0,0.27824036987082773
6,487,0.586402,0,0.34801607811747726
6,2527,0.056759,0,0.05823462939449238
6,4689,0.321237,0,0.2443495085379792
6,5333,0.493735,0,0.4620778627794245
6,5402,0.242458,0,0.36257698393354937
6,7479,0.160768,0,0.30033886728817877
6,6172,0.604951,0,0.7047388731586579
6,158,0.621225,0,0.5277692507214202
6,713,0.139933,0,0.04776637541442484
6,5963,0.102987,0,0.16476245674777584
6,2368,0.231941,0,0.15314155598682228
6,5902,0.542356,0,0.4461293925632943
6,4740,0.348717,0,0.27240038541480566
6,3513,0.019688,0,0.09209615831852826
6,6771,0.830558,0,0.7833921967718055
6,5122,0.829399,0,0.9633622380616275
6,1689,0.48438,0,0.6173012790602587
6,2870,0.108333,0,0.17152294598713225
6,1195,0.15997,0,0.20056678006387582
6,948,0.365547,0,0.24484521757389333
6,4910,0.775689,0,0.5330857322619037
6,2045,0.109477,0,0.04195781735615278
6,7469,0.54789,0,0.4952143212201089
6,2731,0.105854,0,0.27321752369622176
6,2583,0.578996,0,0.5625481194952343
6,5206,0.71823,0,0.8401421450321636
6,794,0.10651,0,0.25221712849242256
6,2832,0.436806,0,0.18295760053041163
6,6506,0.071917,0,0.11265027523850939
6,1394,0.189853,0,0.2226467659050293
6,7014,0.198543,0,0.20907294881359748
6,5770,0.095502,0,0.14930884704854094
6,2480,0.163276,0,0.14780762427670563
6,4391,0.337115,0,0.49027303382242343
6,3739,0.368186,0,0.36934817215811466
6,5662,0.361495,0,0.3366518708971284
6,6732,0.336092,0,0.4377008244513049
6,4349,0.003748,0,0.0055465696294635485
6,5797,0.070224,0,0.21629290053960612
6,6029,0.079988,0,0.07656776367954145
6,5350,0.197393,0,0.2468509193435094
6,3161,0.183637,0,0.12034647181957486
6,6357,0.691351,0,0.6143187490783468
6,5075,0.084484,0,0.13386749533277031
6,7156,0.233813,0,0.15344133029611928
6,6953,0.06411,0,0.09760860732834627
6,7347,0.668816,0,0.39037963370788437
6,3384,0.656349,0,0.38388092390292494
6,4369,0.017564,0,0.05142484207883468
6,5552,0.068424,0,0.1352962979971392
6,1517,0.783984,0,0.7011142566221045
6,4307,0.383033,0,0.5641127785217748
6,1654,0.615966,0,0.5139266859476926
6,2102,0.280361,0,0.2599748217574927
6,6681,0.236848,0,0.2559096568458601
6,4967,0.070976,0,0.21403898276515995
6,7095,0.271129,0,0.4997074350356333
6,570,0.403256,0,0.6777839313279974
6,1967,0.049141,0,0.048000287390146425
6,3370,0.135753,0,0.1139945879028663
6,2237,0.376675,0,0.3092413966068684
6,1963,0.309872,0,0.16164883270415556
6,6796,0.425827,0,0.5855931679649736
6,4733,0.508224,0,0.43783649590679613
6,3926,0.366393,0,0.29532066263955875
6,2179,0.578849,0,0.4482961971962818
6,91,0.49532,0,0.35857091352770154
6,5970,0.067613,0,0.09637822883796142
6,5840,0.045951,0,0.12574401936540092
6,5544,0.093379,0,0.15581230586499306
6,1545,0.027569,0,0.0758894457917803
6,7053,0.051978,0,0.12144401278521466
6,3978,0.027892,0,0.11905769842263857
6,535,0.251804,0,0.3080216206677429
6,5741,0.305141,0,0.310592954076804
6,4972,0.434413,0,0.23448854526375734
6,4318,0.34687,0,0.23069694669521468
6,6850,0.543924,0,0.6406844153391915
6,6792,0.598591,0,0.6156371455520719
6,3164,0.294808,0,0.446652786309133
6,1452,0.398629,0,0.34559399938732355
6,7075,0.352483,0,0.31363407763553236
6,454,0.580885,0,0.44886838494210785
6,6614,0.278922,0,0.41274432411389805
6,1821,0.320929,0,0.2844243513886814
6,6629,0.659957,0,0.39995916345526594
6,4735,0.058093,0,0.07468521220112685
6,6714,0.585318,0,0.8648376047967726
6,7198,0.513629,0,0.57690809889438
6,6096,0.12257,0,0.23361405757731782
6,2423,0.400083,0,0.3428864994267243
6,5383,0.564293,0,0.48889043058467324
6,2539,0.437337,0,0.46886194784552776
6,873,0.837486,0,0.8705277749551523
6,6670,0.778414,0,0.766630305909065
6,1873,0.367987,0,0.38088456137739535
6,1117,0.064905,0,0.10404516654656153
6,826,0.311147,0,0.28623608272638845
6,4158,0.408944,0,0.5355638043091844
6,3122,0.103957,0,0.1884689539995928
6,4146,0.345814,0,0.29869041334587026
6,4082,0.833409,0,0.7987957141995726
6,5697,0.372066,0,0.2268898945234605
6,2551,0.125827,0,0.10024466292138895
6,4959,0.820226,0,0.7947396010862863
6,6301,0.815047,0,0.7184915019548285
6,5318,0.308316,0,0.2048454676714384
6,644,0.137629,0,0.1536385913618013
6,4312,0.174177,0,0.28903331329639304
6,4418,0.301019,0,0.2138741359501992
6,3054,0.613704,0,0.5747414947619963
6,1039,0.554863,0,0.516504836517526
6,5888,0.766271,0,0.830622524308141
6,3109,0.421718,0,0.5491637221272548
6,1174,0.803201,0,0.648927764362107
6,2581,0.447761,0,0.5996227106250072
6,2600,0.138918,0,0.327740600970696
6,246,0.329236,0,0.35664243701123177
6,571,0.333524,0,0.4310676124290986
6,3719,0.02692,0,0.08484947398044979
6,903,0.706521,0,0.5337078201126699
6,815,0.260141,0,0.278134878611109
6,4464,0.788799,0,0.7775885038668338
6,7212,0.693846,0,0.7323101471749732
6,6507,0.807557,0,0.7019215109215239
6,4831,0.20299,0,0.20618617153967111
6,7177,0.46133,0,0.2689565515895219
6,7497,0.534514,0,0.7036336935133408
6,3970,0.326858,0,0.2057597707656289
6,1487,0.329616,0,0.3888685604174816
6,1765,0.092987,0,0.20001181424654865
6,233,0.395835,0,0.37967522534079995
6,967,0.768404,0,0.9103279018450426
6,7128,0.073618,0,0.15215100425088623
6,5345,0.39326,0,0.16628307875254977
6,4572,0.760259,0,0.9221886586689291
6,5586,0.18627,0,0.29501616843571343
6,6937,0.314462,0,0.3112239243130296
6,5448,0.047069,0,0.06625123712223822
6,2245,0.063768,0,0.2055959661629437
6,2848,0.805049,0,0.7466218702151843
6,6538,0.092347,0,0.1830087513596412
6,7009,0.465776,0,0.28355279288206237
6,5146,0.099309,0,0.17918347140577356
6,2846,0.815259,0,0.8210303684484468
6,2144,0.148913,0,0.32005188678304636
6,6250,0.671831,0,0.6631844455266834
6,1155,0.279731,0,0.2727734318801615
6,4387,0.226818,0,0.43540492425931826
6,7234,0.433574,0,0.2907623160091002
6,3558,0.152831,0,0.20923527999570157
6,5497,0.842916,0,0.6621165048547643
6,2887,0.204439,0,0.36207333325897956
6,1583,0.735637,0,0.6353369015493343
6,2076,0.027434,0,0.07176261158094761
6,159,0.181306,0,0.2900035745469531
6,4856,0.355816,0,0.4833418943375124
6,1280,0.119051,0,0.12521162751033774
6,2963,0.046751,0,0.10502445665654117
6,641,0.261134,0,0.1296960838951423
6,6832,0.251032,0,0.3179101983984769
6,6137,0.06103,0,0.22300184345171256
6,1785,0.449984,0,0.5192990548639741
6,2619,0.396667,0,0.26782810748407115
6,3473,0.265089,0,0.37473783370231073
6,2580,0.356192,0,0.39768941730255497
6,7051,0.363666,0,0.8565226722179569
6,672,0.726851,0,0.5924666851624251
6,422,0.185771,0,0.3739365811541058
6,5576,0.55584,0,0.42471975404696033
6,2857,0.317073,0,0.4637549061033533
6,7035,0.02532,0,0.06598649652290366
6,4983,0.19517,0,0.25302095712357653
6,5803,0.436683,0,0.3368344059389437
6,5610,0.423508,0,0.4087348770449492
6,6923,0.266176,0,0.09888216328111737
6,590,0.19167,0,0.1440665335606759
6,4558,0.020139,0,0.051048080879477715
6,3832,0.337825,0,0.3629471040653897
6,1892,0.249812,0,0.2631148613668652
6,7422,0.805468,0,0.7820272117320437
6,1556,0.5205,0,0.42166191281903537
6,6148,0.243171,0,0.392231566620771
6,2875,0.497078,0,0.3829661012599513
6,6229,0.837916,0,0.6309912969528092
6,6099,0.739764,0,0.5322907718208788
6,2968,0.519897,0,0.3957918916230049
6,7481,0.60346,0,0.46911991704227424
6,22,0.683683,0,0.48082499661619726
6,6254,0.20567,0,0.2555991028894975
6,681,0.056497,0,0.06665922742730272
6,6168,0.244007,0,0.32229199848795065
6,7286,0.435527,0,0.3983257960114198
6,3706,0.145049,0,0.10075165300224614
6,2714,0.648872,0,0.37766035490652444
6,3488,0.687089,0,0.5863418118891901
6,4322,0.446787,0,0.3207161745451047
6,4753,0.773154,0,0.5285827441541466
6,7337,0.750296,0,0.7433266382379967
6,4247,0.053156,0,0.13400909313538992
6,4664,0.492609,0,0.2722062780056465
6,35,0.288167,0,0.23718849686417925
6,4576,0.843306,0,0.7879171044725751
6,5362,0.327744,0,0.2104528081437473
6,2862,0.789055,0,0.9345860103333786
6,6985,0.110679,0,0.13698365054991513
6,6635,0.652892,0,0.48659454810984815
6,5717,0.552301,0,0.5652597846551807
6,2095,0.074035,0,0.22919293042745004
6,1641,0.810735,0,0.7024794768380659
6,3198,0.358674,0,0.21368473910672448
6,4403,0.120361,0,0.12367889630048343
6,1204,0.839748,0,0.9637806764584788
6,1824,0.780387,0,0.8709130441950084
6,262,0.081302,0,0.2075851860673063
6,4954,0.152852,0,0.12766997722000648
6,615,0.435525,0,0.26663568779728936
6,391,0.439359,0,0.24809929452556093
6,3437,0.025282,0,0.05386195704484834
6,1970,0.081448,0,0.0855322192567382
6,6505,0.073125,0,0.19901438304597457
6,1820,0.180246,0,0.2949875757652165
6,6333,0.334742,0,0.14201437788455987
6,2025,0.111011,0,0.12834266513987141
6,5604,0.208018,0,0.20864760022722043
6,6378,0.214286,0,0.29521835170691885
6,2452,0.18093,0,0.12219513596780791
6,3511,0.126805,0,0.30098126586268975
6,1038,0.55465,0,0.41018413263031545
6,6657,0.577296,0,0.5296881779313044
6,2882,0.150313,0,0.21661332816644852
6,6295,0.760687,0,0.6726863640538717
6,7329,0.066273,0,0.13523329312168123
6,468,0.064735,0,0.06929686821847611
6,2895,0.762136,0,0.7691583686344796
6,5400,0.524859,0,0.3093924422359226
6,3369,0.558759,0,0.4649850272826927
6,4852,0.824914,0,0.8394129711696007
6,5953,0.052232,0,0.1260142456556887
6,2941,0.157107,0,0.24590922266833026
6,5157,0.433321,0,0.4873853134282509
6,5737,0.793234,0,0.768292598962983
6,2215,0.244427,0,0.313011287632069
6,1500,0.535387,0,0.5145355999853258
6,534,0.031496,0,0.131651362046916
6,385,0.567625,0,0.6793446045543517
6,6258,0.507196,0,0.6195475908708115
6,5782,0.079878,0,0.13333829766201605
6,6071,0.426543,0,0.3174345251311832
6,7154,0.162205,0,0.1332659868611507
6,6092,0.304005,0,0.41018919356751254
6,5059,0.04229,0,0.10151238552218797
6,6317,0.226964,0,0.1640738133670608
6,6115,0.473368,0,0.46666988016096267
6,2607,0.807764,0,0.6413815170026942
6,7126,0.144817,0,0.13297334916767065
6,4823,0.068524,0,0.19887062448873608
6,78,0.479962,0,0.34417542257355815
6,3648,0.60109,0,0.5445011397345951
6,146,0.138419,0,0.2828178039802955
6,28,0.773626,0,0.4683189949643186
6,3303,0.460704,0,0.40642870931488734
6,6380,0.141279,0,0.18148801854922686
6,3194,0.486947,0,0.42649670555501884
6,1233,0.010933,0,0.016836571682970636
6,4359,0.306171,0,0.15185797335177656
6,4176,0.121046,0,0.10036918047876561
6,5750,0.10292,0,0.1468210635832596
6,1979,0.849733,0,0.7275703148014416
6,2165,0.686832,0,0.7585119316146822
6,1538,0.367956,0,0.39729798070166855
6,778,0.686378,0,0.3472672016161058
6,4730,0.183959,0,0.2869937937377571
6,944,0.326603,0,0.22153843576186036
6,3313,0.021156,0,0.04017482693124203
6,6915,0.275591,0,0.2471000847334298
6,1132,0.067756,0,0.17903988576866053
6,257,0.058546,0,0.09950434685354549
6,5533,0.136155,0,0.3675050450928969
6,5909,0.154724,0,0.15481092337138544
6,6952,0.678256,0,0.7640205221873279
6,4306,0.082861,0,0.10520458862558528
6,5545,0.146736,0,0.27973258878015755
6,3867,0.449226,0,0.5333230605342002
6,1017,0.835798,0,0.4869839991637114
6,484,0.443158,0,0.5614727117067024
6,7468,0.562232,0,0.43512558981081295
6,6761,0.102029,0,0.13469978315332518
6,846,0.11708,0,0.081393300331415
6,1704,0.098957,0,0.139372847071152
6,7424,0.166246,0,0.1685213029623749
6,3624,0.756711,0,0.7156211701869951
6,5637,0.474347,0,0.2133204365432015
6,4796,0.234369,0,0.21021339397482605
6,985,0.279499,0,0.27803577316180383
6,1249,0.35625,0,0.4990714037947773
6,7133,0.468429,0,0.31417629551709364
6,107,0.833045,0,0.6394637647808754
6,319,0.311277,0,0.29004693208773297
6,5678,0.462019,0,0.47373493394253907
6,6582,0.177514,0,0.2102370015869347
6,3705,0.306221,0,0.1861004204688484
6,6817,0.070192,0,0.07463626064776618
6,403,0.577073,0,0.561777534425389
6,1119,0.156551,0,0.1563949835125955
6,1512,0.828036,0,0.6114424375099008
6,2057,0.198257,0,0.16492832833772975
6,7417,0.614572,0,0.5605396758282428
6,2325,0.18229,0,0.2544797065842373
6,446,0.319497,0,0.46968546304063163
6,2530,0.083759,0,0.11469990547162788
6,7142,0.649371,0,0.5221172746547142
6,4262,0.029844,0,0.05482479909126056
6,1864,0.674302,0,0.6495257445326984
6,3571,0.042739,0,0.05238666793646988
6,6163,0.046304,0,0.07414601800800924
6,2868,0.078376,0,0.112625053222282
6,226,0.151813,0,0.12898749686092328
6,5738,0.454455,0,0.2861674731170579
6,5189,0.03171,0,0.029679499702323198
6,6203,0.196122,0,0.27230339698728195
6,5821,0.571768,0,0.6630768247744264
6,1140,0.126181,0,0.17323889492570613
6,1108,0.43897,0,0.4091558660375088
6,5164,0.322449,0,0.21982761707822207
6,5447,0.3266,0,0.16266769463336672
6,3976,0.096859,0,0.08153760654305013
6,864,0.339424,0,0.4704118181890484
6,5352,0.105944,0,0.17392461722476915
6,2312,0.483316,0,0.5037491256836982
6,4031,0.053834,0,0.0440041832068364
6,4632,0.068781,0,0.10965668240279584
6,4316,0.497032,0,0.49254501245324045
6,5262,0.490834,0,0.5581218073018755
6,2469,0.050248,0,0.10256897525632618
6,3960,0.126469,0,0.15311535344693764
6,3863,0.752287,0,0.6796926241724918
6,2141,0.346637,0,0.4468402280646464
6,7420,0.590504,0,0.6125303087112904
6,5458,0.251702,0,0.20167703315845661
6,588,0.139835,0,0.18052477365520422
6,832,0.419824,0,0.3028709443088888
6,1486,0.091506,0,0.1860623788592007
6,5960,0.10676,0,0.1726395402730338
6,5710,0.035782,0,0.05683501208862702
6,5444,0.055681,0,0.09449266265957519
6,2230,0.647747,0,0.4721301406495076
6,6286,0.551282,0,0.41269283936668455
6,2531,0.622777,0,0.5664198723501571
6,6145,0.158778,0,0.136539886782619
6,5188,0.110823,0,0.1033295408901482
6,4834,0.268557,0,0.23238509069756874
6,496,0.017523,0,0.04154931701252055
6,859,0.32216,0,0.2228774653574213
6,804,0.183355,0,0.27902341601935854
6,2719,0.096611,0,0.0921883268409377
6,4348,0.110992,0,0.20302534195955554
6,6045,0.479484,0,0.4672791958087329
6,1147,0.819735,0,0.9372067826315101
6,4821,0.71889,0,0.7718323100480009
6,5688,0.837284,0,0.7031916816603477
6,2335,0.323823,0,0.4373408740526202
6,6893,0.444404,0,0.22177797887156803
6,2798,0.184002,0,0.1940125609115714
6,5354,0.050089,0,0.08119666099043799
6,4020,0.564963,0,0.30834861365191907
6,781,0.717859,0,0.709092160033157
6,1571,0.033901,0,0.14670568545262377
6,2930,0.289047,0,0.4076636858430352
6,3796,0.124713,0,0.2122551969542917
6,3845,0.080026,0,0.1438513302494788
6,2379,0.693831,0,0.7762083437386369
6,7030,0.12894,0,0.2848724858685443
6,1841,0.442949,0,0.4170417360686785
6,1990,0.472766,0,0.31708365829230467
6,176,0.289095,0,0.2801467968973418
6,4573,0.299322,0,0.433407838085601
6,3013,0.849022,0,0.8259109379042293
6,1157,0.814458,0,0.7484678264431209
6,247,0.015266,0,0.06721413362900386
6,7204,0.543925,0,0.5389545241913333
6,4361,0.242415,0,0.23994749355575526
6,2100,0.042945,0,0.11686730655582105
6,7240,0.609296,0,0.33499488187236653
6,5028,0.09576,0,0.2838604650853811
6,5088,0.162639,0,0.17095953976540232
6,4960,0.440628,0,0.5883727788422638
6,6742,0.413567,0,0.2898064152759915
6,6891,0.220973,0,0.2341579862097632
6,2974,0.327928,0,0.2629463417909666
6,2791,0.418645,0,0.329628437638469
6,1401,0.075623,0,0.07950553663037702
6,1732,0.676274,0,0.42684071008922875
6,7023,0.318126,0,0.19668332144886352
6,1984,0.612839,0,0.7082651500698802
6,3550,0.794976,0,0.9602581971638308
6,7225,0.837872,0,0.7137730849084591
6,4631,0.145801,0,0.17715448268946324
6,302,0.460973,0,0.543396498659962
6,1244,0.324076,0,0.34245897481511384
6,5066,0.119555,0,0.11290492542095878
6,4088,0.290098,0,0.3954101522899143
6,3886,0.478383,0,0.5984549517291483
6,2354,0.203933,0,0.35856642874229366
6,2022,0.171931,0,0.18289869455016358
6,6847,0.756433,0,0.8916644760980178
6,3419,0.215919,0,0.26445771742206164
6,1503,0.206543,0,0.1919401516143674
6,3687,0.128925,0,0.1928248093864787
6,5064,0.026986,0,0.034384955100176744
6,1164,0.477411,0,0.6301504930456097
6,3392,0.517146,0,0.5278795161642589
6,6261,0.44361,0,0.49899627543579084
6,1390,0.157775,0,0.2208173698972196
6,4708,0.333476,0,0.17865808561192797
6,5221,0.728939,0,0.8481171148636196
6,5893,0.358193,0,0.30521504562554436
6,1588,0.378016,0,0.379612002618276
6,6233,0.091014,0,0.2523196600658254
6,6481,0.494814,0,0.5465600470603146
6,232,0.399466,0,0.4170177399634088
6,7170,0.580981,0,0.32042459797793815
6,6461,0.299813,0,0.21091600656988904
6,1404,0.011883,0,0.03310212671075299
6,1610,0.726223,0,0.6754023330058382
6,1725,0.544377,0,0.36454252553943
6,2871,0.066425,0,0.06630106249212876
6,5848,0.053249,0,0.09105232296908267
6,3185,0.778716,0,0.6302814882617435
6,5389,0.067654,0,0.06573737870240624
6,6898,0.633464,0,0.5262333390404894
6,6615,0.082319,0,0.13738168923329389
6,6393,0.17579,0,0.23864860522974735
6,3946,0.559211,0,0.5619462680346656
6,5246,0.493604,0,0.48599247633146386
6,2109,0.240019,0,0.3048773723131523
6,2105,0.056835,0,0.15363929751919958
6,2152,0.436636,0,0.2522680951899504
6,388,0.07943,0,0.0871373715551039
6,4,0.281695,0,0.18378081136015562
6,5150,0.583195,0,0.5838189221788276
6,1914,0.696811,0,0.6246263104275805
6,6552,0.427737,0,0.3779503470848346
6,2341,0.050063,0,0.059461243551411434
6,618,0.055856,0,0.1318530921652986
6,6053,0.79794,0,0.8830213857355441
6,2185,0.140792,0,0.14980894936932146
6,4308,0.026769,0,0.04167486817506651
6,5360,0.090222,0,0.08897057020416076
6,3927,0.071313,0,0.14114918419491568
6,1438,0.310866,0,0.2749898521100285
6,5387,0.682924,0,0.33649360123657596
6,4239,0.299048,0,0.25545852407092884
6,3604,0.817364,0,0.8212235118754259
6,1102,0.579496,0,0.38674632348945853
6,6165,0.364916,0,0.38697878295513594
6,3943,0.071353,0,0.15672304203555076
6,3812,0.035806,0,0.06987037268120136
6,1996,0.619576,0,0.5934751979599895
6,4482,0.460703,0,0.3949867329620011
6,3243,0.142114,0,0.09185934674243872
6,2715,0.286276,0,0.2680760305580425
6,6125,0.249933,0,0.19790730781230179
6,4321,0.175935,0,0.1632206414165124
6,4951,0.468055,0,0.44120341810553887
6,2916,0.56071,0,0.47765224423938485
6,5801,0.308561,0,0.28974755628289767
6,2574,0.819351,0,0.8316827683647785
6,3553,0.166976,0,0.31559607716349614
6,7096,0.248846,0,0.3514084101758508
6,5184,0.136728,0,0.16154161511978557
6,5657,0.116515,0,0.1920965279684652
6,3148,0.297998,0,0.2438074677947775
6,3306,0.102377,0,0.2575835247268202
6,2608,0.158962,0,0.2175123607638046
6,6812,0.485124,0,0.3927615502486391
6,5473,0.799441,0,0.7217126891060732
6,3377,0.099391,0,0.1404959977733889
6,2506,0.072897,0,0.10782931861238221
6,1264,0.662364,0,0.625969600893602
6,6305,0.052835,0,0.06456543004380569
6,7189,0.702755,0,0.5152331768614451
6,1194,0.100339,0,0.12236763919434601
6,1985,0.174,0,0.1837757390888981
6,2980,0.077864,0,0.1353398680513655
6,342,0.175726,0,0.14176927623644883
6,240,0.73783,0,0.468394112628867
6,7090,0.406349,0,0.3695938698766594
6,7010,0.224911,0,0.3053732893720564
6,131,0.293725,0,0.3499586508477877
6,4885,0.282966,0,0.3389381989022977
6,179,0.236824,0,0.2747921402469022
6,4228,0.529958,0,0.44419117488913434
6,1927,0.193354,0,0.21152392903865175
6,3213,0.090175,0,0.12779319825914862
6,2350,0.421779,0,0.2873121420445804
6,6844,0.176553,0,0.2422568648520821
6,2142,0.048836,0,0.08177830716143648
6,5980,0.71829,0,0.552367279875418
6,1796,0.166532,0,0.21720713129669744
6,2827,0.350325,0,0.243874558518215
6,2997,0.245314,0,0.2850354193065778
6,1209,0.735629,0,0.5418241769982406
6,271,0.800145,0,0.7561040628657925
6,6676,0.05274,0,0.1308389097317461
6,2110,0.275508,0,0.18915963623461401
6,4311,0.010988,0,0.04279199122189584
6,1905,0.575836,0,0.6814948599780433
6,6191,0.083015,0,0.2144205543990407
6,5099,0.103003,0,0.14878410559335736
6,5427,0.827139,0,0.36857705762904264
6,5540,0.346255,0,0.13893250698942838
6,5589,0.3417,0,0.377124704643586
6,1299,0.379348,0,0.37604353214859415
6,3701,0.382112,0,0.4491643239276011
6,5917,0.213805,0,0.23169819073269377
6,3955,0.348487,0,0.57256890239554
6,7021,0.15182,0,0.13865788036118407
6,6980,0.48974,0,0.3386088659553351
6,5549,0.256054,0,0.35933672047377063
6,7085,0.070947,0,0.10483302095580307
6,2821,0.086876,0,0.08511581011909691
6,6938,0.278165,0,0.16002164201444896
6,1473,0.090345,0,0.1093513657688912
6,5210,0.079181,0,0.15027159810103657
6,3283,0.114866,0,0.1871578216258676
6,1445,0.473487,0,0.5005225311677265
6,7275,0.014881,0,0.023081302276844018
6,1206,0.739878,0,0.642811663867798
6,646,0.202837,0,0.18278101309160974
6,1983,0.10824,0,0.17045019237072884
6,1427,0.768774,0,0.9106343502898389
6,942,0.161555,0,0.322770165211151
6,6129,0.250224,0,0.20463721114380326
6,297,0.13387,0,0.1520477841347474
6,5162,0.220672,0,0.1595494915677955
6,3322,0.683502,0,0.3987479401678175
6,1713,0.6158,0,0.6750329876403313
6,1171,0.24214,0,0.2874415950532864
6,3786,0.329085,0,0.24753794273496432
6,341,0.41264,0,0.5014905922950444
6,7311,0.840954,0,0.7976090834669423
6,6762,0.187027,0,0.27922065133787605
6,1095,0.361594,0,0.5196553697023913
6,3923,0.312463,0,0.1328644032639701
6,1098,0.070238,0,0.07502881425943704
6,458,0.059444,0,0.08971545582685239
6,3811,0.135789,0,0.18072157817550552
6,3965,0.073496,0,0.13615206735687643
6,6916,0.612472,0,0.5939768619827615
6,7176,0.510825,0,0.5293443308442934
6,5244,0.803173,0,0.8400517202057418
6,7028,0.02608,0,0.044079190939085716
6,7411,0.226457,0,0.26929343342574424
6,1392,0.568019,0,0.6090369908307937
6,5749,0.146183,0,0.22582245698762493
6,2773,0.634628,0,0.6740916858145038
6,3910,0.32524,0,0.42254304107588486
6,2659,0.007766,0,0.011004641212528692
6,5449,0.107709,0,0.27517394846194054
6,2246,0.291152,0,0.31911718611304485
6,2292,0.289336,0,0.5304726022056644
6,4976,0.148885,0,0.33558266172600654
6,1590,0.357209,0,0.6866806623452206
6,2453,0.129131,0,0.23981784437274117
6,6177,0.104029,0,0.208554395337901
6,877,0.119679,0,0.16317213045144416
6,2162,0.101921,0,0.2026042483205621
6,6696,0.822439,0,0.6455674671274697
6,3887,0.843021,0,0.8853650870764168
6,7313,0.028384,0,0.03159780839563812
6,4054,0.261244,0,0.37699977712746424
6,1007,0.146473,0,0.1633496221054048
6,5528,0.024681,0,0.04315488842989923
6,2323,0.64681,0,0.45321581500539937
6,6827,0.417643,0,0.3066396824128289
6,5748,0.019351,0,0.021966667497779632
6,5822,0.583243,0,0.3400702772382255
6,1926,0.612264,0,0.7674713407947067
6,3827,0.493994,0,0.37369480370504
6,3173,0.511407,0,0.40263572370847295
6,268,0.061477,0,0.060481028239183304
6,4191,0.22908,0,0.2356758431113178
6,1186,0.214017,0,0.31255905977996135
6,4139,0.125782,0,0.2809199447224606
6,75,0.198981,0,0.2869303532577233
6,52,0.04434,0,0.07137293139239777
6,4909,0.406284,0,0.3035078407051903
6,2106,0.600174,0,0.5117226153652076
6,1434,0.231999,0,0.22379152528002377
6,4984,0.036088,0,0.07068895028624973
6,1187,0.070394,0,0.13738595617916155
6,6529,0.50078,0,0.45505637505470614
6,4199,0.549548,0,0.49520258599908745
6,3914,0.226787,0,0.31849186574906324
6,6231,0.109562,0,0.20777822724335215
6,6922,0.334768,0,0.5244814050686907
6,6579,0.80083,0,0.8343783239459588
6,2577,0.084726,0,0.12365524080535903
6,3069,0.064448,0,0.09162664910723903
6,1694,0.507312,0,0.32922613316859534
6,3330,0.7909,0,0.5959742180071855
6,139,0.414234,0,0.18652085709758448
6,5124,0.284756,0,0.16836638057106001
6,5906,0.235793,0,0.25207071569958595
6,1924,0.678698,0,0.981283689204443
6,4690,0.710667,0,0.7347703168083833
6,927,0.164853,0,0.254889391450656
6,5609,0.640032,0,0.561661468084116
6,5482,0.109809,0,0.053436500470908206
6,7104,0.345074,0,0.2911216355070436
6,5739,0.416559,0,0.30142421067654834
7,7052,0.995871,1,0.9869390214503934
7,3542,0.997239,1,0.993099356625786
7,2505,0.999843,1,0.9997070364732117
7,1688,0.990665,1,0.9795265548908899
7,5048,0.883758,1,0.8482287158811447
7,6248,0.852156,1,0.7140183980547647
7,3475,0.995318,1,0.9896591752085593
7,3351,0.999775,1,0.9988287314317994
7,1541,0.937636,1,0.7801324508354448
7,3892,0.999973,1,0.9999006700461847
7,6416,0.866088,1,0.8647744900746224
7,1874,0.99798,1,0.986428355784671
7,3425,0.965302,1,0.9187855327891588
7,4172,0.972462,1,0.9611351694496457
7,1358,0.963118,1,0.9400404891415343
7,7199,0.89829,1,0.9132348100355514
7,656,0.855018,1,0.7701167494102336
7,2256,0.861487,1,0.8608159179862305
7,349,0.887936,1,0.6046767582126499
7,3674,0.961071,1,0.9653135446461961
7,4867,0.999814,1,0.9996666420785355
7,2672,0.936153,1,0.8529968849430681
7,5765,0.898919,1,0.9603307111088663
7,2697,0.99572,1,0.9902840042100411
7,7105,0.999995,1,0.9999600693156441
7,7119,0.999952,1,0.9998623339688297
7,1465,0.998597,1,0.9932094589244129
7,833,0.96718,1,0.9552764006150934
7,2976,0.999995,1,0.9999746401817133
7,4300,0.999996,1,0.9999844247837123
7,1650,0.998516,1,0.9981496201001159
7,2907,0.868357,1,0.9498057998877647
7,6004,0.999883,1,0.9996771257623832
7,1736,0.869717,1,0.9215105340746932
7,6962,1.0,1,0.9999988344399379
7,2302,0.999317,1,0.9971891804822405
7,3537,0.99935,1,0.9961219252982582
7,2277,0.999955,1,0.9997341293620748
7,6476,0.898358,1,0.8266480522055157
7,2655,0.989653,1,0.9801646670499489
7,2225,0.900873,1,0.8690565292269462
7,7100,0.996686,1,0.9950454871447914
7,5211,0.998898,1,0.996739511402463
7,4409,0.99553,1,0.9889019376331913
7,727,0.991673,1,0.9712984182970146
7,2164,0.998099,1,0.9935187141299012
7,3180,0.999964,1,0.999819949254107
7,1899,0.999791,1,0.9989984419381803
7,4762,0.999999,1,0.9999913292151783
7,3566,0.947521,1,0.9464582335834678
7,6690,0.999994,1,0.9999089681089798
7,2360,0.99878,1,0.9983991360751853
7,97,0.996473,1,0.989702282452244
7,4332,0.984146,1,0.9658239446335779
7,1492,0.996886,1,0.9893735306492301
7,3355,0.862358,1,0.8367063461456496
7,1921,0.999994,1,0.999971982667019
7,1855,0.99813,1,0.9951138264709182
7,5297,0.958097,1,0.9549545550299188
7,997,0.957162,1,0.9222129833703405
7,4412,0.930806,1,0.8888794898468291
7,133,0.90327,1,0.9244170791363078
7,5794,0.999997,1,0.9999864013745429
7,4483,0.999999,1,0.9999883389613129
7,1463,0.999341,1,0.9970238301556023
7,1849,0.99812,1,0.9964818608106834
7,2836,0.996049,1,0.9954667158889917
7,4004,0.999998,1,0.9999832296602382
7,2006,0.998223,1,0.991557049728307
7,7027,0.873058,1,0.8757396689859124
7,5002,0.999928,1,0.9997789438755548
7,4466,0.998252,1,0.9962621712071332
7,3070,0.931765,1,0.7978628017669503
7,6779,0.866127,1,0.8450924512844865
7,4431,0.997578,1,0.9939311135445686
7,4906,0.937535,1,0.9662536223250738
7,3501,0.999999,1,0.99999247167446
7,6124,0.995691,1,0.9875210000590599
7,25,0.870034,1,0.8904639298778791
7,831,0.970499,1,0.9568653096208851
7,4837,0.981373,1,0.968728733051542
7,4215,0.999378,1,0.99664120533424
7,4364,0.998325,1,0.9981938741962669
7,2707,0.995367,1,0.9845964626794157
7,824,0.879133,1,0.8325691115022773
7,6287,0.99625,1,0.9938406877418822
7,6379,0.9875,1,0.9927160867401613
7,5777,0.682617,0,0.644305924851056
7,2061,0.194463,0,0.20957006243179926
7,101,0.302049,0,0.3943900933604781
7,5220,0.793425,0,0.8324381362612606
7,4376,0.704365,0,0.7633605969816493
7,6330,0.725913,0,0.5916859870958345
7,6539,0.104018,0,0.15545008179912298
7,3905,0.842293,0,0.7964038003754325
7,5054,0.272225,0,0.3271861167339158
7,2967,0.551862,0,0.6822659288347711
7,2471,0.342025,0,0.5352498226282294
7,4429,0.220544,0,0.1314389081745469
7,2203,0.367557,0,0.4180074023143775
7,7294,0.569681,0,0.3852551025374124
7,3576,0.069872,0,0.1401535158894575
7,1084,0.461708,0,0.5899016973483597
7,6322,0.148931,0,0.10594502103487015
7,5268,0.328783,0,0.3886699147959172
7,374,0.742427,0,0.5839275242500515
7,5181,0.084544,0,0.13173188928290508
7,466,0.214783,0,0.29236939312564775
7,6667,0.017064,0,0.04016625349996073
7,381,0.806834,0,0.9806440875522378
7,1514,0.55374,0,0.6806002564696036
7,63,0.672414,0,0.7795260886586369
7,1852,0.269502,0,0.3060886489157937
7,2585,0.538684,0,0.28081994597796894
7,4846,0.087861,0,0.11086863552007391
7,1814,0.425223,0,0.3567881549499513
7,2557,0.430594,0,0.38033703080514186
7,2213,0.065367,0,0.14079754715986165
7,3969,0.438595,0,0.3901446558160029
7,4446,0.24304,0,0.23268631258610376
7,1069,0.531032,0,0.5115129127079118
7,3993,0.166146,0,0.2703678079357596
7,2289,0.357231,0,0.33613403309610945
7,1305,0.213045,0,0.3108995847390448
7,4510,0.19124,0,0.26419604815456954
7,951,0.291173,0,0.3300396387190632
7,930,0.196598,0,0.24913398263997588
7,2680,0.141096,0,0.08559525599350351
7,119,0.29613,0,0.2114116079764481
7,949,0.159916,0,0.37812719506481257
7,7349,0.235765,0,0.46904394539115535
7,4706,0.59872,0,0.5572735061749073
7,2630,0.539172,0,0.5728470921087507
7,1886,0.143328,0,0.11337949612125073
7,2806,0.00963,0,0.044248229551903086
7,6929,0.066613,0,0.12269085450848848
7,1666,0.592883,0,0.538440476259407
7,1143,0.749766,0,0.5935641053544884
7,2433,0.362362,0,0.45755999003873643
7,3672,0.575846,0,0.847700505585231
7,637,0.083808,0,0.17122768612909903
7,8,0.14223,0,0.17132273168522555
7,2721,0.217933,0,0.3308650119986505
7,6854,0.164884,0,0.3727807604739166
7,2729,0.331092,0,0.5558145893501281
7,4899,0.105972,0,0.1542316604734592
7,5243,0.027047,0,0.07947403499918197
7,2415,0.153594,0,0.2657203273172549
7,2831,0.708329,0,0.6994777686878267
7,3695,0.321847,0,0.20448150702812534
7,3567,0.240862,0,0.22265345678643686
7,6569,0.04451,0,0.09706548926907174
7,4081,0.514877,0,0.3757125399443379
7,1072,0.176777,0,0.1382561622271311
7,4783,0.055814,0,0.05866308284457827
7,6352,0.330236,0,0.25646708019167186
7,1551,0.782244,0,0.6133457066276907
7,4276,0.27127,0,0.30820706746595106
7,7454,0.609752,0,0.5758561725115323
7,7287,0.76047,0,0.5312712167182632
7,524,0.0128,0,0.0237145419934893
7,2342,0.219731,0,0.23876027672646719
7,3675,0.24587,0,0.268600866259717
7,5991,0.027916,0,0.06358974344625247
7,6037,0.25895,0,0.3547352364155219
7,4149,0.525292,0,0.49038376921477006
7,1070,0.460736,0,0.587424105160355
7,2407,0.096683,0,0.13785181998841364
7,5772,0.242222,0,0.5119242536909974
7,5177,0.757307,0,0.6758367678957087
7,890,0.140186,0,0.2000159271987238
7,3434,0.153115,0,0.33316823022483805
7,4769,0.06673,0,0.09317113685883889
7,1999,0.434749,0,0.47306827656047085
7,3108,0.719999,0,0.3441515154391272
7,5453,0.307748,0,0.47441540071403693
7,314,0.48219,0,0.287481460579202
7,6167,0.026576,0,0.0259518925063895
7,5955,0.154873,0,0.12292466551832094
7,5359,0.229519,0,0.2918159605709468
7,1065,0.378352,0,0.2636159830591745
7,5437,0.255444,0,0.16419494297224102
7,140,0.080949,0,0.1936676962632742
7,2801,0.184982,0,0.19385726199043088
7,3344,0.277405,0,0.3596673660543789
7,881,0.130436,0,0.1891522548871256
7,6612,0.069213,0,0.20780444727709252
7,3842,0.219818,0,0.2782393658387101
7,1340,0.190838,0,0.21523735239971875
7,2510,0.370978,0,0.2587212338037366
7,50,0.158357,0,0.23631017504229335
7,3383,0.310804,0,0.31088127593030307
7,5008,0.190398,0,0.31051983333514116
7,4646,0.82034,0,0.8830023234223903
7,4952,0.181356,0,0.233506754570111
7,1812,0.138152,0,0.1869551834624221
7,1684,0.610846,0,0.313112767089893
7,5580,0.045353,0,0.07758230391101911
7,1836,0.067675,0,0.16280912656085558
7,5810,0.740445,0,0.791339461162044
7,2778,0.168037,0,0.17612778563614273
7,6650,0.773902,0,0.7677197473368099
7,1057,0.600556,0,0.5328227648059137
7,6157,0.02525,0,0.06316839547863594
7,7190,0.604584,0,0.45076023458791814
7,323,0.137146,0,0.18062596847680068
7,3881,0.825318,0,0.6965110878185581
7,4816,0.178919,0,0.10402031976550903
7,553,0.049339,0,0.05408179859636547
7,907,0.13384,0,0.22455591397775887
7,7298,0.770186,0,0.5925492613151231
7,108,0.25112,0,0.18319274682140502
7,2594,0.670028,0,0.6307076796101186
7,3030,0.1722,0,0.18219393264421999
7,96,0.686478,0,0.4369894962727147
7,1912,0.19588,0,0.22106430379028025
7,387,0.261631,0,0.3853212379746046
7,305,0.438762,0,0.345247032391885
7,6863,0.234832,0,0.3291302898733732
7,2217,0.243197,0,0.2717509167863862
7,6838,0.7499,0,0.6403950649954935
7,2664,0.792082,0,0.7187759857892027
7,6988,0.096748,0,0.06340769019479994
7,4749,0.719047,0,0.7762081282132107
7,6574,0.592096,0,0.3261932399287667
7,183,0.349642,0,0.19408408468049876
7,3818,0.550488,0,0.456098510024779
7,3878,0.822239,0,0.7326065717737535
7,6815,0.68684,0,0.6112090424261991
7,3508,0.66666,0,0.5578380817610098
7,5769,0.085479,0,0.14158742797001542
7,3775,0.081562,0,0.17264226050512263
7,898,0.193955,0,0.19607287546899008
7,3041,0.77981,0,0.8956721917523449
7,6678,0.721048,0,0.566400577958524
7,6009,0.423846,0,0.36087124329719206
7,1756,0.017504,0,0.05327044307154677
7,6829,0.735367,0,0.48340298583746083
7,6780,0.424011,0,0.8792564025512835
7,5093,0.294187,0,0.6514505617443476
7,6209,0.137604,0,0.16514564646985844
7,229,0.234831,0,0.1177752135979638
7,7282,0.643439,0,0.40538612913774486
7,6551,0.305416,0,0.22091667730882816
7,4943,0.03664,0,0.12704757435841413
7,2496,0.535266,0,0.5467936107186682
7,1942,0.275582,0,0.3355852435047358
7,5182,0.395596,0,0.3833794566940421
7,4561,0.104328,0,0.1683417491170415
7,3063,0.048934,0,0.08617322437093472
7,4521,0.06339,0,0.10251032947054077
7,6114,0.202472,0,0.25908519527842505
7,2385,0.335092,0,0.2632034300113599
7,6630,0.729524,0,0.6539556689567189
7,429,0.48171,0,0.5091746549580272
7,2644,0.652414,0,0.5389448392998144
7,4556,0.184209,0,0.23563861265798017
7,7065,0.029018,0,0.07815624999545474
7,1101,0.732248,0,0.7564413239506179
7,4915,0.787333,0,0.7754890168371115
7,244,0.273572,0,0.2621937346175684
7,6255,0.749898,0,0.6892909712376388
7,1333,0.512383,0,0.7241508550439335
7,791,0.08196,0,0.0853135775134149
7,3449,0.519483,0,0.6886692736477694
7,7211,0.4675,0,0.4167364335373724
7,6652,0.158721,0,0.1576721824890502
7,4165,0.037043,0,0.05864295768085491
7,5363,0.655083,0,0.6957801835850689
7,4812,0.07401,0,0.05356960827795391
7,3224,0.64028,0,0.35438020237188256
7,1501,0.008691,0,0.019354404962729763
7,1831,0.183188,0,0.29784735680003566
7,4388,0.460267,0,0.42596305564687004
7,6789,0.066707,0,0.13704742895654204
7,2508,0.302131,0,0.5120273910472263
7,623,0.721174,0,0.6903846359873621
7,4774,0.086045,0,0.20255941792554205
7,5940,0.551893,0,0.45471059217412496
7,1131,0.037374,0,0.11725547096238642
7,3950,0.272773,0,0.3933822771781962
7,2320,0.128116,0,0.12497555387996871
7,3215,0.57537,0,0.18759606660238873
7,1124,0.447329,0,0.46537682023679705
7,4392,0.503673,0,0.5053168836825799
7,528,0.262943,0,0.29710176810143135
7,5073,0.194854,0,0.23847238972850054
7,416,0.452143,0,0.5841090770708105
7,913,0.769244,0,0.7913693402664838
7,2067,0.332682,0,0.3652274651480892
7,193,0.419849,0,0.49778795391832914
7,5704,0.579123,0,0.560026605008439
7,5438,0.221965,0,0.14462555098159344
7,6460,0.101454,0,0.21045610143327712
7,790,0.095587,0,0.1456851385884395
7,7004,0.406403,0,0.5173145331710194
7,6932,0.772323,0,0.9271620508558885
7,2662,0.640901,0,0.6065010419020211
7,1493,0.036427,0,0.03603971525879335
7,2675,0.565646,0,0.42307963753641936
7,2933,0.426729,0,0.24759526990962127
7,2482,0.295357,0,0.33423466095654353
7,1943,0.699646,0,0.8126929074256015
7,5986,0.272851,0,0.350056402096656
7,1543,0.210446,0,0.27879875853841074
7,793,0.453057,0,0.3506376064503405
7,3750,0.068745,0,0.0874536936806532
7,738,0.108353,0,0.2570062703679589
7,2180,0.738176,0,0.5908319700627088
7,2771,0.086314,0,0.19667199386715653
7,4006,0.273932,0,0.13755049718799203
7,5881,0.638735,0,0.5173516734171204
7,6492,0.11109,0,0.21238524718528884
7,5369,0.705277,0,0.5906067966741827
7,569,0.046128,0,0.10080061815807283
7,2311,0.787507,0,0.9245387931896517
7,235,0.323042,0,0.16109831469807728
7,6654,0.051487,0,0.10170202724389334
7,3183,0.412684,0,0.34746843622624507
7,2403,0.038905,0,0.06975957972226877
7,5223,0.542604,0,0.43379909339373884
7,5498,0.125497,0,0.17197282796253638
7,4839,0.256407,0,0.35572183587050654
7,5627,0.478831,0,0.3003259771575467
7,3435,0.677153,0,0.7885636289667939
7,2166,0.410137,0,0.33838376093675954
7,3879,0.437383,0,0.45896886279949095
7,1110,0.05989,0,0.2147715279165074
7,3911,0.336674,0,0.3474986373565869
7,4260,0.81803,0,0.6839879962802434
7,33,0.380157,0,0.2973509984040006
7,885,0.318682,0,0.6421605637495993
7,6423,0.319094,0,0.5522473076632994
7,303,0.578946,0,0.4969834657187974
7,3531,0.101606,0,0.1884780278201593
7,513,0.553613,0,0.6391592269910592
7,4550,0.244332,0,0.2779623688297212
7,3939,0.570149,0,0.5147769389333442
7,4818,0.636699,0,0.7980446506916655
7,4965,0.143867,0,0.09585318523625878
7,2922,0.155307,0,0.13934401927111292
7,1701,0.608951,0,0.6156816362050918
7,6581,0.0925,0,0.1788369012284011
7,6674,0.20553,0,0.19466092086289716
7,3495,0.017666,0,0.06629693583154252
7,6084,0.132181,0,0.14504096171657227
7,5238,0.097727,0,0.19616351254903658
7,7197,0.231677,0,0.3728730345043803
7,127,0.028005,0,0.08330124062780436
7,3121,0.441555,0,0.5558078456485367
7,5938,0.164167,0,0.14265902406377554
7,983,0.083975,0,0.09849544542620875
7,4021,0.398529,0,0.3803105763363129
7,2924,0.551001,0,0.27199243120883615
7,4062,0.765479,0,0.6726366535005469
7,5025,0.091374,0,0.124245251264123
7,7453,0.459682,0,0.42575629634400414
7,7271,0.449803,0,0.5364140106225027
7,6562,0.020936,0,0.03375790531754305
7,614,0.049266,0,0.16829935919880792
7,6441,0.553965,0,0.45386875646252106
7,7082,0.497158,0,0.4904283381038526
7,3854,0.378939,0,0.27824108437287387
7,1218,0.395958,0,0.5314881470932699
7,4524,0.258824,0,0.3012020566371375
7,1952,0.456129,0,0.45995587827070294
7,300,0.277725,0,0.2655243733819907
7,7393,0.24885,0,0.33474352922961426
7,2805,0.427876,0,0.266829376120936
7,4528,0.727342,0,0.7014016996588643
7,5876,0.071345,0,0.08843816217758972
7,5154,0.557977,0,0.5015036775924414
7,1499,0.111078,0,0.28195519287134274
7,4819,0.462241,0,0.2739123202962404
7,6017,0.09276,0,0.1837151601839201
7,7440,0.418817,0,0.5996034891745268
7,5942,0.830065,0,0.6860322451420173
7,6889,0.553963,0,0.5755253506810325
7,5079,0.566483,0,0.5347538815345124
7,866,0.717161,0,0.8490881398232009
7,3825,0.666309,0,0.40429391556821004
7,285,0.067713,0,0.044914962837695145
7,4533,0.760207,0,0.5260858061780154
7,4174,0.796889,0,0.6441960227034508
7,4687,0.272942,0,0.24950221228261404
7,2993,0.176781,0,0.27820523839817485
7,7263,0.716799,0,0.5837488374304789
7,1067,0.283365,0,0.20136342455355818
7,5519,0.679789,0,0.5774042536363135
7,2720,0.251006,0,0.16378507846073279
7,5338,0.188494,0,0.2291991855677921
7,5864,0.843963,0,0.8060463983017123
7,7291,0.142125,0,0.18785467639701978
7,595,0.287906,0,0.42170855079986036
7,6905,0.599997,0,0.8770526852055189
7,4185,0.277849,0,0.305041983909936
7,3427,0.355237,0,0.20838690886263733
7,6726,0.061876,0,0.10449867395341382
7,7224,0.414062,0,0.37895613533300726
7,5266,0.799009,0,0.8879405879445007
7,1011,0.306338,0,0.5157926000828794
7,2986,0.374069,0,0.2680148619899611
7,5728,0.03669,0,0.06169106996937538
7,7377,0.062274,0,0.17604815506028554
7,956,0.117351,0,0.09912021821157711
7,5507,0.26912,0,0.3439131508605017
7,4078,0.064871,0,0.2097368310379839
7,5707,0.041459,0,0.057535581326494
7,3230,0.347385,0,0.47795570822299793
7,2055,0.825808,0,0.9301914723458642
7,2474,0.078959,0,0.11924994551174277
7,5138,0.715464,0,0.7667862377671882
7,6131,0.1734,0,0.5352757217055499
7,5918,0.685597,0,0.7126723706115662
7,6839,0.20276,0,0.2993316468862993
7,2700,0.093203,0,0.11386856584083407
7,5204,0.845954,0,0.9612877995594792
7,1562,0.346032,0,0.3572740931595289
7,6965,0.755185,0,0.6765442014205771
7,2763,0.632711,0,0.7518991900880221
7,922,0.755837,0,0.7303314047078239
7,5534,0.434107,0,0.374072653523982
7,2762,0.367238,0,0.5031585217655935
7,4059,0.539723,0,0.39629415217412695
7,4343,0.125282,0,0.16627509093585993
7,2121,0.839234,0,0.6059651809260695
7,65,0.657462,0,0.5777753519982151
7,7026,0.759249,0,0.7383279948239672
7,254,0.393529,0,0.3993204430248121
7,4787,0.757144,0,0.6151128977126044
7,7209,0.165813,0,0.23655583792858642
7,5890,0.063112,0,0.14523817066068076
7,4797,0.298156,0,0.41123378319020953
7,5494,0.289975,0,0.4798017828107932
7,3335,0.131785,0,0.13167991489199868
7,4366,0.008816,0,0.04747168180835033
7,6252,0.828588,0,0.656130577977436
7,3154,0.702079,0,0.7432809467280318
7,2540,0.011003,0,0.02895371235942112
7,6956,0.43578,0,0.6123605478415005
7,4679,0.222796,0,0.23415470665206167
7,4015,0.479248,0,0.3882899156274762
7,3065,0.228776,0,0.2901413746431622
7,1460,0.476084,0,0.3702725176459796
7,610,0.119152,0,0.1545686212720435
7,4515,0.468413,0,0.5334367690117925
7,2466,0.02254,0,0.04186179144415801
7,4681,0.785985,0,0.822700762186296
7,4804,0.334694,0,0.4856237051167241
7,5979,0.302466,0,0.24746363867886786
7,5463,0.086675,0,0.07684387758452023
7,2232,0.30505,0,0.3743829625035177
7,3850,0.372845,0,0.3349886568013355
7,1604,0.639257,0,0.7275928299408874
7,5483,0.144324,0,0.15988267273130516
7,3127,0.109082,0,0.18417713258053045
7,4527,0.610035,0,0.6694395272374424
7,6221,0.670945,0,0.5682405229275732
7,425,0.403448,0,0.35150177805020205
7,1875,0.356836,0,0.36675460704489626
7,6149,0.042373,0,0.09806709086184114
7,440,0.304658,0,0.432938200796889
7,1454,0.219082,0,0.1704866750203489
7,1877,0.151198,0,0.177028461392358
7,6908,0.140568,0,0.2369676804817903
7,631,0.117784,0,0.08751334844081493
7,7301,0.159403,0,0.22299450287445707
7,1561,0.082252,0,0.057271032235713476
7,4356,0.195386,0,0.09184417373166646
7,354,0.584883,0,0.7225355094541637
7,3900,0.135021,0,0.19453816088999207
7,6133,0.019839,0,0.015456902560671669
7,5761,0.212958,0,0.31920545115389254
7,5582,0.113017,0,0.1727144124640196
7,5232,0.597962,0,0.7397680518954293
7,1112,0.162939,0,0.1612547010998146
7,68,0.563194,0,0.5259928665747508
7,6463,0.228319,0,0.41710939293880006
7,843,0.779835,0,0.7001046281945608
7,3113,0.429601,0,0.42164871344832866
7,3139,0.562937,0,0.6195506064242641
7,7162,0.76401,0,0.6219947320357223
7,6966,0.160547,0,0.24601225371464672
7,5690,0.371214,0,0.44447396775655346
7,7467,0.667137,0,0.5989863357365885
7,2021,0.574986,0,0.8826399277714273
7,4657,0.220813,0,0.33441430937018624
7,2937,0.171978,0,0.2833812612163799
7,6414,0.006292,0,0.0054230527120887675
7,4154,0.146914,0,0.24462588804213822
7,6194,0.070147,0,0.08895049675485266
7,4973,0.462921,0,0.4312023419972573
7,4858,0.180725,0,0.2014146686785327
7,3747,0.38057,0,0.6498227967220798
7,3483,0.273269,0,0.3022689967890076
7,1169,0.516247,0,0.34764274566261216
7,5261,0.473663,0,0.4883232630812935
7,6939,0.147542,0,0.2545449797032338
7,2969,0.082009,0,0.12124513625834835
7,1276,0.340513,0,0.18884165681024373
7,2894,0.338587,0,0.45766706447757943
7,658,0.503007,0,0.5125331538710447
7,4692,0.714366,0,0.6248253969348497
7,1481,0.123843,0,0.14755703805557474
7,2645,0.091957,0,0.08352621343973533
7,7319,0.36467,0,0.2764971785029866
7,5125,0.742254,0,0.6917741430766715
7,5982,0.216431,0,0.16512659530648482
7,1399,0.262079,0,0.27924463868143373
7,7132,0.119014,0,0.1725264057737152
7,3658,0.329,0,0.45890949453119095
7,6584,0.073082,0,0.0932188960832715
7,3151,0.055169,0,0.12067528616857098
7,284,0.486433,0,0.5919810325634807
7,1031,0.053952,0,0.13662791854697398
7,1312,0.402253,0,0.24583065042680927
7,2923,0.163942,0,0.17393352288719496
7,3907,0.422197,0,0.3104664815175969
7,7245,0.228055,0,0.23335792162057806
7,6662,0.826784,0,0.6224772474446931
7,2357,0.214636,0,0.3190219948573657
7,4252,0.090176,0,0.1671068134455506
7,6719,0.113411,0,0.13315642161529534
7,5224,0.849891,0,0.8147451365795751
7,2351,0.787465,0,0.6578832544809873
7,6864,0.807986,0,0.8323114960070354
7,3132,0.167978,0,0.16422022998232344
7,1642,0.8187,0,0.809829499268254
7,5703,0.466938,0,0.5389695777163928
7,4790,0.598724,0,0.6314491719138136
7,3994,0.038399,0,0.1318161012301826
7,5541,0.146875,0,0.10657059793848193
7,3619,0.091713,0,0.28891066433995666
7,4612,0.049144,0,0.05866857343242491
7,4124,0.307961,0,0.5395028764010366
7,6421,0.425868,0,0.3933619249720245
7,70,0.544765,0,0.5139089711716273
7,2525,0.358647,0,0.45831816920783736
7,6701,0.301687,0,0.5351932068183193
7,5349,0.766567,0,0.7575403642434362
7,5324,0.58577,0,0.616347469544219
7,4618,0.799648,0,0.8555653145967539
7,2327,0.183111,0,0.1929137888887241
7,3421,0.270534,0,0.2684209586082523
7,278,0.265576,0,0.3842597574200709
7,7077,0.010742,0,0.0200896095739854
7,1158,0.603489,0,0.6424742294573141
7,207,0.063949,0,0.09541724984904615
7,211,0.102453,0,0.096241388516564
7,2995,0.514465,0,0.44060628648696387
7,4030,0.116504,0,0.1317823888202534
7,2850,0.363508,0,0.39214395979461597
7,4363,0.191445,0,0.15955488941825552
7,2265,0.476329,0,0.28538314920647406
7,260,0.42963,0,0.43128891039431816
7,6435,0.124204,0,0.09337213821232278
7,959,0.39832,0,0.4020105913402172
7,59,0.727835,0,0.7899262475559051
7,163,0.78685,0,0.7617428284546829
7,3459,0.814324,0,0.7874308662713279
7,4385,0.426821,0,0.3939650217775525
7,3280,0.663842,0,0.7471431122338965
7,1472,0.12876,0,0.31845982908067405
7,4057,0.127345,0,0.28196426456170604
7,4841,0.51033,0,0.640387513360034
7,7322,0.270743,0,0.2404108033410495
7,4743,0.397036,0,0.4759050209156613
7,3104,0.140673,0,0.3189714171718027
7,288,0.546532,0,0.4798604117233458
7,6070,0.041542,0,0.060350045018071924
7,4602,0.500459,0,0.49557620195724106
7,6755,0.252949,0,0.6802459165128829
7,990,0.162637,0,0.14894696442498798
7,6736,0.547302,0,0.38381118699962813
7,675,0.086335,0,0.06503086259851805
7,7101,0.405447,0,0.36455098593179175
7,5805,0.205431,0,0.22526238082264075
7,5603,0.639822,0,0.47246843455487686
7,5736,0.394312,0,0.37405754432559873
7,1891,0.524783,0,0.6681409220806209
7,5306,0.515294,0,0.4728897644485427
7,3048,0.153476,0,0.13562434039850335
7,3507,0.568807,0,0.5478750238760983
7,3485,0.051164,0,0.07174559616769186
7,4250,0.248787,0,0.18973682452324733
7,7143,0.337052,0,0.1616343543128527
7,2177,0.038003,0,0.08355542989142155
7,5732,0.329554,0,0.361269155938621
7,6155,0.088742,0,0.19157341535317327
7,1026,0.105227,0,0.19238389795893607
7,1076,0.190818,0,0.31371019737583605
7,5908,0.419198,0,0.2359127197037955
7,4013,0.166753,0,0.25948191509003854
7,7110,0.267294,0,0.33462288516078187
7,6321,0.464859,0,0.2419635431685769
7,6992,0.124605,0,0.1468238868199103
7,6620,0.045205,0,0.08395581498887032
7,188,0.231635,0,0.2640371730434192
7,436,0.263517,0,0.27765896868048046
7,2861,0.154098,0,0.22223556992236554
7,1784,0.609217,0,0.7169963818265358
7,3664,0.204729,0,0.2947676482555015
7,4309,0.146008,0,0.41306623691206895
7,3516,0.086524,0,0.10493253143416267
7,1053,0.178868,0,0.1289736670092914
7,3985,0.080869,0,0.1780947412253635
7,5726,0.147366,0,0.09965349616934699
7,5921,0.174272,0,0.46056333584045134
7,3237,0.53197,0,0.8047774096957735
7,4986,0.2214,0,0.2504685197038101
7,764,0.069753,0,0.10317641272462166
7,2985,0.114268,0,0.09012993047750212
7,5370,0.32359,0,0.4018723235787216
7,3244,0.012021,0,0.01995306458411638
7,6370,0.074387,0,0.162266749586514
7,6624,0.431,0,0.28535351061379627
7,1903,0.787475,0,0.6602183479592342
7,563,0.134046,0,0.32392531962057847
7,934,0.088813,0,0.08645097435530541
7,4577,0.273425,0,0.2592664496572287
7,1635,0.016061,0,0.03341096726428123
7,3415,0.840011,0,0.8574018545617211
7,1809,0.258087,0,0.2720329462086438
7,4273,0.657848,0,0.5419835640678646
7,5027,0.313881,0,0.2569805296320013
7,1587,0.181502,0,0.2561461731564243
7,5597,0.045068,0,0.09319557792932598
7,4789,0.101812,0,0.2044838207661219
7,1350,0.233028,0,0.26747159486817296
7,7378,0.623064,0,0.4845436286493576
7,5311,0.722811,0,0.6405205016077873
7,6205,0.043451,0,0.15970753651260933
7,5868,0.207261,0,0.2609731213338316
7,1868,0.439091,0,0.5105416174573483
7,452,0.142312,0,0.0815788485508575
7,5648,0.844638,0,0.7286440443275115
7,3989,0.310629,0,0.3134972379067215
7,2886,0.522022,0,0.3337964382030276
7,818,0.245453,0,0.24423381049289153
7,3165,0.102033,0,0.23545042663810656
7,4767,0.088466,0,0.1213917024703961
7,3251,0.056308,0,0.12747002114283712
7,6397,0.617739,0,0.6193501721506772
7,5172,0.387561,0,0.16595142721212047
7,3536,0.358079,0,0.31685931435814546
7,3773,0.482343,0,0.6178051259104527
7,6245,0.244503,0,0.3497157496318446
7,7208,0.681835,0,0.42264212556812
7,893,0.65722,0,0.610889428045861
7,6845,0.503722,0,0.5309178239207777
7,1802,0.033066,0,0.0396061518543112
7,3440,0.657938,0,0.3333362109750082
7,3426,0.257881,0,0.2663114558088765
7,2743,0.134328,0,0.16494931985024694
7,4189,0.78728,0,0.861967645009911
7,6605,0.110166,0,0.1497377996899693
7,5555,0.780554,0,0.9271654928938984
7,6419,0.832417,0,0.7790855976917609
7,5696,0.226729,0,0.29220424746181584
7,6671,0.077133,0,0.08485195457241061
7,1630,0.335581,0,0.2879782180041083
7,2598,0.243679,0,0.21472277244847507
7,3010,0.656867,0,0.7295973337181595
7,5799,0.751976,0,0.6782510485386696
7,1954,0.767296,0,0.515428739431651
7,1632,0.546633,0,0.5519840276148302
7,5237,0.759298,0,0.7061013983519714
7,2286,0.104854,0,0.1464998873958739
7,3875,0.49993,0,0.5202501777701692
7,6735,0.743975,0,0.6984932867714461
7,1341,0.482708,0,0.22061008444462865
7,4791,0.102457,0,0.13894703301728367
7,5915,0.729438,0,0.7439913137403952
7,6981,0.5903,0,0.3271586365770283
7,3072,0.361196,0,0.49129893173610933
7,4622,0.70348,0,0.514493931957013
7,3643,0.641604,0,0.5360435903794755
7,3292,0.276913,0,0.38829783886542857
7,175,0.772267,0,0.6196304209546225
7,1087,0.138916,0,0.13957656178663974
7,3315,0.244565,0,0.2169997699952761
7,519,0.087046,0,0.12113077237881976
7,5901,0.106485,0,0.11593016299112376
7,5511,0.1182,0,0.20011226877929225
7,5084,0.597291,0,0.37439874939771034
7,2456,0.492703,0,0.30357474726502787
7,1366,0.479044,0,0.4177027308908203
7,4937,0.205924,0,0.17664646731339625
7,1068,0.34316,0,0.2210364012029833
7,2964,0.555487,0,0.581460645491641
7,2839,0.58932,0,0.6143832730603439
7,1958,0.289352,0,0.19142359406939888
7,6263,0.26124,0,0.214037103786532
7,3608,0.10903,0,0.07611825781765798
7,336,0.486022,0,0.5530448182777306
7,6586,0.087639,0,0.06312235990643487
7,4047,0.237708,0,0.2863475576195456
7,7284,0.641261,0,0.5203098949282219
7,6721,0.312578,0,0.23130687945631684
7,1805,0.284158,0,0.30194326027862145
7,4001,0.173454,0,0.14684201152214416
7,3388,0.447583,0,0.17328547224342447
7,6298,0.648937,0,0.6887223100634502
7,6324,0.421199,0,0.4600605682518423
7,292,0.210602,0,0.18864591877580777
7,6007,0.449759,0,0.4204226088446169
7,5242,0.39237,0,0.31198321732124296
7,3785,0.126143,0,0.2552006827254847
7,2136,0.418567,0,0.42356785007781056
7,2078,0.753781,0,0.6213338913661424
7,6464,0.490198,0,0.4568360060896735
7,402,0.277566,0,0.14857401010056315
7,2299,0.664465,0,0.6516076588906035
7,669,0.395901,0,0.4946694642062106
7,630,0.719991,0,0.7365399112014914
7,4452,0.120173,0,0.21442759500173172
7,2925,0.481811,0,0.35027181090074483
7,1036,0.304959,0,0.33148783127913756
7,619,0.077453,0,0.09802463282072808
7,6358,0.646147,0,0.40614003775651936
7,3857,0.247176,0,0.15698879950728026
7,3697,0.270083,0,0.41499384942877543
7,6528,0.014636,0,0.029672000269909387
7,6303,0.120858,0,0.22890259050407027
7,3668,0.393308,0,0.33398386924297085
7,3354,0.620544,0,0.5362678507685819
7,6645,0.043749,0,0.09779609307951757
7,638,0.731229,0,0.9770039005941746
7,1645,0.287187,0,0.3063786015905417
7,4701,0.34087,0,0.49865609222504814
7,1407,0.617496,0,0.5153023293821225
7,4822,0.301326,0,0.1862615975523613
7,4949,0.264386,0,0.2546024712921957
7,3158,0.585459,0,0.599102433518908
7,4968,0.016644,0,0.03411363636802047
7,2429,0.675224,0,0.7626150481370888
7,7406,0.346426,0,0.35058116751212753
7,5484,0.339565,0,0.5243635241262328
7,1576,0.127723,0,0.23585608125071233
7,1034,0.247479,0,0.18837764248792713
7,6185,0.180873,0,0.35484466996200575
7,3710,0.179033,0,0.2927100370511402
7,6775,0.731336,0,0.3182061327135747
7,4384,0.716266,0,0.46534292252564285
7,6519,0.136429,0,0.16629355593200157
7,2108,0.12673,0,0.1090023792862075
7,5451,0.247189,0,0.14917103655137537
7,4005,0.375211,0,0.36630913532065995
7,294,0.237934,0,0.21897541074566684
7,5406,0.744494,0,0.5628081557670919
8,3336,0.999204,1,0.9983816081641378
8,3386,0.988308,1,0.975412806781511
8,4862,1.0,1,0.9999999986012302
8,286,0.998226,1,0.9966154750638159
8,3293,0.993666,1,0.9960405101917185
8,3080,0.97068,1,0.9443629561996838
8,5808,0.999834,1,0.9994424977584128
8,3915,0.961118,1,0.9755730852167924
8,3801,0.995841,1,0.9935441632460332
8,5543,0.999515,1,0.9992241388446755
8,5501,0.998419,1,0.9951574597883885
8,2026,0.97458,1,0.8918725613118325
8,3137,0.999984,1,0.9998463400265494
8,5553,0.998936,1,0.996241842120523
8,3561,0.999576,1,0.9973674528881179
8,3898,0.983174,1,0.9708514333504688
8,743,0.997691,1,0.9934862058095021
8,6170,0.969069,1,0.929022520018957
8,6485,0.996862,1,0.9938838342695978
8,3143,0.971627,1,0.9422870334844915
8,2616,0.862403,1,0.909750445426976
8,3893,0.995638,1,0.9917087764387041
8,450,0.999018,1,0.9947850922432171
8,6882,0.900578,1,0.9108080152532654
8,2915,0.9992,1,0.9991390067483071
8,4678,0.934378,1,0.9254152705524825
8,2328,0.961669,1,0.9519016065919621
8,6201,0.994204,1,0.982271344103922
8,946,0.892228,1,0.671053764532267
8,1063,0.901969,1,0.928782148378354
8,3382,0.896916,1,0.8365046871160062
8,7450,0.988666,1,0.9631059848397246
8,4628,0.998091,1,0.9974286877281644
8,3270,0.871859,1,0.7446571760293498
8,945,0.991027,1,0.9836252865456249
8,2324,0.993067,1,0.9955587548697122
8,2956,0.99308,1,0.9936889223469548
8,1749,0.999805,1,0.9990331552763692
8,7428,0.988101,1,0.9660001954050935
8,6856,0.882323,1,0.9573838880963084
8,365,0.9889,1,0.9886311297814248
8,2891,0.999381,1,0.994363403206079
8,1742,0.934322,1,0.9219141503830466
8,3431,0.89901,1,0.9023395227212854
8,4543,0.854577,1,0.8448592043356489
8,1747,0.999728,1,0.9995178325265329
8,779,0.99999,1,0.9999865824751442
8,6310,0.999005,1,0.9956262703561155
8,4253,0.990337,1,0.9906475205725146
8,27,0.999999,1,0.9999916709923531
8,5147,0.997213,1,0.9884083897537904
8,6068,0.998752,1,0.9953816201203631
8,7159,0.994053,1,0.9851263061977883
8,3833,0.865636,1,0.9646965287066812
8,6766,0.999973,1,0.9999060236059428
8,3277,0.99734,1,0.9934194349801073
8,2816,0.999288,1,0.9987461803668709
8,3040,0.998981,1,0.9986932516069862
8,5071,0.998787,1,0.9977964442989953
8,4393,0.969561,1,0.964958616399274
8,7217,0.995731,1,0.9916338162424783
8,3175,0.891678,1,0.8503437239710405
8,1014,0.996154,1,0.99602548512136
8,1616,0.999874,1,0.9997041597702541
8,1096,0.951417,1,0.9216875196691336
8,2559,0.989705,1,0.9550765920735779
8,5367,0.9988,1,0.9973815393981895
8,5227,0.999232,1,0.9986591287729991
8,6132,0.998695,1,0.9950076672271617
8,6947,0.875271,1,0.9263340210148394
8,4425,0.994951,1,0.9941402727078127
8,6183,0.992814,1,0.9933606509957482
8,5192,0.999529,1,0.9989873925548793
8,1976,0.999275,1,0.9958951061537874
8,5675,0.968483,1,0.9604536315470266
8,984,0.999818,1,0.9997258942647318
8,4188,0.966327,1,0.914968519837291
8,4256,0.869686,1,0.8354897639835086
8,2769,1.0,1,0.9999968580902059
8,2437,0.99998,1,0.999947964833546
8,2420,0.919971,1,0.9785835522885808
8,2987,0.999916,1,0.9997016865264843
8,7171,0.99989,1,0.9995242374387738
8,1739,0.996018,1,0.9898206015876293
8,608,0.997855,1,0.9941250919434975
8,7314,0.992641,1,0.972953500710408
8,5331,0.985614,1,0.9575229370199484
8,748,0.112814,0,0.19910715837569776
8,242,0.06877,0,0.09128449105310132
8,3999,0.636837,0,0.5254773478918452
8,1622,0.129583,0,0.20649512453076999
8,6632,0.699881,0,0.7031056125999168
8,495,0.467052,0,0.43631152500983855
8,1430,0.523839,0,0.489418970820303
8,4014,0.565064,0,0.5311355944774835
8,1041,0.627576,0,0.6592436041840174
8,6987,0.129536,0,0.06176469420274003
8,2998,0.110114,0,0.15432454144289212
8,2500,0.277715,0,0.3053238712478357
8,5870,0.259649,0,0.362797993217089
8,5542,0.180627,0,0.16935326262236433
8,2003,0.226199,0,0.08694065946999074
8,5569,0.283997,0,0.3760012077759555
8,7426,0.365812,0,0.30744044886053445
8,3169,0.057618,0,0.11538649403112619
8,2932,0.434216,0,0.4235475018960278
8,1061,0.206063,0,0.33019178707454083
8,1973,0.099225,0,0.056748245461379763
8,357,0.066562,0,0.11468192217560344
8,5477,0.310035,0,0.32223586915368374
8,3746,0.783335,0,0.5339096605422019
8,7369,0.337942,0,0.32525767988816073
8,2981,0.153259,0,0.3275592727072719
8,1433,0.050573,0,0.08547581404892562
8,4495,0.133019,0,0.27115473473536766
8,2629,0.148672,0,0.10366422279359773
8,4674,0.264777,0,0.3395825742487244
8,1456,0.25583,0,0.44304710955013865
8,155,0.245103,0,0.26276131578424183
8,737,0.053396,0,0.07900188518290231
8,2199,0.174282,0,0.1438329657731862
8,3118,0.144374,0,0.23784102113110236
8,6422,0.123777,0,0.13881069631133441
8,3468,0.571369,0,0.48057884417020175
8,6220,0.559702,0,0.3719555676671309
8,3083,0.243787,0,0.20374020376278892
8,6142,0.410594,0,0.567296978867614
8,3498,0.385486,0,0.38929235095255854
8,6570,0.509999,0,0.43776958673821104
8,7371,0.591709,0,0.37669521850256243
8,4727,0.596177,0,0.5844687652961803
8,6695,0.423448,0,0.28128195284315677
8,4861,0.516249,0,0.34815941459397054
8,4131,0.400015,0,0.32873816447480136
8,5735,0.069316,0,0.14161085752581384
8,5347,0.741973,0,0.6952587212754269
8,5403,0.112658,0,0.16700144356362293
8,2677,0.393569,0,0.48073872469300905
8,5474,0.017317,0,0.030470230555196643
8,5115,0.668544,0,0.5591060171731315
8,1008,0.118121,0,0.17345333136638263
8,6126,0.60536,0,0.7936428962088214
8,562,0.193647,0,0.15416919617339978
8,612,0.38229,0,0.4173121850558755
8,1339,0.048483,0,0.09897318588251057
8,77,0.427635,0,0.36764232437269795
8,2953,0.432439,0,0.622678145484109
8,1758,0.705389,0,0.6306045845865115
8,460,0.064399,0,0.20496549113944548
8,4111,0.193437,0,0.2533819358504829
8,4084,0.094432,0,0.18143864920554142
8,4106,0.104834,0,0.19293880979835967
8,7380,0.618654,0,0.46551858721778755
8,6524,0.036055,0,0.08801619881688909
8,6308,0.101226,0,0.12893389626963275
8,2790,0.803297,0,0.6867296732832221
8,722,0.142419,0,0.21327416576720698
8,5998,0.179445,0,0.13417819086848048
8,854,0.648775,0,0.6943747838225331
8,4754,0.294853,0,0.5059163390011908
8,1863,0.16546,0,0.2138905415876681
8,502,0.357427,0,0.4897890159793676
8,4865,0.281346,0,0.3885594993201562
8,5273,0.110949,0,0.2182442866874693
8,6451,0.848573,0,0.7079668173713042
8,828,0.030966,0,0.04980156200754916
8,3575,0.066653,0,0.08516758251571119
8,6984,0.015339,0,0.038973969056972264
8,5344,0.802102,0,0.5799839861940899
8,939,0.223387,0,0.2783561023859899
8,3836,0.693941,0,0.8243300056699654
8,613,0.318471,0,0.3980624504880579
8,2589,0.291445,0,0.2964533012171935
8,671,0.660053,0,0.32968638694721136
8,2772,0.656558,0,0.8190190399686481
8,7120,0.068191,0,0.1255298701080942
8,7063,0.055256,0,0.10895544758765001
8,6108,0.612665,0,0.5805387995012076
8,2660,0.225954,0,0.4668507117942158
8,3909,0.767516,0,0.5904026029077151
8,3075,0.292708,0,0.4361798189377989
8,4739,0.078948,0,0.10957750263655498
8,418,0.373072,0,0.2747357072059496
8,13,0.408376,0,0.35218257615891585
8,4289,0.34996,0,0.23323113862771205
8,6514,0.35681,0,0.39334905220790967
8,758,0.176745,0,0.28317190592731867
8,3208,0.675034,0,0.5622925263356979
8,6401,0.799733,0,0.7743387936719311
8,1178,0.635843,0,0.5672210009046262
8,3715,0.278657,0,0.317168297293972
8,1269,0.833254,0,0.6448760778927274
8,5045,0.614618,0,0.6329537898506751
8,3149,0.061421,0,0.07389473819666155
8,296,0.112071,0,0.16160332349456596
8,7091,0.359584,0,0.23736316366741803
8,6595,0.508949,0,0.4069546439100668
8,2207,0.635704,0,0.6236089623686294
8,603,0.104822,0,0.22075058013269977
8,7495,0.112428,0,0.21972694194400494
8,4835,0.439819,0,0.4820563006355585
8,739,0.135,0,0.1495536483434763
8,777,0.227301,0,0.23042176111067122
8,1287,0.438165,0,0.43192942125407524
8,7285,0.705238,0,0.679708097757836
8,2911,0.165821,0,0.2748692655887743
8,2013,0.519272,0,0.3201263314609534
8,3663,0.104306,0,0.061308497913026574
8,1783,0.118946,0,0.30090220930751094
8,5850,0.642782,0,0.4439484460671857
8,4497,0.796471,0,0.8813136043097227
8,428,0.514483,0,0.6541079629837717
8,4038,0.215708,0,0.24231261796887785
8,5366,0.763668,0,0.7047061046665477
8,2913,0.327776,0,0.2638654147797862
8,7309,0.371492,0,0.21848969702478313
8,882,0.780637,0,0.6219318529666584
8,1682,0.17455,0,0.20256111114457173
8,6454,0.240309,0,0.19163482808193605
8,4760,0.412829,0,0.4928894286614309
8,7049,0.526445,0,0.5644705694585156
8,7215,0.283234,0,0.43618436946848627
8,6751,0.640845,0,0.48805381858129593
8,5967,0.587459,0,0.5348095709613438
8,2730,0.068234,0,0.06186165754451048
8,5077,0.099626,0,0.12521377127423056
8,1539,0.837377,0,0.7289780661821983
8,7485,0.024469,0,0.08114604861235157
8,61,0.586481,0,0.419806757621223
8,2641,0.196141,0,0.3646393473858153
8,2418,0.447464,0,0.3237374104300504
8,2001,0.800102,0,0.7076802188137175
8,5319,0.039746,0,0.1312131046940879
8,5342,0.642027,0,0.5726379388392926
8,6049,0.439643,0,0.3535193496203079
8,3889,0.560561,0,0.5701639241983497
8,2182,0.129753,0,0.20888686765156275
8,7421,0.381308,0,0.3131307135088685
8,6626,0.274609,0,0.39173682079096767
8,5038,0.827026,0,0.8663755329185713
8,1348,0.012019,0,0.013419223854673043
8,1957,0.748412,0,0.7144091258819608
8,1671,0.142339,0,0.1807744642456027
8,1262,0.538517,0,0.4634538908327218
8,6596,0.484183,0,0.5558131996799008
8,6794,0.261689,0,0.16733245897449098
8,5197,0.574215,0,0.348653736951026
8,1808,0.346545,0,0.4072069319081009
8,1105,0.151537,0,0.06565268098081435
8,7131,0.124329,0,0.149405712629654
8,5443,0.123446,0,0.2864181064393913
8,3191,0.294165,0,0.27928584673113205
8,935,0.60531,0,0.3298303558034619
8,3297,0.250036,0,0.3483110016561221
8,1482,0.158084,0,0.18678172206205096
8,2282,0.478324,0,0.28716776424004437
8,7124,0.710807,0,0.6782470103975685
8,4655,0.236758,0,0.20072044032798508
8,3039,0.238973,0,0.30449044331792013
8,4470,0.660357,0,0.6502335057543653
8,6247,0.213608,0,0.34565265134535944
8,4985,0.050911,0,0.17337302619067832
8,6511,0.555652,0,0.20062281896763945
8,1889,0.293824,0,0.39915037430934813
8,3725,0.269357,0,0.34273715325879717
8,503,0.770281,0,0.5265325237463818
8,5249,0.796627,0,0.5986344110252172
8,4883,0.679623,0,0.4292039829954939
8,2977,0.613152,0,0.7371227475534998
8,3718,0.267798,0,0.2579356832111704
8,3703,0.449749,0,0.4266178021412117
8,344,0.042834,0,0.04131294605518134
8,5753,0.254534,0,0.18842868734219162
8,4175,0.544076,0,0.628214014350357
8,62,0.192697,0,0.15835165040464833
8,3430,0.185436,0,0.2819168352215404
8,267,0.138098,0,0.14771802916613447
8,125,0.561924,0,0.41118579070890576
8,3089,0.084695,0,0.2029844295440536
8,597,0.295089,0,0.2278145722610078
8,5660,0.417873,0,0.6079524777300315
8,1103,0.055607,0,0.14848079703604253
8,5654,0.21496,0,0.5039477752063973
8,1025,0.81486,0,0.5924621961211309
8,2858,0.272292,0,0.24319315151697324
8,6808,0.27187,0,0.3074455503571315
8,1685,0.209064,0,0.3161843705346616
8,5677,0.0759,0,0.19032458898117666
8,7146,0.531554,0,0.5358285040252802
8,5479,0.146961,0,0.13036795666764353
8,3433,0.101104,0,0.1584881045293859
8,3259,0.21447,0,0.17111101336554452
8,2512,0.741936,0,0.452727805800676
8,48,0.103997,0,0.3431350567468565
8,6673,0.391234,0,0.40103010160841107
8,6136,0.736246,0,0.915968329788282
8,1658,0.279916,0,0.45830424153999894
8,817,0.028987,0,0.0597840298654929
8,2015,0.253701,0,0.3407235262828434
8,6176,0.143626,0,0.12552048176389083
8,926,0.674619,0,0.5589213773146646
8,3379,0.297923,0,0.5681901754805325
8,4619,0.455265,0,0.5222396366153126
8,5478,0.441987,0,0.37680232087031734
8,7303,0.306514,0,0.2954395978969249
8,6174,0.342211,0,0.3958194706339134
8,5005,0.204178,0,0.301868937876549
8,4333,0.016017,0,0.030626816683522597
8,7194,0.612443,0,0.4805801440771639
8,2874,0.304114,0,0.2891598734045581
8,1443,0.025567,0,0.18449012759906547
8,1090,0.124854,0,0.30737478053112016
8,670,0.46672,0,0.3583313004605672
8,2309,0.200779,0,0.37453968429239465
8,5721,0.293047,0,0.1949700800766245
8,1440,0.732999,0,0.6152193553829453
8,4864,0.391523,0,0.5250138845119897
8,389,0.063804,0,0.1196455401499957
8,2118,0.606169,0,0.6047950929354549
8,2796,0.190049,0,0.13827208511510425
8,4953,0.228835,0,0.18168208740552763
8,3573,0.178299,0,0.3335861219194214
8,7409,0.155524,0,0.284125692359251
8,1230,0.179753,0,0.29887216139434986
8,7005,0.035947,0,0.09496580786280534
8,3971,0.839411,0,0.8580555903821642
8,1100,0.41615,0,0.4681066873518017
8,4869,0.318057,0,0.471299156094343
8,4493,0.520582,0,0.37321518125686826
8,5851,0.191308,0,0.2693681864101766
8,5253,0.260826,0,0.1612054857243871
8,1883,0.045474,0,0.0582846019942035
8,1737,0.245581,0,0.3157921622133237
8,1950,0.534754,0,0.3501366516646385
8,2036,0.253238,0,0.2849220900138562
8,4297,0.211371,0,0.3093850469476051
8,2833,0.105009,0,0.10691029068089587
8,44,0.107043,0,0.12147561695951732
8,4499,0.092178,0,0.15023549095564967
8,4162,0.302505,0,0.2689380446003466
8,338,0.794181,0,0.8109452954137326
8,2837,0.176306,0,0.20164775089725845
8,5313,0.158659,0,0.2115547629660911
8,4028,0.522293,0,0.5441603275275405
8,1250,0.765873,0,0.5693597091995383
8,1245,0.080451,0,0.13129643972374008
8,5913,0.26763,0,0.620025018677808
8,809,0.202619,0,0.1918632916448668
8,3841,0.173499,0,0.2423742688504932
8,2614,0.848866,0,0.9164589096966851
8,994,0.572331,0,0.7084285983817795
8,5127,0.182524,0,0.09513535926214832
8,7255,0.562879,0,0.3276186089294721
8,3249,0.581921,0,0.25962281756567984
8,7046,0.419926,0,0.44205348526638005
8,333,0.660052,0,0.4684004305956089
8,5764,0.168906,0,0.30539043415678657
8,7489,0.56638,0,0.5199514231148386
8,2122,0.344853,0,0.3396238153800945
8,6949,0.456618,0,0.40325843889098023
8,6189,0.05599,0,0.06345305178722155
8,129,0.082198,0,0.14511027920848277
8,404,0.405778,0,0.45377141676385097
8,4211,0.472037,0,0.4908380033852912
8,2928,0.560464,0,0.5597094182117542
8,1511,0.112221,0,0.1920463806690626
8,3642,0.815214,0,0.6727987599379959
8,2064,0.620888,0,0.5123873958213813
8,1928,0.45539,0,0.29686302464234665
8,1222,0.077517,0,0.1301060257937556
8,5248,0.146304,0,0.1635837903662309
8,5975,0.116834,0,0.09857291336685604
8,6216,0.072273,0,0.21211490620248696
8,7278,0.042693,0,0.18448284605094242
8,6069,0.32661,0,0.3976605994049433
8,4745,0.049525,0,0.04279638288742357
8,2901,0.550455,0,0.49145274465926697
8,2093,0.321621,0,0.6614074404673936
8,4511,0.642407,0,0.7027940515479292
8,4702,0.006578,0,0.02371927504605825
8,6661,0.408545,0,0.4696707100989108
8,5452,0.027646,0,0.10049847356664995
8,6161,0.300644,0,0.22561975615866733
8,937,0.104721,0,0.1981363616143205
8,3179,0.417467,0,0.3290489187720832
8,2477,0.64769,0,0.6446558426162243
8,3307,0.30421,0,0.3958276707725845
8,7180,0.194219,0,0.24847767399576698
8,5070,0.12371,0,0.25953221163967155
8,1480,0.209804,0,0.16147098338122598
8,648,0.659254,0,0.7518178466584253
8,4799,0.343899,0,0.3797369087572861
8,2171,0.185234,0,0.21552352077155282
8,249,0.769437,0,0.5190393359909204
8,4163,0.29574,0,0.1630084175317878
8,2823,0.042722,0,0.08171902632908282
8,3684,0.116374,0,0.17768144480983938
8,2392,0.216156,0,0.2922590945554802
8,6206,0.640554,0,0.4879568747559395
8,2062,0.483237,0,0.6253329626477381
8,4748,0.226963,0,0.46141111236134347
8,2684,0.449279,0,0.3222506869643091
8,5983,0.35345,0,0.5617371278421114
8,3556,0.558256,0,0.524143918458681
8,3167,0.267615,0,0.2214412649112955
8,1207,0.171758,0,0.1513329706393535
8,4132,0.133771,0,0.15411718365535138
8,2971,0.394829,0,0.33407615903407306
8,6164,0.326069,0,0.2951920116829612
8,5558,0.365652,0,0.44795786574073465
8,6638,0.196036,0,0.4612009928336021
8,1962,0.337545,0,0.3320670321732037
8,1145,0.420612,0,0.42559278783627214
8,3209,0.38584,0,0.49999858291477756
8,375,0.753102,0,0.715921918611174
8,1266,0.229178,0,0.22516935977770167
8,5615,0.660321,0,0.6879166561582802
8,2300,0.262323,0,0.14986384795136207
8,5302,0.362872,0,0.5279989169317536
8,2584,0.592204,0,0.6969363977663554
8,3524,0.07831,0,0.1279582064717899
8,4169,0.047658,0,0.13673140069053483
8,6798,0.221267,0,0.2022428663829663
8,1001,0.835228,0,0.9060155112669452
8,1822,0.591184,0,0.5239731216257296
8,3759,0.091345,0,0.045922174734603055
8,6731,0.366074,0,0.2613887321515354
8,2283,0.087268,0,0.15730739752904688
8,2347,0.78673,0,0.702769620576442
8,2044,0.635615,0,0.4193856841691051
8,4254,0.586255,0,0.7010112500729497
8,6034,0.092295,0,0.18489133262350585
8,4667,0.444344,0,0.3746351704299356
8,970,0.201173,0,0.1261772984681663
8,5945,0.570254,0,0.49372751073840365
8,5019,0.176772,0,0.22799809209367336
8,4009,0.725314,0,0.5282761245883872
8,2478,0.55927,0,0.5250072079572539
8,6874,0.135686,0,0.07396279119580017
8,746,0.304902,0,0.20030485812965224
8,445,0.047435,0,0.13766488023445234
8,2079,0.779094,0,0.8335860949738274
8,5205,0.231359,0,0.4704143882003995
8,490,0.035451,0,0.044467787207757035
8,3349,0.483356,0,0.4681656848493941
8,3219,0.6027,0,0.36065865675566877
8,4522,0.597628,0,0.640463325351814
8,6196,0.078257,0,0.06921122314448237
8,896,0.032657,0,0.10561757613446474
8,7413,0.414974,0,0.4616514121439145
8,2080,0.049485,0,0.0766770784853589
8,6050,0.03212,0,0.058581995357374496
8,5607,0.687733,0,0.689518422327359
8,5671,0.339226,0,0.4164878313622779
8,4161,0.194683,0,0.23540660484250128
8,3228,0.157526,0,0.1794244413399912
8,3789,0.022579,0,0.0453531156927
8,4428,0.803715,0,0.881594033291202
8,4342,0.481603,0,0.4352921735706033
8,3820,0.306717,0,0.30098500233571646
8,4456,0.189819,0,0.12852068448104548
8,1810,0.118285,0,0.12984748116905592
8,7080,0.026827,0,0.06064565343665756
8,1534,0.672275,0,0.48475262349800424
8,2829,0.238854,0,0.13529607373541122
8,172,0.24539,0,0.37049927424967505
8,1660,0.054237,0,0.09942951808619904
8,2131,0.337553,0,0.2491193562906492
8,7487,0.266103,0,0.29333626854433187
8,3592,0.089521,0,0.11534680873722084
8,4907,0.36029,0,0.28569466331480126
8,1458,0.200919,0,0.24556549546725936
8,3840,0.633868,0,0.7065874299901247
8,1794,0.659678,0,0.5793916403482776
8,5300,0.180047,0,0.1449963319937624
8,2406,0.028378,0,0.07407033009215794
8,5004,0.12218,0,0.1038047011626008
8,4553,0.059054,0,0.07536775784085606
8,3708,0.02676,0,0.0708675607425294
8,5961,0.813597,0,0.8046361605038257
8,2830,0.057135,0,0.10511013459061043
8,3309,0.00463,0,0.012164768073760237
8,6293,0.38552,0,0.5253697374953336
8,6102,0.274321,0,0.31747256034108684
8,6917,0.372849,0,0.43419771451033257
8,5292,0.500448,0,0.601503614805779
8,7482,0.324264,0,0.40354554432173484
8,7115,0.075476,0,0.2510668764752009
8,1897,0.170104,0,0.1478881122421896
8,4141,0.086187,0,0.27955325049577223
8,544,0.821824,0,0.6596446440220949
8,5471,0.745386,0,0.8291042673914172
8,6041,0.140669,0,0.1437946213983989
8,581,0.336558,0,0.45877655074358104
8,7268,0.405629,0,0.33681621546634066
8,5504,0.162511,0,0.22037663186569348
8,3661,0.038688,0,0.10124283548992027
8,4815,0.209408,0,0.09772491747111499
8,4471,0.15563,0,0.18930838441428216
8,1700,0.169207,0,0.31084326638186177
8,2651,0.730709,0,0.7543826776595122
8,7193,0.483315,0,0.5490563821123351
8,3365,0.144518,0,0.2100953160310246
8,4036,0.49137,0,0.3348173553767743
8,6417,0.323469,0,0.3495519962053796
8,7346,0.68884,0,0.5491280017221775
8,6924,0.81015,0,0.7389760931527118
8,514,0.224827,0,0.3695312685739744
8,2739,0.507185,0,0.901769771597974
8,4386,0.365444,0,0.44415736940557116
8,6907,0.244283,0,0.2518869622694571
8,1941,0.315109,0,0.3533641954537499
8,0,0.399304,0,0.39757582582875217
8,5098,0.672103,0,0.47739216834670584
8,5269,0.049046,0,0.040686096528693975
8,3936,0.120529,0,0.17576995272758836
8,485,0.253146,0,0.1395257825994348
8,4372,0.519112,0,0.6183138929687594
8,6135,0.269449,0,0.4881954775014219
8,3457,0.39574,0,0.6162793560927855
8,4421,0.057574,0,0.10359231587683841
8,3450,0.545237,0,0.29061622132594506
8,7334,0.151909,0,0.15452437315931777
8,1329,0.212867,0,0.24439930412987995
8,7437,0.140712,0,0.2787307297804816
8,2649,0.32232,0,0.20644577886675336
8,5815,0.169738,0,0.09736836286261696
8,6530,0.018544,0,0.0793270106448323
8,4130,0.101306,0,0.1913880174827747
8,813,0.103968,0,0.14166618502781383
8,5179,0.645276,0,0.3668597353241544
8,1991,0.263237,0,0.3575084323852984
8,4911,0.115769,0,0.07781613418757624
8,5270,0.572114,0,0.5145508057183178
8,7078,0.348028,0,0.5115601923987443
8,4152,0.064075,0,0.13333029585987768
8,2499,0.557547,0,0.7097571979004119
8,659,0.109081,0,0.10797716553791946
8,6051,0.538893,0,0.2566593201349106
8,6549,0.305497,0,0.32294663179783933
8,4763,0.810668,0,0.5199220663922617
8,24,0.159633,0,0.2861048101523897
8,7302,0.05443,0,0.05273505354090958
8,3503,0.369802,0,0.5489881903397353
8,5685,0.547985,0,0.3004774977477621
8,5884,0.054914,0,0.16465022186098976
8,5535,0.138919,0,0.19411627527511072
8,2562,0.357239,0,0.3586080235922893
8,2278,0.323995,0,0.3990443642383969
8,4295,0.511114,0,0.3860478572063135
8,7390,0.558838,0,0.4447143142905373
8,1134,0.675292,0,0.5354413561447998
8,206,0.185042,0,0.1665165706854375
8,217,0.641056,0,0.6831074995582153
8,3753,0.174183,0,0.19037253203000706
8,2086,0.824996,0,0.6686966959093023
8,6173,0.161651,0,0.20881051053007618
8,6175,0.80786,0,0.6796830867702088
8,6860,0.816093,0,0.6172655848544882
8,5538,0.278839,0,0.4357168826314935
8,3300,0.422443,0,0.5270356211653447
8,5745,0.404154,0,0.30985798856708036
8,4592,0.276328,0,0.3984858984641577
8,960,0.751277,0,0.7253802291394967
8,3057,0.27384,0,0.5243893376819646
8,53,0.831441,0,0.7602451997857891
8,6542,0.494732,0,0.6522093618737697
8,5069,0.158191,0,0.21063654056948658
8,31,0.514678,0,0.4465823017296372
8,1190,0.653851,0,0.4086529671001117
8,4699,0.468844,0,0.38017122942982745
8,1185,0.11496,0,0.14634858883698157
8,3952,0.563209,0,0.648897467100857
8,3007,0.596083,0,0.5611697954841053
8,5450,0.220139,0,0.3978633309101257
8,441,0.146762,0,0.2917161892561174
8,5343,0.03347,0,0.05192446421023447
8,1960,0.672789,0,0.5402707215765007
8,7267,0.536569,0,0.5011530993436103
8,6831,0.195189,0,0.219712901615217
8,4133,0.358574,0,0.3484652871957834
8,3929,0.237399,0,0.32931318083195354
8,3564,0.81522,0,0.5348225798898233
8,383,0.722558,0,0.701610798918209
8,7305,0.410215,0,0.43595173524422187
8,3617,0.038687,0,0.06592442677556369
8,5030,0.546111,0,0.4332506163917884
8,6499,0.044608,0,0.04564145325986623
8,6843,0.798696,0,0.5985189143771446
8,4128,0.017141,0,0.046989785775703126
8,987,0.135606,0,0.4000462291823879
8,6785,0.268221,0,0.31473666295464847
8,2573,0.073549,0,0.1207537766642775
8,1595,0.799872,0,0.7908509084974015
8,2431,0.253988,0,0.28355214057002726
8,4120,0.841588,0,0.9631931516747267
8,6497,0.014773,0,0.049261336678190534
8,4109,0.122924,0,0.21499671242313367
8,3050,0.775649,0,0.6759544243009131
8,7283,0.686658,0,0.4943902931401074
8,5948,0.12956,0,0.11877833306095383
8,6526,0.288419,0,0.16849492016761172
8,819,0.057995,0,0.16462702911922875
8,2371,0.095961,0,0.14012417940178987
8,661,0.585348,0,0.4805921180417697
8,4700,0.181072,0,0.28106761503636957
8,2330,0.558943,0,0.6782435547780421
8,7016,0.302681,0,0.27331559829530094
8,4317,0.092574,0,0.11108517838802748
8,666,0.101283,0,0.24854992402586962
8,3638,0.239705,0,0.36011541191348573
8,7092,0.352235,0,0.3288322547607075
8,2741,0.178196,0,0.18627305264168653
8,5126,0.089919,0,0.1159250192974667
8,891,0.09179,0,0.17816553782620292
8,4945,0.064565,0,0.12927670091348148
8,157,0.815973,0,0.7918846986586603
8,1052,0.706779,0,0.5988535453087006
8,1680,0.317826,0,0.28121974082368717
8,3339,0.473612,0,0.5321630638315179
8,5380,0.620771,0,0.5911364369681961
8,5035,0.246885,0,0.40937123677994414
8,1744,0.57463,0,0.5762059959188384
8,4051,0.153464,0,0.11913340929326541
8,3986,0.456115,0,0.413177118783501
8,5900,0.531198,0,0.3527191790640143
8,4090,0.072688,0,0.18320276608695282
8,2146,0.517717,0,0.4092484233828112
8,5791,0.549949,0,0.25920656014334514
8,1902,0.610547,0,0.7493409224642194
8,6351,0.630952,0,0.4807592925963388
8,3184,0.087387,0,0.12357913738195779
8,1291,0.372831,0,0.25727029304761045
8,4923,0.052966,0,0.18465064360715408
8,2394,0.449063,0,0.45369572093750715
8,6425,0.113962,0,0.13204691419783834
8,526,0.027035,0,0.0922044863519221
8,3932,0.095287,0,0.17399261786316644
8,2174,0.374227,0,0.4051367202203376
8,1242,0.359041,0,0.28612999255705723
8,2847,0.12022,0,0.1783990073467554
8,2107,0.047414,0,0.14665834567834626
8,197,0.05567,0,0.05053198743364703
8,3253,0.040485,0,0.07945173734417535
8,7257,0.291083,0,0.13141235308965232
8,4362,0.363094,0,0.4878434638427147
8,1369,0.333084,0,0.2295661928839594
8,3348,0.608006,0,0.7525204183366713
8,1816,0.390002,0,0.48527214872780516
8,1013,0.127278,0,0.2403186605078463
8,7493,0.334847,0,0.46826729569034026
8,3494,0.189011,0,0.15925150925514073
8,782,0.414601,0,0.4769311995829829
8,2628,0.305956,0,0.3538703836014056
8,4785,0.241497,0,0.27697852503517784
8,1741,0.835815,0,0.8275294810284793
8,694,0.296283,0,0.2564346089906764
8,6473,0.815693,0,0.8312133556613494
8,1777,0.0269,0,0.05606290122470435
8,6835,0.182681,0,0.24221276018422466
8,3781,0.461953,0,0.3621758001367981
8,5723,0.393554,0,0.5692252182190297
8,2604,0.232902,0,0.23363825531579213
8,5276,0.425894,0,0.32542625793643415
8,6712,0.426485,0,0.19996100225478447
8,3864,0.015173,0,0.03166633383351534
8,7068,0.049961,0,0.08188344989205686
8,635,0.058509,0,0.08983991891052856
8,966,0.360324,0,0.17719103782501977
8,2910,0.470876,0,0.5968095187197187
8,3022,0.296288,0,0.330946641586412
8,6266,0.786139,0,0.5433169277509093
8,7150,0.300732,0,0.4321714331416533
8,4894,0.835396,0,0.8796317453795118
8,2097,0.377662,0,0.5919489338168054
8,1693,0.42703,0,0.5297508159457969
8,757,0.385783,0,0.11748319653151734
8,1771,0.078661,0,0.18963862964015976
8,853,0.171768,0,0.1655975466608277
8,1594,0.050752,0,0.04300289151859957
8,2936,0.070748,0,0.10047123090251353
8,6527,0.030387,0,0.058281738856273926
8,1803,0.199931,0,0.2050609671234871
8,3895,0.147809,0,0.20710763731916204
8,7273,0.770481,0,0.6713610197909121
8,550,0.1608,0,0.21622538311226883
8,6627,0.686074,0,0.5644356244194942
8,4903,0.408403,0,0.5381110344256442
8,928,0.125504,0,0.27169211888546013
8,7429,0.07865,0,0.06022978781204478
8,6433,0.82005,0,0.691231826220604
8,3723,0.73469,0,0.6574416178353766
8,5339,0.639244,0,0.25830522189557703
8,6212,0.230098,0,0.3455965973237843
8,6555,0.327507,0,0.487696126300778
8,6410,0.241379,0,0.31885663557234367
8,1525,0.487673,0,0.3582024608925187
8,4653,0.180554,0,0.1326314036007014
8,2944,0.260382,0,0.2745047048462739
8,3620,0.255091,0,0.17299049089859517
8,5752,0.634764,0,0.6416342089602998
8,4938,0.388827,0,0.27469606243676875
8,4939,0.239126,0,0.2406127863149607
8,5396,0.646786,0,0.6064685586323029
8,7375,0.443147,0,0.4730179103907533
8,4396,0.085878,0,0.10834551187231055
8,1223,0.816375,0,0.7992856230639391
8,2553,0.214835,0,0.1676174710756911
8,5247,0.10261,0,0.2431191922347279
8,4961,0.170463,0,0.22355702959061682
8,1975,0.206893,0,0.22113753066053987
8,1714,0.41122,0,0.4841318080598866
8,1535,0.232406,0,0.1620388802058464
8,6199,0.289371,0,0.17780141920805753
8,3394,0.464689,0,0.5554099187508581
8,2787,0.800057,0,0.6556336027745823
8,2892,0.667378,0,0.6781691005076402
8,5200,0.338683,0,0.33941068636505484
8,3261,0.415969,0,0.5157840408876101
8,1764,0.283096,0,0.29709022013392306
8,1626,0.535257,0,0.19964665219548516
8,4186,0.457165,0,0.2722926991045278
8,7310,0.392926,0,0.31408962292534165
8,839,0.268738,0,0.18639174304491635
8,5469,0.248286,0,0.2616480123734188
8,1082,0.192746,0,0.2828051754347427
8,2879,0.080562,0,0.11162255286328061
8,5632,0.259475,0,0.2661787735614818
8,6621,0.11073,0,0.28378864448324853
8,7200,0.757044,0,0.9396196556822292
8,3332,0.495719,0,0.5898073685867827
8,787,0.344956,0,0.4068886259701695
8,5775,0.334556,0,0.32383423103336584
8,7083,0.477626,0,0.4672036817876554
8,4637,0.113598,0,0.10636314793126167
8,4722,0.05763,0,0.1460483954083103
8,5954,0.41266,0,0.37332252763909884
8,4772,0.203117,0,0.14804125708462768
8,343,0.104666,0,0.21657919433983183
8,293,0.719395,0,0.8725879314050791
8,4408,0.097603,0,0.056967664779044726
8,6608,0.212776,0,0.34919739710979086
8,4406,0.565208,0,0.34662060947694034
8,4056,0.151979,0,0.25113859767491403
8,628,0.275977,0,0.25913632917536633
8,4217,0.692517,0,0.44346841410044757
8,3212,0.345242,0,0.4118051553331491
8,2373,0.836215,0,0.7774536390232439
8,4071,0.816597,0,0.8063837008848885
8,5285,0.418445,0,0.2755725003621297
9,5013,0.988823,1,0.9814285117254681
9,649,0.998966,1,0.9961804166738374
9,3521,0.952756,1,0.9269267119082989
9,5994,0.998943,1,0.9980010846587468
9,5517,0.879921,1,0.9089545754840173
9,1657,0.995114,1,0.9926517748333322
9,6350,0.991613,1,0.9898567449647001
9,7372,0.997376,1,0.9968059867938746
9,1027,0.992232,1,0.9836905545643311
9,5040,0.909041,1,0.9426828338318822
9,3153,0.904122,1,0.9145102534365069
9,71,0.886461,1,0.8225092883908054
9,5481,0.999864,1,0.999411141870231
9,5825,0.996639,1,0.9877516443944522
9,598,0.894647,1,0.8390320232921328
9,6346,0.894002,1,0.8057864951294945
9,4368,0.993012,1,0.990512546211732
9,5,0.881451,1,0.8925481165021372
9,377,0.868633,1,0.900538361225221
9,5503,0.85776,1,0.8836168258160972
9,4570,0.987994,1,0.9697080384426647
9,1575,0.999914,1,0.9997754795782736
9,715,0.999207,1,0.9988546067150752
9,2647,1.0,1,0.9999973749591452
9,2536,0.987161,1,0.9821325104687564
9,4378,0.961843,1,0.9428102867871417
9,4323,0.951815,1,0.957397433803042
9,6193,0.999882,1,0.9983476554779086
9,4709,0.884984,1,0.829072754688839
9,5551,0.949021,1,0.9057494871357782
9,7087,0.987628,1,0.9603585715807254
9,5379,0.937889,1,0.8967772236248273
9,2491,0.900535,1,0.8244722504973497
9,6791,0.897872,1,0.8454669170563615
9,1884,0.996448,1,0.9929585075738426
9,4810,0.999554,1,0.9984255515888067
9,7248,0.985424,1,0.9855746016101258
9,5844,0.883427,1,0.7944997963430708
9,2669,0.999426,1,0.9979131574709965
9,558,1.0,1,0.9999999339782216
9,6876,0.996593,1,0.993017531862471
9,4652,0.986933,1,0.9834762697853875
9,2380,0.998244,1,0.9956854697097659
9,118,0.99994,1,0.9999079854941751
9,3709,1.0,1,0.9999969401569918
9,4383,0.999978,1,0.9999253406610102
9,7161,1.0,1,0.999998711138389
9,5422,0.99999,1,0.9999790368763188
9,1288,1.0,1,0.9999989085895854
9,6086,0.914201,1,0.8435344573276488
9,2481,0.902335,1,0.9521997924793549
9,3894,0.999968,1,0.9998792937221924
9,4568,0.95577,1,0.9344177220902177
9,2552,0.956346,1,0.9462041592140386
9,6578,0.991145,1,0.985291971228728
9,5423,0.952861,1,0.9534171915747666
9,1776,0.999546,1,0.9985238916175347
9,311,0.996941,1,0.9918108352428393
9,2479,0.996521,1,0.9948513085649273
9,2648,0.98864,1,0.9793947059625919
9,4747,0.992609,1,0.9701686560014037
9,2824,0.989986,1,0.9909545780911985
9,1690,0.996485,1,0.9936451615097472
9,427,0.882934,1,0.8122651257319908
9,4447,0.888122,1,0.840085071769579
9,899,0.85457,1,0.935830116584823
9,5973,0.999372,1,0.9978788962018516
9,5644,0.997204,1,0.996534962902373
9,376,0.999579,1,0.9990797785002298
9,4801,0.864481,1,0.7471355351315168
9,3115,0.995766,1,0.9924642754182852
9,4641,0.996971,1,0.9856483454742748
9,2402,0.999999,1,0.9999953617541197
9,5856,0.872413,1,0.7719661490350828
9,7186,0.998614,1,0.9935400263733419
9,2570,0.901799,1,0.7817714997532157
9,1000,0.992901,1,0.99086878277471
9,6504,0.988781,1,0.9822017621562308
9,3766,0.997743,1,0.9911252351380323
9,4325,0.871905,1,0.8770595062410811
9,4560,0.980325,1,0.9723149394134656
9,1321,0.995524,1,0.9878822693951277
9,6116,0.901023,1,0.776878501563876
9,4758,0.886366,1,0.7423792114663353
9,5327,0.974782,1,0.9737921784689518
9,5588,0.982156,1,0.9670224482204103
9,6087,0.04439,0,0.036145780455061345
9,2828,0.105212,0,0.17038524754376244
9,7140,0.240938,0,0.12118921630078229
9,2794,0.39289,0,0.1809797200881215
9,5047,0.265455,0,0.35023297012359456
9,2586,0.062108,0,0.18198013813431105
9,227,0.546616,0,0.5122971239055909
9,378,0.693744,0,0.5434927282270867
9,5804,0.050843,0,0.10664225206325871
9,430,0.179297,0,0.19777557192779624
9,230,0.602328,0,0.650256371131243
9,5419,0.761455,0,0.9049520743857609
9,215,0.702662,0,0.6950118584553825
9,3441,0.238579,0,0.1817315832000606
9,5120,0.264765,0,0.2632436085151318
9,5669,0.56517,0,0.6410096098458519
9,1729,0.131269,0,0.19649242803549435
9,5358,0.293106,0,0.4666737398721469
9,4806,0.286467,0,0.2921286380345885
9,4127,0.372477,0,0.3076035463591532
9,5798,0.043239,0,0.0704972757130667
9,6022,0.035561,0,0.11623812124638166
9,3981,0.780672,0,0.49185588904029864
9,5842,0.09843,0,0.19095274509964494
9,4076,0.04501,0,0.15254954373005655
9,4643,0.71739,0,0.6883022285203929
9,726,0.757045,0,0.7245319446900331
9,5681,0.662726,0,0.3971703550291912
9,5078,0.440532,0,0.2914707574521012
9,424,0.223622,0,0.12205959137865796
9,1300,0.435993,0,0.3780368136853285
9,4888,0.135809,0,0.2183525818055465
9,2119,0.417746,0,0.4079097782019306
9,1055,0.734131,0,0.7099583384220985
9,1625,0.01353,0,0.05027656843132161
9,4207,0.785061,0,0.648996471088578
9,7407,0.084489,0,0.16454136199583255
9,2712,0.124867,0,0.1008732448331649
9,607,0.716579,0,0.8444339184108163
9,5274,0.841884,0,0.7627815724535486
9,2690,0.323901,0,0.5375631637649492
9,5322,0.030614,0,0.041130057165062184
9,2752,0.430409,0,0.29616418898696895
9,5600,0.079459,0,0.0791027088130176
9,2083,0.608517,0,0.7059523458100249
9,1681,0.030139,0,0.051536815557671076
9,7443,0.141289,0,0.187075425602744
9,4267,0.307753,0,0.2972100680924544
9,3966,0.083875,0,0.04660190890034758
9,1726,0.323587,0,0.26495529425304826
9,3819,0.398839,0,0.27619527003318356
9,6420,0.444884,0,0.40455721958656415
9,4698,0.726819,0,0.7302412852424407
9,2397,0.353275,0,0.37622529016997364
9,1977,0.112995,0,0.25230347180337775
9,4705,0.192202,0,0.23653713658840672
9,6112,0.259592,0,0.16008868221222497
9,2618,0.454855,0,0.5176716832170817
9,6682,0.692363,0,0.6178036181250697
9,6921,0.816111,0,0.7836136586248548
9,1273,0.177487,0,0.24848401182402316
9,4827,0.061961,0,0.07715938831036426
9,3120,0.694947,0,0.5334735509567062
9,1612,0.292874,0,0.432385142503409
9,1308,0.044698,0,0.1126138920103833
9,7490,0.413112,0,0.365485270439667
9,7237,0.144969,0,0.13575703949279525
9,680,0.661598,0,0.5192603083633681
9,5930,0.173678,0,0.311493695094108
9,4261,0.038103,0,0.11199326121339744
9,1677,0.212863,0,0.35660145253733483
9,6043,0.460295,0,0.3758924418219852
9,596,0.652804,0,0.5074558709039451
9,1475,0.018784,0,0.04171079698519734
9,4625,0.201787,0,0.12532998681316987
9,7129,0.38948,0,0.48618285837481007
9,4650,0.297387,0,0.3663691851146509
9,4585,0.748778,0,0.755081242849354
9,410,0.457523,0,0.5021482936500499
9,3028,0.220041,0,0.35825469021236545
9,7135,0.133526,0,0.13962293051979588
9,7344,0.019922,0,0.04226453898859092
9,586,0.102427,0,0.10293836785931719
9,1292,0.536229,0,0.5931686339692825
9,5720,0.032661,0,0.05098996973285783
9,4064,0.013673,0,0.03237548570166106
9,4092,0.601311,0,0.4107855279796924
9,2358,0.436453,0,0.44237663233253854
9,1720,0.493842,0,0.5407302690374272
9,6026,0.12527,0,0.10433136397459665
9,3476,0.157919,0,0.3181137463280073
9,6146,0.214274,0,0.11392967697293542
9,5676,0.269423,0,0.16116755835553828
9,689,0.468258,0,0.39861382930225236
9,3653,0.35519,0,0.33271296019902763
9,2960,0.139567,0,0.213262531961057
9,2012,0.150539,0,0.2477603318733629
9,6056,0.181395,0,0.28817222338715964
9,915,0.180689,0,0.3089770333354683
9,29,0.485548,0,0.3948062899983979
9,463,0.564552,0,0.3579844751051048
9,4422,0.443738,0,0.5729427092886319
9,6489,0.372005,0,0.3193644528985106
9,1944,0.009069,0,0.03586227880799097
9,1564,0.465119,0,0.27401432105090345
9,4167,0.153743,0,0.20460296445982296
9,7232,0.142571,0,0.0874765309814041
9,4947,0.123283,0,0.2551321519479719
9,223,0.630866,0,0.48899748413928046
9,6694,0.034394,0,0.06337858433299681
9,3276,0.100421,0,0.15078249987288006
9,6348,0.202807,0,0.23232644960764168
9,6449,0.490084,0,0.5352183894454074
9,6366,0.063007,0,0.07806037840366387
9,5275,0.789789,0,0.593492043223908
9,1508,0.192748,0,0.41712303739374124
9,2229,0.116288,0,0.2082377240048979
9,4598,0.075329,0,0.19885047624745372
9,7457,0.199656,0,0.392775480158866
9,4552,0.066799,0,0.10920860127910689
9,808,0.282211,0,0.32711704583561085
9,4905,0.696538,0,0.5578542109234085
9,6197,0.247613,0,0.14956775198592678
9,2321,0.458196,0,0.5136633823594838
9,4171,0.425414,0,0.549897333139219
9,5012,0.053432,0,0.18199774558369158
9,4756,0.551418,0,0.6181829636332505
9,331,0.430013,0,0.4392923355879005
9,703,0.209103,0,0.21613915389899638
9,3125,0.194829,0,0.2330359637682304
9,4680,0.36469,0,0.3749389100021196
9,6513,0.03034,0,0.06248420295372248
9,5894,0.725231,0,0.6440373601230102
9,4997,0.027881,0,0.06679141947194632
9,4987,0.664146,0,0.7151511060354441
9,1553,0.337499,0,0.20894549234057605
9,449,0.814482,0,0.9031327376315579
9,17,0.044971,0,0.09996548537566478
9,7466,0.474867,0,0.72348968308507
9,498,0.3748,0,0.22647842805511953
9,3873,0.12848,0,0.11477237019782872
9,1338,0.68843,0,0.8803665247410963
9,4857,0.712449,0,0.7672118033624983
9,6044,0.535402,0,0.37477895482496243
9,3737,0.166737,0,0.24324222028118736
9,2056,0.007378,0,0.05137687215592981
9,6750,0.118873,0,0.30202851075120357
9,5554,0.015169,0,0.04577216533970155
9,5947,0.125064,0,0.18698521514926353
9,2810,0.634309,0,0.6953073373788471
9,6234,0.63691,0,0.5631953860553057
9,4420,0.294635,0,0.3814005981426898
9,5896,0.180275,0,0.33766993058556816
9,4974,0.244694,0,0.21698723780401474
9,7017,0.189922,0,0.25204089698563675
9,6078,0.107562,0,0.2239119714039803
9,2676,0.653577,0,0.5496144513355221
9,3079,0.770206,0,0.7371923919390394
9,4732,0.109128,0,0.34578806539682594
9,6219,0.228035,0,0.283003296188361
9,7157,0.537357,0,0.7417560582698669
9,6501,0.706109,0,0.47749341644219206
9,6879,0.154192,0,0.2619309096888697
9,1533,0.652254,0,0.48326841272595655
9,1362,0.032331,0,0.08911997521738989
9,1593,0.151221,0,0.27053081034379145
9,1478,0.448305,0,0.39779029641818864
9,1799,0.142619,0,0.17398814325174206
9,522,0.805559,0,0.8313642220268432
9,3189,0.653531,0,0.6955196422986065
9,568,0.681446,0,0.915199357634365
9,2678,0.529623,0,0.28828208101589725
9,1344,0.05425,0,0.12060626068823598
9,6064,0.267919,0,0.2952171459222716
9,4605,0.240625,0,0.31409284340418325
9,3181,0.396653,0,0.17501427256017613
9,4508,0.715501,0,0.672436801708371
9,87,0.207528,0,0.2884164734285851
9,5119,0.302774,0,0.3993172326776649
9,580,0.178837,0,0.3288755363908528
9,3296,0.629449,0,0.5102241402755685
9,4691,0.387039,0,0.17512923751249246
9,73,0.844441,0,0.8732865351845843
9,41,0.714903,0,0.3270628052069884
9,1648,0.251443,0,0.38481068787562933
9,3017,0.453245,0,0.414804603458331
9,1476,0.56391,0,0.3690274634988376
9,4110,0.19,0,0.20067746857559574
9,1451,0.329769,0,0.46498589833677273
9,2951,0.035197,0,0.1029937338847897
9,4879,0.434848,0,0.35775094247702804
9,4580,0.814551,0,0.7513596368765381
9,1297,0.180512,0,0.21339183841002984
9,2,0.080938,0,0.07542432250945877
9,4050,0.138696,0,0.1835095900243841
9,5857,0.834784,0,0.8411667460230459
9,1211,0.025072,0,0.1406646795995018
9,2703,0.365513,0,0.2626390079147718
9,6688,0.287082,0,0.2854923682927582
9,2344,0.440521,0,0.5497412799295729
9,1792,0.848796,0,0.7011909132366059
9,7498,0.598377,0,0.3857178230378595
9,6679,0.273802,0,0.4672650026353986
9,529,0.217299,0,0.23864290175431993
9,3404,0.825873,0,0.6759523716825097
9,4590,0.759956,0,0.4583222853026885
9,4623,0.782909,0,0.8487829494868542
9,5828,0.21027,0,0.161745286999058
9,3654,0.227497,0,0.2501596780269302
9,3712,0.186886,0,0.3551041493452837
9,2242,0.106103,0,0.2773292522472431
9,7183,0.721015,0,0.561102645440611
9,1498,0.096328,0,0.13783996850764757
9,4696,0.278429,0,0.12470447597121995
9,1044,0.448011,0,0.3654350763499588
9,6353,0.099357,0,0.15663642439084025
9,6304,0.758749,0,0.6831373434030867
9,4675,0.123265,0,0.2790719108128331
9,5303,0.38858,0,0.37666675433521674
9,6444,0.398183,0,0.26793888271984007
9,6609,0.456631,0,0.4610296851893953
9,7348,0.567851,0,0.6148547218550079
9,5201,0.196815,0,0.171601644437405
9,7218,0.271844,0,0.303870909599859
9,184,0.543123,0,0.48560094626313194
9,5226,0.002825,0,0.008158798611631213
9,725,0.019184,0,0.014368098945691864
9,1602,0.672571,0,0.5063698347265235
9,6668,0.809318,0,0.8270009309936612
9,2099,0.010734,0,0.05536658803840001
9,2047,0.189975,0,0.19614615449097847
9,2633,0.024572,0,0.06910029885346268
9,5290,0.369833,0,0.3522493935057626
9,1656,0.085831,0,0.08410219958267857
9,7003,0.34455,0,0.4977074716035247
9,4736,0.314489,0,0.5513308088708536
9,6202,0.098489,0,0.20412942548570767
9,6647,0.061138,0,0.1116424674657232
9,3102,0.838695,0,0.8049484384296266
9,6389,0.521743,0,0.3582905850619465
9,6613,0.832176,0,0.8229583981706063
9,6407,0.151632,0,0.2612290482072896
9,2572,0.022005,0,0.08379982786835558
9,3980,0.053398,0,0.058556667248319344
9,2542,0.074227,0,0.11389561220335344
9,6704,0.10662,0,0.22683364130457953
9,6031,0.125549,0,0.16880786935227898
9,678,0.201403,0,0.21687234207223174
9,1618,0.122622,0,0.1499167300076151
9,6926,0.599234,0,0.5615606139838921
9,209,0.356125,0,0.36253716645405104
9,802,0.599334,0,0.6102630069317286
9,6601,0.057624,0,0.109010944597546
9,6468,0.472937,0,0.6306296260722282
9,2024,0.20234,0,0.28274855846255714
9,5170,0.547516,0,0.3342585668140104
9,2745,0.306365,0,0.27443712479859506
9,2650,0.740527,0,0.6959517271604971
9,3239,0.200619,0,0.3022363331266328
9,1592,0.047238,0,0.07224554015031398
9,4067,0.602457,0,0.422490584287187
9,979,0.136105,0,0.23906357755931337
9,4269,0.217886,0,0.21776435149362255
9,275,0.15593,0,0.22291820328037554
9,5565,0.795172,0,0.6339915584333471
9,5926,0.125638,0,0.18326747510200975
9,5203,0.809188,0,0.8814853230497002
9,128,0.132159,0,0.17861420761758146
9,1832,0.132816,0,0.18021146513013903
9,1043,0.033958,0,0.049658191691771054
9,3805,0.213949,0,0.06823869420531821
9,55,0.296767,0,0.39862076899324417
9,5683,0.293954,0,0.26302087915322614
9,3547,0.052998,0,0.13632678753844507
9,5335,0.017783,0,0.08237771306313402
9,1663,0.52413,0,0.35470328407230617
9,6928,0.215815,0,0.22816923516698576
9,3159,0.590662,0,0.5800424518931175
9,7279,0.603485,0,0.39366787741822906
9,1667,0.660434,0,0.6104846527900555
9,640,0.071365,0,0.1111311967674577
9,3762,0.705595,0,0.7167869680165223
9,2316,0.170808,0,0.12258868937575254
9,4370,0.729541,0,0.6837402654292175
9,4891,0.799611,0,0.6255969956011255
9,4416,0.085745,0,0.12797847349559582
9,3352,0.471423,0,0.3129106366249816
9,712,0.082541,0,0.10608423851030642
9,696,0.526362,0,0.3712434887135916
9,3168,0.749073,0,0.90339978318322
9,2912,0.732107,0,0.6905452489674279
9,5151,0.285333,0,0.20521324952324035
9,1127,0.065185,0,0.10672442289323027
9,1707,0.285286,0,0.407951604310668
9,850,0.233731,0,0.2421830170430639
9,905,0.800928,0,0.7239981798747177
9,2626,0.704747,0,0.7778108519687162
9,2220,0.336968,0,0.4039279233967014
9,3535,0.33956,0,0.3166697548364706
9,1294,0.441591,0,0.3324119571232498
9,2028,0.256242,0,0.21096335881037867
9,1016,0.132513,0,0.15925952347665212
9,6651,0.443781,0,0.41824578486313807
9,4468,0.210354,0,0.3750059623914111
9,2065,0.032938,0,0.04193993978850231
9,3317,0.489172,0,0.3968055474659279
9,6281,0.533664,0,0.6476676880820894
9,3402,0.392918,0,0.312631466329111
9,6328,0.726478,0,0.9015932940821199
9,6010,0.057268,0,0.09434149468938366
9,2880,0.513199,0,0.5109718358630233
9,4784,0.394893,0,0.42054382299521864
9,4023,0.447134,0,0.31681992319481317
9,3177,0.786133,0,0.8504912111614102
9,6576,0.364974,0,0.31383545901700866
9,4173,0.02054,0,0.10415979518504109
9,2072,0.734296,0,0.7074480175240155
9,2375,0.042158,0,0.13179773731020197
9,7048,0.722515,0,0.8625596829272909
9,7404,0.036821,0,0.08194096530623135
9,7145,0.282594,0,0.2227768361325736
9,5663,0.357823,0,0.3765872236643243
9,4726,0.219632,0,0.24990618469188422
9,5399,0.156379,0,0.17955524881261942
9,3298,0.388434,0,0.451204570528876
9,2888,0.751354,0,0.6167890903234686
9,5107,0.545997,0,0.2503420642900461
9,7039,0.045676,0,0.05014883557357238
9,5655,0.231708,0,0.20979483579329944
9,7169,0.072989,0,0.06983306923992161
9,6140,0.241761,0,0.4160380832494682
9,5691,0.422344,0,0.44470613596696296
9,7093,0.779242,0,0.6462798014665222
9,4956,0.383912,0,0.4015402958376941
9,921,0.094385,0,0.1347227427608276
9,4089,0.599442,0,0.42097434512161663
9,1210,0.731007,0,0.7053735424332214
9,4164,0.051551,0,0.08874514697745638
9,3497,0.293794,0,0.3842054846181082
9,4074,0.708817,0,0.7467599274688717
9,1153,0.087993,0,0.2144069045060179
9,4737,0.611007,0,0.5627033628601359
9,3059,0.823474,0,0.5785932682989415
9,7335,0.332606,0,0.2300312002883177
9,5470,0.351195,0,0.40622544032661567
9,1450,0.791877,0,0.7946993273452321
9,1275,0.208424,0,0.313024659224287
9,1021,0.244275,0,0.27130606812048297
9,4221,0.370219,0,0.3401395732840821
9,7207,0.116804,0,0.3558058700026269
9,4404,0.643102,0,0.5661402185302857
9,2376,0.832868,0,0.7513562789562523
9,7388,0.140475,0,0.0971574157877191
9,5695,0.44657,0,0.5142577512806266
9,3407,0.170433,0,0.27260108141967426
9,1261,0.248764,0,0.3423987357130598
9,912,0.295652,0,0.2837496255447878
9,137,0.725557,0,0.7379275417181963
9,2123,0.461286,0,0.33468080663635374
9,1335,0.30532,0,0.24602993221140812
9,4828,0.361035,0,0.5537681391252716
9,4272,0.450605,0,0.41036865858315397
9,5577,0.100443,0,0.27417686690526794
9,6830,0.694777,0,0.7926181675201193
9,4304,0.078493,0,0.2668029301288915
9,2266,0.362162,0,0.2694747767628425
9,5672,0.391241,0,0.4662337544581369
9,3481,0.413678,0,0.597475685614425
9,5571,0.787954,0,0.6515242225906744
9,2860,0.218903,0,0.33503554006921415
9,111,0.346669,0,0.31379402041826143
9,130,0.580718,0,0.6253937571816078
9,2726,0.531557,0,0.48871429521563137
9,6432,0.782084,0,0.6481761428037386
9,5108,0.02614,0,0.05596383277274061
9,5424,0.836283,0,0.9387869192987477
9,6437,0.794268,0,0.8691656849951148
9,4219,0.056641,0,0.029034648263562623
9,5410,0.140116,0,0.2793356582188222
9,3490,0.626991,0,0.6446681558449463
9,539,0.061264,0,0.13026293465908312
9,4203,0.811414,0,0.5123165445878133
9,6365,0.06401,0,0.17891238779070456
9,3951,0.218522,0,0.3410956665267831
9,258,0.475458,0,0.33079241565643386
9,3580,0.239578,0,0.20934853087389538
9,2538,0.515325,0,0.6653341991155431
9,1845,0.13975,0,0.19918481557929257
9,5341,0.129307,0,0.1601126402672701
9,4501,0.101941,0,0.1880062342521317
9,4642,0.110091,0,0.2281479537449559
9,1474,0.115414,0,0.14062499432534858
9,2728,0.279362,0,0.2473449726870721
9,6372,0.477845,0,0.5261586714539912
9,6718,0.214432,0,0.3282229983310486
9,4224,0.303517,0,0.25299273448619863
9,2492,0.301415,0,0.4284737797510635
9,6547,0.126985,0,0.14281334542019136
9,775,0.2003,0,0.2724991673064819
9,3408,0.297018,0,0.3121158432224648
9,2391,0.402148,0,0.34013389232854335
9,3742,0.190344,0,0.22791692473211145
9,7438,0.470832,0,0.25165084125981513
9,2268,0.032114,0,0.06196765971629006
9,3311,0.159627,0,0.23792819881331273
9,6774,0.034496,0,0.11647078856394802
9,439,0.007869,0,0.020817782593343413
9,1961,0.219019,0,0.3224467584594393
9,3525,0.206647,0,0.16784487873523393
9,72,0.829837,0,0.8747398957721996
9,1113,0.561723,0,0.6568364262039795
9,6502,0.074879,0,0.17088153089386748
9,5689,0.056063,0,0.10060696059318068
9,5277,0.081196,0,0.14649428498799635
9,4328,0.524222,0,0.5394358753283396
9,149,0.272734,0,0.25726002872461595
9,3510,0.169838,0,0.1889274421409312
9,3869,0.195514,0,0.27814530737892407
9,2201,0.347923,0,0.26425722038188654
9,5833,0.355314,0,0.24203137928754057
9,3609,0.028808,0,0.04774695165945255
9,7312,0.168588,0,0.30729306510087867
9,2903,0.492071,0,0.5480849678254007
9,3182,0.435515,0,0.47979783707065116
9,2920,0.631326,0,0.6675736122352485
9,6814,0.795491,0,0.6993666743451549
9,2749,0.666125,0,0.6338766262942884
9,561,0.015379,0,0.02892247089301178
9,4542,0.05525,0,0.09209748383391302
9,7125,0.807344,0,0.48796686688283736
9,7233,0.05422,0,0.12247372426015905
9,9,0.247161,0,0.21302848003920352
9,2247,0.210005,0,0.26955673856873463
9,6543,0.363586,0,0.31733836296433365
9,1447,0.220489,0,0.2642735326265458
9,5131,0.338011,0,0.2865892228967431
9,5760,0.715574,0,0.6128769970673353
9,2202,0.067406,0,0.20115824676320565
9,1686,0.076524,0,0.11214486236039853
9,4840,0.359103,0,0.32978145622024885
9,5713,0.297368,0,0.44007236942593386
9,82,0.206248,0,0.3622059422342389
9,411,0.342443,0,0.21983816255153787
9,3001,0.646279,0,0.7334184748484134
9,6211,0.814823,0,0.9135368070798452
9,5373,0.720062,0,0.49712993548080603
9,5929,0.136698,0,0.22816627922588917
9,2518,0.731109,0,0.7070016531839297
9,2863,0.02864,0,0.06001189708363355
9,261,0.227303,0,0.3582938208185185
9,3301,0.775486,0,0.6716009131233013
9,432,0.275783,0,0.4740247757178025
9,2896,0.42167,0,0.3154898840120139
9,4450,0.057155,0,0.05330384521300499
9,958,0.003034,0,0.01357892634484191
9,993,0.40588,0,0.41900742461942014
9,5583,0.054403,0,0.23250969655293588
9,1387,0.717808,0,0.6129490296627573
9,6383,0.213341,0,0.20009035166733014
9,4981,0.061322,0,0.07135830019508008
9,3991,0.665058,0,0.5076583180456676
9,7153,0.796252,0,0.8243138638512383
9,3847,0.545758,0,0.6003689498773743
9,5629,0.531199,0,0.7018221090598568
9,4617,0.012747,0,0.00740436111391823
9,7050,0.102745,0,0.1443390862494585
9,3578,0.062372,0,0.08148803980005455
9,4583,0.2455,0,0.2273524875692116
9,6249,0.039021,0,0.09246373066872796
9,3163,0.400929,0,0.29457264349820994
9,7483,0.258259,0,0.16086356715359432
9,2642,0.229595,0,0.25190262506993144
9,6790,0.028784,0,0.059007023507611306
9,6240,0.51132,0,0.7401167341774346
9,5936,0.816675,0,0.807239888169643
9,438,0.029735,0,0.0558017084100243
9,5052,0.304351,0,0.31890547926834406
9,479,0.055504,0,0.07675672192575436
9,7147,0.209256,0,0.19552171319428788
9,2560,0.029466,0,0.04238640714829976
9,4011,0.200159,0,0.1124773600503035
9,653,0.683764,0,0.7291099844135815
9,345,0.481946,0,0.4087775606037691
9,2448,0.11777,0,0.09856057338901106
9,4626,0.195404,0,0.23244261624971774
9,4922,0.124938,0,0.14583133448684552
9,2625,0.13079,0,0.11479656241756993
9,6659,0.485687,0,0.3468489668617124
9,2488,0.723557,0,0.538817909491818
9,3187,0.166314,0,0.12784304289735868
9,7363,0.576526,0,0.6191299333425292
9,2039,0.844967,0,0.6357129079089868
9,2175,0.435644,0,0.45825568337139955
9,6302,0.154912,0,0.16506025138390945
9,5397,0.064362,0,0.06846239759323494
9,3432,0.44904,0,0.4748353686478069
9,3058,0.158467,0,0.2531544030942835
9,2864,0.673063,0,0.6938404552305321
9,2145,0.47814,0,0.33000944108630476
9,1986,0.482296,0,0.3847427750341385
9,6897,0.635631,0,0.4165236202238874
9,1470,0.708647,0,0.6460429985871026
9,3359,0.279942,0,0.24086424484625477
9,1751,0.467409,0,0.5930924373895571
9,2419,0.010916,0,0.014062265573553851
9,6399,0.191806,0,0.2207488519610149
9,6062,0.802206,0,0.5886849747825111
9,4786,0.282752,0,0.254618775032502
9,5314,0.76654,0,0.7506632858102373
9,2632,0.175955,0,0.205518580002195
9,6368,0.453864,0,0.29625214345082784
9,4712,0.833527,0,0.8308550625353114
9,1395,0.317994,0,0.28535241253880145
9,43,0.797754,0,0.4820141963817057
9,7071,0.375681,0,0.19040913055688277
9,4913,0.108176,0,0.2726261510220931
9,830,0.501093,0,0.28911795005803526
9,1349,0.444268,0,0.4309414843336137
9,3031,0.284717,0,0.34728994470366464
9,4399,0.041345,0,0.08298197579496651
9,616,0.11219,0,0.08466828741947632
9,6269,0.611053,0,0.32209150804561304
9,3119,0.090079,0,0.13243192270991722
9,1235,0.119809,0,0.275296144535398
9,3769,0.227646,0,0.30119732064674254
9,3644,0.845482,0,0.9880295251108383
9,3461,0.008408,0,0.009645322072632656
9,5053,0.705477,0,0.7902011846096572
9,3996,0.1395,0,0.13508672737420213
9,7164,0.163874,0,0.23213164786733753
9,1913,0.703229,0,0.549478078967143
9,7364,0.84799,0,0.6584463074243202
9,4029,0.12239,0,0.11246890019900631
9,5532,0.265346,0,0.45795417842186853
9,1073,0.7341,0,0.3855731528857058
9,6090,0.607911,0,0.3898400614001952
9,5506,0.114738,0,0.1448332775922819
9,3401,0.042552,0,0.04992043932376175
9,6746,0.811743,0,0.6865884008456531
9,5966,0.519371,0,0.4738215028170565
9,1706,0.240089,0,0.270146083038951
9,2226,0.173794,0,0.20240421745167111
9,2693,0.117401,0,0.09096782128880565
9,3451,0.220035,0,0.34554650009813315
9,1091,0.256619,0,0.2069017200033433
9,4964,0.141232,0,0.2503055398054035
9,1093,0.270004,0,0.3025046704421209
9,5364,0.627481,0,0.4290317134128102
9,2038,0.646016,0,0.5874727700865483
9,7359,0.799749,0,0.8445392526900128
9,4912,0.203589,0,0.23397559290765874
9,1705,0.230043,0,0.3242822763277822
9,625,0.318998,0,0.29170413797546896
9,6288,0.814484,0,0.9306153162948148
9,4562,0.197365,0,0.20046605761383707
9,5041,0.24511,0,0.2684776104866823
9,763,0.011572,0,0.023855712213906546
9,3783,0.395641,0,0.21937715375364125
9,5404,0.467007,0,0.6141881056853726
9,1436,0.092643,0,0.08536814004215428
9,7328,0.032133,0,0.014605424542558481
9,3772,0.01341,0,0.027332590851035996
9,5289,0.701258,0,0.5258092112575752
9,4656,0.42545,0,0.40935894835471937
9,3984,0.036842,0,0.0731925345847154
9,2239,0.466411,0,0.6318426021552846
9,4198,0.28989,0,0.4601241069074259
9,1787,0.010233,0,0.03944998364395343
9,6982,0.489866,0,0.18860839765168522
9,1005,0.596776,0,0.7417603791681836
9,639,0.205375,0,0.16217962154527693
9,643,0.335013,0,0.2719730132615936
9,10,0.242436,0,0.2535759419348683
9,1507,0.114494,0,0.1602491006992707
9,6498,0.22289,0,0.4207512928847227
9,5492,0.667801,0,0.5488548086833381
9,7449,0.370696,0,0.469269113216043
9,1754,0.84824,0,0.8841112325270093
9,2339,0.093814,0,0.22154301296564133
9,6478,0.413243,0,0.24819729545873284
9,6983,0.779328,0,0.6128738082860758
9,1075,0.769381,0,0.6109500184192571
9,4581,0.039629,0,0.06159115222695259
9,4549,0.311668,0,0.4855528053449469
9,4407,0.849201,0,0.8838410531303902
9,5104,0.083674,0,0.157346322427264
9,5265,0.197765,0,0.19542867818659337
9,3826,0.50361,0,0.3775583972004752
9,3442,0.184119,0,0.4972181749712242
9,4326,0.419453,0,0.5439942804967511
9,6472,0.575935,0,0.4685789106870377
9,796,0.535181,0,0.5569754939356996
9,3467,0.816904,0,0.601039039842979
9,3962,0.062173,0,0.09222686797212007
9,369,0.0039,0,0.004979041776527778
9,4966,0.121082,0,0.21142369640271028
9,5743,0.573521,0,0.3364535093280787
9,6909,0.018712,0,0.07320296546477911
9,6571,0.23965,0,0.22206494431937174
9,6075,0.382361,0,0.49710255760595146
9,3722,0.665299,0,0.5742987776438129
9,3353,0.195522,0,0.16614432309616592
9,7410,0.093466,0,0.3087826902944657
9,5509,0.610133,0,0.5036274626048927
9,4999,0.586591,0,0.6308403830634457
9,142,0.634037,0,0.7106755833704339
9,7264,0.286809,0,0.3248824957139317
9,789,0.303343,0,0.31372726289827657
9,6958,0.027849,0,0.12737493378604223
9,3391,0.329622,0,0.44260036595218016
9,755,0.384386,0,0.3384842329774932
9,423,0.68846,0,0.6097873172304549
9,2737,0.835116,0,0.6187953387022704
9,4477,0.100798,0,0.22444041582361746
9,6691,0.302303,0,0.2646200269180372
9,4340,0.39508,0,0.5634932053111307
9,1398,0.068198,0,0.08100682531117862
9,6597,0.591003,0,0.402325883386966
9,500,0.096301,0,0.14498083966417247
9,5904,0.394969,0,0.4687796111757685
9,1166,0.469711,0,0.5102406667735527
9,3651,0.174387,0,0.10493658907054774
9,7323,0.682644,0,0.6390107762945108
9,231,0.550653,0,0.6487056584454531
9,6486,0.601684,0,0.555592124256637
9,3389,0.806901,0,0.8521556694415056
9,2866,0.327234,0,0.21361027570363286
9,3045,0.201446,0,0.3068493572099102
9,4100,0.363583,0,0.41879426406656817
9,1834,0.614661,0,0.6091424690855657
9,6482,0.53586,0,0.4082923517264603
9,2983,0.671127,0,0.6216193121978623
9,5641,0.420058,0,0.37362123409539677
9,2140,0.055991,0,0.15961605592623435
9,6724,0.075369,0,0.06719427183059978
9,256,0.218831,0,0.3314241407976926
9,2780,0.271336,0,0.2235265289901419
9,3329,0.206093,0,0.26151183227822467
9,3085,0.024257,0,0.03246373319251539
9,1258,0.56207,0,0.5791208103374971
9,1097,0.829188,0,0.7990160729186873
9,34,0.03701,0,0.045954879206033084
9,6944,0.398621,0,0.3311700028074495
9,6418,0.372421,0,0.41505876073383724
9,6466,0.15719,0,0.26186512461102945
9,6242,0.108636,0,0.13333658103781154
9,4548,0.746006,0,0.6194978122604249
9,290,0.489464,0,0.34121353168286805
9,4039,0.120844,0,0.17234302556302164
9,6822,0.375304,0,0.157990232625646
9,456,0.18272,0,0.1450560147196842
9,3424,0.0776,0,0.1219478343008815
9,776,0.688534,0,0.7631388541338116
9,1411,0.115081,0,0.12842295973379567
9,5652,0.489586,0,0.5872121773240094
9,1760,0.265648,0,0.2423994481147118
9,4379,0.59853,0,0.5017517672237839
9,4469,0.803244,0,0.5638018306950132
9,3961,0.086687,0,0.10273837839753291
9,2550,0.594726,0,0.5075048761455803
9,407,0.543676,0,0.36446969311915356
9,6359,0.229254,0,0.4669642425702312
9,2069,0.845863,0,0.9337950956032871
