fpr,tpr,threshold
0.0,0.0,0.9999999993897084
0.0,0.0011507479861910242,0.9999999983897084
0.0,0.0023014959723820483,0.9999999960849626
0.0,0.0034522439585730723,0.9999999768395248
0.0,0.004602991944764097,0.9999999669455772
0.0,0.005753739930955121,0.9999999490698838
0.0,0.006904487917146145,0.9999999452160656
0.0,0.00805523590333717,0.9999999440891704
0.0,0.009205983889528193,0.9999999416077628
0.0,0.010356731875719217,0.999999835849246
0.0,0.011507479861910242,0.9999997767896216
0.0,0.012658227848101266,0.9999994020878112
0.0,0.01380897583429229,0.999999271911024
0.0,0.014959723820483314,0.9999992464166044
0.0,0.01611047180667434,0.9999992373628884
0.0,0.01726121979286536,0.9999992248578732
0.0,0.018411967779056387,0.9999986549645806
0.0,0.019562715765247412,0.9999981121719744
0.0,0.020713463751438434,0.9999980357730208
0.0,0.02186421173762946,0.9999974708283772
0.0,0.023014959723820484,0.9999967025751592
0.0,0.024165707710011506,0.9999963713118294
0.0,0.02531645569620253,0.9999963491661644
0.0,0.026467203682393557,0.9999947252567638
0.0,0.02761795166858458,0.9999940007578884
0.0,0.028768699654775604,0.9999938819096242
0.0,0.02991944764096663,0.99999326962915
0.0,0.031070195627157654,0.9999932253195158
0.0,0.03222094361334868,0.9999930792191986
0.0,0.0333716915995397,0.9999927248084776
0.0,0.03452243958573072,0.9999918878475924
0.0,0.03567318757192175,0.9999915709606868
0.0,0.03682393555811277,0.9999911810652576
0.0,0.0379746835443038,0.9999909144361432
0.0,0.039125431530494824,0.9999907141498444
0.0,0.04027617951668585,0.9999903984930718
0.0,0.04142692750287687,0.9999897822665664
0.0,0.04257767548906789,0.9999863460830822
0.0,0.04372842347525892,0.9999855484666302
0.0,0.04487917146144994,0.9999849374802032
0.0,0.04602991944764097,0.999983553712158
0.0,0.047180667433831994,0.999983305317165
0.0,0.04833141542002301,0.9999826160974864
0.0,0.04948216340621404,0.9999816207361718
0.0,0.05063291139240506,0.9999815762933214
0.0,0.05178365937859609,0.9999811942977486
0.0,0.05293440736478711,0.9999764755619636
0.0,0.05408515535097814,0.9999757838897504
0.0,0.05523590333716916,0.9999747161302296
0.0,0.05638665132336018,0.9999719474877587
0.0,0.05753739930955121,0.9999715340773688
0.0,0.05868814729574223,0.9999714729618118
0.0,0.05983889528193326,0.9999687430587528
0.0,0.06098964326812428,0.9999660173351628
0.0,0.06214039125431531,0.9999659704775596
0.0,0.06329113924050633,0.9999638731637412
0.0,0.06444188722669736,0.9999625971547224
0.0,0.06559263521288838,0.9999616625652796
0.0,0.0667433831990794,0.9999592219326376
0.0,0.06789413118527042,0.999953744170207
0.0,0.06904487917146145,0.9999531652340196
0.0,0.07019562715765247,0.999952087880254
0.0,0.0713463751438435,0.9999513257946836
0.0,0.07249712313003452,0.9999451743639858
0.0,0.07364787111622555,0.999945019458146
0.0,0.07479861910241657,0.9999448713280809
0.0,0.0759493670886076,0.9999431024983656
0.0,0.07710011507479862,0.9999429152747136
0.0,0.07825086306098965,0.9999391334463328
0.0,0.07940161104718067,0.9999354957011078
0.0,0.0805523590333717,0.9999331861274826
0.0,0.08170310701956271,0.9999328667317594
0.0,0.08285385500575373,0.9999322891787396
0.0,0.08400460299194476,0.9999302460063338
0.0,0.08515535097813579,0.999929295369756
0.0,0.08630609896432681,0.9999251120277592
0.0,0.08745684695051784,0.9999200530090244
0.0,0.08860759493670886,0.9999196248375056
0.0,0.08975834292289989,0.9999146636682044
0.0,0.09090909090909091,0.9999132452170522
0.0,0.09205983889528194,0.9999123481864391
0.0,0.09321058688147296,0.9999114168069776
0.0,0.09436133486766399,0.9999099196452104
0.0,0.09551208285385501,0.9999086542358384
0.0,0.09666283084004602,0.9999084385665956
0.0,0.09781357882623705,0.9999071453378114
0.0,0.09896432681242807,0.9999068964678366
0.0,0.1001150747986191,0.9998991638012064
0.0,0.10126582278481013,0.9998967847944814
0.0,0.10241657077100115,0.9998861827535286
0.0,0.10356731875719218,0.9998861472429332
0.0,0.1047180667433832,0.9998834289403764
0.0,0.10586881472957423,0.9998802960894932
0.0,0.10701956271576525,0.9998606438338524
0.0,0.10817031070195628,0.999853732436778
0.0,0.1093210586881473,0.999849357782276
0.0,0.11047180667433831,0.9998473076623272
0.0,0.11162255466052934,0.9998323052349016
0.0,0.11277330264672036,0.9998288154052064
0.0,0.11392405063291139,0.9998159757028714
0.0,0.11507479861910241,0.9998146222265796
0.0,0.11622554660529344,0.9998052158846816
0.0,0.11737629459148446,0.999800685166759
0.0,0.11852704257767549,0.999799344441848
0.0,0.11967779056386652,0.9997968122214536
0.0,0.12082853855005754,0.9997946747851412
0.0,0.12197928653624857,0.999791335606108
0.0,0.12313003452243959,0.9997835371252988
0.0,0.12428078250863062,0.9997800019213252
0.0,0.12543153049482164,0.99977406668735
0.0,0.12658227848101267,0.9997645047867588
0.0,0.1277330264672037,0.9997351829127816
0.0,0.12888377445339472,0.9997261858399512
0.0,0.13003452243958574,0.9997053168075796
0.0,0.13118527042577677,0.9996891734067656
0.0,0.1323360184119678,0.9996767245340796
0.0,0.1334867663981588,0.9996682153849342
0.0,0.13463751438434982,0.9996661409788238
0.0,0.13578826237054084,0.999664457428004
0.0,0.13693901035673187,0.9996599857368996
0.0,0.1380897583429229,0.999656928915414
0.0,0.13924050632911392,0.999656183390659
0.0,0.14039125431530494,0.9996402930205022
0.0,0.14154200230149597,0.9996280441734904
0.0,0.142692750287687,0.9996217497537572
0.0,0.14384349827387802,0.999614597179568
0.0,0.14499424626006904,0.9995740449608244
0.0,0.14614499424626007,0.9995634298103568
0.0,0.1472957422324511,0.9995614584828496
0.0,0.14844649021864212,0.99955933732591
0.0,0.14959723820483314,0.9995551984661382
0.0,0.15074798619102417,0.9995429868897208
0.0,0.1518987341772152,0.9995338199042934
0.0,0.15304948216340622,0.999528684123064
0.0,0.15420023014959724,0.9995190339145328
0.0,0.15535097813578827,0.999512299478674
0.0,0.1565017261219793,0.9994517166586694
0.0,0.15765247410817032,0.9994458948182002
0.0,0.15880322209436135,0.99942104579431
0.0,0.15995397008055237,0.999420174783312
0.0,0.1611047180667434,0.9993806412034096
0.0,0.1622554660529344,0.9993735533273802
0.0,0.16340621403912542,0.9993619123107448
0.0,0.16455696202531644,0.9993617456373464
0.0,0.16570771001150747,0.9993495303677936
0.0,0.1668584579976985,0.9993450486429488
0.0,0.16800920598388952,0.999331610075525
0.0,0.16915995397008055,0.9993233534214574
0.0,0.17031070195627157,0.999287422834778
0.0,0.1714614499424626,0.9992848414446984
0.0,0.17261219792865362,0.9992757704074532
0.0,0.17376294591484465,0.9992705969134272
0.0,0.17491369390103567,0.9992509455070064
0.0,0.1760644418872267,0.9992425079022648
0.0,0.17721518987341772,0.9992297184873088
0.0,0.17836593785960875,0.9992271913295808
0.0,0.17951668584579977,0.999225372871364
0.0,0.1806674338319908,0.9992157666877192
0.0,0.18181818181818182,0.9992031490944496
0.0,0.18296892980437285,0.9992018015551132
0.0,0.18411967779056387,0.9991802320091872
0.0,0.1852704257767549,0.9991686466246034
0.0,0.18642117376294592,0.9991510078303688
0.0,0.18757192174913695,0.999148071919435
0.0,0.18872266973532797,0.999117341395546
0.0,0.189873417721519,0.9991117184807096
0.0,0.19102416570771003,0.9990977716872612
0.0,0.19217491369390102,0.9990962991241292
0.0,0.19332566168009205,0.999080008675088
0.0,0.19447640966628307,0.9990702686395452
0.0,0.1956271576524741,0.9990562582636128
0.0,0.19677790563866512,0.9988999824165274
0.0,0.19792865362485615,0.9988736194845632
0.0,0.19907940161104717,0.9988328969782764
0.0,0.2002301495972382,0.9988317764521984
0.0,0.20138089758342922,0.998737663552336
0.0,0.20253164556962025,0.9987338887071504
0.0,0.20368239355581128,0.9987315848796746
0.0,0.2048331415420023,0.9987298809796572
0.0,0.20598388952819333,0.9987245910819468
0.0,0.20713463751438435,0.998721268609064
0.0,0.20828538550057538,0.9987101658429912
0.0,0.2094361334867664,0.998705754410956
0.0,0.21058688147295743,0.99867695688186
0.0,0.21173762945914845,0.9986242875983828
0.0,0.21288837744533948,0.998606406132477
0.0,0.2140391254315305,0.9986018154108848
0.0,0.21518987341772153,0.9985511738738576
0.0,0.21634062140391255,0.9984472273442432
0.0,0.21749136939010358,0.9984437451236938
0.0,0.2186421173762946,0.9984318641307254
0.0,0.21979286536248563,0.998424995609418
0.0,0.22094361334867663,0.9984214669967276
0.0,0.22209436133486765,0.9984145359230624
0.0,0.22324510932105868,0.9983910303464674
0.0,0.2243958573072497,0.9983892362901796
0.0,0.22554660529344073,0.998381915034565
0.0,0.22669735327963175,0.9983628807084374
0.0,0.22784810126582278,0.9983067459279972
0.0,0.2289988492520138,0.998254722621235
0.0,0.23014959723820483,0.9982418272274938
0.0,0.23130034522439585,0.998175151675226
0.0,0.23245109321058688,0.9980778475578992
0.0,0.2336018411967779,0.9980351139708932
0.0,0.23475258918296893,0.9980304431800748
0.0,0.23590333716915995,0.9980257961124426
0.0,0.23705408515535098,0.9980012069226488
0.0,0.238204833141542,0.9980002111376948
0.0,0.23935558112773303,0.9979864860747768
0.0,0.24050632911392406,0.99781521035886
0.0,0.24165707710011508,0.9977606691801264
0.0,0.2428078250863061,0.9976819547202872
0.0,0.24395857307249713,0.9975664833822282
0.0,0.24510932105868816,0.9975316113995912
0.0,0.24626006904487918,0.9975311752286936
0.0,0.2474108170310702,0.9975162978071452
0.0,0.24856156501726123,0.997497844588956
0.0,0.24971231300345226,0.9974784252250308
0.0,0.2508630609896433,0.9974644036934875
0.0,0.2520138089758343,0.9974540675562716
0.0,0.25316455696202533,0.9974499355326604
0.0,0.25431530494821636,0.9973088217506744
0.0,0.2554660529344074,0.9972377562259792
0.0,0.2566168009205984,0.9972329834237016
0.0,0.25776754890678943,0.9972328163573676
0.0,0.25891829689298046,0.9972168789413892
0.0,0.2600690448791715,0.9971923757272844
0.0,0.2612197928653625,0.9970955049952324
0.0,0.26237054085155354,0.9970095513372964
0.0,0.26352128883774456,0.9969195523499544
0.0,0.2646720368239356,0.996915029043944
0.0,0.26582278481012656,0.9969031446849832
0.0,0.2669735327963176,0.99689158037903
0.0,0.2681242807825086,0.9968855203106962
0.0,0.26927502876869963,0.996869582720316
0.0,0.27042577675489066,0.9968543470642228
0.0,0.2715765247410817,0.9968135621809256
0.0,0.2727272727272727,0.996791864874009
0.0,0.27387802071346373,0.996770351628344
0.0,0.27502876869965476,0.9967386120887934
0.0,0.2761795166858458,0.9966334037275671
0.0,0.2773302646720368,0.9965894378233556
0.0,0.27848101265822783,0.9965817145511596
0.0,0.27963176064441886,0.9964789567306014
0.0,0.2807825086306099,0.9964788533687636
0.0,0.2819332566168009,0.996456850769424
0.0,0.28308400460299193,0.9963374032518828
0.0,0.28423475258918296,0.9963021742986592
0.0,0.285385500575374,0.9962821169756148
0.0,0.286536248561565,0.996274860811897
0.0,0.28768699654775604,0.996218049299718
0.0,0.28883774453394706,0.9962040329053342
0.0,0.2899884925201381,0.9962025224335574
0.0,0.2911392405063291,0.996056302355516
0.0,0.29228998849252014,0.9960452093648372
0.0,0.29344073647871116,0.996036225397223
0.0,0.2945914844649022,0.9960321384113237
0.0,0.2957422324510932,0.9960305387094432
0.0,0.29689298043728424,0.996021241771787
0.0,0.29804372842347526,0.9959211172301704
0.0,0.2991944764096663,0.9958398066144742
0.0,0.3003452243958573,0.995790154773262
0.0,0.30149597238204834,0.9957709639859926
0.0,0.30264672036823936,0.9957318942754736
0.0,0.3037974683544304,0.9956796457865008
0.0,0.3049482163406214,0.9956214529350708
0.0,0.30609896432681244,0.9955853504679126
0.0,0.30724971231300346,0.9955748115876
0.0,0.3084004602991945,0.9955659546636156
0.0,0.3095512082853855,0.9954355220881396
0.0,0.31070195627157654,0.9954116418000224
0.0,0.31185270425776757,0.9952664444861072
0.0,0.3130034522439586,0.9952662693307072
0.0,0.3141542002301496,0.9952177221601566
0.0,0.31530494821634064,0.9952133149475916
0.0,0.31645569620253167,0.9951991547239752
0.0,0.3176064441887227,0.9950886691447058
0.0,0.3187571921749137,0.995024582202142
0.0,0.31990794016110474,0.9949408718374636
0.0,0.32105868814729577,0.9948815879113206
0.0,0.3222094361334868,0.9948597449775728
0.0,0.3233601841196778,0.9948281075909704
0.0,0.3245109321058688,0.9947801737221728
0.0,0.3256616800920598,0.9947320334748352
0.0,0.32681242807825084,0.9946939775983
0.0,0.32796317606444186,0.994687578164173
0.0,0.3291139240506329,0.9945876906769506
0.0,0.3302646720368239,0.9945323088276729
0.0,0.33141542002301494,0.9943781913613398
0.0,0.33256616800920596,0.9943314177743672
0.0,0.333716915995397,0.9940558646273332
0.0,0.334867663981588,0.994046043499948
0.0,0.33601841196777904,0.9940037586020508
0.0,0.33716915995397007,0.9939612905637172
0.0,0.3383199079401611,0.99396060142526
0.0,0.3394706559263521,0.9939568132221676
0.0,0.34062140391254314,0.993956545213362
0.0,0.34177215189873417,0.9939331755721464
0.0,0.3429228998849252,0.9938560778780812
0.0,0.3440736478711162,0.9938158267822852
0.0,0.34522439585730724,0.9937316862944844
0.0,0.34637514384349827,0.993702089464938
0.0,0.3475258918296893,0.993595584496717
0.0,0.3486766398158803,0.9935522493755156
0.0,0.34982738780207134,0.9934110817969184
0.0,0.35097813578826237,0.9934012035852012
0.0,0.3521288837744534,0.9934007366664948
0.0,0.3532796317606444,0.993400365563661
0.0,0.35443037974683544,0.9933852448987168
0.0,0.35558112773302647,0.9933533540960032
0.0,0.3567318757192175,0.9933358573053416
0.0,0.3578826237054085,0.9933357059703568
0.0,0.35903337169159955,0.9932891225045508
0.0,0.36018411967779057,0.9932888251216736
0.0,0.3613348676639816,0.9932519266756712
0.0,0.3624856156501726,0.9932374332727864
0.0,0.36363636363636365,0.99323164802688
0.0,0.36478711162255467,0.993148715892452
0.0,0.3659378596087457,0.9930965770209096
0.0,0.3670886075949367,0.9930554019803076
0.0,0.36823935558112775,0.9930543625509266
0.0,0.3693901035673188,0.992924427044489
0.0,0.3705408515535098,0.9929148219955064
0.0,0.3716915995397008,0.9928676046892072
0.0,0.37284234752589185,0.9927796638180078
0.0,0.3739930955120829,0.9926842098904052
0.0,0.3751438434982739,0.9926503558226488
0.0,0.3762945914844649,0.9922777224345976
0.0,0.37744533947065595,0.9922487685321146
0.0,0.378596087456847,0.9922173800660458
0.0,0.379746835443038,0.9921496749475393
0.0,0.380897583429229,0.9921418876620268
0.0,0.38204833141542005,0.9920951412358066
0.0,0.383199079401611,0.9920779519342446
0.0,0.38434982738780205,0.992021792009908
0.0,0.38550057537399307,0.9920206459461294
0.0,0.3866513233601841,0.9920124102440704
0.0,0.3878020713463751,0.992010986089404
0.0,0.38895281933256615,0.9920105872515104
0.0,0.39010356731875717,0.9919528333257122
0.0,0.3912543153049482,0.9918949062083622
0.0,0.3924050632911392,0.9918226848409136
0.0,0.39355581127733025,0.9917781796891388
0.0,0.3947065592635213,0.9915637754751092
0.0,0.3958573072497123,0.9915148061342112
0.0,0.3970080552359033,0.991467044363409
0.0,0.39815880322209435,0.9914576287743604
0.0,0.3993095512082854,0.9914371589167592
0.0,0.4004602991944764,0.9914332826005016
0.0,0.4016110471806674,0.9914201239274504
0.0,0.40276179516685845,0.9913570014699156
0.0,0.4039125431530495,0.9913157865062312
0.0,0.4050632911392405,0.9912707929098906
0.0,0.4062140391254315,0.991241260192468
0.0,0.40736478711162255,0.9911826436768808
0.0,0.4085155350978136,0.9911496610111624
0.0,0.4096662830840046,0.9910577040490296
0.0,0.4108170310701956,0.9909084782207408
0.0,0.41196777905638665,0.9908916113797342
0.0,0.4131185270425777,0.9908239283983504
0.0,0.4142692750287687,0.9908014959848166
0.0,0.4154200230149597,0.9907710395144312
0.0,0.41657077100115075,0.990756485302737
0.0,0.4177215189873418,0.9907499680382932
0.0,0.4188722669735328,0.9907388755401428
0.0,0.42002301495972383,0.9906366450023014
0.0,0.42117376294591485,0.9906125331868276
0.0,0.4223245109321059,0.9905280732896464
0.0,0.4234752589182969,0.990466963614361
0.0,0.42462600690448793,0.9904415920620616
0.0,0.42577675489067895,0.9903876508456044
0.0,0.42692750287687,0.9903802175811328
0.0,0.428078250863061,0.9903739592342388
0.0,0.42922899884925203,0.9902514113855848
0.0,0.43037974683544306,0.9902365956832287
0.0,0.4315304948216341,0.9901946622877082
0.0,0.4326812428078251,0.9901651019560174
0.0,0.43383199079401613,0.9901308537510248
0.0,0.43498273878020716,0.9901149856366708
0.0,0.4361334867663982,0.9900386715730788
0.0,0.4372842347525892,0.9900166434379986
0.0,0.43843498273878023,0.9900139439823232
0.0,0.43958573072497126,0.9899754017862163
0.0,0.4407364787111623,0.9899736004722698
0.0,0.44188722669735325,0.9898486585390456
0.0,0.4430379746835443,0.9897940631225616
0.0,0.4441887226697353,0.9897931441854744
0.0,0.44533947065592633,0.9897491449664492
0.0,0.44649021864211735,0.9897319405319966
0.0,0.4476409666283084,0.9896735303030034
0.0,0.4487917146144994,0.9896371551724612
0.0,0.44994246260069043,0.9896299812408602
0.0,0.45109321058688145,0.9895414474838348
0.0,0.4522439585730725,0.989387109903104
0.0,0.4533947065592635,0.989330656918962
0.0,0.45454545454545453,0.989319936651988
0.0,0.45569620253164556,0.989311878522249
0.0,0.4568469505178366,0.9892370494559796
0.0,0.4579976985040276,0.9891469206811726
0.0,0.45914844649021863,0.989129013513074
0.0,0.46029919447640966,0.989127039226098
0.0,0.4614499424626007,0.9891270232401468
0.0,0.4626006904487917,0.9891172535922416
0.0,0.46375143843498273,0.9890268894001673
0.0,0.46490218642117376,0.9889221964261689
0.0,0.4660529344073648,0.988895263908498
0.0,0.4672036823935558,0.9886987424357926
0.0,0.46835443037974683,0.988665488665951
0.0,0.46950517836593786,0.9886451580816252
0.0,0.4706559263521289,0.9886285208208004
0.0,0.4718066743383199,0.9886076131189098
0.0,0.47295742232451093,0.9884923780123688
0.0,0.47410817031070196,0.9884884672703588
0.0,0.475258918296893,0.9882035104781488
0.0,0.476409666283084,0.9881353687052632
0.0,0.47756041426927504,0.9881027989366764
0.0,0.47871116225546606,0.9880801193447244
0.0,0.4798619102416571,0.9880052723435452
0.0,0.4810126582278481,0.9879389015886948
0.0,0.48216340621403914,0.987902620225507
0.0,0.48331415420023016,0.9878929697178874
0.0,0.4844649021864212,0.9878131836590848
0.0,0.4856156501726122,0.9877490286131868
0.0,0.48676639815880324,0.9875312549701806
0.0,0.48791714614499426,0.9874312045392886
0.0,0.4890678941311853,0.9874252730196222
0.0,0.4902186421173763,0.9873922660392964
0.0,0.49136939010356734,0.987353900401946
0.0,0.49252013808975836,0.9873470136155758
0.0,0.4936708860759494,0.9872790997495244
0.0,0.4948216340621404,0.9872347671566362
0.0,0.49597238204833144,0.9871650050795566
0.0,0.49712313003452246,0.9870171680324864
0.0,0.4982738780207135,0.9869631114721616
0.0,0.4994246260069045,0.9867883225200718
0.0,0.5005753739930955,0.9867502649098284
0.0,0.5017261219792866,0.9865011854819312
0.0,0.5028768699654775,0.9864928063559912
0.0,0.5040276179516686,0.9864029361997212
0.0,0.5051783659378596,0.986373373838015
0.0,0.5063291139240507,0.986264940370726
0.0,0.5074798619102416,0.986260642320402
0.0,0.5086306098964327,0.9861848536068988
0.0,0.5097813578826237,0.9861294342608984
0.0,0.5109321058688148,0.9860289471809462
0.0,0.5120828538550057,0.9859030758636208
0.0,0.5132336018411968,0.985895537920092
0.0,0.5143843498273878,0.9858015925317912
0.0,0.5155350978135789,0.985739038560084
0.0,0.5166858457997698,0.985714734908164
0.0,0.5178365937859609,0.9856592594158295
0.0,0.5189873417721519,0.985547727659803
0.0,0.520138089758343,0.9851875977516326
0.0,0.5212888377445339,0.985138336848802
0.0,0.522439585730725,0.9850058631902412
0.0,0.523590333716916,0.9846765785213452
0.0,0.5247410817031071,0.98465900768557
0.0,0.525891829689298,0.984620553137832
0.0,0.5270425776754891,0.984614605835312
0.0,0.5281933256616801,0.9844185123188004
0.0,0.5293440736478712,0.9843118948643114
0.0,0.5304948216340621,0.9840299635320734
0.0,0.5316455696202531,0.9839838474959732
0.0,0.5327963176064442,0.9836446112298174
0.0,0.5339470655926352,0.9836117594467032
0.0,0.5350978135788262,0.983360574548435
0.0,0.5362485615650172,0.9832831994001502
0.0,0.5373993095512083,0.9832616673308708
0.0,0.5385500575373993,0.9832250162031893
0.0,0.5397008055235903,0.9832104134049866
0.0,0.5408515535097813,0.9830495523738004
0.0,0.5420023014959724,0.98298994483365
0.0,0.5431530494821634,0.9828348845570042
0.0,0.5443037974683544,0.9826153107532308
0.0,0.5454545454545454,0.9825079322662628
0.0,0.5466052934407365,0.9824157320797732
0.0,0.5477560414269275,0.9823367179057924
0.0,0.5489067894131185,0.981984869741352
0.0,0.5500575373993095,0.9816118792420844
0.0,0.5512082853855006,0.9814874796674312
0.0,0.5523590333716916,0.9814170216471976
0.0,0.5535097813578826,0.9813640275230312
0.0,0.5546605293440736,0.9813059576969408
0.0,0.5558112773302647,0.9811715854015736
0.0,0.5569620253164557,0.9810272784089796
0.0,0.5581127733026467,0.98095586804442
0.0,0.5592635212888377,0.9807588280710344
0.0,0.5604142692750288,0.9806279525130736
0.0,0.5615650172612198,0.9805500069218608
0.0,0.5627157652474108,0.9804926475678708
0.0,0.5638665132336018,0.9804788082314024
0.0,0.5650172612197929,0.9802054177851344
0.0,0.5661680092059839,0.9801054774419
0.0,0.567318757192175,0.9800208037924882
0.0,0.5684695051783659,0.9798617072579774
0.0,0.569620253164557,0.979718311728252
0.0,0.570771001150748,0.9795660564260336
0.0,0.571921749136939,0.9795419848527464
0.0,0.57307249712313,0.9795409593645004
0.0,0.5742232451093211,0.9794801385847482
0.0,0.5753739930955121,0.979390783496098
0.0,0.5765247410817032,0.9792354281937438
0.0,0.5776754890678941,0.97904687526091
0.0,0.5788262370540852,0.9789662499711568
0.0,0.5799769850402762,0.9786469590298286
0.0,0.5811277330264673,0.978641499032308
0.0,0.5822784810126582,0.9786159536810888
0.0,0.5834292289988493,0.9782991183440136
0.0,0.5845799769850403,0.978048255820391
0.0,0.5857307249712314,0.977895473897126
0.0,0.5868814729574223,0.9777378749429062
0.0,0.5880322209436134,0.9777333789063422
0.0,0.5891829689298044,0.9776312016831626
0.0,0.5903337169159953,0.9774738800011028
0.0,0.5914844649021864,0.9774734103951456
0.0,0.5926352128883774,0.9774650642602096
0.0,0.5937859608745685,0.976902860508832
0.0,0.5949367088607594,0.9767597162434302
0.0,0.5960874568469505,0.9767417720100368
0.0,0.5972382048331415,0.976709227371966
0.0,0.5983889528193326,0.9766255906016592
0.0,0.5995397008055235,0.9765783602593834
0.0,0.6006904487917146,0.976563975273821
0.0,0.6018411967779056,0.976434049283358
0.0,0.6029919447640967,0.9763409864902376
0.0,0.6041426927502876,0.976261155529352
0.0,0.6052934407364787,0.9762134061737944
0.0,0.6064441887226697,0.9760940312142732
0.00015080681646810435,0.6064441887226697,0.976003026930278
0.00015080681646810435,0.6075949367088608,0.975937677624951
0.0003016136329362087,0.6075949367088608,0.9759148533645132
0.0003016136329362087,0.6087456846950517,0.9757836379364028
0.0003016136329362087,0.6098964326812428,0.9753976033025556
0.0003016136329362087,0.6110471806674338,0.9752673443439556
0.0003016136329362087,0.6121979286536249,0.9752612845819691
0.0003016136329362087,0.6133486766398158,0.9752283158556806
0.0003016136329362087,0.6144994246260069,0.9751735991567292
0.0003016136329362087,0.6156501726121979,0.9751706593431844
0.0003016136329362087,0.616800920598389,0.974981104090774
0.0003016136329362087,0.61795166858458,0.9745448041093374
0.0003016136329362087,0.619102416570771,0.97443327334938
0.0003016136329362087,0.620253164556962,0.9737863958489554
0.0003016136329362087,0.6214039125431531,0.9735561290782332
0.0003016136329362087,0.622554660529344,0.9735388351089316
0.0003016136329362087,0.6237054085155351,0.9734746486658732
0.0003016136329362087,0.6248561565017261,0.9732288356090536
0.0003016136329362087,0.6260069044879172,0.9729706517747662
0.00045242044940431306,0.6260069044879172,0.9728151720664696
0.00045242044940431306,0.6271576524741082,0.9724247887198773
0.00045242044940431306,0.6283084004602992,0.9723201030501236
0.00045242044940431306,0.6294591484464902,0.972239336402098
0.00045242044940431306,0.6306098964326813,0.972142028506787
0.00045242044940431306,0.6317606444188723,0.9717360900294264
0.00045242044940431306,0.6329113924050633,0.9717248262177388
0.00045242044940431306,0.6340621403912543,0.9716015124055384
0.00045242044940431306,0.6352128883774454,0.9714329811172404
0.00045242044940431306,0.6363636363636364,0.9713748402428344
0.00045242044940431306,0.6375143843498274,0.9713603885404092
0.00045242044940431306,0.6386651323360184,0.9713182483253284
0.00045242044940431306,0.6398158803222095,0.9706110118555404
0.00045242044940431306,0.6409666283084005,0.9704781259708108
0.00045242044940431306,0.6421173762945915,0.9703005459623972
0.00045242044940431306,0.6432681242807825,0.970283683830142
0.00045242044940431306,0.6444188722669736,0.9702257692728562
0.00045242044940431306,0.6455696202531646,0.9698091741570488
0.0006032272658724174,0.6455696202531646,0.9695730029529532
0.0006032272658724174,0.6467203682393556,0.9684336366918512
0.0006032272658724174,0.6478711162255466,0.9671242433639484
0.0006032272658724174,0.6490218642117376,0.9669373289483136
0.0006032272658724174,0.6501726121979287,0.9668676366419444
0.0006032272658724174,0.6513233601841196,0.966562523335762
0.0007540340823405218,0.6513233601841196,0.9664760239161404
0.0007540340823405218,0.6524741081703107,0.9664490264431262
0.0009048408988086261,0.6524741081703107,0.9661543983230828
0.0009048408988086261,0.6536248561565017,0.965998430254253
0.0009048408988086261,0.6547756041426928,0.965945090949194
0.0009048408988086261,0.6559263521288837,0.9658246500786556
0.0010556477152767305,0.6559263521288837,0.9657506379834212
0.0010556477152767305,0.6570771001150748,0.96533332282632
0.0012064545317448348,0.6570771001150748,0.9652864488529832
0.0012064545317448348,0.6582278481012658,0.9650268207155126
0.0012064545317448348,0.6593785960874569,0.9647216607642466
0.0012064545317448348,0.6605293440736478,0.9641053688591488
0.0012064545317448348,0.6616800920598389,0.963997492264146
0.0012064545317448348,0.6628308400460299,0.963608076434447
0.0012064545317448348,0.663981588032221,0.9630983662399276
0.0012064545317448348,0.6651323360184119,0.9624312257842508
0.0013572613482129392,0.6651323360184119,0.9622607268008594
0.0013572613482129392,0.666283084004603,0.962115441838563
0.0015080681646810435,0.666283084004603,0.9620918905620744
0.0015080681646810435,0.667433831990794,0.9620673656038222
0.0015080681646810435,0.6685845799769851,0.961888305998389
0.0016588749811491479,0.6685845799769851,0.9617915850607198
0.0016588749811491479,0.669735327963176,0.9613250431820396
0.0016588749811491479,0.6708860759493671,0.960622818783926
0.0016588749811491479,0.6720368239355581,0.9596183444719648
0.0016588749811491479,0.6731875719217492,0.9596018036033264
0.0018096817976172522,0.6731875719217492,0.9592416067761046
0.0018096817976172522,0.6743383199079401,0.9590496992977892
0.0018096817976172522,0.6754890678941312,0.9588902473145652
0.0018096817976172522,0.6766398158803222,0.958282454872382
0.0018096817976172522,0.6777905638665133,0.95808223206011
0.0018096817976172522,0.6789413118527042,0.9578051585103208
0.0018096817976172522,0.6800920598388953,0.9573386812876332
0.0018096817976172522,0.6812428078250863,0.9570067916635784
0.0018096817976172522,0.6823935558112774,0.9565822967841288
0.0019604886140853566,0.6823935558112774,0.9558777153609112
0.002111295430553461,0.6823935558112774,0.955695975555386
0.002111295430553461,0.6835443037974683,0.9556247312151654
0.002111295430553461,0.6846950517836594,0.95548734016825
0.002111295430553461,0.6858457997698504,0.9552931142742156
0.002111295430553461,0.6869965477560415,0.9546233108257364
0.002111295430553461,0.6881472957422324,0.9542304857352276
0.002111295430553461,0.6892980437284235,0.953802955311434
0.0022621022470215653,0.6892980437284235,0.9536562545243848
0.0022621022470215653,0.6904487917146145,0.953231377823225
0.0022621022470215653,0.6915995397008056,0.9532293462026412
0.0022621022470215653,0.6927502876869965,0.9531357285019594
0.0022621022470215653,0.6939010356731876,0.9526135582463788
0.0022621022470215653,0.6950517836593786,0.9524984632359184
0.0022621022470215653,0.6962025316455697,0.9523496392382832
0.0022621022470215653,0.6973532796317606,0.9523289694031788
0.0022621022470215653,0.6985040276179517,0.9523220102644694
0.0022621022470215653,0.6996547756041427,0.9518792020409554
0.0022621022470215653,0.7008055235903338,0.9518577596087178
0.0024129090634896697,0.7008055235903338,0.950565096831638
0.0024129090634896697,0.7019562715765247,0.9498731165322184
0.0024129090634896697,0.7031070195627158,0.9498100643606944
0.0024129090634896697,0.7042577675489068,0.9494865708413104
0.0024129090634896697,0.7054085155350979,0.9490209510791768
0.0024129090634896697,0.7065592635212888,0.948876111669952
0.0024129090634896697,0.7077100115074798,0.9485400079731808
0.0024129090634896697,0.7088607594936709,0.948164970754982
0.0024129090634896697,0.7100115074798619,0.9474142432208849
0.002563715879957774,0.7100115074798619,0.947131826212847
0.002563715879957774,0.7111622554660529,0.9469291148609073
0.002563715879957774,0.7123130034522439,0.946479075014216
0.0027145226964258784,0.7123130034522439,0.9463912398626376
0.0027145226964258784,0.713463751438435,0.9462864016392124
0.0027145226964258784,0.714614499424626,0.946132941648661
0.0027145226964258784,0.715765247410817,0.9459153404364092
0.0028653295128939827,0.715765247410817,0.945224368173243
0.0028653295128939827,0.716915995397008,0.944716412921936
0.0028653295128939827,0.7180667433831991,0.9444997681677766
0.0028653295128939827,0.7192174913693901,0.9440061517757432
0.0028653295128939827,0.7203682393555811,0.9426726713240264
0.003016136329362087,0.7203682393555811,0.9425292377258876
0.0031669431458301914,0.7203682393555811,0.9424552914423951
0.0031669431458301914,0.7215189873417721,0.9420876419141144
0.0031669431458301914,0.7226697353279632,0.9420465596988686
0.0031669431458301914,0.7238204833141542,0.9419038542544464
0.0033177499622982958,0.7238204833141542,0.9418884123259884
0.0033177499622982958,0.7249712313003452,0.9418146641167898
0.0034685567787664,0.7249712313003452,0.9409178797541368
0.0034685567787664,0.7261219792865362,0.9408951626881285
0.0034685567787664,0.7272727272727273,0.9406873581994424
0.0036193635952345045,0.7272727272727273,0.9406608572743432
0.003770170411702609,0.7272727272727273,0.9405854199074176
0.003770170411702609,0.7284234752589183,0.9404055762843088
0.003920977228170713,0.7284234752589183,0.9402420639823402
0.003920977228170713,0.7295742232451093,0.9398481896532852
0.003920977228170713,0.7307249712313003,0.9397562445267434
0.004071784044638818,0.7307249712313003,0.9396912731364824
0.004222590861106922,0.7307249712313003,0.9396504758344524
0.004222590861106922,0.7318757192174914,0.9395279849580088
0.004373397677575027,0.7318757192174914,0.9392944145410506
0.004373397677575027,0.7330264672036824,0.9392462745537412
0.004524204494043131,0.7330264672036824,0.9383611248955251
0.004675011310511235,0.7330264672036824,0.936042686700266
0.004675011310511235,0.7341772151898734,0.934590490521756
0.004675011310511235,0.7353279631760644,0.9345571050022584
0.004675011310511235,0.7364787111622555,0.9343528781988202
0.004825818126979339,0.7364787111622555,0.9337109124718368
0.004976624943447444,0.7364787111622555,0.9333647883780276
0.004976624943447444,0.7376294591484465,0.9332852772235476
0.004976624943447444,0.7387802071346375,0.9330452351334904
0.004976624943447444,0.7399309551208285,0.9328353885215374
0.004976624943447444,0.7410817031070196,0.9325254401717756
0.004976624943447444,0.7422324510932106,0.9321566902430288
0.004976624943447444,0.7433831990794016,0.9317309417421864
0.004976624943447444,0.7445339470655926,0.93168426651973
0.004976624943447444,0.7456846950517837,0.9310857364838508
0.004976624943447444,0.7468354430379747,0.9309717674106328
0.004976624943447444,0.7479861910241657,0.9307195766312814
0.004976624943447444,0.7491369390103567,0.9301558574855542
0.005127431759915548,0.7491369390103567,0.9290394150991717
0.005127431759915548,0.7502876869965478,0.9289919131192946
0.005127431759915548,0.7514384349827388,0.9289302619753816
0.005127431759915548,0.7525891829689298,0.9287918999638743
0.005127431759915548,0.7537399309551208,0.9271111860248152
0.005127431759915548,0.7548906789413119,0.9269627877372284
0.005127431759915548,0.7560414269275029,0.926117498032229
0.005278238576383653,0.7560414269275029,0.9259863466349576
0.005278238576383653,0.757192174913694,0.9256075719604508
0.005278238576383653,0.7583429228998849,0.9255240701343204
0.005278238576383653,0.759493670886076,0.925472367199954
0.005278238576383653,0.760644418872267,0.9254303308164532
0.005278238576383653,0.761795166858458,0.9248964429532603
0.005429045392851757,0.761795166858458,0.9248343445309024
0.005429045392851757,0.762945914844649,0.9244189392090124
0.005429045392851757,0.7640966628308401,0.9238999769899628
0.0055798522093198615,0.7640966628308401,0.9209296830812372
0.0055798522093198615,0.7652474108170311,0.9207424384449672
0.0055798522093198615,0.766398158803222,0.920065103876136
0.0055798522093198615,0.7675489067894131,0.9198051451864722
0.0055798522093198615,0.7686996547756041,0.9188733027053582
0.0055798522093198615,0.7698504027617952,0.9188612163807351
0.0055798522093198615,0.7710011507479861,0.917904234795448
0.0057306590257879654,0.7710011507479861,0.9177966237323938
0.0057306590257879654,0.7721518987341772,0.9177455363247374
0.00588146584225607,0.7721518987341772,0.9173431858077308
0.00588146584225607,0.7733026467203682,0.9169596413365692
0.00588146584225607,0.7744533947065593,0.9164732780645166
0.00588146584225607,0.7756041426927502,0.9159741494292134
0.006032272658724174,0.7756041426927502,0.9156727092869854
0.006183079475192279,0.7756041426927502,0.915108082690406
0.006183079475192279,0.7767548906789413,0.9150384178764088
0.006183079475192279,0.7779056386651323,0.915007254844894
0.006183079475192279,0.7790563866513234,0.914405510299895
0.006183079475192279,0.7802071346375143,0.9139557276194492
0.006333886291660383,0.7802071346375143,0.9138490144296908
0.006484693108128488,0.7802071346375143,0.9132256563641084
0.006484693108128488,0.7813578826237054,0.912274241732668
0.0066354999245965916,0.7813578826237054,0.9120090085806511
0.0066354999245965916,0.7825086306098964,0.9116343714454817
0.0066354999245965916,0.7836593785960875,0.911539707096908
0.0066354999245965916,0.7848101265822784,0.9107452344306548
0.0066354999245965916,0.7859608745684695,0.9106660217024768
0.006786306741064696,0.7859608745684695,0.9105977959671316
0.0069371135575328,0.7859608745684695,0.9104793084906844
0.007087920374000905,0.7859608745684695,0.9104542882804436
0.007087920374000905,0.7871116225546605,0.910312788462898
0.007238727190469009,0.7871116225546605,0.9102061111089708
0.007238727190469009,0.7882623705408516,0.9092937264889532
0.007238727190469009,0.7894131185270425,0.9078464945489002
0.007238727190469009,0.7905638665132336,0.9074882603642755
0.007238727190469009,0.7917146144994246,0.907219560760226
0.007238727190469009,0.7928653624856157,0.9064223292873078
0.007389534006937114,0.7928653624856157,0.9064162395373396
0.007540340823405218,0.7928653624856157,0.905918196855236
0.007540340823405218,0.7940161104718066,0.9058214119834174
0.007540340823405218,0.7951668584579977,0.9057380988733358
0.007540340823405218,0.7963176064441887,0.9055732871871092
0.0076911476398733225,0.7963176064441887,0.9049661094134844
0.0076911476398733225,0.7974683544303798,0.904845934716018
0.0076911476398733225,0.7986191024165707,0.9045851395871736
0.007841954456341426,0.7986191024165707,0.9044638244539271
0.007992761272809531,0.7986191024165707,0.9038249520340418
0.008143568089277636,0.7986191024165707,0.902662794883013
0.008294374905745739,0.7986191024165707,0.901967383861986
0.008445181722213844,0.7986191024165707,0.9014882484833028
0.008445181722213844,0.7997698504027618,0.9014462828269612
0.008595988538681949,0.7997698504027618,0.9012908876665248
0.008595988538681949,0.8009205983889528,0.9012415832803284
0.008746795355150053,0.8009205983889528,0.9010838579258628
0.008897602171618156,0.8009205983889528,0.9008065397918996
0.009048408988086261,0.8009205983889528,0.8999861809212839
0.009199215804554366,0.8009205983889528,0.8994039662255563
0.009199215804554366,0.8020713463751439,0.8981078089869322
0.009199215804554366,0.8032220943613348,0.8979082447831981
0.00935002262102247,0.8032220943613348,0.897767604331722
0.00935002262102247,0.8043728423475259,0.8977549211704814
0.00935002262102247,0.8055235903337169,0.8969293462327514
0.00935002262102247,0.806674338319908,0.896081220001871
0.009500829437490574,0.806674338319908,0.8957018855848476
0.009500829437490574,0.807825086306099,0.8956161331540867
0.009500829437490574,0.80897583429229,0.8939025182479732
0.009500829437490574,0.810126582278481,0.8938790242659546
0.009651636253958679,0.810126582278481,0.8936078788455392
0.009802443070426783,0.810126582278481,0.8933612477558621
0.009953249886894888,0.810126582278481,0.8923648031829137
0.009953249886894888,0.8112773302646721,0.8922744285686848
0.009953249886894888,0.812428078250863,0.8918879455182422
0.009953249886894888,0.8135788262370541,0.8914134022663557
0.009953249886894888,0.8147295742232451,0.8912577635495732
0.009953249886894888,0.8158803222094362,0.8910968884022251
0.009953249886894888,0.8170310701956272,0.8901461502887781
0.009953249886894888,0.8181818181818182,0.8886094128698432
0.009953249886894888,0.8193325661680092,0.8882463757442285
0.009953249886894888,0.8204833141542003,0.8878128651556155
0.009953249886894888,0.8216340621403913,0.887775820008107
0.009953249886894888,0.8227848101265823,0.8876215408631073
0.009953249886894888,0.8239355581127733,0.8875607200448002
0.010104056703362991,0.8239355581127733,0.8858404179942936
0.010254863519831096,0.8239355581127733,0.8855523089455594
0.0104056703362992,0.8239355581127733,0.8851596295877922
0.010556477152767306,0.8239355581127733,0.8849611050331588
0.010556477152767306,0.8250863060989643,0.8849143916260046
0.010707283969235409,0.8250863060989643,0.8837467081241173
0.010707283969235409,0.8262370540851554,0.8833350762995786
0.010707283969235409,0.8273878020713463,0.8823976071821183
0.010707283969235409,0.8285385500575374,0.8823930323392583
0.010858090785703513,0.8285385500575374,0.8821669928322152
0.010858090785703513,0.8296892980437284,0.8820960036954557
0.011008897602171618,0.8296892980437284,0.881055607864053
0.011159704418639723,0.8296892980437284,0.8809836593389727
0.011310511235107826,0.8296892980437284,0.8792227348589376
0.011310511235107826,0.8308400460299195,0.8779172016730546
0.011310511235107826,0.8319907940161104,0.8777283287665646
0.011461318051575931,0.8319907940161104,0.8774840227240969
0.011461318051575931,0.8331415420023015,0.8773297608495761
0.011612124868044036,0.8331415420023015,0.876571341246535
0.01176293168451214,0.8331415420023015,0.8764222521386283
0.01176293168451214,0.8342922899884925,0.8762169312636358
0.01176293168451214,0.8354430379746836,0.8750601023108691
0.01176293168451214,0.8365937859608745,0.874686750988958
0.01176293168451214,0.8377445339470656,0.874554246084359
0.011913738500980244,0.8377445339470656,0.8737700649575697
0.011913738500980244,0.8388952819332566,0.8727804339012326
0.012064545317448348,0.8388952819332566,0.872572551331481
0.012064545317448348,0.8400460299194477,0.8725063505355012
0.012215352133916453,0.8400460299194477,0.8722121281914476
0.012215352133916453,0.8411967779056386,0.871882996616264
0.012215352133916453,0.8423475258918297,0.8718445293738317
0.012215352133916453,0.8434982738780207,0.870896817511513
0.012215352133916453,0.8446490218642118,0.8706685168776778
0.012366158950384558,0.8446490218642118,0.8705683431276746
0.012366158950384558,0.8457997698504027,0.8701571184005711
0.012516965766852661,0.8457997698504027,0.8696207191336939
0.012516965766852661,0.8469505178365938,0.869547993553477
0.012516965766852661,0.8481012658227848,0.8691563911015883
0.012516965766852661,0.8492520138089759,0.868883425237976
0.012516965766852661,0.8504027617951668,0.8686584010427353
0.012667772583320766,0.8504027617951668,0.8684015498156119
0.01281857939978887,0.8504027617951668,0.8683191387348154
0.01281857939978887,0.8515535097813579,0.8682507280297345
0.01281857939978887,0.8527042577675489,0.8680834277288483
0.01281857939978887,0.85385500575374,0.8680667001607851
0.012969386216256975,0.85385500575374,0.8674612618236853
0.013120193032725078,0.85385500575374,0.8667407135582363
0.013270999849193183,0.85385500575374,0.8664889933136737
0.013270999849193183,0.8550057537399309,0.8663998408741608
0.013421806665661288,0.8550057537399309,0.8647106691633791
0.013421806665661288,0.856156501726122,0.8639511143027653
0.013421806665661288,0.857307249712313,0.863057324363667
0.013572613482129393,0.857307249712313,0.8624916924585986
0.013572613482129393,0.8584579976985041,0.8622078329237653
0.013723420298597496,0.8584579976985041,0.8620615012609405
0.0138742271150656,0.8584579976985041,0.8619950667764261
0.0138742271150656,0.859608745684695,0.8604545494852518
0.014025033931533705,0.859608745684695,0.8604135816800612
0.014025033931533705,0.8607594936708861,0.8602885270002587
0.014025033931533705,0.8619102416570771,0.8600131401493446
0.01417584074800181,0.8619102416570771,0.8598725261607034
0.014326647564469915,0.8619102416570771,0.859810423337886
0.014477454380938018,0.8619102416570771,0.8597646384661749
0.014628261197406123,0.8619102416570771,0.8593450253804307
0.014779068013874228,0.8619102416570771,0.8573977218911903
0.014929874830342332,0.8619102416570771,0.8569308653547584
0.015080681646810435,0.8619102416570771,0.8569196061305353
0.01523148846327854,0.8619102416570771,0.8565936162086111
0.01523148846327854,0.8630609896432682,0.8563477746355466
0.01523148846327854,0.8642117376294591,0.8563372672824807
0.015382295279746645,0.8642117376294591,0.8560471516852224
0.015382295279746645,0.8653624856156502,0.8557565983405989
0.01553310209621475,0.8653624856156502,0.8556663086782941
0.015683908912682853,0.8653624856156502,0.8549493918581141
0.015834715729150958,0.8653624856156502,0.8547676215337315
0.015985522545619062,0.8653624856156502,0.8546864128202651
0.015985522545619062,0.8665132336018412,0.8543687813686996
0.016136329362087167,0.8665132336018412,0.853807744375328
0.016287136178555272,0.8665132336018412,0.8536259685280086
0.016437942995023377,0.8665132336018412,0.8524540545775947
0.016437942995023377,0.8676639815880323,0.851819788008441
0.016588749811491478,0.8676639815880323,0.8518067180232431
0.016739556627959583,0.8676639815880323,0.8507935568896585
0.016739556627959583,0.8688147295742232,0.8500353186507934
0.016890363444427688,0.8688147295742232,0.8491183494527412
0.016890363444427688,0.8699654775604143,0.8479346661470921
0.017041170260895792,0.8699654775604143,0.8473199036606539
0.017191977077363897,0.8699654775604143,0.8472680999852997
0.017191977077363897,0.8711162255466053,0.8471164652634091
0.017342783893832002,0.8711162255466053,0.8463796584890843
0.017493590710300107,0.8711162255466053,0.8463411863530941
0.017493590710300107,0.8722669735327964,0.846309429552392
0.01764439752676821,0.8722669735327964,0.8460855438964152
0.017795204343236313,0.8722669735327964,0.8459688333706966
0.017946011159704418,0.8722669735327964,0.845801433968047
0.018096817976172522,0.8722669735327964,0.8457060036576789
0.018247624792640627,0.8722669735327964,0.8442102543868447
0.018398431609108732,0.8722669735327964,0.8438187186746973
0.018398431609108732,0.8734177215189873,0.8437445768401983
0.018549238425576837,0.8734177215189873,0.8426464498787662
0.01870004524204494,0.8734177215189873,0.8412342161061503
0.018850852058513046,0.8734177215189873,0.8407838405524494
0.019001658874981148,0.8734177215189873,0.8407643291681423
0.019152465691449252,0.8734177215189873,0.8406576271916978
0.019303272507917357,0.8734177215189873,0.840433602644867
0.019454079324385462,0.8734177215189873,0.8403643815157466
0.019604886140853567,0.8734177215189873,0.8400511278219662
0.01975569295732167,0.8734177215189873,0.8396785987628741
0.01975569295732167,0.8745684695051784,0.8396726684105748
0.01975569295732167,0.8757192174913694,0.8394965430356218
0.019906499773789776,0.8757192174913694,0.8390205190930333
0.02005730659025788,0.8757192174913694,0.8386649875843263
0.02005730659025788,0.8768699654775605,0.8383217079138725
0.020208113406725983,0.8768699654775605,0.8382386384486423
0.020358920223194087,0.8768699654775605,0.8382382143090947
0.020509727039662192,0.8768699654775605,0.8381947724506145
0.020509727039662192,0.8780207134637514,0.8380462536345821
0.020660533856130297,0.8780207134637514,0.837861880024327
0.020660533856130297,0.8791714614499425,0.8375765239452174
0.0208113406725984,0.8791714614499425,0.8375587496175962
0.020962147489066506,0.8791714614499425,0.8369790807819039
0.02111295430553461,0.8791714614499425,0.836657220744645
0.021263761122002716,0.8791714614499425,0.8366173740177668
0.021414567938470817,0.8791714614499425,0.836246129822156
0.021414567938470817,0.8803222094361335,0.8359648586080297
0.021565374754938922,0.8803222094361335,0.8357194470991315
0.021716181571407027,0.8803222094361335,0.8356422619513787
0.02186698838787513,0.8803222094361335,0.8339537254366798
0.02186698838787513,0.8814729574223246,0.8337120038395712
0.02186698838787513,0.8826237054085155,0.8335516513999595
0.022017795204343237,0.8826237054085155,0.8334968877973148
0.02216860202081134,0.8826237054085155,0.8329457509488685
0.022319408837279446,0.8826237054085155,0.8328411463169936
0.022319408837279446,0.8837744533947065,0.8325431075633
0.022319408837279446,0.8849252013808976,0.8319380504257378
0.02247021565374755,0.8849252013808976,0.8318856661374743
0.022621022470215652,0.8849252013808976,0.8316395863653849
0.022771829286683757,0.8849252013808976,0.8313617847156259
0.022922636103151862,0.8849252013808976,0.8300146857172973
0.023073442919619967,0.8849252013808976,0.8297962679369483
0.02322424973608807,0.8849252013808976,0.8293431902206703
0.023375056552556176,0.8849252013808976,0.8291901279987104
0.02352586336902428,0.8849252013808976,0.829112640625693
0.02352586336902428,0.8860759493670886,0.8288871422287547
0.02352586336902428,0.8872266973532796,0.8284533883424432
0.02352586336902428,0.8883774453394706,0.8279278477707543
0.023676670185492386,0.8883774453394706,0.82787448312853
0.023827477001960487,0.8883774453394706,0.8278646643724434
0.023978283818428592,0.8883774453394706,0.8277284196493183
0.023978283818428592,0.8895281933256617,0.8273465096245202
0.024129090634896697,0.8895281933256617,0.8270676319646265
0.0242798974513648,0.8895281933256617,0.8265637043217874
0.024430704267832906,0.8895281933256617,0.8264257321222075
0.024430704267832906,0.8906789413118527,0.8263201002190803
0.02458151108430101,0.8906789413118527,0.8254180577692323
0.02458151108430101,0.8918296892980437,0.8242690205518081
0.024732317900769116,0.8918296892980437,0.8239664292830077
0.02488312471723722,0.8918296892980437,0.8239155832272274
0.02488312471723722,0.8929804372842347,0.8231025634180001
0.025033931533705322,0.8929804372842347,0.8225388485555628
0.025033931533705322,0.8941311852704258,0.8222807835045176
0.025033931533705322,0.8952819332566168,0.8221091799798119
0.025033931533705322,0.8964326812428078,0.8217401279003589
0.025184738350173427,0.8964326812428078,0.8217177318994546
0.025184738350173427,0.8975834292289988,0.8214941527159935
0.02533554516664153,0.8975834292289988,0.8212457995520651
0.025486351983109636,0.8975834292289988,0.8212220895359525
0.02563715879957774,0.8975834292289988,0.821141789616915
0.02563715879957774,0.8987341772151899,0.820921287449118
0.025787965616045846,0.8987341772151899,0.8200636234491191
0.02593877243251395,0.8987341772151899,0.8198195191297171
0.02593877243251395,0.8998849252013809,0.819424443388808
0.026089579248982055,0.8998849252013809,0.8193276131725146
0.026089579248982055,0.9010356731875719,0.819275615190286
0.026240386065450157,0.9010356731875719,0.8187304883745603
0.026240386065450157,0.9021864211737629,0.8185499099087232
0.02639119288191826,0.9021864211737629,0.8185351439738637
0.02639119288191826,0.903337169159954,0.8180736058697531
0.026541999698386366,0.903337169159954,0.816757559345688
0.02669280651485447,0.903337169159954,0.8165512983920102
0.026843613331322576,0.903337169159954,0.8158353902091651
0.02699442014779068,0.903337169159954,0.8157200872365267
0.027145226964258785,0.903337169159954,0.8155782809657597
0.027145226964258785,0.904487917146145,0.8154205812462061
0.02729603378072689,0.904487917146145,0.814381254900927
0.02744684059719499,0.904487917146145,0.8143072346511361
0.02744684059719499,0.905638665132336,0.8142131118801114
0.02744684059719499,0.906789413118527,0.8139540062678
0.027597647413663096,0.906789413118527,0.8138997447593443
0.0277484542301312,0.906789413118527,0.8127565177420275
0.0277484542301312,0.9079401611047181,0.8124696798833482
0.027899261046599306,0.9079401611047181,0.811757494957719
0.02805006786306741,0.9079401611047181,0.8116737838493372
0.028200874679535515,0.9079401611047181,0.8115138109009281
0.02835168149600362,0.9079401611047181,0.8111994828195811
0.028502488312471725,0.9079401611047181,0.8106578022853639
0.028502488312471725,0.9090909090909091,0.8098846323449745
0.02865329512893983,0.9090909090909091,0.8097501020815308
0.02880410194540793,0.9090909090909091,0.8087522920772413
0.02880410194540793,0.9102416570771001,0.808275721506012
0.028954908761876036,0.9102416570771001,0.8082319125542133
0.028954908761876036,0.9113924050632911,0.8075529482348561
0.028954908761876036,0.9125431530494822,0.8069427712521351
0.02910571557834414,0.9125431530494822,0.8062385711606064
0.029256522394812245,0.9125431530494822,0.8059932902465055
0.029256522394812245,0.9136939010356732,0.8054854430009383
0.029256522394812245,0.9148446490218642,0.8050785836599281
0.02940732921128035,0.9148446490218642,0.8046361962555072
0.02940732921128035,0.9159953970080552,0.8039238633366695
0.029558136027748455,0.9159953970080552,0.803607885037268
0.02970894284421656,0.9159953970080552,0.8032587957010305
0.029859749660684665,0.9159953970080552,0.803122216191352
0.029859749660684665,0.9171461449942463,0.8029800008245441
0.030010556477152766,0.9171461449942463,0.8027183927961832
0.03016136329362087,0.9171461449942463,0.8023454175883193
0.03016136329362087,0.9182968929804373,0.8021739819808607
0.03016136329362087,0.9194476409666283,0.8012997143660722
0.03016136329362087,0.9205983889528193,0.8011843572905226
0.030312170110088976,0.9205983889528193,0.801149312424234
0.030312170110088976,0.9217491369390104,0.8011008333943305
0.030312170110088976,0.9228998849252014,0.801003196192508
0.030312170110088976,0.9240506329113924,0.8008663951590492
0.03046297692655708,0.9240506329113924,0.8003654682137472
0.03046297692655708,0.9252013808975834,0.8001872041860456
0.030613783743025185,0.9252013808975834,0.7995039171639203
0.03076459055949329,0.9252013808975834,0.7991241591881357
0.030915397375961395,0.9252013808975834,0.7980979099417506
0.030915397375961395,0.9263521288837745,0.7976444032140803
0.030915397375961395,0.9275028768699655,0.7975669765243664
0.0310662041924295,0.9275028768699655,0.7971757647289401
0.0310662041924295,0.9286536248561565,0.7969538085993316
0.0310662041924295,0.9298043728423475,0.7968197950970413
0.0312170110088976,0.9298043728423475,0.7965117403161367
0.031367817825365706,0.9298043728423475,0.7962936473485218
0.031367817825365706,0.9309551208285386,0.7961900335882398
0.031367817825365706,0.9321058688147296,0.7958844899641738
0.03151862464183381,0.9321058688147296,0.7954807521759882
0.03151862464183381,0.9332566168009206,0.7954440740064591
0.03151862464183381,0.9344073647871116,0.7952936457269841
0.031669431458301915,0.9344073647871116,0.794910496330786
0.03182023827477002,0.9344073647871116,0.7947518590900158
0.031971045091238125,0.9344073647871116,0.7945946525347174
0.031971045091238125,0.9355581127733027,0.7942775262003159
0.031971045091238125,0.9367088607594937,0.794190975443747
0.031971045091238125,0.9378596087456847,0.794046875483544
0.031971045091238125,0.9390103567318757,0.7940111879017805
0.031971045091238125,0.9401611047180668,0.7939333671707148
0.031971045091238125,0.9413118527042578,0.7938526114465699
0.03212185190770623,0.9413118527042578,0.7938474182623328
0.032272658724174334,0.9413118527042578,0.7935931008036384
0.03242346554064244,0.9413118527042578,0.7935331134745849
0.032574272357110544,0.9413118527042578,0.7924460124972172
0.03272507917357865,0.9413118527042578,0.7914665518532863
0.03287588599004675,0.9413118527042578,0.7914364278986343
0.03302669280651485,0.9413118527042578,0.7906936787408454
0.033177499622982956,0.9413118527042578,0.7904407744578256
0.033177499622982956,0.9424626006904487,0.7903312032304151
0.03332830643945106,0.9424626006904487,0.7893420989381194
0.033479113255919166,0.9424626006904487,0.7890138654539354
0.03362992007238727,0.9424626006904487,0.7887634548737337
0.033780726888855375,0.9424626006904487,0.7884002238135185
0.03393153370532348,0.9424626006904487,0.7882898812887901
0.03393153370532348,0.9436133486766398,0.7881028311364863
0.03393153370532348,0.9447640966628308,0.7876776379502035
0.034082340521791585,0.9447640966628308,0.7873349731445196
0.03423314733825969,0.9447640966628308,0.7870837871391508
0.034383954154727794,0.9447640966628308,0.7869859009883327
0.0345347609711959,0.9447640966628308,0.7868576059238928
0.034685567787664004,0.9447640966628308,0.7866473517950155
0.03483637460413211,0.9447640966628308,0.7849100009704089
0.03483637460413211,0.9459148446490219,0.7843241020926432
0.034987181420600214,0.9459148446490219,0.7837040313318758
0.03513798823706832,0.9459148446490219,0.7836244241846988
0.03528879505353642,0.9459148446490219,0.7825283423158641
0.03543960187000452,0.9459148446490219,0.7823882863326191
0.035590408686472626,0.9459148446490219,0.7809726535892891
0.035590408686472626,0.9470655926352128,0.7808856408896456
0.03574121550294073,0.9470655926352128,0.7807224535921808
0.035892022319408835,0.9470655926352128,0.7802784317657498
0.03604282913587694,0.9470655926352128,0.7800479065144672
0.03604282913587694,0.9482163406214039,0.7795075016979612
0.036193635952345045,0.9482163406214039,0.7790710321595952
0.03634444276881315,0.9482163406214039,0.778557465914773
0.036495249585281254,0.9482163406214039,0.7785528862060711
0.03664605640174936,0.9482163406214039,0.7782598135354423
0.036796863218217464,0.9482163406214039,0.7777620066264926
0.036796863218217464,0.9493670886075949,0.7777386488786119
0.03694767003468557,0.9493670886075949,0.7773055190783383
0.037098476851153674,0.9493670886075949,0.7772773794240578
0.03724928366762178,0.9493670886075949,0.7765646433209129
0.03740009048408988,0.9493670886075949,0.7764943646703908
0.03755089730055799,0.9493670886075949,0.7764860323856241
0.03770170411702609,0.9493670886075949,0.7758694771086907
0.03785251093349419,0.9493670886075949,0.7756929175629628
0.03785251093349419,0.950517836593786,0.7751000793371637
0.038003317749962295,0.950517836593786,0.7747882978299879
0.0381541245664304,0.950517836593786,0.7747565548109838
0.038304931382898505,0.950517836593786,0.7746590335141862
0.03845573819936661,0.950517836593786,0.7740039353169174
0.038606545015834715,0.950517836593786,0.7739390951372968
0.03875735183230282,0.950517836593786,0.7737462789049622
0.038908158648770924,0.950517836593786,0.7735402809285123
0.03905896546523903,0.950517836593786,0.7734935371081058
0.039209772281707134,0.950517836593786,0.7734845706478549
0.03936057909817524,0.950517836593786,0.7725876893617304
0.03951138591464334,0.950517836593786,0.7724093958115489
0.03966219273111145,0.950517836593786,0.7720637723623928
0.03981299954757955,0.950517836593786,0.7718253778697941
0.03981299954757955,0.9516685845799769,0.7714245294226042
0.03996380636404766,0.9516685845799769,0.7712224447732325
0.04011461318051576,0.9516685845799769,0.7706529818423351
0.04026541999698386,0.9516685845799769,0.7705899918976005
0.040416226813451965,0.9516685845799769,0.77058113946811
0.04056703362992007,0.9516685845799769,0.7699853028901813
0.040717840446388175,0.9516685845799769,0.7699739094733346
0.04086864726285628,0.9516685845799769,0.7697387796111524
0.04086864726285628,0.952819332566168,0.7696105344445648
0.041019454079324384,0.952819332566168,0.7691732978244377
0.04117026089579249,0.952819332566168,0.7688165664119865
0.041321067712260594,0.952819332566168,0.7687001334226551
0.0414718745287287,0.952819332566168,0.7684419962727268
0.0414718745287287,0.953970080552359,0.7680829043096854
0.0416226813451968,0.953970080552359,0.7679252834682119
0.0416226813451968,0.9551208285385501,0.7677050860750221
0.04177348816166491,0.9551208285385501,0.7675342428742226
0.04192429497813301,0.9551208285385501,0.7674465056198856
0.04207510179460112,0.9551208285385501,0.7672256352528077
0.04207510179460112,0.956271576524741,0.7670735264176576
0.04222590861106922,0.956271576524741,0.7663814366230122
0.04237671542753733,0.956271576524741,0.766214462522785
0.04252752224400543,0.956271576524741,0.7654801990658419
0.04267832906047354,0.956271576524741,0.765381455910182
0.042829135876941635,0.956271576524741,0.7651174187347068
0.04297994269340974,0.956271576524741,0.7646280976834972
0.043130749509877844,0.956271576524741,0.7645198489974394
0.04328155632634595,0.956271576524741,0.7642482680272382
0.043432363142814054,0.956271576524741,0.7637727808180855
0.04358316995928216,0.956271576524741,0.7636141512391411
0.04373397677575026,0.956271576524741,0.7628564908694866
0.04388478359221837,0.956271576524741,0.7623906763851622
0.04388478359221837,0.9574223245109321,0.762336117314718
0.04403559040868647,0.9574223245109321,0.7621047062907146
0.04418639722515458,0.9574223245109321,0.7618363369511394
0.04418639722515458,0.9585730724971231,0.7615308863224199
0.04433720404162268,0.9585730724971231,0.7606574352835901
0.04448801085809079,0.9585730724971231,0.760559529953731
0.04463881767455889,0.9585730724971231,0.7604399887861008
0.044789624491027,0.9585730724971231,0.7603365063433584
0.0449404313074951,0.9585730724971231,0.7598952304351045
0.045091238123963207,0.9585730724971231,0.7598937519343679
0.045242044940431304,0.9585730724971231,0.7597338716340432
0.04539285175689941,0.9585730724971231,0.7594251973868312
0.045543658573367514,0.9585730724971231,0.759295235374849
0.04569446538983562,0.9585730724971231,0.7591024984175061
0.045845272206303724,0.9585730724971231,0.7579951159172721
0.04599607902277183,0.9585730724971231,0.7572620008102721
0.04614688583923993,0.9585730724971231,0.7571568700087379
0.04629769265570804,0.9585730724971231,0.7568733841635603
0.04629769265570804,0.9597238204833142,0.7563357799856386
0.04644849947217614,0.9597238204833142,0.7563266499132626
0.04644849947217614,0.9608745684695051,0.7558664967793923
0.04644849947217614,0.9620253164556962,0.7557734530219948
0.04659930628864425,0.9620253164556962,0.7549900903018801
0.04659930628864425,0.9631760644418872,0.7545018018939998
0.04675011310511235,0.9631760644418872,0.7544055296253809
0.04690091992158046,0.9631760644418872,0.7540615156520782
0.04705172673804856,0.9631760644418872,0.7540220631172723
0.04720253355451667,0.9631760644418872,0.7538910632598187
0.04735334037098477,0.9631760644418872,0.7538698554050969
0.04735334037098477,0.9643268124280783,0.753579918260615
0.047504147187452876,0.9643268124280783,0.7532391062173521
0.047654954003920974,0.9643268124280783,0.7530480548942717
0.04780576082038908,0.9643268124280783,0.7528738974166664
0.047956567636857184,0.9643268124280783,0.7526270576998437
0.04810737445332529,0.9643268124280783,0.7525603924864407
0.04825818126979339,0.9643268124280783,0.7525144496318881
0.0484089880862615,0.9643268124280783,0.7521725244204498
0.0485597949027296,0.9643268124280783,0.7510079057930272
0.04871060171919771,0.9643268124280783,0.7509129135275422
0.04871060171919771,0.9654775604142692,0.7504375220098051
0.04886140853566581,0.9654775604142692,0.7502441723260445
0.04901221535213392,0.9654775604142692,0.7488692483133486
0.04916302216860202,0.9654775604142692,0.7486700015431779
0.04931382898507013,0.9654775604142692,0.7484745673018148
0.04946463580153823,0.9654775604142692,0.7484033844060541
0.04946463580153823,0.9666283084004603,0.7481023947767369
0.049615442618006336,0.9666283084004603,0.7477068089137399
0.04976624943447444,0.9666283084004603,0.7476403719887459
0.049917056250942546,0.9666283084004603,0.7475221357095742
0.050067863067410644,0.9666283084004603,0.7473665393599157
0.05021866988387875,0.9666283084004603,0.7472156783712399
0.05036947670034685,0.9666283084004603,0.747054444450338
0.05052028351681496,0.9666283084004603,0.7464495894086896
0.05067109033328306,0.9666283084004603,0.7464151207589184
0.05082189714975117,0.9666283084004603,0.7459296868200823
0.05097270396621927,0.9666283084004603,0.745590109605184
0.05112351078268738,0.9666283084004603,0.7452410634741491
0.05127431759915548,0.9666283084004603,0.7449245938335067
0.05142512441562359,0.9666283084004603,0.7445985159673678
0.05157593123209169,0.9666283084004603,0.743864746774369
0.051726738048559796,0.9666283084004603,0.7434672442600965
0.0518775448650279,0.9666283084004603,0.742706287970949
0.052028351681496006,0.9666283084004603,0.7424308743676681
0.052028351681496006,0.9677790563866513,0.7423861414963595
0.052028351681496006,0.9689298043728424,0.7423246578467533
0.05217915849796411,0.9689298043728424,0.7421636019907394
0.05217915849796411,0.9700805523590333,0.7412065971042826
0.052329965314432215,0.9700805523590333,0.741121887760156
0.05248077213090031,0.9700805523590333,0.7410685772438662
0.05263157894736842,0.9700805523590333,0.7408205704172891
0.05278238576383652,0.9700805523590333,0.7407204674163355
0.05278238576383652,0.9712313003452244,0.7406967198411222
0.05293319258030463,0.9712313003452244,0.740511531202883
0.05308399939677273,0.9712313003452244,0.7395935415058217
0.05323480621324084,0.9712313003452244,0.7392808944655506
0.05338561302970894,0.9712313003452244,0.7392225659958048
0.05353641984617705,0.9712313003452244,0.7382122981388215
0.05353641984617705,0.9723820483314154,0.7380063993798751
0.05368722666264515,0.9723820483314154,0.737831373816772
0.053838033479113256,0.9723820483314154,0.7377388028161752
0.05398884029558136,0.9723820483314154,0.737432671812664
0.054139647112049466,0.9723820483314154,0.7371224798065878
0.05429045392851757,0.9723820483314154,0.7370716074512605
0.054441260744985676,0.9723820483314154,0.7367913825425627
0.054441260744985676,0.9735327963176065,0.7367656942246086
0.05459206756145378,0.9735327963176065,0.736280622437249
0.054742874377921885,0.9735327963176065,0.7360625844474272
0.05489368119438998,0.9735327963176065,0.7358951963409094
0.05489368119438998,0.9746835443037974,0.7355012015398057
0.05504448801085809,0.9746835443037974,0.7354600354845455
0.05519529482732619,0.9746835443037974,0.7352396684720997
0.0553461016437943,0.9746835443037974,0.735057042258004
0.0553461016437943,0.9758342922899885,0.7349444368809205
0.0554969084602624,0.9758342922899885,0.7342579125289413
0.05564771527673051,0.9758342922899885,0.7340870530887583
0.05579852209319861,0.9758342922899885,0.7335963288487709
0.055949328909666717,0.9758342922899885,0.7334775395685652
0.05610013572613482,0.9758342922899885,0.7334443726825574
0.056250942542602926,0.9758342922899885,0.73293114433471
0.05640174935907103,0.9758342922899885,0.7325592522357536
0.056552556175539136,0.9758342922899885,0.7323360480527148
0.05670336299200724,0.9758342922899885,0.7322183364479348
0.056854169808475345,0.9758342922899885,0.7320432416950906
0.05700497662494345,0.9758342922899885,0.731864379735241
0.057155783441411555,0.9758342922899885,0.7314270655010726
0.05730659025787966,0.9758342922899885,0.7310425510899777
0.05745739707434776,0.9758342922899885,0.7308797470820481
0.05760820389081586,0.9758342922899885,0.7307135160539433
0.05775901070728397,0.9758342922899885,0.730639485709363
0.05790981752375207,0.9758342922899885,0.7305925481866198
0.05806062434022018,0.9758342922899885,0.7304453000443715
0.05821143115668828,0.9758342922899885,0.7300973988613841
0.05821143115668828,0.9769850402761795,0.7299074718356259
0.058362237973156386,0.9769850402761795,0.7285146264568336
0.05851304478962449,0.9769850402761795,0.7281511199579211
0.058663851606092596,0.9769850402761795,0.727953756943603
0.0588146584225607,0.9769850402761795,0.727388440944054
0.058965465239028805,0.9769850402761795,0.7261555459423165
0.05911627205549691,0.9769850402761795,0.7261348449650785
0.059267078871965015,0.9769850402761795,0.7258485572514818
0.05941788568843312,0.9769850402761795,0.724956379126494
0.059568692504901224,0.9769850402761795,0.7248493963451264
0.05971949932136933,0.9769850402761795,0.7246383274837025
0.05987030613783743,0.9769850402761795,0.7245808985851869
0.06002111295430553,0.9769850402761795,0.7234004640638401
0.06017191977077364,0.9769850402761795,0.7230023850126935
0.06017191977077364,0.9781357882623706,0.7229298380901155
0.06032272658724174,0.9781357882623706,0.722677704560757
0.060473533403709846,0.9781357882623706,0.7222170488942948
0.06062434022017795,0.9781357882623706,0.7221039720656646
0.060775147036646056,0.9781357882623706,0.7220527566611346
0.06092595385311416,0.9781357882623706,0.7216154085431977
0.061076760669582265,0.9781357882623706,0.7188712246895596
0.06122756748605037,0.9781357882623706,0.718588036851536
0.06122756748605037,0.9792865362485615,0.7180764978960341
0.061378374302518475,0.9792865362485615,0.7178949401698259
0.06152918111898658,0.9792865362485615,0.7178803154906152
0.061679987935454685,0.9792865362485615,0.7176003104983092
0.06183079475192279,0.9792865362485615,0.7173533693369717
0.061981601568390894,0.9792865362485615,0.7171398688125855
0.062132408384859,0.9792865362485615,0.717069904322457
0.0622832152013271,0.9792865362485615,0.7170086745800687
0.0624340220177952,0.9792865362485615,0.7169894030807061
0.0625848288342633,0.9792865362485615,0.7162393621430793
0.06273563565073141,0.9792865362485615,0.7161262932290224
0.06288644246719952,0.9792865362485615,0.7161010028581983
0.06303724928366762,0.9792865362485615,0.7155077845317416
0.06318805610013573,0.9792865362485615,0.7153952370900124
0.06333886291660383,0.9792865362485615,0.7148334399371952
0.06348966973307194,0.9792865362485615,0.7145881039409252
0.06364047654954004,0.9792865362485615,0.7145439808404277
0.06379128336600814,0.9792865362485615,0.7145247922213125
0.06394209018247625,0.9792865362485615,0.7144721367147793
0.06409289699894435,0.9792865362485615,0.7140026076265757
0.06424370381541246,0.9792865362485615,0.7139300306681254
0.06439451063188056,0.9792865362485615,0.7133613890598
0.06454531744834867,0.9792865362485615,0.7132801701051044
0.06454531744834867,0.9804372842347526,0.7132452915652386
0.06469612426481677,0.9804372842347526,0.7130971666028199
0.06484693108128488,0.9804372842347526,0.7128376121902846
0.06499773789775298,0.9804372842347526,0.7127943552841483
0.06514854471422109,0.9804372842347526,0.7127075673080364
0.06529935153068919,0.9804372842347526,0.7126402770472446
0.0654501583471573,0.9804372842347526,0.7126181337692655
0.0656009651636254,0.9804372842347526,0.7125879082055566
0.0657517719800935,0.9804372842347526,0.7124735544194014
0.0657517719800935,0.9815880322209436,0.7124191969828094
0.0659025787965616,0.9815880322209436,0.7122457081120759
0.0660533856130297,0.9815880322209436,0.7122342370678686
0.06620419242949781,0.9815880322209436,0.7121221366001323
0.06635499924596591,0.9815880322209436,0.7118437829351791
0.06650580606243402,0.9815880322209436,0.7113996596967154
0.06665661287890212,0.9815880322209436,0.7113023110479982
0.06680741969537023,0.9815880322209436,0.7111498027882186
0.06695822651183833,0.9815880322209436,0.7111073262724336
0.06710903332830644,0.9815880322209436,0.710723836340465
0.06725984014477454,0.9815880322209436,0.7102361023064754
0.06741064696124265,0.9815880322209436,0.7100657906406255
0.06756145377771075,0.9815880322209436,0.7099074674983611
0.06771226059417886,0.9815880322209436,0.7086168885809709
0.06786306741064696,0.9815880322209436,0.7085569241964084
0.06801387422711506,0.9815880322209436,0.7083554946282463
0.06816468104358317,0.9815880322209436,0.7079350357729317
0.06831548786005127,0.9815880322209436,0.7077446569558439
0.06846629467651938,0.9815880322209436,0.7076710637783893
0.06861710149298748,0.9815880322209436,0.7075583886924036
0.06876790830945559,0.9815880322209436,0.7075297189653158
0.0689187151259237,0.9815880322209436,0.707057582537234
0.0690695219423918,0.9815880322209436,0.7065681553050449
0.0692203287588599,0.9815880322209436,0.7062694686323582
0.06937113557532801,0.9815880322209436,0.7060262907340862
0.06952194239179611,0.9815880322209436,0.705440587806278
0.06967274920826422,0.9815880322209436,0.7049549100086412
0.06982355602473232,0.9815880322209436,0.7048899038391703
0.06997436284120043,0.9815880322209436,0.704773675714993
0.06997436284120043,0.9827387802071347,0.7045039630593013
0.07012516965766853,0.9827387802071347,0.7045021517645351
0.07027597647413664,0.9827387802071347,0.7033821328338531
0.07042678329060474,0.9827387802071347,0.7030495911481742
0.07057759010707285,0.9827387802071347,0.7029280387519915
0.07072839692354095,0.9827387802071347,0.7027171967542
0.07087920374000904,0.9827387802071347,0.7026608121095334
0.07103001055647715,0.9827387802071347,0.7023175875969498
0.07118081737294525,0.9827387802071347,0.7022667837607464
0.07133162418941336,0.9827387802071347,0.702108192505462
0.07148243100588146,0.9827387802071347,0.7020945349687734
0.07163323782234957,0.9827387802071347,0.7020291157445253
0.07178404463881767,0.9827387802071347,0.701949536472936
0.07193485145528578,0.9827387802071347,0.7019452355532563
0.07208565827175388,0.9827387802071347,0.7014788998892498
0.07223646508822198,0.9827387802071347,0.701418373613298
0.07238727190469009,0.9827387802071347,0.7013423752645662
0.0725380787211582,0.9827387802071347,0.701222276235602
0.0726888855376263,0.9827387802071347,0.7010974361920201
0.0728396923540944,0.9827387802071347,0.7010111886695102
0.0728396923540944,0.9838895281933256,0.7009951203777474
0.0728396923540944,0.9850402761795167,0.7009668876273335
0.0728396923540944,0.9861910241657077,0.7006695607159216
0.07299049917056251,0.9861910241657077,0.7003024716155365
0.07314130598703061,0.9861910241657077,0.7000744896381432
0.07329211280349872,0.9861910241657077,0.6999621789974303
0.07344291961996682,0.9861910241657077,0.6987050871951896
0.07359372643643493,0.9861910241657077,0.6984302615658857
0.07374453325290303,0.9861910241657077,0.6973812480469145
0.07389534006937114,0.9861910241657077,0.6972745929594621
0.07404614688583924,0.9861910241657077,0.6969374618656254
0.07419695370230735,0.9861910241657077,0.6966841925657864
0.07434776051877545,0.9861910241657077,0.6966436538440332
0.07449856733524356,0.9861910241657077,0.6965442429373764
0.07464937415171166,0.9861910241657077,0.696343608947863
0.07480018096817977,0.9861910241657077,0.6962225018132643
0.07495098778464787,0.9861910241657077,0.695980187290671
0.07510179460111598,0.9861910241657077,0.6958426560792067
0.07525260141758408,0.9861910241657077,0.6958260119449067
0.07540340823405219,0.9861910241657077,0.6956065110809365
0.07555421505052029,0.9861910241657077,0.6952274646098061
0.07570502186698838,0.9861910241657077,0.6951453493692924
0.07585582868345649,0.9861910241657077,0.695097404758147
0.07600663549992459,0.9861910241657077,0.6950164706799755
0.07600663549992459,0.9873417721518988,0.6949045634325417
0.0761574423163927,0.9873417721518988,0.6946123264520764
0.0763082491328608,0.9873417721518988,0.6941502121233126
0.0764590559493289,0.9873417721518988,0.6940120449900667
0.07660986276579701,0.9873417721518988,0.693774061704042
0.07676066958226511,0.9873417721518988,0.6933270242538473
0.07691147639873322,0.9873417721518988,0.6932275098096519
0.07706228321520132,0.9873417721518988,0.6930964128707572
0.07721309003166943,0.9873417721518988,0.6927664669845478
0.07736389684813753,0.9873417721518988,0.6925815918188629
0.07751470366460564,0.9873417721518988,0.6925442925497696
0.07766551048107374,0.9873417721518988,0.6921351454991256
0.07781631729754185,0.9873417721518988,0.691964402834004
0.07796712411400995,0.9873417721518988,0.6918783509520134
0.07811793093047806,0.9873417721518988,0.6909857571011968
0.07826873774694616,0.9873417721518988,0.6906370040420977
0.07841954456341427,0.9873417721518988,0.6906332642516505
0.07857035137988237,0.9873417721518988,0.6905802919043099
0.07872115819635048,0.9873417721518988,0.6904819824555588
0.07887196501281858,0.9873417721518988,0.6904290730800207
0.07902277182928669,0.9873417721518988,0.6903831252378458
0.07917357864575479,0.9873417721518988,0.6898676261306014
0.0793243854622229,0.9873417721518988,0.6898499367037604
0.079475192278691,0.9873417721518988,0.6897454810327713
0.0796259990951591,0.9873417721518988,0.6893079526120119
0.07977680591162721,0.9873417721518988,0.6892700433171964
0.07992761272809532,0.9873417721518988,0.6890401880518925
0.08007841954456342,0.9873417721518988,0.6889938876072162
0.08022922636103152,0.9873417721518988,0.688978083295255
0.08038003317749963,0.9873417721518988,0.688651910363804
0.08053083999396772,0.9873417721518988,0.688509830211456
0.08068164681043583,0.9873417721518988,0.6884440872506756
0.08083245362690393,0.9873417721518988,0.6883780280780475
0.08098326044337203,0.9873417721518988,0.6883413958308442
0.08113406725984014,0.9873417721518988,0.6877526112034098
0.08128487407630824,0.9873417721518988,0.6875822027557178
0.08143568089277635,0.9873417721518988,0.687511390543773
0.08158648770924445,0.9873417721518988,0.6871351863215327
0.08173729452571256,0.9873417721518988,0.6871233346835769
0.08188810134218066,0.9873417721518988,0.6864592346218161
0.08203890815864877,0.9873417721518988,0.6862843557905371
0.08218971497511687,0.9873417721518988,0.686258907593127
0.08234052179158498,0.9873417721518988,0.6861028837546721
0.08249132860805308,0.9873417721518988,0.6857809333184088
0.08264213542452119,0.9873417721518988,0.6849628759550223
0.08279294224098929,0.9873417721518988,0.6847692547834126
0.0829437490574574,0.9873417721518988,0.6846068402108407
0.0830945558739255,0.9873417721518988,0.6843985103556187
0.0832453626903936,0.9873417721518988,0.6838012994090811
0.08339616950686171,0.9873417721518988,0.683079678105091
0.08354697632332982,0.9873417721518988,0.6829146435900574
0.08369778313979792,0.9873417721518988,0.682883568580948
0.08384858995626603,0.9873417721518988,0.6825599324184282
0.08399939677273413,0.9873417721518988,0.6819707664645264
0.08415020358920224,0.9873417721518988,0.6819698162766379
0.08430101040567034,0.9873417721518988,0.681890345867106
0.08445181722213844,0.9873417721518988,0.6817694203479049
0.08460262403860655,0.9873417721518988,0.6816016245496095
0.08475343085507465,0.9873417721518988,0.680887207046121
0.08490423767154276,0.9873417721518988,0.6808311550601166
0.08505504448801086,0.9873417721518988,0.6800059579172767
0.08520585130447897,0.9873417721518988,0.6799477005815167
0.08535665812094707,0.9873417721518988,0.6799435046577007
0.08550746493741516,0.9873417721518988,0.6797914006801554
0.08565827175388327,0.9873417721518988,0.679584360328029
0.08580907857035137,0.9873417721518988,0.6795722212983366
0.08595988538681948,0.9873417721518988,0.6794441262357823
0.08611069220328758,0.9873417721518988,0.678834561688807
0.08626149901975569,0.9873417721518988,0.6787792732602888
0.0864123058362238,0.9873417721518988,0.6786394622381382
0.0865631126526919,0.9873417721518988,0.6785534181226499
0.08671391946916,0.9873417721518988,0.6784640863967882
0.08686472628562811,0.9873417721518988,0.6783334258239284
0.08701553310209621,0.9873417721518988,0.6781752786489825
0.08716633991856432,0.9873417721518988,0.6780442411625772
0.08731714673503242,0.9873417721518988,0.6777669299189334
0.08746795355150053,0.9873417721518988,0.6775876374074695
0.08761876036796863,0.9873417721518988,0.6775717468162583
0.08776956718443674,0.9873417721518988,0.6774042118830245
0.08792037400090484,0.9873417721518988,0.6773431886909955
0.08807118081737295,0.9873417721518988,0.6771944304838098
0.08822198763384105,0.9873417721518988,0.6767679090791207
0.08837279445030916,0.9873417721518988,0.6763895819531552
0.08852360126677726,0.9873417721518988,0.6763635493746503
0.08867440808324537,0.9873417721518988,0.6758738613531934
0.08882521489971347,0.9873417721518988,0.6753769979069371
0.08897602171618157,0.9873417721518988,0.6749158050137976
0.08912682853264968,0.9873417721518988,0.6748213393267879
0.08927763534911778,0.9873417721518988,0.674755489912729
0.08942844216558589,0.9873417721518988,0.6744162448567672
0.089579248982054,0.9873417721518988,0.6742569438814502
0.0897300557985221,0.9873417721518988,0.6738355813031436
0.0897300557985221,0.9884925201380897,0.6735996083688677
0.0898808626149902,0.9884925201380897,0.6734000113784059
0.09003166943145831,0.9884925201380897,0.6732963273421549
0.09018247624792641,0.9884925201380897,0.6732540035815928
0.0903332830643945,0.9884925201380897,0.6731777984089659
0.09048408988086261,0.9884925201380897,0.6730704760706463
0.09063489669733071,0.9884925201380897,0.6726653638585492
0.09078570351379882,0.9884925201380897,0.6716884558859392
0.09093651033026692,0.9884925201380897,0.671621295478245
0.09108731714673503,0.9884925201380897,0.6712551358001391
0.09123812396320313,0.9884925201380897,0.6712532884898836
0.09138893077967124,0.9884925201380897,0.6708531420403395
0.09153973759613934,0.9884925201380897,0.6708320447599936
0.09169054441260745,0.9884925201380897,0.6707541459591637
0.09184135122907555,0.9884925201380897,0.6707529650956446
0.09199215804554366,0.9884925201380897,0.6706724376616917
0.09214296486201176,0.9884925201380897,0.670304207971553
0.09229377167847987,0.9884925201380897,0.670062282150886
0.09244457849494797,0.9884925201380897,0.6700287097416557
0.09259538531141608,0.9884925201380897,0.6699645275548676
0.09274619212788418,0.9884925201380897,0.6697964407005985
0.09289699894435229,0.9884925201380897,0.6694093479859677
0.09304780576082039,0.9884925201380897,0.6692587054748598
0.0931986125772885,0.9884925201380897,0.6692517763990377
0.0933494193937566,0.9884925201380897,0.669227866591728
0.0935002262102247,0.9884925201380897,0.669007121873594
0.09365103302669281,0.9884925201380897,0.6687810759759428
0.09380183984316091,0.9884925201380897,0.6687347249230509
0.09395264665962902,0.9884925201380897,0.6685584739906554
0.09410345347609712,0.9884925201380897,0.6682450816393679
0.09425426029256523,0.9884925201380897,0.6682355519172584
0.09440506710903333,0.9884925201380897,0.6681844225063015
0.09455587392550144,0.9884925201380897,0.668145940986921
0.09470668074196954,0.9884925201380897,0.6681306364805286
0.09485748755843765,0.9884925201380897,0.6680902797646717
0.09500829437490575,0.9884925201380897,0.6679031024033142
0.09515910119137384,0.9884925201380897,0.6677736779298946
0.09530990800784195,0.9884925201380897,0.667453769481295
0.09546071482431005,0.9884925201380897,0.6667926861297414
0.09561152164077816,0.9884925201380897,0.666482745138891
0.09576232845724626,0.9884925201380897,0.6663985693310316
0.09591313527371437,0.9884925201380897,0.6662900156533321
0.09606394209018247,0.9884925201380897,0.6662540943833885
0.09621474890665058,0.9884925201380897,0.6659350744109918
0.09636555572311868,0.9884925201380897,0.6657119202201139
0.09651636253958679,0.9884925201380897,0.6656848977373651
0.09666716935605489,0.9884925201380897,0.6651108589184126
0.096817976172523,0.9884925201380897,0.6649870423135559
0.0969687829889911,0.9884925201380897,0.6647092605778137
0.0971195898054592,0.9884925201380897,0.6642611353173555
0.09727039662192731,0.9884925201380897,0.6641234108989964
0.09742120343839542,0.9884925201380897,0.6638063977949854
0.09757201025486352,0.9884925201380897,0.663564827449929
0.09772281707133162,0.9884925201380897,0.6633158108669117
0.09787362388779973,0.9884925201380897,0.6631757570094959
0.09802443070426783,0.9884925201380897,0.6628580946978024
0.09817523752073594,0.9884925201380897,0.6627234511423612
0.09832604433720404,0.9884925201380897,0.6626867788751721
0.09847685115367215,0.9884925201380897,0.6624348616304635
0.09862765797014025,0.9884925201380897,0.6624268309368735
0.09877846478660836,0.9884925201380897,0.6623759344445687
0.09892927160307646,0.9884925201380897,0.6621547985572267
0.09908007841954457,0.9884925201380897,0.6620807631607962
0.09923088523601267,0.9884925201380897,0.6617745972685316
0.09938169205248078,0.9884925201380897,0.661670897019229
0.09953249886894888,0.9884925201380897,0.6616558504304503
0.09968330568541699,0.9884925201380897,0.6613290068804023
0.09983411250188509,0.9884925201380897,0.660806597222946
0.0999849193183532,0.9884925201380897,0.6607937504881021
0.10013572613482129,0.9884925201380897,0.6607682767028946
0.10028653295128939,0.9884925201380897,0.6604679061002091
0.1004373397677575,0.9884925201380897,0.6604633132571713
0.1005881465842256,0.9884925201380897,0.6602129582460596
0.1007389534006937,0.9884925201380897,0.6600679358782495
0.10088976021716181,0.9884925201380897,0.6598261351049094
0.10104056703362992,0.9884925201380897,0.6596170110353586
0.10119137385009802,0.9884925201380897,0.6595166872788623
0.10134218066656613,0.9884925201380897,0.6594759074432113
0.10149298748303423,0.9884925201380897,0.6594732511173966
0.10164379429950234,0.9884925201380897,0.6590367019377492
0.10179460111597044,0.9884925201380897,0.6588533057105596
0.10194540793243854,0.9884925201380897,0.6585116770623082
0.10209621474890665,0.9884925201380897,0.6582986160497231
0.10224702156537475,0.9884925201380897,0.6581627991360147
0.10239782838184286,0.9884925201380897,0.6576757771051998
0.10254863519831096,0.9884925201380897,0.6574661733741378
0.10269944201477907,0.9884925201380897,0.6573679866628309
0.10285024883124717,0.9884925201380897,0.6572426950898479
0.10300105564771528,0.9884925201380897,0.6570494341039818
0.10315186246418338,0.9884925201380897,0.6563661434976269
0.10330266928065149,0.9884925201380897,0.6559371564057523
0.10345347609711959,0.9884925201380897,0.6557789644705205
0.1036042829135877,0.9884925201380897,0.6551988466236691
0.1037550897300558,0.9884925201380897,0.655141443028051
0.10390589654652391,0.9884925201380897,0.6550966699561583
0.10405670336299201,0.9884925201380897,0.6550326919820855
0.10420751017946012,0.9884925201380897,0.6545058195303929
0.10420751017946012,0.9896432681242808,0.6542001302963886
0.10435831699592822,0.9896432681242808,0.654074483004425
0.10450912381239633,0.9896432681242808,0.6538503379916443
0.10465993062886443,0.9896432681242808,0.653696179580487
0.10481073744533254,0.9896432681242808,0.6536386990754893
0.10496154426180063,0.9896432681242808,0.6535042041007212
0.10511235107826873,0.9896432681242808,0.6533473681717981
0.10526315789473684,0.9896432681242808,0.6520976755001273
0.10541396471120494,0.9896432681242808,0.6519214561929867
0.10556477152767305,0.9896432681242808,0.6518495458006592
0.10571557834414115,0.9896432681242808,0.6516736569415676
0.10586638516060926,0.9896432681242808,0.6513126740387551
0.10601719197707736,0.9896432681242808,0.6511934265231679
0.10616799879354546,0.9896432681242808,0.650367701744858
0.10631880561001357,0.9896432681242808,0.6501253508356435
0.10646961242648167,0.9896432681242808,0.6500700983653115
0.10662041924294978,0.9896432681242808,0.6500490114252626
0.10677122605941788,0.9896432681242808,0.6495600750165578
0.10692203287588599,0.9896432681242808,0.6495217494493405
0.1070728396923541,0.9896432681242808,0.64945603936267
0.1072236465088222,0.9896432681242808,0.6493158116828681
0.1073744533252903,0.9896432681242808,0.6492430092465974
0.10752526014175841,0.9896432681242808,0.6485365707317992
0.10767606695822651,0.9896432681242808,0.6482418200284058
0.10782687377469462,0.9896432681242808,0.6478615546011594
0.10797768059116272,0.9896432681242808,0.6470681116646079
0.10812848740763083,0.9896432681242808,0.6466484831602124
0.10827929422409893,0.9896432681242808,0.6464383263457953
0.10843010104056704,0.9896432681242808,0.6463283187102972
0.10858090785703514,0.9896432681242808,0.6461667574801288
0.10873171467350325,0.9896432681242808,0.6461655954002997
0.10888252148997135,0.9896432681242808,0.6460999581988071
0.10903332830643946,0.9896432681242808,0.6460441029136912
0.10918413512290756,0.9896432681242808,0.6459470430191805
0.10933494193937567,0.9896432681242808,0.6458203173045842
0.10948574875584377,0.9896432681242808,0.645729888577617
0.10963655557231188,0.9896432681242808,0.6456568778790585
0.10978736238877997,0.9896432681242808,0.6452994844027229
0.10993816920524807,0.9896432681242808,0.645176249201339
0.11008897602171618,0.9896432681242808,0.6451371951652803
0.11023978283818428,0.9896432681242808,0.6451102090561704
0.11039058965465239,0.9896432681242808,0.6446707205174206
0.11054139647112049,0.9896432681242808,0.644149027498916
0.1106922032875886,0.9896432681242808,0.6440080020877115
0.1108430101040567,0.9896432681242808,0.6439735482550517
0.1109938169205248,0.9896432681242808,0.643935272848524
0.11114462373699291,0.9896432681242808,0.6438345265419866
0.11129543055346101,0.9896432681242808,0.64374666527972
0.11144623736992912,0.9896432681242808,0.6434247376284985
0.11159704418639722,0.9896432681242808,0.6425687204429584
0.11174785100286533,0.9896432681242808,0.6424300796117445
0.11189865781933343,0.9896432681242808,0.6419451574800921
0.11204946463580154,0.9896432681242808,0.641934155630048
0.11220027145226964,0.9896432681242808,0.6419231326906865
0.11235107826873775,0.9896432681242808,0.6414402986396686
0.11250188508520585,0.9896432681242808,0.6413230189700011
0.11265269190167396,0.9896432681242808,0.6412504292339891
0.11280349871814206,0.9896432681242808,0.6410114957982516
0.11295430553461017,0.9896432681242808,0.6408521332485267
0.11310511235107827,0.9896432681242808,0.6406796640433198
0.11325591916754638,0.9896432681242808,0.6405790668511118
0.11325591916754638,0.9907940161104718,0.6405382958447975
0.11340672598401448,0.9907940161104718,0.6400208755140349
0.11355753280048259,0.9907940161104718,0.6398152296007434
0.11370833961695069,0.9907940161104718,0.6398053028237111
0.1138591464334188,0.9907940161104718,0.6396057588378544
0.1140099532498869,0.9907940161104718,0.6394094443629501
0.114160760066355,0.9907940161104718,0.6392875152067112
0.11431156688282311,0.9907940161104718,0.6392110214222254
0.11446237369929121,0.9907940161104718,0.6386810265287901
0.11461318051575932,0.9907940161104718,0.6385998538148813
0.11476398733222741,0.9907940161104718,0.6385942830532043
0.11476398733222741,0.9919447640966629,0.638534293939972
0.11491479414869551,0.9919447640966629,0.6385199080911351
0.11506560096516362,0.9919447640966629,0.6384597529823518
0.11521640778163172,0.9919447640966629,0.638112808717664
0.11536721459809983,0.9919447640966629,0.6379594206279268
0.11551802141456793,0.9919447640966629,0.6378534394074796
0.11566882823103604,0.9919447640966629,0.6376139698304879
0.11581963504750414,0.9919447640966629,0.6371909386803736
0.11597044186397225,0.9919447640966629,0.6369267046216021
0.11612124868044035,0.9919447640966629,0.636854582767402
0.11627205549690846,0.9919447640966629,0.6364700894691808
0.11642286231337656,0.9919447640966629,0.6364502720182246
0.11657366912984467,0.9919447640966629,0.6362952695817955
0.11672447594631277,0.9919447640966629,0.6361749845519911
0.11687528276278088,0.9919447640966629,0.636128230115186
0.11687528276278088,0.9930955120828538,0.6359950292150206
0.11702608957924898,0.9930955120828538,0.6359336416807502
0.11717689639571709,0.9930955120828538,0.6358671449071998
0.11732770321218519,0.9930955120828538,0.6357984722858085
0.1174785100286533,0.9930955120828538,0.635797283300108
0.1176293168451214,0.9930955120828538,0.6353275452659742
0.1177801236615895,0.9930955120828538,0.6349965730518514
0.11793093047805761,0.9930955120828538,0.6349634463393043
0.11808173729452572,0.9930955120828538,0.634810508129654
0.11823254411099382,0.9930955120828538,0.6346723066649641
0.11838335092746193,0.9930955120828538,0.6346602097488674
0.11853415774393003,0.9930955120828538,0.6346508374368517
0.11868496456039813,0.9930955120828538,0.6346349129380973
0.11883577137686624,0.9930955120828538,0.6342595323673065
0.11898657819333434,0.9930955120828538,0.6341116668955886
0.11913738500980245,0.9930955120828538,0.6337059940338616
0.11928819182627055,0.9930955120828538,0.6334006722169134
0.11943899864273866,0.9930955120828538,0.6333052131692033
0.11958980545920675,0.9930955120828538,0.6329902424677534
0.11974061227567485,0.9930955120828538,0.6329690520074973
0.11989141909214296,0.9930955120828538,0.6329579115503361
0.12004222590861106,0.9930955120828538,0.6328276618012948
0.12019303272507917,0.9930955120828538,0.6327284220314454
0.12019303272507917,0.9942462600690449,0.6326923842288406
0.12034383954154727,0.9942462600690449,0.6326883779651081
0.12049464635801538,0.9942462600690449,0.6325726190729529
0.12064545317448348,0.9942462600690449,0.6324408398692105
0.12079625999095159,0.9942462600690449,0.6317804507193665
0.12094706680741969,0.9942462600690449,0.6314614693346926
0.1210978736238878,0.9942462600690449,0.6313316390474182
0.1212486804403559,0.9942462600690449,0.6312758590291875
0.121399487256824,0.9942462600690449,0.6311876606205316
0.12155029407329211,0.9942462600690449,0.6311484347008218
0.12170110088976022,0.9942462600690449,0.6308959115300931
0.12185190770622832,0.9942462600690449,0.6305717640743921
0.12200271452269643,0.9942462600690449,0.6302288461711905
0.12215352133916453,0.9942462600690449,0.6301693798684992
0.12230432815563264,0.9942462600690449,0.6298568436113081
0.12245513497210074,0.9942462600690449,0.6296620087800615
0.12260594178856885,0.9942462600690449,0.6293878972553039
0.12275674860503695,0.9942462600690449,0.6293228403791385
0.12290755542150505,0.9942462600690449,0.6288968696366823
0.12305836223797316,0.9942462600690449,0.6288361823817714
0.12320916905444126,0.9942462600690449,0.6287896869750288
0.12335997587090937,0.9942462600690449,0.6286070677258286
0.12351078268737747,0.9942462600690449,0.6285805251279225
0.12366158950384558,0.9942462600690449,0.6283368672969631
0.12366158950384558,0.9953970080552359,0.6283188835142519
0.12381239632031368,0.9953970080552359,0.6280548412016855
0.12396320313678179,0.9953970080552359,0.6280498719650309
0.12411400995324989,0.9953970080552359,0.6277740042195007
0.124264816769718,0.9953970080552359,0.627666804316304
0.12441562358618609,0.9953970080552359,0.6276305046230203
0.1245664304026542,0.9953970080552359,0.6275405744152125
0.1247172372191223,0.9953970080552359,0.6273709298353368
0.1248680440355904,0.9953970080552359,0.6273540517123278
0.12501885085205852,0.9953970080552359,0.6272545399805034
0.1251696576685266,0.9953970080552359,0.6269574035848066
0.12532046448499473,0.9953970080552359,0.6267443832002813
0.12547127130146282,0.9953970080552359,0.6266269040343687
0.12562207811793094,0.9953970080552359,0.6263610317084992
0.12577288493439903,0.9953970080552359,0.626237911639069
0.12592369175086715,0.9953970080552359,0.6262181961223654
0.12607449856733524,0.9953970080552359,0.6261986171586358
0.12622530538380336,0.9953970080552359,0.6256033692589196
0.12637611220027145,0.9953970080552359,0.6254950089880827
0.12652691901673957,0.9953970080552359,0.625411933124205
0.12667772583320766,0.9953970080552359,0.6252101689300914
0.12682853264967578,0.9953970080552359,0.6252036881307709
0.12697933946614387,0.9953970080552359,0.6249056545080075
0.12713014628261196,0.9953970080552359,0.624668596869873
0.12728095309908008,0.9953970080552359,0.624498065577053
0.12743175991554817,0.9953970080552359,0.6240284513387195
0.1275825667320163,0.9953970080552359,0.6237509743134604
0.12773337354848438,0.9953970080552359,0.6236815162516549
0.1278841803649525,0.9953970080552359,0.6232131860086506
0.1280349871814206,0.9953970080552359,0.6228985028494378
0.1281857939978887,0.9953970080552359,0.622487647409833
0.1283366008143568,0.9953970080552359,0.6222361618601102
0.12848740763082492,0.9953970080552359,0.622119498984258
0.128638214447293,0.9953970080552359,0.6216566258548777
0.12878902126376113,0.9953970080552359,0.6216558234022213
0.12893982808022922,0.9953970080552359,0.6215665462407646
0.12909063489669734,0.9953970080552359,0.6213352157883429
0.12924144171316543,0.9953970080552359,0.6211026179692751
0.12939224852963355,0.9953970080552359,0.6210716095209654
0.12954305534610164,0.9953970080552359,0.6210123193005986
0.12969386216256976,0.9953970080552359,0.6209399177061501
0.12984466897903785,0.9953970080552359,0.6209096860323825
0.12999547579550597,0.9953970080552359,0.6208952216372935
0.13014628261197406,0.9953970080552359,0.6208759820129961
0.13029708942844218,0.9953970080552359,0.6208503035017658
0.13044789624491027,0.9953970080552359,0.6207077172331802
0.13059870306137839,0.9953970080552359,0.6206324619277426
0.13074950987784648,0.9953970080552359,0.6206303260901496
0.1309003166943146,0.9953970080552359,0.620610025357055
0.13105112351078269,0.9953970080552359,0.620516233689849
0.1312019303272508,0.9953970080552359,0.6203635963205169
0.1313527371437189,0.9953970080552359,0.6201655588761404
0.131503543960187,0.9953970080552359,0.6200417344383996
0.1316543507766551,0.9953970080552359,0.6197352930551636
0.1318051575931232,0.9953970080552359,0.619697317576188
0.13195596440959131,0.9953970080552359,0.6191594345231871
0.1321067712260594,0.9953970080552359,0.6191467676672051
0.13225757804252752,0.9953970080552359,0.6191205624673959
0.13240838485899561,0.9953970080552359,0.619083295824403
0.13255919167546373,0.9953970080552359,0.6190760526662248
0.13270999849193182,0.9953970080552359,0.6190444064499324
0.13286080530839994,0.9953970080552359,0.6189329714497428
0.13301161212486803,0.9953970080552359,0.618921160028638
0.13316241894133615,0.9953970080552359,0.6186532856263747
0.13331322575780424,0.9953970080552359,0.6185249170352698
0.13346403257427236,0.9953970080552359,0.6183930889342062
0.13361483939074045,0.9953970080552359,0.6181049512698524
0.13376564620720857,0.9953970080552359,0.6180775308309973
0.13391645302367666,0.9953970080552359,0.6178221457046094
0.13406725984014478,0.9953970080552359,0.6178158445775462
0.13421806665661287,0.9953970080552359,0.617752452868625
0.134368873473081,0.9953970080552359,0.6174668370859816
0.13451968028954908,0.9953970080552359,0.6174571649095547
0.1346704871060172,0.9953970080552359,0.6173113370874718
0.1348212939224853,0.9953970080552359,0.6172069135028491
0.1349721007389534,0.9953970080552359,0.6171258459899025
0.1351229075554215,0.9953970080552359,0.6171109351598496
0.13527371437188962,0.9953970080552359,0.6169970437383377
0.1354245211883577,0.9953970080552359,0.6167974996135288
0.13557532800482583,0.9953970080552359,0.6167277897715119
0.13572613482129392,0.9953970080552359,0.6165726691023621
0.13587694163776204,0.9953970080552359,0.6163675097513894
0.13602774845423013,0.9953970080552359,0.615742591154476
0.13602774845423013,0.996547756041427,0.6156661896878285
0.13617855527069825,0.996547756041427,0.6155762509844781
0.13632936208716634,0.996547756041427,0.6154302781932232
0.13648016890363446,0.996547756041427,0.614898628830682
0.13663097572010255,0.996547756041427,0.6140589989801731
0.13678178253657064,0.996547756041427,0.6137982290061327
0.13693258935303876,0.996547756041427,0.6137514420777975
0.13708339616950685,0.996547756041427,0.613732067771215
0.13723420298597497,0.996547756041427,0.6136776095186511
0.13738500980244306,0.996547756041427,0.6136657187998791
0.13753581661891118,0.996547756041427,0.6135749109128985
0.13768662343537927,0.996547756041427,0.6134579839346543
0.1378374302518474,0.996547756041427,0.6132738480516196
0.13798823706831548,0.996547756041427,0.6132664660845298
0.1381390438847836,0.996547756041427,0.6131220442692901
0.1382898507012517,0.996547756041427,0.6129477422717544
0.1384406575177198,0.996547756041427,0.6129256552392577
0.1385914643341879,0.996547756041427,0.6129049165639596
0.13874227115065602,0.996547756041427,0.6125936083683021
0.1388930779671241,0.996547756041427,0.6122919139813154
0.13904388478359223,0.996547756041427,0.6122444750094992
0.13919469160006032,0.996547756041427,0.6121191459261264
0.13934549841652843,0.996547756041427,0.6119530705127845
0.13949630523299653,0.996547756041427,0.6116858601529915
0.13964711204946464,0.996547756041427,0.6115392383878988
0.13979791886593274,0.996547756041427,0.61142956309013
0.13994872568240085,0.996547756041427,0.6111361957367974
0.14009953249886894,0.996547756041427,0.6106954770194142
0.14025033931533706,0.996547756041427,0.6102517837813471
0.14040114613180515,0.996547756041427,0.610182711713064
0.14055195294827327,0.996547756041427,0.6099220094737109
0.14070275976474136,0.996547756041427,0.6098478093200214
0.14085356658120948,0.996547756041427,0.6097174362714638
0.14100437339767757,0.996547756041427,0.6096756483521926
0.1411551802141457,0.996547756041427,0.6095800085111196
0.14130598703061378,0.996547756041427,0.6094005900539311
0.1414567938470819,0.996547756041427,0.6092212914629246
0.14160760066355,0.996547756041427,0.6082060648273837
0.14175840748001808,0.996547756041427,0.6079103979497896
0.1419092142964862,0.996547756041427,0.6077725570020591
0.1420600211129543,0.996547756041427,0.6075373311992837
0.1422108279294224,0.996547756041427,0.6071271874061513
0.1423616347458905,0.996547756041427,0.6070743477391615
0.14251244156235862,0.996547756041427,0.6067526926891879
0.1426632483788267,0.996547756041427,0.6064766220043697
0.14281405519529483,0.996547756041427,0.6064747448469114
0.14296486201176292,0.996547756041427,0.6064692359860355
0.14311566882823104,0.996547756041427,0.6062698408207035
0.14326647564469913,0.996547756041427,0.6062105133642396
0.14341728246116725,0.996547756041427,0.6061104159600117
0.14356808927763534,0.996547756041427,0.6059193891693946
0.14371889609410346,0.996547756041427,0.6058819273065799
0.14386970291057155,0.996547756041427,0.6053740205811724
0.14402050972703967,0.996547756041427,0.6053738905279399
0.14417131654350776,0.996547756041427,0.6051355420118213
0.14432212335997588,0.996547756041427,0.6047895156926457
0.14447293017644397,0.996547756041427,0.6047850154879122
0.1446237369929121,0.996547756041427,0.6047098304573305
0.14477454380938018,0.996547756041427,0.6046338803700466
0.1449253506258483,0.996547756041427,0.6046043718408132
0.1450761574423164,0.996547756041427,0.6043189556418689
0.1452269642587845,0.996547756041427,0.6042364077324432
0.1453777710752526,0.996547756041427,0.6042045683477215
0.14552857789172072,0.996547756041427,0.6041071103959581
0.1456793847081888,0.996547756041427,0.604092105978493
0.14583019152465693,0.996547756041427,0.6040893698947309
0.14598099834112502,0.996547756041427,0.6037380558070305
0.14613180515759314,0.996547756041427,0.6033527142822138
0.14628261197406123,0.996547756041427,0.6032368777351099
0.14643341879052932,0.996547756041427,0.602801070496515
0.14658422560699744,0.996547756041427,0.6025933921117619
0.14673503242346553,0.996547756041427,0.602145756745748
0.14688583923993365,0.996547756041427,0.6017321759503781
0.14703664605640174,0.996547756041427,0.6016941836074731
0.14718745287286986,0.996547756041427,0.6009569960620014
0.14733825968933795,0.996547756041427,0.6008111896367702
0.14748906650580607,0.996547756041427,0.6006491467168155
0.14763987332227416,0.996547756041427,0.600248300504298
0.14779068013874228,0.996547756041427,0.600225576903144
0.14794148695521037,0.996547756041427,0.5996906436921502
0.14809229377167848,0.996547756041427,0.599680592366878
0.14824310058814658,0.996547756041427,0.5990119634087318
0.1483939074046147,0.996547756041427,0.5986419983695139
0.14854471422108279,0.996547756041427,0.5985042778688362
0.1486955210375509,0.996547756041427,0.5972479731712329
0.148846327854019,0.996547756041427,0.5970674953851448
0.1489971346704871,0.996547756041427,0.5970095040395268
0.1491479414869552,0.996547756041427,0.5969682389093474
0.14929874830342332,0.996547756041427,0.5969396861465305
0.14944955511989141,0.996547756041427,0.596924668899287
0.14960036193635953,0.996547756041427,0.5968439986275329
0.14975116875282762,0.996547756041427,0.5967916883456273
0.14990197556929574,0.996547756041427,0.5966713394619485
0.15005278238576383,0.996547756041427,0.5966408257167253
0.15020358920223195,0.996547756041427,0.5964265734542342
0.15035439601870004,0.996547756041427,0.5963569331902419
0.15050520283516816,0.996547756041427,0.5961662048125547
0.15065600965163625,0.996547756041427,0.5958830514478156
0.15080681646810437,0.996547756041427,0.5958755480608405
0.15095762328457246,0.996547756041427,0.59585378277773
0.15110843010104058,0.996547756041427,0.5957513889303501
0.15125923691750867,0.996547756041427,0.5954286790821529
0.15141004373397676,0.996547756041427,0.5952391511935673
0.15156085055044488,0.996547756041427,0.5951970358411092
0.15171165736691297,0.996547756041427,0.5949088759583029
0.1518624641833811,0.996547756041427,0.5948224217404954
0.15201327099984918,0.996547756041427,0.5947778641244489
0.1521640778163173,0.996547756041427,0.5946348659182225
0.1523148846327854,0.996547756041427,0.5945532890315537
0.1524656914492535,0.996547756041427,0.5942167956835882
0.1526164982657216,0.996547756041427,0.5940703621767126
0.15276730508218972,0.996547756041427,0.5940483277588584
0.1529181118986578,0.996547756041427,0.5939313678220125
0.15306891871512593,0.996547756041427,0.5937518501696839
0.15321972553159402,0.996547756041427,0.593589706299219
0.15337053234806214,0.996547756041427,0.5934597493769456
0.15352133916453023,0.996547756041427,0.5932154143646327
0.15367214598099835,0.996547756041427,0.5928031283173089
0.15382295279746644,0.996547756041427,0.592705644071444
0.15397375961393456,0.996547756041427,0.5923254798189258
0.15412456643040265,0.996547756041427,0.592300016727372
0.15427537324687077,0.996547756041427,0.5922911304994021
0.15442618006333886,0.996547756041427,0.5922305960966953
0.15457698687980698,0.996547756041427,0.5922111289091415
0.15472779369627507,0.996547756041427,0.592106059797849
0.1548786005127432,0.996547756041427,0.592055443731444
0.1548786005127432,0.997698504027618,0.591878636578749
0.15502940732921128,0.997698504027618,0.5917001984037427
0.1551802141456794,0.997698504027618,0.5913185351454744
0.1553310209621475,0.997698504027618,0.5913165163209265
0.1554818277786156,0.997698504027618,0.5912923567045106
0.1556326345950837,0.997698504027618,0.5912686628795375
0.15578344141155182,0.997698504027618,0.5910887419852807
0.1559342482280199,0.997698504027618,0.5909660391882567
0.15608505504448802,0.997698504027618,0.5900636562918469
0.15623586186095612,0.997698504027618,0.5900282784824913
0.1563866686774242,0.997698504027618,0.5899907202379691
0.15653747549389233,0.997698504027618,0.5899830380714529
0.15668828231036042,0.997698504027618,0.5897310544077956
0.15683908912682853,0.997698504027618,0.5897187862429478
0.15698989594329663,0.997698504027618,0.5897039703223068
0.15714070275976474,0.997698504027618,0.5896828971258361
0.15729150957623284,0.997698504027618,0.5892710317177376
0.15744231639270095,0.997698504027618,0.5889973203397073
0.15759312320916904,0.997698504027618,0.5889307164644538
0.15774393002563716,0.997698504027618,0.5888526892936241
0.15789473684210525,0.997698504027618,0.5888162509925681
0.15804554365857337,0.997698504027618,0.5887755207005582
0.15819635047504146,0.997698504027618,0.5881569463466526
0.15834715729150958,0.997698504027618,0.5880418905049006
0.15849796410797767,0.997698504027618,0.5880398475992991
0.1586487709244458,0.997698504027618,0.5880383691372347
0.15879957774091388,0.997698504027618,0.5879786262835527
0.158950384557382,0.997698504027618,0.5879456052479191
0.1591011913738501,0.997698504027618,0.5877923168069589
0.1592519981903182,0.997698504027618,0.5868569308882988
0.1594028050067863,0.997698504027618,0.5867605538599784
0.15955361182325442,0.997698504027618,0.5867378585277268
0.1597044186397225,0.997698504027618,0.5866886104087943
0.15985522545619063,0.997698504027618,0.5866673721395985
0.16000603227265872,0.997698504027618,0.5862082688664806
0.16015683908912684,0.997698504027618,0.5859064346427828
0.16015683908912684,0.998849252013809,0.5858717389680395
0.16030764590559493,0.998849252013809,0.5858663868906826
0.16045845272206305,0.998849252013809,0.5858142724971749
0.16060925953853114,0.998849252013809,0.5854502475024637
0.16076006635499926,0.998849252013809,0.5854257335971113
0.16091087317146735,0.998849252013809,0.584704653623915
0.16106167998793544,0.998849252013809,0.5840835910627084
0.16121248680440356,0.998849252013809,0.5839432685538485
0.16136329362087165,0.998849252013809,0.5838733681673727
0.16151410043733977,0.998849252013809,0.5838165803126814
0.16166490725380786,0.998849252013809,0.5838004424890183
0.16181571407027598,0.998849252013809,0.5837492498118708
0.16196652088674407,0.998849252013809,0.583700414693951
0.1621173277032122,0.998849252013809,0.5830582613762956
0.16226813451968028,0.998849252013809,0.5829640927704164
0.1624189413361484,0.998849252013809,0.58294052900184
0.1625697481526165,0.998849252013809,0.5828483561142911
0.1627205549690846,0.998849252013809,0.5827743695283439
0.1628713617855527,0.998849252013809,0.5827285266168071
0.16302216860202082,0.998849252013809,0.5826484020123933
0.1631729754184889,0.998849252013809,0.5821949578170926
0.16332378223495703,0.998849252013809,0.5819859654694063
0.16347458905142512,0.998849252013809,0.5819072377734594
0.16362539586789324,0.998849252013809,0.5817048210470144
0.16377620268436133,0.998849252013809,0.5816275561751394
0.16392700950082945,0.998849252013809,0.5813613796035917
0.16407781631729754,0.998849252013809,0.5811908648504928
0.16422862313376566,0.998849252013809,0.581185068386774
0.16437942995023375,0.998849252013809,0.580978424837927
0.16453023676670187,0.998849252013809,0.5809084027685923
0.16468104358316996,0.998849252013809,0.5808864110955306
0.16483185039963807,0.998849252013809,0.580866425958436
0.16498265721610617,0.998849252013809,0.5807566457576976
0.16513346403257428,0.998849252013809,0.5807272982327976
0.16528427084904238,0.998849252013809,0.5806768299871741
0.1654350776655105,0.998849252013809,0.580644540627795
0.16558588448197858,0.998849252013809,0.5806381624115522
0.1657366912984467,0.998849252013809,0.5806013951695347
0.1658874981149148,0.998849252013809,0.5803208885424923
0.16603830493138289,0.998849252013809,0.5803004435511688
0.166189111747851,0.998849252013809,0.5802191125931899
0.1663399185643191,0.998849252013809,0.5799230652575248
0.1664907253807872,0.998849252013809,0.5796378616257499
0.1666415321972553,0.998849252013809,0.5794250282395496
0.16679233901372342,0.998849252013809,0.5794038443187693
0.16694314583019151,0.998849252013809,0.5794000013830937
0.16709395264665963,0.998849252013809,0.5791642283145988
0.16724475946312772,0.998849252013809,0.5790196337704306
0.16739556627959584,0.998849252013809,0.5789701324646613
0.16754637309606393,0.998849252013809,0.5788768886480845
0.16769717991253205,0.998849252013809,0.5788529180584258
0.16784798672900014,0.998849252013809,0.5784300216021805
0.16799879354546826,0.998849252013809,0.5782893044673236
0.16814960036193635,0.998849252013809,0.578205193577197
0.16830040717840447,0.998849252013809,0.578114590447593
0.16845121399487256,0.998849252013809,0.5778694557146061
0.16860202081134068,0.998849252013809,0.5778501046852372
0.16875282762780877,0.998849252013809,0.5777931711477761
0.1689036344442769,0.998849252013809,0.5777883619732022
0.16905444126074498,0.998849252013809,0.5776408434129147
0.1692052480772131,0.998849252013809,0.5771597906472713
0.1693560548936812,0.998849252013809,0.5769384788129265
0.1695068617101493,0.998849252013809,0.576671934612541
0.1696576685266174,0.998849252013809,0.5766366516405882
0.16980847534308552,0.998849252013809,0.5765812544854988
0.1699592821595536,0.998849252013809,0.5765060776909088
0.17011008897602173,0.998849252013809,0.5764470150381537
0.17026089579248982,0.998849252013809,0.5759193280680784
0.17041170260895794,0.998849252013809,0.5755538953253775
0.17056250942542603,0.998849252013809,0.57546205896223
0.17071331624189415,0.998849252013809,0.5753847163932018
0.17086412305836224,0.998849252013809,0.5753281647015585
0.17101492987483033,0.998849252013809,0.5752321086553072
0.17116573669129845,0.998849252013809,0.5749281813437805
0.17131654350776654,0.998849252013809,0.5748132664327307
0.17146735032423466,0.998849252013809,0.5748093584051219
0.17161815714070275,0.998849252013809,0.5747062067058284
0.17176896395717087,0.998849252013809,0.5746250264947693
0.17191977077363896,0.998849252013809,0.5745194653638813
0.17207057759010708,0.998849252013809,0.5740669474499874
0.17222138440657517,0.998849252013809,0.5740568201223936
0.1723721912230433,0.998849252013809,0.5737062346197321
0.17252299803951138,0.998849252013809,0.5736956874925219
0.1726738048559795,0.998849252013809,0.5735050083219893
0.1728246116724476,0.998849252013809,0.5734373014875909
0.1729754184889157,0.998849252013809,0.573385700559615
0.1731262253053838,0.998849252013809,0.5733609437884579
0.17327703212185191,0.998849252013809,0.5733517624749565
0.17342783893832,0.998849252013809,0.5731022612219387
0.17357864575478812,0.998849252013809,0.5730528718082201
0.17372945257125622,0.998849252013809,0.5729381191001232
0.17388025938772433,0.998849252013809,0.5729341269241689
0.17403106620419243,0.998849252013809,0.5727220780165742
0.17418187302066054,0.998849252013809,0.5726227568486792
0.17433267983712863,0.998849252013809,0.5722505968631556
0.17448348665359675,0.998849252013809,0.571940685581962
0.17463429347006484,0.998849252013809,0.5717669083552097
0.17478510028653296,0.998849252013809,0.5716537380878851
0.17493590710300105,0.998849252013809,0.5715645894702327
0.17508671391946917,0.998849252013809,0.5711521030156992
0.17523752073593726,0.998849252013809,0.5711202848886632
0.17538832755240538,0.998849252013809,0.5710081786958211
0.17553913436887347,0.998849252013809,0.5709498360152309
0.17568994118534156,0.998849252013809,0.570905056267866
0.17584074800180968,0.998849252013809,0.5706017362762806
0.17599155481827777,0.998849252013809,0.5705842098554919
0.1761423616347459,0.998849252013809,0.5704485632245352
0.17629316845121398,0.998849252013809,0.570310893968828
0.1764439752676821,0.998849252013809,0.5702028249279794
0.1765947820841502,0.998849252013809,0.5696642103877779
0.1767455889006183,0.998849252013809,0.5696561198692707
0.1768963957170864,0.998849252013809,0.5696034552460355
0.17704720253355452,0.998849252013809,0.5694823125704744
0.1771980093500226,0.998849252013809,0.5692388339342497
0.17734881616649073,0.998849252013809,0.5685764407154743
0.17749962298295882,0.998849252013809,0.5683904819758311
0.17765042979942694,0.998849252013809,0.5683213622099792
0.17780123661589503,0.998849252013809,0.5682368842939617
0.17795204343236315,0.998849252013809,0.56709949711604
0.17810285024883124,0.998849252013809,0.5670446973252924
0.17825365706529936,0.998849252013809,0.5665176843600953
0.17840446388176745,0.998849252013809,0.5664848501954255
0.17855527069823557,0.998849252013809,0.5664769774860107
0.17870607751470366,0.998849252013809,0.5664056013872483
0.17885688433117178,0.998849252013809,0.5658816761006505
0.17900769114763987,0.998849252013809,0.5654302258580808
0.179158497964108,0.998849252013809,0.5654240610300659
0.17930930478057608,0.998849252013809,0.5653646696520281
0.1794601115970442,0.998849252013809,0.5653563797097491
0.1796109184135123,0.998849252013809,0.5653459784947069
0.1797617252299804,0.998849252013809,0.565337859328165
0.1799125320464485,0.998849252013809,0.5651048404286616
0.18006333886291662,0.998849252013809,0.5647089587654301
0.1802141456793847,0.998849252013809,0.564323813959205
0.18036495249585283,0.998849252013809,0.5641740478034325
0.18051575931232092,0.998849252013809,0.5641733806977183
0.180666566128789,0.998849252013809,0.5639474817204149
0.18081737294525713,0.998849252013809,0.5637593756911509
0.18096817976172522,0.998849252013809,0.5637119598069684
0.18111898657819334,0.998849252013809,0.5629772779001418
0.18126979339466143,0.998849252013809,0.5624950647225846
0.18142060021112955,0.998849252013809,0.5624539634082942
0.18157140702759764,0.998849252013809,0.5624514245872878
0.18172221384406576,0.998849252013809,0.5624258346116203
0.18187302066053385,0.998849252013809,0.5623330359784305
0.18202382747700196,0.998849252013809,0.562311823615316
0.18217463429347006,0.998849252013809,0.5620520573097424
0.18232544110993817,0.998849252013809,0.5617254218339804
0.18247624792640627,0.998849252013809,0.5616931374315695
0.18262705474287438,0.998849252013809,0.5615908274101665
0.18277786155934247,0.998849252013809,0.5615134261050581
0.1829286683758106,0.998849252013809,0.5614703530016621
0.18307947519227868,0.998849252013809,0.5614427065898617
0.1832302820087468,0.998849252013809,0.5613317862254895
0.1833810888252149,0.998849252013809,0.5611335635362384
0.183531895641683,0.998849252013809,0.5611048317789497
0.1836827024581511,0.998849252013809,0.5610505424532116
0.18383350927461922,0.998849252013809,0.5610257394359951
0.1839843160910873,0.998849252013809,0.5610080230256357
0.18413512290755543,0.998849252013809,0.5607739424787698
0.18428592972402352,0.998849252013809,0.5607652491964177
0.18443673654049164,0.998849252013809,0.5606727301322811
0.18458754335695973,0.998849252013809,0.5605839303218598
0.18473835017342785,0.998849252013809,0.5603722692735851
0.18488915698989594,0.998849252013809,0.5602925623691124
0.18503996380636406,0.998849252013809,0.5602742335838854
0.18519077062283215,0.998849252013809,0.5602518844234582
0.18534157743930027,0.998849252013809,0.5597294896828072
0.18549238425576836,0.998849252013809,0.5594092782608479
0.18564319107223645,0.998849252013809,0.5593074570373562
0.18579399788870457,0.998849252013809,0.5589382330633451
0.18594480470517266,0.998849252013809,0.5589307263124355
0.18609561152164078,0.998849252013809,0.5584883085401683
0.18624641833810887,0.998849252013809,0.5584787411482316
0.186397225154577,0.998849252013809,0.5582714063581912
0.18654803197104508,0.998849252013809,0.5581907288879034
0.1866988387875132,0.998849252013809,0.5580594182452547
0.1868496456039813,0.998849252013809,0.5577234720591332
0.1870004524204494,0.998849252013809,0.5574087538660463
0.1871512592369175,0.998849252013809,0.5572239548583023
0.18730206605338562,0.998849252013809,0.5571225676970614
0.1874528728698537,0.998849252013809,0.5569096883087357
0.18760367968632183,0.998849252013809,0.5567580747504577
0.18775448650278992,0.998849252013809,0.5565996163531081
0.18790529331925804,0.998849252013809,0.5565836426112356
0.18805610013572613,0.998849252013809,0.5562582011906191
0.18820690695219425,0.998849252013809,0.556108428688417
0.18835771376866234,0.998849252013809,0.5560300618773512
0.18850852058513046,0.998849252013809,0.555934761946658
0.18865932740159855,0.998849252013809,0.5556870170628943
0.18881013421806667,0.998849252013809,0.5556389941508442
0.18896094103453476,0.998849252013809,0.5555989850280543
0.18911174785100288,0.998849252013809,0.5554682764192451
0.18926255466747097,0.998849252013809,0.5542093785367753
0.18941336148393909,0.998849252013809,0.5541951369763369
0.18956416830040718,0.998849252013809,0.5541871822638691
0.1897149751168753,0.998849252013809,0.5540315926681578
0.18986578193334339,0.998849252013809,0.5539378955802874
0.1900165887498115,0.998849252013809,0.5535267041060794
0.1901673955662796,0.998849252013809,0.5533347255146048
0.1903182023827477,0.998849252013809,0.5531941033470253
0.1904690091992158,0.998849252013809,0.5530298868739693
0.1906198160156839,0.998849252013809,0.5530100220628551
0.19077062283215201,0.998849252013809,0.5527724593890518
0.1909214296486201,0.998849252013809,0.552580202894508
0.19107223646508822,0.998849252013809,0.5524136323279385
0.19122304328155632,0.998849252013809,0.5520615884411796
0.19137385009802443,0.998849252013809,0.5520470539846907
0.19152465691449252,0.998849252013809,0.5517915487693639
0.19167546373096064,0.998849252013809,0.5517046331002463
0.19182627054742873,0.998849252013809,0.5514574004627507
0.19197707736389685,0.998849252013809,0.5514053650197883
0.19212788418036494,0.998849252013809,0.5510120187932662
0.19227869099683306,0.998849252013809,0.5504612697025617
0.19242949781330115,0.998849252013809,0.5504250230840249
0.19258030462976927,0.998849252013809,0.5501252811926931
0.19273111144623736,0.998849252013809,0.5499959723497962
0.19288191826270548,0.998849252013809,0.5498875974278264
0.19303272507917357,0.998849252013809,0.5494633849883416
0.1931835318956417,0.998849252013809,0.5494407746476686
0.19333433871210978,0.998849252013809,0.5494240738798163
0.1934851455285779,0.998849252013809,0.549381072334686
0.193635952345046,0.998849252013809,0.5493622018739026
0.1937867591615141,0.998849252013809,0.5492845372977645
0.1939375659779822,0.998849252013809,0.5489815670713698
0.19408837279445032,0.998849252013809,0.5488994848017423
0.1942391796109184,0.998849252013809,0.5488299192074957
0.19438998642738653,0.998849252013809,0.5487879753035795
0.19454079324385462,0.998849252013809,0.5485938706884216
0.19469160006032274,0.998849252013809,0.5485041389887872
0.19484240687679083,0.998849252013809,0.54841239488735
0.19499321369325895,0.998849252013809,0.5478506865700654
0.19514402050972704,0.998849252013809,0.547548291268156
0.19529482732619513,0.998849252013809,0.5475105724661578
0.19544563414266325,0.998849252013809,0.5472620044839304
0.19559644095913134,0.998849252013809,0.5470333041450153
0.19574724777559946,0.998849252013809,0.5468873504889609
0.19589805459206755,0.998849252013809,0.5466331698543313
0.19604886140853567,0.998849252013809,0.5465629534228797
0.19619966822500376,0.998849252013809,0.5460293561939521
0.19635047504147188,0.998849252013809,0.5458698287373337
0.19650128185793997,0.998849252013809,0.5448355527273183
0.1966520886744081,0.998849252013809,0.5446563473746555
0.19680289549087618,0.998849252013809,0.5445363475578396
0.1969537023073443,0.998849252013809,0.5445198378859156
0.1971045091238124,0.998849252013809,0.5444626515629336
0.1972553159402805,0.998849252013809,0.5443160308981501
0.1974061227567486,0.998849252013809,0.544160040425586
0.19755692957321672,0.998849252013809,0.5440906390406899
0.1977077363896848,0.998849252013809,0.5440088403337131
0.19785854320615293,0.998849252013809,0.5438900339448245
0.19800935002262102,0.998849252013809,0.5438673265534261
0.19816015683908914,0.998849252013809,0.5438585201319537
0.19831096365555723,0.998849252013809,0.5438009969385411
0.19846177047202535,0.998849252013809,0.5435701472123989
0.19861257728849344,0.998849252013809,0.5434310991593666
0.19876338410496155,0.998849252013809,0.54323058499036
0.19891419092142965,0.998849252013809,0.5429583907808567
0.19906499773789776,0.998849252013809,0.5429550596014895
0.19921580455436586,0.998849252013809,0.542657212145953
0.19936661137083397,0.998849252013809,0.5424865929507421
0.19951741818730206,0.998849252013809,0.542455403788545
0.19966822500377018,0.998849252013809,0.5422300314619858
0.19981903182023827,0.998849252013809,0.5422182875605244
0.1999698386367064,0.998849252013809,0.5419696065992385
0.20012064545317448,0.998849252013809,0.5419160412022564
0.20027145226964257,0.998849252013809,0.5419108404755091
0.2004222590861107,0.998849252013809,0.5416726696112144
0.20057306590257878,0.998849252013809,0.5416650195181972
0.2007238727190469,0.998849252013809,0.541630723173102
0.200874679535515,0.998849252013809,0.5412871727737174
0.2010254863519831,0.998849252013809,0.5411827197486332
0.2011762931684512,0.998849252013809,0.5408151947642151
0.20132709998491932,0.998849252013809,0.5407116615896277
0.2014779068013874,0.998849252013809,0.5406835755028052
0.20162871361785553,0.998849252013809,0.5402152742216204
0.20177952043432362,0.998849252013809,0.5400427253069968
0.20193032725079174,0.998849252013809,0.5400350853011563
0.20208113406725983,0.998849252013809,0.5398700080298993
0.20223194088372795,0.998849252013809,0.5397516233079303
0.20238274770019604,0.998849252013809,0.5394224595222851
0.20253355451666416,0.998849252013809,0.539375760418793
0.20268436133313225,0.998849252013809,0.53909955017475
0.20283516814960037,0.998849252013809,0.5390418633325348
0.20298597496606846,0.998849252013809,0.5389016323180972
0.20313678178253658,0.998849252013809,0.5386527266167913
0.20328758859900467,0.998849252013809,0.5385809058542923
0.2034383954154728,0.998849252013809,0.5385768341637621
0.20358920223194088,0.998849252013809,0.5384573625583183
0.203740009048409,0.998849252013809,0.5383294942457792
0.2038908158648771,0.998849252013809,0.5382266445671331
0.2040416226813452,0.998849252013809,0.5382054640984921
0.2041924294978133,0.998849252013809,0.538095047155081
0.20434323631428142,0.998849252013809,0.5380299337510355
0.2044940431307495,0.998849252013809,0.537705532271569
0.20464484994721763,0.998849252013809,0.5376689398181644
0.20479565676368572,0.998849252013809,0.5376445499163407
0.2049464635801538,0.998849252013809,0.5376214329062272
0.20509727039662193,0.998849252013809,0.5375813449063154
0.20524807721309002,0.998849252013809,0.5374878285801098
0.20539888402955814,0.998849252013809,0.5374804200878501
0.20554969084602623,0.998849252013809,0.5374173521928364
0.20570049766249435,0.998849252013809,0.5372559329222063
0.20585130447896244,0.998849252013809,0.5370733077530012
0.20600211129543056,0.998849252013809,0.5368498560358052
0.20615291811189865,0.998849252013809,0.5367867383384576
0.20630372492836677,0.998849252013809,0.5367555996127849
0.20645453174483486,0.998849252013809,0.5367411673834463
0.20660533856130298,0.998849252013809,0.5366867544436139
0.20675614537777107,0.998849252013809,0.5366571070543553
0.20690695219423919,0.998849252013809,0.5363545983545585
0.20705775901070728,0.998849252013809,0.5360208866493846
0.2072085658271754,0.998849252013809,0.5359805189222587
0.20735937264364349,0.998849252013809,0.535967179795771
0.2075101794601116,0.998849252013809,0.5358607397627341
0.2076609862765797,0.998849252013809,0.5358262181105037
0.20781179309304781,0.998849252013809,0.5358069872263488
0.2079625999095159,0.998849252013809,0.53578931618392
0.20811340672598402,0.998849252013809,0.5356538342578803
0.20826421354245211,0.998849252013809,0.5355864013445311
0.20841502035892023,0.998849252013809,0.5354889375185132
0.20856582717538832,0.998849252013809,0.5354049389812873
0.20871663399185644,0.998849252013809,0.5353351871492581
0.20886744080832453,0.998849252013809,0.5352048826005842
0.20901824762479265,0.998849252013809,0.5346324662720031
0.20916905444126074,0.998849252013809,0.5344922561156303
0.20931986125772886,0.998849252013809,0.5343295145949832
0.20947066807419695,0.998849252013809,0.5343202428090393
0.20962147489066507,0.998849252013809,0.5340802397030205
0.20977228170713316,0.998849252013809,0.5340458429462152
0.20992308852360125,0.998849252013809,0.5336878024654097
0.21007389534006937,0.998849252013809,0.5336640008984462
0.21022470215653746,0.998849252013809,0.533395749383033
0.21037550897300558,0.998849252013809,0.5333787119869842
0.21052631578947367,0.998849252013809,0.5333611846360623
0.2106771226059418,0.998849252013809,0.5333579679044274
0.21082792942240988,0.998849252013809,0.5333308373576795
0.210978736238878,0.998849252013809,0.5329913195027502
0.2111295430553461,0.998849252013809,0.532874662363976
0.2112803498718142,0.998849252013809,0.5325779455697959
0.2114311566882823,0.998849252013809,0.5324676435516348
0.21158196350475042,0.998849252013809,0.532439785505091
0.2117327703212185,0.998849252013809,0.5322356554274791
0.21188357713768663,0.998849252013809,0.5320870481949946
0.21203438395415472,0.998849252013809,0.5319536644403708
0.21218519077062284,0.998849252013809,0.5318693591767008
0.21233599758709093,0.998849252013809,0.5318103891691457
0.21248680440355905,0.998849252013809,0.5316536934951164
0.21263761122002714,0.998849252013809,0.5315351670538007
0.21278841803649526,0.998849252013809,0.5314802323414028
0.21293922485296335,0.998849252013809,0.5314777263525012
0.21309003166943147,0.998849252013809,0.5313703592932387
0.21324083848589956,0.998849252013809,0.5312779956854727
0.21339164530236768,0.998849252013809,0.5310429828957398
0.21354245211883577,0.998849252013809,0.5308793913588385
0.2136932589353039,0.998849252013809,0.5308658028356031
0.21384406575177198,0.998849252013809,0.5308246187290037
0.2139948725682401,0.998849252013809,0.5308130139647533
0.2141456793847082,0.998849252013809,0.530712353620697
0.2142964862011763,0.998849252013809,0.5303748335985922
0.2144472930176444,0.998849252013809,0.530284227203028
0.21459809983411252,0.998849252013809,0.5302658823883805
0.2147489066505806,0.998849252013809,0.5302548895923934
0.2148997134670487,0.998849252013809,0.5301782594878933
0.21505052028351682,0.998849252013809,0.530128341171694
0.2152013270999849,0.998849252013809,0.5300311580278796
0.21535213391645303,0.998849252013809,0.5299696089366212
0.21550294073292112,0.998849252013809,0.5297661849464473
0.21565374754938924,0.998849252013809,0.529634478947625
0.21580455436585733,0.998849252013809,0.5295571364352666
0.21595536118232544,0.998849252013809,0.5295471835230742
0.21610616799879354,0.998849252013809,0.5295459457412028
0.21625697481526165,0.998849252013809,0.5293575894609247
0.21640778163172975,0.998849252013809,0.5293569916822776
0.21655858844819786,0.998849252013809,0.5292698701379001
0.21670939526466595,0.998849252013809,0.5292040625286158
0.21686020208113407,0.998849252013809,0.5289900310841147
0.21701100889760216,0.998849252013809,0.5289438449921849
0.21716181571407028,0.998849252013809,0.5288691259662806
0.21731262253053837,0.998849252013809,0.5288330304603814
0.2174634293470065,0.998849252013809,0.5287221512989195
0.21761423616347458,0.998849252013809,0.5285763622203742
0.2177650429799427,0.998849252013809,0.5285699174120803
0.2179158497964108,0.998849252013809,0.528543166003594
0.2180666566128789,0.998849252013809,0.5284951726941802
0.218217463429347,0.998849252013809,0.5282586646731507
0.21836827024581512,0.998849252013809,0.5280968625251189
0.2185190770622832,0.998849252013809,0.5277698156028957
0.21866988387875133,0.998849252013809,0.5277419064057727
0.21882069069521942,0.998849252013809,0.5276696238476488
0.21897149751168754,0.998849252013809,0.5274084659701573
0.21912230432815563,0.998849252013809,0.5273403859900923
0.21927311114462375,0.998849252013809,0.527286755925717
0.21942391796109184,0.998849252013809,0.5270147633145169
0.21957472477755993,0.998849252013809,0.5270060763572111
0.21972553159402805,0.998849252013809,0.5270000450934326
0.21987633841049614,0.998849252013809,0.5268040094372877
0.22002714522696426,0.998849252013809,0.5266764691496207
0.22017795204343235,0.998849252013809,0.526514772676151
0.22032875885990047,0.998849252013809,0.5264257205911131
0.22047956567636856,0.998849252013809,0.526104823634312
0.22063037249283668,0.998849252013809,0.5259634164567384
0.22078117930930477,0.998849252013809,0.5258075176027724
0.2209319861257729,0.998849252013809,0.5256273896347197
0.22108279294224098,0.998849252013809,0.5253859152101482
0.2212335997587091,0.998849252013809,0.5252469047158913
0.2213844065751772,0.998849252013809,0.5251807467827735
0.2215352133916453,0.998849252013809,0.5251415843243296
0.2216860202081134,0.998849252013809,0.5251375698625999
0.22183682702458152,0.998849252013809,0.5247780647989583
0.2219876338410496,0.998849252013809,0.5247608395629271
0.22213844065751773,0.998849252013809,0.5245368854457689
0.22228924747398582,0.998849252013809,0.5245264858874221
0.22244005429045394,0.998849252013809,0.5244208274706847
0.22259086110692203,0.998849252013809,0.5243819781474981
0.22274166792339015,0.998849252013809,0.5242474166889588
0.22289247473985824,0.998849252013809,0.5240904998804643
0.22304328155632636,0.998849252013809,0.5239419053017855
0.22319408837279445,0.998849252013809,0.5239130495164395
0.22334489518926257,0.998849252013809,0.523843437010153
0.22349570200573066,0.998849252013809,0.5236468798881642
0.22364650882219878,0.998849252013809,0.5235256505732766
0.22379731563866687,0.998849252013809,0.5235235942654354
0.22394812245513498,0.998849252013809,0.5235050944300788
0.22409892927160308,0.998849252013809,0.5234854264229972
0.2242497360880712,0.998849252013809,0.5234498545039742
0.22440054290453929,0.998849252013809,0.5232431526488976
0.22455134972100738,0.998849252013809,0.5228397508190362
0.2247021565374755,0.998849252013809,0.5224684928735053
0.22485296335394359,0.998849252013809,0.5223728176805412
0.2250037701704117,0.998849252013809,0.522372005285965
0.2251545769868798,0.998849252013809,0.5223453285563144
0.22530538380334791,0.998849252013809,0.5222828841964443
0.225456190619816,0.998849252013809,0.5222690420690979
0.22560699743628412,0.998849252013809,0.5222655580660962
0.22575780425275221,0.998849252013809,0.5222475149378475
0.22590861106922033,0.998849252013809,0.5221242194209457
0.22605941788568842,0.998849252013809,0.5220543435063174
0.22621022470215654,0.998849252013809,0.5218537605152482
0.22636103151862463,0.998849252013809,0.5217705238341571
0.22651183833509275,0.998849252013809,0.5216461628037017
0.22666264515156084,0.998849252013809,0.5216344227458202
0.22681345196802896,0.998849252013809,0.5215551093792472
0.22696425878449705,0.998849252013809,0.5212654220142396
0.22711506560096517,0.998849252013809,0.5210431569363496
0.22726587241743326,0.998849252013809,0.5210378240767951
0.22741667923390138,0.998849252013809,0.5209800689010383
0.22756748605036947,0.998849252013809,0.5208545309316901
0.2277182928668376,0.998849252013809,0.5207337902327909
0.22786909968330568,0.998849252013809,0.520583838730091
0.2280199064997738,0.998849252013809,0.5204863984122106
0.2281707133162419,0.998849252013809,0.5204414689863138
0.22832152013271,0.998849252013809,0.5204203815738407
0.2284723269491781,0.998849252013809,0.5204046418062149
0.22862313376564622,0.998849252013809,0.5200544719069373
0.2287739405821143,0.998849252013809,0.519822824632023
0.22892474739858243,0.998849252013809,0.5196568249816442
0.22907555421505052,0.998849252013809,0.5196260329538431
0.22922636103151864,0.998849252013809,0.519596533803795
0.22937716784798673,0.998849252013809,0.5194815190155619
0.22952797466445482,0.998849252013809,0.5194584334344003
0.22967878148092294,0.998849252013809,0.5194014089550075
0.22982958829739103,0.998849252013809,0.5193442701519353
0.22998039511385915,0.998849252013809,0.5193011689009221
0.23013120193032724,0.998849252013809,0.519158106031322
0.23028200874679536,0.998849252013809,0.5189806045797888
0.23043281556326345,0.998849252013809,0.5186742543992129
0.23058362237973157,0.998849252013809,0.5185081164371027
0.23073442919619966,0.998849252013809,0.5184867094365123
0.23088523601266778,0.998849252013809,0.5184559057433907
0.23103604282913587,0.998849252013809,0.5180941876278913
0.231186849645604,0.998849252013809,0.5179120597304919
0.23133765646207208,0.998849252013809,0.5177451042185036
0.2314884632785402,0.998849252013809,0.5176942854505343
0.2316392700950083,0.998849252013809,0.5173159916414111
0.2317900769114764,0.998849252013809,0.5172033413743056
0.2319408837279445,0.998849252013809,0.5171218710677912
0.23209169054441262,0.998849252013809,0.5168619678036357
0.2322424973608807,0.998849252013809,0.5167594973300524
0.23239330417734883,0.998849252013809,0.5166305524109712
0.23254411099381692,0.998849252013809,0.5166296819282264
0.23269491781028503,0.998849252013809,0.5163807967374284
0.23284572462675313,0.998849252013809,0.5163434104151101
0.23299653144322124,0.998849252013809,0.5161022516664255
0.23314733825968934,0.998849252013809,0.5160405310963504
0.23329814507615745,0.998849252013809,0.5158402398772896
0.23329814507615745,1.0,0.5156205765490658
0.23344895189262554,1.0,0.5154295984920513
0.23359975870909366,1.0,0.5154002598298191
0.23375056552556175,1.0,0.515382944230481
0.23390137234202987,1.0,0.5152697494093189
0.23405217915849796,1.0,0.515255417532767
0.23420298597496605,1.0,0.5152301407234156
0.23435379279143417,1.0,0.5152174976757903
0.23450459960790226,1.0,0.5151484234642424
0.23465540642437038,1.0,0.5147081441213768
0.23480621324083847,1.0,0.514679348739133
0.2349570200573066,1.0,0.5145914310961436
0.23510782687377468,1.0,0.5145809162580218
0.2352586336902428,1.0,0.5144154925021446
0.2354094405067109,1.0,0.5143974483452635
0.235560247323179,1.0,0.514325032774676
0.2357110541396471,1.0,0.5141475852940958
0.23586186095611522,1.0,0.5140449287362466
0.2360126677725833,1.0,0.5140149848471187
0.23616347458905143,1.0,0.5139615635870539
0.23631428140551952,1.0,0.5138121925992649
0.23646508822198764,1.0,0.5137973490951361
0.23661589503845573,1.0,0.5136714727312082
0.23676670185492385,1.0,0.513364143721731
0.23691750867139194,1.0,0.5127763935356969
0.23706831548786006,1.0,0.5125684954536271
0.23721912230432815,1.0,0.512440362538094
0.23736992912079627,1.0,0.5123675236412176
0.23752073593726436,1.0,0.5123508419719499
0.23767154275373248,1.0,0.5121257404203302
0.23782234957020057,1.0,0.5120977579145709
0.2379731563866687,1.0,0.5118534700522238
0.23812396320313678,1.0,0.5117788171812869
0.2382747700196049,1.0,0.5116231412348344
0.238425576836073,1.0,0.5114788505518862
0.2385763836525411,1.0,0.5113921641600027
0.2387271904690092,1.0,0.511191983306705
0.23887799728547732,1.0,0.5109192662971679
0.2390288041019454,1.0,0.5108573646558193
0.2391796109184135,1.0,0.5106685829256356
0.23933041773488162,1.0,0.5106396379541762
0.2394812245513497,1.0,0.5105817604950748
0.23963203136781783,1.0,0.5104744945901277
0.23978283818428592,1.0,0.5102724677829763
0.23993364500075404,1.0,0.5102353618355404
0.24008445181722213,1.0,0.5102319552628475
0.24023525863369025,1.0,0.5100843492501594
0.24038606545015834,1.0,0.5099810507435678
0.24053687226662646,1.0,0.5099133908382988
0.24068767908309455,1.0,0.5097257991861334
0.24083848589956267,1.0,0.5096842558345093
0.24098929271603076,1.0,0.5095501220209356
0.24114009953249887,1.0,0.5095375574293897
0.24129090634896697,1.0,0.5095140911838587
0.24144171316543508,1.0,0.5092329999727873
0.24159251998190318,1.0,0.5091823182522626
0.2417433267983713,1.0,0.5083900878060039
0.24189413361483939,1.0,0.5080187235101843
0.2420449404313075,1.0,0.5077898182560162
0.2421957472477756,1.0,0.5076091282061879
0.2423465540642437,1.0,0.5075793412940085
0.2424973608807118,1.0,0.5075563262115627
0.24264816769717992,1.0,0.5075491708684219
0.242798974513648,1.0,0.5074641984222337
0.24294978133011613,1.0,0.5073216491132995
0.24310058814658422,1.0,0.5072197195568452
0.24325139496305234,1.0,0.5071874602352922
0.24340220177952043,1.0,0.5066895496081432
0.24355300859598855,1.0,0.506627263254838
0.24370381541245664,1.0,0.5065888608303385
0.24385462222892476,1.0,0.506578236600832
0.24400542904539285,1.0,0.5065729511832943
0.24415623586186094,1.0,0.5064466704702326
0.24430704267832906,1.0,0.5062812990127702
0.24445784949479715,1.0,0.5061895467229106
0.24460865631126527,1.0,0.5061331981449716
0.24475946312773336,1.0,0.5060628720790191
0.24491026994420148,1.0,0.5059540935229311
0.24506107676066957,1.0,0.505865624593192
0.2452118835771377,1.0,0.5058284539019982
0.24536269039360578,1.0,0.5058179332537235
0.2455134972100739,1.0,0.505570819691461
0.245664304026542,1.0,0.5052406029787002
0.2458151108430101,1.0,0.5051981553682492
0.2459659176594782,1.0,0.5051959952710349
0.24611672447594632,1.0,0.5051759366900925
0.2462675312924144,1.0,0.5050968809938409
0.24641833810888253,1.0,0.5050211410767602
0.24656914492535062,1.0,0.5050122199918509
0.24671995174181874,1.0,0.5049564073454618
0.24687075855828683,1.0,0.5049364699573405
0.24702156537475495,1.0,0.5049076149258793
0.24717237219122304,1.0,0.5047581345375981
0.24732317900769116,1.0,0.5047389132852145
0.24747398582415925,1.0,0.504692612798543
0.24762479264062737,1.0,0.5044556612492577
0.24777559945709546,1.0,0.5043032659803004
0.24792640627356358,1.0,0.5041357967669224
0.24807721309003167,1.0,0.5037011609429832
0.24822801990649979,1.0,0.503626599004776
0.24837882672296788,1.0,0.5036166871884833
0.248529633539436,1.0,0.5028893031832334
0.2486804403559041,1.0,0.50276055224209
0.24883124717237218,1.0,0.5025178374857685
0.2489820539888403,1.0,0.5024727891630677
0.2491328608053084,1.0,0.5024207960989733
0.2492836676217765,1.0,0.5023930658270039
0.2494344744382446,1.0,0.5022500328198993
0.24958528125471272,1.0,0.5020800688531317
0.2497360880711808,1.0,0.5017721156573739
0.24988689488764892,1.0,0.5017292207417782
0.25003770170411704,1.0,0.5016886273661403
0.2501885085205851,1.0,0.5016096885796211
0.2503393153370532,1.0,0.5014561080601097
0.25049012215352134,1.0,0.501438519239099
0.25064092896998946,1.0,0.5008452510305318
0.2507917357864575,1.0,0.500764575292019
0.25094254260292564,1.0,0.5007158365064325
0.25109334941939376,1.0,0.500712770407561
0.2512441562358619,1.0,0.5006306172888748
0.25139496305232994,1.0,0.5005370775087516
0.25154576986879806,1.0,0.5004489896205039
0.2516965766852662,1.0,0.5004484520483932
0.2518473835017343,1.0,0.4998423100679688
0.25199819031820236,1.0,0.4997939636629429
0.2521489971346705,1.0,0.499514174305151
0.2522998039511386,1.0,0.4990812295439051
0.2524506107676067,1.0,0.4990386888820629
0.2526014175840748,1.0,0.4990307480425164
0.2527522244005429,1.0,0.4989279042087647
0.252903031217011,1.0,0.4989020310788615
0.25305383803347914,1.0,0.4988495973622676
0.2532046448499472,1.0,0.498789273161449
0.2533554516664153,1.0,0.4987020840477234
0.25350625848288344,1.0,0.4984951964179822
0.25365706529935156,1.0,0.4984386356880921
0.2538078721158196,1.0,0.4982438342887072
0.25395867893228774,1.0,0.4982324890151639
0.25410948574875586,1.0,0.4982260127162449
0.2542602925652239,1.0,0.4981812084237464
0.25441109938169204,1.0,0.4980715385473064
0.25456190619816016,1.0,0.4979940728844746
0.2547127130146283,1.0,0.4978729875909989
0.25486351983109634,1.0,0.497723136848979
0.25501432664756446,1.0,0.4976780749436966
0.2551651334640326,1.0,0.4976593712726215
0.2553159402805007,1.0,0.4976581281495514
0.25546674709696876,1.0,0.4974952267843157
0.2556175539134369,1.0,0.4974697706581703
0.255768360729905,1.0,0.4974272706718065
0.2559191675463731,1.0,0.4973422292802033
0.2560699743628412,1.0,0.4973041018513519
0.2562207811793093,1.0,0.4971756720703471
0.2563715879957774,1.0,0.4967811604611666
0.25652239481224554,1.0,0.4967453941647292
0.2566732016287136,1.0,0.4967246954454552
0.2568240084451817,1.0,0.496679826853058
0.25697481526164984,1.0,0.4964267796982199
0.25712562207811795,1.0,0.4962293077462292
0.257276428894586,1.0,0.4962088579737119
0.25742723571105414,1.0,0.4961731991800677
0.25757804252752226,1.0,0.4961603795581277
0.2577288493439904,1.0,0.4960760994729844
0.25787965616045844,1.0,0.4960491502893327
0.25803046297692656,1.0,0.4958720194539106
0.2581812697933947,1.0,0.4958019714871697
0.2583320766098628,1.0,0.495744714996272
0.25848288342633086,1.0,0.4957123387060561
0.258633690242799,1.0,0.4955826114925446
0.2587844970592671,1.0,0.4955165165121404
0.25893530387573516,1.0,0.4954792753053711
0.2590861106922033,1.0,0.4954580423449071
0.2592369175086714,1.0,0.4953978618064173
0.2593877243251395,1.0,0.4953834731174878
0.2595385311416076,1.0,0.4953695971403885
0.2596893379580757,1.0,0.4951881466840079
0.2598401447745438,1.0,0.4949620874937511
0.25999095159101193,1.0,0.4947583699597261
0.26014175840748,1.0,0.4945418959141098
0.2602925652239481,1.0,0.4944810597602824
0.26044337204041623,1.0,0.4943092796791581
0.26059417885688435,1.0,0.4941509594194034
0.2607449856733524,1.0,0.4941391734454153
0.26089579248982053,1.0,0.4935393153165384
0.26104659930628865,1.0,0.4935376808041846
0.26119740612275677,1.0,0.4935002201924325
0.26134821293922483,1.0,0.493368392994219
0.26149901975569295,1.0,0.4933006696230589
0.26164982657216107,1.0,0.4932860593041595
0.2618006333886292,1.0,0.4932305720693596
0.26195144020509725,1.0,0.4932103481018365
0.26210224702156537,1.0,0.492634523586679
0.2622530538380335,1.0,0.4923444379026504
0.2624038606545016,1.0,0.4921908491030538
0.26255466747096967,1.0,0.4921532277266832
0.2627054742874378,1.0,0.491854719430649
0.2628562811039059,1.0,0.4917564191930733
0.263007087920374,1.0,0.4916690019659352
0.2631578947368421,1.0,0.4916351467845015
0.2633087015533102,1.0,0.4915961127121367
0.26345950836977833,1.0,0.4915758755904787
0.2636103151862464,1.0,0.4915628730322371
0.2637611220027145,1.0,0.4914717544247006
0.26391192881918263,1.0,0.4912791785428599
0.26406273563565075,1.0,0.4912130544416721
0.2642135424521188,1.0,0.4911915779359858
0.26436434926858693,1.0,0.4909130712096975
0.26451515608505505,1.0,0.4908611052445472
0.26466596290152317,1.0,0.4907482009397759
0.26481676971799123,1.0,0.4906304807029427
0.26496757653445935,1.0,0.4904761595656505
0.26511838335092747,1.0,0.4902902760227857
0.2652691901673956,1.0,0.4902500947131794
0.26541999698386365,1.0,0.4901507753438935
0.26557080380033177,1.0,0.4901352487341788
0.2657216106167999,1.0,0.489703687207688
0.265872417433268,1.0,0.4896606346039809
0.26602322424973607,1.0,0.489465383786534
0.2661740310662042,1.0,0.489463256951303
0.2663248378826723,1.0,0.4894573591174457
0.2664756446991404,1.0,0.4893846313164705
0.2666264515156085,1.0,0.4890515889906228
0.2667772583320766,1.0,0.4890053128555638
0.2669280651485447,1.0,0.4888975392503509
0.26707887196501284,1.0,0.4888424761427161
0.2672296787814809,1.0,0.4887996820369792
0.267380485597949,1.0,0.4887062633462454
0.26753129241441714,1.0,0.4886019628155501
0.26768209923088526,1.0,0.4885450772287816
0.2678329060473533,1.0,0.4881780660253434
0.26798371286382144,1.0,0.4880722165438078
0.26813451968028956,1.0,0.4879568950268888
0.2682853264967577,1.0,0.4878589466509538
0.26843613331322574,1.0,0.487615618056358
0.26858694012969386,1.0,0.4875029051372202
0.268737746946162,1.0,0.4874476466327026
0.26888855376263004,1.0,0.4872842405705836
0.26903936057909816,1.0,0.4872840121002516
0.2691901673955663,1.0,0.4872124205046666
0.2693409742120344,1.0,0.4871576294549536
0.26949178102850246,1.0,0.4870731911942053
0.2696425878449706,1.0,0.4870062538184616
0.2697933946614387,1.0,0.4869591549465929
0.2699442014779068,1.0,0.4869471205720502
0.2700950082943749,1.0,0.486888549051913
0.270245815110843,1.0,0.4868557519599619
0.2703966219273111,1.0,0.4868518604605302
0.27054742874377924,1.0,0.4868446698753562
0.2706982355602473,1.0,0.4867022260619127
0.2708490423767154,1.0,0.4864274011912989
0.27099984919318354,1.0,0.4862013443189491
0.27115065600965166,1.0,0.4861998251456817
0.2713014628261197,1.0,0.4861721905137025
0.27145226964258784,1.0,0.486153303374489
0.27160307645905596,1.0,0.4860910602579477
0.2717538832755241,1.0,0.4858687823551072
0.27190469009199214,1.0,0.4857881426701805
0.27205549690846026,1.0,0.4856908903185802
0.2722063037249284,1.0,0.4856602430204008
0.2723571105413965,1.0,0.4856199240962338
0.27250791735786456,1.0,0.4851081062501914
0.2726587241743327,1.0,0.4851005569629535
0.2728095309908008,1.0,0.4850704562101629
0.2729603378072689,1.0,0.4850357539245338
0.273111144623737,1.0,0.484901271871588
0.2732619514402051,1.0,0.4846487706258012
0.2734127582566732,1.0,0.4844567054796471
0.2735635650731413,1.0,0.484156059909866
0.2737143718896094,1.0,0.4835000450118027
0.2738651787060775,1.0,0.4834858098989987
0.27401598552254564,1.0,0.4832971571623249
0.2741667923390137,1.0,0.4831060906482363
0.2743175991554818,1.0,0.48310149128324
0.27446840597194994,1.0,0.4829484065277009
0.27461921278841805,1.0,0.4828318395572913
0.2747700196048861,1.0,0.4825947174011262
0.27492082642135424,1.0,0.4823952366532328
0.27507163323782235,1.0,0.4823719980948069
0.2752224400542905,1.0,0.4823525190643353
0.27537324687075854,1.0,0.4822513229391862
0.27552405368722666,1.0,0.4819499395707637
0.2756748605036948,1.0,0.4819017988783862
0.2758256673201629,1.0,0.481779012042394
0.27597647413663096,1.0,0.4816663231307944
0.2761272809530991,1.0,0.4815563155760885
0.2762780877695672,1.0,0.4814222508346698
0.2764288945860353,1.0,0.4810536116970307
0.2765797014025034,1.0,0.4810435995312622
0.2767305082189715,1.0,0.4803361181083412
0.2768813150354396,1.0,0.4801190989446673
0.27703212185190773,1.0,0.4799808280095912
0.2771829286683758,1.0,0.4797299675047087
0.2773337354848439,1.0,0.4796624541901923
0.27748454230131203,1.0,0.4796512427926117
0.27763534911778015,1.0,0.4796440351136848
0.2777861559342482,1.0,0.4795400235779167
0.27793696275071633,1.0,0.4790848997670796
0.27808776956718445,1.0,0.4790740479744115
0.2782385763836525,1.0,0.4789447831620261
0.27838938320012063,1.0,0.4788089835265837
0.27854019001658875,1.0,0.4787921136092891
0.27869099683305687,1.0,0.4786382146578629
0.27884180364952493,1.0,0.4786211491225976
0.27899261046599305,1.0,0.4785017362522735
0.27914341728246117,1.0,0.478468698199578
0.2792942240989293,1.0,0.4784350305649014
0.27944503091539735,1.0,0.4783849904968746
0.27959583773186547,1.0,0.4781595548963707
0.2797466445483336,1.0,0.4780815403039166
0.2798974513648017,1.0,0.4780528658222499
0.28004825818126977,1.0,0.477893312500554
0.2801990649977379,1.0,0.4777860037750193
0.280349871814206,1.0,0.4777467446617979
0.2805006786306741,1.0,0.4777432070793647
0.2806514854471422,1.0,0.4776731271122219
0.2808022922636103,1.0,0.4775624035620538
0.28095309908007843,1.0,0.47737501660026
0.28110390589654655,1.0,0.4771420912277856
0.2812547127130146,1.0,0.4770171738580596
0.28140551952948273,1.0,0.476988757396745
0.28155632634595085,1.0,0.4767749949526522
0.28170713316241897,1.0,0.4764753245147077
0.28185793997888703,1.0,0.4764610641529841
0.28200874679535515,1.0,0.4764557544711466
0.28215955361182327,1.0,0.4764089165827133
0.2823103604282914,1.0,0.4763805598727303
0.28246116724475945,1.0,0.4763431333053152
0.28261197406122757,1.0,0.4760115751866129
0.2827627808776957,1.0,0.4757670655554072
0.2829135876941638,1.0,0.4756524849095477
0.28306439451063187,1.0,0.4755596998695096
0.2832152013271,1.0,0.4750604741094987
0.2833660081435681,1.0,0.4749677400519043
0.28351681496003617,1.0,0.4749547421790125
0.2836676217765043,1.0,0.4747921726745726
0.2838184285929724,1.0,0.4745732698133916
0.2839692354094405,1.0,0.4743564981750994
0.2841200422259086,1.0,0.4743451520002828
0.2842708490423767,1.0,0.4743445336826341
0.2844216558588448,1.0,0.4741647632396175
0.28457246267531294,1.0,0.4737964682040469
0.284723269491781,1.0,0.4737889718201406
0.2848740763082491,1.0,0.4736830979025363
0.28502488312471724,1.0,0.4736548564093706
0.28517568994118536,1.0,0.473514476508473
0.2853264967576534,1.0,0.4734437417884534
0.28547730357412154,1.0,0.4728156832615841
0.28562811039058966,1.0,0.4727708197480945
0.2857789172070578,1.0,0.4722910980766777
0.28592972402352584,1.0,0.4722339641395337
0.28608053083999396,1.0,0.4721428756090481
0.2862313376564621,1.0,0.4720830068303425
0.2863821444729302,1.0,0.4720706087302087
0.28653295128939826,1.0,0.4715581437021955
0.2866837581058664,1.0,0.4714692656726563
0.2868345649223345,1.0,0.4714291317329838
0.2869853717388026,1.0,0.4713435234200527
0.2871361785552707,1.0,0.4713262280966097
0.2872869853717388,1.0,0.4713147668347187
0.2874377921882069,1.0,0.4712060302195448
0.28758859900467504,1.0,0.4711589186512914
0.2877394058211431,1.0,0.4710155647934122
0.2878902126376112,1.0,0.4709641929926119
0.28804101945407934,1.0,0.4708919276299915
0.2881918262705474,1.0,0.4708102573141457
0.2883426330870155,1.0,0.4706679900062475
0.28849343990348364,1.0,0.4706589866374722
0.28864424671995176,1.0,0.470379472748508
0.2887950535364198,1.0,0.4703619534300962
0.28894586035288794,1.0,0.4700015302753261
0.28909666716935606,1.0,0.4697066088716923
0.2892474739858242,1.0,0.4696299655831172
0.28939828080229224,1.0,0.4693978708957732
0.28954908761876036,1.0,0.4693908947054405
0.2896998944352285,1.0,0.4693705360015303
0.2898507012516966,1.0,0.4692962852585847
0.29000150806816466,1.0,0.469271024918463
0.2901523148846328,1.0,0.4692290984350727
0.2903031217011009,1.0,0.4691609151737572
0.290453928517569,1.0,0.4688294876246136
0.2906047353340371,1.0,0.4687994687081492
0.2907555421505052,1.0,0.4686553403008952
0.2909063489669733,1.0,0.4685990334076828
0.29105715578344143,1.0,0.4683474116784866
0.2912079625999095,1.0,0.4682927842320049
0.2913587694163776,1.0,0.4682543122568131
0.29150957623284574,1.0,0.4682049153448667
0.29166038304931385,1.0,0.4678121036261158
0.2918111898657819,1.0,0.4677428073149179
0.29196199668225004,1.0,0.4677361341358064
0.29211280349871815,1.0,0.4676408496041253
0.2922636103151863,1.0,0.467529273612545
0.29241441713165434,1.0,0.4672105342502236
0.29256522394812245,1.0,0.4671832518221962
0.2927160307645906,1.0,0.4670370240326196
0.29286683758105864,1.0,0.466926546542216
0.29301764439752676,1.0,0.4668988246372719
0.2931684512139949,1.0,0.4668665063499384
0.293319258030463,1.0,0.4667757027211701
0.29347006484693106,1.0,0.466721596485959
0.2936208716633992,1.0,0.4665460193025315
0.2937716784798673,1.0,0.4664255829586876
0.2939224852963354,1.0,0.4662406503141564
0.2940732921128035,1.0,0.4660672626411142
0.2942240989292716,1.0,0.4659895043588635
0.2943749057457397,1.0,0.4659741263793993
0.29452571256220783,1.0,0.4658428206609369
0.2946765193786759,1.0,0.4657637131972775
0.294827326195144,1.0,0.4656741519205294
0.29497813301161213,1.0,0.4655633002094552
0.29512893982808025,1.0,0.4652427686809532
0.2952797466445483,1.0,0.4652202032401712
0.29543055346101643,1.0,0.465055757961834
0.29558136027748455,1.0,0.4650156334915802
0.29573216709395267,1.0,0.4648544969873371
0.29588297391042073,1.0,0.4647116300358525
0.29603378072688885,1.0,0.4645612706487637
0.29618458754335697,1.0,0.4645290570978651
0.2963353943598251,1.0,0.4645138483282213
0.29648620117629315,1.0,0.4644259605268988
0.29663700799276127,1.0,0.46418285302004
0.2967878148092294,1.0,0.4641665078158237
0.2969386216256975,1.0,0.46411379903771
0.29708942844216557,1.0,0.4640530896117198
0.2972402352586337,1.0,0.4639847186175905
0.2973910420751018,1.0,0.4637365199542902
0.2975418488915699,1.0,0.4637207987272576
0.297692655708038,1.0,0.4637035867085182
0.2978434625245061,1.0,0.463644486318245
0.2979942693409742,1.0,0.463638695204704
0.2981450761574423,1.0,0.4635322574944748
0.2982958829739104,1.0,0.4635267899991811
0.2984466897903785,1.0,0.4635012838524164
0.29859749660684665,1.0,0.4634671153101724
0.2987483034233147,1.0,0.4633033045087685
0.29889911023978283,1.0,0.4631279327858998
0.29904991705625095,1.0,0.4630588841567278
0.29920072387271907,1.0,0.4624360698138645
0.29935153068918713,1.0,0.4623622497996464
0.29950233750565525,1.0,0.4623316380621158
0.29965314432212337,1.0,0.4622042413026976
0.2998039511385915,1.0,0.46178691040354
0.29995475795505955,1.0,0.4617177994924726
0.30010556477152767,1.0,0.4616271384945359
0.3002563715879958,1.0,0.4614810293586137
0.3004071784044639,1.0,0.4613417074117256
0.30055798522093197,1.0,0.4612870011935399
0.3007087920374001,1.0,0.4612601366438725
0.3008595988538682,1.0,0.4611494927554341
0.3010104056703363,1.0,0.4611328719708645
0.3011612124868044,1.0,0.4608178527252581
0.3013120193032725,1.0,0.4607659327379137
0.3014628261197406,1.0,0.4606374314971655
0.30161363293620874,1.0,0.4605981363767282
0.3017644397526768,1.0,0.4603539662088651
0.3019152465691449,1.0,0.4602947443533694
0.30206605338561304,1.0,0.4602894523821794
0.30221686020208116,1.0,0.4602509390525118
0.3023676670185492,1.0,0.4600932982938727
0.30251847383501734,1.0,0.4599897318267676
0.30266928065148546,1.0,0.4597995042047567
0.3028200874679535,1.0,0.4597551450642546
0.30297089428442164,1.0,0.459699905966721
0.30312170110088976,1.0,0.4596713728940866
0.3032725079173579,1.0,0.4595628449530061
0.30342331473382594,1.0,0.4594000580696006
0.30357412155029406,1.0,0.4593672205916473
0.3037249283667622,1.0,0.4593292755091265
0.3038757351832303,1.0,0.4592967062140488
0.30402654199969836,1.0,0.4592875487426228
0.3041773488161665,1.0,0.4592638638114194
0.3043281556326346,1.0,0.4590836619259288
0.3044789624491027,1.0,0.4589813737259495
0.3046297692655708,1.0,0.4589682097395174
0.3047805760820389,1.0,0.4585292413289378
0.304931382898507,1.0,0.4581322928972192
0.30508218971497514,1.0,0.4581105420993754
0.3052329965314432,1.0,0.4581006417617518
0.3053838033479113,1.0,0.4580679478076487
0.30553461016437944,1.0,0.4578578911597819
0.30568541698084756,1.0,0.4578273925396711
0.3058362237973156,1.0,0.4577817877440351
0.30598703061378374,1.0,0.4576540017175306
0.30613783743025186,1.0,0.4576420102857868
0.30628864424672,1.0,0.4575923259296388
0.30643945106318804,1.0,0.4575525423263784
0.30659025787965616,1.0,0.4573939184800701
0.3067410646961243,1.0,0.457078552143312
0.3068918715125924,1.0,0.4568582254522414
0.30704267832906046,1.0,0.4566142681815625
0.3071934851455286,1.0,0.456558268923375
0.3073442919619967,1.0,0.4564800763493604
0.30749509877846476,1.0,0.456322106456893
0.3076459055949329,1.0,0.4561896967024771
0.307796712411401,1.0,0.4559068790167321
0.3079475192278691,1.0,0.4557291940787211
0.3080983260443372,1.0,0.4553525284018358
0.3082491328608053,1.0,0.4552952725988187
0.3083999396772734,1.0,0.4551730862276323
0.30855074649374153,1.0,0.4550269649969306
0.3087015533102096,1.0,0.4549246605135058
0.3088523601266777,1.0,0.4548218960168014
0.30900316694314583,1.0,0.4546573544742924
0.30915397375961395,1.0,0.4545438354641702
0.309304780576082,1.0,0.4544745375154707
0.30945558739255014,1.0,0.4543388792194995
0.30960639420901825,1.0,0.4541870098713318
0.3097572010254864,1.0,0.4541194369169773
0.30990800784195444,1.0,0.4541157413136386
0.31005881465842255,1.0,0.4540908228125109
0.3102096214748907,1.0,0.4540754666590813
0.3103604282913588,1.0,0.4539715397976208
0.31051123510782686,1.0,0.453921420158427
0.310662041924295,1.0,0.4535361106001804
0.3108128487407631,1.0,0.4534868358190975
0.3109636555572312,1.0,0.4533158906550268
0.3111144623736993,1.0,0.4532867548882796
0.3112652691901674,1.0,0.453074080972577
0.3114160760066355,1.0,0.4529263178044229
0.31156688282310363,1.0,0.4527219378544594
0.3117176896395717,1.0,0.4525131371677948
0.3118684964560398,1.0,0.4524402913272424
0.31201930327250793,1.0,0.4523740635777033
0.31217011008897605,1.0,0.4522589254907653
0.3123209169054441,1.0,0.452110997374739
0.31247172372191223,1.0,0.4519316195452921
0.31262253053838035,1.0,0.4517040160365394
0.3127733373548484,1.0,0.4516873302560514
0.31292414417131653,1.0,0.4516726990077681
0.31307495098778465,1.0,0.4515620171877258
0.31322575780425277,1.0,0.4513868248377932
0.31337656462072083,1.0,0.4513761828399045
0.31352737143718895,1.0,0.4512637931272844
0.31367817825365707,1.0,0.4510472818614384
0.3138289850701252,1.0,0.4508920325216824
0.31397979188659325,1.0,0.4507130478574281
0.31413059870306137,1.0,0.4506343611045499
0.3142814055195295,1.0,0.4506301190080433
0.3144322123359976,1.0,0.4505150965577817
0.31458301915246567,1.0,0.4502959689960621
0.3147338259689338,1.0,0.4502883562669438
0.3148846327854019,1.0,0.4502173603850188
0.31503543960187,1.0,0.4502106267539049
0.3151862464183381,1.0,0.4497349259111026
0.3153370532348062,1.0,0.4496281087211938
0.3154878600512743,1.0,0.4496129719162456
0.31563866686774245,1.0,0.4493582746669453
0.3157894736842105,1.0,0.4491994267280053
0.3159402805006786,1.0,0.4491513969391389
0.31609108731714675,1.0,0.4490333982073242
0.31624189413361486,1.0,0.4488541167241668
0.31639270095008293,1.0,0.4486790612024798
0.31654350776655105,1.0,0.4485160092607145
0.31669431458301917,1.0,0.4483609293676858
0.3168451213994873,1.0,0.4481966872569627
0.31699592821595535,1.0,0.4481481971500247
0.31714673503242347,1.0,0.4481375689808444
0.3172975418488916,1.0,0.4479998666985837
0.31744834866535965,1.0,0.4479979603319707
0.31759915548182777,1.0,0.4479930617567142
0.3177499622982959,1.0,0.4477490715739356
0.317900769114764,1.0,0.4475992593278854
0.31805157593123207,1.0,0.4472940872234818
0.3182023827477002,1.0,0.4472931311659352
0.3183531895641683,1.0,0.4470132677718407
0.3185039963806364,1.0,0.4469828118793671
0.3186548031971045,1.0,0.4469121338506931
0.3188056100135726,1.0,0.4466677949800166
0.3189564168300407,1.0,0.4466374532615589
0.31910722364650884,1.0,0.4464010812351562
0.3192580304629769,1.0,0.4461621345466125
0.319408837279445,1.0,0.4461389049454408
0.31955964409591314,1.0,0.4458456472159592
0.31971045091238126,1.0,0.4457216794234951
0.3198612577288493,1.0,0.4456800804013562
0.32001206454531744,1.0,0.4454686991382338
0.32016287136178556,1.0,0.4454160637118315
0.3203136781782537,1.0,0.4452995964424499
0.32046448499472174,1.0,0.4452444965496202
0.32061529181118986,1.0,0.4452421502050092
0.320766098627658,1.0,0.4451919659608442
0.3209169054441261,1.0,0.4450514686764251
0.32106771226059416,1.0,0.4450116272788484
0.3212185190770623,1.0,0.4449248573044894
0.3213693258935304,1.0,0.4449226149784726
0.3215201327099985,1.0,0.4447113145090371
0.3216709395264666,1.0,0.4445906044961968
0.3218217463429347,1.0,0.4445599039618259
0.3219725531594028,1.0,0.4444834232402765
0.3221233599758709,1.0,0.4444496482538206
0.322274166792339,1.0,0.444391946536146
0.3224249736088071,1.0,0.4442301783338429
0.32257578042527524,1.0,0.4441076534499726
0.3227265872417433,1.0,0.4440360883988154
0.3228773940582114,1.0,0.4438354212956397
0.32302820087467954,1.0,0.4437880716463617
0.32317900769114766,1.0,0.4437382015297574
0.3233298145076157,1.0,0.4435922339736721
0.32348062132408384,1.0,0.4434087646130133
0.32363142814055196,1.0,0.4432478393995134
0.3237822349570201,1.0,0.4431689556398322
0.32393304177348814,1.0,0.443104667080721
0.32408384858995626,1.0,0.4430024910368212
0.3242346554064244,1.0,0.4428750576211508
0.3243854622228925,1.0,0.4428676508312666
0.32453626903936056,1.0,0.4426571515725019
0.3246870758558287,1.0,0.4425646901375647
0.3248378826722968,1.0,0.442543962298547
0.3249886894887649,1.0,0.4424614625266936
0.325139496305233,1.0,0.4423968767601294
0.3252903031217011,1.0,0.4421728016040021
0.3254411099381692,1.0,0.4421530529739355
0.32559191675463733,1.0,0.4420539469747498
0.3257427235711054,1.0,0.4420518968692665
0.3258935303875735,1.0,0.4419665064123599
0.32604433720404163,1.0,0.4419100099209051
0.32619514402050975,1.0,0.4419026145292523
0.3263459508369778,1.0,0.4418251807035077
0.32649675765344593,1.0,0.4417162135595607
0.32664756446991405,1.0,0.4415839377754781
0.32679837128638217,1.0,0.4413951645873725
0.32694917810285024,1.0,0.4413704859632373
0.32709998491931835,1.0,0.4413442366813478
0.3272507917357865,1.0,0.4413145361891268
0.32740159855225454,1.0,0.4411660071628169
0.32755240536872265,1.0,0.4410232463676595
0.3277032121851908,1.0,0.4407853515092725
0.3278540190016589,1.0,0.440695360567341
0.32800482581812695,1.0,0.4406800246868848
0.3281556326345951,1.0,0.4405123174878002
0.3283064394510632,1.0,0.4405040975537721
0.3284572462675313,1.0,0.4404624308834787
0.3286080530839994,1.0,0.4403667441003564
0.3287588599004675,1.0,0.4403445720011881
0.3289096667169356,1.0,0.4399276294984139
0.32906047353340373,1.0,0.4398440205681971
0.3292112803498718,1.0,0.4396375400365011
0.3293620871663399,1.0,0.4395729057836562
0.32951289398280803,1.0,0.4394939232434131
0.32966370079927615,1.0,0.4392922458825852
0.3298145076157442,1.0,0.4392372511845529
0.32996531443221233,1.0,0.4387613758897435
0.33011612124868045,1.0,0.4386690459168165
0.33026692806514857,1.0,0.4383269948239665
0.33041773488161663,1.0,0.4383247473429912
0.33056854169808475,1.0,0.4382337360901692
0.33071934851455287,1.0,0.438198713890701
0.330870155331021,1.0,0.4381110298085557
0.33102096214748905,1.0,0.4381073605484786
0.33117176896395717,1.0,0.4380390540475024
0.3313225757804253,1.0,0.4378052449364234
0.3314733825968934,1.0,0.4373502616033987
0.33162418941336147,1.0,0.4373297953221894
0.3317749962298296,1.0,0.4372025680667436
0.3319258030462977,1.0,0.4370024879054213
0.33207660986276577,1.0,0.4368827304164935
0.3322274166792339,1.0,0.4366810805106113
0.332378223495702,1.0,0.4366270886422236
0.3325290303121701,1.0,0.4362893043092423
0.3326798371286382,1.0,0.4362402296099666
0.3328306439451063,1.0,0.4360319317489807
0.3329814507615744,1.0,0.4358209665798463
0.33313225757804255,1.0,0.4357494150616028
0.3332830643945106,1.0,0.4352536503656661
0.3334338712109787,1.0,0.4351444826857296
0.33358467802744685,1.0,0.4349390915601153
0.33373548484391496,1.0,0.4347829783076648
0.33388629166038303,1.0,0.4346482107164904
0.33403709847685115,1.0,0.4344832176934266
0.33418790529331927,1.0,0.4342458852614481
0.3343387121097874,1.0,0.4340304241164127
0.33448951892625545,1.0,0.4340197709862883
0.33464032574272357,1.0,0.4337783974569253
0.3347911325591917,1.0,0.433743955703005
0.3349419393756598,1.0,0.4337395397719788
0.33509274619212787,1.0,0.433725405711369
0.335243553008596,1.0,0.43368216571374
0.3353943598250641,1.0,0.4335380944070869
0.3355451666415322,1.0,0.4332212230570598
0.3356959734580003,1.0,0.4331473183195103
0.3358467802744684,1.0,0.4330900416082317
0.3359975870909365,1.0,0.4329586479447838
0.33614839390740464,1.0,0.4327115602196313
0.3362992007238727,1.0,0.4326434954738007
0.3364500075403408,1.0,0.4322994188529251
0.33660081435680894,1.0,0.4322615527582275
0.336751621173277,1.0,0.4321430477394569
0.3369024279897451,1.0,0.4319922485313397
0.33705323480621324,1.0,0.4319730095730911
0.33720404162268136,1.0,0.4319475871191643
0.3373548484391494,1.0,0.431560549663101
0.33750565525561754,1.0,0.4314316535746007
0.33765646207208566,1.0,0.4314223709675325
0.3378072688885538,1.0,0.4313865736734637
0.33795807570502184,1.0,0.4312364825075248
0.33810888252148996,1.0,0.431209044134913
0.3382596893379581,1.0,0.4311405654407136
0.3384104961544262,1.0,0.4311116797320002
0.33856130297089426,1.0,0.4309714540384918
0.3387121097873624,1.0,0.4306846584894203
0.3388629166038305,1.0,0.4305476477334696
0.3390137234202986,1.0,0.4304221932675234
0.3391645302367667,1.0,0.4303137376499131
0.3393153370532348,1.0,0.4301213739874555
0.3394661438697029,1.0,0.4300561889927205
0.33961695068617104,1.0,0.4298580379795296
0.3397677575026391,1.0,0.4297879449563411
0.3399185643191072,1.0,0.4296739730289335
0.34006937113557534,1.0,0.4295416376531624
0.34022017795204346,1.0,0.4292834669555175
0.3403709847685115,1.0,0.4292538778113809
0.34052179158497964,1.0,0.4292243477020232
0.34067259840144776,1.0,0.4291889796473549
0.3408234052179159,1.0,0.4291212721166748
0.34097421203438394,1.0,0.4289680928776992
0.34112501885085206,1.0,0.4288904833331112
0.3412758256673202,1.0,0.4288510598964922
0.3414266324837883,1.0,0.4285677473310842
0.34157743930025636,1.0,0.4285134317922943
0.3417282461167245,1.0,0.4284298068003275
0.3418790529331926,1.0,0.4283040042210773
0.34202985974966066,1.0,0.4281264719411803
0.3421806665661288,1.0,0.4280591604770903
0.3423314733825969,1.0,0.4280516211224554
0.342482280199065,1.0,0.4280442924751289
0.3426330870155331,1.0,0.4278736813140551
0.3427838938320012,1.0,0.4277509173091219
0.3429347006484693,1.0,0.4276869156634458
0.34308550746493743,1.0,0.4275901505080085
0.3432363142814055,1.0,0.427344221385881
0.3433871210978736,1.0,0.4273178377449949
0.34353792791434173,1.0,0.427291223773445
0.34368873473080985,1.0,0.4272182068852978
0.3438395415472779,1.0,0.42711268542978
0.34399034836374603,1.0,0.4271077768891486
0.34414115518021415,1.0,0.4270300881435581
0.34429196199668227,1.0,0.426547416020291
0.34444276881315034,1.0,0.4265431718378852
0.34459357562961845,1.0,0.4264637288705278
0.3447443824460866,1.0,0.4264032385250623
0.3448951892625547,1.0,0.426393138120248
0.34504599607902275,1.0,0.4263117155731157
0.3451968028954909,1.0,0.4262798532833968
0.345347609711959,1.0,0.426274673568262
0.3454984165284271,1.0,0.4262355880713438
0.3456492233448952,1.0,0.4261812290574375
0.3458000301613633,1.0,0.4259756737250433
0.3459508369778314,1.0,0.4259093310180162
0.34610164379429953,1.0,0.4256651729110879
0.3462524506107676,1.0,0.4254141064526553
0.3464032574272357,1.0,0.4253969957701472
0.34655406424370383,1.0,0.4253544097242337
0.3467048710601719,1.0,0.4253527270775585
0.34685567787664,1.0,0.4251933890561081
0.34700648469310813,1.0,0.4250167613816417
0.34715729150957625,1.0,0.4249439508833011
0.3473080983260443,1.0,0.4248564678653573
0.34745890514251243,1.0,0.4246647234766632
0.34760971195898055,1.0,0.4245634657871253
0.34776051877544867,1.0,0.424406977602587
0.34791132559191673,1.0,0.4243124427476753
0.34806213240838485,1.0,0.4242376722690147
0.34821293922485297,1.0,0.4240555029572193
0.3483637460413211,1.0,0.4239555251603396
0.34851455285778915,1.0,0.4234582238490291
0.34866535967425727,1.0,0.4234456339372882
0.3488161664907254,1.0,0.4233152929324982
0.3489669733071935,1.0,0.4230726196266151
0.34911778012366157,1.0,0.4229131493810691
0.3492685869401297,1.0,0.4228582696114699
0.3494193937565978,1.0,0.4228417609896476
0.3495702005730659,1.0,0.4227910469539997
0.349721007389534,1.0,0.4227126010744219
0.3498718142060021,1.0,0.4225079436538133
0.3500226210224702,1.0,0.4224661731599188
0.35017342783893834,1.0,0.422255245149732
0.3503242346554064,1.0,0.4222473354490975
0.3504750414718745,1.0,0.4221316847087816
0.35062584828834265,1.0,0.4219165489632807
0.35077665510481076,1.0,0.4218597210131508
0.3509274619212788,1.0,0.4215210567082061
0.35107826873774695,1.0,0.4214489221111569
0.35122907555421506,1.0,0.4213434297165453
0.3513798823706831,1.0,0.4213110475615599
0.35153068918715125,1.0,0.4212999865577653
0.35168149600361936,1.0,0.4212979374844612
0.3518323028200875,1.0,0.4210761250311486
0.35198310963655555,1.0,0.4209797113401662
0.35213391645302367,1.0,0.4209283429613361
0.3522847232694918,1.0,0.4208398917537412
0.3524355300859599,1.0,0.4206535794728721
0.35258633690242797,1.0,0.420625485453446
0.3527371437188961,1.0,0.4205288726440293
0.3528879505353642,1.0,0.4204683193162177
0.3530387573518323,1.0,0.4204292993878056
0.3531895641683004,1.0,0.4204270482883817
0.3533403709847685,1.0,0.4203686118680995
0.3534911778012366,1.0,0.4202971279911248
0.35364198461770474,1.0,0.4202099170170872
0.3537927914341728,1.0,0.4201893491368805
0.3539435982506409,1.0,0.4200985331254511
0.35409440506710904,1.0,0.420023754353377
0.35424521188357716,1.0,0.4198466449585111
0.3543960187000452,1.0,0.4198365226836226
0.35454682551651334,1.0,0.419810542088156
0.35469763233298146,1.0,0.4197148343538824
0.3548484391494496,1.0,0.4196206637287506
0.35499924596591764,1.0,0.419342712781963
0.35515005278238576,1.0,0.4193281100737704
0.3553008595988539,1.0,0.419271636021089
0.355451666415322,1.0,0.4192102931726992
0.35560247323179006,1.0,0.4191026702042961
0.3557532800482582,1.0,0.419017933623922
0.3559040868647263,1.0,0.4189410825487848
0.3560548936811944,1.0,0.4189281179142323
0.3562057004976625,1.0,0.4187741283705014
0.3563565073141306,1.0,0.4187030671329267
0.3565073141305987,1.0,0.4186870004021122
0.3566581209470668,1.0,0.4186594515805267
0.3568089277635349,1.0,0.4185948427870262
0.356959734580003,1.0,0.4185105074161167
0.35711054139647114,1.0,0.4183904715499004
0.3572613482129392,1.0,0.4180490584875621
0.3574121550294073,1.0,0.4179531218523286
0.35756296184587544,1.0,0.4178780509818666
0.35771376866234356,1.0,0.4174154650750156
0.3578645754788116,1.0,0.4172215067784002
0.35801538229527974,1.0,0.4171769294626286
0.35816618911174786,1.0,0.4169506210182916
0.358316995928216,1.0,0.4169245775168798
0.35846780274468404,1.0,0.4165987478945882
0.35861860956115216,1.0,0.4165631892317314
0.3587694163776203,1.0,0.4165576957091363
0.3589202231940884,1.0,0.4162397480534959
0.35907103001055646,1.0,0.4162059448097194
0.3592218368270246,1.0,0.4159896313353198
0.3593726436434927,1.0,0.4158063176892105
0.3595234504599608,1.0,0.4157342292895393
0.3596742572764289,1.0,0.4155960027585093
0.359825064092897,1.0,0.4155135667954486
0.3599758709093651,1.0,0.415382600329051
0.36012667772583323,1.0,0.4153332204995015
0.3602774845423013,1.0,0.41527537594557
0.3604282913587694,1.0,0.4151378147551817
0.36057909817523753,1.0,0.4148911892127311
0.36072990499170565,1.0,0.4146611468252079
0.3608807118081737,1.0,0.4146587513477694
0.36103151862464183,1.0,0.414578796097775
0.36118232544110995,1.0,0.41455701419232
0.361333132257578,1.0,0.4143356965708501
0.36148393907404613,1.0,0.4143091707373607
0.36163474589051425,1.0,0.4141602529233724
0.36178555270698237,1.0,0.414043875953734
0.36193635952345043,1.0,0.4140298168145279
0.36208716633991855,1.0,0.4139707009075903
0.3622379731563867,1.0,0.413912600171881
0.3623887799728548,1.0,0.4137613508136785
0.36253958678932285,1.0,0.4137303100956631
0.362690393605791,1.0,0.4136324459529807
0.3628412004222591,1.0,0.4136102597854066
0.3629920072387272,1.0,0.4133044231280523
0.3631428140551953,1.0,0.4132892968181982
0.3632936208716634,1.0,0.4131137236448807
0.3634444276881315,1.0,0.4130681769626654
0.36359523450459963,1.0,0.4130019235875812
0.3637460413210677,1.0,0.4128912783006939
0.3638968481375358,1.0,0.4128734616944087
0.36404765495400393,1.0,0.4126342259204386
0.36419846177047205,1.0,0.4126000335461166
0.3643492685869401,1.0,0.4125593128224694
0.36450007540340823,1.0,0.4125273205995656
0.36465088221987635,1.0,0.4123717751108159
0.36480168903634447,1.0,0.4123421825751741
0.36495249585281253,1.0,0.4123294358981168
0.36510330266928065,1.0,0.4123268683756396
0.36525410948574877,1.0,0.4122444762187112
0.3654049163022169,1.0,0.4121334521890166
0.36555572311868495,1.0,0.4120432072358534
0.36570652993515307,1.0,0.4116355979486487
0.3658573367516212,1.0,0.4114614212195993
0.36600814356808925,1.0,0.4114103195501035
0.36615895038455737,1.0,0.4113644664170731
0.3663097572010255,1.0,0.4112503723656956
0.3664605640174936,1.0,0.4107769880203482
0.36661137083396167,1.0,0.4107000288272619
0.3667621776504298,1.0,0.4106928723641578
0.3669129844668979,1.0,0.4104404512315411
0.367063791283366,1.0,0.4102980571702608
0.3672145980998341,1.0,0.4101638747588659
0.3673654049163022,1.0,0.4100708437537703
0.3675162117327703,1.0,0.4099539871084779
0.36766701854923844,1.0,0.4099038182908515
0.3678178253657065,1.0,0.4098322246500212
0.3679686321821746,1.0,0.4095505117494206
0.36811943899864275,1.0,0.4093691858310216
0.36827024581511086,1.0,0.4093607380619617
0.3684210526315789,1.0,0.4093251506109929
0.36857185944804705,1.0,0.4090394377494776
0.36872266626451516,1.0,0.4088477399263093
0.3688734730809833,1.0,0.4086697107327749
0.36902427989745135,1.0,0.4085669784955612
0.36917508671391946,1.0,0.4084217090480944
0.3693258935303876,1.0,0.4082972804698024
0.3694767003468557,1.0,0.408206726066
0.36962750716332377,1.0,0.4081441531570937
0.3697783139797919,1.0,0.4081217258809635
0.36992912079626,1.0,0.4079854244322809
0.3700799276127281,1.0,0.4077978807595174
0.3702307344291962,1.0,0.4077537645976971
0.3703815412456643,1.0,0.4076532181542229
0.3705323480621324,1.0,0.4075924619505844
0.37068315487860054,1.0,0.4075603978393245
0.3708339616950686,1.0,0.4075550879724059
0.3709847685115367,1.0,0.4074255582546038
0.37113557532800484,1.0,0.4074033001784901
0.3712863821444729,1.0,0.4073673258337854
0.371437188960941,1.0,0.4072820101080563
0.37158799577740914,1.0,0.4072152791894054
0.37173880259387726,1.0,0.4072077212176392
0.3718896094103453,1.0,0.4069856222667793
0.37204041622681344,1.0,0.4069332446289573
0.37219122304328156,1.0,0.4068216995777826
0.3723420298597497,1.0,0.4067718398256201
0.37249283667621774,1.0,0.4064464184248186
0.37264364349268586,1.0,0.4063680520990742
0.372794450309154,1.0,0.4062938934030239
0.3729452571256221,1.0,0.4062613933743429
0.37309606394209016,1.0,0.4061759899231611
0.3732468707585583,1.0,0.4058895231951245
0.3733976775750264,1.0,0.4058834518815992
0.3735484843914945,1.0,0.405842175503211
0.3736992912079626,1.0,0.4058131384890328
0.3738500980244307,1.0,0.4056872966176877
0.3740009048408988,1.0,0.4056142836954491
0.37415171165736694,1.0,0.4055062048734599
0.374302518473835,1.0,0.4054424869703719
0.3744533252903031,1.0,0.4051343700179716
0.37460413210677124,1.0,0.4051138116941339
0.37475493892323936,1.0,0.4050528729490384
0.3749057457397074,1.0,0.4049346269763351
0.37505655255617554,1.0,0.4046236660997611
0.37520735937264366,1.0,0.4041011790637827
0.3753581661891118,1.0,0.4040747619047942
0.37550897300557984,1.0,0.4040255877794035
0.37565977982204796,1.0,0.4034926168386726
0.3758105866385161,1.0,0.4034794645305224
0.37596139345498414,1.0,0.4031472259985827
0.37611220027145226,1.0,0.4030707351152536
0.3762630070879204,1.0,0.4030392469734107
0.3764138139043885,1.0,0.4028278025681869
0.37656462072085656,1.0,0.4026550766644288
0.3767154275373247,1.0,0.4025633374051088
0.3768662343537928,1.0,0.4025521573248329
0.3770170411702609,1.0,0.4025096407281786
0.377167847986729,1.0,0.4021932939482349
0.3773186548031971,1.0,0.4021433202430095
0.3774694616196652,1.0,0.4019271616370587
0.37762026843613333,1.0,0.401833980153539
0.3777710752526014,1.0,0.4013657372350996
0.3779218820690695,1.0,0.401244416244511
0.37807268888553763,1.0,0.401172065230494
0.37822349570200575,1.0,0.4011699883713373
0.3783743025184738,1.0,0.401081903499511
0.37852510933494193,1.0,0.4010696467768417
0.37867591615141005,1.0,0.4009142105656011
0.37882672296787817,1.0,0.4008997308153472
0.37897752978434623,1.0,0.4008644272525485
0.37912833660081435,1.0,0.400727216755731
0.37927914341728247,1.0,0.4005990461195504
0.3794299502337506,1.0,0.4005769548226579
0.37958075705021865,1.0,0.4005253000360967
0.37973156386668677,1.0,0.4004471199731976
0.3798823706831549,1.0,0.4002472507416789
0.380033177499623,1.0,0.4001067975960021
0.3801839843160911,1.0,0.4000298510193378
0.3803347911325592,1.0,0.3998456568730735
0.3804855979490273,1.0,0.3996781457869861
0.3806364047654954,1.0,0.399572334520175
0.3807872115819635,1.0,0.3995189163812194
0.3809380183984316,1.0,0.399481529842019
0.38108882521489973,1.0,0.3992724378758247
0.3812396320313678,1.0,0.3990410545316861
0.3813904388478359,1.0,0.3989272805853905
0.38154124566430403,1.0,0.3988725112080446
0.38169205248077215,1.0,0.3988043028847661
0.3818428592972402,1.0,0.3986325885169515
0.38199366611370833,1.0,0.3986083539562892
0.38214447293017645,1.0,0.3985565148584152
0.38229527974664457,1.0,0.3983457365080834
0.38244608656311263,1.0,0.398340716720395
0.38259689337958075,1.0,0.3981849796847558
0.38274770019604887,1.0,0.398010998200266
0.382898507012517,1.0,0.397931308247418
0.38304931382898505,1.0,0.39786991922472
0.38320012064545317,1.0,0.3978032174736033
0.3833509274619213,1.0,0.3977317867370815
0.3835017342783894,1.0,0.3975414180537424
0.38365254109485747,1.0,0.397443940060459
0.3838033479113256,1.0,0.3973123871828452
0.3839541547277937,1.0,0.3972789942069032
0.3841049615442618,1.0,0.3972734161799832
0.3842557683607299,1.0,0.3970822637407876
0.384406575177198,1.0,0.3970514920223372
0.3845573819936661,1.0,0.3969508981838754
0.38470818881013424,1.0,0.3968980982501983
0.3848589956266023,1.0,0.3968139033165085
0.3850098024430704,1.0,0.3967850884121551
0.38516060925953854,1.0,0.3967762972844398
0.38531141607600666,1.0,0.3967322907782049
0.3854622228924747,1.0,0.3966421427046088
0.38561302970894284,1.0,0.3966190654127694
0.38576383652541096,1.0,0.3965427590831562
0.385914643341879,1.0,0.3964319289006314
0.38606545015834715,1.0,0.3964113828214753
0.38621625697481526,1.0,0.3962627185321648
0.3863670637912834,1.0,0.3962123647978436
0.38651787060775145,1.0,0.3960248299569791
0.38666867742421956,1.0,0.3959859943548006
0.3868194842406877,1.0,0.395982854250441
0.3869702910571558,1.0,0.3959582373268214
0.38712109787362387,1.0,0.3959404852239206
0.387271904690092,1.0,0.3958299571839725
0.3874227115065601,1.0,0.3957362101727701
0.3875735183230282,1.0,0.3957162790450768
0.3877243251394963,1.0,0.3956586206138683
0.3878751319559644,1.0,0.3955601936638109
0.3880259387724325,1.0,0.3955153410463097
0.38817674558890064,1.0,0.3952740902339736
0.3883275524053687,1.0,0.3950896135096209
0.3884783592218368,1.0,0.3947719192711597
0.38862916603830494,1.0,0.3947090959147628
0.38877997285477306,1.0,0.3946757664470176
0.3889307796712411,1.0,0.3945853273517445
0.38908158648770924,1.0,0.3945546854138193
0.38923239330417736,1.0,0.3944824904644965
0.3893832001206455,1.0,0.3943643635196902
0.38953400693711354,1.0,0.3942489213555576
0.38968481375358166,1.0,0.3942286466913308
0.3898356205700498,1.0,0.3941598790024681
0.3899864273865179,1.0,0.3940242888983097
0.39013723420298596,1.0,0.3939602682679456
0.3902880410194541,1.0,0.3938272602435713
0.3904388478359222,1.0,0.3937638828061511
0.39058965465239026,1.0,0.3934261873343948
0.3907404614688584,1.0,0.3934123840162155
0.3908912682853265,1.0,0.3933268336021833
0.3910420751017946,1.0,0.3933239135565077
0.3911928819182627,1.0,0.3930576917150875
0.3913436887347308,1.0,0.393031539814264
0.3914944955511989,1.0,0.3930184288594586
0.39164530236766704,1.0,0.3929860084791493
0.3917961091841351,1.0,0.3925115079912015
0.3919469160006032,1.0,0.3922877878227049
0.39209772281707134,1.0,0.392284184396947
0.39224852963353946,1.0,0.392159519731297
0.3923993364500075,1.0,0.3919145841202138
0.39255014326647564,1.0,0.3918916731835394
0.39270095008294376,1.0,0.3918513338998541
0.3928517568994119,1.0,0.3915869711574028
0.39300256371587994,1.0,0.3914451024068071
0.39315337053234806,1.0,0.3914360021954174
0.3933041773488162,1.0,0.3913860185061855
0.3934549841652843,1.0,0.3912021596642657
0.39360579098175236,1.0,0.3910568729588733
0.3937565977982205,1.0,0.3909404272893891
0.3939074046146886,1.0,0.3909207946832959
0.3940582114311567,1.0,0.3907740693947187
0.3942090182476248,1.0,0.3907374254659124
0.3943598250640929,1.0,0.3906718166139912
0.394510631880561,1.0,0.3904789909741183
0.39466143869702913,1.0,0.3903487106440427
0.3948122455134972,1.0,0.3902985778657674
0.3949630523299653,1.0,0.3902147631184793
0.39511385914643343,1.0,0.3901781252826151
0.3952646659629015,1.0,0.3900276850073678
0.3954154727793696,1.0,0.3899901640668961
0.39556627959583773,1.0,0.389874837802016
0.39571708641230585,1.0,0.3894387878977808
0.3958678932287739,1.0,0.3894200506335599
0.39601870004524203,1.0,0.3894093617386487
0.39616950686171015,1.0,0.3890497109482052
0.39632031367817827,1.0,0.3890324269160338
0.39647112049464633,1.0,0.3889084905616526
0.39662192731111445,1.0,0.3887665989617616
0.39677273412758257,1.0,0.3887290382928726
0.3969235409440507,1.0,0.3886942642845857
0.39707434776051875,1.0,0.3885902035566829
0.39722515457698687,1.0,0.3885099200030391
0.397375961393455,1.0,0.3884811348532406
0.3975267682099231,1.0,0.3883498037126094
0.3976775750263912,1.0,0.3883350159610696
0.3978283818428593,1.0,0.3882375366499439
0.3979791886593274,1.0,0.3881903067238514
0.39812999547579553,1.0,0.3881703216259661
0.3982808022922636,1.0,0.387924113680745
0.3984316091087317,1.0,0.3871103923013992
0.39858241592519983,1.0,0.3869917075271218
0.39873322274166795,1.0,0.3869700677321134
0.398884029558136,1.0,0.3869581684745687
0.39903483637460413,1.0,0.3868657823023195
0.39918564319107225,1.0,0.3866864806080393
0.39933645000754037,1.0,0.3863870495291778
0.39948725682400843,1.0,0.3863868967052218
0.39963806364047655,1.0,0.3862614050605172
0.39978887045694467,1.0,0.3862287700306691
0.3999396772734128,1.0,0.3861862640465843
0.40009048408988085,1.0,0.3861671271255734
0.40024129090634897,1.0,0.385849376589943
0.4003920977228171,1.0,0.3855935556034398
0.40054290453928515,1.0,0.385456270075469
0.40069371135575327,1.0,0.3852822142679426
0.4008445181722214,1.0,0.3851576658946722
0.4009953249886895,1.0,0.3850287380948374
0.40114613180515757,1.0,0.385026631943602
0.4012969386216257,1.0,0.3848917029389243
0.4014477454380938,1.0,0.3848871630167441
0.4015985522545619,1.0,0.3848201007663196
0.40174935907103,1.0,0.3846245309618313
0.4019001658874981,1.0,0.3844676257478839
0.4020509727039662,1.0,0.3842699318945621
0.40220177952043434,1.0,0.384206435888798
0.4023525863369024,1.0,0.3841183315977566
0.4025033931533705,1.0,0.3840793501583523
0.40265419996983864,1.0,0.3840695726386315
0.40280500678630676,1.0,0.3840543936926012
0.4029558136027748,1.0,0.3839976804764896
0.40310662041924294,1.0,0.3839884993693345
0.40325742723571106,1.0,0.3839532056175366
0.4034082340521792,1.0,0.3837653946618383
0.40355904086864725,1.0,0.383746857459996
0.40370984768511536,1.0,0.3835811114430093
0.4038606545015835,1.0,0.383445500283064
0.4040114613180516,1.0,0.3832810917057987
0.40416226813451966,1.0,0.3832206052187872
0.4043130749509878,1.0,0.3831095576166144
0.4044638817674559,1.0,0.3830215305920785
0.404614688583924,1.0,0.3829980810119689
0.4047654954003921,1.0,0.3829603560815414
0.4049163022168602,1.0,0.3828290468668211
0.4050671090333283,1.0,0.3826410260273417
0.4052179158497964,1.0,0.382527094595713
0.4053687226662645,1.0,0.3825235352800493
0.4055195294827326,1.0,0.3824672749146471
0.40567033629920074,1.0,0.3823462131994553
0.4058211431156688,1.0,0.3823125902074897
0.4059719499321369,1.0,0.382199853720964
0.40612275674860504,1.0,0.3821949172867745
0.40627356356507316,1.0,0.3821397683375932
0.4064243703815412,1.0,0.3821230125232593
0.40657517719800934,1.0,0.3819846091122136
0.40672598401447746,1.0,0.3819545830500088
0.4068767908309456,1.0,0.381883647783755
0.40702759764741364,1.0,0.3817969823530312
0.40717840446388176,1.0,0.3817134624113966
0.4073292112803499,1.0,0.381698762818648
0.407480018096818,1.0,0.3814936785690098
0.40763082491328606,1.0,0.3814139709317274
0.4077816317297542,1.0,0.3813055811615247
0.4079324385462223,1.0,0.3809690345401064
0.4080832453626904,1.0,0.3808935550775191
0.4082340521791585,1.0,0.3807920232724433
0.4083848589956266,1.0,0.3807480636343889
0.4085356658120947,1.0,0.3806151937946166
0.40868647262856284,1.0,0.3804299340692278
0.4088372794450309,1.0,0.3804149532418824
0.408988086261499,1.0,0.3803657914092376
0.40913889307796714,1.0,0.3802316034047577
0.40928969989443525,1.0,0.3800924681873311
0.4094405067109033,1.0,0.3800283861110506
0.40959131352737144,1.0,0.3799941586933422
0.40974212034383956,1.0,0.3799536180850488
0.4098929271603076,1.0,0.3798142186749215
0.41004373397677574,1.0,0.3797179531293123
0.41019454079324386,1.0,0.3796246180911792
0.410345347609712,1.0,0.3793215855333648
0.41049615442618004,1.0,0.3790749273033101
0.41064696124264816,1.0,0.3790288840353454
0.4107977680591163,1.0,0.3789332596526794
0.4109485748755844,1.0,0.378780556792827
0.41109938169205246,1.0,0.378778703878752
0.4112501885085206,1.0,0.3786880332604152
0.4114009953249887,1.0,0.3783380210198197
0.4115518021414568,1.0,0.3782229691761965
0.4117026089579249,1.0,0.3779278718440553
0.411853415774393,1.0,0.3779247478729499
0.4120042225908611,1.0,0.3778731578334964
0.41215502940732923,1.0,0.3778181937675794
0.4123058362237973,1.0,0.3777599713058009
0.4124566430402654,1.0,0.3776969245598454
0.41260744985673353,1.0,0.3776858092209978
0.41275825667320165,1.0,0.3773285510149513
0.4129090634896697,1.0,0.3773284937247975
0.41305987030613783,1.0,0.3770668864370162
0.41321067712260595,1.0,0.377055449294387
0.41336148393907407,1.0,0.3769553483032474
0.41351229075554213,1.0,0.3768510705393647
0.41366309757201025,1.0,0.3766311839659274
0.41381390438847837,1.0,0.3762091907065236
0.4139647112049465,1.0,0.3760737426153859
0.41411551802141455,1.0,0.3760256305030451
0.41426632483788267,1.0,0.3759896676874515
0.4144171316543508,1.0,0.3759206151698588
0.4145679384708189,1.0,0.375885273752532
0.41471874528728697,1.0,0.3756817462852773
0.4148695521037551,1.0,0.3755601101172123
0.4150203589202232,1.0,0.3754960707357715
0.41517116573669127,1.0,0.3754068855296461
0.4153219725531594,1.0,0.3748002953356939
0.4154727793696275,1.0,0.3746928030233501
0.41562358618609563,1.0,0.3745366494702985
0.4157743930025637,1.0,0.3745299788226987
0.4159251998190318,1.0,0.3744925646777489
0.41607600663549993,1.0,0.3743659044098685
0.41622681345196805,1.0,0.37433529043441
0.4163776202684361,1.0,0.3741973430000616
0.41652842708490423,1.0,0.3740636967478024
0.41667923390137235,1.0,0.3739584336128652
0.41683004071784047,1.0,0.3738489459841805
0.41698084753430853,1.0,0.3737914611372361
0.41713165435077665,1.0,0.3737865316789946
0.41728246116724477,1.0,0.3737282425758734
0.4174332679837129,1.0,0.3735752895678619
0.41758407480018095,1.0,0.3733439664538379
0.41773488161664907,1.0,0.3730991556911943
0.4178856884331172,1.0,0.372925382182763
0.4180364952495853,1.0,0.3729212569235149
0.41818730206605337,1.0,0.3728369752902716
0.4183381088825215,1.0,0.3724370848263597
0.4184889156989896,1.0,0.3724354783988374
0.4186397225154577,1.0,0.3723498059724129
0.4187905293319258,1.0,0.3722656584451013
0.4189413361483939,1.0,0.3721859894212232
0.419092142964862,1.0,0.3721654552862589
0.41924294978133014,1.0,0.3715628010043269
0.4193937565977982,1.0,0.3715521836924993
0.4195445634142663,1.0,0.3715422615846975
0.41969537023073444,1.0,0.371502470352666
0.4198461770472025,1.0,0.3714377035554861
0.4199969838636706,1.0,0.3710218493371969
0.42014779068013874,1.0,0.3710204790724289
0.42029859749660686,1.0,0.3709159302093064
0.4204494043130749,1.0,0.3708315162760777
0.42060021112954304,1.0,0.37061270462049
0.42075101794601116,1.0,0.3706085664434094
0.4209018247624793,1.0,0.3704679913511174
0.42105263157894735,1.0,0.3704492402449519
0.42120343839541546,1.0,0.3704190671191403
0.4213542452118836,1.0,0.3704026212655327
0.4215050520283517,1.0,0.3701413719599781
0.42165585884481976,1.0,0.3700707833531594
0.4218066656612879,1.0,0.3700211699848294
0.421957472477756,1.0,0.3696655564362043
0.4221082792942241,1.0,0.3696001990616974
0.4222590861106922,1.0,0.3694127262891993
0.4224098929271603,1.0,0.3691462280169456
0.4225606997436284,1.0,0.3690163891289601
0.42271150656009654,1.0,0.3690106674610748
0.4228623133765646,1.0,0.3689975388134443
0.4230131201930327,1.0,0.3689723499703658
0.42316392700950084,1.0,0.3688939520235413
0.42331473382596896,1.0,0.3687886105838498
0.423465540642437,1.0,0.3681774725707109
0.42361634745890514,1.0,0.3680321948783405
0.42376715427537326,1.0,0.3680251330438864
0.4239179610918414,1.0,0.3678757112345676
0.42406876790830944,1.0,0.3677686238553828
0.42421957472477756,1.0,0.367334659338942
0.4243703815412457,1.0,0.367325769367296
0.42452118835771374,1.0,0.3671659230764907
0.42467199517418186,1.0,0.3668531315770241
0.42482280199065,1.0,0.3668347084423774
0.4249736088071181,1.0,0.3667542081048159
0.42512441562358616,1.0,0.3667537194719462
0.4252752224400543,1.0,0.3666702639810744
0.4254260292565224,1.0,0.3666490071414899
0.4255768360729905,1.0,0.3665515146368749
0.4257276428894586,1.0,0.3664337644244009
0.4258784497059267,1.0,0.3664003069764814
0.4260292565223948,1.0,0.3663000070586884
0.42618006333886294,1.0,0.3662327674550757
0.426330870155331,1.0,0.3662003264092897
0.4264816769717991,1.0,0.3661126198629637
0.42663248378826724,1.0,0.3660711648312667
0.42678329060473535,1.0,0.3660688198873607
0.4269340974212034,1.0,0.3660425865947646
0.42708490423767154,1.0,0.3659782662768032
0.42723571105413966,1.0,0.365953420235256
0.4273865178706078,1.0,0.3659031920179877
0.42753732468707584,1.0,0.3658827230740666
0.42768813150354396,1.0,0.3658501525692749
0.4278389383200121,1.0,0.3657063004030582
0.4279897451364802,1.0,0.3656679659814685
0.42814055195294826,1.0,0.3654560152754014
0.4282913587694164,1.0,0.3654259602904028
0.4284421655858845,1.0,0.3653395330944096
0.4285929724023526,1.0,0.3652829418736275
0.4287437792188207,1.0,0.3652752735175327
0.4288945860352888,1.0,0.3652358528509194
0.4290453928517569,1.0,0.365081843086799
0.42919619966822503,1.0,0.3649616251393015
0.4293470064846931,1.0,0.3649474351511991
0.4294978133011612,1.0,0.3649423917546736
0.42964862011762933,1.0,0.3647581636327555
0.4297994269340974,1.0,0.3647521100745327
0.4299502337505655,1.0,0.3647046772864989
0.43010104056703363,1.0,0.364631460313049
0.43025184738350175,1.0,0.3646091681549509
0.4304026541999698,1.0,0.3645871556556769
0.43055346101643793,1.0,0.3645407058077662
0.43070426783290605,1.0,0.3642697354258501
0.43085507464937417,1.0,0.3642226750617368
0.43100588146584223,1.0,0.3641874664591434
0.43115668828231035,1.0,0.3641721188363558
0.43130749509877847,1.0,0.3641516641618905
0.4314583019152466,1.0,0.3635848862681503
0.43160910873171465,1.0,0.3634033472275637
0.43175991554818277,1.0,0.3633222326962097
0.4319107223646509,1.0,0.3632913189573214
0.432061529181119,1.0,0.3632656023087159
0.43221233599758707,1.0,0.3632584653524544
0.4323631428140552,1.0,0.363237706422589
0.4325139496305233,1.0,0.3631368602154393
0.4326647564469914,1.0,0.3631225741284689
0.4328155632634595,1.0,0.3627595619318685
0.4329663700799276,1.0,0.3626363130509747
0.43311717689639573,1.0,0.3625151513824961
0.43326798371286385,1.0,0.3625078845100665
0.4334187905293319,1.0,0.3624990749245217
0.43356959734580003,1.0,0.3624761308461491
0.43372040416226815,1.0,0.3624139512947992
0.43387121097873627,1.0,0.3622920624884747
0.43402201779520433,1.0,0.3622025270618036
0.43417282461167245,1.0,0.3620252766837949
0.43432363142814057,1.0,0.3617801945804234
0.43447443824460863,1.0,0.361775649513842
0.43462524506107675,1.0,0.3617666049208436
0.43477605187754487,1.0,0.3617027089035943
0.434926858694013,1.0,0.3614813999769782
0.43507766551048105,1.0,0.3611751626066711
0.43522847232694917,1.0,0.3610213318689616
0.4353792791434173,1.0,0.3608695271134317
0.4355300859598854,1.0,0.3606809946445976
0.43568089277635347,1.0,0.3606510730532399
0.4358316995928216,1.0,0.3606090332224726
0.4359825064092897,1.0,0.3600133435639722
0.4361333132257578,1.0,0.3599316553479888
0.4362841200422259,1.0,0.3598894042097039
0.436434926858694,1.0,0.3598038731325891
0.4365857336751621,1.0,0.3596403184617126
0.43673654049163024,1.0,0.3591878535860265
0.4368873473080983,1.0,0.3591232809471171
0.4370381541245664,1.0,0.3591035813741257
0.43718896094103454,1.0,0.3589596486452151
0.43733976775750266,1.0,0.3589028315326316
0.4374905745739707,1.0,0.3586926660505611
0.43764138139043884,1.0,0.3585795440979066
0.43779218820690696,1.0,0.3584360000092116
0.4379429950233751,1.0,0.3583332423016941
0.43809380183984314,1.0,0.3581692243117522
0.43824460865631126,1.0,0.3581440577407772
0.4383954154727794,1.0,0.3581100003901476
0.4385462222892475,1.0,0.3576945563875731
0.43869702910571556,1.0,0.3575494153801576
0.4388478359221837,1.0,0.3574836824522454
0.4389986427386518,1.0,0.3574551189957187
0.43914944955511986,1.0,0.3574132876851751
0.439300256371588,1.0,0.3573430326311351
0.4394510631880561,1.0,0.357342637471585
0.4396018700045242,1.0,0.3571332247225666
0.4397526768209923,1.0,0.3570481889817443
0.4399034836374604,1.0,0.3570351113078749
0.4400542904539285,1.0,0.3569795173532963
0.44020509727039664,1.0,0.3568786672399667
0.4403559040868647,1.0,0.3564431859938459
0.4405067109033328,1.0,0.3563293672439575
0.44065751771980094,1.0,0.3562806234361581
0.44080832453626906,1.0,0.3559687831439319
0.4409591313527371,1.0,0.3558873475923772
0.44110993816920524,1.0,0.355795959587305
0.44126074498567336,1.0,0.3557541482480556
0.4414115518021415,1.0,0.3557533784174479
0.44156235861860954,1.0,0.3554603683467428
0.44171316543507766,1.0,0.3554131086319528
0.4418639722515458,1.0,0.355356320565689
0.4420147790680139,1.0,0.3553126368662979
0.44216558588448196,1.0,0.3550765358016702
0.4423163927009501,1.0,0.3549847889302342
0.4424671995174182,1.0,0.354925122698612
0.4426180063338863,1.0,0.3548038802407148
0.4427688131503544,1.0,0.3547971606892962
0.4429196199668225,1.0,0.3544938779507378
0.4430704267832906,1.0,0.354489679312175
0.44322123359975873,1.0,0.3544034488922322
0.4433720404162268,1.0,0.3543574923265627
0.4435228472326949,1.0,0.3543250743305115
0.44367365404916304,1.0,0.3542578450131009
0.44382446086563115,1.0,0.354233543118322
0.4439752676820992,1.0,0.3540672346956893
0.44412607449856734,1.0,0.3540297886374816
0.44427688131503545,1.0,0.3540231947421846
0.4444276881315035,1.0,0.3539956159830349
0.44457849494797164,1.0,0.3538644531796647
0.44472930176443976,1.0,0.3537933305836307
0.4448801085809079,1.0,0.3537657607151074
0.44503091539737594,1.0,0.3537209261444664
0.44518172221384406,1.0,0.353718198563564
0.4453325290303122,1.0,0.3536920141437562
0.4454833358467803,1.0,0.3536531160292838
0.44563414266324836,1.0,0.3535701955534623
0.4457849494797165,1.0,0.3532791790082816
0.4459357562961846,1.0,0.3532427235752862
0.4460865631126527,1.0,0.3531666145070894
0.4462373699291208,1.0,0.3527283574193252
0.4463881767455889,1.0,0.352519554507348
0.446538983562057,1.0,0.3524512476742896
0.44668979037852513,1.0,0.3523257996832341
0.4468405971949932,1.0,0.3523256964235302
0.4469914040114613,1.0,0.3522816254700081
0.44714221082792943,1.0,0.3522517397647605
0.44729301764439755,1.0,0.3522470020678821
0.4474438244608656,1.0,0.3521657382631271
0.44759463127733373,1.0,0.3521425962826133
0.44774543809380185,1.0,0.3520854084134052
0.44789624491026997,1.0,0.3520742059109358
0.44804705172673803,1.0,0.3520477910430332
0.44819785854320615,1.0,0.3519689067510293
0.44834866535967427,1.0,0.3518444190546151
0.4484994721761424,1.0,0.3518338147891576
0.44865027899261045,1.0,0.3517974127691578
0.44880108580907857,1.0,0.3514687866827923
0.4489518926255467,1.0,0.3513529333609076
0.44910269944201475,1.0,0.3513405494201034
0.44925350625848287,1.0,0.3509190218559407
0.449404313074951,1.0,0.3506364784960777
0.4495551198914191,1.0,0.3505966613156718
0.44970592670788717,1.0,0.3504676206524589
0.4498567335243553,1.0,0.3503772324243213
0.4500075403408234,1.0,0.3503616739354347
0.4501583471572915,1.0,0.3502186743163857
0.4503091539737596,1.0,0.3500298539472631
0.4504599607902277,1.0,0.350006892974598
0.45061076760669583,1.0,0.3498051619490437
0.45076157442316395,1.0,0.3497918472593916
0.450912381239632,1.0,0.3496761969783623
0.45106318805610013,1.0,0.349497361823116
0.45121399487256825,1.0,0.3494565882851372
0.45136480168903637,1.0,0.3493875383014577
0.45151560850550443,1.0,0.3493182793344285
0.45166641532197255,1.0,0.349288009293322
0.45181722213844067,1.0,0.3492645820283199
0.4519680289549088,1.0,0.3492508106709839
0.45211883577137685,1.0,0.3491741629305465
0.45226964258784497,1.0,0.3489744503658153
0.4524204494043131,1.0,0.3489373584369534
0.4525712562207812,1.0,0.3485979062419937
0.45272206303724927,1.0,0.3485877037483522
0.4528728698537174,1.0,0.3481830811828414
0.4530236766701855,1.0,0.3481555122093498
0.4531744834866536,1.0,0.3481126305709396
0.4533252903031217,1.0,0.3480852954964633
0.4534760971195898,1.0,0.3480834587294913
0.4536269039360579,1.0,0.3480694349255047
0.453777710752526,1.0,0.3478582275138951
0.4539285175689941,1.0,0.3477786722524531
0.4540793243854622,1.0,0.3477668258785186
0.45423013120193034,1.0,0.347702604057907
0.4543809380183984,1.0,0.3477025301428783
0.4545317448348665,1.0,0.3476054796114032
0.45468255165133464,1.0,0.3476038741464913
0.45483335846780276,1.0,0.347582131016765
0.4549841652842708,1.0,0.3473620579182354
0.45513497210073894,1.0,0.3472632229449397
0.45528577891720706,1.0,0.3472337638486816
0.4554365857336752,1.0,0.3471086161297075
0.45558739255014324,1.0,0.3470935638359935
0.45573819936661136,1.0,0.3470687907979246
0.4558890061830795,1.0,0.3469695294246507
0.4560398129995476,1.0,0.3466078661333695
0.45619061981601566,1.0,0.3465732915706927
0.4563414266324838,1.0,0.3462607199089552
0.4564922334489519,1.0,0.3462450499415535
0.45664304026542,1.0,0.3461549384340284
0.4567938470818881,1.0,0.3461256622739652
0.4569446538983562,1.0,0.346053547861048
0.4570954607148243,1.0,0.3460233544010557
0.45724626753129244,1.0,0.3459391553789132
0.4573970743477605,1.0,0.3459056938203997
0.4575478811642286,1.0,0.345892911012616
0.45769868798069674,1.0,0.3458928155867242
0.45784949479716486,1.0,0.3458846770762374
0.4580003016136329,1.0,0.3456390816433819
0.45815110843010104,1.0,0.3455748784104174
0.45830191524656916,1.0,0.3454773836810987
0.4584527220630373,1.0,0.3454688808244636
0.45860352887950534,1.0,0.3454654612136962
0.45875433569597346,1.0,0.3454579764400558
0.4589051425124416,1.0,0.3454004172705435
0.45905594932890964,1.0,0.3453731622899945
0.45920675614537776,1.0,0.3452379120323302
0.4593575629618459,1.0,0.3452255908733275
0.459508369778314,1.0,0.3450108914088641
0.45965917659478206,1.0,0.3449372119589619
0.4598099834112502,1.0,0.3448011294660247
0.4599607902277183,1.0,0.3446195972602092
0.4601115970441864,1.0,0.3445875837556266
0.4602624038606545,1.0,0.3445508914147085
0.4604132106771226,1.0,0.3445487520340574
0.4605640174935907,1.0,0.3440852363595854
0.46071482431005883,1.0,0.3440808037480174
0.4608656311265269,1.0,0.3439765356209995
0.461016437942995,1.0,0.3439165387210311
0.46116724475946314,1.0,0.3439151389567806
0.46131805157593125,1.0,0.3438319686014001
0.4614688583923993,1.0,0.3438213311165019
0.46161966520886744,1.0,0.3437929823552598
0.46177047202533555,1.0,0.343789912752763
0.4619212788418037,1.0,0.3437677503672214
0.46207208565827174,1.0,0.3436387424342706
0.46222289247473985,1.0,0.3433690107178508
0.462373699291208,1.0,0.3432868168097812
0.4625245061076761,1.0,0.3432824874877876
0.46267531292414416,1.0,0.3432775229386796
0.4628261197406123,1.0,0.3432630267938108
0.4629769265570804,1.0,0.343260793297661
0.4631277333735485,1.0,0.343251650468876
0.4632785401900166,1.0,0.3431629732722724
0.4634293470064847,1.0,0.3429338668257128
0.4635801538229528,1.0,0.3428232796615642
0.4637309606394209,1.0,0.3426510341375577
0.463881767455889,1.0,0.3425267323631434
0.4640325742723571,1.0,0.3425105243018974
0.46418338108882523,1.0,0.3420569783962023
0.4643341879052933,1.0,0.3420481647867769
0.4644849947217614,1.0,0.3419720698109947
0.46463580153822953,1.0,0.3419139576741101
0.46478660835469765,1.0,0.3419032949066861
0.4649374151711657,1.0,0.3418698155098487
0.46508822198763383,1.0,0.3417023481049769
0.46523902880410195,1.0,0.3415911802493256
0.46538983562057007,1.0,0.3415907221921846
0.46554064243703813,1.0,0.3412508023595443
0.46569144925350625,1.0,0.3412025761690138
0.46584225606997437,1.0,0.3411191715976426
0.4659930628864425,1.0,0.3411138890201103
0.46614386970291055,1.0,0.3410513919971214
0.46629467651937867,1.0,0.3410004401027789
0.4664454833358468,1.0,0.3407738942024308
0.4665962901523149,1.0,0.3406702820577576
0.46674709696878297,1.0,0.3405949091015254
0.4668979037852511,1.0,0.3405736044418145
0.4670487106017192,1.0,0.3404019592640617
0.4671995174181873,1.0,0.3403246833680316
0.4673503242346554,1.0,0.3402967321175964
0.4675011310511235,1.0,0.340293362266918
0.4676519378675916,1.0,0.3401715957762035
0.46780274468405975,1.0,0.3401616518989255
0.4679535515005278,1.0,0.3401013340593855
0.4681043583169959,1.0,0.3400963406824694
0.46825516513346405,1.0,0.3398980493648891
0.4684059719499321,1.0,0.3398388323026973
0.46855677876640023,1.0,0.3397620675167199
0.46870758558286835,1.0,0.3397021689444862
0.46885839239933647,1.0,0.339602490257108
0.46900919921580453,1.0,0.339590206751503
0.46916000603227265,1.0,0.3394456890391719
0.46931081284874077,1.0,0.3393436979847463
0.4694616196652089,1.0,0.3393015413234895
0.46961242648167695,1.0,0.3391571476441529
0.46976323329814507,1.0,0.3391246976726206
0.4699140401146132,1.0,0.3389978226735813
0.4700648469310813,1.0,0.3389333273724416
0.47021565374754937,1.0,0.3389075611683397
0.4703664605640175,1.0,0.3388474719080492
0.4705172673804856,1.0,0.338816080542144
0.4706680741969537,1.0,0.3387075051667163
0.4708188810134218,1.0,0.3384425361148637
0.4709696878298899,1.0,0.3383767116418463
0.471120494646358,1.0,0.3382554848188701
0.47127130146282614,1.0,0.3382237003749144
0.4714221082792942,1.0,0.3381908370715222
0.4715729150957623,1.0,0.3381833855034282
0.47172372191223044,1.0,0.3381036501274734
0.47187452872869856,1.0,0.3380290464262923
0.4720253355451666,1.0,0.3379543301744988
0.47217614236163474,1.0,0.3378545074379542
0.47232694917810286,1.0,0.3377399466414598
0.472477755994571,1.0,0.337633638146057
0.47262856281103904,1.0,0.3376080636383061
0.47277936962750716,1.0,0.3375347026276084
0.4729301764439753,1.0,0.3374641006113091
0.4730809832604434,1.0,0.3374554262538381
0.47323179007691146,1.0,0.3371065754310408
0.4733825968933796,1.0,0.3370917049673722
0.4735334037098477,1.0,0.3370502252914127
0.47368421052631576,1.0,0.3370079900374435
0.4738350173427839,1.0,0.3368650842721169
0.473985824159252,1.0,0.3366861215790848
0.4741366309757201,1.0,0.3364937292525211
0.4742874377921882,1.0,0.3363400901200774
0.4744382446086563,1.0,0.3360059001398858
0.4745890514251244,1.0,0.3359748157233185
0.47473985824159254,1.0,0.3359340537195461
0.4748906650580606,1.0,0.3358538924680063
0.4750414718745287,1.0,0.3356683525513488
0.47519227869099684,1.0,0.3356554385015841
0.47534308550746496,1.0,0.3355579078470548
0.475493892323933,1.0,0.3355558401840882
0.47564469914040114,1.0,0.3353598683552767
0.47579550595686926,1.0,0.3352465886126083
0.4759463127733374,1.0,0.3352397469767502
0.47609711958980544,1.0,0.3352041140956585
0.47624792640627356,1.0,0.3351493371057183
0.4763987332227417,1.0,0.3350526904382783
0.4765495400392098,1.0,0.3350337930357026
0.47670034685567786,1.0,0.3347491272978507
0.476851153672146,1.0,0.3344576960753264
0.4770019604886141,1.0,0.3344407962806744
0.4771527673050822,1.0,0.3343750076297233
0.4773035741215503,1.0,0.3342877534674249
0.4774543809380184,1.0,0.3341914965611849
0.4776051877544865,1.0,0.3341910737367978
0.47775599457095463,1.0,0.3341753146343947
0.4779068013874227,1.0,0.3341687777541342
0.4780576082038908,1.0,0.3341275783920859
0.47820841502035893,1.0,0.3341109627611944
0.478359221836827,1.0,0.3340895445124592
0.4785100286532951,1.0,0.3340831864640887
0.47866083546976324,1.0,0.333899874568058
0.47881164228623135,1.0,0.333898555255853
0.4789624491026994,1.0,0.3337992963587027
0.47911325591916754,1.0,0.333770752503839
0.47926406273563565,1.0,0.3334827874849608
0.4794148695521038,1.0,0.3334672203759447
0.47956567636857184,1.0,0.3333869746693768
0.47971648318503995,1.0,0.3333756760874878
0.4798672900015081,1.0,0.3331832907303352
0.4800180968179762,1.0,0.3331754193010524
0.48016890363444426,1.0,0.3331679760573672
0.4803197104509124,1.0,0.3331002161881021
0.4804705172673805,1.0,0.3329052242464216
0.4806213240838486,1.0,0.3328587504409913
0.4807721309003167,1.0,0.3328386851575117
0.4809229377167848,1.0,0.3326322275835888
0.4810737445332529,1.0,0.3325997035134236
0.48122455134972103,1.0,0.3324164973922059
0.4813753581661891,1.0,0.332240612255665
0.4815261649826572,1.0,0.3320307548534805
0.48167697179912533,1.0,0.3320132548189809
0.48182777861559345,1.0,0.3319135743517122
0.4819785854320615,1.0,0.3318802187319918
0.48212939224852963,1.0,0.3317903547974783
0.48228019906499775,1.0,0.3317786657628309
0.48243100588146587,1.0,0.3317631614236456
0.48258181269793393,1.0,0.3317298248163222
0.48273261951440205,1.0,0.3316674552036414
0.48288342633087017,1.0,0.3316223355432365
0.48303423314733823,1.0,0.3316084052097716
0.48318503996380635,1.0,0.3315256287276589
0.48333584678027447,1.0,0.3314121989899863
0.4834866535967426,1.0,0.3311864175076837
0.48363746041321065,1.0,0.3311679696003324
0.48378826722967877,1.0,0.3311216992688704
0.4839390740461469,1.0,0.3310955499637723
0.484089880862615,1.0,0.330996723006263
0.48424068767908307,1.0,0.3308565889160918
0.4843914944955512,1.0,0.3307588413594099
0.4845423013120193,1.0,0.3307184853075899
0.4846931081284874,1.0,0.3303639762465303
0.4848439149449555,1.0,0.3300078528513151
0.4849947217614236,1.0,0.3298861162634315
0.4851455285778917,1.0,0.3298378342533157
0.48529633539435985,1.0,0.3298086876603817
0.4854471422108279,1.0,0.3297964922122297
0.485597949027296,1.0,0.329678735794387
0.48574875584376415,1.0,0.329596511524088
0.48589956266023226,1.0,0.3295611279794701
0.48605036947670033,1.0,0.3295447604792333
0.48620117629316845,1.0,0.3295067779844483
0.48635198310963657,1.0,0.3294244983377049
0.4865027899261047,1.0,0.3291127317143772
0.48665359674257275,1.0,0.3289414710803528
0.48680440355904087,1.0,0.3288820752256417
0.486955210375509,1.0,0.3288279836649117
0.4871060171919771,1.0,0.3287553124638242
0.48725682400844517,1.0,0.3286998266800149
0.4874076308249133,1.0,0.3285746655725254
0.4875584376413814,1.0,0.3285207040671664
0.4877092444578495,1.0,0.3284996688215971
0.4878600512743176,1.0,0.3282147554208562
0.4880108580907857,1.0,0.3278314835427898
0.4881616649072538,1.0,0.3278304477672322
0.4883124717237219,1.0,0.3278246012161775
0.48846327854019,1.0,0.3275762936397483
0.4886140853566581,1.0,0.3275741619472602
0.48876489217312624,1.0,0.3275302439572445
0.4889156989895943,1.0,0.3275145570952724
0.4890665058060624,1.0,0.3274833994676037
0.48921731262253054,1.0,0.3274782516783021
0.48936811943899866,1.0,0.3274524362102017
0.4895189262554667,1.0,0.3272669318546604
0.48966973307193484,1.0,0.3272439951588596
0.48982053988840296,1.0,0.3272027416951954
0.4899713467048711,1.0,0.3270222016403543
0.49012215352133914,1.0,0.3269417072972553
0.49027296033780726,1.0,0.3269094885892133
0.4904237671542754,1.0,0.3269068849353236
0.4905745739707435,1.0,0.3268611660532301
0.49072538078721156,1.0,0.326716627079176
0.4908761876036797,1.0,0.3266240936230538
0.4910269944201478,1.0,0.326413272281627
0.4911778012366159,1.0,0.3263918158137533
0.491328608053084,1.0,0.3263096454931511
0.4914794148695521,1.0,0.3262753707197436
0.4916302216860202,1.0,0.3262689784876657
0.49178102850248834,1.0,0.3261587893459187
0.4919318353189564,1.0,0.3261172098775504
0.4920826421354245,1.0,0.3260937793393306
0.49223344895189264,1.0,0.3260791648501223
0.49238425576836076,1.0,0.3258644345820633
0.4925350625848288,1.0,0.3257966870450542
0.49268586940129694,1.0,0.3257406983912693
0.49283667621776506,1.0,0.3255709954193396
0.4929874830342331,1.0,0.3255547269648945
0.49313828985070124,1.0,0.3255155959122085
0.49328909666716936,1.0,0.3253239334482848
0.4934399034836375,1.0,0.3252463307708082
0.49359071030010554,1.0,0.3251054304661278
0.49374151711657366,1.0,0.3249928660870365
0.4938923239330418,1.0,0.3248713033134745
0.4940431307495099,1.0,0.3248331442145148
0.49419393756597796,1.0,0.3248172914273645
0.4943447443824461,1.0,0.3248023497969108
0.4944955511989142,1.0,0.3247611987419563
0.4946463580153823,1.0,0.3247335902610032
0.4947971648318504,1.0,0.3247095124727597
0.4949479716483185,1.0,0.3245635640899821
0.4950987784647866,1.0,0.3244322149247023
0.49524958528125473,1.0,0.3243142554002703
0.4954003920977228,1.0,0.3243082815034099
0.4955511989141909,1.0,0.3241950004806284
0.49570200573065903,1.0,0.3241317333327718
0.49585281254712715,1.0,0.3238457992408159
0.4960036193635952,1.0,0.3238270757788894
0.49615442618006333,1.0,0.3237632331999253
0.49630523299653145,1.0,0.3237558948726602
0.49645603981299957,1.0,0.3237454021743559
0.49660684662946764,1.0,0.323694515152171
0.49675765344593575,1.0,0.3236754189703731
0.4969084602624039,1.0,0.3235733921673654
0.497059267078872,1.0,0.3234655158025412
0.49721007389534005,1.0,0.3233824471844875
0.4973608807118082,1.0,0.3233658822726731
0.4975116875282763,1.0,0.3232715920168771
0.49766249434474435,1.0,0.3232664250711438
0.4978133011612125,1.0,0.3232477011998483
0.4979641079776806,1.0,0.3231977131292745
0.4981149147941487,1.0,0.323175620169799
0.4982657216106168,1.0,0.3231382895508016
0.4984165284270849,1.0,0.323026774244459
0.498567335243553,1.0,0.3230186402690242
0.49871814206002113,1.0,0.3229739289697128
0.4988689488764892,1.0,0.3229010501225578
0.4990197556929573,1.0,0.3228598023208608
0.49917056250942543,1.0,0.3225764686799914
0.49932136932589355,1.0,0.3225011712944015
0.4994721761423616,1.0,0.3223462372348478
0.49962298295882973,1.0,0.3223277133945473
0.49977378977529785,1.0,0.3222891787480927
0.49992459659176597,1.0,0.3222019138333095
0.5000754034082341,1.0,0.3220027926064587
0.5002262102247022,1.0,0.321984730591269
0.5003770170411702,1.0,0.3218439040989396
0.5005278238576384,1.0,0.3218326211916689
0.5006786306741065,1.0,0.3217724995447869
0.5008294374905746,1.0,0.3217442286071355
0.5009802443070427,1.0,0.3216369924154155
0.5011310511235108,1.0,0.3215721537155354
0.5012818579399789,1.0,0.3214622409992679
0.501432664756447,1.0,0.3213433127669142
0.501583471572915,1.0,0.3213377555625864
0.5017342783893832,1.0,0.3212414820890005
0.5018850852058513,1.0,0.3211331188864252
0.5020358920223195,1.0,0.3211166828943055
0.5021866988387875,1.0,0.3210466301655517
0.5023375056552556,1.0,0.3209010862584232
0.5024883124717238,1.0,0.3208043569276198
0.5026391192881918,1.0,0.320776788265922
0.5027899261046599,1.0,0.3207193978400779
0.5029407329211281,1.0,0.3206528973137706
0.5030915397375961,1.0,0.3206285568519214
0.5032423465540642,1.0,0.3205382640143265
0.5033931533705324,1.0,0.3203854737786278
0.5035439601870004,1.0,0.3200538753159508
0.5036947670034686,1.0,0.3199996161768228
0.5038455738199367,1.0,0.3196876340007364
0.5039963806364047,1.0,0.3195404322311963
0.5041471874528729,1.0,0.3195256532743624
0.504297994269341,1.0,0.3195242943028877
0.504448801085809,1.0,0.3195098864872919
0.5045996079022772,1.0,0.3194700543596411
0.5047504147187453,1.0,0.3194022490160073
0.5049012215352134,1.0,0.3193709359338129
0.5050520283516815,1.0,0.3191260346885402
0.5052028351681496,1.0,0.3189133076153316
0.5053536419846177,1.0,0.318809826367758
0.5055044488010858,1.0,0.3187839343407991
0.5056552556175539,1.0,0.3187833736518713
0.505806062434022,1.0,0.3187254323130033
0.5059568692504901,1.0,0.3186921486125284
0.5061076760669583,1.0,0.3186872305798371
0.5062584828834263,1.0,0.3184787456795412
0.5064092896998944,1.0,0.3184410425278627
0.5065600965163626,1.0,0.3183565010605091
0.5067109033328306,1.0,0.3183375529139507
0.5068617101492987,1.0,0.3182677693580836
0.5070125169657669,1.0,0.3181801416866445
0.5071633237822349,1.0,0.3179243270276464
0.5073141305987031,1.0,0.3179076219680256
0.5074649374151712,1.0,0.3179038426987787
0.5076157442316392,1.0,0.3178965461246028
0.5077665510481074,1.0,0.3178030664627154
0.5079173578645755,1.0,0.3176601995608254
0.5080681646810435,1.0,0.3176452231683778
0.5082189714975117,1.0,0.3176185147884825
0.5083697783139798,1.0,0.3176138912933142
0.5085205851304478,1.0,0.3175604310090814
0.508671391946916,1.0,0.3175590334163745
0.5088221987633841,1.0,0.3171865607716976
0.5089730055798523,1.0,0.3171156904166221
0.5091238123963203,1.0,0.3168087445205209
0.5092746192127884,1.0,0.3167580265092016
0.5094254260292566,1.0,0.3165239218867796
0.5095762328457246,1.0,0.3164818887774403
0.5097270396621927,1.0,0.3164632740398774
0.5098778464786609,1.0,0.3163242752676222
0.5100286532951289,1.0,0.3163105522261455
0.5101794601115971,1.0,0.3163059864979359
0.5103302669280652,1.0,0.3162445550693792
0.5104810737445332,1.0,0.316159219186372
0.5106318805610014,1.0,0.3159948825408797
0.5107826873774695,1.0,0.3159568156086715
0.5109334941939375,1.0,0.3157487795778831
0.5110843010104057,1.0,0.3156948603309158
0.5112351078268738,1.0,0.3156165320650134
0.5113859146433419,1.0,0.3155811570588193
0.51153672145981,1.0,0.3155803631072574
0.5116875282762781,1.0,0.3155269382905194
0.5118383350927462,1.0,0.3154886069772913
0.5119891419092143,1.0,0.3153999937236877
0.5121399487256824,1.0,0.3153857274486657
0.5122907555421505,1.0,0.3153366506251444
0.5124415623586186,1.0,0.3152107504539596
0.5125923691750867,1.0,0.3150735781026622
0.5127431759915548,1.0,0.3150660649415471
0.5128939828080229,1.0,0.3150098445903577
0.5130447896244911,1.0,0.3149843168087149
0.5131955964409591,1.0,0.3149699426580857
0.5133464032574272,1.0,0.3149213751142747
0.5134972100738954,1.0,0.3146477028487918
0.5136480168903634,1.0,0.3146338751464697
0.5137988237068315,1.0,0.314567996990595
0.5139496305232997,1.0,0.3144388797839004
0.5141004373397677,1.0,0.3141672118438621
0.5142512441562359,1.0,0.3141458674775145
0.514402050972704,1.0,0.3139739535560061
0.514552857789172,1.0,0.3138112922512582
0.5147036646056402,1.0,0.3137526102107614
0.5148544714221083,1.0,0.3137242229844816
0.5150052782385763,1.0,0.3137206260334
0.5151560850550445,1.0,0.31366023475462
0.5153068918715126,1.0,0.3136079065743538
0.5154576986879807,1.0,0.313020090996313
0.5156085055044488,1.0,0.3129894447791277
0.5157593123209169,1.0,0.3129505898070015
0.515910119137385,1.0,0.3128872283194506
0.5160609259538531,1.0,0.312769760220206
0.5162117327703212,1.0,0.312701310672436
0.5163625395867893,1.0,0.3126584704856797
0.5165133464032574,1.0,0.3126413049159194
0.5166641532197256,1.0,0.3125804797685036
0.5168149600361936,1.0,0.3124856513060584
0.5169657668526617,1.0,0.3123469765029061
0.5171165736691299,1.0,0.3122427248727558
0.517267380485598,1.0,0.3120665936448383
0.517418187302066,1.0,0.3120363650533984
0.5175689941185342,1.0,0.3120356583884285
0.5177198009350023,1.0,0.3119185806676733
0.5178706077514703,1.0,0.3118944468135027
0.5180214145679385,1.0,0.3117662332523956
0.5181722213844066,1.0,0.3116926506769311
0.5183230282008747,1.0,0.3116233072530827
0.5184738350173428,1.0,0.3113995811352711
0.5186246418338109,1.0,0.3112624908621912
0.518775448650279,1.0,0.3111055568594814
0.5189262554667471,1.0,0.3109314455971382
0.5190770622832152,1.0,0.3106709331906043
0.5192278690996833,1.0,0.3104573619521997
0.5193786759161514,1.0,0.3104072109851469
0.5195294827326196,1.0,0.3103162226995257
0.5196802895490876,1.0,0.310180495967361
0.5198310963655557,1.0,0.3101397799076528
0.5199819031820239,1.0,0.3100339220312625
0.5201327099984919,1.0,0.309960028268225
0.52028351681496,1.0,0.3098704051105793
0.5204343236314282,1.0,0.3098363541378331
0.5205851304478962,1.0,0.3098255600642646
0.5207359372643644,1.0,0.3096955218795728
0.5208867440808325,1.0,0.3096063760762647
0.5210375508973005,1.0,0.3095224760661026
0.5211883577137687,1.0,0.3093913699155201
0.5213391645302368,1.0,0.309388311168201
0.5214899713467048,1.0,0.3093375016247707
0.521640778163173,1.0,0.3088819131686364
0.5217915849796411,1.0,0.3088776059693797
0.5219423917961092,1.0,0.3086754487131409
0.5220931986125773,1.0,0.3086748289145811
0.5222440054290454,1.0,0.3085546117835472
0.5223948122455135,1.0,0.3084415409215394
0.5225456190619816,1.0,0.3084355542550513
0.5226964258784497,1.0,0.3082217945197248
0.5228472326949178,1.0,0.308205415501379
0.5229980395113859,1.0,0.3081415883307806
0.523148846327854,1.0,0.3081215689135851
0.5232996531443221,1.0,0.3080492330763248
0.5234504599607902,1.0,0.308034119949092
0.5236012667772584,1.0,0.3078228989560919
0.5237520735937264,1.0,0.3078088723364213
0.5239028804101945,1.0,0.3077342603751511
0.5240536872266627,1.0,0.3076446409621066
0.5242044940431307,1.0,0.3075219263575166
0.5243553008595988,1.0,0.3074940267843663
0.524506107676067,1.0,0.3074263424221262
0.524656914492535,1.0,0.3073595025122008
0.5248077213090032,1.0,0.3073394632518637
0.5249585281254713,1.0,0.3072967005316482
0.5251093349419393,1.0,0.3071980870957448
0.5252601417584075,1.0,0.3071622391528886
0.5254109485748756,1.0,0.3071445973010164
0.5255617553913436,1.0,0.3070817250388663
0.5257125622078118,1.0,0.3069871755688789
0.5258633690242799,1.0,0.3069577463817507
0.526014175840748,1.0,0.3068397742956553
0.5261649826572161,1.0,0.3068391194117502
0.5263157894736842,1.0,0.3068294592468945
0.5264665962901524,1.0,0.3068134929130041
0.5266174031066204,1.0,0.3066767932535181
0.5267682099230885,1.0,0.306633626315737
0.5269190167395567,1.0,0.3064465008355402
0.5270698235560247,1.0,0.3062679548607781
0.5272206303724928,1.0,0.3062420444876723
0.527371437188961,1.0,0.3062161873489217
0.527522244005429,1.0,0.3061483407359202
0.5276730508218972,1.0,0.3061158754700238
0.5278238576383653,1.0,0.3058983846139986
0.5279746644548333,1.0,0.3058258058862315
0.5281254712713015,1.0,0.3056501344850317
0.5282762780877696,1.0,0.3056336062340861
0.5284270849042376,1.0,0.3055056071428398
0.5285778917207058,1.0,0.305468541015698
0.5287286985371739,1.0,0.305451119047251
0.528879505353642,1.0,0.3053431263132474
0.5290303121701101,1.0,0.3053061941533481
0.5291811189865782,1.0,0.3052989910521985
0.5293319258030463,1.0,0.305125839641756
0.5294827326195144,1.0,0.3051223882829113
0.5296335394359825,1.0,0.3051194900113593
0.5297843462524506,1.0,0.3050354543604276
0.5299351530689187,1.0,0.3049552188654107
0.5300859598853869,1.0,0.3049416651885486
0.5302367667018549,1.0,0.3049001760931307
0.530387573518323,1.0,0.3046986747670867
0.5305383803347912,1.0,0.3046281325564862
0.5306891871512592,1.0,0.3046092416508517
0.5308399939677273,1.0,0.3044525273637401
0.5309908007841955,1.0,0.3043120922999365
0.5311416076006635,1.0,0.3042600639340535
0.5312924144171317,1.0,0.3040954766908438
0.5314432212335998,1.0,0.3040006890444726
0.5315940280500678,1.0,0.3038207940221772
0.531744834866536,1.0,0.3037796559258448
0.5318956416830041,1.0,0.3037589782175323
0.5320464484994721,1.0,0.3035541940177464
0.5321972553159403,1.0,0.3035361855923331
0.5323480621324084,1.0,0.3034827778608383
0.5324988689488764,1.0,0.3034022596990566
0.5326496757653446,1.0,0.3030481626265286
0.5328004825818127,1.0,0.3030328095594293
0.5329512893982808,1.0,0.3029708537040297
0.5331020962147489,1.0,0.302620016790786
0.533252903031217,1.0,0.3026169529352913
0.5334037098476851,1.0,0.3024656232830808
0.5335545166641532,1.0,0.3024456308313862
0.5337053234806213,1.0,0.3022095462807448
0.5338561302970894,1.0,0.3020703477895704
0.5340069371135575,1.0,0.3020504329594347
0.5341577439300257,1.0,0.301790702546751
0.5343085507464937,1.0,0.3014608822893469
0.5344593575629618,1.0,0.3014218896497346
0.53461016437943,1.0,0.3013175451452379
0.534760971195898,1.0,0.3012520836041752
0.5349117780123661,1.0,0.3012307410567939
0.5350625848288343,1.0,0.3011334991343549
0.5352133916453023,1.0,0.3010856325438549
0.5353641984617705,1.0,0.3010045249453786
0.5355150052782386,1.0,0.3009266865621515
0.5356658120947067,1.0,0.3007659697123389
0.5358166189111748,1.0,0.3007322905756568
0.5359674257276429,1.0,0.3004976767263683
0.536118232544111,1.0,0.3004711450184881
0.5362690393605791,1.0,0.3003524498011811
0.5364198461770472,1.0,0.3003176125201672
0.5365706529935154,1.0,0.3000998887964833
0.5367214598099834,1.0,0.300043685460281
0.5368722666264515,1.0,0.3000433412662969
0.5370230734429197,1.0,0.299937191299958
0.5371738802593877,1.0,0.2998898655267254
0.5373246870758558,1.0,0.2998680017441119
0.537475493892324,1.0,0.2997590943424064
0.537626300708792,1.0,0.299728723706902
0.5377771075252601,1.0,0.2996792250856817
0.5379279143417283,1.0,0.2996579201610951
0.5380787211581963,1.0,0.299612829438056
0.5382295279746645,1.0,0.2996116306438371
0.5383803347911326,1.0,0.2995646586688427
0.5385311416076006,1.0,0.2993063800440218
0.5386819484240688,1.0,0.2990961925663298
0.5388327552405369,1.0,0.2988335848554337
0.5389835620570049,1.0,0.2988061076026689
0.5391343688734731,1.0,0.2987774437576468
0.5392851756899412,1.0,0.2986342425347948
0.5394359825064093,1.0,0.2985239206059756
0.5395867893228774,1.0,0.2984965322648138
0.5397375961393455,1.0,0.2984916601129366
0.5398884029558136,1.0,0.2984057574926237
0.5400392097722817,1.0,0.2983197748308038
0.5401900165887498,1.0,0.2983131473741813
0.5403408234052179,1.0,0.2981795119780833
0.540491630221686,1.0,0.2981385563804239
0.5406424370381542,1.0,0.2980591293718737
0.5407932438546222,1.0,0.2980395871721018
0.5409440506710903,1.0,0.2980015539843241
0.5410948574875585,1.0,0.297945831547225
0.5412456643040265,1.0,0.2978486830274636
0.5413964711204946,1.0,0.2977096896797655
0.5415472779369628,1.0,0.2976973934480579
0.5416980847534308,1.0,0.2976881571132452
0.5418488915698989,1.0,0.2975828516337809
0.5419996983863671,1.0,0.297527865757518
0.5421505052028351,1.0,0.2975090506525878
0.5423013120193033,1.0,0.2972433646473009
0.5424521188357714,1.0,0.2972385664615822
0.5426029256522394,1.0,0.2971678850995413
0.5427537324687076,1.0,0.2970761152225334
0.5429045392851757,1.0,0.2970048480130636
0.5430553461016437,1.0,0.2969341579927267
0.5432061529181119,1.0,0.2968598273115392
0.54335695973458,1.0,0.2968370750729082
0.5435077665510482,1.0,0.296727576733063
0.5436585733675162,1.0,0.2966229519500338
0.5438093801839843,1.0,0.2965475961772721
0.5439601870004525,1.0,0.2963401143572189
0.5441109938169205,1.0,0.2963260792921208
0.5442618006333886,1.0,0.296317528687904
0.5444126074498568,1.0,0.2962606371417258
0.5445634142663248,1.0,0.2962000425186207
0.544714221082793,1.0,0.2961997475488893
0.5448650278992611,1.0,0.2961781240066899
0.5450158347157291,1.0,0.2961551551622585
0.5451666415321973,1.0,0.2961061819219741
0.5453174483486654,1.0,0.2960999726157925
0.5454682551651334,1.0,0.2960117646317473
0.5456190619816016,1.0,0.2957860758908003
0.5457698687980697,1.0,0.2956201614626453
0.5459206756145378,1.0,0.2954791743433538
0.5460714824310059,1.0,0.2954547710539486
0.546222289247474,1.0,0.295448343149144
0.5463730960639421,1.0,0.2951522381383689
0.5465239028804102,1.0,0.2951443633720328
0.5466747096968783,1.0,0.2951396356050964
0.5468255165133464,1.0,0.2950990308593366
0.5469763233298145,1.0,0.2950820114617198
0.5471271301462826,1.0,0.294994731972975
0.5472779369627507,1.0,0.2949810071147182
0.5474287437792188,1.0,0.2949699084006617
0.547579550595687,1.0,0.2949466287535442
0.547730357412155,1.0,0.2948015437214864
0.5478811642286231,1.0,0.2947287442060406
0.5480319710450913,1.0,0.2947144785482711
0.5481827778615593,1.0,0.294395259144161
0.5483335846780274,1.0,0.2943442980313421
0.5484843914944956,1.0,0.2943405513665688
0.5486351983109636,1.0,0.2943138756120041
0.5487860051274318,1.0,0.2943087032739927
0.5489368119438999,1.0,0.2942980920421982
0.5490876187603679,1.0,0.2942191609970127
0.5492384255768361,1.0,0.2941757255788585
0.5493892323933042,1.0,0.2941706455538019
0.5495400392097722,1.0,0.2940998459714337
0.5496908460262404,1.0,0.2940687832941897
0.5498416528427085,1.0,0.2939744450504133
0.5499924596591766,1.0,0.2938485795102009
0.5501432664756447,1.0,0.2937800514690888
0.5502940732921128,1.0,0.2937622204025721
0.550444880108581,1.0,0.2935707204731325
0.550595686925049,1.0,0.2934596379386833
0.5507464937415171,1.0,0.293344803933132
0.5508973005579852,1.0,0.2931376247430276
0.5510481073744533,1.0,0.2929625590365588
0.5511989141909215,1.0,0.2929320520776099
0.5513497210073895,1.0,0.2928774320743068
0.5515005278238576,1.0,0.2928499941472959
0.5516513346403258,1.0,0.2925933136767819
0.5518021414567938,1.0,0.2925344869648567
0.5519529482732619,1.0,0.2925155002199229
0.5521037550897301,1.0,0.2925086011647761
0.5522545619061981,1.0,0.2924837276380255
0.5524053687226662,1.0,0.2923816556985931
0.5525561755391344,1.0,0.2923681403009798
0.5527069823556024,1.0,0.292342514321996
0.5528577891720706,1.0,0.2922977191276157
0.5530085959885387,1.0,0.292246954092794
0.5531594028050068,1.0,0.2920753817641156
0.5533102096214749,1.0,0.2920141026964029
0.553461016437943,1.0,0.2919280291951781
0.553611823254411,1.0,0.2918109351298807
0.5537626300708792,1.0,0.2917694618820414
0.5539134368873473,1.0,0.2916933380801978
0.5540642437038155,1.0,0.2915975228015243
0.5542150505202835,1.0,0.291327960447266
0.5543658573367516,1.0,0.2913233150216199
0.5545166641532198,1.0,0.2913024032712329
0.5546674709696878,1.0,0.2912816443912358
0.5548182777861559,1.0,0.2912069581153903
0.5549690846026241,1.0,0.2911970647336716
0.5551198914190921,1.0,0.2911644605925647
0.5552706982355603,1.0,0.2911491961936924
0.5554215050520284,1.0,0.2911237029466468
0.5555723118684964,1.0,0.2910167063710751
0.5557231186849646,1.0,0.2909531171311107
0.5558739255014327,1.0,0.2909498637063054
0.5560247323179007,1.0,0.2909288995064352
0.5561755391343689,1.0,0.2908249439442322
0.556326345950837,1.0,0.2907697233728617
0.556477152767305,1.0,0.2906616686457895
0.5566279595837732,1.0,0.2906040585512209
0.5567787664002413,1.0,0.2904238621934494
0.5569295732167094,1.0,0.2902806300704768
0.5570803800331775,1.0,0.2902255933682952
0.5572311868496456,1.0,0.2902250647463801
0.5573819936661137,1.0,0.290118426273659
0.5575328004825818,1.0,0.2899666909611694
0.5576836072990499,1.0,0.2898633154413252
0.557834414115518,1.0,0.2897254274980916
0.5579852209319861,1.0,0.2896763327672677
0.5581360277484543,1.0,0.2896078732957453
0.5582868345649223,1.0,0.2895243082443562
0.5584376413813904,1.0,0.2893471478434736
0.5585884481978586,1.0,0.2891397302904029
0.5587392550143266,1.0,0.2889205131124665
0.5588900618307947,1.0,0.2889039094664939
0.5590408686472629,1.0,0.2888150705609269
0.5591916754637309,1.0,0.2887727837630776
0.5593424822801991,1.0,0.2886740512448957
0.5594932890966672,1.0,0.2886708143804162
0.5596440959131352,1.0,0.2886179513722248
0.5597949027296034,1.0,0.2885690533874155
0.5599457095460715,1.0,0.2883694900598036
0.5600965163625395,1.0,0.2882255662903673
0.5602473231790077,1.0,0.2881388565932511
0.5603981299954758,1.0,0.2879818491261103
0.560548936811944,1.0,0.2879250293697489
0.560699743628412,1.0,0.2879150922383339
0.5608505504448801,1.0,0.287862937380068
0.5610013572613483,1.0,0.2876396065813679
0.5611521640778163,1.0,0.287618000299823
0.5613029708942844,1.0,0.2875595710427489
0.5614537777107526,1.0,0.2875354216305826
0.5616045845272206,1.0,0.2874416142706665
0.5617553913436887,1.0,0.2874257733820515
0.5619061981601569,1.0,0.287343890198926
0.5620570049766249,1.0,0.2873276037436237
0.5622078117930931,1.0,0.2872938631490895
0.5623586186095612,1.0,0.2872916978784013
0.5625094254260292,1.0,0.2872366239889232
0.5626602322424974,1.0,0.2871939436619622
0.5628110390589655,1.0,0.2869704757504586
0.5629618458754335,1.0,0.2868467210911337
0.5631126526919017,1.0,0.2867800887588624
0.5632634595083698,1.0,0.2867574295512275
0.5634142663248379,1.0,0.2866882595791805
0.563565073141306,1.0,0.2866569484454372
0.5637158799577741,1.0,0.286519390559558
0.5638666867742422,1.0,0.2863768462694013
0.5640174935907103,1.0,0.2862256999882173
0.5641683004071784,1.0,0.2861288296396495
0.5643191072236465,1.0,0.2860059962074158
0.5644699140401146,1.0,0.285958404338136
0.5646207208565828,1.0,0.2858874801606698
0.5647715276730508,1.0,0.2857970534869316
0.5649223344895189,1.0,0.285708646575315
0.5650731413059871,1.0,0.285687639350274
0.5652239481224551,1.0,0.2856139164069032
0.5653747549389232,1.0,0.2855768561816497
0.5655255617553914,1.0,0.2854996831038406
0.5656763685718594,1.0,0.2854952387095805
0.5658271753883276,1.0,0.2854817212162843
0.5659779822047957,1.0,0.2854597425012615
0.5661287890212637,1.0,0.2853843257098737
0.5662795958377319,1.0,0.2852280001617829
0.5664304026542,1.0,0.2851783886648949
0.566581209470668,1.0,0.2849890759101586
0.5667320162871362,1.0,0.2848976332580967
0.5668828231036043,1.0,0.2848388392096213
0.5670336299200723,1.0,0.2847782126568921
0.5671844367365405,1.0,0.2847733240431725
0.5673352435530086,1.0,0.2847698362736162
0.5674860503694767,1.0,0.2846446902649301
0.5676368571859448,1.0,0.2846093291443181
0.5677876640024129,1.0,0.2844556998075658
0.567938470818881,1.0,0.2844413384054179
0.5680892776353491,1.0,0.2842729110297183
0.5682400844518172,1.0,0.2841808527887841
0.5683908912682853,1.0,0.2841535287018278
0.5685416980847534,1.0,0.2839928760333327
0.5686925049012216,1.0,0.283716636452218
0.5688433117176896,1.0,0.283475524748711
0.5689941185341577,1.0,0.2833870869133336
0.5691449253506259,1.0,0.2832311714593702
0.569295732167094,1.0,0.2832202242130239
0.569446538983562,1.0,0.2831072253723148
0.5695973458000302,1.0,0.2830768454724749
0.5697481526164982,1.0,0.2830407307692429
0.5698989594329664,1.0,0.2830210426456117
0.5700497662494345,1.0,0.2829593535131909
0.5702005730659025,1.0,0.2828634660920538
0.5703513798823707,1.0,0.2828537133643822
0.5705021866988388,1.0,0.2828219123165522
0.5706529935153069,1.0,0.2827103968709634
0.570803800331775,1.0,0.2826963028442413
0.5709546071482431,1.0,0.2826419872840989
0.5711054139647112,1.0,0.2826047758611076
0.5712562207811793,1.0,0.2825597093565102
0.5714070275976474,1.0,0.2825535547083493
0.5715578344141156,1.0,0.2825139277866512
0.5717086412305836,1.0,0.2824071171616423
0.5718594480470517,1.0,0.2822534516219432
0.5720102548635199,1.0,0.2822446612242517
0.5721610616799879,1.0,0.2822420921470963
0.572311868496456,1.0,0.282159670565082
0.5724626753129242,1.0,0.2821316170640384
0.5726134821293922,1.0,0.2821212792077527
0.5727642889458604,1.0,0.2819332155087708
0.5729150957623285,1.0,0.2817670025071128
0.5730659025787965,1.0,0.281642443225535
0.5732167093952647,1.0,0.2816344305933138
0.5733675162117328,1.0,0.2816128316256916
0.5735183230282008,1.0,0.281317228600785
0.573669129844669,1.0,0.2811853530231618
0.5738199366611371,1.0,0.2809934654552101
0.5739707434776052,1.0,0.2809930155949353
0.5741215502940733,1.0,0.2809866960888845
0.5742723571105414,1.0,0.2809314169427652
0.5744231639270095,1.0,0.2809049078671281
0.5745739707434776,1.0,0.2808648049450867
0.5747247775599457,1.0,0.2808235891479891
0.5748755843764138,1.0,0.2807688399200998
0.5750263911928819,1.0,0.2807435388535235
0.5751771980093501,1.0,0.280672689747648
0.5753280048258181,1.0,0.280630878460827
0.5754788116422862,1.0,0.2806172725507779
0.5756296184587544,1.0,0.2803263933119107
0.5757804252752224,1.0,0.2803196687606929
0.5759312320916905,1.0,0.2802009923395891
0.5760820389081587,1.0,0.2801000479244553
0.5762328457246267,1.0,0.279964086883156
0.5763836525410948,1.0,0.2799516451443286
0.576534459357563,1.0,0.2797908894441082
0.576685266174031,1.0,0.2797480989155098
0.5768360729904992,1.0,0.2797315624090721
0.5769868798069673,1.0,0.2796793357194803
0.5771376866234353,1.0,0.2796138771602092
0.5772884934399035,1.0,0.2794811963121033
0.5774393002563716,1.0,0.2794314460342716
0.5775901070728396,1.0,0.2792691281071355
0.5777409138893078,1.0,0.2791810125556773
0.5778917207057759,1.0,0.2790233585472394
0.578042527522244,1.0,0.2790117544515493
0.5781933343387121,1.0,0.2789531724315189
0.5783441411551802,1.0,0.2788557124470974
0.5784949479716484,1.0,0.2787545329927374
0.5786457547881164,1.0,0.2787476989973607
0.5787965616045845,1.0,0.2785172897958828
0.5789473684210527,1.0,0.2784212410306058
0.5790981752375207,1.0,0.2783841336740146
0.5792489820539889,1.0,0.2782841114200776
0.579399788870457,1.0,0.278269843704478
0.579550595686925,1.0,0.2781536051467473
0.5797014025033932,1.0,0.278088938231439
0.5798522093198613,1.0,0.2778999543181285
0.5800030161363293,1.0,0.2778567111456913
0.5801538229527975,1.0,0.2777537915500354
0.5803046297692656,1.0,0.2776448870158668
0.5804554365857337,1.0,0.2776052791234825
0.5806062434022018,1.0,0.2775916084354167
0.5807570502186699,1.0,0.2774104589638156
0.580907857035138,1.0,0.2773942584132166
0.5810586638516061,1.0,0.277393262231687
0.5812094706680742,1.0,0.277102062349144
0.5813602774845423,1.0,0.2770975578857151
0.5815110843010104,1.0,0.2770640476162181
0.5816618911174785,1.0,0.2770146268799838
0.5818126979339466,1.0,0.2769657006172946
0.5819635047504147,1.0,0.2768856695872643
0.5821143115668829,1.0,0.2768711038151686
0.5822651183833509,1.0,0.2768562599546091
0.582415925199819,1.0,0.2767720982649432
0.5825667320162872,1.0,0.2767573573147686
0.5827175388327552,1.0,0.2767062235910956
0.5828683456492233,1.0,0.276695396938353
0.5830191524656915,1.0,0.276591074890455
0.5831699592821595,1.0,0.2765677132696914
0.5833207660986277,1.0,0.2764830515654418
0.5834715729150958,1.0,0.2764368569998399
0.5836223797315638,1.0,0.2763568868507801
0.583773186548032,1.0,0.2763215432463179
0.5839239933645001,1.0,0.2763067721959017
0.5840748001809681,1.0,0.276203212680062
0.5842256069974363,1.0,0.2761937507279266
0.5843764138139044,1.0,0.276191672873228
0.5845272206303725,1.0,0.2760887130252046
0.5846780274468406,1.0,0.2760527442111706
0.5848288342633087,1.0,0.2759659864355713
0.5849796410797768,1.0,0.275917388433638
0.5851304478962449,1.0,0.275913456245262
0.585281254712713,1.0,0.2758549164049959
0.5854320615291811,1.0,0.2758223951885386
0.5855828683456492,1.0,0.2757424008242574
0.5857336751621173,1.0,0.2756976944232865
0.5858844819785854,1.0,0.2756819029132901
0.5860352887950535,1.0,0.2754317429329265
0.5861860956115217,1.0,0.2752666001268349
0.5863369024279897,1.0,0.2750921570036084
0.5864877092444578,1.0,0.2750256865335928
0.586638516060926,1.0,0.2749987743980338
0.586789322877394,1.0,0.2748990790452098
0.5869401296938621,1.0,0.2744616257625714
0.5870909365103303,1.0,0.2743128897504043
0.5872417433267983,1.0,0.2740511403797774
0.5873925501432665,1.0,0.2739751095484052
0.5875433569597346,1.0,0.2738917905686087
0.5876941637762026,1.0,0.2736473232004552
0.5878449705926708,1.0,0.2735382858951782
0.5879957774091389,1.0,0.2734431459476013
0.588146584225607,1.0,0.2734155178193849
0.5882973910420751,1.0,0.2734106110641895
0.5884481978585432,1.0,0.2733594294164996
0.5885990046750114,1.0,0.2733029907067131
0.5887498114914794,1.0,0.2732322231015877
0.5889006183079475,1.0,0.2731813386882734
0.5890514251244157,1.0,0.2729108723086058
0.5892022319408837,1.0,0.2728011082512047
0.5893530387573518,1.0,0.2727924877376884
0.58950384557382,1.0,0.2727916886673237
0.589654652390288,1.0,0.2727407386248424
0.5898054592067562,1.0,0.2726188943666833
0.5899562660232243,1.0,0.2726040175505561
0.5901070728396923,1.0,0.2725555296106764
0.5902578796561605,1.0,0.2725230558682306
0.5904086864726286,1.0,0.2724363304276443
0.5905594932890966,1.0,0.2723877333125727
0.5907103001055648,1.0,0.2723724618331343
0.5908611069220329,1.0,0.2719905232174288
0.5910119137385009,1.0,0.2717345863377344
0.5911627205549691,1.0,0.2716380145777318
0.5913135273714372,1.0,0.2714082251510777
0.5914643341879053,1.0,0.271388557252919
0.5916151410043734,1.0,0.27136535486414
0.5917659478208415,1.0,0.2712589189551725
0.5919167546373096,1.0,0.2712500718564861
0.5920675614537777,1.0,0.271144142050029
0.5922183682702458,1.0,0.2709405817229428
0.5923691750867139,1.0,0.2707310549725749
0.592519981903182,1.0,0.2707219364168826
0.5926707887196502,1.0,0.2707196061991107
0.5928215955361182,1.0,0.2706805576885474
0.5929724023525863,1.0,0.2706279035658238
0.5931232091690545,1.0,0.2705292512617103
0.5932740159855225,1.0,0.2704807557903391
0.5934248228019906,1.0,0.2704736408100327
0.5935756296184588,1.0,0.2703177945065921
0.5937264364349268,1.0,0.2701057708873146
0.593877243251395,1.0,0.2700289659929241
0.5940280500678631,1.0,0.2698849709994648
0.5941788568843311,1.0,0.269829886755173
0.5943296637007993,1.0,0.2697444720612902
0.5944804705172674,1.0,0.2697298979814255
0.5946312773337354,1.0,0.2696875739802175
0.5947820841502036,1.0,0.2694055326854778
0.5949328909666717,1.0,0.2693712964837011
0.5950836977831399,1.0,0.2693556365251867
0.5952345045996079,1.0,0.2692580617847428
0.595385311416076,1.0,0.269133393495075
0.5955361182325442,1.0,0.2691261106397177
0.5956869250490122,1.0,0.2689645046068405
0.5958377318654803,1.0,0.2688047609534013
0.5959885386819485,1.0,0.2687870583062577
0.5961393454984165,1.0,0.2687731677157424
0.5962901523148846,1.0,0.2687340899807904
0.5964409591313528,1.0,0.2686588036413008
0.5965917659478208,1.0,0.2686198590740359
0.596742572764289,1.0,0.2685608318304858
0.596893379580757,1.0,0.2685298778916892
0.5970441863972251,1.0,0.2684022145621779
0.5971949932136933,1.0,0.2683963070072521
0.5973458000301614,1.0,0.2683750115043004
0.5974966068466294,1.0,0.2683340870602336
0.5976474136630976,1.0,0.2683113840036937
0.5977982204795657,1.0,0.2683109551567297
0.5979490272960338,1.0,0.2682236424428306
0.5980998341125019,1.0,0.2681370407250975
0.59825064092897,1.0,0.2679473572349483
0.5984014477454381,1.0,0.2679139701144932
0.5985522545619062,1.0,0.2677983164832648
0.5987030613783743,1.0,0.2677627924283532
0.5988538681948424,1.0,0.2677326426298857
0.5990046750113105,1.0,0.2677135337906449
0.5991554818277787,1.0,0.2676440532822839
0.5993062886442467,1.0,0.2674935246580409
0.5994570954607148,1.0,0.2674430705049317
0.599607902277183,1.0,0.2673565469467273
0.599758709093651,1.0,0.2673086168460739
0.5999095159101191,1.0,0.2671390242234454
0.6000603227265873,1.0,0.2671337652066097
0.6002111295430553,1.0,0.2670603996597845
0.6003619363595234,1.0,0.2669772164719109
0.6005127431759916,1.0,0.2668161059310489
0.6006635499924596,1.0,0.2668132198366426
0.6008143568089278,1.0,0.2666892673433677
0.6009651636253959,1.0,0.2665284610836222
0.6011159704418639,1.0,0.2662552322401714
0.6012667772583321,1.0,0.2662533509590821
0.6014175840748002,1.0,0.2662374585871507
0.6015683908912682,1.0,0.2660907750907708
0.6017191977077364,1.0,0.2658757246891203
0.6018700045242045,1.0,0.2658566015932344
0.6020208113406726,1.0,0.2657771989579759
0.6021716181571407,1.0,0.2655016521886246
0.6023224249736088,1.0,0.265457434928927
0.602473231790077,1.0,0.2654029214214101
0.602624038606545,1.0,0.2653583957082517
0.6027748454230131,1.0,0.2652693207419963
0.6029256522394812,1.0,0.2651473728767463
0.6030764590559493,1.0,0.2651284558213195
0.6032272658724175,1.0,0.2651240515623847
0.6033780726888855,1.0,0.264946629481173
0.6035288795053536,1.0,0.2649188659523363
0.6036796863218218,1.0,0.2648547844086692
0.6038304931382898,1.0,0.2648358987965025
0.6039812999547579,1.0,0.2648006572435739
0.6041321067712261,1.0,0.2647449823790966
0.6042829135876941,1.0,0.2647355099798605
0.6044337204041623,1.0,0.2646686316739452
0.6045845272206304,1.0,0.2644493186677005
0.6047353340370984,1.0,0.2643909081131179
0.6048861408535666,1.0,0.2643271920595201
0.6050369476700347,1.0,0.264287148664953
0.6051877544865027,1.0,0.2642791682101574
0.6053385613029709,1.0,0.2642581353188319
0.605489368119439,1.0,0.2642416266685692
0.605640174935907,1.0,0.2638724373959337
0.6057909817523752,1.0,0.2638172455562873
0.6059417885688433,1.0,0.2637700054596022
0.6060925953853115,1.0,0.2637232303791987
0.6062434022017795,1.0,0.2635332503836337
0.6063942090182476,1.0,0.263526190179566
0.6065450158347158,1.0,0.2635214520108173
0.6066958226511838,1.0,0.2634734186647415
0.6068466294676519,1.0,0.2634478578432889
0.6069974362841201,1.0,0.2634262718449339
0.6071482431005881,1.0,0.2634099501214667
0.6072990499170563,1.0,0.2633946719314103
0.6074498567335244,1.0,0.2633312057230569
0.6076006635499924,1.0,0.2632533278287577
0.6077514703664606,1.0,0.2632268340447714
0.6079022771829287,1.0,0.2631763322774777
0.6080530839993967,1.0,0.2631429595767264
0.6082038908158649,1.0,0.2629568962425524
0.608354697632333,1.0,0.2629168973881174
0.6085055044488011,1.0,0.2629166354023465
0.6086563112652692,1.0,0.2629125916480272
0.6088071180817373,1.0,0.2628642933918661
0.6089579248982054,1.0,0.262733972044204
0.6091087317146735,1.0,0.262657055109913
0.6092595385311416,1.0,0.2626381115339185
0.6094103453476097,1.0,0.2624055812190627
0.6095611521640778,1.0,0.2623255905364198
0.609711958980546,1.0,0.2622413866218065
0.609862765797014,1.0,0.2622156411017643
0.6100135726134821,1.0,0.2621948296037618
0.6101643794299503,1.0,0.2619720238095411
0.6103151862464183,1.0,0.261808513391347
0.6104659930628864,1.0,0.2617457235468142
0.6106167998793546,1.0,0.2616984532686781
0.6107676066958226,1.0,0.2616525316911243
0.6109184135122907,1.0,0.2616228508026155
0.6110692203287589,1.0,0.261513053903921
0.6112200271452269,1.0,0.2614166332889692
0.6113708339616951,1.0,0.2614065024263202
0.6115216407781632,1.0,0.2614029000017672
0.6116724475946312,1.0,0.2613730836749138
0.6118232544110994,1.0,0.261322469799654
0.6119740612275675,1.0,0.261277189221532
0.6121248680440355,1.0,0.2611427979751739
0.6122756748605037,1.0,0.2611342346592569
0.6124264816769718,1.0,0.2610896160427865
0.61257728849344,1.0,0.2610729940964932
0.612728095309908,1.0,0.2610566270149728
0.6128789021263761,1.0,0.260994012806407
0.6130297089428443,1.0,0.260967488187002
0.6131805157593123,1.0,0.260928825550916
0.6133313225757804,1.0,0.2608391371288461
0.6134821293922486,1.0,0.2607933400719026
0.6136329362087166,1.0,0.2607588838664879
0.6137837430251848,1.0,0.2607377303297243
0.6139345498416529,1.0,0.2604125974862722
0.6140853566581209,1.0,0.260392634791322
0.6142361634745891,1.0,0.260371723628726
0.6143869702910572,1.0,0.260336666888419
0.6145377771075252,1.0,0.2603206415119727
0.6146885839239934,1.0,0.2602723432213991
0.6148393907404615,1.0,0.260263927301794
0.6149901975569295,1.0,0.2602557850812512
0.6151410043733977,1.0,0.26010765796397
0.6152918111898658,1.0,0.2600239378010264
0.6154426180063339,1.0,0.2600173468023554
0.615593424822802,1.0,0.2597865908655605
0.6157442316392701,1.0,0.2596486690180308
0.6158950384557382,1.0,0.2596044798971939
0.6160458452722063,1.0,0.2595285188728864
0.6161966520886744,1.0,0.2595236424939435
0.6163474589051425,1.0,0.2594667819175591
0.6164982657216106,1.0,0.2592514364688706
0.6166490725380788,1.0,0.2591674043102149
0.6167998793545468,1.0,0.2591566329356666
0.6169506861710149,1.0,0.2590691880057069
0.6171014929874831,1.0,0.2589913150538639
0.6172522998039511,1.0,0.2589826549123027
0.6174031066204192,1.0,0.2588892662504989
0.6175539134368874,1.0,0.2588524663062628
0.6177047202533554,1.0,0.2588430327334153
0.6178555270698236,1.0,0.258840295027698
0.6180063338862917,1.0,0.2587190392728339
0.6181571407027597,1.0,0.2586481527497179
0.6183079475192279,1.0,0.2585469328548604
0.618458754335696,1.0,0.2585443587484952
0.618609561152164,1.0,0.2585243027781894
0.6187603679686322,1.0,0.2584691061930647
0.6189111747851003,1.0,0.2584668285314262
0.6190619816015684,1.0,0.2584513674873728
0.6192127884180365,1.0,0.2584308984543457
0.6193635952345046,1.0,0.2583884175538969
0.6195144020509727,1.0,0.2583311273882687
0.6196652088674408,1.0,0.2582531455586259
0.6198160156839089,1.0,0.2582345584157922
0.619966822500377,1.0,0.2582295274845327
0.6201176293168451,1.0,0.258198882938572
0.6202684361333132,1.0,0.2579637722504699
0.6204192429497813,1.0,0.2579505873266222
0.6205700497662494,1.0,0.2579056667552485
0.6207208565827176,1.0,0.2577787404265357
0.6208716633991856,1.0,0.2576544860159426
0.6210224702156537,1.0,0.2574915365005196
0.6211732770321219,1.0,0.2573289526857508
0.62132408384859,1.0,0.2572963806268218
0.621474890665058,1.0,0.2572691194129229
0.6216256974815262,1.0,0.2572080258575799
0.6217765042979942,1.0,0.2569300659044224
0.6219273111144624,1.0,0.2568817869782813
0.6220781179309305,1.0,0.2568655925381721
0.6222289247473985,1.0,0.2563455144807158
0.6223797315638667,1.0,0.2562958040473131
0.6225305383803348,1.0,0.2562313194847961
0.6226813451968028,1.0,0.2561906896411285
0.622832152013271,1.0,0.2561627162852172
0.6229829588297391,1.0,0.2560004565775785
0.6231337656462073,1.0,0.2558459837492042
0.6232845724626753,1.0,0.2558100816284639
0.6234353792791434,1.0,0.2558068963856473
0.6235861860956116,1.0,0.2556299374886528
0.6237369929120796,1.0,0.2555655293570396
0.6238877997285477,1.0,0.2555498670357274
0.6240386065450159,1.0,0.2554987700397723
0.6241894133614839,1.0,0.2554471772572794
0.6243402201779521,1.0,0.2553713439711425
0.6244910269944202,1.0,0.2553303562618749
0.6246418338108882,1.0,0.2552340122410087
0.6247926406273564,1.0,0.255173488535492
0.6249434474438245,1.0,0.255140946997204
0.6250942542602925,1.0,0.255134006273949
0.6252450610767607,1.0,0.2551168487561349
0.6253958678932288,1.0,0.2548628856101828
0.6255466747096968,1.0,0.2547935749570594
0.625697481526165,1.0,0.2546623979553275
0.6258482883426331,1.0,0.2546102456189442
0.6259990951591012,1.0,0.2545902700722866
0.6261499019755693,1.0,0.254590024216882
0.6263007087920374,1.0,0.2544545567808986
0.6264515156085055,1.0,0.2544540045676319
0.6266023224249736,1.0,0.2543957473287935
0.6267531292414417,1.0,0.2543686046295751
0.6269039360579098,1.0,0.254311817469502
0.6270547428743779,1.0,0.25429152183997
0.6272055496908461,1.0,0.2542614196424638
0.6273563565073141,1.0,0.2542509807884112
0.6275071633237822,1.0,0.254233653373094
0.6276579701402504,1.0,0.2540248924411466
0.6278087769567184,1.0,0.2540243977070006
0.6279595837731865,1.0,0.2540210969502104
0.6281103905896547,1.0,0.2540031030274559
0.6282611974061227,1.0,0.2539726552078942
0.6284120042225909,1.0,0.2538752552379315
0.628562811039059,1.0,0.2538703787218048
0.628713617855527,1.0,0.2536927148821504
0.6288644246719952,1.0,0.253682188709703
0.6290152314884633,1.0,0.2535741550204973
0.6291660383049313,1.0,0.2535456276130016
0.6293168451213995,1.0,0.2534532048095221
0.6294676519378676,1.0,0.2532966990559255
0.6296184587543356,1.0,0.2532635431644927
0.6297692655708038,1.0,0.2532391943669851
0.6299200723872719,1.0,0.2531126717923628
0.63007087920374,1.0,0.2529408961437528
0.6302216860202081,1.0,0.2529170593699119
0.6303724928366762,1.0,0.2529125464011743
0.6305232996531444,1.0,0.2528727918060825
0.6306741064696124,1.0,0.2528522310290277
0.6308249132860805,1.0,0.2528095711101596
0.6309757201025487,1.0,0.2527170198090022
0.6311265269190167,1.0,0.2525604911397061
0.6312773337354849,1.0,0.2524688732330012
0.631428140551953,1.0,0.2522104578855743
0.631578947368421,1.0,0.2520765643068638
0.6317297541848892,1.0,0.2517737117354975
0.6318805610013573,1.0,0.2516498799709944
0.6320313678178253,1.0,0.2516371507193778
0.6321821746342935,1.0,0.2515971533500867
0.6323329814507616,1.0,0.2515056445547877
0.6324837882672297,1.0,0.2514446626792407
0.6326345950836978,1.0,0.2513495331294659
0.6327854019001659,1.0,0.251278197308769
0.632936208716634,1.0,0.2512171881280327
0.6330870155331021,1.0,0.2512034642505326
0.6332378223495702,1.0,0.2508812113184909
0.6333886291660383,1.0,0.2508048415309054
0.6335394359825064,1.0,0.2506837039624269
0.6336902427989746,1.0,0.2505558989579678
0.6338410496154426,1.0,0.25034799227128
0.6339918564319107,1.0,0.2503179602956181
0.6341426632483789,1.0,0.2503051966870231
0.6342934700648469,1.0,0.2502805945696182
0.634444276881315,1.0,0.2502209701439734
0.6345950836977832,1.0,0.2502105504095539
0.6347458905142512,1.0,0.2500645107167391
0.6348966973307193,1.0,0.2500137526828782
0.6350475041471875,1.0,0.2499570761581412
0.6351983109636555,1.0,0.249884467864271
0.6353491177801237,1.0,0.2498309847169489
0.6354999245965918,1.0,0.2497771700436916
0.6356507314130598,1.0,0.2496698851267388
0.635801538229528,1.0,0.2496024355601801
0.6359523450459961,1.0,0.2495685352796451
0.6361031518624641,1.0,0.2495410692271079
0.6362539586789323,1.0,0.2495394822294873
0.6364047654954004,1.0,0.2495152678688796
0.6365555723118685,1.0,0.2493809747072214
0.6367063791283366,1.0,0.2493698933707878
0.6368571859448047,1.0,0.2491263959669719
0.6370079927612728,1.0,0.2491031684315626
0.6371587995777409,1.0,0.2489974996567508
0.637309606394209,1.0,0.248922996717554
0.6374604132106771,1.0,0.2487706039701772
0.6376112200271452,1.0,0.2485607212341246
0.6377620268436134,1.0,0.2483344224000267
0.6379128336600814,1.0,0.2483105913381002
0.6380636404765495,1.0,0.2482058747063121
0.6382144472930177,1.0,0.24818397037915
0.6383652541094857,1.0,0.248097516016233
0.6385160609259538,1.0,0.2480813278181348
0.638666867742422,1.0,0.2479328753563738
0.63881767455889,1.0,0.247908233246127
0.6389684813753582,1.0,0.2477107275428243
0.6391192881918263,1.0,0.2476729842862444
0.6392700950082943,1.0,0.2475640370881115
0.6394209018247625,1.0,0.2475604439389213
0.6395717086412306,1.0,0.2474278434311983
0.6397225154576986,1.0,0.2473978906415844
0.6398733222741668,1.0,0.2472712716726744
0.6400241290906349,1.0,0.2472075272504574
0.640174935907103,1.0,0.2469391506985049
0.6403257427235711,1.0,0.246769947807928
0.6404765495400392,1.0,0.2467663513629254
0.6406273563565074,1.0,0.2466478243847197
0.6407781631729754,1.0,0.2466392019269589
0.6409289699894435,1.0,0.2466098799582073
0.6410797768059117,1.0,0.2465721793018351
0.6412305836223797,1.0,0.2464843332149726
0.6413813904388478,1.0,0.2464293578176233
0.641532197255316,1.0,0.2463926853849998
0.641683004071784,1.0,0.2463842216190497
0.6418338108882522,1.0,0.2463097255547197
0.6419846177047203,1.0,0.2462272904299617
0.6421354245211883,1.0,0.2462209113436905
0.6422862313376565,1.0,0.2462188754329335
0.6424370381541246,1.0,0.2461769681490756
0.6425878449705926,1.0,0.2461158146812297
0.6427386517870608,1.0,0.2460270003969024
0.6428894586035289,1.0,0.2459254373535921
0.643040265419997,1.0,0.2458548824192305
0.6431910722364651,1.0,0.2455795232194652
0.6433418790529332,1.0,0.2454804773991059
0.6434926858694013,1.0,0.2447972403361406
0.6436434926858694,1.0,0.2445015885283133
0.6437942995023375,1.0,0.2444000492113573
0.6439451063188056,1.0,0.2442447000017846
0.6440959131352737,1.0,0.2441214021934094
0.6442467199517418,1.0,0.2440674223817722
0.6443975267682099,1.0,0.2440272678899342
0.644548333584678,1.0,0.2440089886972127
0.6446991404011462,1.0,0.2439525514750351
0.6448499472176142,1.0,0.2439437754009071
0.6450007540340823,1.0,0.2438137983324649
0.6451515608505505,1.0,0.2438015660808641
0.6453023676670185,1.0,0.2436969929082635
0.6454531744834866,1.0,0.2433861549434091
0.6456039812999548,1.0,0.2433318407828782
0.6457547881164228,1.0,0.2432677303165414
0.645905594932891,1.0,0.2430737146970698
0.6460564017493591,1.0,0.2430577041942077
0.6462072085658271,1.0,0.2430279506083071
0.6463580153822953,1.0,0.2429822693659142
0.6465088221987634,1.0,0.2427746112193448
0.6466596290152314,1.0,0.2426926273732743
0.6468104358316996,1.0,0.2426863400421088
0.6469612426481677,1.0,0.2426198541660617
0.6471120494646359,1.0,0.2426188901866865
0.6472628562811039,1.0,0.2424782400826285
0.647413663097572,1.0,0.2424166216634198
0.6475644699140402,1.0,0.2423575673964178
0.6477152767305082,1.0,0.2423485285964978
0.6478660835469763,1.0,0.2422454698268295
0.6480168903634445,1.0,0.2421988458920637
0.6481676971799125,1.0,0.2421324338319795
0.6483185039963807,1.0,0.2421008988558959
0.6484693108128488,1.0,0.2420940707002712
0.6486201176293168,1.0,0.2418969301015995
0.648770924445785,1.0,0.2418863709665035
0.648921731262253,1.0,0.2418326589145834
0.6490725380787211,1.0,0.2418325064769468
0.6492233448951893,1.0,0.2418084428763121
0.6493741517116574,1.0,0.2417697754966654
0.6495249585281254,1.0,0.241724382021774
0.6496757653445936,1.0,0.2416532913129295
0.6498265721610617,1.0,0.2414999345779608
0.6499773789775298,1.0,0.2411793681355147
0.6501281857939979,1.0,0.2411612953997269
0.650278992610466,1.0,0.2410808974767691
0.6504297994269341,1.0,0.240991002461406
0.6505806062434022,1.0,0.2409181844328407
0.6507314130598703,1.0,0.2408168214596237
0.6508822198763384,1.0,0.2407518609241643
0.6510330266928065,1.0,0.2406693480366853
0.6511838335092747,1.0,0.2406595407707545
0.6513346403257427,1.0,0.2406359763362391
0.6514854471422108,1.0,0.2405929921154179
0.651636253958679,1.0,0.2404374024864959
0.651787060775147,1.0,0.2402748180276602
0.6519378675916151,1.0,0.2402744127965133
0.6520886744080833,1.0,0.2402496434952377
0.6522394812245513,1.0,0.2401036213454926
0.6523902880410195,1.0,0.2399921101117676
0.6525410948574876,1.0,0.2399902715543147
0.6526919016739556,1.0,0.2399885628070268
0.6528427084904238,1.0,0.2399783885054714
0.6529935153068919,1.0,0.2398005612161642
0.6531443221233599,1.0,0.239769291971468
0.6532951289398281,1.0,0.2397488406330462
0.6534459357562962,1.0,0.239477774159865
0.6535967425727643,1.0,0.2393910381160375
0.6537475493892324,1.0,0.2392768524227209
0.6538983562057005,1.0,0.2392615230120569
0.6540491630221686,1.0,0.2391517634865086
0.6541999698386367,1.0,0.2389308650788285
0.6543507766551048,1.0,0.238587478275324
0.654501583471573,1.0,0.2385477350037757
0.654652390288041,1.0,0.2385030799457242
0.6548031971045091,1.0,0.2384565242441428
0.6549540039209772,1.0,0.238421521041375
0.6551048107374453,1.0,0.2383463885490085
0.6552556175539135,1.0,0.2382253950516331
0.6554064243703815,1.0,0.2382083410731015
0.6555572311868496,1.0,0.2380048796079211
0.6557080380033178,1.0,0.2378032421281043
0.6558588448197858,1.0,0.23772047602396
0.6560096516362539,1.0,0.2376625958987633
0.6561604584527221,1.0,0.2375718038768222
0.6563112652691901,1.0,0.2374980710110109
0.6564620720856583,1.0,0.2373444966848873
0.6566128789021264,1.0,0.2373046788556805
0.6567636857185944,1.0,0.2373042784170684
0.6569144925350626,1.0,0.2371708307280353
0.6570652993515307,1.0,0.2370127603329991
0.6572161061679987,1.0,0.236912450826736
0.6573669129844669,1.0,0.2366940305165427
0.657517719800935,1.0,0.2366572475135028
0.6576685266174032,1.0,0.2365514892503144
0.6578193334338712,1.0,0.2365388442663108
0.6579701402503393,1.0,0.2365367940113237
0.6581209470668075,1.0,0.2365050672733828
0.6582717538832755,1.0,0.2363667627905468
0.6584225606997436,1.0,0.2362762301226197
0.6585733675162118,1.0,0.236108030050832
0.6587241743326798,1.0,0.2360978486882132
0.6588749811491479,1.0,0.236041124797292
0.6590257879656161,1.0,0.2359469833329309
0.6591765947820841,1.0,0.2358936443382544
0.6593274015985523,1.0,0.2357871053743819
0.6594782084150204,1.0,0.2357666094781699
0.6596290152314884,1.0,0.2357622427555439
0.6597798220479566,1.0,0.2356707016769462
0.6599306288644247,1.0,0.23557963475846
0.6600814356808927,1.0,0.2353115565477127
0.6602322424973609,1.0,0.2352926124665241
0.660383049313829,1.0,0.2351841415368468
0.6605338561302971,1.0,0.2351694897680931
0.6606846629467652,1.0,0.2348210985733349
0.6608354697632333,1.0,0.2346137682957383
0.6609862765797014,1.0,0.2345882921668052
0.6611370833961695,1.0,0.234538683660213
0.6612878902126376,1.0,0.2345174053681927
0.6614386970291057,1.0,0.234500654558578
0.6615895038455738,1.0,0.2343966561445534
0.661740310662042,1.0,0.2343865923503418
0.66189111747851,1.0,0.2343235410898547
0.6620419242949781,1.0,0.2342837798688153
0.6621927311114463,1.0,0.2341210738779783
0.6623435379279143,1.0,0.2340459754477713
0.6624943447443824,1.0,0.2340168258065706
0.6626451515608506,1.0,0.2339932464893166
0.6627959583773186,1.0,0.2339894641846796
0.6629467651937868,1.0,0.2338737401588864
0.6630975720102549,1.0,0.2338158247863122
0.6632483788267229,1.0,0.2337496107415265
0.6633991856431911,1.0,0.2337474637514012
0.6635499924596592,1.0,0.2336885016531163
0.6637007992761272,1.0,0.2336216233541181
0.6638516060925954,1.0,0.2334158475519693
0.6640024129090635,1.0,0.2333055135439796
0.6641532197255315,1.0,0.233260048965876
0.6643040265419997,1.0,0.233233805441692
0.6644548333584678,1.0,0.2331515552556214
0.664605640174936,1.0,0.233063232764017
0.664756446991404,1.0,0.2329877111057895
0.6649072538078721,1.0,0.2328897114758512
0.6650580606243403,1.0,0.2327051860632081
0.6652088674408083,1.0,0.2326481839253333
0.6653596742572764,1.0,0.2326265117274057
0.6655104810737446,1.0,0.2325287639912879
0.6656612878902126,1.0,0.232489402508223
0.6658120947066808,1.0,0.2324754399698475
0.6659629015231489,1.0,0.2322974526225187
0.6661137083396169,1.0,0.232280705701396
0.6662645151560851,1.0,0.2322610793030942
0.6664153219725532,1.0,0.2320069103016751
0.6665661287890212,1.0,0.2317930514256667
0.6667169356054894,1.0,0.2316243264897674
0.6668677424219575,1.0,0.231546891280113
0.6670185492384256,1.0,0.2314045157691112
0.6671693560548937,1.0,0.2313580054227503
0.6673201628713618,1.0,0.2310478690119379
0.6674709696878299,1.0,0.2310120591057577
0.667621776504298,1.0,0.2309205211404718
0.6677725833207661,1.0,0.2307476121567011
0.6679233901372342,1.0,0.2306064097235595
0.6680741969537023,1.0,0.2305759941498698
0.6682250037701705,1.0,0.2304578608324629
0.6683758105866385,1.0,0.2304180180791625
0.6685266174031066,1.0,0.2304124620076724
0.6686774242195748,1.0,0.2303716796724246
0.6688282310360428,1.0,0.230359883711442
0.6689790378525109,1.0,0.23011099183917
0.6691298446689791,1.0,0.2300848241389736
0.6692806514854471,1.0,0.2300020514222777
0.6694314583019152,1.0,0.2299787614066624
0.6695822651183834,1.0,0.229921237571144
0.6697330719348514,1.0,0.2299025036573427
0.6698838787513196,1.0,0.2297642510787208
0.6700346855677877,1.0,0.229593695944742
0.6701854923842557,1.0,0.2295708206881346
0.6703362992007239,1.0,0.2294766869965533
0.670487106017192,1.0,0.229444451475153
0.67063791283366,1.0,0.2294118825684779
0.6707887196501282,1.0,0.2293976384616877
0.6709395264665963,1.0,0.2293937875624719
0.6710903332830644,1.0,0.2293925388721545
0.6712411400995325,1.0,0.2293875810996947
0.6713919469160006,1.0,0.2293751502462892
0.6715427537324687,1.0,0.229365144271311
0.6716935605489368,1.0,0.2291826459196668
0.6718443673654049,1.0,0.2291505366014545
0.671995174181873,1.0,0.2290138533325733
0.6721459809983411,1.0,0.2289768254458805
0.6722967878148093,1.0,0.2289564478376967
0.6724475946312773,1.0,0.2289303352754983
0.6725984014477454,1.0,0.2288935945839351
0.6727492082642136,1.0,0.2288385934669557
0.6729000150806816,1.0,0.2287643987206376
0.6730508218971497,1.0,0.2287109713911999
0.6732016287136179,1.0,0.2286537429176566
0.673352435530086,1.0,0.2286442183785947
0.673503242346554,1.0,0.2286273324585433
0.6736540491630222,1.0,0.2286223640443723
0.6738048559794902,1.0,0.2284017808449176
0.6739556627959584,1.0,0.2283515769211612
0.6741064696124265,1.0,0.2282432529329391
0.6742572764288945,1.0,0.2282227349189968
0.6744080832453627,1.0,0.2281501068726197
0.6745588900618308,1.0,0.2280682756207135
0.6747096968782988,1.0,0.2280214336661715
0.674860503694767,1.0,0.2280085685517786
0.6750113105112351,1.0,0.2280046968127459
0.6751621173277033,1.0,0.2278803202936276
0.6753129241441713,1.0,0.2278460143829634
0.6754637309606394,1.0,0.2278155594169192
0.6756145377771076,1.0,0.2277242094654615
0.6757653445935756,1.0,0.2277173347949864
0.6759161514100437,1.0,0.227683727918404
0.6760669582265119,1.0,0.2276827775495032
0.6762177650429799,1.0,0.2275578770494115
0.6763685718594481,1.0,0.2275348085714001
0.6765193786759162,1.0,0.2274042529176436
0.6766701854923842,1.0,0.2273703611486644
0.6768209923088524,1.0,0.2272620924800001
0.6769717991253205,1.0,0.2272308639168927
0.6771226059417885,1.0,0.2272300388368436
0.6772734127582567,1.0,0.2270120527973155
0.6774242195747248,1.0,0.2269117915438677
0.6775750263911929,1.0,0.22676191252501
0.677725833207661,1.0,0.2267542184417007
0.6778766400241291,1.0,0.2267496230411306
0.6780274468405972,1.0,0.2266911420833865
0.6781782536570653,1.0,0.2266677993688521
0.6783290604735334,1.0,0.2265187347736312
0.6784798672900015,1.0,0.226476434105061
0.6786306741064696,1.0,0.2263613713993005
0.6787814809229377,1.0,0.2263382826567732
0.6789322877394058,1.0,0.2261978700870992
0.6790830945558739,1.0,0.2261848197682397
0.6792339013723421,1.0,0.2261636235673076
0.6793847081888101,1.0,0.2261401366662747
0.6795355150052782,1.0,0.2261069108286853
0.6796863218217464,1.0,0.2261007150476399
0.6798371286382144,1.0,0.2260468884373311
0.6799879354546825,1.0,0.2259576989418009
0.6801387422711507,1.0,0.2258921641267112
0.6802895490876187,1.0,0.2258848242675706
0.6804403559040869,1.0,0.225832185941652
0.680591162720555,1.0,0.2257731354679818
0.680741969537023,1.0,0.2257614812879924
0.6808927763534912,1.0,0.2257404172787969
0.6810435831699593,1.0,0.2256321568643351
0.6811943899864273,1.0,0.2255679677612484
0.6813451968028955,1.0,0.225481959913099
0.6814960036193636,1.0,0.2254774229331498
0.6816468104358318,1.0,0.2254695078555037
0.6817976172522998,1.0,0.2253566349613531
0.6819484240687679,1.0,0.2252809347517684
0.682099230885236,1.0,0.225222712976279
0.6822500377017041,1.0,0.2250518874431991
0.6824008445181722,1.0,0.2250411732008632
0.6825516513346404,1.0,0.2249881969647934
0.6827024581511084,1.0,0.2249466737546214
0.6828532649675766,1.0,0.2248629319625099
0.6830040717840447,1.0,0.2248229828097958
0.6831548786005127,1.0,0.224814447277996
0.6833056854169809,1.0,0.2247139052397934
0.683456492233449,1.0,0.2246891176312151
0.683607299049917,1.0,0.2245673439609677
0.6837581058663852,1.0,0.2244837059465465
0.6839089126828533,1.0,0.2244220817954334
0.6840597194993213,1.0,0.2244121973850532
0.6842105263157895,1.0,0.2244054630026531
0.6843613331322576,1.0,0.2243658920387453
0.6845121399487257,1.0,0.2242127457581965
0.6846629467651938,1.0,0.2240283234041552
0.6848137535816619,1.0,0.2240139910302137
0.68496456039813,1.0,0.2240088307365849
0.6851153672145981,1.0,0.2238653003925527
0.6852661740310662,1.0,0.2237562728219005
0.6854169808475343,1.0,0.2237001575886345
0.6855677876640024,1.0,0.2236239117374239
0.6857185944804706,1.0,0.2236169223382386
0.6858694012969386,1.0,0.2235736887082408
0.6860202081134067,1.0,0.2232964595949531
0.6861710149298749,1.0,0.2232506502513588
0.6863218217463429,1.0,0.2229811268600591
0.686472628562811,1.0,0.2229398448640662
0.6866234353792792,1.0,0.2228308036348039
0.6867742421957472,1.0,0.2227543628270554
0.6869250490122154,1.0,0.2226796125840371
0.6870758558286835,1.0,0.222642247621819
0.6872266626451515,1.0,0.2226415873758569
0.6873774694616197,1.0,0.2226044324484981
0.6875282762780878,1.0,0.2224783035580266
0.6876790830945558,1.0,0.2223301240200829
0.687829889911024,1.0,0.2223097126591347
0.6879806967274921,1.0,0.2221293095594873
0.6881315035439601,1.0,0.2221135564611651
0.6882823103604283,1.0,0.2218857626775589
0.6884331171768964,1.0,0.2218687155822138
0.6885839239933645,1.0,0.2217272493864179
0.6887347308098326,1.0,0.2216079298434555
0.6888855376263007,1.0,0.2215280264805706
0.6890363444427688,1.0,0.2213124625981216
0.6891871512592369,1.0,0.2212628745140732
0.689337958075705,1.0,0.221210431063217
0.6894887648921731,1.0,0.2210934043095724
0.6896395717086412,1.0,0.2209322681547388
0.6897903785251094,1.0,0.2207076505184016
0.6899411853415774,1.0,0.2204976038884975
0.6900919921580455,1.0,0.2204398581754535
0.6902427989745137,1.0,0.2203751993119114
0.6903936057909817,1.0,0.2202962210558746
0.6905444126074498,1.0,0.2201824680561833
0.690695219423918,1.0,0.2201027764078751
0.690846026240386,1.0,0.2200939391118796
0.6909968330568542,1.0,0.2200679318762644
0.6911476398733223,1.0,0.220048776064003
0.6912984466897903,1.0,0.2199194768328815
0.6914492535062585,1.0,0.2199035002327699
0.6916000603227266,1.0,0.2198787467884955
0.6917508671391946,1.0,0.2198477193092924
0.6919016739556628,1.0,0.2198447573266667
0.6920524807721309,1.0,0.2197039530593018
0.6922032875885991,1.0,0.2197005690833412
0.6923540944050671,1.0,0.2196450935626538
0.6925049012215352,1.0,0.2195466978040798
0.6926557080380034,1.0,0.2195096511038343
0.6928065148544714,1.0,0.219495315383408
0.6929573216709395,1.0,0.2194397341714987
0.6931081284874077,1.0,0.2193541363064989
0.6932589353038757,1.0,0.2192938809054825
0.6934097421203438,1.0,0.2192334232013932
0.693560548936812,1.0,0.219158060776992
0.69371135575328,1.0,0.219141486656187
0.6938621625697482,1.0,0.218980987644067
0.6940129693862163,1.0,0.2189554453426301
0.6941637762026843,1.0,0.2189195470078541
0.6943145830191525,1.0,0.2188768288461283
0.6944653898356206,1.0,0.2187624240607091
0.6946161966520886,1.0,0.2187333947613501
0.6947670034685568,1.0,0.218484899197061
0.6949178102850249,1.0,0.2184215556465562
0.695068617101493,1.0,0.2182473229652098
0.6952194239179611,1.0,0.2182461591490563
0.6953702307344292,1.0,0.2178641631390435
0.6955210375508973,1.0,0.2177856606926277
0.6956718443673654,1.0,0.2177447733053022
0.6958226511838335,1.0,0.217624309296862
0.6959734580003016,1.0,0.2176057058415482
0.6961242648167697,1.0,0.2175706520467743
0.6962750716332379,1.0,0.2175562497584068
0.6964258784497059,1.0,0.2175416574752858
0.696576685266174,1.0,0.2174914437464636
0.6967274920826422,1.0,0.2174378469737129
0.6968782988991102,1.0,0.2173465551639036
0.6970291057155783,1.0,0.2172779572434747
0.6971799125320465,1.0,0.2172563983714909
0.6973307193485145,1.0,0.2171257401636178
0.6974815261649827,1.0,0.217064221961087
0.6976323329814508,1.0,0.2170187077434404
0.6977831397979188,1.0,0.2170127913187139
0.697933946614387,1.0,0.2169459786767631
0.6980847534308551,1.0,0.2166851029859534
0.6982355602473231,1.0,0.2166624904507905
0.6983863670637913,1.0,0.2165635186194725
0.6985371738802594,1.0,0.2165608194930286
0.6986879806967274,1.0,0.2164880575774606
0.6988387875131956,1.0,0.2164693512347774
0.6989895943296637,1.0,0.2164233617136731
0.6991404011461319,1.0,0.2163894654629934
0.6992912079625999,1.0,0.2163153225422216
0.699442014779068,1.0,0.2162657198318539
0.6995928215955362,1.0,0.2162319257577803
0.6997436284120042,1.0,0.2160743496319266
0.6998944352284723,1.0,0.2160403657337975
0.7000452420449405,1.0,0.2159484219456711
0.7001960488614085,1.0,0.2157818066824118
0.7003468556778767,1.0,0.215671883852668
0.7004976624943448,1.0,0.2155563169103026
0.7006484693108128,1.0,0.2155307982328701
0.700799276127281,1.0,0.215515723638873
0.700950082943749,1.0,0.2155112468171397
0.7011008897602171,1.0,0.2154636726871838
0.7012516965766853,1.0,0.2154602789345998
0.7014025033931534,1.0,0.2153156944876985
0.7015533102096215,1.0,0.2152697811601455
0.7017041170260896,1.0,0.2151750539605778
0.7018549238425577,1.0,0.2151283608809794
0.7020057306590258,1.0,0.2150299473918928
0.7021565374754939,1.0,0.2150298590473576
0.702307344291962,1.0,0.214918967384739
0.7024581511084301,1.0,0.2148473382130628
0.7026089579248982,1.0,0.2148456381543246
0.7027597647413663,1.0,0.2148185210885013
0.7029105715578344,1.0,0.2147194611741166
0.7030613783743025,1.0,0.214701143096273
0.7032121851907707,1.0,0.214488983190541
0.7033629920072387,1.0,0.2143428213979152
0.7035137988237068,1.0,0.21428754895983
0.703664605640175,1.0,0.2142306676813205
0.703815412456643,1.0,0.2141028518881071
0.7039662192731111,1.0,0.2140124290145479
0.7041170260895793,1.0,0.213975796896392
0.7042678329060473,1.0,0.2135695406944035
0.7044186397225155,1.0,0.2135523420893
0.7045694465389836,1.0,0.2135123616791337
0.7047202533554516,1.0,0.2133478580746295
0.7048710601719198,1.0,0.2132606656077147
0.7050218669883879,1.0,0.2129938553577102
0.7051726738048559,1.0,0.2129398401254865
0.7053234806213241,1.0,0.212923099627927
0.7054742874377922,1.0,0.2128961135579811
0.7056250942542603,1.0,0.2125560493791585
0.7057759010707284,1.0,0.2125383351462432
0.7059267078871965,1.0,0.2125158440294894
0.7060775147036646,1.0,0.2125101780614362
0.7062283215201327,1.0,0.2124467213548415
0.7063791283366008,1.0,0.2123356188743583
0.7065299351530689,1.0,0.2122673335476554
0.706680741969537,1.0,0.212260976708189
0.7068315487860052,1.0,0.2122321332561582
0.7069823556024732,1.0,0.2122313374502661
0.7071331624189413,1.0,0.2120729446082258
0.7072839692354095,1.0,0.2120338789678743
0.7074347760518775,1.0,0.2117821223196436
0.7075855828683456,1.0,0.2116913833516243
0.7077363896848138,1.0,0.2115462524581025
0.7078871965012818,1.0,0.2114781184257053
0.7080380033177499,1.0,0.2112824417807072
0.7081888101342181,1.0,0.2112652584051053
0.7083396169506861,1.0,0.21099378077434
0.7084904237671543,1.0,0.210788955856992
0.7086412305836224,1.0,0.2107877127073881
0.7087920374000904,1.0,0.210686984116125
0.7089428442165586,1.0,0.2106187575378279
0.7090936510330267,1.0,0.2106022632294746
0.7092444578494947,1.0,0.2105543915999718
0.7093952646659629,1.0,0.210532002726143
0.709546071482431,1.0,0.2105298171838377
0.7096968782988992,1.0,0.2103019314647983
0.7098476851153672,1.0,0.210295632792595
0.7099984919318353,1.0,0.210227349834316
0.7101492987483035,1.0,0.2101163748842941
0.7103001055647715,1.0,0.2099824227111912
0.7104509123812396,1.0,0.2098796498327547
0.7106017191977078,1.0,0.2098704486996315
0.7107525260141758,1.0,0.2098544520836656
0.710903332830644,1.0,0.2097186156653323
0.7110541396471121,1.0,0.2097068506286479
0.7112049464635801,1.0,0.209684355190379
0.7113557532800483,1.0,0.2096693942153324
0.7115065600965164,1.0,0.2095230065784644
0.7116573669129844,1.0,0.2094834275473617
0.7118081737294526,1.0,0.2094440719405266
0.7119589805459207,1.0,0.2093548499482926
0.7121097873623888,1.0,0.2093122015110594
0.7122605941788569,1.0,0.2092535284448305
0.712411400995325,1.0,0.2092062889103966
0.7125622078117931,1.0,0.2091152593163811
0.7127130146282612,1.0,0.2090912934127082
0.7128638214447293,1.0,0.2090539338475459
0.7130146282611974,1.0,0.2088841373131323
0.7131654350776655,1.0,0.2088626830118505
0.7133162418941336,1.0,0.2087216844920552
0.7134670487106017,1.0,0.2087087847494358
0.7136178555270698,1.0,0.208575904178866
0.713768662343538,1.0,0.2084670423115312
0.713919469160006,1.0,0.2084622547975016
0.7140702759764741,1.0,0.2084562329430316
0.7142210827929423,1.0,0.2083740140776842
0.7143718896094103,1.0,0.2082959747332587
0.7145226964258784,1.0,0.2080874409104752
0.7146735032423466,1.0,0.2079983883581159
0.7148243100588146,1.0,0.2079161726433066
0.7149751168752828,1.0,0.2075914938106152
0.7151259236917509,1.0,0.2074518214225564
0.7152767305082189,1.0,0.2073278318503872
0.7154275373246871,1.0,0.2072934262734929
0.7155783441411552,1.0,0.2072399962067423
0.7157291509576232,1.0,0.2070541501755666
0.7158799577740914,1.0,0.2068499801361011
0.7160307645905595,1.0,0.2067452333810967
0.7161815714070277,1.0,0.2067402191361355
0.7163323782234957,1.0,0.2065957459484655
0.7164831850399638,1.0,0.2065663165159255
0.716633991856432,1.0,0.2064756548576503
0.7167847986729,1.0,0.2064736007348161
0.7169356054893681,1.0,0.2064713582836259
0.7170864123058363,1.0,0.2063729164647449
0.7172372191223043,1.0,0.2063698231321602
0.7173880259387724,1.0,0.2063530327970791
0.7175388327552406,1.0,0.2063025207403966
0.7176896395717086,1.0,0.2062664120773056
0.7178404463881768,1.0,0.206132497496748
0.7179912532046449,1.0,0.2061263824960613
0.7181420600211129,1.0,0.2060563379878604
0.7182928668375811,1.0,0.2058943997895471
0.7184436736540492,1.0,0.2058210705274137
0.7185944804705172,1.0,0.2057390109217459
0.7187452872869854,1.0,0.2057291149404623
0.7188960941034535,1.0,0.2057210563488664
0.7190469009199216,1.0,0.2056070396792196
0.7191977077363897,1.0,0.2056044821452029
0.7193485145528578,1.0,0.2055677443196729
0.7194993213693259,1.0,0.2055259287249447
0.719650128185794,1.0,0.2054818527406348
0.719800935002262,1.0,0.2054111464708856
0.7199517418187302,1.0,0.2053405229780737
0.7201025486351983,1.0,0.2053234440691895
0.7202533554516665,1.0,0.20518729033834
0.7204041622681345,1.0,0.2050790682685295
0.7205549690846026,1.0,0.2049963297992373
0.7207057759010708,1.0,0.2047819332916332
0.7208565827175388,1.0,0.2047422312248921
0.7210073895340069,1.0,0.2046640289113086
0.7211581963504751,1.0,0.2046615576569457
0.7213090031669431,1.0,0.2046352784189876
0.7214598099834113,1.0,0.2044866210122861
0.7216106167998794,1.0,0.2043449731010498
0.7217614236163474,1.0,0.2041073913765551
0.7219122304328156,1.0,0.2036581218837098
0.7220630372492837,1.0,0.2036483094569261
0.7222138440657517,1.0,0.2036389015219902
0.7223646508822199,1.0,0.2034422114636584
0.722515457698688,1.0,0.2034405821588533
0.722666264515156,1.0,0.203362408441764
0.7228170713316242,1.0,0.20333680917023
0.7229678781480923,1.0,0.2032311615081877
0.7231186849645604,1.0,0.2031688096637443
0.7232694917810285,1.0,0.2031379074083543
0.7234202985974966,1.0,0.2031202990875984
0.7235711054139647,1.0,0.202964686575885
0.7237219122304328,1.0,0.2028499185371634
0.7238727190469009,1.0,0.2028369612030207
0.724023525863369,1.0,0.2026634102887222
0.7241743326798371,1.0,0.2026284876137546
0.7243251394963053,1.0,0.2025931408676492
0.7244759463127733,1.0,0.2025396422151635
0.7246267531292414,1.0,0.2023393889474999
0.7247775599457096,1.0,0.2023105105712148
0.7249283667621776,1.0,0.2022338105752553
0.7250791735786457,1.0,0.2020691690481071
0.7252299803951139,1.0,0.202067707041444
0.725380787211582,1.0,0.2020316378031811
0.7255315940280501,1.0,0.2020211759134156
0.7256824008445182,1.0,0.2019466703374237
0.7258332076609862,1.0,0.201761425284967
0.7259840144774544,1.0,0.2017272076459248
0.7261348212939225,1.0,0.2016969085453253
0.7262856281103905,1.0,0.2016625106047173
0.7264364349268587,1.0,0.2015193309586055
0.7265872417433268,1.0,0.2014975010775178
0.726738048559795,1.0,0.2012561661416924
0.726888855376263,1.0,0.2012346495087791
0.7270396621927311,1.0,0.2011368525061022
0.7271904690091993,1.0,0.2010548066409306
0.7273412758256673,1.0,0.2009033207237714
0.7274920826421354,1.0,0.2006416546953635
0.7276428894586036,1.0,0.200522838865287
0.7277936962750716,1.0,0.2005113671862389
0.7279445030915397,1.0,0.2003749098651917
0.7280953099080079,1.0,0.2003642832750024
0.7282461167244759,1.0,0.2002860316279144
0.7283969235409441,1.0,0.2002615285051298
0.7285477303574122,1.0,0.20012300690384
0.7286985371738802,1.0,0.2000467346232451
0.7288493439903484,1.0,0.1999338737018892
0.7290001508068165,1.0,0.1999298908779475
0.7291509576232845,1.0,0.1997973830410382
0.7293017644397527,1.0,0.1997853229544617
0.7294525712562208,1.0,0.1997083365200177
0.7296033780726889,1.0,0.1996662077237471
0.729754184889157,1.0,0.1992192005649925
0.7299049917056251,1.0,0.1992073179944701
0.7300557985220932,1.0,0.1991696442858032
0.7302066053385613,1.0,0.1991484749528017
0.7303574121550294,1.0,0.1991210572828631
0.7305082189714975,1.0,0.1988807829533787
0.7306590257879656,1.0,0.1986099896192259
0.7308098326044338,1.0,0.1984287412392946
0.7309606394209018,1.0,0.1983620737276731
0.7311114462373699,1.0,0.1983340142592961
0.7312622530538381,1.0,0.1983282428217876
0.7314130598703061,1.0,0.1983206838700703
0.7315638666867742,1.0,0.1982865511375675
0.7317146735032424,1.0,0.1981484625204383
0.7318654803197104,1.0,0.1979593274904632
0.7320162871361785,1.0,0.1979460064592441
0.7321670939526467,1.0,0.1977406540934056
0.7323179007691147,1.0,0.1976778661917979
0.7324687075855829,1.0,0.1976584826543239
0.732619514402051,1.0,0.1975107316393415
0.732770321218519,1.0,0.1974587671922392
0.7329211280349872,1.0,0.1973261118953355
0.7330719348514553,1.0,0.1972804560098231
0.7332227416679233,1.0,0.1971452630666945
0.7333735484843915,1.0,0.1971409223597084
0.7335243553008596,1.0,0.1970183832957008
0.7336751621173278,1.0,0.197000487051715
0.7338259689337958,1.0,0.1968794749331706
0.7339767757502639,1.0,0.1968153719457929
0.734127582566732,1.0,0.1966265821317843
0.7342783893832001,1.0,0.1964591934399512
0.7344291961996682,1.0,0.1964339865244722
0.7345800030161364,1.0,0.1964098249345486
0.7347308098326044,1.0,0.1963641934450813
0.7348816166490726,1.0,0.1962319168090564
0.7350324234655407,1.0,0.1962210783152501
0.7351832302820087,1.0,0.1961078555487279
0.7353340370984769,1.0,0.1960721244232581
0.735484843914945,1.0,0.1959401329483154
0.735635650731413,1.0,0.1959032374633104
0.7357864575478812,1.0,0.1958533662216599
0.7359372643643493,1.0,0.1958215507183305
0.7360880711808174,1.0,0.1957666812213775
0.7362388779972855,1.0,0.1957608128185604
0.7363896848137536,1.0,0.195703161018346
0.7365404916302217,1.0,0.1956467422225853
0.7366912984466898,1.0,0.195640481815093
0.7368421052631579,1.0,0.1955309405961768
0.736992912079626,1.0,0.195525642052821
0.7371437188960941,1.0,0.1955026847451232
0.7372945257125622,1.0,0.1952746121490752
0.7374453325290303,1.0,0.1952609623673469
0.7375961393454984,1.0,0.1952477947594305
0.7377469461619666,1.0,0.1951479254481722
0.7378977529784346,1.0,0.1950844566679864
0.7380485597949027,1.0,0.1949736375988192
0.7381993666113709,1.0,0.1949336467811372
0.7383501734278389,1.0,0.194729037453192
0.738500980244307,1.0,0.1944190520379839
0.7386517870607752,1.0,0.1944061710772392
0.7388025938772432,1.0,0.1942238751640293
0.7389534006937114,1.0,0.1940355104888928
0.7391042075101795,1.0,0.1940284896701082
0.7392550143266475,1.0,0.193980201125211
0.7394058211431157,1.0,0.1939527201470041
0.7395566279595838,1.0,0.1938308189361672
0.7397074347760518,1.0,0.1937523208581015
0.73985824159252,1.0,0.1935629584546157
0.7400090484089881,1.0,0.1935060780724847
0.7401598552254562,1.0,0.1933550116648722
0.7403106620419243,1.0,0.1933310765163154
0.7404614688583924,1.0,0.1931730979548126
0.7406122756748605,1.0,0.1931475034114393
0.7407630824913286,1.0,0.1931471605383825
0.7409138893077967,1.0,0.19303757889219
0.7410646961242648,1.0,0.1930282705034034
0.7412155029407329,1.0,0.192957878969408
0.7413663097572011,1.0,0.1928929258264736
0.7415171165736691,1.0,0.1928827955425126
0.7416679233901372,1.0,0.1928624150079495
0.7418187302066054,1.0,0.1928019358898914
0.7419695370230734,1.0,0.1927030387860765
0.7421203438395415,1.0,0.1926323825508154
0.7422711506560097,1.0,0.192598860254725
0.7424219574724777,1.0,0.1925081849694994
0.7425727642889458,1.0,0.1922011019338683
0.742723571105414,1.0,0.1921495207574658
0.742874377921882,1.0,0.1920426869394025
0.7430251847383502,1.0,0.1920256281129924
0.7431759915548183,1.0,0.1919636889120638
0.7433267983712863,1.0,0.1919026722403036
0.7434776051877545,1.0,0.1916172210591596
0.7436284120042226,1.0,0.1915246001408176
0.7437792188206906,1.0,0.1915115617232054
0.7439300256371588,1.0,0.1913722499090543
0.7440808324536269,1.0,0.1912067211224844
0.7442316392700951,1.0,0.1911169144701865
0.7443824460865631,1.0,0.1910808189672616
0.7445332529030312,1.0,0.1908277661661495
0.7446840597194994,1.0,0.1906757506951856
0.7448348665359674,1.0,0.1906426137944228
0.7449856733524355,1.0,0.1904295298428845
0.7451364801689037,1.0,0.1903858219217065
0.7452872869853717,1.0,0.1902853800392315
0.7454380938018399,1.0,0.1902853048644353
0.745588900618308,1.0,0.1902362071496068
0.745739707434776,1.0,0.1901906626637516
0.7458905142512442,1.0,0.1898620805023246
0.7460413210677123,1.0,0.1895996090787573
0.7461921278841803,1.0,0.1895412814553679
0.7463429347006485,1.0,0.1895159153176697
0.7464937415171166,1.0,0.1894695978719348
0.7466445483335846,1.0,0.189124945870897
0.7467953551500528,1.0,0.1889698330760727
0.7469461619665209,1.0,0.1889118889965017
0.747096968782989,1.0,0.1887565359976666
0.7472477755994571,1.0,0.1887074254017027
0.7473985824159252,1.0,0.1886504434164307
0.7475493892323933,1.0,0.1885555865198646
0.7477001960488614,1.0,0.1884386292698113
0.7478510028653295,1.0,0.1883483724289208
0.7480018096817976,1.0,0.1882857831970042
0.7481526164982657,1.0,0.1882753774930015
0.7483034233147339,1.0,0.1882448935784878
0.7484542301312019,1.0,0.1881348940225345
0.74860503694767,1.0,0.1880789540070414
0.7487558437641382,1.0,0.1880641681019524
0.7489066505806062,1.0,0.1880234908358474
0.7490574573970743,1.0,0.1879848112097725
0.7492082642135425,1.0,0.1877907944785131
0.7493590710300105,1.0,0.1876204362876119
0.7495098778464787,1.0,0.1875424797815202
0.7496606846629468,1.0,0.1874694002055313
0.7498114914794148,1.0,0.1874579795619886
0.749962298295883,1.0,0.187436879640615
0.7501131051123511,1.0,0.1873777962303716
0.7502639119288191,1.0,0.1873644075089277
0.7504147187452873,1.0,0.1871577993818308
0.7505655255617554,1.0,0.1871497460768072
0.7507163323782235,1.0,0.1870815284643105
0.7508671391946916,1.0,0.186987650855057
0.7510179460111597,1.0,0.1867978581618366
0.7511687528276279,1.0,0.1866965302457345
0.7513195596440959,1.0,0.1865599322328379
0.751470366460564,1.0,0.1865327984779347
0.7516211732770322,1.0,0.1865212336727899
0.7517719800935002,1.0,0.1864400537051421
0.7519227869099683,1.0,0.1864045022127056
0.7520735937264365,1.0,0.1863430189329971
0.7522244005429045,1.0,0.1863022776873487
0.7523752073593727,1.0,0.1861747119448825
0.7525260141758408,1.0,0.1861449582915598
0.7526768209923088,1.0,0.1860199474368606
0.752827627808777,1.0,0.1860160090709978
0.752978434625245,1.0,0.1860006122907253
0.7531292414417131,1.0,0.185709024686034
0.7532800482581813,1.0,0.1855197324532017
0.7534308550746494,1.0,0.1855026179500596
0.7535816618911175,1.0,0.1854085746345825
0.7537324687075856,1.0,0.1851691839768049
0.7538832755240537,1.0,0.1851385773004052
0.7540340823405218,1.0,0.1851261262621991
0.7541848891569899,1.0,0.1850336271002473
0.754335695973458,1.0,0.1849988463783572
0.7544865027899261,1.0,0.1849286317457768
0.7546373096063942,1.0,0.1848974402041236
0.7547881164228624,1.0,0.1848734722563548
0.7549389232393304,1.0,0.1847362955177497
0.7550897300557985,1.0,0.1847343597271215
0.7552405368722667,1.0,0.1846576109792897
0.7553913436887347,1.0,0.1846299931581139
0.7555421505052028,1.0,0.184605225286731
0.755692957321671,1.0,0.1845013869905568
0.755843764138139,1.0,0.1844306774012178
0.7559945709546072,1.0,0.1844184587105126
0.7561453777710753,1.0,0.1844036965177888
0.7562961845875433,1.0,0.1843972974112506
0.7564469914040115,1.0,0.1843970891526241
0.7565977982204796,1.0,0.1843745125280411
0.7567486050369476,1.0,0.1843702337426913
0.7568994118534158,1.0,0.184324517293623
0.7570502186698839,1.0,0.1843198976682338
0.7572010254863519,1.0,0.1842512929545834
0.7573518323028201,1.0,0.1842064750858744
0.7575026391192882,1.0,0.1841268634649697
0.7576534459357563,1.0,0.1839509818280206
0.7578042527522244,1.0,0.1838883203748181
0.7579550595686925,1.0,0.1837743122055083
0.7581058663851606,1.0,0.1837658051073947
0.7582566732016287,1.0,0.1836830161486606
0.7584074800180968,1.0,0.1836379592584019
0.7585582868345649,1.0,0.1836076640065864
0.758709093651033,1.0,0.1833555268814433
0.7588599004675012,1.0,0.183150501467326
0.7590107072839692,1.0,0.1831097782441465
0.7591615141004373,1.0,0.183078460199711
0.7593123209169055,1.0,0.1829617693541339
0.7594631277333735,1.0,0.1829400136965701
0.7596139345498416,1.0,0.1829326978286952
0.7597647413663098,1.0,0.1829222121408062
0.7599155481827778,1.0,0.1829034525144352
0.760066354999246,1.0,0.1828792323844822
0.7602171618157141,1.0,0.1827674503536301
0.7603679686321821,1.0,0.1826291365235167
0.7605187754486503,1.0,0.1825360148544541
0.7606695822651184,1.0,0.1824712601653771
0.7608203890815864,1.0,0.1823112550451168
0.7609711958980546,1.0,0.182181062645836
0.7611220027145227,1.0,0.1821669300016757
0.7612728095309907,1.0,0.1821384037408119
0.7614236163474589,1.0,0.1819255215343067
0.761574423163927,1.0,0.1818113177701008
0.7617252299803952,1.0,0.1817379188106327
0.7618760367968632,1.0,0.1815827470093746
0.7620268436133313,1.0,0.181547949563241
0.7621776504297995,1.0,0.18146179758855
0.7623284572462675,1.0,0.1813530032337806
0.7624792640627356,1.0,0.1813002324831205
0.7626300708792038,1.0,0.1812392290494993
0.7627808776956718,1.0,0.1812210577514089
0.76293168451214,1.0,0.1811884290433668
0.7630824913286081,1.0,0.1811879683037321
0.7632332981450761,1.0,0.1811732847451598
0.7633841049615443,1.0,0.1810426879139473
0.7635349117780124,1.0,0.180956455047464
0.7636857185944804,1.0,0.1809543780932099
0.7638365254109486,1.0,0.1809339742475647
0.7639873322274167,1.0,0.1808926829537562
0.7641381390438848,1.0,0.1807434101827966
0.7642889458603529,1.0,0.1806915644869348
0.764439752676821,1.0,0.1806451201636834
0.7645905594932891,1.0,0.1805652326846487
0.7647413663097572,1.0,0.1805179135630562
0.7648921731262253,1.0,0.180514518972392
0.7650429799426934,1.0,0.1805046613109115
0.7651937867591615,1.0,0.1804871635582471
0.7653445935756297,1.0,0.1804803227812624
0.7654954003920977,1.0,0.1804540486850569
0.7656462072085658,1.0,0.1803213273280449
0.765797014025034,1.0,0.1803102601687425
0.765947820841502,1.0,0.1802951837924304
0.7660986276579701,1.0,0.180229873880452
0.7662494344744383,1.0,0.1801575064936611
0.7664002412909063,1.0,0.1801445079020479
0.7665510481073744,1.0,0.1800520258611172
0.7667018549238426,1.0,0.1800312380542049
0.7668526617403106,1.0,0.1800215840474531
0.7670034685567788,1.0,0.1799951983130589
0.7671542753732469,1.0,0.1799262503358091
0.7673050821897149,1.0,0.179827484892539
0.7674558890061831,1.0,0.1796936462869169
0.7676066958226512,1.0,0.1796845765816957
0.7677575026391192,1.0,0.179677506035697
0.7679083094555874,1.0,0.1796669111964342
0.7680591162720555,1.0,0.1796077828238254
0.7682099230885236,1.0,0.179599600149911
0.7683607299049917,1.0,0.179467074448907
0.7685115367214598,1.0,0.1793791009831364
0.768662343537928,1.0,0.1793084566805775
0.768813150354396,1.0,0.1791686407942041
0.7689639571708641,1.0,0.1790611477673327
0.7691147639873323,1.0,0.1790358633728321
0.7692655708038003,1.0,0.1788408493131487
0.7694163776202685,1.0,0.1787823482180942
0.7695671844367366,1.0,0.1786030918361936
0.7697179912532046,1.0,0.1784904188446971
0.7698687980696728,1.0,0.1784830157676283
0.7700196048861409,1.0,0.1783644790360452
0.7701704117026089,1.0,0.1781817577953375
0.7703212185190771,1.0,0.1780656341335823
0.7704720253355452,1.0,0.1780290184110086
0.7706228321520133,1.0,0.1779557797123423
0.7707736389684814,1.0,0.1779116624189215
0.7709244457849495,1.0,0.1778450756264042
0.7710752526014176,1.0,0.1778083508855767
0.7712260594178857,1.0,0.1777996221436341
0.7713768662343538,1.0,0.1777562632847046
0.7715276730508219,1.0,0.1776805750318961
0.77167847986729,1.0,0.1774805448469057
0.771829286683758,1.0,0.1773543069841781
0.7719800935002262,1.0,0.1771499359560803
0.7721309003166943,1.0,0.177104713300721
0.7722817071331625,1.0,0.1770654633782145
0.7724325139496305,1.0,0.1770321380130543
0.7725833207660986,1.0,0.1769984632915595
0.7727341275825668,1.0,0.1769370379495975
0.7728849343990348,1.0,0.1767555485049448
0.7730357412155029,1.0,0.1767491410493629
0.7731865480319711,1.0,0.1767233032337811
0.7733373548484391,1.0,0.1766915671630412
0.7734881616649073,1.0,0.17662908998031
0.7736389684813754,1.0,0.176462558408189
0.7737897752978434,1.0,0.1763199459714557
0.7739405821143116,1.0,0.1762786838888468
0.7740913889307797,1.0,0.1761622620448897
0.7742421957472477,1.0,0.1760696456368352
0.7743930025637159,1.0,0.1760643982717995
0.774543809380184,1.0,0.1760599963123545
0.7746946161966521,1.0,0.175865348683557
0.7748454230131202,1.0,0.1758629539262947
0.7749962298295883,1.0,0.1757408372643178
0.7751470366460564,1.0,0.1757087301883645
0.7752978434625245,1.0,0.1756801373424504
0.7754486502789926,1.0,0.175671730070322
0.7755994570954607,1.0,0.1755816439238603
0.7757502639119288,1.0,0.1754753766779883
0.7759010707283969,1.0,0.1754494830361309
0.776051877544865,1.0,0.1753438380105063
0.7762026843613331,1.0,0.1753321349253019
0.7763534911778013,1.0,0.1751480485289426
0.7765042979942693,1.0,0.1751267321062171
0.7766551048107374,1.0,0.1751005309033552
0.7768059116272056,1.0,0.1750068087092934
0.7769567184436736,1.0,0.1749909528635891
0.7771075252601417,1.0,0.1749893062255546
0.7772583320766099,1.0,0.174776705502222
0.7774091388930779,1.0,0.1747082129872935
0.7775599457095461,1.0,0.1746862292611611
0.7777107525260142,1.0,0.1746542204122162
0.7778615593424822,1.0,0.1745574901144224
0.7780123661589504,1.0,0.1743909048426718
0.7781631729754185,1.0,0.1743490912373513
0.7783139797918865,1.0,0.1743446600439913
0.7784647866083547,1.0,0.1743092433883495
0.7786155934248228,1.0,0.1742600517480275
0.778766400241291,1.0,0.1742119886201748
0.778917207057759,1.0,0.1741755487619497
0.7790680138742271,1.0,0.1741182347686511
0.7792188206906953,1.0,0.1740667960641481
0.7793696275071633,1.0,0.1740294617099052
0.7795204343236314,1.0,0.1739862894466685
0.7796712411400996,1.0,0.1738933308360177
0.7798220479565676,1.0,0.1738862577832692
0.7799728547730358,1.0,0.1738663107190988
0.7801236615895039,1.0,0.1738250342595734
0.7802744684059719,1.0,0.1738019140181039
0.7804252752224401,1.0,0.1736490988896237
0.7805760820389082,1.0,0.1734712652563317
0.7807268888553762,1.0,0.173438078844989
0.7808776956718444,1.0,0.1733418525139388
0.7810285024883125,1.0,0.1732546166216569
0.7811793093047805,1.0,0.1731648226203403
0.7813301161212487,1.0,0.1730768285829739
0.7814809229377168,1.0,0.1730724091271432
0.7816317297541849,1.0,0.1730433149399709
0.781782536570653,1.0,0.1729137442324538
0.7819333433871211,1.0,0.172874209003748
0.7820841502035892,1.0,0.1728683523815443
0.7822349570200573,1.0,0.1728001964707417
0.7823857638365254,1.0,0.1726271557081224
0.7825365706529935,1.0,0.1725056360632512
0.7826873774694616,1.0,0.1722891034415093
0.7828381842859298,1.0,0.1722691554931985
0.7829889911023978,1.0,0.172257194333652
0.7831397979188659,1.0,0.1720637119350825
0.7832906047353341,1.0,0.1719840382075245
0.7834414115518021,1.0,0.1719500074439509
0.7835922183682702,1.0,0.1719461197069475
0.7837430251847384,1.0,0.1717389612842359
0.7838938320012064,1.0,0.1715889010438467
0.7840446388176746,1.0,0.1715619850248525
0.7841954456341427,1.0,0.1714813382488872
0.7843462524506107,1.0,0.1713674671710178
0.7844970592670789,1.0,0.1709490117722848
0.784647866083547,1.0,0.1709162087718226
0.784798672900015,1.0,0.1708042105584724
0.7849494797164832,1.0,0.1707068242617605
0.7851002865329513,1.0,0.1706676444936765
0.7852510933494194,1.0,0.1706608904395322
0.7854019001658875,1.0,0.1705039155846663
0.7855527069823556,1.0,0.1704266701504579
0.7857035137988237,1.0,0.1701309143671065
0.7858543206152918,1.0,0.1700641318186077
0.7860051274317599,1.0,0.169846997502336
0.786155934248228,1.0,0.1698052308089873
0.7863067410646961,1.0,0.1697041698385972
0.7864575478811642,1.0,0.1696361172125028
0.7866083546976324,1.0,0.1695750307649287
0.7867591615141004,1.0,0.169343482285984
0.7869099683305686,1.0,0.1693370769933143
0.7870607751470367,1.0,0.1692722384548876
0.7872115819635047,1.0,0.1692277163226655
0.7873623887799729,1.0,0.169192280472695
0.787513195596441,1.0,0.1690918840432601
0.787664002412909,1.0,0.1690289782986814
0.7878148092293772,1.0,0.1689998689045531
0.7879656160458453,1.0,0.1688741692206413
0.7881164228623134,1.0,0.168774095845546
0.7882672296787815,1.0,0.1687497826610659
0.7884180364952496,1.0,0.1686300421377116
0.7885688433117177,1.0,0.1685580146006025
0.7887196501281858,1.0,0.1684436788206757
0.7888704569446539,1.0,0.1684425075287227
0.789021263761122,1.0,0.1681905096194319
0.7891720705775901,1.0,0.1681374676019871
0.7893228773940583,1.0,0.1681208510939575
0.7894736842105263,1.0,0.168116379611465
0.7896244910269944,1.0,0.168052635561361
0.7897752978434626,1.0,0.1679891140830645
0.7899261046599306,1.0,0.1679806219884972
0.7900769114763987,1.0,0.1679554917556535
0.7902277182928669,1.0,0.1679515521230782
0.7903785251093349,1.0,0.1679399748625973
0.790529331925803,1.0,0.1679034926563377
0.7906801387422712,1.0,0.1678190857701137
0.7908309455587392,1.0,0.1678180265859178
0.7909817523752074,1.0,0.1677774906636913
0.7911325591916755,1.0,0.1675849678418864
0.7912833660081435,1.0,0.1675264539620909
0.7914341728246117,1.0,0.1674315326625496
0.7915849796410798,1.0,0.16739756097981
0.7917357864575478,1.0,0.1673538069772402
0.791886593274016,1.0,0.1672908644612847
0.7920374000904841,1.0,0.167258669406653
0.7921882069069522,1.0,0.167213931798529
0.7923390137234203,1.0,0.1671650885230467
0.7924898205398884,1.0,0.1671606041404076
0.7926406273563565,1.0,0.1670789815949455
0.7927914341728246,1.0,0.1669500007623347
0.7929422409892927,1.0,0.1669407790014382
0.7930930478057608,1.0,0.1669353788528122
0.7932438546222289,1.0,0.1669193906555981
0.7933946614386971,1.0,0.1666645157862195
0.7935454682551651,1.0,0.1665848237988221
0.7936962750716332,1.0,0.1665005240660696
0.7938470818881014,1.0,0.1664755539487523
0.7939978887045694,1.0,0.1664306348422899
0.7941486955210375,1.0,0.1664049601519501
0.7942995023375057,1.0,0.1663963254174549
0.7944503091539737,1.0,0.1662775097008111
0.7946011159704419,1.0,0.1662687696013811
0.79475192278691,1.0,0.1660226742402873
0.794902729603378,1.0,0.1659967032349848
0.7950535364198462,1.0,0.1658947931529574
0.7952043432363143,1.0,0.1658824688984242
0.7953551500527823,1.0,0.1657443386170561
0.7955059568692505,1.0,0.1656967380597426
0.7956567636857186,1.0,0.1656524690759654
0.7958075705021866,1.0,0.1655672670799466
0.7959583773186548,1.0,0.1655482055996326
0.7961091841351229,1.0,0.1655471677080698
0.7962599909515911,1.0,0.1654753557381355
0.7964107977680591,1.0,0.1653486410888542
0.7965616045845272,1.0,0.165292891367366
0.7967124114009954,1.0,0.1652845564853781
0.7968632182174634,1.0,0.1652766926125785
0.7970140250339315,1.0,0.1652222370245705
0.7971648318503997,1.0,0.1648214620781263
0.7973156386668677,1.0,0.1647001038911277
0.7974664454833359,1.0,0.1646561448243578
0.797617252299804,1.0,0.1644510433355769
0.797768059116272,1.0,0.164432894738923
0.7979188659327402,1.0,0.1643440563077138
0.7980696727492083,1.0,0.1641999791052859
0.7982204795656763,1.0,0.1641997721927642
0.7983712863821445,1.0,0.1641183568726721
0.7985220931986126,1.0,0.1640405591485811
0.7986729000150807,1.0,0.1640031054977008
0.7988237068315488,1.0,0.1639021083658206
0.7989745136480169,1.0,0.1638143456445925
0.799125320464485,1.0,0.1638078867077487
0.7992761272809531,1.0,0.163667968862079
0.7994269340974212,1.0,0.1636495352161639
0.7995777409138893,1.0,0.1636290541480693
0.7997285477303574,1.0,0.163606101851813
0.7998793545468256,1.0,0.1635560466852131
0.8000301613632936,1.0,0.1632960160161461
0.8001809681797617,1.0,0.1632542016627293
0.8003317749962299,1.0,0.16323710936939
0.8004825818126979,1.0,0.1630319485197859
0.800633388629166,1.0,0.1629183995490829
0.8007841954456342,1.0,0.1629122999960437
0.8009350022621022,1.0,0.16282634364837
0.8010858090785703,1.0,0.1627587428743005
0.8012366158950385,1.0,0.162742858802529
0.8013874227115065,1.0,0.1625884657162733
0.8015382295279747,1.0,0.1625642043841883
0.8016890363444428,1.0,0.1625211998305277
0.8018398431609108,1.0,0.1622761819402934
0.801990649977379,1.0,0.1621929151522792
0.8021414567938471,1.0,0.1620257471984031
0.8022922636103151,1.0,0.1618497502088648
0.8024430704267833,1.0,0.1617655293455261
0.8025938772432514,1.0,0.1616216989507132
0.8027446840597195,1.0,0.1615759285949021
0.8028954908761876,1.0,0.1615740039999848
0.8030462976926557,1.0,0.1614231391853201
0.8031971045091238,1.0,0.1613346113996241
0.8033479113255919,1.0,0.1613242335833227
0.80349871814206,1.0,0.1613197054972077
0.8036495249585281,1.0,0.1612868470613372
0.8038003317749962,1.0,0.1612380216330707
0.8039511385914644,1.0,0.1610426651651876
0.8041019454079325,1.0,0.1609865555580573
0.8042527522244005,1.0,0.1609384658654755
0.8044035590408687,1.0,0.160925909662028
0.8045543658573368,1.0,0.1608442738330909
0.8047051726738048,1.0,0.1607960568363883
0.804855979490273,1.0,0.1606885138517724
0.805006786306741,1.0,0.1605245487395583
0.8051575931232091,1.0,0.1605082385948401
0.8053083999396773,1.0,0.1604958682408736
0.8054592067561454,1.0,0.1604183514669239
0.8056100135726135,1.0,0.1603261750975857
0.8057608203890816,1.0,0.1603147953982545
0.8059116272055497,1.0,0.1602579622635943
0.8060624340220178,1.0,0.1600086524476694
0.8062132408384859,1.0,0.1599736798557168
0.806364047654954,1.0,0.1598885742752155
0.8065148544714221,1.0,0.1598216815471145
0.8066656612878902,1.0,0.159786666357723
0.8068164681043584,1.0,0.1597824325930106
0.8069672749208264,1.0,0.1596425151789099
0.8071180817372945,1.0,0.1596422445262436
0.8072688885537627,1.0,0.1595508053371591
0.8074196953702307,1.0,0.1595496308058326
0.8075705021866988,1.0,0.159533686442037
0.807721309003167,1.0,0.1595296851458385
0.807872115819635,1.0,0.1594838821579353
0.8080229226361032,1.0,0.159419189445181
0.8081737294525713,1.0,0.1594007547902199
0.8083245362690393,1.0,0.1593257156760067
0.8084753430855075,1.0,0.1592961031169428
0.8086261499019756,1.0,0.1592903738319385
0.8087769567184436,1.0,0.1589989668355089
0.8089277635349118,1.0,0.1589382846166752
0.8090785703513799,1.0,0.1585005957796306
0.809229377167848,1.0,0.158471711418519
0.8093801839843161,1.0,0.1584368227494574
0.8095309908007842,1.0,0.1584342768744755
0.8096817976172523,1.0,0.1584211407833779
0.8098326044337204,1.0,0.1582857877547245
0.8099834112501885,1.0,0.1582328760333326
0.8101342180666566,1.0,0.1580931647171855
0.8102850248831247,1.0,0.1579904157727356
0.8104358316995928,1.0,0.1579157359729839
0.8105866385160609,1.0,0.1578414202728885
0.810737445332529,1.0,0.1577753855038493
0.8108882521489972,1.0,0.1577677840413466
0.8110390589654652,1.0,0.1576621502759412
0.8111898657819333,1.0,0.15757438214808
0.8113406725984015,1.0,0.1575674414023956
0.8114914794148695,1.0,0.1575320542344248
0.8116422862313376,1.0,0.1574089445479687
0.8117930930478058,1.0,0.1571210502953286
0.8119438998642738,1.0,0.1570105539871386
0.812094706680742,1.0,0.157007348523055
0.8122455134972101,1.0,0.157005286178308
0.8123963203136781,1.0,0.1569507078051809
0.8125471271301463,1.0,0.1569178126277881
0.8126979339466144,1.0,0.1568648263962221
0.8128487407630824,1.0,0.1567001224456009
0.8129995475795506,1.0,0.1566251329478773
0.8131503543960187,1.0,0.1566238669268893
0.8133011612124869,1.0,0.1565219793368775
0.8134519680289549,1.0,0.1564814451044965
0.813602774845423,1.0,0.1564182271539426
0.8137535816618912,1.0,0.1563927809228736
0.8139043884783592,1.0,0.1563664854553085
0.8140551952948273,1.0,0.1563061901680808
0.8142060021112955,1.0,0.1561501371513987
0.8143568089277635,1.0,0.1561191587987129
0.8145076157442317,1.0,0.1560835462499204
0.8146584225606998,1.0,0.1560101036488722
0.8148092293771678,1.0,0.1560005797543343
0.814960036193636,1.0,0.1557758494938018
0.8151108430101041,1.0,0.1557663547194143
0.8152616498265721,1.0,0.1555818009671407
0.8154124566430403,1.0,0.1555582669192851
0.8155632634595084,1.0,0.1554140886626024
0.8157140702759764,1.0,0.1553709372353298
0.8158648770924446,1.0,0.1552490198689728
0.8160156839089127,1.0,0.155194720749656
0.8161664907253808,1.0,0.1551757154002456
0.8163172975418489,1.0,0.1550417056248163
0.816468104358317,1.0,0.1549441237832367
0.8166189111747851,1.0,0.1547947209161093
0.8167697179912532,1.0,0.1545960924869326
0.8169205248077213,1.0,0.1545648770520866
0.8170713316241894,1.0,0.1545460064522705
0.8172221384406575,1.0,0.1545412572129076
0.8173729452571257,1.0,0.154474027563103
0.8175237520735937,1.0,0.1543798384753595
0.8176745588900618,1.0,0.1542062778289005
0.81782536570653,1.0,0.1541821217184085
0.817976172522998,1.0,0.154081972110491
0.8181269793394661,1.0,0.1540534135530181
0.8182777861559343,1.0,0.1540075421776014
0.8184285929724023,1.0,0.1538281621625681
0.8185793997888705,1.0,0.1537654456829567
0.8187302066053386,1.0,0.153756098527041
0.8188810134218066,1.0,0.1535922377642661
0.8190318202382748,1.0,0.1535892924802994
0.8191826270547429,1.0,0.1535848203010241
0.8193334338712109,1.0,0.1535638767721115
0.8194842406876791,1.0,0.1534175207250813
0.8196350475041472,1.0,0.1531771807706828
0.8197858543206152,1.0,0.1531279249050966
0.8199366611370834,1.0,0.1531062837989649
0.8200874679535515,1.0,0.1531021593151786
0.8202382747700196,1.0,0.1530987323090273
0.8203890815864877,1.0,0.1530278161257357
0.8205398884029558,1.0,0.1529798930094117
0.820690695219424,1.0,0.1527429586531392
0.820841502035892,1.0,0.1526687810686861
0.8209923088523601,1.0,0.1525108874884209
0.8211431156688282,1.0,0.1522215685989882
0.8212939224852963,1.0,0.1521973271130626
0.8214447293017645,1.0,0.1521818952935673
0.8215955361182326,1.0,0.1521815571520944
0.8217463429347006,1.0,0.1521718018112058
0.8218971497511688,1.0,0.1521634612347551
0.8220479565676369,1.0,0.151807890261525
0.8221987633841049,1.0,0.1517652776564997
0.8223495702005731,1.0,0.1516487991133906
0.8225003770170412,1.0,0.1513641494494058
0.8226511838335093,1.0,0.1513540268991751
0.8228019906499774,1.0,0.1510421575960288
0.8229527974664455,1.0,0.1509659411598163
0.8231036042829136,1.0,0.1508937222943162
0.8232544110993817,1.0,0.1508786321320595
0.8234052179158498,1.0,0.1508626706013009
0.8235560247323179,1.0,0.1508553410931984
0.823706831548786,1.0,0.1507440234051786
0.8238576383652542,1.0,0.1506301692443919
0.8240084451817222,1.0,0.1505309085853462
0.8241592519981903,1.0,0.1505257679060072
0.8243100588146585,1.0,0.1504071814961768
0.8244608656311265,1.0,0.1503210095455431
0.8246116724475946,1.0,0.1503164100441885
0.8247624792640628,1.0,0.1502870484293541
0.8249132860805308,1.0,0.1501265233968608
0.8250640928969989,1.0,0.1501221311062311
0.8252148997134671,1.0,0.1500688218775143
0.8253657065299351,1.0,0.14981325459106
0.8255165133464033,1.0,0.1497531527539577
0.8256673201628714,1.0,0.1497412039112666
0.8258181269793394,1.0,0.1496387833175803
0.8259689337958076,1.0,0.1496300815462968
0.8261197406122757,1.0,0.1495571719282213
0.8262705474287437,1.0,0.1494910550854721
0.8264213542452119,1.0,0.1494540327365018
0.82657216106168,1.0,0.1492991421233283
0.8267229678781481,1.0,0.1492775521824224
0.8268737746946162,1.0,0.1492599683629792
0.8270245815110843,1.0,0.1492441964060248
0.8271753883275524,1.0,0.1491575540842847
0.8273261951440205,1.0,0.1490744701474343
0.8274770019604886,1.0,0.1490527898988294
0.8276278087769567,1.0,0.1490221557132036
0.8277786155934248,1.0,0.1490161261684466
0.827929422409893,1.0,0.1490002388868695
0.828080229226361,1.0,0.1489647561002661
0.8282310360428291,1.0,0.1489535716831017
0.8283818428592973,1.0,0.1489083433965346
0.8285326496757653,1.0,0.1489082996697231
0.8286834564922334,1.0,0.148864749227646
0.8288342633087016,1.0,0.1488062356296466
0.8289850701251696,1.0,0.1487628076485032
0.8291358769416378,1.0,0.148692526458897
0.8292866837581059,1.0,0.1486153058943307
0.8294374905745739,1.0,0.1484784966333926
0.8295882973910421,1.0,0.1484071141282999
0.8297391042075102,1.0,0.1483696079935171
0.8298899110239782,1.0,0.1483240104538585
0.8300407178404464,1.0,0.1481870547234019
0.8301915246569145,1.0,0.1480791775767312
0.8303423314733825,1.0,0.148004653244528
0.8304931382898507,1.0,0.1480030470918814
0.8306439451063188,1.0,0.1479322213034558
0.830794751922787,1.0,0.1478554318332699
0.830945558739255,1.0,0.1478207704494247
0.8310963655557231,1.0,0.1477924489735566
0.8312471723721913,1.0,0.1475626455801742
0.8313979791886593,1.0,0.147509373841326
0.8315487860051274,1.0,0.1474979932852105
0.8316995928215956,1.0,0.1474935347765572
0.8318503996380636,1.0,0.1474101271306154
0.8320012064545318,1.0,0.1473342527669996
0.8321520132709999,1.0,0.147237419892604
0.8323028200874679,1.0,0.1471783139863466
0.8324536269039361,1.0,0.1471083859606846
0.8326044337204042,1.0,0.147062037111905
0.8327552405368722,1.0,0.1470584228510987
0.8329060473533404,1.0,0.1470424439129772
0.8330568541698085,1.0,0.1468778168472026
0.8332076609862766,1.0,0.1468534206034583
0.8333584678027447,1.0,0.146781850002227
0.8335092746192128,1.0,0.1466380984743383
0.8336600814356809,1.0,0.1464531763474927
0.833810888252149,1.0,0.146387011050694
0.8339616950686171,1.0,0.1463709201624174
0.8341125018850852,1.0,0.1463055842531839
0.8342633087015533,1.0,0.1460002574636514
0.8344141155180214,1.0,0.1459924993353716
0.8345649223344895,1.0,0.145819279605804
0.8347157291509576,1.0,0.1457752575864225
0.8348665359674258,1.0,0.1457285563057388
0.8350173427838938,1.0,0.1455631368378704
0.8351681496003619,1.0,0.1455465171845817
0.8353189564168301,1.0,0.1455268260844007
0.8354697632332981,1.0,0.1455155529791701
0.8356205700497662,1.0,0.1454723566191946
0.8357713768662344,1.0,0.1453830442435066
0.8359221836827024,1.0,0.1453134718486926
0.8360729904991706,1.0,0.1452286550035558
0.8362237973156387,1.0,0.1451083530411427
0.8363746041321067,1.0,0.144874742408157
0.8365254109485749,1.0,0.1446908028045065
0.836676217765043,1.0,0.1446836425036992
0.836827024581511,1.0,0.144573515420765
0.8369778313979792,1.0,0.1445432475492976
0.8371286382144473,1.0,0.1444863303498059
0.8372794450309154,1.0,0.1443635712429443
0.8374302518473835,1.0,0.1443381470437816
0.8375810586638516,1.0,0.1442340005707697
0.8377318654803197,1.0,0.144211112320021
0.8378826722967878,1.0,0.1442065773878884
0.8380334791132559,1.0,0.1442023786663346
0.838184285929724,1.0,0.1441671290308752
0.8383350927461921,1.0,0.1441353605478093
0.8384858995626603,1.0,0.1440835171239305
0.8386367063791283,1.0,0.1440639150925555
0.8387875131955964,1.0,0.143958872130566
0.8389383200120646,1.0,0.1439369682588053
0.8390891268285326,1.0,0.14373240737155
0.8392399336450007,1.0,0.143711518662525
0.8393907404614689,1.0,0.1436085168659443
0.839541547277937,1.0,0.1434129140314998
0.839692354094405,1.0,0.1432410709963495
0.8398431609108732,1.0,0.1431927019957397
0.8399939677273413,1.0,0.1430899666793848
0.8401447745438094,1.0,0.1430875694972378
0.8402955813602775,1.0,0.1430168763035095
0.8404463881767456,1.0,0.1426925306693443
0.8405971949932137,1.0,0.1426768267738757
0.8407480018096818,1.0,0.1425787210596607
0.8408988086261499,1.0,0.1424568574913695
0.841049615442618,1.0,0.1423632063682422
0.8412004222590861,1.0,0.1422324847910566
0.8413512290755543,1.0,0.1420725003153054
0.8415020358920223,1.0,0.1419784635185703
0.8416528427084904,1.0,0.1419365050008611
0.8418036495249586,1.0,0.141910229341652
0.8419544563414266,1.0,0.1419088723028701
0.8421052631578947,1.0,0.1419063797421214
0.8422560699743629,1.0,0.1418081851451879
0.8424068767908309,1.0,0.1418016339014725
0.8425576836072991,1.0,0.1415694558988006
0.8427084904237672,1.0,0.1414617566119777
0.8428592972402352,1.0,0.1414340436338146
0.8430101040567034,1.0,0.141068125395823
0.8431609108731715,1.0,0.1406804127489412
0.8433117176896395,1.0,0.1406325560136157
0.8434625245061077,1.0,0.1405912704579436
0.8436133313225758,1.0,0.1405700692547722
0.8437641381390439,1.0,0.1405253697244241
0.843914944955512,1.0,0.1403109090980599
0.8440657517719801,1.0,0.1403030162256042
0.8442165585884482,1.0,0.1402358832187856
0.8443673654049163,1.0,0.1402021275815396
0.8445181722213844,1.0,0.1400146299704888
0.8446689790378525,1.0,0.1399485733605579
0.8448197858543206,1.0,0.1398963514295063
0.8449705926707887,1.0,0.1398960481594811
0.8451213994872568,1.0,0.1398833259971395
0.8452722063037249,1.0,0.1398293782473194
0.8454230131201931,1.0,0.1397829184636952
0.8455738199366611,1.0,0.1396719443454348
0.8457246267531292,1.0,0.1393764301411086
0.8458754335695974,1.0,0.1393715150384904
0.8460262403860654,1.0,0.1393402919546904
0.8461770472025335,1.0,0.1393268865307596
0.8463278540190017,1.0,0.1392976792652873
0.8464786608354697,1.0,0.139224562846572
0.8466294676519379,1.0,0.1392228616896231
0.846780274468406,1.0,0.1391794373858012
0.846931081284874,1.0,0.139137609639533
0.8470818881013422,1.0,0.139014915064175
0.8472326949178103,1.0,0.1389987699066573
0.8473835017342783,1.0,0.1388621818155795
0.8475343085507465,1.0,0.1388157865476354
0.8476851153672146,1.0,0.1387649281362619
0.8478359221836828,1.0,0.1387536663729066
0.8479867290001508,1.0,0.1386542452187016
0.8481375358166189,1.0,0.1385386113404147
0.8482883426330871,1.0,0.1385121731276459
0.8484391494495551,1.0,0.1383319374942552
0.8485899562660232,1.0,0.1383099329179798
0.8487407630824914,1.0,0.1382025842317004
0.8488915698989594,1.0,0.1381862327954632
0.8490423767154275,1.0,0.1381466072636396
0.8491931835318957,1.0,0.1379224301894218
0.8493439903483637,1.0,0.1379002233288
0.8494947971648319,1.0,0.1378258270146574
0.8496456039813,1.0,0.137434483355805
0.849796410797768,1.0,0.1373872455504176
0.8499472176142362,1.0,0.1373115712004556
0.8500980244307043,1.0,0.1372803306138754
0.8502488312471723,1.0,0.1370462934704051
0.8503996380636405,1.0,0.1369221007171253
0.8505504448801086,1.0,0.1368702615424265
0.8507012516965767,1.0,0.136791568958639
0.8508520585130448,1.0,0.1367293172780687
0.8510028653295129,1.0,0.136681110359654
0.851153672145981,1.0,0.1365258996078085
0.8513044789624491,1.0,0.1364648419570097
0.8514552857789172,1.0,0.136424694733134
0.8516060925953853,1.0,0.1362135359574527
0.8517568994118534,1.0,0.1361647041977575
0.8519077062283216,1.0,0.1360555247348565
0.8520585130447896,1.0,0.1360507055116109
0.8522093198612577,1.0,0.1358083606306366
0.8523601266777259,1.0,0.135699153633266
0.8525109334941939,1.0,0.1356663062382637
0.852661740310662,1.0,0.1353307757925895
0.8528125471271302,1.0,0.135107877287391
0.8529633539435982,1.0,0.1349494586588625
0.8531141607600664,1.0,0.1349357901805733
0.8532649675765345,1.0,0.1349267164669751
0.8534157743930025,1.0,0.1348152263843612
0.8535665812094707,1.0,0.1346241121820188
0.8537173880259388,1.0,0.134606994599148
0.8538681948424068,1.0,0.1345595357692265
0.854019001658875,1.0,0.1344117084802602
0.8541698084753431,1.0,0.1342856565930376
0.8543206152918111,1.0,0.1342498823537352
0.8544714221082793,1.0,0.1342231975814397
0.8546222289247474,1.0,0.1341205225597944
0.8547730357412155,1.0,0.1340957763606723
0.8549238425576836,1.0,0.134065807565822
0.8550746493741517,1.0,0.133953462608527
0.8552254561906198,1.0,0.1336681669157291
0.8553762630070879,1.0,0.133628665047415
0.855527069823556,1.0,0.133611804903514
0.8556778766400241,1.0,0.1336098524448326
0.8558286834564922,1.0,0.1336045957016115
0.8559794902729604,1.0,0.1334070845792346
0.8561302970894284,1.0,0.1333218034968864
0.8562811039058965,1.0,0.1333044727684347
0.8564319107223647,1.0,0.1331412943258431
0.8565827175388327,1.0,0.1330123550928665
0.8567335243553008,1.0,0.1329651535095173
0.856884331171769,1.0,0.1327446120085298
0.857035137988237,1.0,0.1327303974365602
0.8571859448047052,1.0,0.1326565364042009
0.8573367516211733,1.0,0.132655762792424
0.8574875584376414,1.0,0.1326529585811673
0.8576383652541095,1.0,0.1325370382692456
0.8577891720705776,1.0,0.13238437395859
0.8579399788870457,1.0,0.1323684936430091
0.8580907857035138,1.0,0.132298360665392
0.8582415925199819,1.0,0.132242561974144
0.8583923993364501,1.0,0.1321917707320983
0.8585432061529181,1.0,0.1321593981669895
0.8586940129693862,1.0,0.1321106217866915
0.8588448197858544,1.0,0.1320084935146944
0.8589956266023224,1.0,0.13185640130566
0.8591464334187905,1.0,0.1316315983419032
0.8592972402352587,1.0,0.1316005990484907
0.8594480470517267,1.0,0.1315291566856975
0.8595988538681948,1.0,0.1314753981495018
0.859749660684663,1.0,0.1314615334659162
0.859900467501131,1.0,0.1313641045999856
0.8600512743175992,1.0,0.1312661669552871
0.8602020811340673,1.0,0.1310640328836938
0.8603528879505353,1.0,0.1310455714481377
0.8605036947670035,1.0,0.1310338793275471
0.8606545015834716,1.0,0.1310239458302271
0.8608053083999396,1.0,0.1309715515268096
0.8609561152164078,1.0,0.1309107929082222
0.8611069220328759,1.0,0.1306645849855436
0.861257728849344,1.0,0.1306443079730506
0.8614085356658121,1.0,0.1305640391612914
0.8615593424822802,1.0,0.1304813883104827
0.8617101492987483,1.0,0.1302763746083425
0.8618609561152164,1.0,0.1302675349507383
0.8620117629316845,1.0,0.1301398595241977
0.8621625697481526,1.0,0.1301085233305238
0.8623133765646207,1.0,0.1300556904739398
0.8624641833810889,1.0,0.1299355048713512
0.8626149901975569,1.0,0.1298413581247637
0.862765797014025,1.0,0.1297728515068484
0.8629166038304932,1.0,0.1297676993286005
0.8630674106469612,1.0,0.1297554825446285
0.8632182174634293,1.0,0.1297005659598519
0.8633690242798975,1.0,0.1296868162038485
0.8635198310963655,1.0,0.1296600058844419
0.8636706379128336,1.0,0.1295686592918668
0.8638214447293018,1.0,0.1294364776945039
0.8639722515457698,1.0,0.129269814868165
0.864123058362238,1.0,0.129203908420831
0.8642738651787061,1.0,0.1291391603668206
0.8644246719951741,1.0,0.1291338445303937
0.8645754788116423,1.0,0.1290682161230398
0.8647262856281104,1.0,0.1289863632713484
0.8648770924445784,1.0,0.1289816039167497
0.8650278992610466,1.0,0.1289348130524521
0.8651787060775147,1.0,0.1288080873533657
0.8653295128939829,1.0,0.1286761651161943
0.8654803197104509,1.0,0.1285891696839042
0.865631126526919,1.0,0.1284575835901804
0.8657819333433872,1.0,0.1284059464891978
0.8659327401598552,1.0,0.1283822073306129
0.8660835469763233,1.0,0.1280173848933046
0.8662343537927915,1.0,0.1279619582858632
0.8663851606092595,1.0,0.1279009648896737
0.8665359674257277,1.0,0.1278928055713961
0.8666867742421958,1.0,0.1278517879849222
0.8668375810586638,1.0,0.1277948850252747
0.866988387875132,1.0,0.1275833818005854
0.8671391946916001,1.0,0.1275341901210061
0.8672900015080681,1.0,0.1274391345241411
0.8674408083245363,1.0,0.1273944671638071
0.8675916151410044,1.0,0.127302093246898
0.8677424219574725,1.0,0.1272495232387588
0.8678932287739406,1.0,0.1271224197641969
0.8680440355904087,1.0,0.1270995676515442
0.8681948424068768,1.0,0.1270529732448514
0.8683456492233449,1.0,0.1270456138528485
0.868496456039813,1.0,0.1269234083891265
0.8686472628562811,1.0,0.1268750962288435
0.8687980696727492,1.0,0.1268235095576517
0.8689488764892173,1.0,0.1268230182240227
0.8690996833056854,1.0,0.1268021612805019
0.8692504901221535,1.0,0.1267783563879553
0.8694012969386217,1.0,0.1266610018123818
0.8695521037550897,1.0,0.1266479116289621
0.8697029105715578,1.0,0.1266121197659207
0.869853717388026,1.0,0.1265759656966661
0.870004524204494,1.0,0.1265752282760642
0.8701553310209621,1.0,0.1263339072278059
0.8703061378374303,1.0,0.126182079985259
0.8704569446538983,1.0,0.1261142488730031
0.8706077514703665,1.0,0.125982930830701
0.8707585582868346,1.0,0.125795059925449
0.8709093651033026,1.0,0.1256905586036622
0.8710601719197708,1.0,0.1254230595356744
0.8712109787362389,1.0,0.1254129316827357
0.8713617855527069,1.0,0.1253206881275993
0.8715125923691751,1.0,0.1253196051893111
0.8716633991856432,1.0,0.1252012259287325
0.8718142060021113,1.0,0.1250599037726569
0.8719650128185794,1.0,0.1249273565669702
0.8721158196350475,1.0,0.1249171640517116
0.8722666264515156,1.0,0.1245937165538816
0.8724174332679837,1.0,0.1245784912623752
0.8725682400844518,1.0,0.124472872681624
0.87271904690092,1.0,0.1243879519618499
0.872869853717388,1.0,0.1242913042336162
0.8730206605338562,1.0,0.1242482307559009
0.8731714673503242,1.0,0.1241974510928178
0.8733222741667923,1.0,0.124190455931988
0.8734730809832605,1.0,0.1240540067902106
0.8736238877997285,1.0,0.1239664500096008
0.8737746946161966,1.0,0.1238724683083381
0.8739255014326648,1.0,0.1238361074154413
0.8740763082491328,1.0,0.1238053488348337
0.8742271150656009,1.0,0.1236084556552761
0.8743779218820691,1.0,0.1234830972424823
0.8745287286985371,1.0,0.1234648511838982
0.8746795355150053,1.0,0.1233717150114215
0.8748303423314734,1.0,0.1233032687345844
0.8749811491479415,1.0,0.1230085134902448
0.8751319559644096,1.0,0.1229917598873282
0.8752827627808777,1.0,0.1225498003392622
0.8754335695973458,1.0,0.1224510107789684
0.8755843764138139,1.0,0.1223448834637091
0.875735183230282,1.0,0.1223081002877375
0.8758859900467502,1.0,0.1222918668505191
0.8760367968632182,1.0,0.1222428129673872
0.8761876036796863,1.0,0.122112608459079
0.8763384104961545,1.0,0.1220536521295151
0.8764892173126225,1.0,0.1217148539435966
0.8766400241290906,1.0,0.121667044432462
0.8767908309455588,1.0,0.1215603085404736
0.8769416377620268,1.0,0.1214136104242978
0.877092444578495,1.0,0.1214011364274796
0.8772432513949631,1.0,0.1213579306078007
0.8773940582114311,1.0,0.1213420468710611
0.8775448650278993,1.0,0.1213233476000435
0.8776956718443674,1.0,0.1212701714034667
0.8778464786608354,1.0,0.1212352909378871
0.8779972854773036,1.0,0.1211980219461982
0.8781480922937717,1.0,0.1211897573267064
0.8782988991102397,1.0,0.1210487882495561
0.8784497059267079,1.0,0.121028864962185
0.878600512743176,1.0,0.1209232476665184
0.8787513195596441,1.0,0.1208932026833176
0.8789021263761122,1.0,0.1206297400674653
0.8790529331925803,1.0,0.120535701536191
0.8792037400090484,1.0,0.1204666141252286
0.8793545468255165,1.0,0.120399735942055
0.8795053536419846,1.0,0.1202513166542184
0.8796561604584527,1.0,0.1202321472560803
0.8798069672749208,1.0,0.1202227598719234
0.879957774091389,1.0,0.1200207184286074
0.880108580907857,1.0,0.1199942076405665
0.8802593877243251,1.0,0.1198253453958568
0.8804101945407933,1.0,0.1197707865017086
0.8805610013572613,1.0,0.119751183408707
0.8807118081737294,1.0,0.1197181943688284
0.8808626149901976,1.0,0.119611969370222
0.8810134218066656,1.0,0.1195277258245156
0.8811642286231338,1.0,0.119439519210563
0.8813150354396019,1.0,0.1193061030397663
0.8814658422560699,1.0,0.1192520264359624
0.8816166490725381,1.0,0.1190567457355218
0.8817674558890062,1.0,0.1190390115625049
0.8819182627054742,1.0,0.1189996939322904
0.8820690695219424,1.0,0.1189484715423212
0.8822198763384105,1.0,0.118803858797434
0.8823706831548787,1.0,0.1186318064842194
0.8825214899713467,1.0,0.1185877662256676
0.8826722967878148,1.0,0.1185586273832487
0.882823103604283,1.0,0.1184972184519997
0.882973910420751,1.0,0.1184472049329055
0.8831247172372191,1.0,0.1183432170347087
0.8832755240536873,1.0,0.1182729425773993
0.8834263308701553,1.0,0.1182398068017372
0.8835771376866234,1.0,0.1182054487805038
0.8837279445030916,1.0,0.1181812013885687
0.8838787513195596,1.0,0.1181467156196545
0.8840295581360278,1.0,0.1181425368613575
0.8841803649524959,1.0,0.1181315178249461
0.8843311717689639,1.0,0.1180917783331113
0.8844819785854321,1.0,0.1180549507799836
0.8846327854019002,1.0,0.1180014354929621
0.8847835922183682,1.0,0.1179571927820212
0.8849343990348364,1.0,0.1179454328787946
0.8850852058513045,1.0,0.117807846329583
0.8852360126677726,1.0,0.117629362864683
0.8853868194842407,1.0,0.1176279943086407
0.8855376263007088,1.0,0.1175923656415391
0.8856884331171769,1.0,0.1175645691604257
0.885839239933645,1.0,0.1174668566899121
0.8859900467501131,1.0,0.1174622197165624
0.8861408535665812,1.0,0.1173068916693491
0.8862916603830493,1.0,0.1172896766906529
0.8864424671995175,1.0,0.116959633361557
0.8865932740159855,1.0,0.1169546847787226
0.8867440808324536,1.0,0.1168684234160123
0.8868948876489218,1.0,0.1167166101987872
0.8870456944653898,1.0,0.1166108425636474
0.8871965012818579,1.0,0.1165969267195592
0.8873473080983261,1.0,0.1165042214294335
0.8874981149147941,1.0,0.1164858621658087
0.8876489217312623,1.0,0.116454871200962
0.8877997285477304,1.0,0.1163261890147657
0.8879505353641984,1.0,0.1162213135700253
0.8881013421806666,1.0,0.1161939816303639
0.8882521489971347,1.0,0.1160743455753554
0.8884029558136027,1.0,0.1159625778974723
0.8885537626300709,1.0,0.1158884334987379
0.888704569446539,1.0,0.1155697717895165
0.888855376263007,1.0,0.11538136804641
0.8890061830794752,1.0,0.1153257337336751
0.8891569898959433,1.0,0.1152968446462115
0.8893077967124114,1.0,0.11529420097463
0.8894586035288795,1.0,0.1152420657867654
0.8896094103453476,1.0,0.1151176285921751
0.8897602171618157,1.0,0.1151105717987052
0.8899110239782838,1.0,0.1150555439275628
0.8900618307947519,1.0,0.1148001200636208
0.89021263761122,1.0,0.1147340207849332
0.8903634444276881,1.0,0.1147271881367175
0.8905142512441563,1.0,0.1146748868683453
0.8906650580606243,1.0,0.1145908843861273
0.8908158648770924,1.0,0.1145817802561155
0.8909666716935606,1.0,0.1144725030121535
0.8911174785100286,1.0,0.1144537285731021
0.8912682853264967,1.0,0.1144483387545357
0.8914190921429649,1.0,0.114355114804964
0.891569898959433,1.0,0.1143263923817049
0.8917207057759011,1.0,0.1142283161464072
0.8918715125923692,1.0,0.1140641187752926
0.8920223194088372,1.0,0.1134855615267558
0.8921731262253054,1.0,0.1134241950858923
0.8923239330417735,1.0,0.1132775230915869
0.8924747398582416,1.0,0.1132414857205944
0.8926255466747097,1.0,0.112784018441185
0.8927763534911778,1.0,0.1127377882133604
0.8929271603076459,1.0,0.1126747802997621
0.893077967124114,1.0,0.1126478902782775
0.8932287739405821,1.0,0.112608174515499
0.8933795807570503,1.0,0.1125768461227929
0.8935303875735183,1.0,0.1125051035534868
0.8936811943899864,1.0,0.1122353056448878
0.8938320012064546,1.0,0.1120703676178935
0.8939828080229226,1.0,0.1120640467866683
0.8941336148393907,1.0,0.1120569712604397
0.8942844216558589,1.0,0.111908651592697
0.8944352284723269,1.0,0.11190513418523
0.8945860352887951,1.0,0.1117030541368512
0.8947368421052632,1.0,0.1116279214938601
0.8948876489217312,1.0,0.1115396210251924
0.8950384557381994,1.0,0.1112966844698907
0.8951892625546675,1.0,0.1112711612027321
0.8953400693711355,1.0,0.1109856892237479
0.8954908761876037,1.0,0.1108343810137671
0.8956416830040718,1.0,0.1108096540431231
0.8957924898205399,1.0,0.1107299560732119
0.895943296637008,1.0,0.1107152538899837
0.8960941034534761,1.0,0.1106507782560145
0.8962449102699442,1.0,0.1106065840233719
0.8963957170864123,1.0,0.1104559192562525
0.8965465239028804,1.0,0.1103313112327467
0.8966973307193485,1.0,0.110090325203479
0.8968481375358166,1.0,0.1099458010724519
0.8969989443522848,1.0,0.1099271410435963
0.8971497511687528,1.0,0.1097125082944122
0.8973005579852209,1.0,0.1096887749724925
0.8974513648016891,1.0,0.1095257933020417
0.8976021716181571,1.0,0.1095179950103249
0.8977529784346252,1.0,0.1093292537715822
0.8979037852510934,1.0,0.1093169501680484
0.8980545920675614,1.0,0.1092185247464768
0.8982053988840295,1.0,0.1091814930329536
0.8983562057004977,1.0,0.1090838631375445
0.8985070125169657,1.0,0.109031632808483
0.8986578193334339,1.0,0.1090248220809047
0.898808626149902,1.0,0.1089097598292672
0.89895943296637,1.0,0.1088498282140038
0.8991102397828382,1.0,0.1088207125319781
0.8992610465993063,1.0,0.1087302164625258
0.8994118534157743,1.0,0.108722987706808
0.8995626602322425,1.0,0.1087205943773094
0.8997134670487106,1.0,0.1087125002486616
0.8998642738651788,1.0,0.108710500510501
0.9000150806816468,1.0,0.1086935066025727
0.9001658874981149,1.0,0.1086760389568741
0.900316694314583,1.0,0.1086364979943589
0.9004675011310511,1.0,0.1084645380003798
0.9006183079475192,1.0,0.1083089716553056
0.9007691147639874,1.0,0.1079688151239051
0.9009199215804554,1.0,0.1077821045149105
0.9010707283969236,1.0,0.1075230404267097
0.9012215352133917,1.0,0.1074750897473045
0.9013723420298597,1.0,0.1074007989441738
0.9015231488463279,1.0,0.1073703832667853
0.901673955662796,1.0,0.1072649137335544
0.901824762479264,1.0,0.1069172169107362
0.9019755692957322,1.0,0.106709727047773
0.9021263761122003,1.0,0.1065980508267262
0.9022771829286684,1.0,0.1065632407795387
0.9024279897451365,1.0,0.1065609818599507
0.9025787965616046,1.0,0.1064426954615524
0.9027296033780727,1.0,0.1060497564129769
0.9028804101945408,1.0,0.106028894167104
0.9030312170110089,1.0,0.1059974238586832
0.903182023827477,1.0,0.1059513433825333
0.9033328306439451,1.0,0.1059019856775207
0.9034836374604132,1.0,0.1058542179783105
0.9036344442768813,1.0,0.1058345943614064
0.9037852510933494,1.0,0.1056667479295558
0.9039360579098176,1.0,0.105443024417491
0.9040868647262856,1.0,0.1054311108150233
0.9042376715427537,1.0,0.1054196377584182
0.9043884783592219,1.0,0.1053319552386992
0.9045392851756899,1.0,0.105247732642358
0.904690091992158,1.0,0.105232102935004
0.9048408988086262,1.0,0.1051749429873605
0.9049917056250942,1.0,0.1051345669289524
0.9051425124415624,1.0,0.1046402879235548
0.9052933192580305,1.0,0.1046132652824357
0.9054441260744985,1.0,0.1043784797445757
0.9055949328909667,1.0,0.1042997377441836
0.9057457397074348,1.0,0.1042025841474473
0.9058965465239028,1.0,0.1040505692979726
0.906047353340371,1.0,0.1040206917928111
0.9061981601568391,1.0,0.1039483861295542
0.9063489669733072,1.0,0.10389088326184
0.9064997737897753,1.0,0.1038130205531473
0.9066505806062434,1.0,0.1036840256020905
0.9068013874227115,1.0,0.103552173399408
0.9069521942391796,1.0,0.1035153596976203
0.9071030010556477,1.0,0.1030535797286182
0.9072538078721158,1.0,0.1030313349807562
0.9074046146885839,1.0,0.1029987582558764
0.907555421505052,1.0,0.1028856784868178
0.9077062283215201,1.0,0.1028425396114293
0.9078570351379882,1.0,0.1027827619350396
0.9080078419544564,1.0,0.1026057654232756
0.9081586487709244,1.0,0.102569368675277
0.9083094555873925,1.0,0.102546966303846
0.9084602624038607,1.0,0.102455825895734
0.9086110692203287,1.0,0.1024191521389886
0.9087618760367968,1.0,0.1022361881067336
0.908912682853265,1.0,0.1022151525395224
0.909063489669733,1.0,0.1019702738663708
0.9092142964862012,1.0,0.10170258726452
0.9093651033026693,1.0,0.1011681567493301
0.9095159101191373,1.0,0.1009173154907634
0.9096667169356055,1.0,0.1008704755935558
0.9098175237520736,1.0,0.1008703610003187
0.9099683305685417,1.0,0.1008264355882871
0.9101191373850098,1.0,0.1008102956938651
0.9102699442014779,1.0,0.1007764095559575
0.9104207510179461,1.0,0.1007741545913909
0.9105715578344141,1.0,0.1005656651985536
0.9107223646508822,1.0,0.1005418225976707
0.9108731714673504,1.0,0.1004107765025218
0.9110239782838184,1.0,0.1002955181732067
0.9111747851002865,1.0,0.1002054208940711
0.9113255919167547,1.0,0.1001729246707492
0.9114763987332227,1.0,0.1001092386770573
0.9116272055496909,1.0,0.100107941393924
0.911778012366159,1.0,0.1000878461739891
0.911928819182627,1.0,0.0999693210228488
0.9120796259990952,1.0,0.0999643290197032
0.9122304328155633,1.0,0.0996146301667571
0.9123812396320313,1.0,0.099554245930336
0.9125320464484995,1.0,0.0995151779191927
0.9126828532649676,1.0,0.0993265469023322
0.9128336600814356,1.0,0.0991451189874939
0.9129844668979038,1.0,0.0991412272874132
0.9131352737143719,1.0,0.0990863827790493
0.91328608053084,1.0,0.09902440842588
0.9134368873473081,1.0,0.099017082577211
0.9135876941637762,1.0,0.0989390467394172
0.9137385009802443,1.0,0.098929553839686
0.9138893077967124,1.0,0.0988494474679027
0.9140401146131805,1.0,0.0988349323344651
0.9141909214296486,1.0,0.0988203166160169
0.9143417282461167,1.0,0.0987290797808794
0.9144925350625849,1.0,0.0984382948065198
0.9146433418790529,1.0,0.0984124536678618
0.914794148695521,1.0,0.0984022885420035
0.9149449555119892,1.0,0.0982606984818629
0.9150957623284572,1.0,0.0981880197202732
0.9152465691449253,1.0,0.098051905767739
0.9153973759613935,1.0,0.0980159807365256
0.9155481827778615,1.0,0.0979333606954732
0.9156989895943297,1.0,0.0979212838499571
0.9158497964107978,1.0,0.0975624154212152
0.9160006032272658,1.0,0.097450761816697
0.916151410043734,1.0,0.0972900337493343
0.9163022168602021,1.0,0.0971525872575356
0.9164530236766701,1.0,0.0970865013886845
0.9166038304931383,1.0,0.0970565386507512
0.9167546373096064,1.0,0.0969837410431941
0.9169054441260746,1.0,0.0969348692341956
0.9170562509425426,1.0,0.0969279501044142
0.9172070577590107,1.0,0.0968437902512816
0.9173578645754789,1.0,0.0967962832848674
0.9175086713919469,1.0,0.0967105194760572
0.917659478208415,1.0,0.096639057385692
0.9178102850248832,1.0,0.0965170044274844
0.9179610918413512,1.0,0.0962842255166697
0.9181118986578193,1.0,0.096247392959473
0.9182627054742875,1.0,0.0961270143398475
0.9184135122907555,1.0,0.0961171293982966
0.9185643191072237,1.0,0.0960502820461132
0.9187151259236918,1.0,0.0958798155423315
0.9188659327401598,1.0,0.0958287104010508
0.919016739556628,1.0,0.0956549106397732
0.9191675463730961,1.0,0.0955610685365971
0.9193183531895641,1.0,0.0955434020541164
0.9194691600060323,1.0,0.0954740059948984
0.9196199668225004,1.0,0.095427988230402
0.9197707736389685,1.0,0.0952261915200978
0.9199215804554366,1.0,0.0951904933797158
0.9200723872719047,1.0,0.0947682994395413
0.9202231940883728,1.0,0.0947456903834775
0.9203740009048409,1.0,0.094723833465489
0.920524807721309,1.0,0.0945728780111984
0.9206756145377771,1.0,0.0944099383479273
0.9208264213542452,1.0,0.0943977152843755
0.9209772281707134,1.0,0.0942843414308528
0.9211280349871814,1.0,0.0938551354675974
0.9212788418036495,1.0,0.09373716319927
0.9214296486201177,1.0,0.0937272464685624
0.9215804554365857,1.0,0.0934803838183163
0.9217312622530538,1.0,0.0934060883711067
0.921882069069522,1.0,0.0933407796810902
0.92203287588599,1.0,0.0933146138770501
0.9221836827024581,1.0,0.0932571836817938
0.9223344895189263,1.0,0.0931384666845358
0.9224852963353943,1.0,0.0930523974437349
0.9226361031518625,1.0,0.0930216771378173
0.9227869099683306,1.0,0.092964853053015
0.9229377167847986,1.0,0.0928107832970463
0.9230885236012668,1.0,0.0927680235765626
0.9232393304177349,1.0,0.09257886729353
0.9233901372342029,1.0,0.0924915551893988
0.9235409440506711,1.0,0.0922938470721653
0.9236917508671392,1.0,0.0922471054275081
0.9238425576836073,1.0,0.0922374019927267
0.9239933645000754,1.0,0.0921682149654517
0.9241441713165435,1.0,0.0921577247642754
0.9242949781330116,1.0,0.0921529981658081
0.9244457849494797,1.0,0.0921309898323604
0.9245965917659478,1.0,0.0917385950004879
0.924747398582416,1.0,0.0916688465882594
0.924898205398884,1.0,0.0915493576785156
0.9250490122153522,1.0,0.0914041354545602
0.9251998190318202,1.0,0.0913719696328092
0.9253506258482883,1.0,0.0913278468925325
0.9255014326647565,1.0,0.091278770238134
0.9256522394812245,1.0,0.0911382025492734
0.9258030462976926,1.0,0.0910980797286256
0.9259538531141608,1.0,0.0909829152402364
0.9261046599306288,1.0,0.0909541021076434
0.926255466747097,1.0,0.0909057369349531
0.9264062735635651,1.0,0.0909019741683405
0.9265570803800331,1.0,0.0907243229188381
0.9267078871965013,1.0,0.090651140601884
0.9268586940129694,1.0,0.0904897771928577
0.9270095008294374,1.0,0.0904696846267477
0.9271603076459056,1.0,0.0903849962263033
0.9273111144623737,1.0,0.090022300696386
0.9274619212788417,1.0,0.0897761058316023
0.9276127280953099,1.0,0.0897492016972895
0.927763534911778,1.0,0.0896798911065806
0.9279143417282462,1.0,0.0896124913490084
0.9280651485447142,1.0,0.089590329672543
0.9282159553611823,1.0,0.0895696401906022
0.9283667621776505,1.0,0.0895603637877419
0.9285175689941185,1.0,0.0895037504452954
0.9286683758105866,1.0,0.0894525805627347
0.9288191826270548,1.0,0.0893696841203919
0.9289699894435228,1.0,0.0893570082461268
0.929120796259991,1.0,0.0891779593757841
0.9292716030764591,1.0,0.0886498389923882
0.9294224098929271,1.0,0.0885454376085248
0.9295732167093953,1.0,0.0883207254797614
0.9297240235258634,1.0,0.088195133360644
0.9298748303423314,1.0,0.0881742745209896
0.9300256371587996,1.0,0.0881369295214973
0.9301764439752677,1.0,0.087932165303604
0.9303272507917358,1.0,0.0878810429231783
0.9304780576082039,1.0,0.0878786897044674
0.930628864424672,1.0,0.0877250007585556
0.9307796712411401,1.0,0.0874984500959278
0.9309304780576082,1.0,0.0872760828324307
0.9310812848740763,1.0,0.0872530505785039
0.9312320916905444,1.0,0.0870291967250073
0.9313828985070125,1.0,0.0869525458289302
0.9315337053234807,1.0,0.0869277785178496
0.9316845121399487,1.0,0.0869223759104121
0.9318353189564168,1.0,0.0868621884467374
0.931986125772885,1.0,0.0868535153702306
0.932136932589353,1.0,0.0866691650669299
0.9322877394058211,1.0,0.0866660900924351
0.9324385462222893,1.0,0.0866265802214848
0.9325893530387573,1.0,0.0864991231731697
0.9327401598552254,1.0,0.086366267437686
0.9328909666716936,1.0,0.0863591624198381
0.9330417734881616,1.0,0.0863475188193023
0.9331925803046298,1.0,0.086249604278605
0.9333433871210979,1.0,0.0862297887151979
0.9334941939375659,1.0,0.0861098590502589
0.9336450007540341,1.0,0.0859818988493541
0.9337958075705022,1.0,0.0859398302777618
0.9339466143869702,1.0,0.0859154512377354
0.9340974212034384,1.0,0.0857613118771522
0.9342482280199065,1.0,0.0855435207055923
0.9343990348363747,1.0,0.0853185360964248
0.9345498416528427,1.0,0.0852611472955921
0.9347006484693108,1.0,0.0852120405472595
0.934851455285779,1.0,0.0849671116131862
0.935002262102247,1.0,0.0849265923550102
0.9351530689187151,1.0,0.0846880455833656
0.9353038757351833,1.0,0.0846377382201419
0.9354546825516513,1.0,0.0845347329183199
0.9356054893681195,1.0,0.0845269183696861
0.9357562961845876,1.0,0.0844258269206552
0.9359071030010556,1.0,0.0842959544371676
0.9360579098175238,1.0,0.0842946496428375
0.9362087166339919,1.0,0.0841208628472182
0.9363595234504599,1.0,0.0840950833856669
0.9365103302669281,1.0,0.0840937844072636
0.9366611370833962,1.0,0.0839564397185922
0.9368119438998642,1.0,0.0836505854369897
0.9369627507163324,1.0,0.0836493574771607
0.9371135575328005,1.0,0.0834708427590084
0.9372643643492686,1.0,0.0831886869931826
0.9374151711657367,1.0,0.0830560421004328
0.9375659779822048,1.0,0.083011263165944
0.9377167847986729,1.0,0.0829917196562889
0.937867591615141,1.0,0.0828218867982186
0.9380183984316091,1.0,0.0827989941422143
0.9381692052480772,1.0,0.0826438504182913
0.9383200120645453,1.0,0.0822969910568304
0.9384708188810135,1.0,0.0822629533849303
0.9386216256974815,1.0,0.0822526001529858
0.9387724325139496,1.0,0.0818569204432646
0.9389232393304178,1.0,0.0817448175403042
0.9390740461468858,1.0,0.0817226381081391
0.9392248529633539,1.0,0.0817169747827629
0.9393756597798221,1.0,0.0816474589516338
0.9395264665962901,1.0,0.0814189345250332
0.9396772734127583,1.0,0.0812311420996825
0.9398280802292264,1.0,0.0811509972941007
0.9399788870456944,1.0,0.0810990875828321
0.9401296938621626,1.0,0.081080636895395
0.9402805006786307,1.0,0.0810161469343966
0.9404313074950987,1.0,0.0809731940581701
0.9405821143115669,1.0,0.0809602980857862
0.940732921128035,1.0,0.0808085934993466
0.9408837279445031,1.0,0.0804619233954572
0.9410345347609712,1.0,0.0802089142534342
0.9411853415774393,1.0,0.0801850397673892
0.9413361483939074,1.0,0.0801206554744204
0.9414869552103755,1.0,0.0799989032964055
0.9416377620268436,1.0,0.0799354039309855
0.9417885688433117,1.0,0.079888906192154
0.9419393756597798,1.0,0.0797835519562393
0.9420901824762479,1.0,0.0796705979795194
0.942240989292716,1.0,0.0795969458724366
0.9423917961091841,1.0,0.0795709991029968
0.9425426029256523,1.0,0.0795578457424913
0.9426934097421203,1.0,0.0795149760119692
0.9428442165585884,1.0,0.0794752333275203
0.9429950233750566,1.0,0.0794021617673379
0.9431458301915246,1.0,0.0793929161117009
0.9432966370079927,1.0,0.0792119067009371
0.9434474438244609,1.0,0.0791069109239261
0.943598250640929,1.0,0.0788152231019499
0.9437490574573971,1.0,0.0785978853778908
0.9438998642738652,1.0,0.0785361307159296
0.9440506710903332,1.0,0.0784675975942984
0.9442014779068014,1.0,0.078449429676094
0.9443522847232695,1.0,0.0783197515544181
0.9445030915397375,1.0,0.0782657782648161
0.9446538983562057,1.0,0.0782039400870579
0.9448047051726738,1.0,0.0779201403270176
0.944955511989142,1.0,0.0776826105664263
0.94510631880561,1.0,0.0776238461882582
0.9452571256220781,1.0,0.0776167521331326
0.9454079324385463,1.0,0.0775694205596367
0.9455587392550143,1.0,0.0774373146428115
0.9457095460714824,1.0,0.0773299923656418
0.9458603528879506,1.0,0.0772947930557911
0.9460111597044186,1.0,0.077272672131711
0.9461619665208868,1.0,0.0772381926508497
0.9463127733373549,1.0,0.0772265086513042
0.9464635801538229,1.0,0.0771632763106198
0.9466143869702911,1.0,0.0770317587619226
0.9467651937867592,1.0,0.0769976701567518
0.9469160006032272,1.0,0.0769700974538483
0.9470668074196954,1.0,0.076841929143165
0.9472176142361635,1.0,0.0768415157244391
0.9473684210526315,1.0,0.0767974439008801
0.9475192278690997,1.0,0.0767727727839061
0.9476700346855678,1.0,0.0767645013638828
0.9478208415020359,1.0,0.0765863362319078
0.947971648318504,1.0,0.0765353280785621
0.9481224551349721,1.0,0.076358493410668
0.9482732619514402,1.0,0.0762147519174921
0.9484240687679083,1.0,0.0761814442283035
0.9485748755843764,1.0,0.075946049471429
0.9487256824008445,1.0,0.0758207534541276
0.9488764892173126,1.0,0.0752685153169999
0.9490272960337808,1.0,0.0747473557472956
0.9491781028502488,1.0,0.0745776253223795
0.9493289096667169,1.0,0.0745512878011385
0.9494797164831851,1.0,0.0744732086607358
0.9496305232996531,1.0,0.0743205310078229
0.9497813301161212,1.0,0.0742419288255104
0.9499321369325894,1.0,0.0742143127836928
0.9500829437490574,1.0,0.0739037526668027
0.9502337505655256,1.0,0.0738967323674304
0.9503845573819937,1.0,0.0735037950350356
0.9505353641984617,1.0,0.0733765118913829
0.9506861710149299,1.0,0.0730983160264771
0.950836977831398,1.0,0.07293593432673
0.950987784647866,1.0,0.0727344777326497
0.9511385914643342,1.0,0.0726400376987762
0.9512893982808023,1.0,0.0726336951459665
0.9514402050972703,1.0,0.0724239770957588
0.9515910119137385,1.0,0.0721491833621136
0.9517418187302066,1.0,0.0720606719376354
0.9518926255466748,1.0,0.0720368500548967
0.9520434323631428,1.0,0.0720234905911051
0.9521942391796109,1.0,0.0717638186943868
0.952345045996079,1.0,0.0713079764186066
0.9524958528125471,1.0,0.0708268573032083
0.9526466596290152,1.0,0.070655791551929
0.9527974664454834,1.0,0.070490763516976
0.9529482732619514,1.0,0.0703611008786932
0.9530990800784196,1.0,0.0703324644368197
0.9532498868948877,1.0,0.0702775024745419
0.9534006937113557,1.0,0.0700987904691317
0.9535515005278239,1.0,0.0700907495116276
0.953702307344292,1.0,0.0699867205679124
0.95385311416076,1.0,0.0695953529051351
0.9540039209772282,1.0,0.0695460206873762
0.9541547277936963,1.0,0.0694092817234935
0.9543055346101644,1.0,0.0693952735834837
0.9544563414266325,1.0,0.0693454974231485
0.9546071482431006,1.0,0.069047657354101
0.9547579550595687,1.0,0.0689425228669598
0.9549087618760368,1.0,0.0689345050105443
0.9550595686925049,1.0,0.0686328886509237
0.955210375508973,1.0,0.0683847687633375
0.9553611823254411,1.0,0.0683654011292516
0.9555119891419093,1.0,0.0683372370757243
0.9556627959583773,1.0,0.0682798133668331
0.9558136027748454,1.0,0.0682569168741816
0.9559644095913136,1.0,0.0681226595376199
0.9561152164077816,1.0,0.06805671069189
0.9562660232242497,1.0,0.0679576809236857
0.9564168300407179,1.0,0.0677563118784944
0.9565676368571859,1.0,0.0677149138307201
0.956718443673654,1.0,0.0676664066538431
0.9568692504901222,1.0,0.0676484450092991
0.9570200573065902,1.0,0.067431620751387
0.9571708641230584,1.0,0.0674146611483385
0.9573216709395265,1.0,0.0670340667514907
0.9574724777559945,1.0,0.066774492149301
0.9576232845724627,1.0,0.0667230742225801
0.9577740913889308,1.0,0.0665504235127355
0.9579248982053988,1.0,0.0665255161228372
0.958075705021867,1.0,0.0663985324612959
0.9582265118383351,1.0,0.0661852196864215
0.9583773186548032,1.0,0.066002841451032
0.9585281254712713,1.0,0.0659906643726671
0.9586789322877394,1.0,0.0658923838013068
0.9588297391042075,1.0,0.0657697923984563
0.9589805459206756,1.0,0.0655418328947844
0.9591313527371437,1.0,0.065510503127885
0.9592821595536118,1.0,0.0652930533042997
0.9594329663700799,1.0,0.065180708207166
0.9595837731865481,1.0,0.065071015467758
0.9597345800030161,1.0,0.0647497176580696
0.9598853868194842,1.0,0.0644226258073488
0.9600361936359524,1.0,0.064384636938653
0.9601870004524204,1.0,0.0643425942927069
0.9603378072688885,1.0,0.0643182367807789
0.9604886140853567,1.0,0.0641394418238253
0.9606394209018247,1.0,0.0641067843322736
0.9607902277182929,1.0,0.0639932394346925
0.960941034534761,1.0,0.0639746658968335
0.961091841351229,1.0,0.0639717118384424
0.9612426481676972,1.0,0.0639191728881574
0.9613934549841653,1.0,0.063775172592022
0.9615442618006333,1.0,0.0637593721286828
0.9616950686171015,1.0,0.0637583660898959
0.9618458754335696,1.0,0.0637460826799952
0.9619966822500376,1.0,0.0635881752471626
0.9621474890665058,1.0,0.063555994197832
0.9622982958829739,1.0,0.0634835035188034
0.9624491026994421,1.0,0.0631960356246491
0.9625999095159101,1.0,0.0631639522283716
0.9627507163323782,1.0,0.0631362208089307
0.9629015231488464,1.0,0.0631259414120664
0.9630523299653144,1.0,0.0629547521528584
0.9632031367817825,1.0,0.0628527009258111
0.9633539435982507,1.0,0.0627862897841504
0.9635047504147187,1.0,0.0627305046326523
0.9636555572311869,1.0,0.0626121264590054
0.963806364047655,1.0,0.0625745176719656
0.963957170864123,1.0,0.062492369278739
0.9641079776805912,1.0,0.0624885737451001
0.9642587844970593,1.0,0.0624721903915865
0.9644095913135273,1.0,0.0624378168538502
0.9645603981299955,1.0,0.062023750382578
0.9647112049464636,1.0,0.0619754041479525
0.9648620117629317,1.0,0.0619121586823105
0.9650128185793998,1.0,0.0616795358350337
0.9651636253958679,1.0,0.0615622872766719
0.965314432212336,1.0,0.0614484838567246
0.9654652390288041,1.0,0.0614188853978475
0.9656160458452722,1.0,0.0611962219375753
0.9657668526617403,1.0,0.0611508081529563
0.9659176594782084,1.0,0.0608782500642621
0.9660684662946765,1.0,0.0608757040066279
0.9662192731111446,1.0,0.0607873025932521
0.9663700799276127,1.0,0.0606588979035457
0.9665208867440809,1.0,0.0606574853232241
0.9666716935605489,1.0,0.0606434297151249
0.966822500377017,1.0,0.0605673368076679
0.9669733071934852,1.0,0.060150811853771
0.9671241140099532,1.0,0.0598457081800522
0.9672749208264213,1.0,0.0596006993158908
0.9674257276428895,1.0,0.0594189466330606
0.9675765344593575,1.0,0.0588768682808914
0.9677273412758257,1.0,0.0588502093326589
0.9678781480922938,1.0,0.0587578172640833
0.9680289549087618,1.0,0.0586381436849055
0.96817976172523,1.0,0.0585418932213029
0.9683305685416981,1.0,0.0584612597447243
0.9684813753581661,1.0,0.0584114244412384
0.9686321821746343,1.0,0.0580313197778369
0.9687829889911024,1.0,0.0580070524069607
0.9689337958075706,1.0,0.057869765531706
0.9690846026240386,1.0,0.0577427308943957
0.9692354094405067,1.0,0.0576781347747844
0.9693862162569749,1.0,0.0575431676242857
0.9695370230734429,1.0,0.0573960916380183
0.969687829889911,1.0,0.0572895423913683
0.9698386367063792,1.0,0.0572580817740159
0.9699894435228472,1.0,0.0572318801494755
0.9701402503393154,1.0,0.0571808373301883
0.9702910571557835,1.0,0.0570328879559824
0.9704418639722515,1.0,0.0568103300645677
0.9705926707887197,1.0,0.0567957906960474
0.9707434776051878,1.0,0.0560521494842795
0.9708942844216558,1.0,0.0559020849304267
0.971045091238124,1.0,0.0557898763557383
0.971195898054592,1.0,0.0557040906722779
0.9713467048710601,1.0,0.055580996933065
0.9714975116875283,1.0,0.055494509750983
0.9716483185039964,1.0,0.0554101494439827
0.9717991253204645,1.0,0.0552171675711566
0.9719499321369326,1.0,0.0551159671374933
0.9721007389534007,1.0,0.0548744737374881
0.9722515457698688,1.0,0.0547527735697764
0.9724023525863369,1.0,0.0544689852131693
0.972553159402805,1.0,0.0543833433792673
0.9727039662192731,1.0,0.0543528355151715
0.9728547730357412,1.0,0.0542122636508426
0.9730055798522094,1.0,0.0540570098902067
0.9731563866686774,1.0,0.053908551965147
0.9733071934851455,1.0,0.0538169510772205
0.9734580003016137,1.0,0.0535061703147254
0.9736088071180817,1.0,0.0533859386139745
0.9737596139345498,1.0,0.0533187867785563
0.973910420751018,1.0,0.0532718764742046
0.974061227567486,1.0,0.0528752120634675
0.9742120343839542,1.0,0.0527856155921986
0.9743628412004223,1.0,0.0527591005958368
0.9745136480168903,1.0,0.0526870625968049
0.9746644548333585,1.0,0.052629420944608
0.9748152616498266,1.0,0.0526209688400228
0.9749660684662946,1.0,0.0526146135727223
0.9751168752827628,1.0,0.0526004027520393
0.9752676820992309,1.0,0.0523935648063369
0.975418488915699,1.0,0.0523607252902449
0.9755692957321671,1.0,0.0522611352983761
0.9757201025486352,1.0,0.0521676929710189
0.9758709093651033,1.0,0.0521625800037376
0.9760217161815714,1.0,0.0520415840293418
0.9761725229980395,1.0,0.0516691598995264
0.9763233298145076,1.0,0.0513615377055506
0.9764741366309757,1.0,0.0513150321745546
0.9766249434474438,1.0,0.051110781028834
0.976775750263912,1.0,0.051020063238238
0.97692655708038,1.0,0.050785742368423
0.9770773638968482,1.0,0.0506833140319129
0.9772281707133162,1.0,0.0506691768385587
0.9773789775297843,1.0,0.0506685319570833
0.9775297843462525,1.0,0.050644698090168
0.9776805911627205,1.0,0.0504150323091212
0.9778313979791886,1.0,0.0501554820033215
0.9779822047956568,1.0,0.0500758090098633
0.9781330116121248,1.0,0.0497906181812034
0.978283818428593,1.0,0.0497711653693496
0.9784346252450611,1.0,0.0493804765479408
0.9785854320615291,1.0,0.0490515142367906
0.9787362388779973,1.0,0.0489967278518617
0.9788870456944654,1.0,0.0489296400864964
0.9790378525109334,1.0,0.0489211936654152
0.9791886593274016,1.0,0.0489009854343815
0.9793394661438697,1.0,0.0488661060917002
0.9794902729603379,1.0,0.0487005756072295
0.9796410797768059,1.0,0.0486152536236135
0.979791886593274,1.0,0.0484970301053159
0.9799426934097422,1.0,0.0482707218282653
0.9800935002262102,1.0,0.0479144489475203
0.9802443070426783,1.0,0.0472875133911553
0.9803951138591465,1.0,0.0472518843126762
0.9805459206756145,1.0,0.0468367050099417
0.9806967274920826,1.0,0.0466719779739188
0.9808475343085508,1.0,0.0466591767036407
0.9809983411250188,1.0,0.0466582534518062
0.981149147941487,1.0,0.0466051982440833
0.9812999547579551,1.0,0.0463656618997883
0.9814507615744231,1.0,0.0460851567353496
0.9816015683908913,1.0,0.045997279866864
0.9817523752073594,1.0,0.0458541405275708
0.9819031820238274,1.0,0.0451084587102008
0.9820539888402956,1.0,0.0449126191356152
0.9822047956567637,1.0,0.0445866832993832
0.9823556024732318,1.0,0.0444214254994922
0.9825064092896999,1.0,0.0443575767352237
0.982657216106168,1.0,0.0441367794448258
0.9828080229226361,1.0,0.0440320929826855
0.9829588297391042,1.0,0.0436896268284586
0.9831096365555723,1.0,0.0436520298224378
0.9832604433720404,1.0,0.043320091017781
0.9834112501885085,1.0,0.042945909647582
0.9835620570049767,1.0,0.0422127010292096
0.9837128638214447,1.0,0.0418154819971067
0.9838636706379128,1.0,0.0413983975591834
0.984014477454381,1.0,0.0411199360521942
0.984165284270849,1.0,0.0410709625682378
0.9843160910873171,1.0,0.0410042766989135
0.9844668979037853,1.0,0.0409719049800169
0.9846177047202533,1.0,0.0406506496639283
0.9847685115367215,1.0,0.0402796440366482
0.9849193183531896,1.0,0.0402399978844629
0.9850701251696576,1.0,0.0401780407133888
0.9852209319861258,1.0,0.0399109774849841
0.9853717388025939,1.0,0.0398420874352569
0.9855225456190619,1.0,0.0398109351959035
0.9856733524355301,1.0,0.0396698041442641
0.9858241592519982,1.0,0.0393355156789567
0.9859749660684662,1.0,0.0391436657640455
0.9861257728849344,1.0,0.039048961444669
0.9862765797014025,1.0,0.0389636835819993
0.9864273865178707,1.0,0.0386178457290207
0.9865781933343387,1.0,0.0386156598013773
0.9867290001508068,1.0,0.0384772044842396
0.986879806967275,1.0,0.038420535898326
0.987030613783743,1.0,0.0381149189759853
0.9871814206002111,1.0,0.0381049594866969
0.9873322274166793,1.0,0.0379040350056504
0.9874830342331473,1.0,0.0378776827208303
0.9876338410496155,1.0,0.0375339779595402
0.9877846478660836,1.0,0.0375117687440441
0.9879354546825516,1.0,0.0373439670466534
0.9880862614990198,1.0,0.0371368795145181
0.9882370683154879,1.0,0.0367735791822507
0.9883878751319559,1.0,0.0365841383643509
0.9885386819484241,1.0,0.036489758338932
0.9886894887648922,1.0,0.036342193531546
0.9888402955813603,1.0,0.0361162316547564
0.9889911023978284,1.0,0.036072331969601
0.9891419092142965,1.0,0.035720436740171
0.9892927160307646,1.0,0.0352013085353929
0.9894435228472327,1.0,0.0346152290742262
0.9895943296637008,1.0,0.0342080206464619
0.9897451364801689,1.0,0.0341524020799414
0.989895943296637,1.0,0.0339129364203334
0.9900467501131052,1.0,0.0336906166129299
0.9901975569295732,1.0,0.0336654730840696
0.9903483637460413,1.0,0.0322895782854684
0.9904991705625095,1.0,0.0320128826734492
0.9906499773789775,1.0,0.0318699876443352
0.9908007841954456,1.0,0.0311610784434407
0.9909515910119138,1.0,0.0307449402700928
0.9911023978283818,1.0,0.0304915786593844
0.9912532046448499,1.0,0.0302890869371254
0.9914040114613181,1.0,0.0294524556754066
0.9915548182777861,1.0,0.0289626935653987
0.9917056250942543,1.0,0.0286973035031499
0.9918564319107224,1.0,0.0281324976898847
0.9920072387271904,1.0,0.0276664918441394
0.9921580455436586,1.0,0.0272491008016757
0.9923088523601267,1.0,0.0272058565003764
0.9924596591765947,1.0,0.0271944759645905
0.9926104659930629,1.0,0.0267831887732369
0.992761272809531,1.0,0.0261536869214039
0.9929120796259991,1.0,0.0258474712157271
0.9930628864424672,1.0,0.0255492174118914
0.9932136932589353,1.0,0.0248322825803922
0.9933645000754034,1.0,0.0242783958815425
0.9935153068918715,1.0,0.0240762539002546
0.9936661137083396,1.0,0.0239389703339753
0.9938169205248077,1.0,0.0236277464548563
0.9939677273412758,1.0,0.0235786727177271
0.994118534157744,1.0,0.0235765079831948
0.994269340974212,1.0,0.0230907731014646
0.9944201477906801,1.0,0.0226132152714347
0.9945709546071483,1.0,0.0226092019482087
0.9947217614236163,1.0,0.0218634965102497
0.9948725682400844,1.0,0.0216383016704955
0.9950233750565526,1.0,0.0212144642892639
0.9951741818730206,1.0,0.0201088452526826
0.9953249886894887,1.0,0.020097024707304
0.9954757955059569,1.0,0.0197166055826949
0.995626602322425,1.0,0.0196997119182492
0.9957774091388931,1.0,0.019272311971381
0.9959282159553612,1.0,0.0189704998400798
0.9960790227718292,1.0,0.0188006460684848
0.9962298295882974,1.0,0.0186333235578489
0.9963806364047655,1.0,0.018524231316315
0.9965314432212335,1.0,0.0182734096389954
0.9966822500377017,1.0,0.0182557864747402
0.9968330568541698,1.0,0.0178695812208311
0.996983863670638,1.0,0.0166637972901786
0.997134670487106,1.0,0.0164934142884084
0.9972854773035741,1.0,0.0151756816409308
0.9974362841200423,1.0,0.0151752952363635
0.9975870909365103,1.0,0.0145668402937068
0.9977378977529784,1.0,0.0135508636184021
0.9978887045694466,1.0,0.0127560934787124
0.9980395113859146,1.0,0.0117245476910041
0.9981903182023828,1.0,0.0107325456242794
0.9983411250188509,1.0,0.0103972901097315
0.9984919318353189,1.0,0.0097178592204997
0.9986427386517871,1.0,0.0084392926170921
0.9987935454682552,1.0,0.0080541515613489
0.9989443522847232,1.0,0.0077194691335849
0.9990951591011914,1.0,0.0073424452350899
0.9992459659176595,1.0,0.0073276200983629
0.9993967727341276,1.0,0.0060949813520241
0.9995475795505957,1.0,0.0054632717090133
0.9996983863670638,1.0,0.0042848699466479
0.9998491931835319,1.0,0.0042415413954625
1.0,1.0,0.0029988870971809
1.0,1.0,0.0
